ISO-10303-21;
HEADER;
FILE_DESCRIPTION (( 'STEP AP203' ),
    '1' );
FILE_NAME ('93355A510_Low-Strength Steel Coupling Nut.STEP',
    '2021-12-15T21:38:30',
    ( 'Administrator' ),
    ( 'Managed by Terraform' ),
    'SwSTEP 2.0',
    'SolidWorks 2017',
    '' );
FILE_SCHEMA (( 'CONFIG_CONTROL_DESIGN' ));
ENDSEC;

DATA;
#1 = CARTESIAN_POINT ( 'NONE',  ( -1.124999999999991800, 1.948557158514973200, -3.000000000000002700 ) ) ;
#2 = CONICAL_SURFACE ( 'NONE', #785, 1.043301270189199000, 0.7853981633974500600 ) ;
#3 = CARTESIAN_POINT ( 'NONE',  ( 1.043301270189199000, 1.277675561083570400E-016, -3.000000000000002700 ) ) ;
#4 = CARTESIAN_POINT ( 'NONE',  ( -0.6410254037844124200, 0.3700961894323192000, -1.933333333333334700 ) ) ;
#5 = ORIENTED_EDGE ( 'NONE', *, *, #462, .F. ) ;
#6 = CARTESIAN_POINT ( 'NONE',  ( 0.5898502691896216900, -1.021650635094604600, 1.245833333333322700 ) ) ;
#7 = ORIENTED_EDGE ( 'NONE', *, *, #3044, .F. ) ;
#8 = CARTESIAN_POINT ( 'NONE',  ( 0.4273502691896087200, 0.7401923788646379600, 2.816666666666659800 ) ) ;
#9 = CARTESIAN_POINT ( 'NONE',  ( -0.8547005383792165600, 5.233531392778135700E-017, -1.500000000000001100 ) ) ;
#10 = DIRECTION ( 'NONE',  ( -0.0000000000000000000, -0.0000000000000000000, 1.000000000000000000 ) ) ;
#11 = CARTESIAN_POINT ( 'NONE',  ( -1.224646799147352500E-016, -0.9999999999999991100, -0.4000000000000059100 ) ) ;
#12 = CARTESIAN_POINT ( 'NONE',  ( -0.6410254037844124200, 0.3700961894323192000, 2.916666666666660300 ) ) ;
#13 = CARTESIAN_POINT ( 'NONE',  ( -0.4273502691896082200, 0.7401923788646381800, 0.8833333333333262000 ) ) ;
#14 = EDGE_CURVE ( 'NONE', #2771, #2385, #3804, .T. ) ;
#15 = ORIENTED_EDGE ( 'NONE', *, *, #1367, .T. ) ;
#16 = CARTESIAN_POINT ( 'NONE',  ( 0.0000000000000000000, 1.021650635094604400, 1.437500000000010000 ) ) ;
#17 = CARTESIAN_POINT ( 'NONE',  ( 0.0000000000000000000, 0.9999999999999991100, -1.000000000000006200 ) ) ;
#18 = CARTESIAN_POINT ( 'NONE',  ( 0.9999999999999988900, -0.2679491924311228100, 0.4821367205045857800 ) ) ;
#19 = CARTESIAN_POINT ( 'NONE',  ( 0.4273502691896080000, -0.7401923788646384000, -2.566666666666667800 ) ) ;
#20 = AXIS2_PLACEMENT_3D ( 'NONE', #2407, #1480, #3597 ) ;
#21 = CARTESIAN_POINT ( 'NONE',  ( 1.881931238497226200, -1.511542704210602400, 2.921727692845868400 ) ) ;
#22 =( BOUNDED_CURVE ( )  B_SPLINE_CURVE ( 2, ( #2137, #1555, #60, #1545, #709, #3652, #365, #988, #376 ),
 .UNSPECIFIED., .F., .F. ) 
 B_SPLINE_CURVE_WITH_KNOTS ( ( 3, 2, 2, 2, 3 ),
 ( 0.4531250000000000000, 0.4583333333333333100, 0.4687500000000000000, 0.4791666666666666900, 0.4843750000000000000 ),
 .UNSPECIFIED. ) 
 CURVE ( )  GEOMETRIC_REPRESENTATION_ITEM ( )  RATIONAL_B_SPLINE_CURVE ( ( 0.9330127018922194100, 0.9330127018922194100, 1.000000000000000000, 0.8660254037844387100, 1.000000000000000000, 0.8660254037844387100, 1.000000000000000000, 0.9330127018922194100, 0.9330127018922194100 ) ) 
 REPRESENTATION_ITEM ( '' )  );
#23 = CARTESIAN_POINT ( 'NONE',  ( -0.9999999999999991100, 0.2679491924311225800, 1.882136720504585600 ) ) ;
#24 = CARTESIAN_POINT ( 'NONE',  ( 0.7301590254932204300, -0.2321880962429270200, 2.696891108675443200 ) ) ;
#25 = CARTESIAN_POINT ( 'NONE',  ( -0.6410254037844124200, 0.3700961894323192000, 1.316666666666659500 ) ) ;
#26 = CARTESIAN_POINT ( 'NONE',  ( 0.6410254037844123100, -0.3700961894323194200, 1.516666666666660200 ) ) ;
#27 = CARTESIAN_POINT ( 'NONE',  ( -0.8847754037844328700, 0.5108253175473023200, 0.7041666666666767100 ) ) ;
#28 = CARTESIAN_POINT ( 'NONE',  ( -0.9999999999999991100, 0.2679491924311225800, -2.117863279495414200 ) ) ;
#29 = CARTESIAN_POINT ( 'NONE',  ( 0.6410254037844123100, -0.3700961894323194200, -2.933333333333334500 ) ) ;
#30 = CARTESIAN_POINT ( 'NONE',  ( -1.224646799147352500E-016, -0.9999999999999991100, -2.349999999999995600 ) ) ;
#31 = EDGE_CURVE ( 'NONE', #591, #3179, #517, .T. ) ;
#32 = ORIENTED_EDGE ( 'NONE', *, *, #2371, .T. ) ;
#33 = CARTESIAN_POINT ( 'NONE',  ( 0.9999999999999991100, -4.357666448243395000E-016, -2.649999999999995500 ) ) ;
#34 = DIRECTION ( 'NONE',  ( -0.0000000000000000000, -0.0000000000000000000, 1.000000000000000000 ) ) ;
#35 = CARTESIAN_POINT ( 'NONE',  ( -9.064742275298441300E-017, -0.7401923788646381800, -3.000000000000001300 ) ) ;
#36 = CARTESIAN_POINT ( 'NONE',  ( -0.6410254037844125300, -0.3700961894323189200, 2.583333333333326400 ) ) ;
#37 = CARTESIAN_POINT ( 'NONE',  ( -1.251161180115467700E-016, -1.021650635094604400, 0.8375000000000101300 ) ) ;
#38 = ORIENTED_EDGE ( 'NONE', *, *, #249, .T. ) ;
#39 = EDGE_CURVE ( 'NONE', #3702, #3179, #682, .T. ) ;
#40 = CARTESIAN_POINT ( 'NONE',  ( -0.8660254037844378200, 0.4999999999999996700, -2.133333333333339500 ) ) ;
#41 = VERTEX_POINT ( 'NONE', #1239 ) ;
#42 = CARTESIAN_POINT ( 'NONE',  ( 2.249999999999994200, -0.4380965593092689400, 2.981072655435227600 ) ) ;
#43 =( BOUNDED_CURVE ( )  B_SPLINE_CURVE ( 2, ( #1206, #320, #2665, #277, #307, #2052, #3305 ),
 .UNSPECIFIED., .F., .F. ) 
 B_SPLINE_CURVE_WITH_KNOTS ( ( 3, 2, 2, 3 ),
 ( 0.06134324305429371400, 0.06250000000000000000, 0.07291666666666667100, 0.07812500000000000000 ),
 .UNSPECIFIED. ) 
 CURVE ( )  GEOMETRIC_REPRESENTATION_ITEM ( )  RATIONAL_B_SPLINE_CURVE ( ( 0.9735488969785057700, 0.9851222997068276300, 1.000000000000000000, 0.8660254037844387100, 1.000000000000000000, 0.9330127018922194100, 0.9330127018922194100 ) ) 
 REPRESENTATION_ITEM ( '' )  );
#44 = CYLINDRICAL_SURFACE ( 'NONE', #884, 0.9999999999999991100 ) ;
#45 = VECTOR ( 'NONE', #1647, 1000.000000000000000 ) ;
#46 = CARTESIAN_POINT ( 'NONE',  ( 1.508335473232670400, -1.727238319854197400, 2.999999999999992900 ) ) ;
#47 = CARTESIAN_POINT ( 'NONE',  ( 0.9999999999999991100, -4.357666448243395000E-016, 0.4999999999999938400 ) ) ;
#48 = CARTESIAN_POINT ( 'NONE',  ( 0.6410254037844123100, -0.3700961894323194200, -1.333333333333334800 ) ) ;
#49 = CYLINDRICAL_SURFACE ( 'NONE', #2023, 0.9999999999999991100 ) ;
#50 = CARTESIAN_POINT ( 'NONE',  ( -0.6410254037844125300, -0.3700961894323189200, 1.783333333333326800 ) ) ;
#51 = FACE_OUTER_BOUND ( 'NONE', #1162, .T. ) ;
#52 = CARTESIAN_POINT ( 'NONE',  ( 0.0000000000000000000, 1.021650635094604400, 1.837500000000010100 ) ) ;
#53 = CARTESIAN_POINT ( 'NONE',  ( -0.1353963129548658200, 0.9637808915731577200, -2.921982569108081400 ) ) ;
#54 = EDGE_LOOP ( 'NONE', ( #639, #2563, #3463, #3741, #1210, #3872, #2308, #1834 ) ) ;
#55 = CARTESIAN_POINT ( 'NONE',  ( -0.7399245111069131500, -0.02300609841603694000, -2.696891108675441900 ) ) ;
#56 = CARTESIAN_POINT ( 'NONE',  ( -9.064742275298441300E-017, -0.7401923788646381800, -0.6000000000000010900 ) ) ;
#57 = ORIENTED_EDGE ( 'NONE', *, *, #456, .T. ) ;
#58 = CARTESIAN_POINT ( 'NONE',  ( 0.5773502691896250600, -0.9999999999999993300, -1.516666666666662200 ) ) ;
#59 = CARTESIAN_POINT ( 'NONE',  ( 0.0000000000000000000, 0.9999999999999991100, 1.799999999999994300 ) ) ;
#60 = CARTESIAN_POINT ( 'NONE',  ( -0.8660254037844379300, -0.4999999999999993300, -0.4166666666666624100 ) ) ;
#61 = CARTESIAN_POINT ( 'NONE',  ( 0.4273502691896087200, 0.7401923788646379600, -2.833333333333335300 ) ) ;
#62 = CARTESIAN_POINT ( 'NONE',  ( -0.6410254037844124200, 0.3700961894323192000, 2.116666666666660000 ) ) ;
#63 = EDGE_CURVE ( 'NONE', #2242, #2725, #814, .T. ) ;
#64 = CARTESIAN_POINT ( 'NONE',  ( 1.179700538379243800, -2.167074732417825400E-016, 0.9375000000000094400 ) ) ;
#65 = CARTESIAN_POINT ( 'NONE',  ( -0.9999999999999991100, 1.452555482747798400E-016, -0.5000000000000061100 ) ) ;
#66 = CARTESIAN_POINT ( 'NONE',  ( 0.0000000000000000000, 0.0000000000000000000, 3.000000000000002700 ) ) ;
#67 = CARTESIAN_POINT ( 'NONE',  ( -0.6410254037844124200, 0.3700961894323192000, 0.06666666666666540300 ) ) ;
#68 = AXIS2_PLACEMENT_3D ( 'NONE', #793, #2341, #2035 ) ;
#69 = COORDINATED_UNIVERSAL_TIME_OFFSET ( 6, 0, .BEHIND. ) ;
#70 = CARTESIAN_POINT ( 'NONE',  ( 2.066424524318469100, 1.405025455977984000, -2.860229930904673700 ) ) ;
#71 = CARTESIAN_POINT ( 'NONE',  ( 0.0000000000000000000, 0.7401923788646381800, -1.600000000000001400 ) ) ;
#72 = CARTESIAN_POINT ( 'NONE',  ( -0.6410254037844124200, 0.3700961894323192000, -1.533333333333334800 ) ) ;
#73 = CARTESIAN_POINT ( 'NONE',  ( 1.179700538379243800, -2.167074732417825400E-016, 2.112499999999989200 ) ) ;
#74 = CARTESIAN_POINT ( 'NONE',  ( 2.762968978863520600E-016, 2.598076211353297400, 3.000000000000002700 ) ) ;
#75 = CARTESIAN_POINT ( 'NONE',  ( -0.4273502691896085600, -0.7401923788646379600, 0.1666666666666652400 ) ) ;
#76 = ORIENTED_EDGE ( 'NONE', *, *, #1171, .F. ) ;
#77 = ADVANCED_BREP_SHAPE_REPRESENTATION ( '93355A510_Low-Strength Steel Coupling Nut', ( #91, #2829 ), #3290 ) ;
#78 = CARTESIAN_POINT ( 'NONE',  ( -0.8660254037844378200, 0.4999999999999996700, -0.4833333333333290600 ) ) ;
#79 = EDGE_CURVE ( 'NONE', #352, #3216, #925, .T. ) ;
#80 = CARTESIAN_POINT ( 'NONE',  ( 2.762968978863520600E-016, 2.598076211353297400, -2.799038105676674000 ) ) ;
#81 = ORIENTED_EDGE ( 'NONE', *, *, #880, .F. ) ;
#82 = CARTESIAN_POINT ( 'NONE',  ( 0.6410254037844127500, 0.3700961894323185300, -1.666666666666668100 ) ) ;
#83 = CARTESIAN_POINT ( 'NONE',  ( 0.8547005383792165600, -1.570059417833440500E-016, -2.100000000000001000 ) ) ;
#84 = CARTESIAN_POINT ( 'NONE',  ( -0.8660254037844379300, -0.4999999999999993300, -1.216666666666662300 ) ) ;
#85 = CARTESIAN_POINT ( 'NONE',  ( 0.9999999999999988900, -0.2679491924311228100, -2.317863279495413900 ) ) ;
#86 = CARTESIAN_POINT ( 'NONE',  ( -0.4273502691896082200, 0.7401923788646381800, -2.716666666666673900 ) ) ;
#87 = CARTESIAN_POINT ( 'NONE',  ( 0.8660254037844382600, 0.4999999999999988300, 0.5833333333333380300 ) ) ;
#88 = ORIENTED_EDGE ( 'NONE', *, *, #1808, .T. ) ;
#89 = COORDINATED_UNIVERSAL_TIME_OFFSET ( 6, 0, .BEHIND. ) ;
#90 = DIRECTION ( 'NONE',  ( 0.0000000000000000000, 0.0000000000000000000, -1.000000000000000000 ) ) ;
#91 = MANIFOLD_SOLID_BREP ( 'Mirror2', #128 ) ;
#92 = CARTESIAN_POINT ( 'NONE',  ( 0.0000000000000000000, 0.7401923788646381800, 0.3999999999999988600 ) ) ;
#93 = LINE ( 'NONE', #2590, #2903 ) ;
#94 = CONICAL_SURFACE ( 'NONE', #2494, 1.043301270189199000, 0.7853981633974500600 ) ;
#95 = AXIS2_PLACEMENT_3D ( 'NONE', #905, #3275, #2093 ) ;
#96 = CARTESIAN_POINT ( 'NONE',  ( -1.315951922094024800, -1.838311014891753600, -2.999999999999992000 ) ) ;
#97 = ORIENTED_EDGE ( 'NONE', *, *, #305, .T. ) ;
#98 = CARTESIAN_POINT ( 'NONE',  ( 1.124999999999992000, 1.948557158514972600, 3.000000000000002700 ) ) ;
#99 = CARTESIAN_POINT ( 'NONE',  ( -0.9999999999999991100, 1.452555482747798400E-016, -2.500000000000006200 ) ) ;
#100 = CARTESIAN_POINT ( 'NONE',  ( -0.8547005383792165600, 5.233531392778135700E-017, -0.7000000000000014000 ) ) ;
#101 = CARTESIAN_POINT ( 'NONE',  ( -9.064742275298441300E-017, -0.7401923788646381800, -0.6000000000000010900 ) ) ;
#102 = CARTESIAN_POINT ( 'NONE',  ( -0.5435882173028664400, 0.5023908913772063800, -2.696891108675443200 ) ) ;
#103 = ORIENTED_EDGE ( 'NONE', *, *, #1238, .T. ) ;
#104 = CARTESIAN_POINT ( 'NONE',  ( 2.762968978863520600E-016, 2.598076211353297400, -2.799038105676674000 ) ) ;
#105 = CARTESIAN_POINT ( 'NONE',  ( -0.8847754037844328700, 0.5108253175473023200, 2.679166666666656000 ) ) ;
#106 = CARTESIAN_POINT ( 'NONE',  ( 0.9999999999999991100, -4.357666448243395000E-016, 2.550000000000004700 ) ) ;
#107 = CARTESIAN_POINT ( 'NONE',  ( 0.8660254037844382600, 0.4999999999999988300, -0.2166666666666622600 ) ) ;
#108 = ORIENTED_EDGE ( 'NONE', *, *, #413, .F. ) ;
#109 = CARTESIAN_POINT ( 'NONE',  ( -0.6410254037844125300, -0.3700961894323189200, -1.466666666666667900 ) ) ;
#110 = ADVANCED_FACE ( 'NONE', ( #1035 ), #1826, .F. ) ;
#111 = CARTESIAN_POINT ( 'NONE',  ( 0.3680687615027705100, 2.385571612819380700, -2.921727692845887100 ) ) ;
#112 = DIRECTION ( 'NONE',  ( -1.000000000000000000, 0.0000000000000000000, 0.0000000000000000000 ) ) ;
#113 = CARTESIAN_POINT ( 'NONE',  ( 0.0000000000000000000, 0.7401923788646381800, 0.3999999999999988600 ) ) ;
#114 = CARTESIAN_POINT ( 'NONE',  ( -0.8547005383792165600, 5.233531392778135700E-017, -2.300000000000001200 ) ) ;
#115 = CARTESIAN_POINT ( 'NONE',  ( 0.5773502691896259500, 0.9999999999999988900, -1.783333333333329000 ) ) ;
#116 = EDGE_CURVE ( 'NONE', #2817, #1628, #3097, .T. ) ;
#117 = CARTESIAN_POINT ( 'NONE',  ( -0.9999999999999991100, 1.452555482747798400E-016, -2.500000000000006200 ) ) ;
#118 = CARTESIAN_POINT ( 'NONE',  ( 0.8847754037844333100, 0.5108253175473014300, 3.345833333333323000 ) ) ;
#119 = CARTESIAN_POINT ( 'NONE',  ( -0.8660254037844378200, 0.4999999999999996700, -0.5333333333333393200 ) ) ;
#120 = DIRECTION ( 'NONE',  ( -0.7071067811865487900, 0.0000000000000000000, -0.7071067811865463500 ) ) ;
#121 = B_SPLINE_CURVE_WITH_KNOTS ( 'NONE', 3,
 ( #440, #983, #3122, #1589, #1336, #702 ),
 .UNSPECIFIED., .F., .F.,
 ( 4, 2, 4 ),
 ( 0.01430365832768013200, 0.01494902234832604100, 0.01559438636897195200 ),
 .UNSPECIFIED. ) ;
#122 = CARTESIAN_POINT ( 'NONE',  ( -0.6410254037844125300, -0.3700961894323189200, 0.5333333333333318800 ) ) ;
#123 = CARTESIAN_POINT ( 'NONE',  ( -9.064742275298441300E-017, -0.7401923788646381800, 0.5999999999999985300 ) ) ;
#124 = CARTESIAN_POINT ( 'NONE',  ( 0.8547005383792165600, -1.570059417833440500E-016, -0.5000000000000013300 ) ) ;
#125 = CARTESIAN_POINT ( 'NONE',  ( -0.9999999999999991100, 1.452555482747798400E-016, 2.750000000000004400 ) ) ;
#126 = ADVANCED_FACE ( 'NONE', ( #2058, #491 ), #3879, .T. ) ;
#127 = CARTESIAN_POINT ( 'NONE',  ( 0.9999999999999991100, -4.357666448243395000E-016, -2.300000000000006000 ) ) ;
#128 = CLOSED_SHELL ( 'NONE', ( #110, #1070, #2789, #2533, #2510, #1012, #2834, #1631, #1970, #3485, #1612, #1307, #424, #3150, #1909, #2211, #1932, #3712, #1366, #3405, #1329, #743, #804, #155, #2553, #175, #443, #2493, #2857, #786, #1030, #2286, #2227, #2575, #195, #3106, #3772, #2269, #126, #1593, #3693, #3126, #3082, #1343, #3169, #3757, #3734, #1386, #3427, #1672, #1652, #3465, #3445, #2877, #479, #1090, #727, #463, #2812, #500 ) ) ;
#129 = CARTESIAN_POINT ( 'NONE',  ( -0.8847754037844328700, 0.5108253175473023200, 3.079166666666656400 ) ) ;
#130 = DIRECTION ( 'NONE',  ( -0.0000000000000000000, -0.0000000000000000000, -1.000000000000000000 ) ) ;
#131 = CARTESIAN_POINT ( 'NONE',  ( -0.5773502691896251800, 0.9999999999999991100, -0.1166666666666624400 ) ) ;
#132 = ORIENTED_EDGE ( 'NONE', *, *, #383, .T. ) ;
#133 = CARTESIAN_POINT ( 'NONE',  ( -0.6410254037844124200, 0.3700961894323192000, 0.8666666666666658100 ) ) ;
#134 =( BOUNDED_CURVE ( )  B_SPLINE_CURVE ( 2, ( #423, #1879, #84, #2778, #2499, #1279, #3398, #395, #3692 ),
 .UNSPECIFIED., .F., .F. ) 
 B_SPLINE_CURVE_WITH_KNOTS ( ( 3, 2, 2, 2, 3 ),
 ( 0.3281250000000000000, 0.3333333333333333100, 0.3437500000000000000, 0.3541666666666666900, 0.3593750000000000000 ),
 .UNSPECIFIED. ) 
 CURVE ( )  GEOMETRIC_REPRESENTATION_ITEM ( )  RATIONAL_B_SPLINE_CURVE ( ( 0.9330127018922194100, 0.9330127018922194100, 1.000000000000000000, 0.8660254037844387100, 1.000000000000000000, 0.8660254037844387100, 1.000000000000000000, 0.9330127018922194100, 0.9330127018922194100 ) ) 
 REPRESENTATION_ITEM ( '' )  );
#135 = ORIENTED_EDGE ( 'NONE', *, *, #3144, .F. ) ;
#136 = DIRECTION ( 'NONE',  ( 1.000000000000000000, 0.0000000000000000000, 0.0000000000000000000 ) ) ;
#137 = EDGE_CURVE ( 'NONE', #2193, #2950, #22, .T. ) ;
#138 = CARTESIAN_POINT ( 'NONE',  ( -1.124999999999991800, 1.948557158514973200, -3.000000000000002700 ) ) ;
#139 = CARTESIAN_POINT ( 'NONE',  ( 0.5773502691896259500, 0.9999999999999988900, -2.633333333333340000 ) ) ;
#140 = CARTESIAN_POINT ( 'NONE',  ( 0.0000000000000000000, 0.7401923788646381800, 0.7999999999999986000 ) ) ;
#141 = CARTESIAN_POINT ( 'NONE',  ( 0.6410254037844123100, -0.3700961894323194200, 0.6666666666666651900 ) ) ;
#142 = CIRCLE ( 'NONE', #2743, 2.250000000000001800 ) ;
#143 = CARTESIAN_POINT ( 'NONE',  ( -0.9999999999999991100, 0.0000000000000000000, 3.000000000000002700 ) ) ;
#144 = CYLINDRICAL_SURFACE ( 'NONE', #2700, 0.9999999999999991100 ) ;
#145 =( BOUNDED_CURVE ( )  B_SPLINE_CURVE ( 2, ( #873, #1161, #3877, #1485, #847, #2643, #2062, #2940, #3537 ),
 .UNSPECIFIED., .F., .F. ) 
 B_SPLINE_CURVE_WITH_KNOTS ( ( 3, 2, 2, 2, 3 ),
 ( 0.3593750000000000000, 0.3645833333333333700, 0.3750000000000000000, 0.3854166666666666300, 0.3906250000000000000 ),
 .UNSPECIFIED. ) 
 CURVE ( )  GEOMETRIC_REPRESENTATION_ITEM ( )  RATIONAL_B_SPLINE_CURVE ( ( 0.9330127018922194100, 0.9330127018922194100, 1.000000000000000000, 0.8660254037844387100, 1.000000000000000000, 0.8660254037844387100, 1.000000000000000000, 0.9330127018922194100, 0.9330127018922194100 ) ) 
 REPRESENTATION_ITEM ( '' )  );
#146 = CARTESIAN_POINT ( 'NONE',  ( -9.064742275298441300E-017, -0.7401923788646381800, -2.150000000000007000 ) ) ;
#147 = CARTESIAN_POINT ( 'NONE',  ( -0.6410254037844124200, 0.3700961894323192000, -2.683333333333340700 ) ) ;
#148 = AXIS2_PLACEMENT_3D ( 'NONE', #2784, #1676, #2588 ) ;
#149 = VECTOR ( 'NONE', #1150, 1000.000000000000000 ) ;
#150 = CARTESIAN_POINT ( 'NONE',  ( -0.4273502691896082200, 0.7401923788646381800, -1.516666666666673500 ) ) ;
#151 = B_SPLINE_CURVE_WITH_KNOTS ( 'NONE', 3,
 ( #2099, #1821, #324, #2401 ),
 .UNSPECIFIED., .F., .F.,
 ( 4, 4 ),
 ( 2.380746840954563400E-007, 0.001314652396222778700 ),
 .UNSPECIFIED. ) ;
#152 = CYLINDRICAL_SURFACE ( 'NONE', #1328, 0.9999999999999991100 ) ;
#153 = CARTESIAN_POINT ( 'NONE',  ( -0.8547005383792165600, 5.233531392778135700E-017, 2.099999999999998300 ) ) ;
#154 = VERTEX_POINT ( 'NONE', #662 ) ;
#155 = ADVANCED_FACE ( 'NONE', ( #2618 ), #3138, .F. ) ;
#156 = CARTESIAN_POINT ( 'NONE',  ( -2.066424524318482000, -1.405025455978024400, -2.860229930904653700 ) ) ;
#157 = CARTESIAN_POINT ( 'NONE',  ( -2.250000000000001800, -1.299038105676685100, 2.799038105676654000 ) ) ;
#158 = EDGE_LOOP ( 'NONE', ( #2332, #673, #132, #2120 ) ) ;
#159 = CARTESIAN_POINT ( 'NONE',  ( 1.179700538379243800, -2.167074732417825400E-016, -1.887500000000010800 ) ) ;
#160 = CARTESIAN_POINT ( 'NONE',  ( -0.8547005383792165600, 5.233531392778135700E-017, -0.3000000000000011500 ) ) ;
#161 = CARTESIAN_POINT ( 'NONE',  ( -0.4273502691896082200, 0.7401923788646381800, 1.233333333333331800 ) ) ;
#162 = CARTESIAN_POINT ( 'NONE',  ( 0.1672004206615960700, 0.7797396329921758600, -2.738534280811407000 ) ) ;
#163 = CARTESIAN_POINT ( 'NONE',  ( -9.064742275298441300E-017, -0.7401923788646381800, -1.350000000000006800 ) ) ;
#164 = CARTESIAN_POINT ( 'NONE',  ( -0.4273502691896085600, -0.7401923788646378500, -2.183333333333340200 ) ) ;
#165 = CARTESIAN_POINT ( 'NONE',  ( -0.6410254037844124200, 0.3700961894323192000, -2.683333333333340700 ) ) ;
#166 = CARTESIAN_POINT ( 'NONE',  ( 0.4273502691896080000, -0.7401923788646384000, 1.833333333333331700 ) ) ;
#167 = EDGE_CURVE ( 'NONE', #1874, #823, #852, .T. ) ;
#168 = CARTESIAN_POINT ( 'NONE',  ( 0.9853528440667150800, -0.2450294480009196900, 2.942051573877518100 ) ) ;
#169 = CARTESIAN_POINT ( 'NONE',  ( -1.224646799147352500E-016, -0.9999999999999991100, -2.000000000000006200 ) ) ;
#170 = CARTESIAN_POINT ( 'NONE',  ( 0.4273502691896080000, -0.7401923788646384000, -1.316666666666673500 ) ) ;
#171 = CARTESIAN_POINT ( 'NONE',  ( 0.6410254037844127500, 0.3700961894323185300, 1.133333333333331700 ) ) ;
#172 = CARTESIAN_POINT ( 'NONE',  ( -9.064742275298441300E-017, -0.7401923788646381800, 0.1999999999999987900 ) ) ;
#173 = CARTESIAN_POINT ( 'NONE',  ( -0.5773502691896256200, -0.9999999999999988900, 0.4166666666666711300 ) ) ;
#174 = EDGE_CURVE ( 'NONE', #1395, #3296, #3210, .T. ) ;
#175 = ADVANCED_FACE ( 'NONE', ( #3334 ), #1727, .F. ) ;
#176 = CARTESIAN_POINT ( 'NONE',  ( -0.4273502691896085600, -0.7401923788646379600, -2.183333333333340200 ) ) ;
#177 = CARTESIAN_POINT ( 'NONE',  ( 0.4273502691896087800, 0.7401923788646378500, -1.583333333333340100 ) ) ;
#178 = CARTESIAN_POINT ( 'NONE',  ( 0.6410254037844123100, -0.3700961894323194200, -2.883333333333340000 ) ) ;
#179 = PERSON ( 'UNSPECIFIED', 'UNSPECIFIED', 'UNSPECIFIED', ('UNSPECIFIED'), ('UNSPECIFIED'), ('UNSPECIFIED') ) ;
#180 = CARTESIAN_POINT ( 'NONE',  ( -0.6410254037844125300, -0.3700961894323189200, 2.133333333333332400 ) ) ;
#181 = DIRECTION ( 'NONE',  ( -0.0000000000000000000, -0.0000000000000000000, -1.000000000000000000 ) ) ;
#182 = CARTESIAN_POINT ( 'NONE',  ( -1.251161180115467700E-016, -1.021650635094604400, -1.987500000000010900 ) ) ;
#183 = VERTEX_POINT ( 'NONE', #2616 ) ;
#184 = CARTESIAN_POINT ( 'NONE',  ( -0.6410254037844124200, 0.3700961894323192000, 1.666666666666665200 ) ) ;
#185 = CARTESIAN_POINT ( 'NONE',  ( 0.4273502691896087800, 0.7401923788646378500, 1.166666666666665600 ) ) ;
#186 = DIRECTION ( 'NONE',  ( -0.0000000000000000000, -0.0000000000000000000, -1.000000000000000000 ) ) ;
#187 = CARTESIAN_POINT ( 'NONE',  ( -0.8547005383792165600, 5.233531392778135700E-017, -1.450000000000006600 ) ) ;
#188 = CARTESIAN_POINT ( 'NONE',  ( 2.249999999999993300, 0.2199373071784616600, -3.000000000000008000 ) ) ;
#189 = ORIENTED_EDGE ( 'NONE', *, *, #3542, .F. ) ;
#190 = CARTESIAN_POINT ( 'NONE',  ( -0.5996939821290135900, 0.4416843116885224600, -2.689781037497854600 ) ) ;
#191 = CARTESIAN_POINT ( 'NONE',  ( -1.224646799147352500E-016, -0.9999999999999991100, -0.7499999999999953400 ) ) ;
#192 = CARTESIAN_POINT ( 'NONE',  ( -9.064742275298441300E-017, -0.7401923788646381800, -1.350000000000006800 ) ) ;
#193 = CARTESIAN_POINT ( 'NONE',  ( 0.0000000000000000000, 1.021650635094604400, -2.562499999999990700 ) ) ;
#194 = ORIENTED_EDGE ( 'NONE', *, *, #1962, .F. ) ;
#195 = ADVANCED_FACE ( 'NONE', ( #251 ), #49, .F. ) ;
#196 = CYLINDRICAL_SURFACE ( 'NONE', #289, 0.9999999999999991100 ) ;
#197 = CYLINDRICAL_SURFACE ( 'NONE', #3153, 0.9999999999999991100 ) ;
#198 = CARTESIAN_POINT ( 'NONE',  ( 0.9999999999999993300, 0.2679491924311219200, -1.032136720504587500 ) ) ;
#199 = EDGE_CURVE ( 'NONE', #3755, #3702, #730, .T. ) ;
#200 = VECTOR ( 'NONE', #1131, 1000.000000000000000 ) ;
#201 = CARTESIAN_POINT ( 'NONE',  ( 0.4273502691896087200, 0.7401923788646379600, 2.366666666666665400 ) ) ;
#202 = ORIENTED_EDGE ( 'NONE', *, *, #137, .F. ) ;
#203 = CARTESIAN_POINT ( 'NONE',  ( 0.8547005383792165600, -1.570059417833440500E-016, -0.8500000000000069700 ) ) ;
#204 = CARTESIAN_POINT ( 'NONE',  ( -0.3680687615027801700, -2.385571612819421500, 2.921727692845864000 ) ) ;
#205 = AXIS2_PLACEMENT_3D ( 'NONE', #2098, #2133, #3357 ) ;
#206 = CARTESIAN_POINT ( 'NONE',  ( -9.064742275298441300E-017, -0.7401923788646381800, -2.950000000000006800 ) ) ;
#207 = ORIENTED_EDGE ( 'NONE', *, *, #1195, .T. ) ;
#208 = ORIENTED_EDGE ( 'NONE', *, *, #3373, .F. ) ;
#209 = CARTESIAN_POINT ( 'NONE',  ( -0.5898502691896218000, 1.021650635094604400, -2.529166666666657000 ) ) ;
#210 = CARTESIAN_POINT ( 'NONE',  ( 0.9999999999999993300, 0.2679491924311219200, 1.317863279495401700 ) ) ;
#211 = VERTEX_POINT ( 'NONE', #3209 ) ;
#212 = CARTESIAN_POINT ( 'NONE',  ( 0.8847754037844333100, 0.5108253175473014300, 0.1458333333333224900 ) ) ;
#213 = CARTESIAN_POINT ( 'NONE',  ( 0.4273502691896080000, -0.7401923788646384000, 3.033333333333332300 ) ) ;
#214 = CARTESIAN_POINT ( 'NONE',  ( -0.8547005383792165600, 5.233531392778135700E-017, 2.499999999999998700 ) ) ;
#215 =( BOUNDED_CURVE ( )  B_SPLINE_CURVE ( 2, ( #2168, #1292, #2474, #1306, #688, #738, #1029, #713, #3116 ),
 .UNSPECIFIED., .F., .F. ) 
 B_SPLINE_CURVE_WITH_KNOTS ( ( 3, 2, 2, 2, 3 ),
 ( 0.6718750000000000000, 0.6770833333333333700, 0.6875000000000000000, 0.6979166666666666300, 0.7031250000000000000 ),
 .UNSPECIFIED. ) 
 CURVE ( )  GEOMETRIC_REPRESENTATION_ITEM ( )  RATIONAL_B_SPLINE_CURVE ( ( 0.9330127018922194100, 0.9330127018922194100, 1.000000000000000000, 0.8660254037844387100, 1.000000000000000000, 0.8660254037844387100, 1.000000000000000000, 0.9330127018922194100, 0.9330127018922194100 ) ) 
 REPRESENTATION_ITEM ( '' )  );
#216 = DIRECTION ( 'NONE',  ( -1.000000000000000000, 0.0000000000000000000, 0.0000000000000000000 ) ) ;
#217 = CARTESIAN_POINT ( 'NONE',  ( -0.6410254037844125300, -0.3700961894323189200, 0.5833333333333263800 ) ) ;
#218 = CARTESIAN_POINT ( 'NONE',  ( -0.5773502691896256200, -0.9999999999999988900, 2.016666666666671500 ) ) ;
#219 = DIRECTION ( 'NONE',  ( -0.0000000000000000000, -0.0000000000000000000, -1.000000000000000000 ) ) ;
#220 = CARTESIAN_POINT ( 'NONE',  ( -0.4273502691896085600, -0.7401923788646379600, -0.5833333333333402500 ) ) ;
#221 = CARTESIAN_POINT ( 'NONE',  ( 0.8847754037844333100, 0.5108253175473014300, -2.229166666666657200 ) ) ;
#222 = EDGE_CURVE ( 'NONE', #3426, #1537, #2457, .T. ) ;
#223 = DIRECTION ( 'NONE',  ( -0.0000000000000000000, -0.0000000000000000000, -1.000000000000000000 ) ) ;
#224 = CARTESIAN_POINT ( 'NONE',  ( -0.8847754037844328700, 0.5108253175473023200, -1.320833333333344200 ) ) ;
#225 = CARTESIAN_POINT ( 'NONE',  ( 0.6715850346882470400, -0.5573414670689486000, -2.821453049634545400 ) ) ;
#226 = CARTESIAN_POINT ( 'NONE',  ( 0.6410254037844123100, -0.3700961894323194200, 1.866666666666665800 ) ) ;
#227 = CARTESIAN_POINT ( 'NONE',  ( -0.8547005383792165600, 5.233531392778135700E-017, 2.099999999999998800 ) ) ;
#228 = AXIS2_PLACEMENT_3D ( 'NONE', #382, #995, #3658 ) ;
#229 = CARTESIAN_POINT ( 'NONE',  ( 0.8547005383792165600, -1.570059417833440500E-016, -0.05000000000000665000 ) ) ;
#230 = CARTESIAN_POINT ( 'NONE',  ( 0.0000000000000000000, 0.0000000000000000000, -3.000000000000002700 ) ) ;
#231 = CARTESIAN_POINT ( 'NONE',  ( -0.6410254037844125300, -0.3700961894323189200, -1.416666666666673400 ) ) ;
#232 = CARTESIAN_POINT ( 'NONE',  ( -0.4273502691896085600, -0.7401923788646379600, 1.016666666666659700 ) ) ;
#233 = ORIENTED_EDGE ( 'NONE', *, *, #2634, .T. ) ;
#234 = CARTESIAN_POINT ( 'NONE',  ( -0.8847754037844329800, -0.5108253175473019800, -2.429166666666657400 ) ) ;
#235 = AXIS2_PLACEMENT_3D ( 'NONE', #745, #3728, #2216 ) ;
#236 = VERTEX_POINT ( 'NONE', #1145 ) ;
#237 = CARTESIAN_POINT ( 'NONE',  ( -0.2613265558090520100, 0.7824396337413798100, 2.774909140272570500 ) ) ;
#238 = CARTESIAN_POINT ( 'NONE',  ( 0.8847754037844326500, -0.5108253175473026500, 0.07916666666665578300 ) ) ;
#239 =( NAMED_UNIT ( * ) PLANE_ANGLE_UNIT ( ) SI_UNIT ( $, .RADIAN. ) );
#240 = DIRECTION ( 'NONE',  ( -0.7071067811865487900, 0.0000000000000000000, 0.7071067811865463500 ) ) ;
#241 = ORIENTED_EDGE ( 'NONE', *, *, #1735, .F. ) ;
#242 = LOCAL_TIME ( 15, 38, 30.00000000000000000, #530 ) ;
#243 = CARTESIAN_POINT ( 'NONE',  ( 0.6410254037844127500, 0.3700961894323185300, 0.7833333333333268900 ) ) ;
#244 = CARTESIAN_POINT ( 'NONE',  ( -0.9999999999999991100, 1.452555482747798400E-016, -0.04999999999999562400 ) ) ;
#245 = CARTESIAN_POINT ( 'NONE',  ( -0.9999999999999991100, 1.452555482747798400E-016, 1.550000000000004300 ) ) ;
#246 = CYLINDRICAL_SURFACE ( 'NONE', #2899, 0.9999999999999991100 ) ;
#247 = CARTESIAN_POINT ( 'NONE',  ( 0.6410254037844127500, 0.3700961894323185300, -0.4166666666666736800 ) ) ;
#248 = CONICAL_SURFACE ( 'NONE', #838, 2.250000000000001800, 1.047197551196600100 ) ;
#249 = EDGE_CURVE ( 'NONE', #2936, #1262, #537, .T. ) ;
#250 = CARTESIAN_POINT ( 'NONE',  ( -0.5898502691896218000, 1.021650635094604400, -3.329166666666657700 ) ) ;
#251 = FACE_OUTER_BOUND ( 'NONE', #3635, .T. ) ;
#252 = CARTESIAN_POINT ( 'NONE',  ( -1.224646799147352500E-016, -0.9999999999999991100, 1.650000000000004400 ) ) ;
#253 = VECTOR ( 'NONE', #2436, 1000.000000000000000 ) ;
#254 = PRODUCT_DEFINITION_SHAPE ( 'NONE', 'NONE',  #1228 ) ;
#255 = CARTESIAN_POINT ( 'NONE',  ( -0.1554332627518937000, 0.8046751295308141000, 2.769500111902066600 ) ) ;
#256 = EDGE_CURVE ( 'NONE', #2580, #183, #1126, .T. ) ;
#257 = ORIENTED_EDGE ( 'NONE', *, *, #1091, .T. ) ;
#258 = CARTESIAN_POINT ( 'NONE',  ( 0.8847754037844333100, 0.5108253175473014300, -1.054166666666677600 ) ) ;
#259 = CARTESIAN_POINT ( 'NONE',  ( -0.8660254037844378200, 0.4999999999999996700, -2.483333333333329000 ) ) ;
#260 = CARTESIAN_POINT ( 'NONE',  ( 0.8547005383792165600, -1.570059417833440500E-016, 2.299999999999998900 ) ) ;
#261 = ORIENTED_EDGE ( 'NONE', *, *, #1040, .T. ) ;
#262 = CARTESIAN_POINT ( 'NONE',  ( 0.0000000000000000000, 0.7401923788646381800, 0.04999999999999318900 ) ) ;
#263 = CARTESIAN_POINT ( 'NONE',  ( 0.9999999999999991100, -4.357666448243395000E-016, 2.550000000000004700 ) ) ;
#264 = CARTESIAN_POINT ( 'NONE',  ( -0.8689582562299005300, 4.269641585988878500E-013, 2.825656986040705000 ) ) ;
#265 = CARTESIAN_POINT ( 'NONE',  ( 0.4273502691896087200, 0.7401923788646379600, -0.7833333333333403200 ) ) ;
#266 = CARTESIAN_POINT ( 'NONE',  ( -0.6410254037844124200, 0.3700961894323192000, 0.9166666666666603000 ) ) ;
#267 = CARTESIAN_POINT ( 'NONE',  ( 0.5898502691896216900, -1.021650635094604600, -1.129166666666657300 ) ) ;
#268 = CARTESIAN_POINT ( 'NONE',  ( 0.9999999999999988900, -0.2679491924311228100, 2.932136720504596300 ) ) ;
#269 = CARTESIAN_POINT ( 'NONE',  ( 0.9957531754730413200, -4.067155351693836700E-016, 2.952451905283844300 ) ) ;
#270 = CARTESIAN_POINT ( 'NONE',  ( 0.0000000000000000000, 0.0000000000000000000, -3.000000000000002700 ) ) ;
#271 = CARTESIAN_POINT ( 'NONE',  ( -1.251161180115467700E-016, -1.021650635094604400, -1.187500000000010900 ) ) ;
#272 = DIRECTION ( 'NONE',  ( 0.0000000000000000000, 0.0000000000000000000, 1.000000000000000000 ) ) ;
#273 = CARTESIAN_POINT ( 'NONE',  ( -0.4273502691896082200, 0.7401923788646381800, 1.283333333333326600 ) ) ;
#274 = CARTESIAN_POINT ( 'NONE',  ( -9.064742275298441300E-017, -0.7401923788646381800, 0.2499999999999932800 ) ) ;
#275 = CARTESIAN_POINT ( 'NONE',  ( 0.8547005383792165600, -1.570059417833440500E-016, 0.3499999999999930900 ) ) ;
#276 = CARTESIAN_POINT ( 'NONE',  ( 0.5898502691896216900, -1.021650635094604600, -0.3291666666666568400 ) ) ;
#277 = CARTESIAN_POINT ( 'NONE',  ( -0.5773502691896251800, 0.9999999999999991100, -2.916666666666662100 ) ) ;
#278 = EDGE_CURVE ( 'NONE', #3874, #2817, #3402, .T. ) ;
#279 = DIRECTION ( 'NONE',  ( -0.0000000000000000000, -0.0000000000000000000, -1.000000000000000000 ) ) ;
#280 = CARTESIAN_POINT ( 'NONE',  ( 1.179700538379243800, -2.167074732417825400E-016, 0.9124999999999892100 ) ) ;
#281 = APPLICATION_CONTEXT ( 'configuration controlled 3d designs of mechanical parts and assemblies' ) ;
#282 = AXIS2_PLACEMENT_3D ( 'NONE', #3550, #10, #1754 ) ;
#283 = CARTESIAN_POINT ( 'NONE',  ( 0.8547005383792165600, -1.570059417833440500E-016, 1.949999999999993300 ) ) ;
#284 = CARTESIAN_POINT ( 'NONE',  ( -0.7309958528481985700, -0.2142628004740537700, -2.680702061915066500 ) ) ;
#285 = EDGE_LOOP ( 'NONE', ( #437, #1639, #2754, #1688 ) ) ;
#286 = CARTESIAN_POINT ( 'NONE',  ( -0.6410254037844124200, 0.3700961894323192000, 1.716666666666659700 ) ) ;
#287 = CARTESIAN_POINT ( 'NONE',  ( 0.6410254037844127500, 0.3700961894323185300, 0.3833333333333267000 ) ) ;
#288 = CARTESIAN_POINT ( 'NONE',  ( 0.0000000000000000000, 1.021650635094604400, -0.1624999999999903500 ) ) ;
#289 = AXIS2_PLACEMENT_3D ( 'NONE', #402, #3710, #1311 ) ;
#290 = ORIENTED_EDGE ( 'NONE', *, *, #2846, .T. ) ;
#291 = VERTEX_POINT ( 'NONE', #1295 ) ;
#292 = CARTESIAN_POINT ( 'NONE',  ( -0.7544306734649006700, 0.4032686695802557600, 2.805607304700186200 ) ) ;
#293 = VECTOR ( 'NONE', #120, 1000.000000000000000 ) ;
#294 = CARTESIAN_POINT ( 'NONE',  ( -0.8847754037844328700, 0.5108253175473023200, 1.879166666666655800 ) ) ;
#295 = CARTESIAN_POINT ( 'NONE',  ( -3.535158273157210200E-015, -2.598076211353342200, 2.799038105676647800 ) ) ;
#296 = LINE ( 'NONE', #3812, #347 ) ;
#297 = LINE ( 'NONE', #3386, #45 ) ;
#298 = CARTESIAN_POINT ( 'NONE',  ( 0.6410254037844127500, 0.3700961894323185300, 1.983333333333326500 ) ) ;
#299 = CARTESIAN_POINT ( 'NONE',  ( -0.9999999999999991100, 1.452555482747798400E-016, 2.350000000000004500 ) ) ;
#300 = CARTESIAN_POINT ( 'NONE',  ( -2.250000000000001800, -0.8716891052087927200, 2.911112545118574900 ) ) ;
#301 = CARTESIAN_POINT ( 'NONE',  ( -0.9640544456622625000, -6.768908549604742100E-015, -2.920753175473066200 ) ) ;
#302 = CARTESIAN_POINT ( 'NONE',  ( -0.4273502691896085600, -0.7401923788646379600, 2.616666666666660500 ) ) ;
#303 = ORIENTED_EDGE ( 'NONE', *, *, #305, .F. ) ;
#304 = CARTESIAN_POINT ( 'NONE',  ( 0.8547005383792165600, -1.570059417833440500E-016, 0.7499999999999933400 ) ) ;
#305 = EDGE_CURVE ( 'NONE', #2671, #678, #2225, .T. ) ;
#306 = CARTESIAN_POINT ( 'NONE',  ( 1.179700538379243800, -2.167074732417825400E-016, -0.2624999999999901300 ) ) ;
#307 = CARTESIAN_POINT ( 'NONE',  ( -0.8660254037844378200, 0.4999999999999996700, -2.883333333333329300 ) ) ;
#308 = ORIENTED_EDGE ( 'NONE', *, *, #2322, .T. ) ;
#309 = DIRECTION ( 'NONE',  ( -0.0000000000000000000, -0.0000000000000000000, -1.000000000000000000 ) ) ;
#310 = CARTESIAN_POINT ( 'NONE',  ( 0.6410254037844127500, 0.3700961894323185300, -2.866666666666668000 ) ) ;
#311 = CARTESIAN_POINT ( 'NONE',  ( -0.5898502691896223600, -1.021650635094604200, 1.979166666666656100 ) ) ;
#312 = ORIENTED_EDGE ( 'NONE', *, *, #555, .F. ) ;
#313 = DATE_TIME_ROLE ( 'classification_date' ) ;
#314 = CARTESIAN_POINT ( 'NONE',  ( -0.8547005383792165600, 5.233531392778135700E-017, 2.949999999999993500 ) ) ;
#315 = CARTESIAN_POINT ( 'NONE',  ( -0.9999999999999991100, 1.452555482747798400E-016, -1.300000000000006000 ) ) ;
#316 = CARTESIAN_POINT ( 'NONE',  ( -0.4273502691896085600, -0.7401923788646379600, 3.016666666666659900 ) ) ;
#317 = CARTESIAN_POINT ( 'NONE',  ( -0.6410254037844125300, -0.3700961894323189200, 0.5833333333333263800 ) ) ;
#318 = CARTESIAN_POINT ( 'NONE',  ( 0.8847754037844326500, -0.5108253175473026500, 0.1041666666666764400 ) ) ;
#319 =( BOUNDED_CURVE ( )  B_SPLINE_CURVE ( 2, ( #1601, #2511, #1032, #3118, #3428, #398, #3390, #689, #1585 ),
 .UNSPECIFIED., .F., .F. ) 
 B_SPLINE_CURVE_WITH_KNOTS ( ( 3, 2, 2, 2, 3 ),
 ( 0.9531250000000000000, 0.9583333333333333700, 0.9687500000000000000, 0.9791666666666666300, 0.9843750000000000000 ),
 .UNSPECIFIED. ) 
 CURVE ( )  GEOMETRIC_REPRESENTATION_ITEM ( )  RATIONAL_B_SPLINE_CURVE ( ( 0.9330127018922194100, 0.9330127018922194100, 1.000000000000000000, 0.8660254037844387100, 1.000000000000000000, 0.8660254037844387100, 1.000000000000000000, 0.9330127018922194100, 0.9330127018922194100 ) ) 
 REPRESENTATION_ITEM ( '' )  );
#320 = CARTESIAN_POINT ( 'NONE',  ( 0.05636288348200602100, 0.9999999999999991100, -2.953254112595059300 ) ) ;
#321 = CARTESIAN_POINT ( 'NONE',  ( 0.9999999999999991100, 1.224646799147352200E-016, 3.000000000000002700 ) ) ;
#322 = CARTESIAN_POINT ( 'NONE',  ( -0.6410254037844124200, 0.3700961894323192000, -2.333333333333334800 ) ) ;
#323 = CARTESIAN_POINT ( 'NONE',  ( -0.5898502691896223600, -1.021650635094604200, 1.579166666666655700 ) ) ;
#324 = CARTESIAN_POINT ( 'NONE',  ( 1.508335473232640800, -1.727238319854214700, -2.999999999999992500 ) ) ;
#325 = CARTESIAN_POINT ( 'NONE',  ( -9.064742275298441300E-017, -0.7401923788646381800, 3.049999999999993600 ) ) ;
#326 = CARTESIAN_POINT ( 'NONE',  ( 0.8547005383792165600, -1.570059417833440500E-016, -1.300000000000001400 ) ) ;
#327 = CARTESIAN_POINT ( 'NONE',  ( 0.9999999999999993300, 0.2679491924311219200, -1.882136720504598000 ) ) ;
#328 = CARTESIAN_POINT ( 'NONE',  ( 0.9999999999999991100, -4.357666448243395000E-016, -0.3000000000000061500 ) ) ;
#329 = CARTESIAN_POINT ( 'NONE',  ( 0.6410254037844123100, -0.3700961894323194200, 3.116666666666660000 ) ) ;
#330 = CARTESIAN_POINT ( 'NONE',  ( 0.4927253387672594400, -0.5523644614436935600, 2.696891108675441900 ) ) ;
#331 = CARTESIAN_POINT ( 'NONE',  ( -0.5898502691896223600, -1.021650635094604200, 1.204166666666676200 ) ) ;
#332 = CARTESIAN_POINT ( 'NONE',  ( 1.125000000000010400, -1.948557158515007200, 3.000000000000002700 ) ) ;
#333 = AXIS2_PLACEMENT_3D ( 'NONE', #1202, #34, #355 ) ;
#334 = CARTESIAN_POINT ( 'NONE',  ( 0.5773502691896250600, -0.9999999999999993300, 0.4333333333333270800 ) ) ;
#335 = EDGE_LOOP ( 'NONE', ( #2422, #2289, #3730, #1424 ) ) ;
#336 = CARTESIAN_POINT ( 'NONE',  ( -9.064742275298441300E-017, -0.7401923788646381800, -1.800000000000001400 ) ) ;
#337 = VERTEX_POINT ( 'NONE', #3053 ) ;
#338 = CARTESIAN_POINT ( 'NONE',  ( 0.9949389826805613600, 0.1004809471619781700, 2.956698729810803600 ) ) ;
#339 = CARTESIAN_POINT ( 'NONE',  ( -0.4273502691896082200, 0.7401923788646381800, 2.483333333333326700 ) ) ;
#340 = CARTESIAN_POINT ( 'NONE',  ( -0.9999999999999991100, 1.452555482747798400E-016, 1.899999999999993900 ) ) ;
#341 = CARTESIAN_POINT ( 'NONE',  ( 0.9999999999999993300, 0.2679491924311219200, 2.567863279495413000 ) ) ;
#342 = ORIENTED_EDGE ( 'NONE', *, *, #2348, .T. ) ;
#343 = CARTESIAN_POINT ( 'NONE',  ( -0.4273502691896085600, -0.7401923788646379600, 1.416666666666659900 ) ) ;
#344 = CARTESIAN_POINT ( 'NONE',  ( 0.4273502691896087800, 0.7401923788646378500, 2.416666666666659900 ) ) ;
#345 = APPROVAL_DATE_TIME ( #2610, #1798 ) ;
#346 = CARTESIAN_POINT ( 'NONE',  ( 0.5898502691896216900, -1.021650635094604600, 2.070833333333343100 ) ) ;
#347 = VECTOR ( 'NONE', #1995, 1000.000000000000000 ) ;
#348 = VECTOR ( 'NONE', #2040, 1000.000000000000000 ) ;
#349 = DIRECTION ( 'NONE',  ( -0.0000000000000000000, -0.0000000000000000000, -1.000000000000000000 ) ) ;
#350 = LINE ( 'NONE', #825, #3190 ) ;
#351 = VECTOR ( 'NONE', #1315, 1000.000000000000000 ) ;
#352 = VERTEX_POINT ( 'NONE', #106 ) ;
#353 = CARTESIAN_POINT ( 'NONE',  ( 0.9999999999999991100, 1.224646799147352200E-016, 3.000000000000002700 ) ) ;
#354 = CARTESIAN_POINT ( 'NONE',  ( -0.8660254037844378200, 0.4999999999999996700, 1.866666666666660500 ) ) ;
#355 = DIRECTION ( 'NONE',  ( 1.000000000000000000, 0.0000000000000000000, 0.0000000000000000000 ) ) ;
#356 = EDGE_LOOP ( 'NONE', ( #208, #1299, #3519 ) ) ;
#357 = CARTESIAN_POINT ( 'NONE',  ( -0.6410254037844124200, 0.3700961894323192000, -3.133333333333334600 ) ) ;
#358 = ORIENTED_EDGE ( 'NONE', *, *, #3474, .T. ) ;
#359 = EDGE_CURVE ( 'NONE', #3297, #2671, #1946, .T. ) ;
#360 = VERTEX_POINT ( 'NONE', #3668 ) ;
#361 = CARTESIAN_POINT ( 'NONE',  ( -1.251161180115467700E-016, -1.021650635094604400, 2.037500000000009900 ) ) ;
#362 = DIRECTION ( 'NONE',  ( -0.0000000000000000000, -0.0000000000000000000, -1.000000000000000000 ) ) ;
#363 = CARTESIAN_POINT ( 'NONE',  ( -0.4273502691896085600, -0.7401923788646379600, -3.033333333333335000 ) ) ;
#364 = CARTESIAN_POINT ( 'NONE',  ( 0.9999999999999991100, -4.357666448243395000E-016, -0.6499999999999954700 ) ) ;
#365 = CARTESIAN_POINT ( 'NONE',  ( 0.8660254037844377100, -0.5000000000000000000, -0.2833333333333289400 ) ) ;
#366 = CARTESIAN_POINT ( 'NONE',  ( -9.064742275298441300E-017, -0.7401923788646381800, -2.600000000000001400 ) ) ;
#367 = CARTESIAN_POINT ( 'NONE',  ( 0.8547005383792165600, -1.570059417833440500E-016, 1.149999999999993000 ) ) ;
#368 = CARTESIAN_POINT ( 'NONE',  ( -1.179700538379243800, 7.223582441392750400E-017, 0.7375000000000099300 ) ) ;
#369 = DIRECTION ( 'NONE',  ( -1.000000000000000000, 0.0000000000000000000, 0.0000000000000000000 ) ) ;
#370 = CARTESIAN_POINT ( 'NONE',  ( -0.6950470087983765500, 0.4862433250438519300, -2.796139109462137700 ) ) ;
#371 = CARTESIAN_POINT ( 'NONE',  ( -0.5773502691896256200, -0.9999999999999988900, 1.566666666666660700 ) ) ;
#372 = CARTESIAN_POINT ( 'NONE',  ( -0.8547005383792165600, 5.233531392778135700E-017, -0.3000000000000011500 ) ) ;
#373 = CARTESIAN_POINT ( 'NONE',  ( -0.5773502691896251800, 0.9999999999999991100, -0.5166666666666622800 ) ) ;
#374 = EDGE_CURVE ( 'NONE', #2342, #2848, #3616, .T. ) ;
#375 = CARTESIAN_POINT ( 'NONE',  ( -0.9999999999999991100, 1.452555482747798400E-016, -2.049999999999995400 ) ) ;
#376 = CARTESIAN_POINT ( 'NONE',  ( 0.9999999999999991100, -4.357666448243395000E-016, -0.2499999999999955600 ) ) ;
#377 = CARTESIAN_POINT ( 'NONE',  ( -0.6410254037844125300, -0.3700961894323189200, -1.866666666666668000 ) ) ;
#378 = CARTESIAN_POINT ( 'NONE',  ( 0.4273502691896087800, 0.7401923788646378500, 1.616666666666660300 ) ) ;
#379 = CARTESIAN_POINT ( 'NONE',  ( 0.5898502691896216900, -1.021650635094604600, 1.270833333333343500 ) ) ;
#380 = CARTESIAN_POINT ( 'NONE',  ( 0.9999999999999991100, -4.357666448243395000E-016, -2.249999999999995600 ) ) ;
#381 = ORIENTED_EDGE ( 'NONE', *, *, #779, .T. ) ;
#382 = CARTESIAN_POINT ( 'NONE',  ( 0.0000000000000000000, 0.0000000000000000000, 3.000000000000002700 ) ) ;
#383 = EDGE_CURVE ( 'NONE', #2246, #865, #563, .T. ) ;
#384 = CARTESIAN_POINT ( 'NONE',  ( -0.9999999999999991100, 1.452555482747798400E-016, 2.350000000000004500 ) ) ;
#385 = B_SPLINE_CURVE_WITH_KNOTS ( 'NONE', 3,
 ( #138, #391, #1608, #3704, #2774, #80 ),
 .UNSPECIFIED., .F., .F.,
 ( 4, 2, 4 ),
 ( 0.001314652396222807100, 0.001969405109320642400, 0.002624157822418478200 ),
 .UNSPECIFIED. ) ;
#386 = VERTEX_POINT ( 'NONE', #1956 ) ;
#387 = CARTESIAN_POINT ( 'NONE',  ( -0.4273502691896085600, -0.7401923788646379600, -1.033333333333334800 ) ) ;
#388 =( BOUNDED_SURFACE ( )  B_SPLINE_SURFACE ( 1, 2, ( 
 ( #3111, #1616, #770, #3739, #783, #1934, #206, #2291, #178, #515, #1643, #3180, #3139, #2237, #165, #1050, #3753, #811, #467, #757, #2267, #3431, #1683, #2868, #3724, #2852, #2890, #2880, #3775, #2280, #2583, #2546, #1101, #3193, #2570, #2529, #3443, #1629, #1656, #1362, #1075, #1945, #3154, #1348, #2253, #476, #1974, #2837, #3167, #150, #1378, #1060, #3454, #3470, #192, #1669, #1959, #492, #2556, #3766, #505, #794, #1087, #1390, #3483, #1987, #2329, #3787, #2048, #1111, #3530, #265, #1731, #527, #1997, #1696, #2917, #220, #1163, #3215, #1719, #2595, #247, #1418, #1124, #3825, #1441, #3245, #3505, #541, #2343, #3205, #1431, #827, #3518, #574, #2036, #3801, #3813, #2904, #1152, #2027, #274, #2646, #2621, #552, #836, #2307, #560, #1705, #875, #850, #3539, #2607, #2930, #2358, #2013, #2960, #1140, #2632, #1454, #1402, #864, #1744, #3840, #232, #2318, #3231, #2943, #3492, #600, #3566, #613, #1756, #25, #2118, #3881, #343, #1476, #3007, #2973, #2064, #3866, #888, #3583, #643, #286, #589, #2089, #3257, #1511, #2686, #3552, #2676, #2715, #2701, #3605, #2104, #2413, #2382, #935, #3018, #2405, #2369, #3270, #1465, #1488, #1191, #918, #1769, #2981, #1179, #2078, #302, #1795, #2660, #2992, #3855, #1203, #900, #3286, #3301, #12, #1500, #1780, #316, #2392, #3593, #329, #630, #929, #1214, #3312 ),
 ( #1806, #3361, #357, #3618, #1523, #2735, #35, #989, #3039, #1546, #2427, #61, #1240, #955, #3653, #1260, #3056, #3340, #366, #2166, #3026, #1249, #651, #3349, #410, #1556, #3627, #3642, #2729, #975, #1849, #1877, #2472, #2449, #2151, #664, #1825, #1860, #943, #696, #377, #3374, #2437, #675, #2180, #1533, #82, #2749, #71, #1277, #2776, #392, #1566, #3664, #2129, #1838, #48, #2138, #3326, #964, #3049, #2459, #686, #1229, #2762, #3705, #1939, #1304, #2832, #2785, #1890, #3689, #710, #3409, #471, #100, #421, #1913, #3072, #1341, #2506, #3388, #2497, #2538, #2522, #3437, #1930, #160, #2207, #3731, #2244, #2231, #2194, #3091, #765, #1316, #1015, #448, #3396, #2800, #1006, #1598, #1901, #1623, #2486, #736, #1290, #2819, #113, #434, #1027, #3716, #1332, #724, #123, #2219, #3102, #1609, #3114, #3423, #140, #459, #1635, #750, #1579, #2843, #1043, #3131, #3675, #3188, #171, #3449, #1355, #2561, #3746, #832, #2875, #1384, #2261, #3770, #1066, #788, #3488, #1096, #2896, #3161, #184, #1991, #2861, #1083, #484, #3174, #226, #1396, #3461, #3478, #2551, #820, #1677, #1701, #2314, #2284, #1981, #1952, #510, #1372, #1662, #201, #3202, #2274, #2578, #2006, #3760, #3795, #801, #1690, #1106, #534, #3782, #1411, #3499, #1649, #776, #1966, #498, #3147, #2885, #213, #2301, #521, #2601, #1055, #2589 ) ),
 .UNSPECIFIED., .F., .F., .F. ) 
 B_SPLINE_SURFACE_WITH_KNOTS ( ( 2, 2 ),
 ( 3, 2, 2, 2, 2, 2, 2, 2, 2, 2, 2, 2, 2, 2, 2, 2, 2, 2, 2, 2, 2, 2, 2, 2, 2, 2, 2, 2, 2, 2, 2, 2, 2, 2, 2, 2, 2, 2, 2, 2, 2, 2, 2, 2, 2, 2, 2, 2, 2, 2, 2, 2, 2, 2, 2, 2, 2, 2, 2, 2, 2, 2, 2, 2, 2, 2, 2, 2, 2, 2, 2, 2, 2, 2, 2, 2, 2, 2, 2, 2, 2, 2, 2, 2, 2, 2, 2, 2, 2, 2, 2, 2, 2, 2, 2, 2, 3 ),
 ( 0.0000000000000000000, 1.000000000000000000 ),
 ( 0.0000000000000000000, 0.01041666666666666600, 0.02083333333333333200, 0.03125000000000000000, 0.04166666666666666400, 0.05208333333333333600, 0.06250000000000000000, 0.07291666666666667100, 0.08333333333333332900, 0.09375000000000000000, 0.1041666666666666700, 0.1145833333333333300, 0.1250000000000000000, 0.1354166666666666600, 0.1458333333333333400, 0.1562500000000000000, 0.1666666666666666600, 0.1770833333333333400, 0.1875000000000000000, 0.1979166666666666600, 0.2083333333333333400, 0.2187500000000000000, 0.2291666666666666600, 0.2395833333333333400, 0.2500000000000000000, 0.2604166666666666900, 0.2708333333333333100, 0.2812500000000000000, 0.2916666666666666900, 0.3020833333333333100, 0.3125000000000000000, 0.3229166666666666900, 0.3333333333333333100, 0.3437500000000000000, 0.3541666666666666900, 0.3645833333333333100, 0.3750000000000000000, 0.3854166666666666900, 0.3958333333333333100, 0.4062500000000000000, 0.4166666666666666900, 0.4270833333333333100, 0.4375000000000000000, 0.4479166666666666900, 0.4583333333333333100, 0.4687500000000000000, 0.4791666666666666900, 0.4895833333333333100, 0.5000000000000000000, 0.5104166666666666300, 0.5208333333333333700, 0.5312500000000000000, 0.5416666666666666300, 0.5520833333333333700, 0.5625000000000000000, 0.5729166666666666300, 0.5833333333333333700, 0.5937500000000000000, 0.6041666666666666300, 0.6145833333333333700, 0.6250000000000000000, 0.6354166666666666300, 0.6458333333333333700, 0.6562500000000000000, 0.6666666666666666300, 0.6770833333333333700, 0.6875000000000000000, 0.6979166666666666300, 0.7083333333333333700, 0.7187500000000000000, 0.7291666666666666300, 0.7395833333333333700, 0.7500000000000000000, 0.7604166666666666300, 0.7708333333333333700, 0.7812500000000000000, 0.7916666666666666300, 0.8020833333333333700, 0.8125000000000000000, 0.8229166666666666300, 0.8333333333333333700, 0.8437500000000000000, 0.8541666666666666300, 0.8645833333333333700, 0.8750000000000000000, 0.8854166666666666300, 0.8958333333333333700, 0.9062500000000000000, 0.9166666666666666300, 0.9270833333333333700, 0.9375000000000000000, 0.9479166666666666300, 0.9583333333333333700, 0.9687500000000000000, 0.9791666666666666300, 0.9895833333333333700, 1.000000000000000000 ),
 .UNSPECIFIED. ) 
 GEOMETRIC_REPRESENTATION_ITEM ( )  RATIONAL_B_SPLINE_SURFACE ( (
 ( 1.000000000000000000, 0.8660254037844387100, 1.000000000000000000, 0.8660254037844387100, 1.000000000000000000, 0.8660254037844387100, 1.000000000000000000, 0.8660254037844387100, 1.000000000000000000, 0.8660254037844387100, 1.000000000000000000, 0.8660254037844387100, 1.000000000000000000, 0.8660254037844387100, 1.000000000000000000, 0.8660254037844387100, 1.000000000000000000, 0.8660254037844387100, 1.000000000000000000, 0.8660254037844387100, 1.000000000000000000, 0.8660254037844387100, 1.000000000000000000, 0.8660254037844387100, 1.000000000000000000, 0.8660254037844387100, 1.000000000000000000, 0.8660254037844387100, 1.000000000000000000, 0.8660254037844387100, 1.000000000000000000, 0.8660254037844387100, 1.000000000000000000, 0.8660254037844387100, 1.000000000000000000, 0.8660254037844387100, 1.000000000000000000, 0.8660254037844387100, 1.000000000000000000, 0.8660254037844387100, 1.000000000000000000, 0.8660254037844387100, 1.000000000000000000, 0.8660254037844387100, 1.000000000000000000, 0.8660254037844387100, 1.000000000000000000, 0.8660254037844387100, 1.000000000000000000, 0.8660254037844387100, 1.000000000000000000, 0.8660254037844387100, 1.000000000000000000, 0.8660254037844387100, 1.000000000000000000, 0.8660254037844387100, 1.000000000000000000, 0.8660254037844387100, 1.000000000000000000, 0.8660254037844387100, 1.000000000000000000, 0.8660254037844387100, 1.000000000000000000, 0.8660254037844387100, 1.000000000000000000, 0.8660254037844387100, 1.000000000000000000, 0.8660254037844387100, 1.000000000000000000, 0.8660254037844387100, 1.000000000000000000, 0.8660254037844387100, 1.000000000000000000, 0.8660254037844387100, 1.000000000000000000, 0.8660254037844387100, 1.000000000000000000, 0.8660254037844387100, 1.000000000000000000, 0.8660254037844387100, 1.000000000000000000, 0.8660254037844387100, 1.000000000000000000, 0.8660254037844387100, 1.000000000000000000, 0.8660254037844387100, 1.000000000000000000, 0.8660254037844387100, 1.000000000000000000, 0.8660254037844387100, 1.000000000000000000, 0.8660254037844387100, 1.000000000000000000, 0.8660254037844387100, 1.000000000000000000, 0.8660254037844387100, 1.000000000000000000, 0.8660254037844387100, 1.000000000000000000, 0.8660254037844387100, 1.000000000000000000, 0.8660254037844387100, 1.000000000000000000, 0.8660254037844387100, 1.000000000000000000, 0.8660254037844387100, 1.000000000000000000, 0.8660254037844387100, 1.000000000000000000, 0.8660254037844387100, 1.000000000000000000, 0.8660254037844387100, 1.000000000000000000, 0.8660254037844387100, 1.000000000000000000, 0.8660254037844387100, 1.000000000000000000, 0.8660254037844387100, 1.000000000000000000, 0.8660254037844387100, 1.000000000000000000, 0.8660254037844387100, 1.000000000000000000, 0.8660254037844387100, 1.000000000000000000, 0.8660254037844387100, 1.000000000000000000, 0.8660254037844387100, 1.000000000000000000, 0.8660254037844387100, 1.000000000000000000, 0.8660254037844387100, 1.000000000000000000, 0.8660254037844387100, 1.000000000000000000, 0.8660254037844387100, 1.000000000000000000, 0.8660254037844387100, 1.000000000000000000, 0.8660254037844387100, 1.000000000000000000, 0.8660254037844387100, 1.000000000000000000, 0.8660254037844387100, 1.000000000000000000, 0.8660254037844387100, 1.000000000000000000, 0.8660254037844387100, 1.000000000000000000, 0.8660254037844387100, 1.000000000000000000, 0.8660254037844387100, 1.000000000000000000, 0.8660254037844387100, 1.000000000000000000, 0.8660254037844387100, 1.000000000000000000, 0.8660254037844387100, 1.000000000000000000, 0.8660254037844387100, 1.000000000000000000, 0.8660254037844387100, 1.000000000000000000, 0.8660254037844387100, 1.000000000000000000, 0.8660254037844387100, 1.000000000000000000, 0.8660254037844387100, 1.000000000000000000, 0.8660254037844387100, 1.000000000000000000, 0.8660254037844387100, 1.000000000000000000, 0.8660254037844387100, 1.000000000000000000, 0.8660254037844387100, 1.000000000000000000, 0.8660254037844387100, 1.000000000000000000, 0.8660254037844387100, 1.000000000000000000, 0.8660254037844387100, 1.000000000000000000, 0.8660254037844387100, 1.000000000000000000, 0.8660254037844387100, 1.000000000000000000, 0.8660254037844387100, 1.000000000000000000, 0.8660254037844387100, 1.000000000000000000, 0.8660254037844387100, 1.000000000000000000),
 ( 1.000000000000000000, 0.8660254037844387100, 1.000000000000000000, 0.8660254037844387100, 1.000000000000000000, 0.8660254037844387100, 1.000000000000000000, 0.8660254037844387100, 1.000000000000000000, 0.8660254037844387100, 1.000000000000000000, 0.8660254037844387100, 1.000000000000000000, 0.8660254037844387100, 1.000000000000000000, 0.8660254037844387100, 1.000000000000000000, 0.8660254037844387100, 1.000000000000000000, 0.8660254037844387100, 1.000000000000000000, 0.8660254037844387100, 1.000000000000000000, 0.8660254037844387100, 1.000000000000000000, 0.8660254037844387100, 1.000000000000000000, 0.8660254037844387100, 1.000000000000000000, 0.8660254037844387100, 1.000000000000000000, 0.8660254037844387100, 1.000000000000000000, 0.8660254037844387100, 1.000000000000000000, 0.8660254037844387100, 1.000000000000000000, 0.8660254037844387100, 1.000000000000000000, 0.8660254037844387100, 1.000000000000000000, 0.8660254037844387100, 1.000000000000000000, 0.8660254037844387100, 1.000000000000000000, 0.8660254037844387100, 1.000000000000000000, 0.8660254037844387100, 1.000000000000000000, 0.8660254037844387100, 1.000000000000000000, 0.8660254037844387100, 1.000000000000000000, 0.8660254037844387100, 1.000000000000000000, 0.8660254037844387100, 1.000000000000000000, 0.8660254037844387100, 1.000000000000000000, 0.8660254037844387100, 1.000000000000000000, 0.8660254037844387100, 1.000000000000000000, 0.8660254037844387100, 1.000000000000000000, 0.8660254037844387100, 1.000000000000000000, 0.8660254037844387100, 1.000000000000000000, 0.8660254037844387100, 1.000000000000000000, 0.8660254037844387100, 1.000000000000000000, 0.8660254037844387100, 1.000000000000000000, 0.8660254037844387100, 1.000000000000000000, 0.8660254037844387100, 1.000000000000000000, 0.8660254037844387100, 1.000000000000000000, 0.8660254037844387100, 1.000000000000000000, 0.8660254037844387100, 1.000000000000000000, 0.8660254037844387100, 1.000000000000000000, 0.8660254037844387100, 1.000000000000000000, 0.8660254037844387100, 1.000000000000000000, 0.8660254037844387100, 1.000000000000000000, 0.8660254037844387100, 1.000000000000000000, 0.8660254037844387100, 1.000000000000000000, 0.8660254037844387100, 1.000000000000000000, 0.8660254037844387100, 1.000000000000000000, 0.8660254037844387100, 1.000000000000000000, 0.8660254037844387100, 1.000000000000000000, 0.8660254037844387100, 1.000000000000000000, 0.8660254037844387100, 1.000000000000000000, 0.8660254037844387100, 1.000000000000000000, 0.8660254037844387100, 1.000000000000000000, 0.8660254037844387100, 1.000000000000000000, 0.8660254037844387100, 1.000000000000000000, 0.8660254037844387100, 1.000000000000000000, 0.8660254037844387100, 1.000000000000000000, 0.8660254037844387100, 1.000000000000000000, 0.8660254037844387100, 1.000000000000000000, 0.8660254037844387100, 1.000000000000000000, 0.8660254037844387100, 1.000000000000000000, 0.8660254037844387100, 1.000000000000000000, 0.8660254037844387100, 1.000000000000000000, 0.8660254037844387100, 1.000000000000000000, 0.8660254037844387100, 1.000000000000000000, 0.8660254037844387100, 1.000000000000000000, 0.8660254037844387100, 1.000000000000000000, 0.8660254037844387100, 1.000000000000000000, 0.8660254037844387100, 1.000000000000000000, 0.8660254037844387100, 1.000000000000000000, 0.8660254037844387100, 1.000000000000000000, 0.8660254037844387100, 1.000000000000000000, 0.8660254037844387100, 1.000000000000000000, 0.8660254037844387100, 1.000000000000000000, 0.8660254037844387100, 1.000000000000000000, 0.8660254037844387100, 1.000000000000000000, 0.8660254037844387100, 1.000000000000000000, 0.8660254037844387100, 1.000000000000000000, 0.8660254037844387100, 1.000000000000000000, 0.8660254037844387100, 1.000000000000000000, 0.8660254037844387100, 1.000000000000000000, 0.8660254037844387100, 1.000000000000000000, 0.8660254037844387100, 1.000000000000000000, 0.8660254037844387100, 1.000000000000000000, 0.8660254037844387100, 1.000000000000000000, 0.8660254037844387100, 1.000000000000000000, 0.8660254037844387100, 1.000000000000000000, 0.8660254037844387100, 1.000000000000000000, 0.8660254037844387100, 1.000000000000000000, 0.8660254037844387100, 1.000000000000000000, 0.8660254037844387100, 1.000000000000000000, 0.8660254037844387100, 1.000000000000000000, 0.8660254037844387100, 1.000000000000000000) ) ) 
 REPRESENTATION_ITEM ( '' )  SURFACE ( )  );
#389 = ORIENTED_EDGE ( 'NONE', *, *, #1091, .F. ) ;
#390 = CARTESIAN_POINT ( 'NONE',  ( 0.9999999999999991100, -4.357666448243395000E-016, -2.249999999999995600 ) ) ;
#391 = CARTESIAN_POINT ( 'NONE',  ( -0.9340480779059806600, 2.058803302138226600, -3.000000000000013800 ) ) ;
#392 = CARTESIAN_POINT ( 'NONE',  ( -0.8547005383792165600, 5.233531392778135700E-017, -1.500000000000001600 ) ) ;
#393 = CARTESIAN_POINT ( 'NONE',  ( 0.6410254037844127500, 0.3700961894323185300, -1.666666666666668100 ) ) ;
#394 = CYLINDRICAL_SURFACE ( 'NONE', #20, 0.9999999999999991100 ) ;
#395 = CARTESIAN_POINT ( 'NONE',  ( 0.9999999999999988900, -0.2679491924311228100, -1.067863279495403900 ) ) ;
#396 = VECTOR ( 'NONE', #3671, 1000.000000000000000 ) ;
#397 = CARTESIAN_POINT ( 'NONE',  ( 0.5898502691896225800, 1.021650635094604000, 3.004166666666676200 ) ) ;
#398 = CARTESIAN_POINT ( 'NONE',  ( -0.5773502691896256200, -0.9999999999999988900, -2.833333333333339700 ) ) ;
#399 = CARTESIAN_POINT ( 'NONE',  ( -1.179700538379243800, 7.223582441392750400E-017, 3.112499999999989600 ) ) ;
#400 = CARTESIAN_POINT ( 'NONE',  ( -0.9999999999999991100, -0.2679491924311222500, 1.917863279495402300 ) ) ;
#401 = ORIENTED_EDGE ( 'NONE', *, *, #3020, .F. ) ;
#402 = CARTESIAN_POINT ( 'NONE',  ( 0.0000000000000000000, 0.0000000000000000000, 3.000000000000002700 ) ) ;
#403 = CARTESIAN_POINT ( 'NONE',  ( 0.8547005383792165600, -1.570059417833440500E-016, -0.9000000000000014700 ) ) ;
#404 = ORIENTED_EDGE ( 'NONE', *, *, #1143, .F. ) ;
#405 = DIRECTION ( 'NONE',  ( 0.0000000000000000000, 0.0000000000000000000, 1.000000000000000000 ) ) ;
#406 = CARTESIAN_POINT ( 'NONE',  ( 0.9999999999999988900, -0.2679491924311228100, -1.467863279495404100 ) ) ;
#407 = ORIENTED_EDGE ( 'NONE', *, *, #3849, .F. ) ;
#408 = CARTESIAN_POINT ( 'NONE',  ( 0.0000000000000000000, 0.0000000000000000000, -3.000000000000002700 ) ) ;
#409 = CARTESIAN_POINT ( 'NONE',  ( 0.8660254037844377100, -0.5000000000000000000, 0.06666666666666049000 ) ) ;
#410 = CARTESIAN_POINT ( 'NONE',  ( 0.0000000000000000000, 0.7401923788646381800, -2.400000000000001700 ) ) ;
#411 = CARTESIAN_POINT ( 'NONE',  ( -9.064742275298441300E-017, -0.7401923788646381800, -2.200000000000001500 ) ) ;
#412 = CARTESIAN_POINT ( 'NONE',  ( -0.9999999999999991100, 1.452555482747798400E-016, -1.700000000000006000 ) ) ;
#413 = EDGE_CURVE ( 'NONE', #2385, #1077, #3037, .T. ) ;
#414 = CARTESIAN_POINT ( 'NONE',  ( -0.9999999999999991100, 0.0000000000000000000, 3.000000000000002700 ) ) ;
#415 = CARTESIAN_POINT ( 'NONE',  ( 0.8847754037844326500, -0.5108253175473026500, 2.479166666666655400 ) ) ;
#416 = PLANE ( 'NONE',  #2229 ) ;
#417 = CARTESIAN_POINT ( 'NONE',  ( -0.8547005383792165600, 5.233531392778135700E-017, 0.09999999999999852100 ) ) ;
#418 = CARTESIAN_POINT ( 'NONE',  ( 0.0000000000000000000, 0.0000000000000000000, 3.000000000000002700 ) ) ;
#419 = CARTESIAN_POINT ( 'NONE',  ( 1.043301270189199000, 1.277675561083570400E-016, -3.000000000000002700 ) ) ;
#420 = CARTESIAN_POINT ( 'NONE',  ( -0.9999999999999991100, 0.2679491924311225800, -2.517863279495414600 ) ) ;
#421 = CARTESIAN_POINT ( 'NONE',  ( -0.6410254037844125300, -0.3700961894323189200, -0.6666666666666678500 ) ) ;
#422 = CARTESIAN_POINT ( 'NONE',  ( -0.6410254037844125300, -0.3700961894323189200, -2.666666666666667900 ) ) ;
#423 = CARTESIAN_POINT ( 'NONE',  ( -0.9999999999999991100, 1.452555482747798400E-016, -1.249999999999995800 ) ) ;
#424 = ADVANCED_FACE ( 'NONE', ( #631 ), #2112, .F. ) ;
#425 = CARTESIAN_POINT ( 'NONE',  ( 0.5898502691896216900, -1.021650635094604600, 2.045833333333322300 ) ) ;
#426 = CARTESIAN_POINT ( 'NONE',  ( 0.9999999999999988900, -0.2679491924311228100, 2.082136720504586000 ) ) ;
#427 = PLANE ( 'NONE',  #2624 ) ;
#428 = CARTESIAN_POINT ( 'NONE',  ( 0.0000000000000000000, 0.7401923788646381800, -0.8000000000000012700 ) ) ;
#429 = EDGE_LOOP ( 'NONE', ( #2187, #404, #3793, #1325, #1137, #407, #501, #2811, #974, #1365, #2625, #3220, #2146, #3632, #1732, #2722, #7, #1961, #202, #3472, #1859, #2856, #3783, #2480, #3414, #1619, #3030, #2483, #2294, #911, #450, #3321, #495, #97, #2387, #1854, #570, #3319 ) ) ;
#430 = CARTESIAN_POINT ( 'NONE',  ( -0.7475480947208553700, 2.231492718037753700E-011, -2.704246824531659800 ) ) ;
#431 = EDGE_CURVE ( 'NONE', #41, #2678, #578, .T. ) ;
#432 = CARTESIAN_POINT ( 'NONE',  ( 0.9999999999999991100, 1.224646799147352200E-016, 3.000000000000002700 ) ) ;
#433 = ORIENTED_EDGE ( 'NONE', *, *, #2461, .F. ) ;
#434 = CARTESIAN_POINT ( 'NONE',  ( -0.4273502691896082200, 0.7401923788646381800, 0.4333333333333320200 ) ) ;
#435 = CARTESIAN_POINT ( 'NONE',  ( -0.6410254037844125300, -0.3700961894323189200, -1.866666666666668000 ) ) ;
#436 = CARTESIAN_POINT ( 'NONE',  ( 0.5898502691896225800, 1.021650635094604000, 2.579166666666655900 ) ) ;
#437 = ORIENTED_EDGE ( 'NONE', *, *, #1889, .F. ) ;
#438 = AXIS2_PLACEMENT_3D ( 'NONE', #3110, #3413, #3121 ) ;
#439 = CALENDAR_DATE ( 2021, 15, 12 ) ;
#440 = CARTESIAN_POINT ( 'NONE',  ( -2.250000000000001800, 0.0000000000000000000, -3.000000000000002700 ) ) ;
#441 = CARTESIAN_POINT ( 'NONE',  ( -0.8547005383792165600, 5.233531392778135700E-017, 0.8999999999999989100 ) ) ;
#442 = CONICAL_SURFACE ( 'NONE', #1668, 2.250000000000001800, 1.047197551196600100 ) ;
#443 = ADVANCED_FACE ( 'NONE', ( #3085 ), #3698, .F. ) ;
#444 = LINE ( 'NONE', #2243, #2803 ) ;
#445 = AXIS2_PLACEMENT_3D ( 'NONE', #1582, #3377, #3677 ) ;
#446 = CARTESIAN_POINT ( 'NONE',  ( -1.881317441191451300, -1.511897080250322700, -2.910744989968439000 ) ) ;
#447 = FACE_OUTER_BOUND ( 'NONE', #2024, .T. ) ;
#448 = CARTESIAN_POINT ( 'NONE',  ( -0.4273502691896082200, 0.7401923788646381800, 0.03333333333333183400 ) ) ;
#449 = CARTESIAN_POINT ( 'NONE',  ( -0.4273502691896085600, -0.7401923788646378500, -0.2333333333333345000 ) ) ;
#450 = ORIENTED_EDGE ( 'NONE', *, *, #1937, .F. ) ;
#451 = CARTESIAN_POINT ( 'NONE',  ( 0.8847754037844333100, 0.5108253175473014300, 2.145833333333322400 ) ) ;
#452 = CARTESIAN_POINT ( 'NONE',  ( 0.8660254037844382600, 0.4999999999999988300, 0.5333333333333274400 ) ) ;
#453 = DIRECTION ( 'NONE',  ( 0.4999999999999998300, -0.8660254037844387100, 0.0000000000000000000 ) ) ;
#454 = ORIENTED_EDGE ( 'NONE', *, *, #383, .F. ) ;
#455 = CARTESIAN_POINT ( 'NONE',  ( 0.0000000000000000000, 0.7401923788646381800, 1.999999999999999100 ) ) ;
#456 = EDGE_CURVE ( 'NONE', #1926, #1039, #3836, .T. ) ;
#457 = DIRECTION ( 'NONE',  ( -1.000000000000000000, 0.0000000000000000000, 0.0000000000000000000 ) ) ;
#458 = CARTESIAN_POINT ( 'NONE',  ( 0.6238667204235091000, 0.7815307512491133100, 2.956698729810799200 ) ) ;
#459 = CARTESIAN_POINT ( 'NONE',  ( -0.4273502691896082200, 0.7401923788646381800, 0.8333333333333318200 ) ) ;
#460 = CARTESIAN_POINT ( 'NONE',  ( 0.4273502691896080000, -0.7401923788646384000, -0.1666666666666678200 ) ) ;
#461 = CARTESIAN_POINT ( 'NONE',  ( -0.9999999999999991100, -0.2679491924311222500, 0.3678632794954125300 ) ) ;
#462 = EDGE_CURVE ( 'NONE', #337, #1907, #2924, .T. ) ;
#463 = ADVANCED_FACE ( 'NONE', ( #447 ), #2016, .T. ) ;
#464 = CARTESIAN_POINT ( 'NONE',  ( -0.4273502691896082200, 0.7401923788646381800, -2.316666666666674000 ) ) ;
#465 = CARTESIAN_POINT ( 'NONE',  ( 0.9999999999999988900, -0.2679491924311228100, -0.6678632794954035800 ) ) ;
#466 = CARTESIAN_POINT ( 'NONE',  ( -0.8547005383792165600, 5.233531392778135700E-017, -1.850000000000006800 ) ) ;
#467 = CARTESIAN_POINT ( 'NONE',  ( -9.064742275298441300E-017, -0.7401923788646381800, -2.550000000000006900 ) ) ;
#468 = B_SPLINE_CURVE_WITH_KNOTS ( 'NONE', 3,
 ( #1687, #168, #2847, #3317, #2011, #1718, #2889, #2902, #2328, #1682, #1122, #1110, #3491, #1440, #2568, #264 ),
 .UNSPECIFIED., .F., .F.,
 ( 4, 2, 2, 2, 2, 2, 2, 4 ),
 ( 0.0006533737086844125400, 0.001382444807728259700, 0.001746980357250183400, 0.002111515906772107100, 0.002476051456294030700, 0.002840587005815953900, 0.003205122555337877600, 0.003569658104859801300 ),
 .UNSPECIFIED. ) ;
#469 = CARTESIAN_POINT ( 'NONE',  ( 0.4273502691896080000, -0.7401923788646384000, 0.6333333333333321900 ) ) ;
#470 = CARTESIAN_POINT ( 'NONE',  ( 1.179700538379243800, -2.167074732417825400E-016, -2.287500000000010700 ) ) ;
#471 = CARTESIAN_POINT ( 'NONE',  ( -0.6410254037844124200, 0.3700961894323192000, -0.7333333333333345000 ) ) ;
#472 = CARTESIAN_POINT ( 'NONE',  ( -0.6410254037844125300, -0.3700961894323189200, 0.5333333333333318800 ) ) ;
#473 = CARTESIAN_POINT ( 'NONE',  ( 0.8293184223340356300, 0.1573114700155532600, -2.786017152144836900 ) ) ;
#474 = CARTESIAN_POINT ( 'NONE',  ( -0.6410254037844124200, 0.3700961894323192000, -2.283333333333340300 ) ) ;
#475 = CARTESIAN_POINT ( 'NONE',  ( -0.6410254037844124200, 0.3700961894323192000, -1.883333333333340200 ) ) ;
#476 = CARTESIAN_POINT ( 'NONE',  ( 0.8547005383792165600, -1.570059417833440500E-016, -1.650000000000007000 ) ) ;
#477 = ORIENTED_EDGE ( 'NONE', *, *, #462, .T. ) ;
#478 = CARTESIAN_POINT ( 'NONE',  ( -0.4273502691896085600, -0.7401923788646379600, 2.166666666666665600 ) ) ;
#479 = ADVANCED_FACE ( 'NONE', ( #2347 ), #3789, .T. ) ;
#480 = ORIENTED_EDGE ( 'NONE', *, *, #3247, .T. ) ;
#481 = CARTESIAN_POINT ( 'NONE',  ( -0.9999999999999991100, 1.452555482747798400E-016, -2.100000000000005900 ) ) ;
#482 = EDGE_CURVE ( 'NONE', #3297, #3179, #3040, .T. ) ;
#483 = CARTESIAN_POINT ( 'NONE',  ( -0.5898502691896223600, -1.021650635094604200, -2.420833333333344100 ) ) ;
#484 = CARTESIAN_POINT ( 'NONE',  ( -9.064742275298441300E-017, -0.7401923788646381800, 1.799999999999998700 ) ) ;
#485 = CARTESIAN_POINT ( 'NONE',  ( 0.6410254037844123100, -0.3700961894323194200, 0.2666666666666655000 ) ) ;
#486 = ORIENTED_EDGE ( 'NONE', *, *, #3351, .T. ) ;
#487 = CARTESIAN_POINT ( 'NONE',  ( 0.8660254037844382600, 0.4999999999999988300, -0.2666666666666730500 ) ) ;
#488 = FACE_BOUND ( 'NONE', #2705, .T. ) ;
#489 = CARTESIAN_POINT ( 'NONE',  ( 0.4273502691896080000, -0.7401923788646384000, -1.316666666666673500 ) ) ;
#490 = CARTESIAN_POINT ( 'NONE',  ( 0.0000000000000000000, 0.0000000000000000000, -3.000000000000002700 ) ) ;
#491 = FACE_OUTER_BOUND ( 'NONE', #2600, .T. ) ;
#492 = CARTESIAN_POINT ( 'NONE',  ( 0.8547005383792165600, -1.570059417833440500E-016, -1.250000000000006900 ) ) ;
#493 = CYLINDRICAL_SURFACE ( 'NONE', #2726, 0.9999999999999991100 ) ;
#494 = CARTESIAN_POINT ( 'NONE',  ( -0.8547005383792165600, 5.233531392778135700E-017, 2.499999999999999100 ) ) ;
#495 = ORIENTED_EDGE ( 'NONE', *, *, #359, .T. ) ;
#496 = ORIENTED_EDGE ( 'NONE', *, *, #1710, .T. ) ;
#497 = CARTESIAN_POINT ( 'NONE',  ( -0.8847754037844329800, -0.5108253175473019800, -2.454166666666677300 ) ) ;
#498 = CARTESIAN_POINT ( 'NONE',  ( -0.6410254037844125300, -0.3700961894323189200, 2.933333333333332200 ) ) ;
#499 = CARTESIAN_POINT ( 'NONE',  ( -0.8547005383792165600, 5.233531392778135700E-017, 1.299999999999999200 ) ) ;
#500 = ADVANCED_FACE ( 'NONE', ( #2716 ), #2518, .F. ) ;
#501 = ORIENTED_EDGE ( 'NONE', *, *, #604, .F. ) ;
#502 = CARTESIAN_POINT ( 'NONE',  ( 0.6410254037844127500, 0.3700961894323185300, -1.216666666666673700 ) ) ;
#503 = CARTESIAN_POINT ( 'NONE',  ( 0.8660254037844377100, -0.5000000000000000000, 2.116666666666670700 ) ) ;
#504 = CARTESIAN_POINT ( 'NONE',  ( 0.6410254037844123100, -0.3700961894323194200, -1.683333333333340200 ) ) ;
#505 = CARTESIAN_POINT ( 'NONE',  ( 0.0000000000000000000, 0.7401923788646381800, -1.150000000000007000 ) ) ;
#506 = CARTESIAN_POINT ( 'NONE',  ( -9.064742275298441300E-017, -0.7401923788646381800, 2.599999999999999200 ) ) ;
#507 = EDGE_CURVE ( 'NONE', #2214, #360, #2228, .T. ) ;
#508 = DIRECTION ( 'NONE',  ( -0.0000000000000000000, -0.0000000000000000000, -1.000000000000000000 ) ) ;
#509 = CARTESIAN_POINT ( 'NONE',  ( 0.0000000000000000000, 0.0000000000000000000, 3.000000000000002700 ) ) ;
#510 = CARTESIAN_POINT ( 'NONE',  ( 0.6410254037844123100, -0.3700961894323194200, 2.266666666666665300 ) ) ;
#511 = CARTESIAN_POINT ( 'NONE',  ( -0.9999999999999991100, 0.2679491924311225800, 1.482136720504585700 ) ) ;
#512 = CARTESIAN_POINT ( 'NONE',  ( -0.4273502691896085600, -0.7401923788646379600, -1.783333333333340300 ) ) ;
#513 = CARTESIAN_POINT ( 'NONE',  ( -2.250000000000001800, -1.299038105676685100, 2.799038105676654000 ) ) ;
#514 = CARTESIAN_POINT ( 'NONE',  ( -0.9999999999999991100, 1.452555482747798400E-016, -2.449999999999995300 ) ) ;
#515 = CARTESIAN_POINT ( 'NONE',  ( 0.8547005383792165600, -1.570059417833440500E-016, -2.850000000000006800 ) ) ;
#516 = CARTESIAN_POINT ( 'NONE',  ( 0.5898502691896225800, 1.021650635094604000, -2.195833333333324000 ) ) ;
#517 =( BOUNDED_CURVE ( )  B_SPLINE_CURVE ( 2, ( #1212, #612, #1767, #1499, #3865 ),
 .UNSPECIFIED., .F., .T. ) 
 B_SPLINE_CURVE_WITH_KNOTS ( ( 3, 2, 3 ),
 ( 0.9843750000000000000, 0.9895833333333333700, 0.9933302948349197500 ),
 .UNSPECIFIED. ) 
 CURVE ( )  GEOMETRIC_REPRESENTATION_ITEM ( )  RATIONAL_B_SPLINE_CURVE ( ( 0.9330127018922194100, 0.9330127018922194100, 1.000000000000000000, 0.9518082251958121000, 0.9382864135694315400 ) ) 
 REPRESENTATION_ITEM ( '' )  );
#518 = CARTESIAN_POINT ( 'NONE',  ( -0.9999999999999991100, -0.2679491924311222500, -2.082136720504598000 ) ) ;
#519 = CARTESIAN_POINT ( 'NONE',  ( -1.179700538379243800, 7.223582441392750400E-017, 0.3124999999999890600 ) ) ;
#520 = VERTEX_POINT ( 'NONE', #3192 ) ;
#521 = CARTESIAN_POINT ( 'NONE',  ( 0.8547005383792165600, -1.570059417833440500E-016, 3.099999999999998300 ) ) ;
#522 = CARTESIAN_POINT ( 'NONE',  ( -0.9999999999999991100, 1.452555482747798400E-016, 2.299999999999994000 ) ) ;
#523 = CARTESIAN_POINT ( 'NONE',  ( 0.0000000000000000000, 0.0000000000000000000, -3.000000000000002700 ) ) ;
#524 = CARTESIAN_POINT ( 'NONE',  ( 0.6410254037844123100, -0.3700961894323194200, 0.3166666666666599900 ) ) ;
#525 = ORIENTED_EDGE ( 'NONE', *, *, #1836, .F. ) ;
#526 = CARTESIAN_POINT ( 'NONE',  ( 0.4927253387672594400, -0.5523644614436935600, 2.696891108675441900 ) ) ;
#527 = CARTESIAN_POINT ( 'NONE',  ( -0.4273502691896082200, 0.7401923788646381800, -0.7166666666666735600 ) ) ;
#528 = CARTESIAN_POINT ( 'NONE',  ( -0.5898502691896218000, 1.021650635094604400, -2.129166666666656700 ) ) ;
#529 = ORIENTED_EDGE ( 'NONE', *, *, #2297, .T. ) ;
#530 = COORDINATED_UNIVERSAL_TIME_OFFSET ( 6, 0, .BEHIND. ) ;
#531 = FACE_OUTER_BOUND ( 'NONE', #854, .T. ) ;
#532 = CARTESIAN_POINT ( 'NONE',  ( 0.9999999999999991100, -4.357666448243395000E-016, -1.049999999999995800 ) ) ;
#533 = CARTESIAN_POINT ( 'NONE',  ( 0.0000000000000000000, 1.021650635094604400, -0.5875000000000107900 ) ) ;
#534 = CARTESIAN_POINT ( 'NONE',  ( 0.8547005383792165600, -1.570059417833440500E-016, 2.699999999999998400 ) ) ;
#535 = CARTESIAN_POINT ( 'NONE',  ( -9.064742275298441300E-017, -0.7401923788646381800, 1.799999999999998700 ) ) ;
#536 =( BOUNDED_CURVE ( )  B_SPLINE_CURVE ( 2, ( #340, #23, #354, #2127, #59, #3638, #2150, #2733, #1211 ),
 .UNSPECIFIED., .F., .F. ) 
 B_SPLINE_CURVE_WITH_KNOTS ( ( 3, 2, 2, 2, 3 ),
 ( 0.2343750000000000000, 0.2395833333333333700, 0.2500000000000000000, 0.2604166666666666300, 0.2656250000000000000 ),
 .UNSPECIFIED. ) 
 CURVE ( )  GEOMETRIC_REPRESENTATION_ITEM ( )  RATIONAL_B_SPLINE_CURVE ( ( 0.9330127018922194100, 0.9330127018922194100, 1.000000000000000000, 0.8660254037844387100, 1.000000000000000000, 0.8660254037844387100, 1.000000000000000000, 0.9330127018922194100, 0.9330127018922194100 ) ) 
 REPRESENTATION_ITEM ( '' )  );
#537 = CIRCLE ( 'NONE', #228, 1.043301270189199000 ) ;
#538 = VECTOR ( 'NONE', #2942, 1000.000000000000000 ) ;
#539 = CARTESIAN_POINT ( 'NONE',  ( -0.6410254037844125300, -0.3700961894323189200, 1.783333333333326800 ) ) ;
#540 = AXIS2_PLACEMENT_3D ( 'NONE', #1226, #1804, #1856 ) ;
#541 = CARTESIAN_POINT ( 'NONE',  ( -0.4273502691896085600, -0.7401923788646379600, -0.1833333333333400100 ) ) ;
#542 = VERTEX_POINT ( 'NONE', #1322 ) ;
#543 = CARTESIAN_POINT ( 'NONE',  ( 0.8847754037844326500, -0.5108253175473026500, -1.895833333333323700 ) ) ;
#544 = CARTESIAN_POINT ( 'NONE',  ( 0.8660254037844382600, 0.4999999999999988300, 1.333333333333326800 ) ) ;
#545 = ORIENTED_EDGE ( 'NONE', *, *, #2397, .F. ) ;
#546 = CARTESIAN_POINT ( 'NONE',  ( -0.8689582562299005300, 4.269641585988878500E-013, 2.825656986040705000 ) ) ;
#547 = CARTESIAN_POINT ( 'NONE',  ( 0.5898502691896225800, 1.021650635094604000, 0.1791666666666560700 ) ) ;
#548 = CARTESIAN_POINT ( 'NONE',  ( 0.3686825588085554400, -2.385217236779700700, 2.910744989968436800 ) ) ;
#549 = CARTESIAN_POINT ( 'NONE',  ( 0.7309958528482090000, -0.2142628004740356200, 2.680702061915065700 ) ) ;
#550 = CARTESIAN_POINT ( 'NONE',  ( 0.6410254037844123100, -0.3700961894323194200, 1.116666666666659800 ) ) ;
#551 = CARTESIAN_POINT ( 'NONE',  ( -0.4273502691896085600, -0.7401923788646378500, -1.383333333333340000 ) ) ;
#552 = CARTESIAN_POINT ( 'NONE',  ( 0.8547005383792165600, -1.570059417833440500E-016, 0.3499999999999931500 ) ) ;
#553 = CARTESIAN_POINT ( 'NONE',  ( -1.179700538379243800, 7.223582441392750400E-017, -3.262499999999990900 ) ) ;
#554 = CARTESIAN_POINT ( 'NONE',  ( -0.5773502691896251800, 0.9999999999999991100, 1.433333333333327100 ) ) ;
#555 = EDGE_CURVE ( 'NONE', #3432, #2725, #1895, .T. ) ;
#556 = CARTESIAN_POINT ( 'NONE',  ( 0.8847754037844333100, 0.5108253175473014300, -1.454166666666677700 ) ) ;
#557 = CARTESIAN_POINT ( 'NONE',  ( -0.6410254037844124200, 0.3700961894323192000, 0.9166666666666603000 ) ) ;
#558 = CARTESIAN_POINT ( 'NONE',  ( -0.5773502691896256200, -0.9999999999999988900, 2.416666666666671400 ) ) ;
#559 = CARTESIAN_POINT ( 'NONE',  ( -0.9999999999999991100, 0.2679491924311225800, -1.717863279495414500 ) ) ;
#560 = CARTESIAN_POINT ( 'NONE',  ( 0.0000000000000000000, 0.7401923788646381800, 0.4499999999999933500 ) ) ;
#561 = CARTESIAN_POINT ( 'NONE',  ( 0.0000000000000000000, 0.7401923788646381800, -0.3500000000000069700 ) ) ;
#562 = ORIENTED_EDGE ( 'NONE', *, *, #1216, .T. ) ;
#563 =( BOUNDED_CURVE ( )  B_SPLINE_CURVE ( 2, ( #1883, #2464, #2441, #2452, #2753, #2768, #980, #1283, #2477 ),
 .UNSPECIFIED., .F., .F. ) 
 B_SPLINE_CURVE_WITH_KNOTS ( ( 3, 2, 2, 2, 3 ),
 ( 0.1406250000000000000, 0.1458333333333333700, 0.1562500000000000000, 0.1666666666666666300, 0.1718750000000000000 ),
 .UNSPECIFIED. ) 
 CURVE ( )  GEOMETRIC_REPRESENTATION_ITEM ( )  RATIONAL_B_SPLINE_CURVE ( ( 0.9330127018922194100, 0.9330127018922194100, 1.000000000000000000, 0.8660254037844387100, 1.000000000000000000, 0.8660254037844387100, 1.000000000000000000, 0.9330127018922194100, 0.9330127018922194100 ) ) 
 REPRESENTATION_ITEM ( '' )  );
#564 = CARTESIAN_POINT ( 'NONE',  ( -1.179700538379243800, 7.223582441392750400E-017, -1.262499999999990200 ) ) ;
#565 = PRODUCT_RELATED_PRODUCT_CATEGORY ( 'detail', '', ( #3123 ) ) ;
#566 = CARTESIAN_POINT ( 'NONE',  ( -1.124999999999991600, 1.948557158514973200, 3.000000000000002700 ) ) ;
#567 = ORIENTED_EDGE ( 'NONE', *, *, #3044, .T. ) ;
#568 = CARTESIAN_POINT ( 'NONE',  ( -0.9999999999999991100, -0.2679491924311222500, -0.03213672050458744200 ) ) ;
#569 = CARTESIAN_POINT ( 'NONE',  ( -1.179700538379243800, 7.223582441392750400E-017, -0.4875000000000109200 ) ) ;
#570 = ORIENTED_EDGE ( 'NONE', *, *, #2975, .F. ) ;
#571 = CARTESIAN_POINT ( 'NONE',  ( -0.4273502691896085600, -0.7401923788646379600, 1.416666666666659900 ) ) ;
#572 = CARTESIAN_POINT ( 'NONE',  ( 0.8658493649099847600, 2.552806706154463900E-011, 2.822548094720788800 ) ) ;
#573 = ORIENTED_EDGE ( 'NONE', *, *, #79, .T. ) ;
#574 = CARTESIAN_POINT ( 'NONE',  ( 0.4273502691896087200, 0.7401923788646379600, 0.01666666666666006100 ) ) ;
#575 = CARTESIAN_POINT ( 'NONE',  ( -9.064742275298441300E-017, -0.7401923788646381800, -0.9500000000000068400 ) ) ;
#576 = CYLINDRICAL_SURFACE ( 'NONE', #2572, 0.9999999999999991100 ) ;
#577 = CARTESIAN_POINT ( 'NONE',  ( -1.251161180115467700E-016, -1.021650635094604400, -0.7624999999999901900 ) ) ;
#578 = LINE ( 'NONE', #1034, #2152 ) ;
#579 = FACE_OUTER_BOUND ( 'NONE', #1444, .T. ) ;
#580 = CARTESIAN_POINT ( 'NONE',  ( -0.9999999999999991100, 1.452555482747798400E-016, 0.3500000000000043600 ) ) ;
#581 = EDGE_CURVE ( 'NONE', #360, #1592, #1198, .T. ) ;
#582 = EDGE_LOOP ( 'NONE', ( #948, #2891, #1673, #610 ) ) ;
#583 = CARTESIAN_POINT ( 'NONE',  ( -0.8847754037844328700, 0.5108253175473023200, 1.479166666666655600 ) ) ;
#584 = CARTESIAN_POINT ( 'NONE',  ( 0.0000000000000000000, 0.0000000000000000000, 0.0000000000000000000 ) ) ;
#585 = EDGE_LOOP ( 'NONE', ( #3009, #2708, #3196, #993 ) ) ;
#586 =( BOUNDED_CURVE ( )  B_SPLINE_CURVE ( 2, ( #380, #1514, #3609, #3344, #680, #2752, #938, #1811, #3052 ),
 .UNSPECIFIED., .F., .F. ) 
 B_SPLINE_CURVE_WITH_KNOTS ( ( 3, 2, 2, 2, 3 ),
 ( 0.1718750000000000000, 0.1770833333333333400, 0.1875000000000000000, 0.1979166666666666600, 0.2031250000000000000 ),
 .UNSPECIFIED. ) 
 CURVE ( )  GEOMETRIC_REPRESENTATION_ITEM ( )  RATIONAL_B_SPLINE_CURVE ( ( 0.9330127018922194100, 0.9330127018922194100, 1.000000000000000000, 0.8660254037844387100, 1.000000000000000000, 0.8660254037844387100, 1.000000000000000000, 0.9330127018922194100, 0.9330127018922194100 ) ) 
 REPRESENTATION_ITEM ( '' )  );
#587 = CARTESIAN_POINT ( 'NONE',  ( 0.8547005383792165600, -1.570059417833440500E-016, 2.349999999999993000 ) ) ;
#588 = CARTESIAN_POINT ( 'NONE',  ( 2.249999999999994200, -0.4380965593093021400, -2.981072655435224900 ) ) ;
#589 = CARTESIAN_POINT ( 'NONE',  ( -0.8547005383792165600, 5.233531392778135700E-017, 1.749999999999992700 ) ) ;
#590 = CARTESIAN_POINT ( 'NONE',  ( 0.4273502691896080000, -0.7401923788646384000, -0.9166666666666738500 ) ) ;
#591 = VERTEX_POINT ( 'NONE', #1994 ) ;
#592 = CARTESIAN_POINT ( 'NONE',  ( -0.8847754037844328700, 0.5108253175473023200, -0.09583333333332363900 ) ) ;
#593 = CARTESIAN_POINT ( 'NONE',  ( 0.9999999999999993300, 0.2679491924311219200, -1.482136720504598100 ) ) ;
#594 = CARTESIAN_POINT ( 'NONE',  ( 1.179700538379243800, -2.167074732417825400E-016, 0.5124999999999890800 ) ) ;
#595 = PERSON_AND_ORGANIZATION_ROLE ( 'design_owner' ) ;
#596 = CARTESIAN_POINT ( 'NONE',  ( 0.6410254037844123100, -0.3700961894323194200, 1.916666666666660300 ) ) ;
#597 = CARTESIAN_POINT ( 'NONE',  ( -0.7393871033050296600, -0.03451766497735638000, -2.696891108675441900 ) ) ;
#598 = CARTESIAN_POINT ( 'NONE',  ( -2.250000000000001800, 0.0000000000000000000, 3.000000000000002700 ) ) ;
#599 = CARTESIAN_POINT ( 'NONE',  ( 0.0000000000000000000, 0.9999999999999991100, 2.650000000000004400 ) ) ;
#600 = CARTESIAN_POINT ( 'NONE',  ( 0.6410254037844127500, 0.3700961894323185300, 1.183333333333326200 ) ) ;
#601 = CARTESIAN_POINT ( 'NONE',  ( -0.8547005383792165600, 5.233531392778135700E-017, -1.050000000000006700 ) ) ;
#602 = CARTESIAN_POINT ( 'NONE',  ( -0.5898502691896223600, -1.021650635094604200, 0.004166666666676182400 ) ) ;
#603 = CARTESIAN_POINT ( 'NONE',  ( -0.9999999999999991100, 1.452555482747798400E-016, -1.300000000000006000 ) ) ;
#604 = EDGE_CURVE ( 'NONE', #2984, #3727, #1527, .T. ) ;
#605 = CARTESIAN_POINT ( 'NONE',  ( -0.7433463941989637600, 2.168904970561389000, 2.980756665990578600 ) ) ;
#606 = CARTESIAN_POINT ( 'NONE',  ( -0.6410254037844124200, 0.3700961894323192000, -2.733333333333335200 ) ) ;
#607 = CARTESIAN_POINT ( 'NONE',  ( -1.251161180115467700E-016, -1.021650635094604400, 0.8124999999999890100 ) ) ;
#608 = DATE_TIME_ROLE ( 'creation_date' ) ;
#609 = CARTESIAN_POINT ( 'NONE',  ( -9.064742275298441300E-017, -0.7401923788646381800, 1.849999999999993200 ) ) ;
#610 = ORIENTED_EDGE ( 'NONE', *, *, #456, .F. ) ;
#611 = CARTESIAN_POINT ( 'NONE',  ( 0.7195411339076273100, 0.6772535246792963400, 2.934890953160300200 ) ) ;
#612 = CARTESIAN_POINT ( 'NONE',  ( -0.9999999999999991100, 0.2679491924311225800, -2.917863279495414900 ) ) ;
#613 = CARTESIAN_POINT ( 'NONE',  ( 0.0000000000000000000, 0.7401923788646381800, 1.249999999999993300 ) ) ;
#614 = CARTESIAN_POINT ( 'NONE',  ( -0.4273502691896085600, -0.7401923788646378500, 0.6166666666666599200 ) ) ;
#615 = CARTESIAN_POINT ( 'NONE',  ( 0.0000000000000000000, 1.021650635094604400, -0.9624999999999902500 ) ) ;
#616 = CC_DESIGN_PERSON_AND_ORGANIZATION_ASSIGNMENT ( #622, #1819, ( #1228 ) ) ;
#617 = VERTEX_POINT ( 'NONE', #2277 ) ;
#618 = CARTESIAN_POINT ( 'NONE',  ( -0.8660254037844378200, 0.4999999999999996700, -0.9333333333333395700 ) ) ;
#619 = CARTESIAN_POINT ( 'NONE',  ( 0.9999999999999991100, -4.357666448243395000E-016, 0.1500000000000044600 ) ) ;
#620 = ORIENTED_EDGE ( 'NONE', *, *, #2247, .T. ) ;
#621 = CARTESIAN_POINT ( 'NONE',  ( 0.4273502691896080000, -0.7401923788646384000, -1.766666666666668200 ) ) ;
#622 = PERSON_AND_ORGANIZATION ( #179, #3554 ) ;
#623 = CARTESIAN_POINT ( 'NONE',  ( 0.0000000000000000000, 1.021650635094604400, 1.412499999999989200 ) ) ;
#624 = PERSON_AND_ORGANIZATION_ROLE ( 'design_supplier' ) ;
#625 = CYLINDRICAL_SURFACE ( 'NONE', #2565, 0.9999999999999991100 ) ;
#626 = FACE_OUTER_BOUND ( 'NONE', #2697, .T. ) ;
#627 = DIRECTION ( 'NONE',  ( -0.0000000000000000000, -0.0000000000000000000, -1.000000000000000000 ) ) ;
#628 = CARTESIAN_POINT ( 'NONE',  ( 0.6410254037844127500, 0.3700961894323185300, -1.266666666666668200 ) ) ;
#629 = CARTESIAN_POINT ( 'NONE',  ( -0.9999999999999991100, 1.452555482747798400E-016, 2.299999999999994000 ) ) ;
#630 = CARTESIAN_POINT ( 'NONE',  ( 0.8547005383792165600, -1.570059417833440500E-016, 3.149999999999992800 ) ) ;
#631 = FACE_OUTER_BOUND ( 'NONE', #1812, .T. ) ;
#632 = CARTESIAN_POINT ( 'NONE',  ( -9.064742275298441300E-017, -0.7401923788646381800, 1.049999999999993600 ) ) ;
#633 = EDGE_CURVE ( 'NONE', #2200, #1017, #2204, .T. ) ;
#634 = CYLINDRICAL_SURFACE ( 'NONE', #2879, 0.9999999999999991100 ) ;
#635 = CARTESIAN_POINT ( 'NONE',  ( -0.5898502691896218000, 1.021650635094604400, 1.870833333333343300 ) ) ;
#636 = VERTEX_POINT ( 'NONE', #244 ) ;
#637 = CARTESIAN_POINT ( 'NONE',  ( 0.5773502691896250600, -0.9999999999999993300, 1.633333333333328200 ) ) ;
#638 = CARTESIAN_POINT ( 'NONE',  ( 0.6410254037844123100, -0.3700961894323194200, -1.733333333333334700 ) ) ;
#639 = ORIENTED_EDGE ( 'NONE', *, *, #2975, .T. ) ;
#640 = CARTESIAN_POINT ( 'NONE',  ( 0.4273502691896080000, -0.7401923788646384000, 2.283333333333326600 ) ) ;
#641 = CARTESIAN_POINT ( 'NONE',  ( -0.9999999999999991100, -0.2679491924311222500, -2.032136720504587500 ) ) ;
#642 = CARTESIAN_POINT ( 'NONE',  ( -0.9704690058060492200, 0.1463146613562684400, -2.927167735616850800 ) ) ;
#643 = CARTESIAN_POINT ( 'NONE',  ( -0.4273502691896082200, 0.7401923788646381800, 1.683333333333326700 ) ) ;
#644 = CARTESIAN_POINT ( 'NONE',  ( 0.4273502691896087800, 0.7401923788646378500, 2.016666666666659500 ) ) ;
#645 = CARTESIAN_POINT ( 'NONE',  ( -0.5898502691896223600, -1.021650635094604200, 2.004166666666676600 ) ) ;
#646 = DIRECTION ( 'NONE',  ( -0.8660254037844388200, -0.4999999999999995600, 0.0000000000000000000 ) ) ;
#647 = CARTESIAN_POINT ( 'NONE',  ( -0.8547005383792165600, 5.233531392778135700E-017, -2.300000000000001200 ) ) ;
#648 = CARTESIAN_POINT ( 'NONE',  ( -0.5773502691896256200, -0.9999999999999988900, -1.583333333333329000 ) ) ;
#649 = EDGE_CURVE ( 'NONE', #542, #2505, #1020, .T. ) ;
#650 = CARTESIAN_POINT ( 'NONE',  ( -0.9999999999999991100, 0.2679491924311225800, 2.282136720504585700 ) ) ;
#651 = CARTESIAN_POINT ( 'NONE',  ( 0.6410254037844127500, 0.3700961894323185300, -2.466666666666668100 ) ) ;
#652 = CARTESIAN_POINT ( 'NONE',  ( 0.0000000000000000000, 0.7401923788646381800, 2.049999999999993600 ) ) ;
#653 = CARTESIAN_POINT ( 'NONE',  ( 0.5898502691896225800, 1.021650635094604000, 2.204166666666676400 ) ) ;
#654 = EDGE_CURVE ( 'NONE', #1257, #1092, #145, .T. ) ;
#655 = ORIENTED_EDGE ( 'NONE', *, *, #746, .T. ) ;
#656 = CARTESIAN_POINT ( 'NONE',  ( -0.4273502691896082200, 0.7401923788646381800, -1.966666666666667700 ) ) ;
#657 = VERTEX_POINT ( 'NONE', #2317 ) ;
#658 = ORIENTED_EDGE ( 'NONE', *, *, #3420, .T. ) ;
#659 = AXIS2_PLACEMENT_3D ( 'NONE', #3447, #3171, #1353 ) ;
#660 = DIRECTION ( 'NONE',  ( -0.0000000000000000000, -0.0000000000000000000, -1.000000000000000000 ) ) ;
#661 = CARTESIAN_POINT ( 'NONE',  ( -0.5773502691896256200, -0.9999999999999988900, -2.783333333333329200 ) ) ;
#662 = CARTESIAN_POINT ( 'NONE',  ( -1.125000000000012000, -1.948557158515008300, -3.000000000000002700 ) ) ;
#663 = ORIENTED_EDGE ( 'NONE', *, *, #2197, .F. ) ;
#664 = CARTESIAN_POINT ( 'NONE',  ( 0.4273502691896087200, 0.7401923788646379600, -2.033333333333335000 ) ) ;
#665 = CARTESIAN_POINT ( 'NONE',  ( 0.8547005383792165600, -1.570059417833440500E-016, 1.549999999999993200 ) ) ;
#666 = CARTESIAN_POINT ( 'NONE',  ( -1.251161180115467700E-016, -1.021650635094604400, 0.4375000000000094900 ) ) ;
#667 = CARTESIAN_POINT ( 'NONE',  ( 0.0000000000000000000, 0.0000000000000000000, 3.000000000000002700 ) ) ;
#668 = ORIENTED_EDGE ( 'NONE', *, *, #3087, .F. ) ;
#669 = CARTESIAN_POINT ( 'NONE',  ( 0.5773502691896259500, 0.9999999999999988900, -2.233333333333339200 ) ) ;
#670 = CARTESIAN_POINT ( 'NONE',  ( 0.6410254037844127500, 0.3700961894323185300, -1.666666666666668100 ) ) ;
#671 = LINE ( 'NONE', #2077, #538 ) ;
#672 =( BOUNDED_CURVE ( )  B_SPLINE_CURVE ( 2, ( #893, #568, #2977, #2029, #1761, #2626, #2638, #2951, #3509 ),
 .UNSPECIFIED., .F., .F. ) 
 B_SPLINE_CURVE_WITH_KNOTS ( ( 3, 2, 2, 2, 3 ),
 ( 0.5156250000000000000, 0.5208333333333333700, 0.5312500000000000000, 0.5416666666666666300, 0.5468750000000000000 ),
 .UNSPECIFIED. ) 
 CURVE ( )  GEOMETRIC_REPRESENTATION_ITEM ( )  RATIONAL_B_SPLINE_CURVE ( ( 0.9330127018922194100, 0.9330127018922194100, 1.000000000000000000, 0.8660254037844387100, 1.000000000000000000, 0.8660254037844387100, 1.000000000000000000, 0.9330127018922194100, 0.9330127018922194100 ) ) 
 REPRESENTATION_ITEM ( '' )  );
#673 = ORIENTED_EDGE ( 'NONE', *, *, #2041, .T. ) ;
#674 = CARTESIAN_POINT ( 'NONE',  ( 0.9999999999999991100, 1.224646799147352200E-016, 3.000000000000002700 ) ) ;
#675 = CARTESIAN_POINT ( 'NONE',  ( 0.4273502691896080000, -0.7401923788646384000, -1.766666666666668200 ) ) ;
#676 = CARTESIAN_POINT ( 'NONE',  ( 0.2821628645298281400, -0.7401923788646384000, 2.672008711578663000 ) ) ;
#677 = EDGE_CURVE ( 'NONE', #2864, #3507, #350, .T. ) ;
#678 = VERTEX_POINT ( 'NONE', #597 ) ;
#679 = CARTESIAN_POINT ( 'NONE',  ( 0.6410254037844127500, 0.3700961894323185300, -1.616666666666673600 ) ) ;
#680 = CARTESIAN_POINT ( 'NONE',  ( 0.0000000000000000000, 0.9999999999999991100, -2.149999999999995500 ) ) ;
#681 = CARTESIAN_POINT ( 'NONE',  ( -0.9999999999999991100, 0.2679491924311225800, -0.5178632794954142200 ) ) ;
#682 = B_SPLINE_CURVE_WITH_KNOTS ( 'NONE', 3,
 ( #301, #642, #3017, #3604, #915, #3617 ),
 .UNSPECIFIED., .F., .F.,
 ( 4, 2, 4 ),
 ( 0.004713152063308171200, 0.005153080866188975600, 0.005593009669069780000 ),
 .UNSPECIFIED. ) ;
#683 = CARTESIAN_POINT ( 'NONE',  ( 0.0000000000000000000, 0.7401923788646381800, -1.301042606982605300E-015 ) ) ;
#684 = CARTESIAN_POINT ( 'NONE',  ( 0.9999999999999993300, 0.2679491924311219200, 2.117863279495402700 ) ) ;
#685 = AXIS2_PLACEMENT_3D ( 'NONE', #859, #272, #2925 ) ;
#686 = CARTESIAN_POINT ( 'NONE',  ( -0.6410254037844124200, 0.3700961894323192000, -1.133333333333334600 ) ) ;
#687 = CARTESIAN_POINT ( 'NONE',  ( -0.8547005383792165600, 5.233531392778135700E-017, -1.100000000000001200 ) ) ;
#688 = CARTESIAN_POINT ( 'NONE',  ( 0.0000000000000000000, 0.9999999999999991100, 1.050000000000004500 ) ) ;
#689 = CARTESIAN_POINT ( 'NONE',  ( -0.9999999999999991100, -0.2679491924311222500, -2.882136720504597800 ) ) ;
#690 = CARTESIAN_POINT ( 'NONE',  ( 0.5898502691896216900, -1.021650635094604600, 2.845833333333322600 ) ) ;
#691 = CARTESIAN_POINT ( 'NONE',  ( -1.224646799147352500E-016, -0.9999999999999991100, 1.999999999999994000 ) ) ;
#692 = CARTESIAN_POINT ( 'NONE',  ( 2.249999999999992900, 0.4426578913696249700, 2.980556613359318400 ) ) ;
#693 = CARTESIAN_POINT ( 'NONE',  ( 0.4273502691896080000, -0.7401923788646384000, 0.2333333333333319200 ) ) ;
#694 = CARTESIAN_POINT ( 'NONE',  ( 0.5773502691896250600, -0.9999999999999993300, -2.316666666666662400 ) ) ;
#695 = CARTESIAN_POINT ( 'NONE',  ( -0.9999999999999991100, 1.452555482747798400E-016, -1.300000000000006000 ) ) ;
#696 = CARTESIAN_POINT ( 'NONE',  ( -0.8547005383792165600, 5.233531392778135700E-017, -1.900000000000001200 ) ) ;
#697 = CARTESIAN_POINT ( 'NONE',  ( -0.4273502691896082200, 0.7401923788646381800, -2.366666666666668000 ) ) ;
#698 = CARTESIAN_POINT ( 'NONE',  ( 0.5773502691896250600, -0.9999999999999993300, -1.566666666666672900 ) ) ;
#699 = ORIENTED_EDGE ( 'NONE', *, *, #222, .T. ) ;
#700 = CARTESIAN_POINT ( 'NONE',  ( -9.064742275298441300E-017, -0.7401923788646381800, -2.550000000000006900 ) ) ;
#701 = CARTESIAN_POINT ( 'NONE',  ( 0.7421633369868012600, -3.050366513770377000E-016, 2.698862066797605800 ) ) ;
#702 = CARTESIAN_POINT ( 'NONE',  ( -2.250000000000001800, 1.299038105676638200, -2.799038105676667800 ) ) ;
#703 = B_SPLINE_CURVE_WITH_KNOTS ( 'NONE', 3,
 ( #2746, #3036, #953, #2126, #70, #3023 ),
 .UNSPECIFIED., .F., .F.,
 ( 4, 2, 4 ),
 ( 0.001314652396222785000, 0.001969405109320625100, 0.002624157822418465200 ),
 .UNSPECIFIED. ) ;
#704 = ORIENTED_EDGE ( 'NONE', *, *, #1422, .T. ) ;
#705 = CARTESIAN_POINT ( 'NONE',  ( -9.064742275298441300E-017, -0.7401923788646381800, -1.000000000000001300 ) ) ;
#706 = ORIENTED_EDGE ( 'NONE', *, *, #1516, .T. ) ;
#707 = CARTESIAN_POINT ( 'NONE',  ( 0.8660254037844377100, -0.5000000000000000000, 1.266666666666660600 ) ) ;
#708 = CARTESIAN_POINT ( 'NONE',  ( -2.250000000000001800, -1.299038105676685100, 3.000000000000002700 ) ) ;
#709 = CARTESIAN_POINT ( 'NONE',  ( -1.224646799147352500E-016, -0.9999999999999991100, -0.3499999999999956500 ) ) ;
#710 = CARTESIAN_POINT ( 'NONE',  ( 0.0000000000000000000, 0.7401923788646381800, -0.8000000000000012700 ) ) ;
#711 = CARTESIAN_POINT ( 'NONE',  ( 0.4273502691896080000, -0.7401923788646384000, -1.366666666666667800 ) ) ;
#712 = CIRCLE ( 'NONE', #809, 2.250000000000001800 ) ;
#713 = CARTESIAN_POINT ( 'NONE',  ( -0.9999999999999991100, 0.2679491924311225800, 1.132136720504596200 ) ) ;
#714 = FACE_OUTER_BOUND ( 'NONE', #582, .T. ) ;
#715 = CARTESIAN_POINT ( 'NONE',  ( 1.179700538379243800, -2.167074732417825400E-016, 3.312499999999988900 ) ) ;
#716 = CARTESIAN_POINT ( 'NONE',  ( -0.7475480947208553700, 2.231492718037753700E-011, -2.704246824531659800 ) ) ;
#717 = CONICAL_SURFACE ( 'NONE', #1762, 2.250000000000001800, 1.047197551196600100 ) ;
#718 = DIRECTION ( 'NONE',  ( 0.0000000000000000000, 0.0000000000000000000, 1.000000000000000000 ) ) ;
#719 = CARTESIAN_POINT ( 'NONE',  ( -0.6410254037844124200, 0.3700961894323192000, -0.7333333333333345000 ) ) ;
#720 = ORIENTED_EDGE ( 'NONE', *, *, #1638, .T. ) ;
#721 = CARTESIAN_POINT ( 'NONE',  ( -0.9999999999999991100, 1.452555482747798400E-016, -1.249999999999995800 ) ) ;
#722 = EDGE_LOOP ( 'NONE', ( #2557, #668, #3640 ) ) ;
#723 = CARTESIAN_POINT ( 'NONE',  ( 0.0000000000000000000, 0.0000000000000000000, 3.000000000000002700 ) ) ;
#724 = CARTESIAN_POINT ( 'NONE',  ( -0.4273502691896085600, -0.7401923788646379600, 0.5666666666666654300 ) ) ;
#725 = CARTESIAN_POINT ( 'NONE',  ( 0.6410254037844123100, -0.3700961894323194200, -0.5333333333333344400 ) ) ;
#726 = CARTESIAN_POINT ( 'NONE',  ( 0.9999999999999988900, -0.2679491924311228100, -1.517863279495414300 ) ) ;
#727 = ADVANCED_FACE ( 'NONE', ( #2858 ), #717, .T. ) ;
#728 = CARTESIAN_POINT ( 'NONE',  ( -0.8547005383792165600, 5.233531392778135700E-017, -3.050000000000007400 ) ) ;
#729 = CARTESIAN_POINT ( 'NONE',  ( 0.8372595264191455800, -9.906428392339986900E-015, -2.793958256229949600 ) ) ;
#730 = B_SPLINE_CURVE_WITH_KNOTS ( 'NONE', 3,
 ( #2923, #819, #1134, #3477, #225, #3807, #1371, #1661, #3781, #1980, #1383, #3759, #1105, #3201, #3239, #2031 ),
 .UNSPECIFIED., .F., .F.,
 ( 4, 2, 2, 2, 2, 2, 2, 4 ),
 ( 0.001886276592809614200, 0.002239636026621934000, 0.002592995460434253500, 0.002946354894246573000, 0.003299714328058893000, 0.003653073761871212600, 0.004006433195683532100, 0.004713152063308171200 ),
 .UNSPECIFIED. ) ;
#731 = CARTESIAN_POINT ( 'NONE',  ( -0.6410254037844124200, 0.3700961894323192000, 1.266666666666665100 ) ) ;
#732 = PERSON_AND_ORGANIZATION ( #179, #3554 ) ;
#733 = CARTESIAN_POINT ( 'NONE',  ( -2.250000000000001800, -1.299038105676685100, -2.799038105676654000 ) ) ;
#734 = CARTESIAN_POINT ( 'NONE',  ( 2.762968978863520600E-016, 2.598076211353297400, 2.799038105676674000 ) ) ;
#735 = DIRECTION ( 'NONE',  ( 1.000000000000000000, 0.0000000000000000000, 0.0000000000000000000 ) ) ;
#736 = CARTESIAN_POINT ( 'NONE',  ( 0.8547005383792165600, -1.570059417833440500E-016, 0.2999999999999986000 ) ) ;
#737 = CARTESIAN_POINT ( 'NONE',  ( 0.0000000000000000000, 0.7401923788646381800, -1.301042606982605300E-015 ) ) ;
#738 = CARTESIAN_POINT ( 'NONE',  ( -0.5773502691896251800, 0.9999999999999991100, 1.083333333333337700 ) ) ;
#739 = CARTESIAN_POINT ( 'NONE',  ( -0.4273502691896085600, -0.7401923788646379600, -2.983333333333340500 ) ) ;
#740 = CARTESIAN_POINT ( 'NONE',  ( 0.0000000000000000000, 0.0000000000000000000, -3.000000000000002700 ) ) ;
#741 = CARTESIAN_POINT ( 'NONE',  ( 2.249999999999991600, 1.299038105676643400, 2.799038105676671300 ) ) ;
#742 = CARTESIAN_POINT ( 'NONE',  ( -0.4273502691896085600, -0.7401923788646379600, 1.766666666666665500 ) ) ;
#743 = ADVANCED_FACE ( 'NONE', ( #1921 ), #3001, .F. ) ;
#744 = ORIENTED_EDGE ( 'NONE', *, *, #3743, .T. ) ;
#745 = CARTESIAN_POINT ( 'NONE',  ( 0.0000000000000000000, 0.0000000000000000000, 3.000000000000002700 ) ) ;
#746 = EDGE_CURVE ( 'NONE', #3590, #1350, #944, .T. ) ;
#747 =( BOUNDED_CURVE ( )  B_SPLINE_CURVE ( 2, ( #1799, #1167, #618, #3291, #17, #2706, #1218, #3316, #3572 ),
 .UNSPECIFIED., .F., .F. ) 
 B_SPLINE_CURVE_WITH_KNOTS ( ( 3, 2, 2, 2, 3 ),
 ( 0.6718750000000000000, 0.6770833333333332600, 0.6875000000000000000, 0.6979166666666667400, 0.7031250000000000000 ),
 .UNSPECIFIED. ) 
 CURVE ( )  GEOMETRIC_REPRESENTATION_ITEM ( )  RATIONAL_B_SPLINE_CURVE ( ( 0.9330127018922194100, 0.9330127018922194100, 1.000000000000000000, 0.8660254037844387100, 1.000000000000000000, 0.8660254037844387100, 1.000000000000000000, 0.9330127018922194100, 0.9330127018922194100 ) ) 
 REPRESENTATION_ITEM ( '' )  );
#748 = CARTESIAN_POINT ( 'NONE',  ( -0.8847754037844328700, 0.5108253175473023200, -2.520833333333344600 ) ) ;
#749 = ORIENTED_EDGE ( 'NONE', *, *, #1264, .F. ) ;
#750 = CARTESIAN_POINT ( 'NONE',  ( -0.8547005383792165600, 5.233531392778135700E-017, 0.8999999999999989100 ) ) ;
#751 = CARTESIAN_POINT ( 'NONE',  ( 0.8547005383792165600, -1.570059417833440500E-016, -0.1000000000000011300 ) ) ;
#752 = CARTESIAN_POINT ( 'NONE',  ( 0.7755093078858856800, 0.3132298290882511400, -2.778251129395384200 ) ) ;
#753 = CARTESIAN_POINT ( 'NONE',  ( -0.4273502691896082200, 0.7401923788646381800, -1.916666666666673800 ) ) ;
#754 = DIRECTION ( 'NONE',  ( -0.0000000000000000000, -0.0000000000000000000, -1.000000000000000000 ) ) ;
#755 = VERTEX_POINT ( 'NONE', #1779 ) ;
#756 = CARTESIAN_POINT ( 'NONE',  ( 0.8847754037844333100, 0.5108253175473014300, 2.570833333333343500 ) ) ;
#757 = CARTESIAN_POINT ( 'NONE',  ( 0.4273502691896080000, -0.7401923788646384000, -2.516666666666673700 ) ) ;
#758 = B_SPLINE_CURVE_WITH_KNOTS ( 'NONE', 3,
 ( #546, #869, #3848, #292, #3236, #2333, #2613, #237, #255, #1722, #1445, #839, #2364, #3558, #2351, #3805, #2375, #1435 ),
 .UNSPECIFIED., .F., .F.,
 ( 4, 2, 2, 2, 2, 2, 2, 2, 4 ),
 ( 0.003569658104859801300, 0.003884181414588324200, 0.004198704724316848000, 0.004513228034045370900, 0.004827751343773894700, 0.005142274653502417600, 0.005456797963230941400, 0.005771321272959465200, 0.006085844582687988100 ),
 .UNSPECIFIED. ) ;
#759 = CARTESIAN_POINT ( 'NONE',  ( -9.064742275298441300E-017, -0.7401923788646381800, 2.199999999999998800 ) ) ;
#760 = ORIENTED_EDGE ( 'NONE', *, *, #1735, .T. ) ;
#761 = VECTOR ( 'NONE', #349, 1000.000000000000000 ) ;
#762 = CARTESIAN_POINT ( 'NONE',  ( 1.043301270189199000, -1.277675561083570400E-016, 3.000000000000002700 ) ) ;
#763 = FACE_OUTER_BOUND ( 'NONE', #3107, .T. ) ;
#764 = CARTESIAN_POINT ( 'NONE',  ( 0.0000000000000000000, 1.021650635094604400, -1.787500000000011000 ) ) ;
#765 = CARTESIAN_POINT ( 'NONE',  ( 0.6410254037844127500, 0.3700961894323185300, -0.06666666666666799800 ) ) ;
#766 = CARTESIAN_POINT ( 'NONE',  ( 0.0000000000000000000, 0.7401923788646381800, 0.7999999999999986000 ) ) ;
#767 = ORIENTED_EDGE ( 'NONE', *, *, #359, .F. ) ;
#768 = CARTESIAN_POINT ( 'NONE',  ( 0.0000000000000000000, 0.7401923788646381800, -2.350000000000007200 ) ) ;
#769 = CARTESIAN_POINT ( 'NONE',  ( -1.251161180115467700E-016, -1.021650635094604400, 2.837500000000010100 ) ) ;
#770 = CARTESIAN_POINT ( 'NONE',  ( -0.6410254037844124200, 0.3700961894323192000, -3.083333333333340100 ) ) ;
#771 = ORIENTED_EDGE ( 'NONE', *, *, #3058, .F. ) ;
#772 = CARTESIAN_POINT ( 'NONE',  ( 0.6410254037844127500, 0.3700961894323185300, 2.333333333333332100 ) ) ;
#773 = EDGE_CURVE ( 'NONE', #1951, #2398, #1128, .T. ) ;
#774 = DIRECTION ( 'NONE',  ( -1.000000000000000000, 0.0000000000000000000, 0.0000000000000000000 ) ) ;
#775 = CARTESIAN_POINT ( 'NONE',  ( -0.8847754037844328700, 0.5108253175473023200, -2.920833333333344500 ) ) ;
#776 = CARTESIAN_POINT ( 'NONE',  ( -0.6410254037844124200, 0.3700961894323192000, 2.866666666666665800 ) ) ;
#777 = CARTESIAN_POINT ( 'NONE',  ( -9.064742275298441300E-017, -0.7401923788646381800, -0.2000000000000014000 ) ) ;
#778 = CARTESIAN_POINT ( 'NONE',  ( -1.224646799147352500E-016, -0.9999999999999991100, 0.4500000000000042900 ) ) ;
#779 = EDGE_CURVE ( 'NONE', #657, #2478, #2303, .T. ) ;
#780 = CARTESIAN_POINT ( 'NONE',  ( 0.6410254037844127500, 0.3700961894323185300, -2.416666666666673600 ) ) ;
#781 = DIRECTION ( 'NONE',  ( -0.0000000000000000000, -0.0000000000000000000, -1.000000000000000000 ) ) ;
#782 = CARTESIAN_POINT ( 'NONE',  ( -9.064742275298441300E-017, -0.7401923788646381800, -2.550000000000006900 ) ) ;
#783 = CARTESIAN_POINT ( 'NONE',  ( -0.6410254037844125300, -0.3700961894323189200, -3.016666666666673700 ) ) ;
#784 = CARTESIAN_POINT ( 'NONE',  ( 0.4273502691896087200, 0.7401923788646379600, 1.566666666666666000 ) ) ;
#785 = AXIS2_PLACEMENT_3D ( 'NONE', #2840, #3435, #1927 ) ;
#786 = ADVANCED_FACE ( 'NONE', ( #1413 ), #625, .F. ) ;
#787 = CARTESIAN_POINT ( 'NONE',  ( 0.5773502691896250600, -0.9999999999999993300, 0.8333333333333271500 ) ) ;
#788 = CARTESIAN_POINT ( 'NONE',  ( 0.8547005383792165600, -1.570059417833440500E-016, 1.499999999999998900 ) ) ;
#789 = CARTESIAN_POINT ( 'NONE',  ( 0.5773502691896250600, -0.9999999999999993300, 0.8833333333333378600 ) ) ;
#790 = CARTESIAN_POINT ( 'NONE',  ( 0.9999999999999991100, 1.224646799147352200E-016, 3.000000000000002700 ) ) ;
#791 = CARTESIAN_POINT ( 'NONE',  ( -9.064742275298441300E-017, -0.7401923788646381800, -0.9500000000000068400 ) ) ;
#792 = CARTESIAN_POINT ( 'NONE',  ( -2.066424524318482000, -1.405025455978024000, 2.860229930904653700 ) ) ;
#793 = CARTESIAN_POINT ( 'NONE',  ( 2.249999999999991600, 1.299038105676643400, 3.000000000000002700 ) ) ;
#794 = CARTESIAN_POINT ( 'NONE',  ( -0.4273502691896082200, 0.7401923788646381800, -1.116666666666673400 ) ) ;
#795 = ORIENTED_EDGE ( 'NONE', *, *, #1046, .F. ) ;
#796 = CARTESIAN_POINT ( 'NONE',  ( 1.179700538379243800, -2.167074732417825400E-016, -3.062499999999990200 ) ) ;
#797 = ORIENTED_EDGE ( 'NONE', *, *, #1422, .F. ) ;
#798 = CARTESIAN_POINT ( 'NONE',  ( 0.0000000000000000000, 0.0000000000000000000, 3.000000000000002700 ) ) ;
#799 = EDGE_CURVE ( 'NONE', #3559, #352, #1079, .T. ) ;
#800 = CARTESIAN_POINT ( 'NONE',  ( 0.7715451569683193800, 0.6636445877971647300, 2.944242972519805200 ) ) ;
#801 = CARTESIAN_POINT ( 'NONE',  ( -9.064742275298441300E-017, -0.7401923788646381800, 2.599999999999999200 ) ) ;
#802 = CARTESIAN_POINT ( 'NONE',  ( 0.4273502691896080000, -0.7401923788646384000, 1.833333333333331700 ) ) ;
#803 = ORIENTED_EDGE ( 'NONE', *, *, #902, .T. ) ;
#804 = ADVANCED_FACE ( 'NONE', ( #1820 ), #3418, .F. ) ;
#805 = CONICAL_SURFACE ( 'NONE', #3649, 2.250000000000001800, 1.047197551196600100 ) ;
#806 = CARTESIAN_POINT ( 'NONE',  ( 0.4273502691896087200, 0.7401923788646379600, -1.983333333333340300 ) ) ;
#807 = CARTESIAN_POINT ( 'NONE',  ( 0.9999999999999988900, -0.2679491924311228100, 2.132136720504596500 ) ) ;
#808 = CARTESIAN_POINT ( 'NONE',  ( 0.8020696663256468000, -0.2207322510960558800, 2.780808332675747800 ) ) ;
#809 = AXIS2_PLACEMENT_3D ( 'NONE', #1334, #3411, #1281 ) ;
#810 = FACE_OUTER_BOUND ( 'NONE', #158, .T. ) ;
#811 = CARTESIAN_POINT ( 'NONE',  ( -0.4273502691896085600, -0.7401923788646379600, -2.583333333333340100 ) ) ;
#812 = LINE ( 'NONE', #1157, #200 ) ;
#813 = CARTESIAN_POINT ( 'NONE',  ( 0.5898502691896225800, 1.021650635094604000, -2.595833333333323400 ) ) ;
#814 = CIRCLE ( 'NONE', #333, 2.250000000000001800 ) ;
#815 = LINE ( 'NONE', #432, #3744 ) ;
#816 = CARTESIAN_POINT ( 'NONE',  ( -0.9999999999999991100, -0.2679491924311222500, 0.7178632794954018500 ) ) ;
#817 = EDGE_LOOP ( 'NONE', ( #1775, #1493, #57, #1358 ) ) ;
#818 = CARTESIAN_POINT ( 'NONE',  ( 0.0000000000000000000, 1.021650635094604400, -1.387500000000010800 ) ) ;
#819 = CARTESIAN_POINT ( 'NONE',  ( 0.8432100090876070200, -0.1178777114422897600, -2.799908738898412500 ) ) ;
#820 = CARTESIAN_POINT ( 'NONE',  ( -0.4273502691896082200, 0.7401923788646381800, 2.033333333333332300 ) ) ;
#821 = CARTESIAN_POINT ( 'NONE',  ( 0.4273502691896080000, -0.7401923788646384000, 2.633333333333332900 ) ) ;
#822 = DIRECTION ( 'NONE',  ( 0.0000000000000000000, 0.0000000000000000000, 1.000000000000000000 ) ) ;
#823 = VERTEX_POINT ( 'NONE', #3839 ) ;
#824 = CARTESIAN_POINT ( 'NONE',  ( 0.4273502691896080000, -0.7401923788646384000, -0.1166666666666733300 ) ) ;
#825 = CARTESIAN_POINT ( 'NONE',  ( 0.9999999999999991100, 1.224646799147352200E-016, 3.000000000000002700 ) ) ;
#826 = CARTESIAN_POINT ( 'NONE',  ( -2.250000000000001800, 0.0000000000000000000, 3.000000000000002700 ) ) ;
#827 = CARTESIAN_POINT ( 'NONE',  ( 0.8547005383792165600, -1.570059417833440500E-016, -0.05000000000000665000 ) ) ;
#828 = CARTESIAN_POINT ( 'NONE',  ( -0.8847754037844328700, 0.5108253175473023200, -2.095833333333323900 ) ) ;
#829 = CARTESIAN_POINT ( 'NONE',  ( 0.0000000000000000000, 0.9999999999999991100, 1.399999999999993900 ) ) ;
#830 = EDGE_CURVE ( 'NONE', #2193, #2385, #3606, .T. ) ;
#831 = CARTESIAN_POINT ( 'NONE',  ( 0.5898502691896216900, -1.021650635094604600, 0.04583333333332265100 ) ) ;
#832 = CARTESIAN_POINT ( 'NONE',  ( -0.8547005383792165600, 5.233531392778135700E-017, 1.299999999999998900 ) ) ;
#833 = CARTESIAN_POINT ( 'NONE',  ( 0.0000000000000000000, 0.7401923788646381800, 1.999999999999999100 ) ) ;
#834 = AXIS2_PLACEMENT_3D ( 'NONE', #1346, #1641, #2543 ) ;
#835 = CARTESIAN_POINT ( 'NONE',  ( -9.064742275298441300E-017, -0.7401923788646381800, 1.049999999999993600 ) ) ;
#836 = CARTESIAN_POINT ( 'NONE',  ( 0.6410254037844127500, 0.3700961894323185300, 0.3833333333333267000 ) ) ;
#837 = CARTESIAN_POINT ( 'NONE',  ( -0.4273502691896085600, -0.7401923788646379600, 2.966666666666665000 ) ) ;
#838 = AXIS2_PLACEMENT_3D ( 'NONE', #1749, #2933, #1470 ) ;
#839 = CARTESIAN_POINT ( 'NONE',  ( 0.3562022945437726700, 0.7095333832038026600, 2.743651362778162900 ) ) ;
#840 = CARTESIAN_POINT ( 'NONE',  ( -0.8847754037844329800, -0.5108253175473019800, -0.8541666666666775100 ) ) ;
#841 = CARTESIAN_POINT ( 'NONE',  ( 0.0000000000000000000, 0.0000000000000000000, 3.000000000000002700 ) ) ;
#842 = ORIENTED_EDGE ( 'NONE', *, *, #3713, .T. ) ;
#843 = CARTESIAN_POINT ( 'NONE',  ( 1.125000000000010200, -1.948557158515006300, -3.000000000000002700 ) ) ;
#844 = CARTESIAN_POINT ( 'NONE',  ( 0.9999999999999991100, -4.357666448243395000E-016, 0.8999999999999939200 ) ) ;
#845 = ORIENTED_EDGE ( 'NONE', *, *, #3620, .F. ) ;
#846 = CARTESIAN_POINT ( 'NONE',  ( -0.6410254037844125300, -0.3700961894323189200, 1.383333333333326600 ) ) ;
#847 = CARTESIAN_POINT ( 'NONE',  ( 0.0000000000000000000, 0.9999999999999991100, 0.9999999999999937800 ) ) ;
#848 = ORIENTED_EDGE ( 'NONE', *, *, #2788, .F. ) ;
#849 = CARTESIAN_POINT ( 'NONE',  ( -2.250000000000001800, 0.2199373071784595500, 3.000000000000002200 ) ) ;
#850 = CARTESIAN_POINT ( 'NONE',  ( -0.8547005383792165600, 5.233531392778135700E-017, 0.5499999999999931600 ) ) ;
#851 = EDGE_CURVE ( 'NONE', #678, #2817, #960, .T. ) ;
#852 =( BOUNDED_CURVE ( )  B_SPLINE_CURVE ( 2, ( #2485, #2775, #409, #2448, #3360, #3673, #1004, #3069, #1857 ),
 .UNSPECIFIED., .F., .F. ) 
 B_SPLINE_CURVE_WITH_KNOTS ( ( 3, 2, 2, 2, 3 ),
 ( 0.5156250000000000000, 0.5208333333333332600, 0.5312500000000000000, 0.5416666666666667400, 0.5468750000000000000 ),
 .UNSPECIFIED. ) 
 CURVE ( )  GEOMETRIC_REPRESENTATION_ITEM ( )  RATIONAL_B_SPLINE_CURVE ( ( 0.9330127018922194100, 0.9330127018922194100, 1.000000000000000000, 0.8660254037844387100, 1.000000000000000000, 0.8660254037844387100, 1.000000000000000000, 0.9330127018922194100, 0.9330127018922194100 ) ) 
 REPRESENTATION_ITEM ( '' )  );
#853 = CARTESIAN_POINT ( 'NONE',  ( 0.5898502691896225800, 1.021650635094604000, 0.2041666666666762700 ) ) ;
#854 = EDGE_LOOP ( 'NONE', ( #1692, #2159, #2910, #401, #308, #1777 ) ) ;
#855 = CYLINDRICAL_SURFACE ( 'NONE', #3875, 0.9999999999999991100 ) ;
#856 = EDGE_CURVE ( 'NONE', #183, #617, #3570, .T. ) ;
#857 = CARTESIAN_POINT ( 'NONE',  ( -0.8847754037844328700, 0.5108253175473023200, -0.5208333333333440300 ) ) ;
#858 = CARTESIAN_POINT ( 'NONE',  ( 0.9999999999999993300, 0.2679491924311219200, 0.5678632794954128200 ) ) ;
#859 = CARTESIAN_POINT ( 'NONE',  ( 0.0000000000000000000, 0.0000000000000000000, 3.000000000000002700 ) ) ;
#860 = ORIENTED_EDGE ( 'NONE', *, *, #2122, .T. ) ;
#861 = LINE ( 'NONE', #1510, #1633 ) ;
#862 = CARTESIAN_POINT ( 'NONE',  ( 0.4273502691896087200, 0.7401923788646379600, 1.216666666666660100 ) ) ;
#863 = CARTESIAN_POINT ( 'NONE',  ( -0.5773502691896251800, 0.9999999999999991100, -1.766666666666672600 ) ) ;
#864 = CARTESIAN_POINT ( 'NONE',  ( -0.6410254037844124200, 0.3700961894323192000, 0.9166666666666603000 ) ) ;
#865 = VERTEX_POINT ( 'NONE', #522 ) ;
#866 = CARTESIAN_POINT ( 'NONE',  ( -0.6410254037844125300, -0.3700961894323189200, 0.9833333333333265100 ) ) ;
#867 = CARTESIAN_POINT ( 'NONE',  ( -0.5898502691896223600, -1.021650635094604200, -0.7958333333333237300 ) ) ;
#868 = ORIENTED_EDGE ( 'NONE', *, *, #3474, .F. ) ;
#869 = CARTESIAN_POINT ( 'NONE',  ( -0.8638065137533299500, 0.1059186563392675400, 2.820505243564186000 ) ) ;
#870 = CARTESIAN_POINT ( 'NONE',  ( 0.5898502691896225800, 1.021650635094604000, -0.2208333333333441200 ) ) ;
#871 = DIRECTION ( 'NONE',  ( 0.0000000000000000000, 0.0000000000000000000, 1.000000000000000000 ) ) ;
#872 = CARTESIAN_POINT ( 'NONE',  ( 0.6410254037844123100, -0.3700961894323194200, 1.516666666666660200 ) ) ;
#873 = CARTESIAN_POINT ( 'NONE',  ( -0.9999999999999991100, 1.452555482747798400E-016, 1.099999999999994100 ) ) ;
#874 = CARTESIAN_POINT ( 'NONE',  ( 0.8660254037844377100, -0.5000000000000000000, -1.133333333333339500 ) ) ;
#875 = CARTESIAN_POINT ( 'NONE',  ( -0.6410254037844124200, 0.3700961894323192000, 0.5166666666666600600 ) ) ;
#876 = CARTESIAN_POINT ( 'NONE',  ( -0.6410254037844124200, 0.3700961894323192000, -0.6833333333333400100 ) ) ;
#877 = CARTESIAN_POINT ( 'NONE',  ( -0.8847754037844328700, 0.5108253175473023200, -1.695833333333323800 ) ) ;
#878 = APPROVAL_DATE_TIME ( #1655, #1479 ) ;
#879 = CARTESIAN_POINT ( 'NONE',  ( 0.9999999999999991100, -4.357666448243395000E-016, -1.500000000000006200 ) ) ;
#880 = EDGE_CURVE ( 'NONE', #3874, #3119, #1915, .T. ) ;
#881 = DIRECTION ( 'NONE',  ( -1.000000000000000000, 0.0000000000000000000, 0.0000000000000000000 ) ) ;
#882 = CARTESIAN_POINT ( 'NONE',  ( -1.179700538379243800, 7.223582441392750400E-017, 1.512499999999989500 ) ) ;
#883 = DIRECTION ( 'NONE',  ( 1.000000000000000000, 0.0000000000000000000, 0.0000000000000000000 ) ) ;
#884 = AXIS2_PLACEMENT_3D ( 'NONE', #3142, #3157, #3644 ) ;
#885 = CARTESIAN_POINT ( 'NONE',  ( 0.4273502691896087200, 0.7401923788646379600, 3.216666666666660100 ) ) ;
#886 = CARTESIAN_POINT ( 'NONE',  ( -0.8660254037844379300, -0.4999999999999993300, 2.383333333333337700 ) ) ;
#887 = CARTESIAN_POINT ( 'NONE',  ( 0.8810556410908762000, 0.2845806772447077000, 2.872066715761014700 ) ) ;
#888 = CARTESIAN_POINT ( 'NONE',  ( 0.4273502691896087200, 0.7401923788646379600, 1.616666666666660300 ) ) ;
#889 = CARTESIAN_POINT ( 'NONE',  ( -0.6410254037844125300, -0.3700961894323189200, -0.6166666666666733600 ) ) ;
#890 = CARTESIAN_POINT ( 'NONE',  ( 0.8847754037844333100, 0.5108253175473014300, -1.429166666666657100 ) ) ;
#891 = CARTESIAN_POINT ( 'NONE',  ( 0.9949389826805613600, 0.1004809471619781700, 2.956698729810803600 ) ) ;
#892 = ORIENTED_EDGE ( 'NONE', *, *, #1264, .T. ) ;
#893 = CARTESIAN_POINT ( 'NONE',  ( -0.9999999999999991100, 1.452555482747798400E-016, -0.04999999999999562400 ) ) ;
#894 = CARTESIAN_POINT ( 'NONE',  ( -1.179700538379243800, 7.223582441392750400E-017, 1.912499999999989000 ) ) ;
#895 = ORIENTED_EDGE ( 'NONE', *, *, #2217, .T. ) ;
#896 = CARTESIAN_POINT ( 'NONE',  ( 0.6410254037844123100, -0.3700961894323194200, 3.116666666666660000 ) ) ;
#897 = CARTESIAN_POINT ( 'NONE',  ( 0.0000000000000000000, 0.0000000000000000000, 3.000000000000002700 ) ) ;
#898 = CARTESIAN_POINT ( 'NONE',  ( -0.9999999999999991100, 1.452555482747798400E-016, -1.649999999999995500 ) ) ;
#899 = EDGE_LOOP ( 'NONE', ( #88, #3077, #3656 ) ) ;
#900 = CARTESIAN_POINT ( 'NONE',  ( 0.4273502691896087200, 0.7401923788646379600, 2.816666666666659800 ) ) ;
#901 = CARTESIAN_POINT ( 'NONE',  ( 0.4273502691896080000, -0.7401923788646384000, 0.2833333333333264400 ) ) ;
#902 = EDGE_CURVE ( 'NONE', #2158, #2936, #93, .T. ) ;
#903 = CARTESIAN_POINT ( 'NONE',  ( 0.8847754037844333100, 0.5108253175473014300, -0.2291666666666570300 ) ) ;
#904 = LINE ( 'NONE', #790, #1219 ) ;
#905 = CARTESIAN_POINT ( 'NONE',  ( 0.0000000000000000000, 0.0000000000000000000, 3.000000000000002700 ) ) ;
#906 = DIRECTION ( 'NONE',  ( 0.5000000000000001100, 0.8660254037844387100, -0.0000000000000000000 ) ) ;
#907 = AXIS2_PLACEMENT_3D ( 'NONE', #1741, #3252, #216 ) ;
#908 = ORIENTED_EDGE ( 'NONE', *, *, #3815, .F. ) ;
#909 = CARTESIAN_POINT ( 'NONE',  ( 1.179700538379243800, -2.167074732417825400E-016, 1.312499999999988900 ) ) ;
#910 = PERSON_AND_ORGANIZATION_ROLE ( 'classification_officer' ) ;
#911 = ORIENTED_EDGE ( 'NONE', *, *, #222, .F. ) ;
#912 = CARTESIAN_POINT ( 'NONE',  ( -0.9999999999999991100, 1.452555482747798400E-016, 2.699999999999993500 ) ) ;
#913 = CARTESIAN_POINT ( 'NONE',  ( 0.4273502691896080000, -0.7401923788646384000, -2.166666666666668300 ) ) ;
#914 = CARTESIAN_POINT ( 'NONE',  ( -0.8660254037844379300, -0.4999999999999993300, -1.266666666666672600 ) ) ;
#915 = CARTESIAN_POINT ( 'NONE',  ( -0.7342898843959911900, 0.6855682671858336400, -2.950590434715415300 ) ) ;
#916 = AXIS2_PLACEMENT_3D ( 'NONE', #2003, #181, #1978 ) ;
#917 =( BOUNDED_CURVE ( )  B_SPLINE_CURVE ( 2, ( #1600, #726, #2209, #698, #1008, #2787, #2764, #991, #412 ),
 .UNSPECIFIED., .F., .F. ) 
 B_SPLINE_CURVE_WITH_KNOTS ( ( 3, 2, 2, 2, 3 ),
 ( 0.7656250000000000000, 0.7708333333333333700, 0.7812500000000000000, 0.7916666666666666300, 0.7968750000000000000 ),
 .UNSPECIFIED. ) 
 CURVE ( )  GEOMETRIC_REPRESENTATION_ITEM ( )  RATIONAL_B_SPLINE_CURVE ( ( 0.9330127018922194100, 0.9330127018922194100, 1.000000000000000000, 0.8660254037844387100, 1.000000000000000000, 0.8660254037844387100, 1.000000000000000000, 0.9330127018922194100, 0.9330127018922194100 ) ) 
 REPRESENTATION_ITEM ( '' )  );
#918 = CARTESIAN_POINT ( 'NONE',  ( 0.0000000000000000000, 0.7401923788646381800, 2.449999999999993100 ) ) ;
#919 = CARTESIAN_POINT ( 'NONE',  ( 0.6410254037844123100, -0.3700961894323194200, -0.08333333333334019800 ) ) ;
#920 = ORIENTED_EDGE ( 'NONE', *, *, #1553, .T. ) ;
#921 = CARTESIAN_POINT ( 'NONE',  ( 0.8847754037844333100, 0.5108253175473014300, 1.770833333333343000 ) ) ;
#922 = CARTESIAN_POINT ( 'NONE',  ( 0.5773502691896259500, 0.9999999999999988900, 0.2166666666666710600 ) ) ;
#923 = CARTESIAN_POINT ( 'NONE',  ( 0.8547005383792165600, -1.570059417833440500E-016, -2.500000000000000900 ) ) ;
#924 = CARTESIAN_POINT ( 'NONE',  ( -0.8847754037844328700, 0.5108253175473023200, 0.6791666666666560400 ) ) ;
#925 =( BOUNDED_CURVE ( )  B_SPLINE_CURVE ( 2, ( #1794, #341, #3311, #2685, #599, #2699, #1190, #934, #3006 ),
 .UNSPECIFIED., .F., .F. ) 
 B_SPLINE_CURVE_WITH_KNOTS ( ( 3, 2, 2, 2, 3 ),
 ( 0.9218750000000000000, 0.9270833333333333700, 0.9375000000000000000, 0.9479166666666666300, 0.9531250000000000000 ),
 .UNSPECIFIED. ) 
 CURVE ( )  GEOMETRIC_REPRESENTATION_ITEM ( )  RATIONAL_B_SPLINE_CURVE ( ( 0.9330127018922194100, 0.9330127018922194100, 1.000000000000000000, 0.8660254037844387100, 1.000000000000000000, 0.8660254037844387100, 1.000000000000000000, 0.9330127018922194100, 0.9330127018922194100 ) ) 
 REPRESENTATION_ITEM ( '' )  );
#926 = CARTESIAN_POINT ( 'NONE',  ( 0.8547005383792165600, -1.570059417833440500E-016, 2.749999999999992900 ) ) ;
#927 = CARTESIAN_POINT ( 'NONE',  ( -0.6410254037844124200, 0.3700961894323192000, -2.333333333333334800 ) ) ;
#928 = CARTESIAN_POINT ( 'NONE',  ( -1.224646799147352500E-016, -0.9999999999999991100, -1.949999999999995500 ) ) ;
#929 = CARTESIAN_POINT ( 'NONE',  ( 0.6410254037844127500, 0.3700961894323185300, 3.183333333333326900 ) ) ;
#930 = CARTESIAN_POINT ( 'NONE',  ( -0.8847754037844329800, -0.5108253175473019800, 0.7708333333333430300 ) ) ;
#931 = AXIS2_PLACEMENT_3D ( 'NONE', #2128, #1805, #1227 ) ;
#932 = CARTESIAN_POINT ( 'NONE',  ( 0.8660254037844377100, -0.5000000000000000000, 1.666666666666660700 ) ) ;
#933 = VERTEX_POINT ( 'NONE', #1992 ) ;
#934 = CARTESIAN_POINT ( 'NONE',  ( -0.9999999999999991100, 0.2679491924311225800, 2.732136720504596500 ) ) ;
#935 = CARTESIAN_POINT ( 'NONE',  ( -0.6410254037844125300, -0.3700961894323189200, 2.183333333333326900 ) ) ;
#936 = CARTESIAN_POINT ( 'NONE',  ( -2.250000000000001800, 1.299038105676638200, 3.000000000000002700 ) ) ;
#937 = CARTESIAN_POINT ( 'NONE',  ( -0.8847754037844329800, -0.5108253175473019800, 1.970833333333343400 ) ) ;
#938 = CARTESIAN_POINT ( 'NONE',  ( -0.8660254037844378200, 0.4999999999999996700, -2.083333333333329000 ) ) ;
#939 = ORIENTED_EDGE ( 'NONE', *, *, #174, .F. ) ;
#940 = VERTEX_POINT ( 'NONE', #1726 ) ;
#941 = CONICAL_SURFACE ( 'NONE', #907, 1.043301270189199000, 0.7853981633974500600 ) ;
#942 = CARTESIAN_POINT ( 'NONE',  ( 0.9999999999999988900, -0.2679491924311228100, -0.3178632794954142100 ) ) ;
#943 = CARTESIAN_POINT ( 'NONE',  ( -0.6410254037844124200, 0.3700961894323192000, -1.933333333333334700 ) ) ;
#944 = LINE ( 'NONE', #3864, #3419 ) ;
#945 = EDGE_CURVE ( 'NONE', #386, #3183, #2179, .T. ) ;
#946 = VECTOR ( 'NONE', #973, 1000.000000000000000 ) ;
#947 = CARTESIAN_POINT ( 'NONE',  ( -0.5898502691896223600, -1.021650635094604200, 0.4041666666666763900 ) ) ;
#948 = ORIENTED_EDGE ( 'NONE', *, *, #1063, .T. ) ;
#949 = CARTESIAN_POINT ( 'NONE',  ( 0.9999999999999991100, -4.357666448243395000E-016, 1.699999999999993700 ) ) ;
#950 = CARTESIAN_POINT ( 'NONE',  ( 2.249999999999993300, 3.035766082959412400E-015, 3.000000000000002700 ) ) ;
#951 = AXIS2_PLACEMENT_3D ( 'NONE', #740, #2824, #2805 ) ;
#952 = ORIENTED_EDGE ( 'NONE', *, *, #1288, .T. ) ;
#953 = CARTESIAN_POINT ( 'NONE',  ( 1.506653605801022700, 1.728209346468556400, -2.980756665990578600 ) ) ;
#954 = CARTESIAN_POINT ( 'NONE',  ( 0.9999999999999991100, -4.357666448243395000E-016, 1.750000000000004700 ) ) ;
#955 = CARTESIAN_POINT ( 'NONE',  ( -0.4273502691896082200, 0.7401923788646381800, -2.766666666666667900 ) ) ;
#956 = CARTESIAN_POINT ( 'NONE',  ( 0.6410254037844127500, 0.3700961894323185300, 1.183333333333326200 ) ) ;
#957 = CARTESIAN_POINT ( 'NONE',  ( -0.5898502691896218000, 1.021650635094604400, 0.6708333333333427200 ) ) ;
#958 = CARTESIAN_POINT ( 'NONE',  ( -0.9999999999999991100, 1.452555482747798400E-016, 1.899999999999993900 ) ) ;
#959 = CARTESIAN_POINT ( 'NONE',  ( -0.7401923788646384000, -0.01150022185759960200, -2.696891108675441900 ) ) ;
#960 =( BOUNDED_CURVE ( )  B_SPLINE_CURVE ( 2, ( #2958, #284, #422, #2696, #1557, #2683, #3665, #3589, #1878, #2460, #1498, #697, #927, #114, #2208, #3005, #411, #913, #3057, #83, #2990, #1200, #3654, #3299, #3362, #1580, #435, #1278, #1792, #1599, #2101, #1861, #393, #2487, #2403, #3676, #72, #9, #2786, #3397, #976, #711, #1007, #326, #628, #3092, #2167, #1305, #1261, #687, #2763, #2181, #3690, #1902, #3375, #1567, #2473, #3073, #3389, #2195, #2777, #990, #1291, #1891, #101, #2232, #725, #124, #1333, #1044, #1610, #1067, #1953, #2844, #2245, #449, #777, #460, #2507, #751, #1914, #3115, #737, #3747, #1663, #1967, #1650, #3732, #172, #1342, #485, #1636, #2262, #2833, #1028, #1373, #2820, #2220, #472, #3148, #3462, #1317, #141, #3424, #1931, #2539, #766, #2862, #3103, #2552, #3162, #1056, #2523, #3761, #3132, #3410, #1356, #185, #2275, #161, #3438, #499, #3450, #1624, #3717, #2801, #1016, #3706, #1940, #1397, #2562, #3500, #3479, #1702, #2302, #1385, #535, #802, #3819, #2032, #2886, #1412, #833, #3211, #2007, #227, #2337, #3489, #3175, #3189, #1427, #260, #2897, #2876, #1438, #1982, #1691, #214, #2325, #2285, #3513, #821, #2913, #549, #3224 ),
 .UNSPECIFIED., .F., .F. ) 
 B_SPLINE_CURVE_WITH_KNOTS ( ( 3, 2, 2, 2, 2, 2, 2, 2, 2, 2, 2, 2, 2, 2, 2, 2, 2, 2, 2, 2, 2, 2, 2, 2, 2, 2, 2, 2, 2, 2, 2, 2, 2, 2, 2, 2, 2, 2, 2, 2, 2, 2, 2, 2, 2, 2, 2, 2, 2, 2, 2, 2, 2, 2, 2, 2, 2, 2, 2, 2, 2, 2, 2, 2, 2, 2, 2, 2, 2, 2, 2, 2, 2, 2, 2, 2, 2, 2, 2, 2, 2, 2, 3 ),
 ( 0.07857847090524192100, 0.08333333333333332900, 0.09375000000000000000, 0.1041666666666666700, 0.1145833333333333300, 0.1250000000000000000, 0.1354166666666666600, 0.1458333333333333400, 0.1562500000000000000, 0.1666666666666666600, 0.1770833333333333400, 0.1875000000000000000, 0.1979166666666666600, 0.2083333333333333400, 0.2187500000000000000, 0.2291666666666666600, 0.2395833333333333400, 0.2500000000000000000, 0.2604166666666666900, 0.2708333333333332600, 0.2812500000000000000, 0.2916666666666666900, 0.3020833333333333100, 0.3125000000000000000, 0.3229166666666666300, 0.3333333333333333700, 0.3437500000000000000, 0.3541666666666667400, 0.3645833333333333700, 0.3750000000000000000, 0.3854166666666667400, 0.3958333333333333700, 0.4062500000000000000, 0.4166666666666667400, 0.4270833333333332600, 0.4375000000000000000, 0.4479166666666667400, 0.4583333333333333700, 0.4687500000000000000, 0.4791666666666667400, 0.4895833333333333700, 0.5000000000000000000, 0.5104166666666666300, 0.5208333333333333700, 0.5312500000000000000, 0.5416666666666666300, 0.5520833333333333700, 0.5625000000000000000, 0.5729166666666666300, 0.5833333333333333700, 0.5937500000000000000, 0.6041666666666666300, 0.6145833333333333700, 0.6250000000000000000, 0.6354166666666666300, 0.6458333333333333700, 0.6562500000000000000, 0.6666666666666666300, 0.6770833333333332600, 0.6875000000000000000, 0.6979166666666666300, 0.7083333333333333700, 0.7187500000000001100, 0.7291666666666666300, 0.7395833333333333700, 0.7500000000000000000, 0.7604166666666666300, 0.7708333333333333700, 0.7812500000000000000, 0.7916666666666666300, 0.8020833333333333700, 0.8125000000000000000, 0.8229166666666666300, 0.8333333333333333700, 0.8437500000000000000, 0.8541666666666667400, 0.8645833333333333700, 0.8750000000000000000, 0.8854166666666666300, 0.8958333333333332600, 0.9062500000000000000, 0.9166666666666666300, 0.9214215290947585000 ),
 .UNSPECIFIED. ) 
 CURVE ( )  GEOMETRIC_REPRESENTATION_ITEM ( )  RATIONAL_B_SPLINE_CURVE ( ( 0.9335205031524367300, 0.9388450457090473700, 1.000000000000000000, 0.8660254037844387100, 1.000000000000000000, 0.8660254037844387100, 1.000000000000000000, 0.8660254037844387100, 1.000000000000000000, 0.8660254037844387100, 1.000000000000000000, 0.8660254037844387100, 1.000000000000000000, 0.8660254037844387100, 1.000000000000000000, 0.8660254037844387100, 1.000000000000000000, 0.8660254037844387100, 1.000000000000000000, 0.8660254037844387100, 1.000000000000000000, 0.8660254037844387100, 1.000000000000000000, 0.8660254037844387100, 1.000000000000000000, 0.8660254037844387100, 1.000000000000000000, 0.8660254037844387100, 1.000000000000000000, 0.8660254037844387100, 1.000000000000000000, 0.8660254037844387100, 1.000000000000000000, 0.8660254037844387100, 1.000000000000000000, 0.8660254037844387100, 1.000000000000000000, 0.8660254037844387100, 1.000000000000000000, 0.8660254037844387100, 1.000000000000000000, 0.8660254037844387100, 1.000000000000000000, 0.8660254037844387100, 1.000000000000000000, 0.8660254037844387100, 1.000000000000000000, 0.8660254037844387100, 1.000000000000000000, 0.8660254037844387100, 1.000000000000000000, 0.8660254037844387100, 1.000000000000000000, 0.8660254037844387100, 1.000000000000000000, 0.8660254037844387100, 1.000000000000000000, 0.8660254037844387100, 1.000000000000000000, 0.8660254037844387100, 1.000000000000000000, 0.8660254037844387100, 1.000000000000000000, 0.8660254037844387100, 1.000000000000000000, 0.8660254037844387100, 1.000000000000000000, 0.8660254037844387100, 1.000000000000000000, 0.8660254037844387100, 1.000000000000000000, 0.8660254037844387100, 1.000000000000000000, 0.8660254037844387100, 1.000000000000000000, 0.8660254037844387100, 1.000000000000000000, 0.8660254037844387100, 1.000000000000000000, 0.8660254037844387100, 1.000000000000000000, 0.8660254037844387100, 1.000000000000000000, 0.8660254037844387100, 1.000000000000000000, 0.8660254037844387100, 1.000000000000000000, 0.8660254037844387100, 1.000000000000000000, 0.8660254037844387100, 1.000000000000000000, 0.8660254037844387100, 1.000000000000000000, 0.8660254037844387100, 1.000000000000000000, 0.8660254037844387100, 1.000000000000000000, 0.8660254037844387100, 1.000000000000000000, 0.8660254037844387100, 1.000000000000000000, 0.8660254037844387100, 1.000000000000000000, 0.8660254037844387100, 1.000000000000000000, 0.8660254037844387100, 1.000000000000000000, 0.8660254037844387100, 1.000000000000000000, 0.8660254037844387100, 1.000000000000000000, 0.8660254037844387100, 1.000000000000000000, 0.8660254037844387100, 1.000000000000000000, 0.8660254037844387100, 1.000000000000000000, 0.8660254037844387100, 1.000000000000000000, 0.8660254037844387100, 1.000000000000000000, 0.8660254037844387100, 1.000000000000000000, 0.8660254037844387100, 1.000000000000000000, 0.8660254037844387100, 1.000000000000000000, 0.8660254037844387100, 1.000000000000000000, 0.8660254037844387100, 1.000000000000000000, 0.8660254037844387100, 1.000000000000000000, 0.8660254037844387100, 1.000000000000000000, 0.8660254037844387100, 1.000000000000000000, 0.8660254037844387100, 1.000000000000000000, 0.8660254037844387100, 1.000000000000000000, 0.8660254037844387100, 1.000000000000000000, 0.8660254037844387100, 1.000000000000000000, 0.8660254037844387100, 1.000000000000000000, 0.8660254037844387100, 1.000000000000000000, 0.8660254037844387100, 1.000000000000000000, 0.8660254037844387100, 1.000000000000000000, 0.8660254037844387100, 1.000000000000000000, 0.8660254037844387100, 1.000000000000000000, 0.8660254037844387100, 1.000000000000000000, 0.8660254037844387100, 1.000000000000000000, 0.8660254037844387100, 1.000000000000000000, 0.9388450457090404800, 0.9335205031524356200 ) ) 
 REPRESENTATION_ITEM ( '' )  );
#961 = CARTESIAN_POINT ( 'NONE',  ( 0.6410254037844123100, -0.3700961894323194200, -0.5333333333333344400 ) ) ;
#962 = DIRECTION ( 'NONE',  ( -0.0000000000000000000, -0.0000000000000000000, -1.000000000000000000 ) ) ;
#963 = EDGE_CURVE ( 'NONE', #3216, #2419, #3356, .T. ) ;
#964 = CARTESIAN_POINT ( 'NONE',  ( 0.4273502691896087200, 0.7401923788646379600, -1.233333333333334500 ) ) ;
#965 = CARTESIAN_POINT ( 'NONE',  ( -9.064742275298441300E-017, -0.7401923788646381800, 1.849999999999993200 ) ) ;
#966 = CARTESIAN_POINT ( 'NONE',  ( -0.6410254037844124200, 0.3700961894323192000, -1.483333333333340300 ) ) ;
#967 = EDGE_CURVE ( 'NONE', #2116, #1380, #1324, .T. ) ;
#968 = CARTESIAN_POINT ( 'NONE',  ( 0.9999999999999991100, -4.357666448243395000E-016, -1.449999999999995500 ) ) ;
#969 = CARTESIAN_POINT ( 'NONE',  ( 0.6410254037844127500, 0.3700961894323185300, -0.06666666666666799800 ) ) ;
#970 = ORIENTED_EDGE ( 'NONE', *, *, #581, .T. ) ;
#971 = AXIS2_PLACEMENT_3D ( 'NONE', #1833, #906, #3320 ) ;
#972 = CARTESIAN_POINT ( 'NONE',  ( 0.6238667204235091000, 0.7815307512491133100, 2.956698729810799200 ) ) ;
#973 = DIRECTION ( 'NONE',  ( -0.0000000000000000000, -0.0000000000000000000, -1.000000000000000000 ) ) ;
#974 = ORIENTED_EDGE ( 'NONE', *, *, #1446, .F. ) ;
#975 = CARTESIAN_POINT ( 'NONE',  ( -0.4273502691896085600, -0.7401923788646379600, -2.233333333333334700 ) ) ;
#976 = CARTESIAN_POINT ( 'NONE',  ( -9.064742275298441300E-017, -0.7401923788646381800, -1.400000000000001200 ) ) ;
#977 = CARTESIAN_POINT ( 'NONE',  ( -1.179700538379243800, 7.223582441392750400E-017, 2.737500000000010000 ) ) ;
#978 = CARTESIAN_POINT ( 'NONE',  ( -0.9999999999999991100, -0.2679491924311222500, 1.567863279495412800 ) ) ;
#979 = CARTESIAN_POINT ( 'NONE',  ( -1.251161180115467700E-016, -1.021650635094604400, 2.412499999999989400 ) ) ;
#980 = CARTESIAN_POINT ( 'NONE',  ( -0.8660254037844379300, -0.4999999999999993300, 2.333333333333327700 ) ) ;
#981 = ORIENTED_EDGE ( 'NONE', *, *, #256, .T. ) ;
#982 = FACE_OUTER_BOUND ( 'NONE', #585, .T. ) ;
#983 = CARTESIAN_POINT ( 'NONE',  ( -2.250000000000001800, 0.2199373071784595500, -3.000000000000002200 ) ) ;
#984 = CARTESIAN_POINT ( 'NONE',  ( 0.6410254037844123100, -0.3700961894323194200, 0.2666666666666655000 ) ) ;
#985 = CIRCLE ( 'NONE', #282, 2.250000000000001800 ) ;
#986 = VECTOR ( 'NONE', #223, 1000.000000000000000 ) ;
#987 = ORIENTED_EDGE ( 'NONE', *, *, #3620, .T. ) ;
#988 = CARTESIAN_POINT ( 'NONE',  ( 0.9999999999999988900, -0.2679491924311228100, -0.2678632794954037300 ) ) ;
#989 = CARTESIAN_POINT ( 'NONE',  ( 0.4273502691896080000, -0.7401923788646384000, -2.966666666666668100 ) ) ;
#990 = CARTESIAN_POINT ( 'NONE',  ( -0.8547005383792165600, 5.233531392778135700E-017, -0.7000000000000014000 ) ) ;
#991 = CARTESIAN_POINT ( 'NONE',  ( -0.9999999999999991100, -0.2679491924311222500, -1.682136720504597800 ) ) ;
#992 = EDGE_CURVE ( 'NONE', #1039, #3507, #747, .T. ) ;
#993 = ORIENTED_EDGE ( 'NONE', *, *, #2666, .F. ) ;
#994 = CARTESIAN_POINT ( 'NONE',  ( 0.6410254037844123100, -0.3700961894323194200, -2.483333333333340100 ) ) ;
#995 = DIRECTION ( 'NONE',  ( -0.0000000000000000000, -0.0000000000000000000, -1.000000000000000000 ) ) ;
#996 = CARTESIAN_POINT ( 'NONE',  ( -0.9999999999999991100, -0.2679491924311222500, -0.8321367205045874200 ) ) ;
#997 = DIRECTION ( 'NONE',  ( 1.000000000000000000, 0.0000000000000000000, 0.0000000000000000000 ) ) ;
#998 = B_SPLINE_CURVE_WITH_KNOTS ( 'NONE', 3,
 ( #734, #1013, #2799, #98 ),
 .UNSPECIFIED., .F., .F.,
 ( 4, 4 ),
 ( 2.380746839934249400E-007, 0.001314652396222785000 ),
 .UNSPECIFIED. ) ;
#999 = ORIENTED_EDGE ( 'NONE', *, *, #856, .T. ) ;
#1000 = CARTESIAN_POINT ( 'NONE',  ( 0.8547005383792165600, -1.570059417833440500E-016, -1.300000000000001600 ) ) ;
#1001 =( BOUNDED_CURVE ( )  B_SPLINE_CURVE ( 2, ( #2959, #559, #3285, #863, #3269, #3255, #3244, #327, #1189 ),
 .UNSPECIFIED., .F., .F. ) 
 B_SPLINE_CURVE_WITH_KNOTS ( ( 3, 2, 2, 2, 3 ),
 ( 0.7968750000000000000, 0.8020833333333333700, 0.8125000000000000000, 0.8229166666666666300, 0.8281250000000000000 ),
 .UNSPECIFIED. ) 
 CURVE ( )  GEOMETRIC_REPRESENTATION_ITEM ( )  RATIONAL_B_SPLINE_CURVE ( ( 0.9330127018922194100, 0.9330127018922194100, 1.000000000000000000, 0.8660254037844387100, 1.000000000000000000, 0.8660254037844387100, 1.000000000000000000, 0.9330127018922194100, 0.9330127018922194100 ) ) 
 REPRESENTATION_ITEM ( '' )  );
#1002 = CARTESIAN_POINT ( 'NONE',  ( 0.7416645267673271900, 2.169875997175784400, -3.000000000000014200 ) ) ;
#1003 = CARTESIAN_POINT ( 'NONE',  ( 0.5773502691896259500, 0.9999999999999988900, 1.816666666666670600 ) ) ;
#1004 = CARTESIAN_POINT ( 'NONE',  ( -0.8660254037844379300, -0.4999999999999993300, -0.06666666666667291100 ) ) ;
#1005 = CC_DESIGN_PERSON_AND_ORGANIZATION_ASSIGNMENT ( #3415, #624, ( #3434 ) ) ;
#1006 = CARTESIAN_POINT ( 'NONE',  ( -0.6410254037844125300, -0.3700961894323189200, 0.1333333333333320800 ) ) ;
#1007 = CARTESIAN_POINT ( 'NONE',  ( 0.6410254037844123100, -0.3700961894323194200, -1.333333333333334800 ) ) ;
#1008 = CARTESIAN_POINT ( 'NONE',  ( -1.224646799147352500E-016, -0.9999999999999991100, -1.600000000000006300 ) ) ;
#1009 = CARTESIAN_POINT ( 'NONE',  ( -1.251161180115467700E-016, -1.021650635094604400, 2.012499999999989100 ) ) ;
#1010 = DIRECTION ( 'NONE',  ( 1.000000000000000000, 0.0000000000000000000, 0.0000000000000000000 ) ) ;
#1011 = CARTESIAN_POINT ( 'NONE',  ( -0.4273502691896085600, -0.7401923788646379600, 2.566666666666666000 ) ) ;
#1012 = ADVANCED_FACE ( 'NONE', ( #810 ), #246, .F. ) ;
#1013 = CARTESIAN_POINT ( 'NONE',  ( 0.3680687615027705100, 2.385571612819380700, 2.921727692845887100 ) ) ;
#1014 = EDGE_CURVE ( 'NONE', #291, #2478, #1271, .T. ) ;
#1015 = CARTESIAN_POINT ( 'NONE',  ( 0.0000000000000000000, 0.7401923788646381800, -1.301042606982605300E-015 ) ) ;
#1016 = CARTESIAN_POINT ( 'NONE',  ( 0.6410254037844123100, -0.3700961894323194200, 1.466666666666665700 ) ) ;
#1017 = VERTEX_POINT ( 'NONE', #2362 ) ;
#1018 = CARTESIAN_POINT ( 'NONE',  ( -9.064742275298441300E-017, -0.7401923788646381800, -2.950000000000006800 ) ) ;
#1019 = AXIS2_PLACEMENT_3D ( 'NONE', #897, #2980, #3243 ) ;
#1020 = B_SPLINE_CURVE_WITH_KNOTS ( 'NONE', 3,
 ( #2288, #1429, #2592, #3811, #792, #513 ),
 .UNSPECIFIED., .F., .F.,
 ( 4, 2, 4 ),
 ( 0.001314652396222807500, 0.001969405109320639800, 0.002624157822418472500 ),
 .UNSPECIFIED. ) ;
#1021 = VERTEX_POINT ( 'NONE', #332 ) ;
#1022 = CARTESIAN_POINT ( 'NONE',  ( -0.6410254037844124200, 0.3700961894323192000, 1.666666666666665200 ) ) ;
#1023 = ORIENTED_EDGE ( 'NONE', *, *, #1659, .T. ) ;
#1024 = DIRECTION ( 'NONE',  ( -1.000000000000000000, 0.0000000000000000000, 0.0000000000000000000 ) ) ;
#1025 = PERSON_AND_ORGANIZATION ( #179, #3554 ) ;
#1026 = DIRECTION ( 'NONE',  ( -1.000000000000000000, 0.0000000000000000000, 0.0000000000000000000 ) ) ;
#1027 = CARTESIAN_POINT ( 'NONE',  ( -0.6410254037844124200, 0.3700961894323192000, 0.4666666666666655600 ) ) ;
#1028 = CARTESIAN_POINT ( 'NONE',  ( 0.0000000000000000000, 0.7401923788646381800, 0.3999999999999988600 ) ) ;
#1029 = CARTESIAN_POINT ( 'NONE',  ( -0.8660254037844378200, 0.4999999999999996700, 1.116666666666670700 ) ) ;
#1030 = ADVANCED_FACE ( 'NONE', ( #3081 ), #394, .F. ) ;
#1031 = LINE ( 'NONE', #762, #1125 ) ;
#1032 = CARTESIAN_POINT ( 'NONE',  ( 0.8660254037844377100, -0.5000000000000000000, -2.733333333333339200 ) ) ;
#1033 = CARTESIAN_POINT ( 'NONE',  ( 0.6410254037844123100, -0.3700961894323194200, -2.883333333333340000 ) ) ;
#1034 = CARTESIAN_POINT ( 'NONE',  ( 0.9999999999999991100, 1.224646799147352200E-016, 3.000000000000002700 ) ) ;
#1035 = FACE_OUTER_BOUND ( 'NONE', #54, .T. ) ;
#1036 = CARTESIAN_POINT ( 'NONE',  ( 2.249999999999991100, 1.088929003140960200, 2.859691379130754100 ) ) ;
#1037 = CIRCLE ( 'NONE', #3064, 2.250000000000001800 ) ;
#1038 = CARTESIAN_POINT ( 'NONE',  ( -0.4273502691896082200, 0.7401923788646381800, 0.8333333333333318200 ) ) ;
#1039 = VERTEX_POINT ( 'NONE', #1515 ) ;
#1040 = EDGE_CURVE ( 'NONE', #3297, #3292, #43, .T. ) ;
#1041 = ORIENTED_EDGE ( 'NONE', *, *, #3303, .F. ) ;
#1042 = CARTESIAN_POINT ( 'NONE',  ( 0.0000000000000000000, 1.021650635094604400, -2.187500000000011100 ) ) ;
#1043 = CARTESIAN_POINT ( 'NONE',  ( -9.064742275298441300E-017, -0.7401923788646381800, 0.9999999999999991100 ) ) ;
#1044 = CARTESIAN_POINT ( 'NONE',  ( 0.4273502691896087800, 0.7401923788646378500, -0.4333333333333346200 ) ) ;
#1045 = CARTESIAN_POINT ( 'NONE',  ( -0.5773502691896251800, 0.9999999999999991100, -0.1666666666666727400 ) ) ;
#1046 = EDGE_CURVE ( 'NONE', #2097, #1350, #1148, .T. ) ;
#1047 = CARTESIAN_POINT ( 'NONE',  ( -0.8547005383792165600, 5.233531392778135700E-017, -1.050000000000006700 ) ) ;
#1048 = CARTESIAN_POINT ( 'NONE',  ( 0.9999999999999991100, -4.357666448243395000E-016, -0.7000000000000060600 ) ) ;
#1049 = CARTESIAN_POINT ( 'NONE',  ( -0.6410254037844125300, -0.3700961894323189200, -1.816666666666673500 ) ) ;
#1050 = CARTESIAN_POINT ( 'NONE',  ( -0.8547005383792165600, 5.233531392778135700E-017, -2.650000000000007000 ) ) ;
#1051 = B_SPLINE_CURVE_WITH_KNOTS ( 'NONE', 3,
 ( #826, #849, #1695, #2306, #3529, #2582 ),
 .UNSPECIFIED., .F., .F.,
 ( 4, 2, 4 ),
 ( 0.01430365832768013200, 0.01494902234832604100, 0.01559438636897195200 ),
 .UNSPECIFIED. ) ;
#1052 = CARTESIAN_POINT ( 'NONE',  ( 0.8547005383792165600, -1.570059417833440500E-016, 1.099999999999998500 ) ) ;
#1053 = DIRECTION ( 'NONE',  ( 0.7071067811865487900, -8.659560562354948900E-017, 0.7071067811865463500 ) ) ;
#1054 = CARTESIAN_POINT ( 'NONE',  ( -0.8847754037844329800, -0.5108253175473019800, -1.654166666666677400 ) ) ;
#1055 = CARTESIAN_POINT ( 'NONE',  ( 0.4273502691896087200, 0.7401923788646379600, 3.166666666666665600 ) ) ;
#1056 = CARTESIAN_POINT ( 'NONE',  ( -0.4273502691896085600, -0.7401923788646378500, 0.9666666666666652300 ) ) ;
#1057 = CARTESIAN_POINT ( 'NONE',  ( 0.0000000000000000000, 0.7401923788646381800, -1.150000000000007000 ) ) ;
#1058 = CARTESIAN_POINT ( 'NONE',  ( -0.9999999999999991100, 0.0000000000000000000, 3.000000000000002700 ) ) ;
#1059 = CARTESIAN_POINT ( 'NONE',  ( -0.4273502691896085600, -0.7401923788646378500, -2.583333333333340100 ) ) ;
#1060 = CARTESIAN_POINT ( 'NONE',  ( -0.8547005383792165600, 5.233531392778135700E-017, -1.450000000000006600 ) ) ;
#1061 = CARTESIAN_POINT ( 'NONE',  ( 0.8547005383792165600, -1.570059417833440500E-016, 2.299999999999999400 ) ) ;
#1062 = CARTESIAN_POINT ( 'NONE',  ( 0.8660254037844377100, -0.5000000000000000000, 0.8666666666666604800 ) ) ;
#1063 = EDGE_CURVE ( 'NONE', #1926, #2051, #3634, .T. ) ;
#1064 = CARTESIAN_POINT ( 'NONE',  ( -1.179700538379243800, 7.223582441392750400E-017, -2.487500000000011400 ) ) ;
#1065 = ORIENTED_EDGE ( 'NONE', *, *, #1785, .F. ) ;
#1066 = CARTESIAN_POINT ( 'NONE',  ( 0.6410254037844123100, -0.3700961894323194200, 1.466666666666665700 ) ) ;
#1067 = CARTESIAN_POINT ( 'NONE',  ( -0.4273502691896082200, 0.7401923788646381800, -0.3666666666666679200 ) ) ;
#1068 =( BOUNDED_CURVE ( )  B_SPLINE_CURVE ( 2, ( #2423, #1552, #1875, #2446, #30, #694, #3624, #3651, #390 ),
 .UNSPECIFIED., .F., .F. ) 
 B_SPLINE_CURVE_WITH_KNOTS ( ( 3, 2, 2, 2, 3 ),
 ( 0.1406250000000000000, 0.1458333333333333400, 0.1562500000000000000, 0.1666666666666666600, 0.1718750000000000000 ),
 .UNSPECIFIED. ) 
 CURVE ( )  GEOMETRIC_REPRESENTATION_ITEM ( )  RATIONAL_B_SPLINE_CURVE ( ( 0.9330127018922194100, 0.9330127018922194100, 1.000000000000000000, 0.8660254037844387100, 1.000000000000000000, 0.8660254037844387100, 1.000000000000000000, 0.9330127018922194100, 0.9330127018922194100 ) ) 
 REPRESENTATION_ITEM ( '' )  );
#1069 = CARTESIAN_POINT ( 'NONE',  ( -0.3038970058242274600, 0.7121472268941918500, -2.714697660350388700 ) ) ;
#1070 = ADVANCED_FACE ( 'NONE', ( #2108 ), #941, .F. ) ;
#1071 = CARTESIAN_POINT ( 'NONE',  ( -0.4273502691896085600, -0.7401923788646379600, -0.5833333333333402500 ) ) ;
#1072 = CARTESIAN_POINT ( 'NONE',  ( 0.9999999999999991100, -4.357666448243395000E-016, 1.350000000000004300 ) ) ;
#1073 = ORIENTED_EDGE ( 'NONE', *, *, #2634, .F. ) ;
#1074 = CARTESIAN_POINT ( 'NONE',  ( 0.5898502691896216900, -1.021650635094604600, 2.870833333333343800 ) ) ;
#1075 = CARTESIAN_POINT ( 'NONE',  ( -0.6410254037844125300, -0.3700961894323189200, -1.816666666666673500 ) ) ;
#1076 = CARTESIAN_POINT ( 'NONE',  ( 1.179700538379243800, -2.167074732417825400E-016, -2.662499999999990300 ) ) ;
#1077 = VERTEX_POINT ( 'NONE', #1107 ) ;
#1078 = FACE_OUTER_BOUND ( 'NONE', #3268, .T. ) ;
#1079 =( BOUNDED_CURVE ( )  B_SPLINE_CURVE ( 2, ( #299, #3267, #886, #558, #1451, #1753, #3822, #2034, #263 ),
 .UNSPECIFIED., .F., .F. ) 
 B_SPLINE_CURVE_WITH_KNOTS ( ( 3, 2, 2, 2, 3 ),
 ( 0.8906250000000000000, 0.8958333333333333700, 0.9062500000000000000, 0.9166666666666666300, 0.9218750000000000000 ),
 .UNSPECIFIED. ) 
 CURVE ( )  GEOMETRIC_REPRESENTATION_ITEM ( )  RATIONAL_B_SPLINE_CURVE ( ( 0.9330127018922194100, 0.9330127018922194100, 1.000000000000000000, 0.8660254037844387100, 1.000000000000000000, 0.8660254037844387100, 1.000000000000000000, 0.9330127018922194100, 0.9330127018922194100 ) ) 
 REPRESENTATION_ITEM ( '' )  );
#1080 = CARTESIAN_POINT ( 'NONE',  ( 0.9999999999999991100, -4.357666448243395000E-016, -0.7000000000000060600 ) ) ;
#1081 = VECTOR ( 'NONE', #2668, 1000.000000000000000 ) ;
#1082 = CARTESIAN_POINT ( 'NONE',  ( -0.5898502691896218000, 1.021650635094604400, -2.954166666666677700 ) ) ;
#1083 = CARTESIAN_POINT ( 'NONE',  ( -0.4273502691896085600, -0.7401923788646379600, 1.766666666666665500 ) ) ;
#1084 = ORIENTED_EDGE ( 'NONE', *, *, #3520, .T. ) ;
#1085 = CARTESIAN_POINT ( 'NONE',  ( -0.4273502691896082200, 0.7401923788646381800, -1.516666666666673500 ) ) ;
#1086 = CARTESIAN_POINT ( 'NONE',  ( -1.125000000000012700, -1.948557158515009000, 3.000000000000002700 ) ) ;
#1087 = CARTESIAN_POINT ( 'NONE',  ( -0.6410254037844124200, 0.3700961894323192000, -1.083333333333340100 ) ) ;
#1088 = ORIENTED_EDGE ( 'NONE', *, *, #1046, .T. ) ;
#1089 = CARTESIAN_POINT ( 'NONE',  ( -0.8847754037844329800, -0.5108253175473019800, -3.229166666666657200 ) ) ;
#1090 = ADVANCED_FACE ( 'NONE', ( #1963 ), #442, .T. ) ;
#1091 = EDGE_CURVE ( 'NONE', #1717, #2355, #1265, .T. ) ;
#1092 = VERTEX_POINT ( 'NONE', #844 ) ;
#1093 = CARTESIAN_POINT ( 'NONE',  ( -0.5773502691896256200, -0.9999999999999988900, -2.033333333333339400 ) ) ;
#1094 = DIRECTION ( 'NONE',  ( 1.000000000000000000, 0.0000000000000000000, 0.0000000000000000000 ) ) ;
#1095 = DIRECTION ( 'NONE',  ( -1.000000000000000000, 0.0000000000000000000, 0.0000000000000000000 ) ) ;
#1096 = CARTESIAN_POINT ( 'NONE',  ( 0.4273502691896087200, 0.7401923788646379600, 1.566666666666666000 ) ) ;
#1097 = CARTESIAN_POINT ( 'NONE',  ( 0.9999999999999991100, -4.357666448243395000E-016, 0.9500000000000040600 ) ) ;
#1098 = CARTESIAN_POINT ( 'NONE',  ( 0.4273502691896080000, -0.7401923788646384000, -0.9166666666666736200 ) ) ;
#1099 = CARTESIAN_POINT ( 'NONE',  ( -0.8660254037844379300, -0.4999999999999993300, 1.983333333333338300 ) ) ;
#1100 = CARTESIAN_POINT ( 'NONE',  ( 0.8658493649099847600, 2.552806706154463900E-011, 2.822548094720788800 ) ) ;
#1101 = CARTESIAN_POINT ( 'NONE',  ( 0.6410254037844123100, -0.3700961894323194200, -2.083333333333340100 ) ) ;
#1102 = CARTESIAN_POINT ( 'NONE',  ( 0.8847754037844326500, -0.5108253175473026500, -2.295833333333323600 ) ) ;
#1103 = AXIS2_PLACEMENT_3D ( 'NONE', #3266, #627, #1473 ) ;
#1104 = CARTESIAN_POINT ( 'NONE',  ( 0.0000000000000000000, 1.021650635094604400, 0.2124999999999891700 ) ) ;
#1105 = CARTESIAN_POINT ( 'NONE',  ( -0.6033152637786775000, -0.7164912904327658300, -2.885985695271937200 ) ) ;
#1106 = CARTESIAN_POINT ( 'NONE',  ( 0.6410254037844123100, -0.3700961894323194200, 2.666666666666665200 ) ) ;
#1107 = CARTESIAN_POINT ( 'NONE',  ( 0.9999999999999991100, -4.357666448243395000E-016, -0.7000000000000061700 ) ) ;
#1108 = CARTESIAN_POINT ( 'NONE',  ( 0.6410254037844127500, 0.3700961894323185300, -0.01666666666667350500 ) ) ;
#1109 = CARTESIAN_POINT ( 'NONE',  ( 0.9999999999999991100, -4.357666448243395000E-016, -0.6499999999999954700 ) ) ;
#1110 = CARTESIAN_POINT ( 'NONE',  ( -0.6962224428867831400, -0.5776759202221825000, 2.853147213232462700 ) ) ;
#1111 = CARTESIAN_POINT ( 'NONE',  ( 0.8547005383792165600, -1.570059417833440500E-016, -0.8500000000000069700 ) ) ;
#1112 = ORIENTED_EDGE ( 'NONE', *, *, #2241, .F. ) ;
#1113 = CARTESIAN_POINT ( 'NONE',  ( -0.6410254037844125300, -0.3700961894323189200, 2.933333333333332200 ) ) ;
#1114 = ORIENTED_EDGE ( 'NONE', *, *, #39, .F. ) ;
#1115 = DIRECTION ( 'NONE',  ( -1.000000000000000000, 0.0000000000000000000, 0.0000000000000000000 ) ) ;
#1116 = EDGE_CURVE ( 'NONE', #2894, #2242, #151, .T. ) ;
#1117 = CARTESIAN_POINT ( 'NONE',  ( 0.5898502691896216900, -1.021650635094604600, -0.7541666666666776400 ) ) ;
#1118 = ORIENTED_EDGE ( 'NONE', *, *, #3274, .F. ) ;
#1119 = CALENDAR_DATE ( 2021, 15, 12 ) ;
#1120 = CARTESIAN_POINT ( 'NONE',  ( 0.6410254037844127500, 0.3700961894323185300, 0.3833333333333267000 ) ) ;
#1121 = CARTESIAN_POINT ( 'NONE',  ( 2.249999999999991600, 1.299038105676643400, -2.799038105676671300 ) ) ;
#1122 = CARTESIAN_POINT ( 'NONE',  ( -0.5245177932872474600, -0.7505994478883930600, 2.864279674570272800 ) ) ;
#1123 = LINE ( 'NONE', #3197, #2758 ) ;
#1124 = CARTESIAN_POINT ( 'NONE',  ( 0.0000000000000000000, 0.7401923788646381800, -0.3500000000000069700 ) ) ;
#1125 = VECTOR ( 'NONE', #1053, 1000.000000000000000 ) ;
#1126 =( BOUNDED_CURVE ( )  B_SPLINE_CURVE ( 2, ( #2628, #858, #87, #3645, #2793, #3076, #3680, #1268, #1573 ),
 .UNSPECIFIED., .F., .F. ) 
 B_SPLINE_CURVE_WITH_KNOTS ( ( 3, 2, 2, 2, 3 ),
 ( 0.6093750000000000000, 0.6145833333333333700, 0.6250000000000000000, 0.6354166666666666300, 0.6406250000000000000 ),
 .UNSPECIFIED. ) 
 CURVE ( )  GEOMETRIC_REPRESENTATION_ITEM ( )  RATIONAL_B_SPLINE_CURVE ( ( 0.9330127018922194100, 0.9330127018922194100, 1.000000000000000000, 0.8660254037844387100, 1.000000000000000000, 0.8660254037844387100, 1.000000000000000000, 0.9330127018922194100, 0.9330127018922194100 ) ) 
 REPRESENTATION_ITEM ( '' )  );
#1127 = CARTESIAN_POINT ( 'NONE',  ( 0.8547005383792165600, -1.570059417833440500E-016, 2.699999999999998400 ) ) ;
#1128 = LINE ( 'NONE', #2928, #149 ) ;
#1129 = CARTESIAN_POINT ( 'NONE',  ( 0.8660254037844377100, -0.5000000000000000000, 1.716666666666671400 ) ) ;
#1130 = LINE ( 'NONE', #1876, #351 ) ;
#1131 = DIRECTION ( 'NONE',  ( -0.0000000000000000000, -0.0000000000000000000, -1.000000000000000000 ) ) ;
#1132 = ORIENTED_EDGE ( 'NONE', *, *, #654, .F. ) ;
#1133 = CARTESIAN_POINT ( 'NONE',  ( -0.5898502691896223600, -1.021650635094604200, -0.4208333333333442200 ) ) ;
#1134 = CARTESIAN_POINT ( 'NONE',  ( 0.8236842711629726000, -0.2372834606095326800, -2.805802450492409900 ) ) ;
#1135 = CARTESIAN_POINT ( 'NONE',  ( -0.9999999999999991100, 1.452555482747798400E-016, 2.350000000000004500 ) ) ;
#1136 = CARTESIAN_POINT ( 'NONE',  ( 1.043301270189199000, -1.277675561083570400E-016, 3.000000000000002700 ) ) ;
#1137 = ORIENTED_EDGE ( 'NONE', *, *, #799, .F. ) ;
#1138 = CARTESIAN_POINT ( 'NONE',  ( 0.0000000000000000000, 0.7401923788646381800, 0.8499999999999930900 ) ) ;
#1139 = CARTESIAN_POINT ( 'NONE',  ( 2.249999999999993300, 3.035766082959412400E-015, 3.000000000000002700 ) ) ;
#1140 = CARTESIAN_POINT ( 'NONE',  ( 0.6410254037844127500, 0.3700961894323185300, 0.7833333333333268900 ) ) ;
#1141 = CARTESIAN_POINT ( 'NONE',  ( 1.179700538379243800, -2.167074732417825400E-016, -1.062499999999990500 ) ) ;
#1142 = CARTESIAN_POINT ( 'NONE',  ( -0.9999999999999991100, -0.2679491924311222500, 2.767863279495412800 ) ) ;
#1143 = EDGE_CURVE ( 'NONE', #2419, #3370, #2531, .T. ) ;
#1144 = CARTESIAN_POINT ( 'NONE',  ( 0.8847754037844326500, -0.5108253175473026500, -1.120833333333344200 ) ) ;
#1145 = CARTESIAN_POINT ( 'NONE',  ( -3.535158273157210200E-015, -2.598076211353342200, -2.799038105676647800 ) ) ;
#1146 = APPLICATION_PROTOCOL_DEFINITION ( 'international standard', 'config_control_design', 1994, #281 ) ;
#1147 = AXIS2_PLACEMENT_3D ( 'NONE', #2734, #3639, #1259 ) ;
#1148 =( BOUNDED_CURVE ( )  B_SPLINE_CURVE ( 2, ( #603, #3859, #2689, #3260, #2997, #1504, #2649, #593, #879 ),
 .UNSPECIFIED., .F., .T. ) 
 B_SPLINE_CURVE_WITH_KNOTS ( ( 3, 2, 2, 2, 3 ),
 ( 0.7343750000000000000, 0.7395833333333332600, 0.7500000000000000000, 0.7604166666666666300, 0.7656250000000000000 ),
 .UNSPECIFIED. ) 
 CURVE ( )  GEOMETRIC_REPRESENTATION_ITEM ( )  RATIONAL_B_SPLINE_CURVE ( ( 0.9330127018922194100, 0.9330127018922194100, 1.000000000000000000, 0.8660254037844387100, 1.000000000000000000, 0.8660254037844387100, 1.000000000000000000, 0.9330127018922194100, 0.9330127018922194100 ) ) 
 REPRESENTATION_ITEM ( '' )  );
#1149 = CARTESIAN_POINT ( 'NONE',  ( -9.064742275298441300E-017, -0.7401923788646381800, 0.6499999999999930300 ) ) ;
#1150 = DIRECTION ( 'NONE',  ( -0.0000000000000000000, -0.0000000000000000000, -1.000000000000000000 ) ) ;
#1151 = DIRECTION ( 'NONE',  ( 1.000000000000000000, 0.0000000000000000000, 0.0000000000000000000 ) ) ;
#1152 = CARTESIAN_POINT ( 'NONE',  ( -0.6410254037844125300, -0.3700961894323189200, 0.1833333333333265800 ) ) ;
#1153 = CARTESIAN_POINT ( 'NONE',  ( -9.064742275298441300E-017, -0.7401923788646381800, -0.5500000000000065900 ) ) ;
#1154 = CARTESIAN_POINT ( 'NONE',  ( 0.5898502691896216900, -1.021650635094604600, -1.529166666666657000 ) ) ;
#1155 = CARTESIAN_POINT ( 'NONE',  ( 0.9999999999999991100, -4.357666448243395000E-016, 2.950000000000004200 ) ) ;
#1156 = CARTESIAN_POINT ( 'NONE',  ( -0.7401923788646384000, 0.1851997447018382300, -2.696891108675441900 ) ) ;
#1157 = CARTESIAN_POINT ( 'NONE',  ( -0.9999999999999991100, 0.0000000000000000000, 3.000000000000002700 ) ) ;
#1158 = CARTESIAN_POINT ( 'NONE',  ( -1.179700538379243800, 7.223582441392750400E-017, -0.08750000000001073600 ) ) ;
#1159 = CARTESIAN_POINT ( 'NONE',  ( 0.9340480779059935300, -2.058803302138263000, -2.999999999999992900 ) ) ;
#1160 = CARTESIAN_POINT ( 'NONE',  ( -0.8547005383792165600, 5.233531392778135700E-017, 0.9499999999999934100 ) ) ;
#1161 = CARTESIAN_POINT ( 'NONE',  ( -0.9999999999999991100, 0.2679491924311225800, 1.082136720504586000 ) ) ;
#1162 = EDGE_LOOP ( 'NONE', ( #2210, #699, #3384, #3681 ) ) ;
#1163 = CARTESIAN_POINT ( 'NONE',  ( -9.064742275298441300E-017, -0.7401923788646381800, -0.5500000000000065900 ) ) ;
#1164 = CARTESIAN_POINT ( 'NONE',  ( 0.0000000000000000000, 0.7401923788646381800, -0.7500000000000067700 ) ) ;
#1165 = CARTESIAN_POINT ( 'NONE',  ( -0.8847754037844328700, 0.5108253175473023200, -0.8958333333333236000 ) ) ;
#1166 = ORIENTED_EDGE ( 'NONE', *, *, #2737, .F. ) ;
#1167 = CARTESIAN_POINT ( 'NONE',  ( -0.9999999999999991100, 0.2679491924311225800, -0.9178632794954143500 ) ) ;
#1168 = CARTESIAN_POINT ( 'NONE',  ( 0.9999999999999991100, -4.357666448243395000E-016, -2.649999999999995500 ) ) ;
#1169 = ORIENTED_EDGE ( 'NONE', *, *, #3495, .T. ) ;
#1170 = CARTESIAN_POINT ( 'NONE',  ( -0.8660254037844378200, 0.4999999999999996700, -0.8833333333333288600 ) ) ;
#1171 = EDGE_CURVE ( 'NONE', #2478, #1380, #2664, .T. ) ;
#1172 = LOCAL_TIME ( 15, 38, 30.00000000000000000, #3784 ) ;
#1173 = CARTESIAN_POINT ( 'NONE',  ( 0.8847754037844326500, -0.5108253175473026500, 1.279166666666655900 ) ) ;
#1174 = CARTESIAN_POINT ( 'NONE',  ( 0.3686825588085556000, -2.385217236779700700, -2.910744989968436800 ) ) ;
#1175 = LINE ( 'NONE', #3636, #2429 ) ;
#1176 = CARTESIAN_POINT ( 'NONE',  ( 0.9999999999999991100, 0.05036793006357154900, 2.953357862004243600 ) ) ;
#1177 = CIRCLE ( 'NONE', #1845, 1.043301270189199000 ) ;
#1178 = CARTESIAN_POINT ( 'NONE',  ( 0.9999999999999991100, -4.357666448243395000E-016, 2.899999999999993700 ) ) ;
#1179 = CARTESIAN_POINT ( 'NONE',  ( -0.8547005383792165600, 5.233531392778135700E-017, 2.549999999999993600 ) ) ;
#1180 = EDGE_LOOP ( 'NONE', ( #1548, #573, #3024, #2311 ) ) ;
#1181 = CARTESIAN_POINT ( 'NONE',  ( -0.6410254037844124200, 0.3700961894323192000, 0.5166666666666600600 ) ) ;
#1182 = CARTESIAN_POINT ( 'NONE',  ( -1.251161180115467700E-016, -1.021650635094604400, -1.162499999999990300 ) ) ;
#1183 = ORIENTED_EDGE ( 'NONE', *, *, #773, .T. ) ;
#1184 = CARTESIAN_POINT ( 'NONE',  ( -0.8847754037844329800, -0.5108253175473019800, 1.545833333333322700 ) ) ;
#1185 = ORIENTED_EDGE ( 'NONE', *, *, #1583, .T. ) ;
#1186 = APPROVAL_ROLE ( '' ) ;
#1187 = CARTESIAN_POINT ( 'NONE',  ( -9.064742275298441300E-017, -0.7401923788646381800, 2.249999999999993300 ) ) ;
#1188 = CARTESIAN_POINT ( 'NONE',  ( 0.0000000000000000000, 0.0000000000000000000, -3.000000000000002700 ) ) ;
#1189 = CARTESIAN_POINT ( 'NONE',  ( 0.9999999999999991100, -4.357666448243395000E-016, -1.900000000000005900 ) ) ;
#1190 = CARTESIAN_POINT ( 'NONE',  ( -0.8660254037844378200, 0.4999999999999996700, 2.716666666666671700 ) ) ;
#1191 = CARTESIAN_POINT ( 'NONE',  ( 0.4273502691896087200, 0.7401923788646379600, 2.416666666666659900 ) ) ;
#1192 = CARTESIAN_POINT ( 'NONE',  ( 0.4273502691896087800, 0.7401923788646378500, 0.4166666666666598600 ) ) ;
#1193 = CARTESIAN_POINT ( 'NONE',  ( 0.5898502691896225800, 1.021650635094604000, -1.395833333333323500 ) ) ;
#1194 = CARTESIAN_POINT ( 'NONE',  ( 0.6410254037844127500, 0.3700961894323185300, -1.216666666666673700 ) ) ;
#1195 = EDGE_CURVE ( 'NONE', #3370, #2466, #1496, .T. ) ;
#1196 = CARTESIAN_POINT ( 'NONE',  ( 0.6410254037844123100, -0.3700961894323194200, -2.533333333333334500 ) ) ;
#1197 = CARTESIAN_POINT ( 'NONE',  ( 0.5898502691896216900, -1.021650635094604600, 1.645833333333323000 ) ) ;
#1198 =( BOUNDED_CURVE ( )  B_SPLINE_CURVE ( 2, ( #1704, #1388, #3165, #3799, #1666, #1694, #1681, #3764, #2327 ),
 .UNSPECIFIED., .F., .F. ) 
 B_SPLINE_CURVE_WITH_KNOTS ( ( 3, 2, 2, 2, 3 ),
 ( 0.7343750000000000000, 0.7395833333333333700, 0.7500000000000000000, 0.7604166666666666300, 0.7656250000000000000 ),
 .UNSPECIFIED. ) 
 CURVE ( )  GEOMETRIC_REPRESENTATION_ITEM ( )  RATIONAL_B_SPLINE_CURVE ( ( 0.9330127018922194100, 0.9330127018922194100, 1.000000000000000000, 0.8660254037844387100, 1.000000000000000000, 0.8660254037844387100, 1.000000000000000000, 0.9330127018922194100, 0.9330127018922194100 ) ) 
 REPRESENTATION_ITEM ( '' )  );
#1199 = CARTESIAN_POINT ( 'NONE',  ( -0.6410254037844125300, -0.3700961894323189200, 2.583333333333326400 ) ) ;
#1200 = CARTESIAN_POINT ( 'NONE',  ( 0.4273502691896087800, 0.7401923788646378500, -2.033333333333335000 ) ) ;
#1201 = CARTESIAN_POINT ( 'NONE',  ( 0.6238667204235091000, 0.7815307512491133100, 2.956698729810799200 ) ) ;
#1202 = CARTESIAN_POINT ( 'NONE',  ( 0.0000000000000000000, 0.0000000000000000000, -3.000000000000002700 ) ) ;
#1203 = CARTESIAN_POINT ( 'NONE',  ( 0.6410254037844127500, 0.3700961894323185300, 2.783333333333327000 ) ) ;
#1204 = CARTESIAN_POINT ( 'NONE',  ( -0.6410254037844124200, 0.3700961894323192000, -1.083333333333340100 ) ) ;
#1205 = CARTESIAN_POINT ( 'NONE',  ( 0.5898502691896225800, 1.021650635094604000, 0.6041666666666765100 ) ) ;
#1206 = CARTESIAN_POINT ( 'NONE',  ( 0.1123687966212076200, 0.9936665706090298500, -2.956698729810808500 ) ) ;
#1207 = DIRECTION ( 'NONE',  ( 0.0000000000000000000, 0.0000000000000000000, -1.000000000000000000 ) ) ;
#1208 = VERTEX_POINT ( 'NONE', #2969 ) ;
#1209 = CARTESIAN_POINT ( 'NONE',  ( -0.4273502691896085600, -0.7401923788646379600, -2.233333333333334700 ) ) ;
#1210 = ORIENTED_EDGE ( 'NONE', *, *, #3446, .T. ) ;
#1211 = CARTESIAN_POINT ( 'NONE',  ( 0.9999999999999991100, -4.357666448243395000E-016, 1.699999999999993700 ) ) ;
#1212 = CARTESIAN_POINT ( 'NONE',  ( -0.9999999999999991100, 2.905110965495597100E-017, -2.900000000000005200 ) ) ;
#1213 = ORIENTED_EDGE ( 'NONE', *, *, #2247, .F. ) ;
#1214 = CARTESIAN_POINT ( 'NONE',  ( 0.4273502691896087200, 0.7401923788646379600, 3.216666666666660100 ) ) ;
#1215 = CARTESIAN_POINT ( 'NONE',  ( 0.0000000000000000000, 0.7401923788646381800, 1.249999999999993300 ) ) ;
#1216 = EDGE_CURVE ( 'NONE', #520, #1208, #142, .T. ) ;
#1217 = CARTESIAN_POINT ( 'NONE',  ( 0.0000000000000000000, 1.021650635094604400, 1.037500000000009900 ) ) ;
#1218 = CARTESIAN_POINT ( 'NONE',  ( 0.8660254037844382600, 0.4999999999999988300, -1.066666666666673100 ) ) ;
#1219 = VECTOR ( 'NONE', #3293, 1000.000000000000000 ) ;
#1220 = CARTESIAN_POINT ( 'NONE',  ( -0.9999999999999991100, 0.2679491924311225800, 2.682136720504585200 ) ) ;
#1221 = CARTESIAN_POINT ( 'NONE',  ( -0.4273502691896082200, 0.7401923788646381800, -3.166666666666668700 ) ) ;
#1222 = AXIS2_PLACEMENT_3D ( 'NONE', #1474, #2045, #2340 ) ;
#1223 = FACE_OUTER_BOUND ( 'NONE', #2054, .T. ) ;
#1224 = ORIENTED_EDGE ( 'NONE', *, *, #3199, .T. ) ;
#1225 = CARTESIAN_POINT ( 'NONE',  ( 0.0000000000000000000, 0.7401923788646381800, 2.049999999999993600 ) ) ;
#1226 = CARTESIAN_POINT ( 'NONE',  ( 0.0000000000000000000, 0.0000000000000000000, 3.000000000000002700 ) ) ;
#1227 = DIRECTION ( 'NONE',  ( -1.000000000000000000, 0.0000000000000000000, 0.0000000000000000000 ) ) ;
#1228 = PRODUCT_DEFINITION ( 'UNKNOWN', '', #3434, #2680 ) ;
#1229 = CARTESIAN_POINT ( 'NONE',  ( -0.8547005383792165600, 5.233531392778135700E-017, -1.100000000000001200 ) ) ;
#1230 = CARTESIAN_POINT ( 'NONE',  ( -0.6410254037844125300, -0.3700961894323189200, 1.383333333333326600 ) ) ;
#1231 = ORIENTED_EDGE ( 'NONE', *, *, #167, .T. ) ;
#1232 = CARTESIAN_POINT ( 'NONE',  ( -1.251161180115467700E-016, -1.021650635094604400, 1.237500000000009400 ) ) ;
#1233 = CARTESIAN_POINT ( 'NONE',  ( -0.9999999999999991100, 1.452555482747798400E-016, 2.699999999999993500 ) ) ;
#1234 = CARTESIAN_POINT ( 'NONE',  ( 2.249999999999993800, -0.2198835176872454800, 3.000000000000008000 ) ) ;
#1235 = APPROVAL_ROLE ( '' ) ;
#1236 = ORIENTED_EDGE ( 'NONE', *, *, #2273, .F. ) ;
#1237 = CARTESIAN_POINT ( 'NONE',  ( 0.9999999999999991100, -4.357666448243395000E-016, 1.699999999999993700 ) ) ;
#1238 = EDGE_CURVE ( 'NONE', #2580, #1907, #1175, .T. ) ;
#1239 = CARTESIAN_POINT ( 'NONE',  ( 0.9999999999999991100, -4.357666448243395000E-016, -2.249999999999995600 ) ) ;
#1240 = CARTESIAN_POINT ( 'NONE',  ( 0.0000000000000000000, 0.7401923788646381800, -2.800000000000001200 ) ) ;
#1241 = CARTESIAN_POINT ( 'NONE',  ( 0.0000000000000000000, 0.7401923788646381800, 1.649999999999993500 ) ) ;
#1242 = CARTESIAN_POINT ( 'NONE',  ( -1.251161180115467700E-016, -1.021650635094604400, 1.637500000000009500 ) ) ;
#1243 = CARTESIAN_POINT ( 'NONE',  ( -0.9999999999999991100, -0.2679491924311222500, -0.8821367205045980200 ) ) ;
#1244 = CARTESIAN_POINT ( 'NONE',  ( -0.3644094588819917200, 0.8594099408653149700, -2.881872671329888600 ) ) ;
#1245 = EDGE_CURVE ( 'NONE', #3219, #1874, #2948, .T. ) ;
#1246 = CARTESIAN_POINT ( 'NONE',  ( 0.6410254037844123100, -0.3700961894323194200, -0.1333333333333346900 ) ) ;
#1247 = CARTESIAN_POINT ( 'NONE',  ( 0.0000000000000000000, 0.9999999999999991100, -0.5499999999999958300 ) ) ;
#1248 = DIRECTION ( 'NONE',  ( -0.0000000000000000000, -0.0000000000000000000, -1.000000000000000000 ) ) ;
#1249 = CARTESIAN_POINT ( 'NONE',  ( 0.8547005383792165600, -1.570059417833440500E-016, -2.500000000000000900 ) ) ;
#1250 = CARTESIAN_POINT ( 'NONE',  ( 0.6410254037844127500, 0.3700961894323185300, 1.983333333333326500 ) ) ;
#1251 = CARTESIAN_POINT ( 'NONE',  ( -0.5898502691896223600, -1.021650635094604200, 1.604166666666676300 ) ) ;
#1252 = CARTESIAN_POINT ( 'NONE',  ( -0.5773502691896256200, -0.9999999999999988900, -0.8333333333333395900 ) ) ;
#1253 = ORIENTED_EDGE ( 'NONE', *, *, #2297, .F. ) ;
#1254 = CARTESIAN_POINT ( 'NONE',  ( -0.7401923788646381800, 1.016788837923458900E-016, -2.696891108675442800 ) ) ;
#1255 = VERTEX_POINT ( 'NONE', #1898 ) ;
#1256 = CARTESIAN_POINT ( 'NONE',  ( 0.4273502691896080000, -0.7401923788646384000, -0.9666666666666682300 ) ) ;
#1257 = VERTEX_POINT ( 'NONE', #1887 ) ;
#1258 = CARTESIAN_POINT ( 'NONE',  ( 0.5773502691896250600, -0.9999999999999993300, -1.916666666666662300 ) ) ;
#1259 = DIRECTION ( 'NONE',  ( -1.000000000000000000, 0.0000000000000000000, 0.0000000000000000000 ) ) ;
#1260 = CARTESIAN_POINT ( 'NONE',  ( -0.8547005383792165600, 5.233531392778135700E-017, -2.700000000000001500 ) ) ;
#1261 = CARTESIAN_POINT ( 'NONE',  ( -0.6410254037844124200, 0.3700961894323192000, -1.133333333333334600 ) ) ;
#1262 = VERTEX_POINT ( 'NONE', #1846 ) ;
#1263 = CARTESIAN_POINT ( 'NONE',  ( 0.8547005383792165600, -1.570059417833440500E-016, 1.949999999999993500 ) ) ;
#1264 = EDGE_CURVE ( 'NONE', #154, #2116, #1617, .T. ) ;
#1265 =( BOUNDED_CURVE ( )  B_SPLINE_CURVE ( 2, ( #2115, #2085, #2378, #3298, #3265, #3577, #3308, #3002, #3282 ),
 .UNSPECIFIED., .F., .F. ) 
 B_SPLINE_CURVE_WITH_KNOTS ( ( 3, 2, 2, 2, 3 ),
 ( 0.07812500000000000000, 0.08333333333333337000, 0.09375000000000000000, 0.1041666666666666300, 0.1093750000000000000 ),
 .UNSPECIFIED. ) 
 CURVE ( )  GEOMETRIC_REPRESENTATION_ITEM ( )  RATIONAL_B_SPLINE_CURVE ( ( 0.9330127018922194100, 0.9330127018922194100, 1.000000000000000000, 0.8660254037844387100, 1.000000000000000000, 0.8660254037844387100, 1.000000000000000000, 0.9330127018922194100, 0.9330127018922194100 ) ) 
 REPRESENTATION_ITEM ( '' )  );
#1266 = CARTESIAN_POINT ( 'NONE',  ( -0.4273502691896085600, -0.7401923788646378500, -1.783333333333340300 ) ) ;
#1267 = PLANE ( 'NONE',  #1996 ) ;
#1268 = CARTESIAN_POINT ( 'NONE',  ( -0.9999999999999991100, 0.2679491924311225800, 0.7321367205045966600 ) ) ;
#1269 = VERTEX_POINT ( 'NONE', #2694 ) ;
#1270 = DIRECTION ( 'NONE',  ( 0.0000000000000000000, 0.0000000000000000000, 1.000000000000000000 ) ) ;
#1271 = B_SPLINE_CURVE_WITH_KNOTS ( 'NONE', 3,
 ( #2396, #1813, #1784, #1 ),
 .UNSPECIFIED., .F., .F.,
 ( 4, 4 ),
 ( 2.380746839933201000E-007, 0.001314652396222807100 ),
 .UNSPECIFIED. ) ;
#1272 = CARTESIAN_POINT ( 'NONE',  ( -0.6410254037844125300, -0.3700961894323189200, 0.1333333333333320800 ) ) ;
#1273 = ORIENTED_EDGE ( 'NONE', *, *, #1889, .T. ) ;
#1274 = DIRECTION ( 'NONE',  ( 1.000000000000000000, 0.0000000000000000000, 0.0000000000000000000 ) ) ;
#1275 = CARTESIAN_POINT ( 'NONE',  ( -0.8660254037844379300, -0.4999999999999993300, -1.616666666666662000 ) ) ;
#1276 = ORIENTED_EDGE ( 'NONE', *, *, #1171, .T. ) ;
#1277 = CARTESIAN_POINT ( 'NONE',  ( -0.4273502691896082200, 0.7401923788646381800, -1.566666666666668000 ) ) ;
#1278 = CARTESIAN_POINT ( 'NONE',  ( -0.4273502691896085600, -0.7401923788646378500, -1.833333333333335000 ) ) ;
#1279 = CARTESIAN_POINT ( 'NONE',  ( 0.5773502691896250600, -0.9999999999999993300, -1.116666666666662500 ) ) ;
#1280 = CARTESIAN_POINT ( 'NONE',  ( -0.6410254037844125300, -0.3700961894323189200, -2.616666666666673400 ) ) ;
#1281 = DIRECTION ( 'NONE',  ( 1.000000000000000000, 0.0000000000000000000, 0.0000000000000000000 ) ) ;
#1282 = CARTESIAN_POINT ( 'NONE',  ( 1.179700538379243800, -2.167074732417825400E-016, 2.512499999999989100 ) ) ;
#1283 = CARTESIAN_POINT ( 'NONE',  ( -0.9999999999999991100, -0.2679491924311222500, 2.317863279495401900 ) ) ;
#1284 = CARTESIAN_POINT ( 'NONE',  ( 2.249999999999993300, 0.2199373071784616600, 3.000000000000008000 ) ) ;
#1285 = CARTESIAN_POINT ( 'NONE',  ( 0.6410254037844123100, -0.3700961894323194200, -1.333333333333334800 ) ) ;
#1286 = LOCAL_TIME ( 15, 38, 30.00000000000000000, #3576 ) ;
#1287 = CARTESIAN_POINT ( 'NONE',  ( 2.762968978863520600E-016, 2.598076211353297400, 2.799038105676674000 ) ) ;
#1288 = EDGE_CURVE ( 'NONE', #520, #2338, #2881, .T. ) ;
#1289 = DIRECTION ( 'NONE',  ( -1.000000000000000000, 0.0000000000000000000, 0.0000000000000000000 ) ) ;
#1290 = CARTESIAN_POINT ( 'NONE',  ( 0.6410254037844127500, 0.3700961894323185300, 0.3333333333333322000 ) ) ;
#1291 = CARTESIAN_POINT ( 'NONE',  ( -0.6410254037844125300, -0.3700961894323189200, -0.6666666666666678500 ) ) ;
#1292 = CARTESIAN_POINT ( 'NONE',  ( 0.9999999999999993300, 0.2679491924311219200, 0.9678632794954122900 ) ) ;
#1293 = CARTESIAN_POINT ( 'NONE',  ( 0.5773502691896250600, -0.9999999999999993300, -2.366666666666672900 ) ) ;
#1294 = CARTESIAN_POINT ( 'NONE',  ( 0.5898502691896225800, 1.021650635094604000, 2.179166666666655600 ) ) ;
#1295 = CARTESIAN_POINT ( 'NONE',  ( -2.250000000000001800, 1.299038105676638200, -2.799038105676667800 ) ) ;
#1296 = CARTESIAN_POINT ( 'NONE',  ( -0.8660254037844379300, -0.4999999999999993300, -0.8166666666666622100 ) ) ;
#1297 = CARTESIAN_POINT ( 'NONE',  ( -0.9999999999999991100, 1.452555482747798400E-016, -0.04999999999999562400 ) ) ;
#1298 = CARTESIAN_POINT ( 'NONE',  ( -0.4273502691896082200, 0.7401923788646381800, -1.566666666666668000 ) ) ;
#1299 = ORIENTED_EDGE ( 'NONE', *, *, #1216, .F. ) ;
#1300 = CARTESIAN_POINT ( 'NONE',  ( 0.0000000000000000000, 0.0000000000000000000, 3.000000000000002700 ) ) ;
#1301 = CARTESIAN_POINT ( 'NONE',  ( -0.8689582562299005300, 4.269641585988878500E-013, 2.825656986040705000 ) ) ;
#1302 = CARTESIAN_POINT ( 'NONE',  ( -0.8660254037844378200, 0.4999999999999996700, -2.533333333333339900 ) ) ;
#1303 = ORIENTED_EDGE ( 'NONE', *, *, #3117, .T. ) ;
#1304 = CARTESIAN_POINT ( 'NONE',  ( 0.4273502691896080000, -0.7401923788646384000, -0.9666666666666682300 ) ) ;
#1305 = CARTESIAN_POINT ( 'NONE',  ( -0.4273502691896082200, 0.7401923788646381800, -1.166666666666667900 ) ) ;
#1306 = CARTESIAN_POINT ( 'NONE',  ( 0.5773502691896259500, 0.9999999999999988900, 1.016666666666671300 ) ) ;
#1307 = ADVANCED_FACE ( 'NONE', ( #2612 ), #855, .F. ) ;
#1308 = CARTESIAN_POINT ( 'NONE',  ( 0.5898502691896225800, 1.021650635094604000, 3.379166666666656200 ) ) ;
#1309 = ORIENTED_EDGE ( 'NONE', *, *, #1468, .T. ) ;
#1310 = APPROVAL_PERSON_ORGANIZATION ( #3685, #1798, #1186 ) ;
#1311 = DIRECTION ( 'NONE',  ( -1.000000000000000000, 0.0000000000000000000, 0.0000000000000000000 ) ) ;
#1312 = CARTESIAN_POINT ( 'NONE',  ( 0.6410254037844123100, -0.3700961894323194200, 1.466666666666665700 ) ) ;
#1313 = LINE ( 'NONE', #3831, #1081 ) ;
#1314 = CARTESIAN_POINT ( 'NONE',  ( 0.9999999999999988900, -0.2679491924311228100, 1.282136720504585500 ) ) ;
#1315 = DIRECTION ( 'NONE',  ( -0.0000000000000000000, -0.0000000000000000000, -1.000000000000000000 ) ) ;
#1316 = CARTESIAN_POINT ( 'NONE',  ( 0.4273502691896087200, 0.7401923788646379600, -0.03333333333333442900 ) ) ;
#1317 = CARTESIAN_POINT ( 'NONE',  ( 0.4273502691896080000, -0.7401923788646384000, 0.6333333333333319700 ) ) ;
#1318 = EDGE_CURVE ( 'NONE', #1077, #1039, #2255, .T. ) ;
#1319 = ORIENTED_EDGE ( 'NONE', *, *, #3719, .F. ) ;
#1320 = DIRECTION ( 'NONE',  ( -0.0000000000000000000, -0.0000000000000000000, -1.000000000000000000 ) ) ;
#1321 = CARTESIAN_POINT ( 'NONE',  ( -0.5898502691896223600, -1.021650635094604200, 3.179166666666655600 ) ) ;
#1322 = CARTESIAN_POINT ( 'NONE',  ( -1.125000000000012700, -1.948557158515009000, 3.000000000000002700 ) ) ;
#1323 = CARTESIAN_POINT ( 'NONE',  ( 0.5773502691896259500, 0.9999999999999988900, -0.1833333333333287400 ) ) ;
#1324 = B_SPLINE_CURVE_WITH_KNOTS ( 'NONE', 3,
 ( #1457, #1747, #3845, #1708, #3803, #1698 ),
 .UNSPECIFIED., .F., .F.,
 ( 4, 2, 4 ),
 ( 0.01301324595636502200, 0.01365845214202257600, 0.01430365832768013200 ),
 .UNSPECIFIED. ) ;
#1325 = ORIENTED_EDGE ( 'NONE', *, *, #79, .F. ) ;
#1326 = ORIENTED_EDGE ( 'NONE', *, *, #3303, .T. ) ;
#1327 = CARTESIAN_POINT ( 'NONE',  ( -0.6410254037844124200, 0.3700961894323192000, 0.4666666666666655600 ) ) ;
#1328 = AXIS2_PLACEMENT_3D ( 'NONE', #723, #1912, #2458 ) ;
#1329 = ADVANCED_FACE ( 'NONE', ( #2996 ), #44, .F. ) ;
#1330 = CARTESIAN_POINT ( 'NONE',  ( 2.249999999999991600, 1.299038105676643400, 2.799038105676671300 ) ) ;
#1331 = CARTESIAN_POINT ( 'NONE',  ( 0.9999999999999991100, -4.357666448243395000E-016, 1.299999999999993600 ) ) ;
#1332 = CARTESIAN_POINT ( 'NONE',  ( -0.6410254037844125300, -0.3700961894323189200, 0.5333333333333318800 ) ) ;
#1333 = CARTESIAN_POINT ( 'NONE',  ( 0.6410254037844127500, 0.3700961894323185300, -0.4666666666666681700 ) ) ;
#1334 = CARTESIAN_POINT ( 'NONE',  ( 0.0000000000000000000, 0.0000000000000000000, -3.000000000000002700 ) ) ;
#1335 = CARTESIAN_POINT ( 'NONE',  ( 0.6410254037844127500, 0.3700961894323185300, -2.816666666666673500 ) ) ;
#1336 = CARTESIAN_POINT ( 'NONE',  ( -2.250000000000001800, 1.088929003140955300, -2.859691379130751000 ) ) ;
#1337 = CARTESIAN_POINT ( 'NONE',  ( -0.4273502691896082200, 0.7401923788646381800, 1.633333333333332000 ) ) ;
#1338 = EDGE_CURVE ( 'NONE', #41, #1269, #586, .T. ) ;
#1339 = CARTESIAN_POINT ( 'NONE',  ( 0.0000000000000000000, 1.021650635094604400, -2.987500000000010900 ) ) ;
#1340 = CARTESIAN_POINT ( 'NONE',  ( 0.9999999999999991100, 2.614599868946037000E-016, -2.700000000000006800 ) ) ;
#1341 = CARTESIAN_POINT ( 'NONE',  ( 0.4273502691896080000, -0.7401923788646384000, -0.5666666666666679800 ) ) ;
#1342 = CARTESIAN_POINT ( 'NONE',  ( 0.4273502691896080000, -0.7401923788646384000, 0.2333333333333319200 ) ) ;
#1343 = ADVANCED_FACE ( 'NONE', ( #531 ), #1267, .F. ) ;
#1344 = ORIENTED_EDGE ( 'NONE', *, *, #374, .T. ) ;
#1345 = CARTESIAN_POINT ( 'NONE',  ( 0.4273502691896087200, 0.7401923788646379600, -0.7833333333333403200 ) ) ;
#1346 = CARTESIAN_POINT ( 'NONE',  ( 0.0000000000000000000, 0.0000000000000000000, 3.000000000000002700 ) ) ;
#1347 = CARTESIAN_POINT ( 'NONE',  ( 0.4273502691896080000, -0.7401923788646384000, -1.716666666666673700 ) ) ;
#1348 = CARTESIAN_POINT ( 'NONE',  ( 0.4273502691896080000, -0.7401923788646384000, -1.716666666666673700 ) ) ;
#1349 = B_SPLINE_CURVE_WITH_KNOTS ( 'NONE', 3,
 ( #102, #1611, #1069, #3163, #162, #3748, #1651, #752, #473, #3733 ),
 .UNSPECIFIED., .F., .F.,
 ( 4, 2, 2, 2, 4 ),
 ( 0.0000000000000000000, 0.0004715691482024035500, 0.0009431382964048071100, 0.001414707444607210700, 0.001886276592809614200 ),
 .UNSPECIFIED. ) ;
#1350 = VERTEX_POINT ( 'NONE', #2720 ) ;
#1351 = CARTESIAN_POINT ( 'NONE',  ( -0.4273502691896085600, -0.7401923788646379600, 1.366666666666665400 ) ) ;
#1352 = ORIENTED_EDGE ( 'NONE', *, *, #116, .T. ) ;
#1353 = DIRECTION ( 'NONE',  ( -1.000000000000000000, 0.0000000000000000000, 0.0000000000000000000 ) ) ;
#1354 = DIRECTION ( 'NONE',  ( 0.0000000000000000000, 0.0000000000000000000, 1.000000000000000000 ) ) ;
#1355 = CARTESIAN_POINT ( 'NONE',  ( 0.0000000000000000000, 0.7401923788646381800, 1.199999999999998800 ) ) ;
#1356 = CARTESIAN_POINT ( 'NONE',  ( 0.6410254037844127500, 0.3700961894323185300, 1.133333333333331700 ) ) ;
#1357 =( BOUNDED_CURVE ( )  B_SPLINE_CURVE ( 2, ( #3251, #1725, #1448, #2324, #2654, #2354, #2074, #2377, #2641 ),
 .UNSPECIFIED., .F., .F. ) 
 B_SPLINE_CURVE_WITH_KNOTS ( ( 3, 2, 2, 2, 3 ),
 ( 0.2968750000000000000, 0.3020833333333333100, 0.3125000000000000000, 0.3229166666666666900, 0.3281250000000000000 ),
 .UNSPECIFIED. ) 
 CURVE ( )  GEOMETRIC_REPRESENTATION_ITEM ( )  RATIONAL_B_SPLINE_CURVE ( ( 0.9330127018922194100, 0.9330127018922194100, 1.000000000000000000, 0.8660254037844387100, 1.000000000000000000, 0.8660254037844387100, 1.000000000000000000, 0.9330127018922194100, 0.9330127018922194100 ) ) 
 REPRESENTATION_ITEM ( '' )  );
#1358 = ORIENTED_EDGE ( 'NONE', *, *, #992, .T. ) ;
#1359 = CARTESIAN_POINT ( 'NONE',  ( 0.6410254037844127500, 0.3700961894323185300, -2.016666666666673700 ) ) ;
#1360 = CARTESIAN_POINT ( 'NONE',  ( -0.9999999999999991100, 1.452555482747798400E-016, 0.6999999999999937400 ) ) ;
#1361 = CARTESIAN_POINT ( 'NONE',  ( -0.6410254037844125300, -0.3700961894323189200, -2.216666666666673400 ) ) ;
#1362 = CARTESIAN_POINT ( 'NONE',  ( -0.8547005383792165600, 5.233531392778135700E-017, -1.850000000000006800 ) ) ;
#1363 = VECTOR ( 'NONE', #3067, 1000.000000000000000 ) ;
#1364 = CARTESIAN_POINT ( 'NONE',  ( 0.6410254037844127500, 0.3700961894323185300, 1.133333333333331700 ) ) ;
#1365 = ORIENTED_EDGE ( 'NONE', *, *, #581, .F. ) ;
#1366 = ADVANCED_FACE ( 'NONE', ( #3602 ), #1407, .F. ) ;
#1367 = EDGE_CURVE ( 'NONE', #2725, #657, #712, .T. ) ;
#1368 = CARTESIAN_POINT ( 'NONE',  ( -0.8660254037844379300, -0.4999999999999993300, 0.7333333333333270600 ) ) ;
#1369 = ORIENTED_EDGE ( 'NONE', *, *, #1318, .F. ) ;
#1370 = CARTESIAN_POINT ( 'NONE',  ( 0.8847754037844333100, 0.5108253175473014300, -2.254166666666677500 ) ) ;
#1371 = CARTESIAN_POINT ( 'NONE',  ( 0.4059947115307445700, -0.7915551807158429700, -2.838375817127164200 ) ) ;
#1372 = CARTESIAN_POINT ( 'NONE',  ( 0.8547005383792165600, -1.570059417833440500E-016, 2.299999999999999400 ) ) ;
#1373 = CARTESIAN_POINT ( 'NONE',  ( -0.4273502691896082200, 0.7401923788646381800, 0.4333333333333320200 ) ) ;
#1374 = CARTESIAN_POINT ( 'NONE',  ( 0.5773502691896250600, -0.9999999999999993300, 0.4833333333333377800 ) ) ;
#1375 = EDGE_CURVE ( 'NONE', #2678, #1395, #3758, .T. ) ;
#1376 = CARTESIAN_POINT ( 'NONE',  ( 0.6410254037844123100, -0.3700961894323194200, -1.683333333333340200 ) ) ;
#1377 = CARTESIAN_POINT ( 'NONE',  ( 1.179700538379243800, -2.167074732417825400E-016, 2.537500000000009000 ) ) ;
#1378 = CARTESIAN_POINT ( 'NONE',  ( -0.6410254037844124200, 0.3700961894323192000, -1.483333333333340300 ) ) ;
#1379 = CARTESIAN_POINT ( 'NONE',  ( 0.6410254037844127500, 0.3700961894323185300, 3.133333333333332400 ) ) ;
#1380 = VERTEX_POINT ( 'NONE', #3108 ) ;
#1381 = CARTESIAN_POINT ( 'NONE',  ( 0.0000000000000000000, 0.0000000000000000000, -3.000000000000002700 ) ) ;
#1382 = CARTESIAN_POINT ( 'NONE',  ( -0.5898502691896218000, 1.021650635094604400, -2.554166666666677800 ) ) ;
#1383 = CARTESIAN_POINT ( 'NONE',  ( -0.2859728615361139500, -0.8750302357127326400, -2.869731529480045800 ) ) ;
#1384 = CARTESIAN_POINT ( 'NONE',  ( -0.4273502691896085600, -0.7401923788646379600, 1.366666666666665400 ) ) ;
#1385 = CARTESIAN_POINT ( 'NONE',  ( -0.4273502691896085600, -0.7401923788646378500, 1.766666666666665500 ) ) ;
#1386 = ADVANCED_FACE ( 'NONE', ( #3185 ), #2012, .T. ) ;
#1387 = CARTESIAN_POINT ( 'NONE',  ( 0.6410254037844127500, 0.3700961894323185300, -0.8166666666666734200 ) ) ;
#1388 = CARTESIAN_POINT ( 'NONE',  ( 0.9999999999999993300, 0.2679491924311219200, 1.367863279495412600 ) ) ;
#1389 = DIRECTION ( 'NONE',  ( -1.000000000000000000, 0.0000000000000000000, 0.0000000000000000000 ) ) ;
#1390 = CARTESIAN_POINT ( 'NONE',  ( -0.8547005383792165600, 5.233531392778135700E-017, -1.050000000000006700 ) ) ;
#1391 = CARTESIAN_POINT ( 'NONE',  ( -0.5898502691896223600, -1.021650635094604200, -2.395833333333323700 ) ) ;
#1392 = CARTESIAN_POINT ( 'NONE',  ( 0.5773502691896259500, 0.9999999999999988900, -0.9833333333333291700 ) ) ;
#1393 = EDGE_CURVE ( 'NONE', #3296, #591, #319, .T. ) ;
#1394 = CARTESIAN_POINT ( 'NONE',  ( 0.8847754037844333100, 0.5108253175473014300, -2.654166666666677400 ) ) ;
#1395 = VERTEX_POINT ( 'NONE', #2779 ) ;
#1396 = CARTESIAN_POINT ( 'NONE',  ( 0.8547005383792165600, -1.570059417833440500E-016, 1.899999999999999000 ) ) ;
#1397 = CARTESIAN_POINT ( 'NONE',  ( 0.4273502691896087800, 0.7401923788646378500, 1.566666666666665800 ) ) ;
#1398 = CARTESIAN_POINT ( 'NONE',  ( -0.6410254037844125300, -0.3700961894323189200, -2.216666666666673400 ) ) ;
#1399 = CARTESIAN_POINT ( 'NONE',  ( 2.249999999999992500, 0.8761635925114936700, -2.910166025077811200 ) ) ;
#1400 = EDGE_LOOP ( 'NONE', ( #3683, #358, #1764, #3776 ) ) ;
#1401 = CARTESIAN_POINT ( 'NONE',  ( 0.0000000000000000000, 0.0000000000000000000, 3.000000000000002700 ) ) ;
#1402 = CARTESIAN_POINT ( 'NONE',  ( -0.4273502691896082200, 0.7401923788646381800, 0.8833333333333262000 ) ) ;
#1403 = CARTESIAN_POINT ( 'NONE',  ( 0.8847754037844333100, 0.5108253175473014300, -3.029166666666657000 ) ) ;
#1404 = VERTEX_POINT ( 'NONE', #2822 ) ;
#1405 = APPROVAL_DATE_TIME ( #2662, #3556 ) ;
#1406 = CC_DESIGN_SECURITY_CLASSIFICATION ( #3674, ( #3434 ) ) ;
#1407 = CYLINDRICAL_SURFACE ( 'NONE', #2955, 0.9999999999999991100 ) ;
#1408 = CARTESIAN_POINT ( 'NONE',  ( 0.0000000000000000000, 0.0000000000000000000, 3.000000000000002700 ) ) ;
#1409 = LINE ( 'NONE', #143, #2109 ) ;
#1410 = CARTESIAN_POINT ( 'NONE',  ( -1.251161180115467700E-016, -1.021650635094604400, 0.4124999999999892600 ) ) ;
#1411 = CARTESIAN_POINT ( 'NONE',  ( 0.4273502691896087200, 0.7401923788646379600, 2.766666666666665300 ) ) ;
#1412 = CARTESIAN_POINT ( 'NONE',  ( 0.4273502691896087800, 0.7401923788646378500, 1.966666666666665200 ) ) ;
#1413 = FACE_OUTER_BOUND ( 'NONE', #1596, .T. ) ;
#1414 = CIRCLE ( 'NONE', #2469, 2.250000000000001800 ) ;
#1415 = CARTESIAN_POINT ( 'NONE',  ( 0.4273502691896080000, -0.7401923788646384000, 1.483333333333327000 ) ) ;
#1416 = CARTESIAN_POINT ( 'NONE',  ( -0.8660254037844379300, -0.4999999999999993300, 1.183333333333337800 ) ) ;
#1417 = CARTESIAN_POINT ( 'NONE',  ( 0.8453417510306652200, -0.1125717274026824400, 2.802040480838146100 ) ) ;
#1418 = CARTESIAN_POINT ( 'NONE',  ( 0.4273502691896087200, 0.7401923788646379600, -0.3833333333333401300 ) ) ;
#1419 = VERTEX_POINT ( 'NONE', #104 ) ;
#1420 = CARTESIAN_POINT ( 'NONE',  ( 0.8847754037844333100, 0.5108253175473014300, -2.629166666666657100 ) ) ;
#1421 = CARTESIAN_POINT ( 'NONE',  ( 0.0000000000000000000, 0.0000000000000000000, 3.000000000000002700 ) ) ;
#1422 = EDGE_CURVE ( 'NONE', #3292, #591, #2569, .T. ) ;
#1423 = CARTESIAN_POINT ( 'NONE',  ( 0.5773502691896250600, -0.9999999999999993300, 1.683333333333337300 ) ) ;
#1424 = ORIENTED_EDGE ( 'NONE', *, *, #413, .T. ) ;
#1425 = CARTESIAN_POINT ( 'NONE',  ( -1.179700538379243800, 7.223582441392750400E-017, -1.287500000000010700 ) ) ;
#1426 = CARTESIAN_POINT ( 'NONE',  ( -0.8660254037844378200, 0.4999999999999996700, 2.316666666666671300 ) ) ;
#1427 = CARTESIAN_POINT ( 'NONE',  ( 0.6410254037844123100, -0.3700961894323194200, 2.266666666666665300 ) ) ;
#1428 = CARTESIAN_POINT ( 'NONE',  ( -0.6410254037844125300, -0.3700961894323189200, -0.2166666666666735900 ) ) ;
#1429 = CARTESIAN_POINT ( 'NONE',  ( -1.315951922094025200, -1.838311014891753600, 2.999999999999992000 ) ) ;
#1430 = DIRECTION ( 'NONE',  ( -1.000000000000000000, 0.0000000000000000000, 0.0000000000000000000 ) ) ;
#1431 = CARTESIAN_POINT ( 'NONE',  ( 0.6410254037844123100, -0.3700961894323194200, -0.08333333333334019800 ) ) ;
#1432 = CARTESIAN_POINT ( 'NONE',  ( -0.5898502691896223600, -1.021650635094604200, -3.195833333333324000 ) ) ;
#1433 =( BOUNDED_CURVE ( )  B_SPLINE_CURVE ( 2, ( #1852, #18, #2110, #334, #2408, #1815, #3096, #2185, #3659 ),
 .UNSPECIFIED., .F., .F. ) 
 B_SPLINE_CURVE_WITH_KNOTS ( ( 3, 2, 2, 2, 3 ),
 ( 0.4531250000000000000, 0.4583333333333333700, 0.4687500000000000000, 0.4791666666666666300, 0.4843750000000000000 ),
 .UNSPECIFIED. ) 
 CURVE ( )  GEOMETRIC_REPRESENTATION_ITEM ( )  RATIONAL_B_SPLINE_CURVE ( ( 0.9330127018922194100, 0.9330127018922194100, 1.000000000000000000, 0.8660254037844387100, 1.000000000000000000, 0.8660254037844387100, 1.000000000000000000, 0.9330127018922194100, 0.9330127018922194100 ) ) 
 REPRESENTATION_ITEM ( '' )  );
#1434 = CARTESIAN_POINT ( 'NONE',  ( 0.9999999999999988900, -0.2679491924311228100, 1.732136720504596500 ) ) ;
#1435 = CARTESIAN_POINT ( 'NONE',  ( 0.7421633369868012600, -3.050366513770377000E-016, 2.698862066797605800 ) ) ;
#1436 = CARTESIAN_POINT ( 'NONE',  ( -0.8847754037844328700, 0.5108253175473023200, -0.1208333333333443100 ) ) ;
#1437 = CARTESIAN_POINT ( 'NONE',  ( 0.0000000000000000000, 0.9999999999999991100, -2.549999999999995800 ) ) ;
#1438 = CARTESIAN_POINT ( 'NONE',  ( 0.0000000000000000000, 0.7401923788646381800, 2.399999999999998600 ) ) ;
#1439 = CARTESIAN_POINT ( 'NONE',  ( 0.4273502691896087200, 0.7401923788646379600, 1.616666666666660300 ) ) ;
#1440 = CARTESIAN_POINT ( 'NONE',  ( -0.8546989053629924200, -0.2454524499793096800, 2.837467748150350300 ) ) ;
#1441 = CARTESIAN_POINT ( 'NONE',  ( -0.6410254037844124200, 0.3700961894323192000, -0.2833333333333403200 ) ) ;
#1442 = EDGE_LOOP ( 'NONE', ( #1276, #3614, #2748 ) ) ;
#1443 = CARTESIAN_POINT ( 'NONE',  ( 0.8847754037844326500, -0.5108253175473026500, -1.095833333333323700 ) ) ;
#1444 = EDGE_LOOP ( 'NONE', ( #1803, #496, #257, #3650 ) ) ;
#1445 = CARTESIAN_POINT ( 'NONE',  ( 0.1613194744131945800, 0.7884928244297304500, 2.754647134795423600 ) ) ;
#1446 = EDGE_CURVE ( 'NONE', #1592, #1951, #2271, .T. ) ;
#1447 = CARTESIAN_POINT ( 'NONE',  ( 0.8847754037844326500, -0.5108253175473026500, -1.520833333333344400 ) ) ;
#1448 = CARTESIAN_POINT ( 'NONE',  ( 0.8660254037844382600, 0.4999999999999988300, -1.416666666666662500 ) ) ;
#1449 = ORIENTED_EDGE ( 'NONE', *, *, #604, .T. ) ;
#1450 = CARTESIAN_POINT ( 'NONE',  ( -0.4273502691896082200, 0.7401923788646381800, -0.3166666666666733700 ) ) ;
#1451 = CARTESIAN_POINT ( 'NONE',  ( -1.224646799147352500E-016, -0.9999999999999991100, 2.450000000000005100 ) ) ;
#1452 = AXIS2_PLACEMENT_3D ( 'NONE', #2134, #660, #1026 ) ;
#1453 = EDGE_LOOP ( 'NONE', ( #381, #3818, #3480 ) ) ;
#1454 = CARTESIAN_POINT ( 'NONE',  ( 0.0000000000000000000, 0.7401923788646381800, 0.8499999999999930900 ) ) ;
#1455 = CARTESIAN_POINT ( 'NONE',  ( 0.6410254037844127500, 0.3700961894323185300, -0.4166666666666736800 ) ) ;
#1456 = CARTESIAN_POINT ( 'NONE',  ( -0.5898502691896218000, 1.021650635094604400, -0.5291666666666569000 ) ) ;
#1457 = CARTESIAN_POINT ( 'NONE',  ( -2.250000000000001800, -1.299038105676685100, -2.799038105676654000 ) ) ;
#1458 = CARTESIAN_POINT ( 'NONE',  ( -0.8660254037844378200, 0.4999999999999996700, 0.3166666666666713100 ) ) ;
#1459 = ORIENTED_EDGE ( 'NONE', *, *, #1245, .F. ) ;
#1460 = CARTESIAN_POINT ( 'NONE',  ( 1.179700538379243800, -2.167074732417825400E-016, 0.1124999999999893300 ) ) ;
#1461 = ORIENTED_EDGE ( 'NONE', *, *, #3274, .T. ) ;
#1462 = CARTESIAN_POINT ( 'NONE',  ( 0.4273502691896080000, -0.7401923788646384000, 1.083333333333326800 ) ) ;
#1463 = DIRECTION ( 'NONE',  ( 1.000000000000000000, 0.0000000000000000000, 0.0000000000000000000 ) ) ;
#1464 = CARTESIAN_POINT ( 'NONE',  ( -9.064742275298441300E-017, -0.7401923788646381800, -1.350000000000006800 ) ) ;
#1465 = CARTESIAN_POINT ( 'NONE',  ( 0.8547005383792165600, -1.570059417833440500E-016, 2.349999999999993000 ) ) ;
#1466 = CARTESIAN_POINT ( 'NONE',  ( 0.6410254037844127500, 0.3700961894323185300, 0.7833333333333268900 ) ) ;
#1467 = CARTESIAN_POINT ( 'NONE',  ( -0.8847754037844329800, -0.5108253175473019800, -0.4291666666666571500 ) ) ;
#1468 = EDGE_CURVE ( 'NONE', #3880, #2671, #1123, .T. ) ;
#1469 = CARTESIAN_POINT ( 'NONE',  ( -0.6695499075338521300, 0.3661000234169692900, -2.696891108675443700 ) ) ;
#1470 = DIRECTION ( 'NONE',  ( 1.000000000000000000, 0.0000000000000000000, 0.0000000000000000000 ) ) ;
#1471 = CARTESIAN_POINT ( 'NONE',  ( 0.5898502691896225800, 1.021650635094604000, 1.779166666666656300 ) ) ;
#1472 = MECHANICAL_CONTEXT ( 'NONE', #281, 'mechanical' ) ;
#1473 = DIRECTION ( 'NONE',  ( -1.000000000000000000, 0.0000000000000000000, 0.0000000000000000000 ) ) ;
#1474 = CARTESIAN_POINT ( 'NONE',  ( 0.0000000000000000000, 0.0000000000000000000, 3.000000000000002700 ) ) ;
#1475 =( BOUNDED_CURVE ( )  B_SPLINE_CURVE ( 2, ( #949, #3332, #932, #637, #2707, #371, #2123, #3011, #3622 ),
 .UNSPECIFIED., .F., .F. ) 
 B_SPLINE_CURVE_WITH_KNOTS ( ( 3, 2, 2, 2, 3 ),
 ( 0.2656250000000000000, 0.2708333333333333700, 0.2812500000000000000, 0.2916666666666666300, 0.2968750000000000000 ),
 .UNSPECIFIED. ) 
 CURVE ( )  GEOMETRIC_REPRESENTATION_ITEM ( )  RATIONAL_B_SPLINE_CURVE ( ( 0.9330127018922194100, 0.9330127018922194100, 1.000000000000000000, 0.8660254037844387100, 1.000000000000000000, 0.8660254037844387100, 1.000000000000000000, 0.9330127018922194100, 0.9330127018922194100 ) ) 
 REPRESENTATION_ITEM ( '' )  );
#1476 = CARTESIAN_POINT ( 'NONE',  ( -9.064742275298441300E-017, -0.7401923788646381800, 1.449999999999993100 ) ) ;
#1477 = CARTESIAN_POINT ( 'NONE',  ( -0.6410254037844124200, 0.3700961894323192000, 0.1166666666666599000 ) ) ;
#1478 = CARTESIAN_POINT ( 'NONE',  ( 0.5898502691896216900, -1.021650635094604600, -0.7291666666666569700 ) ) ;
#1479 = APPROVAL ( #1519, 'UNSPECIFIED' ) ;
#1480 = DIRECTION ( 'NONE',  ( -0.0000000000000000000, -0.0000000000000000000, -1.000000000000000000 ) ) ;
#1481 = CARTESIAN_POINT ( 'NONE',  ( 0.0000000000000000000, 0.7401923788646381800, -2.800000000000001200 ) ) ;
#1482 = CARTESIAN_POINT ( 'NONE',  ( -0.5898502691896218000, 1.021650635094604400, 1.045833333333322300 ) ) ;
#1483 = APPROVAL_ROLE ( '' ) ;
#1484 = CARTESIAN_POINT ( 'NONE',  ( 0.4273502691896080000, -0.7401923788646384000, 2.683333333333326900 ) ) ;
#1485 = CARTESIAN_POINT ( 'NONE',  ( -0.5773502691896251800, 0.9999999999999991100, 1.033333333333327000 ) ) ;
#1486 = ORIENTED_EDGE ( 'NONE', *, *, #2586, .F. ) ;
#1487 = CARTESIAN_POINT ( 'NONE',  ( 0.6403964582951838800, -0.4206374813887948600, 2.696891108675442800 ) ) ;
#1488 = CARTESIAN_POINT ( 'NONE',  ( 0.6410254037844127500, 0.3700961894323185300, 2.383333333333326600 ) ) ;
#1489 = CARTESIAN_POINT ( 'NONE',  ( 0.8547005383792165600, -1.570059417833440500E-016, -0.4500000000000068400 ) ) ;
#1490 = CARTESIAN_POINT ( 'NONE',  ( -0.5898502691896218000, 1.021650635094604400, -1.729166666666657200 ) ) ;
#1491 = ORIENTED_EDGE ( 'NONE', *, *, #1393, .F. ) ;
#1492 = CARTESIAN_POINT ( 'NONE',  ( -0.5773502691896251800, 0.9999999999999991100, 0.2833333333333377700 ) ) ;
#1493 = ORIENTED_EDGE ( 'NONE', *, *, #2874, .T. ) ;
#1494 = CARTESIAN_POINT ( 'NONE',  ( -0.6410254037844125300, -0.3700961894323189200, -2.266666666666667900 ) ) ;
#1495 = CARTESIAN_POINT ( 'NONE',  ( 0.0000000000000000000, 1.021650635094604400, 1.012499999999989100 ) ) ;
#1496 = CIRCLE ( 'NONE', #3404, 0.9999999999999991100 ) ;
#1497 = CARTESIAN_POINT ( 'NONE',  ( 2.249999999999995100, -1.299038105676686900, 2.799038105676656700 ) ) ;
#1498 = CARTESIAN_POINT ( 'NONE',  ( 0.0000000000000000000, 0.7401923788646381800, -2.400000000000001700 ) ) ;
#1499 = CARTESIAN_POINT ( 'NONE',  ( -0.7715451569683601200, 0.6636445877970942300, -2.944242972519813200 ) ) ;
#1500 = CARTESIAN_POINT ( 'NONE',  ( -0.8547005383792165600, 5.233531392778135700E-017, 2.949999999999993500 ) ) ;
#1501 = CARTESIAN_POINT ( 'NONE',  ( -0.4273502691896085600, -0.7401923788646378500, -0.5833333333333403600 ) ) ;
#1502 = VECTOR ( 'NONE', #3347, 1000.000000000000000 ) ;
#1503 = CARTESIAN_POINT ( 'NONE',  ( 0.5898502691896216900, -1.021650635094604600, 0.8708333333333431200 ) ) ;
#1504 = CARTESIAN_POINT ( 'NONE',  ( 0.5773502691896259500, 0.9999999999999988900, -1.433333333333339300 ) ) ;
#1505 = ORIENTED_EDGE ( 'NONE', *, *, #677, .T. ) ;
#1506 = DIRECTION ( 'NONE',  ( 0.7071067811865487900, 8.659560562354948900E-017, -0.7071067811865463500 ) ) ;
#1507 = CARTESIAN_POINT ( 'NONE',  ( -0.4273502691896085600, -0.7401923788646379600, -2.633333333333334600 ) ) ;
#1508 = ORIENTED_EDGE ( 'NONE', *, *, #1393, .T. ) ;
#1509 = APPROVAL_STATUS ( 'not_yet_approved' ) ;
#1510 = CARTESIAN_POINT ( 'NONE',  ( -0.9999999999999991100, 0.0000000000000000000, 3.000000000000002700 ) ) ;
#1511 = CARTESIAN_POINT ( 'NONE',  ( -9.064742275298441300E-017, -0.7401923788646381800, 1.849999999999993200 ) ) ;
#1512 = CARTESIAN_POINT ( 'NONE',  ( 0.4273502691896080000, -0.7401923788646384000, 1.883333333333326200 ) ) ;
#1513 = CARTESIAN_POINT ( 'NONE',  ( -0.8847754037844328700, 0.5108253175473023200, 1.904166666666676300 ) ) ;
#1514 = CARTESIAN_POINT ( 'NONE',  ( 0.9999999999999993300, 0.2679491924311219200, -2.232136720504588100 ) ) ;
#1515 = CARTESIAN_POINT ( 'NONE',  ( -0.9999999999999991100, 1.452555482747798400E-016, -0.9000000000000060200 ) ) ;
#1516 = EDGE_CURVE ( 'NONE', #940, #2158, #468, .T. ) ;
#1517 = CARTESIAN_POINT ( 'NONE',  ( 0.0000000000000000000, 0.9999999999999991100, -2.200000000000006800 ) ) ;
#1518 = CARTESIAN_POINT ( 'NONE',  ( 0.4273502691896080000, -0.7401923788646384000, -2.966666666666668100 ) ) ;
#1519 = APPROVAL_STATUS ( 'not_yet_approved' ) ;
#1520 =( BOUNDED_CURVE ( )  B_SPLINE_CURVE ( 2, ( #1539, #2160, #107, #1323, #2174, #131, #3079, #3416, #1297 ),
 .UNSPECIFIED., .F., .F. ) 
 B_SPLINE_CURVE_WITH_KNOTS ( ( 3, 2, 2, 2, 3 ),
 ( 0.4843750000000000000, 0.4895833333333333100, 0.5000000000000000000, 0.5104166666666666300, 0.5156250000000000000 ),
 .UNSPECIFIED. ) 
 CURVE ( )  GEOMETRIC_REPRESENTATION_ITEM ( )  RATIONAL_B_SPLINE_CURVE ( ( 0.9330127018922194100, 0.9330127018922194100, 1.000000000000000000, 0.8660254037844387100, 1.000000000000000000, 0.8660254037844387100, 1.000000000000000000, 0.9330127018922194100, 0.9330127018922194100 ) ) 
 REPRESENTATION_ITEM ( '' )  );
#1521 = CARTESIAN_POINT ( 'NONE',  ( 0.9999999999999991100, -4.357666448243395000E-016, -1.449999999999995500 ) ) ;
#1522 = DIRECTION ( 'NONE',  ( -1.000000000000000000, 0.0000000000000000000, 0.0000000000000000000 ) ) ;
#1523 = CARTESIAN_POINT ( 'NONE',  ( -0.6410254037844125300, -0.3700961894323189200, -3.066666666666668200 ) ) ;
#1524 = CARTESIAN_POINT ( 'NONE',  ( 0.6410254037844123100, -0.3700961894323194200, 2.316666666666659800 ) ) ;
#1525 = CARTESIAN_POINT ( 'NONE',  ( 0.8847754037844333100, 0.5108253175473014300, 1.370833333333342900 ) ) ;
#1526 = VERTEX_POINT ( 'NONE', #1139 ) ;
#1527 =( BOUNDED_CURVE ( )  B_SPLINE_CURVE ( 2, ( #3213, #2010, #1099, #218, #2026, #1716, #503, #807, #2305 ),
 .UNSPECIFIED., .F., .F. ) 
 B_SPLINE_CURVE_WITH_KNOTS ( ( 3, 2, 2, 2, 3 ),
 ( 0.8281250000000000000, 0.8333333333333333700, 0.8437500000000000000, 0.8541666666666666300, 0.8593750000000000000 ),
 .UNSPECIFIED. ) 
 CURVE ( )  GEOMETRIC_REPRESENTATION_ITEM ( )  RATIONAL_B_SPLINE_CURVE ( ( 0.9330127018922194100, 0.9330127018922194100, 1.000000000000000000, 0.8660254037844387100, 1.000000000000000000, 0.8660254037844387100, 1.000000000000000000, 0.9330127018922194100, 0.9330127018922194100 ) ) 
 REPRESENTATION_ITEM ( '' )  );
#1528 = CARTESIAN_POINT ( 'NONE',  ( -0.6410254037844124200, 0.3700961894323192000, -3.133333333333334600 ) ) ;
#1529 = EDGE_LOOP ( 'NONE', ( #3611, #920, #3045, #1253 ) ) ;
#1530 = CARTESIAN_POINT ( 'NONE',  ( -1.124999999999991800, 1.948557158514973200, -3.000000000000002700 ) ) ;
#1531 = CARTESIAN_POINT ( 'NONE',  ( 0.0000000000000000000, 0.9999999999999991100, -2.600000000000005900 ) ) ;
#1532 = ORIENTED_EDGE ( 'NONE', *, *, #3843, .F. ) ;
#1533 = CARTESIAN_POINT ( 'NONE',  ( 0.8547005383792165600, -1.570059417833440500E-016, -1.700000000000001300 ) ) ;
#1534 = CARTESIAN_POINT ( 'NONE',  ( -9.064742275298441300E-017, -0.7401923788646381800, 2.249999999999993300 ) ) ;
#1535 = EDGE_CURVE ( 'NONE', #3559, #865, #296, .T. ) ;
#1536 = CARTESIAN_POINT ( 'NONE',  ( -0.8847754037844328700, 0.5108253175473023200, 2.304166666666676500 ) ) ;
#1537 = VERTEX_POINT ( 'NONE', #514 ) ;
#1538 = CONICAL_SURFACE ( 'NONE', #2773, 2.250000000000001800, 1.047197551196600100 ) ;
#1539 = CARTESIAN_POINT ( 'NONE',  ( 0.9999999999999991100, -4.357666448243395000E-016, -0.2499999999999955600 ) ) ;
#1540 = CARTESIAN_POINT ( 'NONE',  ( -0.6410254037844124200, 0.3700961894323192000, -1.133333333333334600 ) ) ;
#1541 = FACE_OUTER_BOUND ( 'NONE', #3569, .T. ) ;
#1542 = ORIENTED_EDGE ( 'NONE', *, *, #3598, .F. ) ;
#1543 = CARTESIAN_POINT ( 'NONE',  ( -0.9999999999999991100, 0.2679491924311225800, -0.4678632794954037900 ) ) ;
#1544 = CARTESIAN_POINT ( 'NONE',  ( 0.0000000000000000000, 0.9999999999999991100, 2.199999999999994400 ) ) ;
#1545 = CARTESIAN_POINT ( 'NONE',  ( -0.5773502691896256200, -0.9999999999999988900, -0.3833333333333288600 ) ) ;
#1546 = CARTESIAN_POINT ( 'NONE',  ( 0.8547005383792165600, -1.570059417833440500E-016, -2.900000000000001200 ) ) ;
#1547 = CARTESIAN_POINT ( 'NONE',  ( -0.4273502691896085600, -0.7401923788646378500, 2.616666666666660500 ) ) ;
#1548 = ORIENTED_EDGE ( 'NONE', *, *, #2041, .F. ) ;
#1549 = CARTESIAN_POINT ( 'NONE',  ( -1.179700538379243800, 7.223582441392750400E-017, 0.3375000000000096800 ) ) ;
#1550 = CARTESIAN_POINT ( 'NONE',  ( -0.5773502691896251800, 0.9999999999999991100, -2.166666666666672700 ) ) ;
#1551 = CARTESIAN_POINT ( 'NONE',  ( -0.8547005383792165600, 5.233531392778135700E-017, -0.7000000000000014000 ) ) ;
#1552 = CARTESIAN_POINT ( 'NONE',  ( -0.9999999999999991100, -0.2679491924311222500, -2.432136720504587400 ) ) ;
#1553 = EDGE_CURVE ( 'NONE', #360, #3183, #1872, .T. ) ;
#1554 = CARTESIAN_POINT ( 'NONE',  ( 0.9999999999999991100, -4.357666448243395000E-016, -1.849999999999995400 ) ) ;
#1555 = CARTESIAN_POINT ( 'NONE',  ( -0.9999999999999991100, -0.2679491924311222500, -0.4321367205045874000 ) ) ;
#1556 = CARTESIAN_POINT ( 'NONE',  ( -0.4273502691896082200, 0.7401923788646381800, -2.366666666666668000 ) ) ;
#1557 = CARTESIAN_POINT ( 'NONE',  ( -9.064742275298441300E-017, -0.7401923788646381800, -2.600000000000001400 ) ) ;
#1558 = CARTESIAN_POINT ( 'NONE',  ( -0.4273502691896082200, 0.7401923788646381800, 1.283333333333326300 ) ) ;
#1559 = CARTESIAN_POINT ( 'NONE',  ( -0.5898502691896223600, -1.021650635094604200, 2.804166666666676500 ) ) ;
#1560 = CARTESIAN_POINT ( 'NONE',  ( -0.8660254037844379300, -0.4999999999999993300, 1.933333333333327800 ) ) ;
#1561 = B_SPLINE_CURVE_WITH_KNOTS ( 'NONE', 3,
 ( #3591, #3538, #300, #1743, #2381, #598 ),
 .UNSPECIFIED., .F., .F.,
 ( 4, 2, 4 ),
 ( 0.01301324595636502200, 0.01365845214202257600, 0.01430365832768013200 ),
 .UNSPECIFIED. ) ;
#1562 = CARTESIAN_POINT ( 'NONE',  ( 0.8547005383792165600, -1.570059417833440500E-016, -0.5000000000000013300 ) ) ;
#1563 = AXIS2_PLACEMENT_3D ( 'NONE', #1568, #3074, #1892 ) ;
#1564 = CARTESIAN_POINT ( 'NONE',  ( -0.8660254037844378200, 0.4999999999999996700, 0.2666666666666606100 ) ) ;
#1565 = CARTESIAN_POINT ( 'NONE',  ( 0.8660254037844382600, 0.4999999999999988300, -0.6166666666666624800 ) ) ;
#1566 = CARTESIAN_POINT ( 'NONE',  ( -0.6410254037844125300, -0.3700961894323189200, -1.466666666666667900 ) ) ;
#1567 = CARTESIAN_POINT ( 'NONE',  ( 0.8547005383792165600, -1.570059417833440500E-016, -0.9000000000000014700 ) ) ;
#1568 = CARTESIAN_POINT ( 'NONE',  ( 2.249999999999995100, -1.299038105676686900, 3.000000000000002700 ) ) ;
#1569 = CARTESIAN_POINT ( 'NONE',  ( -0.8847754037844328700, 0.5108253175473023200, 2.704166666666676800 ) ) ;
#1570 = CARTESIAN_POINT ( 'NONE',  ( -0.9999999999999991100, -0.2679491924311222500, -2.482136720504597400 ) ) ;
#1571 = ORIENTED_EDGE ( 'NONE', *, *, #2241, .T. ) ;
#1572 = CARTESIAN_POINT ( 'NONE',  ( 0.4273502691896087200, 0.7401923788646379600, -2.783333333333339900 ) ) ;
#1573 = CARTESIAN_POINT ( 'NONE',  ( -0.9999999999999991100, 1.452555482747798400E-016, 0.7500000000000045500 ) ) ;
#1574 = ORIENTED_EDGE ( 'NONE', *, *, #2068, .F. ) ;
#1575 = CARTESIAN_POINT ( 'NONE',  ( 0.8547005383792165600, -1.570059417833440500E-016, -0.1000000000000011300 ) ) ;
#1576 = ORIENTED_EDGE ( 'NONE', *, *, #3843, .T. ) ;
#1577 = DIRECTION ( 'NONE',  ( -0.0000000000000000000, -0.0000000000000000000, 1.000000000000000000 ) ) ;
#1578 = CARTESIAN_POINT ( 'NONE',  ( -0.8660254037844378200, 0.4999999999999996700, 1.916666666666671200 ) ) ;
#1579 = CARTESIAN_POINT ( 'NONE',  ( -0.6410254037844125300, -0.3700961894323189200, 0.9333333333333320200 ) ) ;
#1580 = CARTESIAN_POINT ( 'NONE',  ( -0.8547005383792165600, 5.233531392778135700E-017, -1.900000000000001200 ) ) ;
#1581 = VECTOR ( 'NONE', #219, 1000.000000000000000 ) ;
#1582 = CARTESIAN_POINT ( 'NONE',  ( 0.0000000000000000000, 0.0000000000000000000, 3.000000000000002700 ) ) ;
#1583 = EDGE_CURVE ( 'NONE', #933, #1255, #1051, .T. ) ;
#1584 = FACE_OUTER_BOUND ( 'NONE', #2798, .T. ) ;
#1585 = CARTESIAN_POINT ( 'NONE',  ( -0.9999999999999991100, 2.905110965495597100E-017, -2.900000000000005200 ) ) ;
#1586 = CARTESIAN_POINT ( 'NONE',  ( -1.179700538379243800, 7.223582441392750400E-017, 2.312499999999988900 ) ) ;
#1587 = CARTESIAN_POINT ( 'NONE',  ( -0.7731044011114969200, 0.1211181088306317900, -2.729803130925918500 ) ) ;
#1588 =( BOUNDED_CURVE ( )  B_SPLINE_CURVE ( 2, ( #2298, #2549, #1062, #787, #3159, #2585, #1368, #816, #1699 ),
 .UNSPECIFIED., .F., .F. ) 
 B_SPLINE_CURVE_WITH_KNOTS ( ( 3, 2, 2, 2, 3 ),
 ( 0.3906250000000000000, 0.3958333333333333700, 0.4062500000000000000, 0.4166666666666666300, 0.4218750000000000000 ),
 .UNSPECIFIED. ) 
 CURVE ( )  GEOMETRIC_REPRESENTATION_ITEM ( )  RATIONAL_B_SPLINE_CURVE ( ( 0.9330127018922194100, 0.9330127018922194100, 1.000000000000000000, 0.8660254037844387100, 1.000000000000000000, 0.8660254037844387100, 1.000000000000000000, 0.9330127018922194100, 0.9330127018922194100 ) ) 
 REPRESENTATION_ITEM ( '' )  );
#1589 = CARTESIAN_POINT ( 'NONE',  ( -2.250000000000001800, 0.8761635925114875700, -2.910166025077806800 ) ) ;
#1590 = LINE ( 'NONE', #1621, #946 ) ;
#1591 = CARTESIAN_POINT ( 'NONE',  ( -0.6410254037844125300, -0.3700961894323189200, -0.6666666666666678500 ) ) ;
#1592 = VERTEX_POINT ( 'NONE', #245 ) ;
#1593 = ADVANCED_FACE ( 'NONE', ( #3281 ), #1730, .F. ) ;
#1594 = CARTESIAN_POINT ( 'NONE',  ( 0.0000000000000000000, 0.0000000000000000000, 2.956698729810802700 ) ) ;
#1595 = CARTESIAN_POINT ( 'NONE',  ( -1.224646799147352500E-016, -0.9999999999999991100, 1.199999999999994400 ) ) ;
#1596 = EDGE_LOOP ( 'NONE', ( #3387, #2622, #233, #1088 ) ) ;
#1597 = CARTESIAN_POINT ( 'NONE',  ( -0.9999999999999991100, 1.452555482747798400E-016, -0.4499999999999955700 ) ) ;
#1598 = CARTESIAN_POINT ( 'NONE',  ( -0.4273502691896085600, -0.7401923788646379600, 0.1666666666666652400 ) ) ;
#1599 = CARTESIAN_POINT ( 'NONE',  ( 0.4273502691896080000, -0.7401923788646384000, -1.766666666666668200 ) ) ;
#1600 = CARTESIAN_POINT ( 'NONE',  ( 0.9999999999999991100, -4.357666448243395000E-016, -1.500000000000006200 ) ) ;
#1601 = CARTESIAN_POINT ( 'NONE',  ( 0.9999999999999991100, 2.614599868946037000E-016, -2.700000000000006800 ) ) ;
#1602 = CARTESIAN_POINT ( 'NONE',  ( 0.0000000000000000000, 0.7401923788646381800, -3.150000000000007000 ) ) ;
#1603 = CARTESIAN_POINT ( 'NONE',  ( -0.5773502691896251800, 0.9999999999999991100, -0.5666666666666728700 ) ) ;
#1604 = CARTESIAN_POINT ( 'NONE',  ( -2.250000000000001800, 1.299038105676638200, 2.799038105676667800 ) ) ;
#1605 = CARTESIAN_POINT ( 'NONE',  ( 0.4273502691896080000, -0.7401923788646384000, 1.433333333333332700 ) ) ;
#1606 = CARTESIAN_POINT ( 'NONE',  ( -0.9999999999999991100, 1.452555482747798400E-016, 1.099999999999994100 ) ) ;
#1607 = EDGE_CURVE ( 'NONE', #3124, #542, #2853, .T. ) ;
#1608 = CARTESIAN_POINT ( 'NONE',  ( -0.7433463941989637600, 2.168904970561389000, -2.980756665990578600 ) ) ;
#1609 = CARTESIAN_POINT ( 'NONE',  ( 0.8547005383792165600, -1.570059417833440500E-016, 0.6999999999999988500 ) ) ;
#1610 = CARTESIAN_POINT ( 'NONE',  ( 0.0000000000000000000, 0.7401923788646381800, -0.4000000000000014700 ) ) ;
#1611 = CARTESIAN_POINT ( 'NONE',  ( -0.4420496711764648200, 0.6250285705561043900, -2.705560335576407700 ) ) ;
#1612 = ADVANCED_FACE ( 'NONE', ( #2802 ), #3376, .F. ) ;
#1613 = DIRECTION ( 'NONE',  ( 0.0000000000000000000, 0.0000000000000000000, -1.000000000000000000 ) ) ;
#1614 = CARTESIAN_POINT ( 'NONE',  ( 0.8847754037844326500, -0.5108253175473026500, 2.079166666666656400 ) ) ;
#1615 =( BOUNDED_CURVE ( )  B_SPLINE_CURVE ( 2, ( #629, #650, #3038, #3348, #1544, #1848, #2447, #684, #3113 ),
 .UNSPECIFIED., .F., .F. ) 
 B_SPLINE_CURVE_WITH_KNOTS ( ( 3, 2, 2, 2, 3 ),
 ( 0.1718750000000000000, 0.1770833333333333700, 0.1875000000000000000, 0.1979166666666666300, 0.2031250000000000000 ),
 .UNSPECIFIED. ) 
 CURVE ( )  GEOMETRIC_REPRESENTATION_ITEM ( )  RATIONAL_B_SPLINE_CURVE ( ( 0.9330127018922194100, 0.9330127018922194100, 1.000000000000000000, 0.8660254037844387100, 1.000000000000000000, 0.8660254037844387100, 1.000000000000000000, 0.9330127018922194100, 0.9330127018922194100 ) ) 
 REPRESENTATION_ITEM ( '' )  );
#1616 = CARTESIAN_POINT ( 'NONE',  ( -0.4273502691896082200, 0.7401923788646381800, -3.116666666666674200 ) ) ;
#1617 = B_SPLINE_CURVE_WITH_KNOTS ( 'NONE', 3,
 ( #3371, #96, #2188, #446, #156, #733 ),
 .UNSPECIFIED., .F., .F.,
 ( 4, 2, 4 ),
 ( 0.001314652396222807300, 0.001969405109320639800, 0.002624157822418472500 ),
 .UNSPECIFIED. ) ;
#1618 = CARTESIAN_POINT ( 'NONE',  ( -0.6410254037844125300, -0.3700961894323189200, 1.733333333333332300 ) ) ;
#1619 = ORIENTED_EDGE ( 'NONE', *, *, #3218, .F. ) ;
#1620 = DIRECTION ( 'NONE',  ( -0.0000000000000000000, -0.0000000000000000000, -1.000000000000000000 ) ) ;
#1621 = CARTESIAN_POINT ( 'NONE',  ( 0.9999999999999991100, 1.224646799147352200E-016, 3.000000000000002700 ) ) ;
#1622 = EDGE_LOOP ( 'NONE', ( #2941, #3028, #2020, #1969 ) ) ;
#1623 = CARTESIAN_POINT ( 'NONE',  ( 0.4273502691896080000, -0.7401923788646384000, 0.2333333333333319200 ) ) ;
#1624 = CARTESIAN_POINT ( 'NONE',  ( -0.4273502691896085600, -0.7401923788646378500, 1.366666666666665400 ) ) ;
#1625 = CARTESIAN_POINT ( 'NONE',  ( -0.9999999999999991100, 0.2679491924311225800, -1.667863279495403800 ) ) ;
#1626 = CARTESIAN_POINT ( 'NONE',  ( -0.6410254037844124200, 0.3700961894323192000, -2.683333333333340700 ) ) ;
#1627 = DIRECTION ( 'NONE',  ( -1.000000000000000000, 0.0000000000000000000, 0.0000000000000000000 ) ) ;
#1628 = VERTEX_POINT ( 'NONE', #526 ) ;
#1629 = CARTESIAN_POINT ( 'NONE',  ( -0.4273502691896082200, 0.7401923788646381800, -1.916666666666673800 ) ) ;
#1630 = CARTESIAN_POINT ( 'NONE',  ( -0.6410254037844124200, 0.3700961894323192000, 2.066666666666665500 ) ) ;
#1631 = ADVANCED_FACE ( 'NONE', ( #3133 ), #197, .F. ) ;
#1632 = CYLINDRICAL_SURFACE ( 'NONE', #916, 0.9999999999999991100 ) ;
#1633 = VECTOR ( 'NONE', #1765, 1000.000000000000000 ) ;
#1634 = CARTESIAN_POINT ( 'NONE',  ( -0.8847754037844328700, 0.5108253175473023200, -2.120833333333344200 ) ) ;
#1635 = CARTESIAN_POINT ( 'NONE',  ( -0.6410254037844124200, 0.3700961894323192000, 0.8666666666666658100 ) ) ;
#1636 = CARTESIAN_POINT ( 'NONE',  ( 0.8547005383792165600, -1.570059417833440500E-016, 0.2999999999999986000 ) ) ;
#1637 = CARTESIAN_POINT ( 'NONE',  ( 0.9999999999999993300, 0.2679491924311219200, -0.2821367205045980900 ) ) ;
#1638 = EDGE_CURVE ( 'NONE', #1628, #3119, #3155, .T. ) ;
#1639 = ORIENTED_EDGE ( 'NONE', *, *, #3399, .T. ) ;
#1640 = CARTESIAN_POINT ( 'NONE',  ( 0.6410254037844127500, 0.3700961894323185300, -0.4166666666666736800 ) ) ;
#1641 = DIRECTION ( 'NONE',  ( -0.0000000000000000000, -0.0000000000000000000, -1.000000000000000000 ) ) ;
#1642 = CARTESIAN_POINT ( 'NONE',  ( 0.8847754037844326500, -0.5108253175473026500, 2.904166666666676600 ) ) ;
#1643 = CARTESIAN_POINT ( 'NONE',  ( 0.6410254037844127500, 0.3700961894323185300, -2.816666666666673500 ) ) ;
#1644 = ORIENTED_EDGE ( 'NONE', *, *, #2947, .F. ) ;
#1645 = CARTESIAN_POINT ( 'NONE',  ( 0.4273502691896087200, 0.7401923788646379600, 0.7666666666666655000 ) ) ;
#1646 = DIRECTION ( 'NONE',  ( -0.0000000000000000000, -0.0000000000000000000, -1.000000000000000000 ) ) ;
#1647 = DIRECTION ( 'NONE',  ( -0.0000000000000000000, -0.0000000000000000000, -1.000000000000000000 ) ) ;
#1648 = CARTESIAN_POINT ( 'NONE',  ( 0.8660254037844382600, 0.4999999999999988300, 2.933333333333327800 ) ) ;
#1649 = CARTESIAN_POINT ( 'NONE',  ( -0.4273502691896082200, 0.7401923788646381800, 2.833333333333332100 ) ) ;
#1650 = CARTESIAN_POINT ( 'NONE',  ( -0.6410254037844125300, -0.3700961894323189200, 0.1333333333333320800 ) ) ;
#1651 = CARTESIAN_POINT ( 'NONE',  ( 0.5934968422688703400, 0.5689602299227110000, -2.763776779216013500 ) ) ;
#1652 = ADVANCED_FACE ( 'NONE', ( #3508 ), #1772, .T. ) ;
#1653 = CARTESIAN_POINT ( 'NONE',  ( 0.4273502691896087200, 0.7401923788646379600, -1.583333333333340100 ) ) ;
#1654 = CARTESIAN_POINT ( 'NONE',  ( -9.064742275298441300E-017, -0.7401923788646381800, -2.150000000000007000 ) ) ;
#1655 = DATE_AND_TIME ( #1790, #1286 ) ;
#1656 = CARTESIAN_POINT ( 'NONE',  ( -0.6410254037844124200, 0.3700961894323192000, -1.883333333333340200 ) ) ;
#1657 = CARTESIAN_POINT ( 'NONE',  ( 0.0000000000000000000, 0.7401923788646381800, 0.7999999999999986000 ) ) ;
#1658 = CARTESIAN_POINT ( 'NONE',  ( -0.9999999999999991100, 1.452555482747798400E-016, 1.899999999999993900 ) ) ;
#1659 = EDGE_CURVE ( 'NONE', #1380, #154, #985, .T. ) ;
#1660 = CARTESIAN_POINT ( 'NONE',  ( -0.5898502691896223600, -1.021650635094604200, -2.020833333333344100 ) ) ;
#1661 = CARTESIAN_POINT ( 'NONE',  ( 0.1863370987568440900, -0.8811152806180118100, -2.849474641504950800 ) ) ;
#1662 = CARTESIAN_POINT ( 'NONE',  ( 0.6410254037844127500, 0.3700961894323185300, 2.333333333333332100 ) ) ;
#1663 = CARTESIAN_POINT ( 'NONE',  ( -0.6410254037844124200, 0.3700961894323192000, 0.06666666666666540300 ) ) ;
#1664 = CARTESIAN_POINT ( 'NONE',  ( -0.9999999999999991100, 1.452555482747798400E-016, 0.3500000000000043600 ) ) ;
#1665 = CARTESIAN_POINT ( 'NONE',  ( 0.4273502691896080000, -0.7401923788646384000, -0.5166666666666734900 ) ) ;
#1666 = CARTESIAN_POINT ( 'NONE',  ( 0.0000000000000000000, 0.9999999999999991100, 1.450000000000004600 ) ) ;
#1667 = CARTESIAN_POINT ( 'NONE',  ( -0.6410254037844124200, 0.3700961894323192000, -2.283333333333340300 ) ) ;
#1668 = AXIS2_PLACEMENT_3D ( 'NONE', #523, #822, #2315 ) ;
#1669 = CARTESIAN_POINT ( 'NONE',  ( 0.4273502691896080000, -0.7401923788646384000, -1.316666666666673500 ) ) ;
#1670 = ORIENTED_EDGE ( 'NONE', *, *, #2721, .T. ) ;
#1671 = CARTESIAN_POINT ( 'NONE',  ( 0.5898502691896216900, -1.021650635094604600, -3.129166666666657500 ) ) ;
#1672 = ADVANCED_FACE ( 'NONE', ( #2711 ), #2520, .T. ) ;
#1673 = ORIENTED_EDGE ( 'NONE', *, *, #1318, .T. ) ;
#1674 = CARTESIAN_POINT ( 'NONE',  ( 0.8660254037844377100, -0.5000000000000000000, -1.933333333333339300 ) ) ;
#1675 = CARTESIAN_POINT ( 'NONE',  ( -0.8847754037844328700, 0.5108253175473023200, -1.720833333333344100 ) ) ;
#1676 = DIRECTION ( 'NONE',  ( -0.0000000000000000000, -0.0000000000000000000, -1.000000000000000000 ) ) ;
#1677 = CARTESIAN_POINT ( 'NONE',  ( -0.6410254037844124200, 0.3700961894323192000, 2.066666666666665500 ) ) ;
#1678 = ORIENTED_EDGE ( 'NONE', *, *, #2017, .F. ) ;
#1679 = PERSON_AND_ORGANIZATION ( #179, #3554 ) ;
#1680 = CARTESIAN_POINT ( 'NONE',  ( 0.8547005383792165600, -1.570059417833440500E-016, -0.4500000000000068400 ) ) ;
#1681 = CARTESIAN_POINT ( 'NONE',  ( -0.8660254037844378200, 0.4999999999999996700, 1.516666666666670800 ) ) ;
#1682 = CARTESIAN_POINT ( 'NONE',  ( -0.4201515899231590400, -0.8200626587468005100, 2.870091360561741700 ) ) ;
#1683 = CARTESIAN_POINT ( 'NONE',  ( 0.6410254037844127500, 0.3700961894323185300, -2.416666666666673600 ) ) ;
#1684 = CYLINDRICAL_SURFACE ( 'NONE', #445, 0.9999999999999991100 ) ;
#1685 = CARTESIAN_POINT ( 'NONE',  ( -1.251161180115467700E-016, -1.021650635094604400, -2.362499999999990500 ) ) ;
#1686 = ORIENTED_EDGE ( 'NONE', *, *, #1288, .F. ) ;
#1687 = CARTESIAN_POINT ( 'NONE',  ( 0.9957531754730413200, -4.067155351693836700E-016, 2.952451905283844300 ) ) ;
#1688 = ORIENTED_EDGE ( 'NONE', *, *, #1245, .T. ) ;
#1689 = DIRECTION ( 'NONE',  ( -0.0000000000000000000, -0.0000000000000000000, -1.000000000000000000 ) ) ;
#1690 = CARTESIAN_POINT ( 'NONE',  ( 0.4273502691896080000, -0.7401923788646384000, 2.633333333333332000 ) ) ;
#1691 = CARTESIAN_POINT ( 'NONE',  ( -0.6410254037844124200, 0.3700961894323192000, 2.466666666666665500 ) ) ;
#1692 = ORIENTED_EDGE ( 'NONE', *, *, #2461, .T. ) ;
#1693 = CARTESIAN_POINT ( 'NONE',  ( 0.0000000000000000000, 0.7401923788646381800, 1.649999999999993500 ) ) ;
#1694 = CARTESIAN_POINT ( 'NONE',  ( -0.5773502691896251800, 0.9999999999999991100, 1.483333333333337600 ) ) ;
#1695 = CARTESIAN_POINT ( 'NONE',  ( -2.250000000000001800, 0.4426578913696203000, 2.980556613359313500 ) ) ;
#1696 = CARTESIAN_POINT ( 'NONE',  ( -0.8547005383792165600, 5.233531392778135700E-017, -0.6500000000000069100 ) ) ;
#1697 = CARTESIAN_POINT ( 'NONE',  ( -0.8847754037844328700, 0.5108253175473023200, -2.895833333333324200 ) ) ;
#1698 = CARTESIAN_POINT ( 'NONE',  ( -2.250000000000001800, 0.0000000000000000000, -3.000000000000002700 ) ) ;
#1699 = CARTESIAN_POINT ( 'NONE',  ( -0.9999999999999991100, 1.452555482747798400E-016, 0.6999999999999937400 ) ) ;
#1700 = CARTESIAN_POINT ( 'NONE',  ( 0.0000000000000000000, 1.021650635094604400, -0.1875000000000110200 ) ) ;
#1701 = CARTESIAN_POINT ( 'NONE',  ( -0.8547005383792165600, 5.233531392778135700E-017, 2.099999999999998300 ) ) ;
#1702 = CARTESIAN_POINT ( 'NONE',  ( -0.8547005383792165600, 5.233531392778135700E-017, 1.699999999999998400 ) ) ;
#1703 = CARTESIAN_POINT ( 'NONE',  ( 0.4273502691896087200, 0.7401923788646379600, 0.4166666666666598000 ) ) ;
#1704 = CARTESIAN_POINT ( 'NONE',  ( 0.9999999999999991100, -4.357666448243395000E-016, 1.350000000000004300 ) ) ;
#1705 = CARTESIAN_POINT ( 'NONE',  ( -0.4273502691896082200, 0.7401923788646381800, 0.4833333333333265100 ) ) ;
#1706 = CARTESIAN_POINT ( 'NONE',  ( -0.5898502691896223600, -1.021650635094604200, -1.995833333333323600 ) ) ;
#1707 =( BOUNDED_CURVE ( )  B_SPLINE_CURVE ( 2, ( #2484, #2496, #3688, #1003, #2206, #3715, #1578, #1929, #3672 ),
 .UNSPECIFIED., .F., .F. ) 
 B_SPLINE_CURVE_WITH_KNOTS ( ( 3, 2, 2, 2, 3 ),
 ( 0.7968750000000000000, 0.8020833333333333700, 0.8125000000000000000, 0.8229166666666666300, 0.8281250000000000000 ),
 .UNSPECIFIED. ) 
 CURVE ( )  GEOMETRIC_REPRESENTATION_ITEM ( )  RATIONAL_B_SPLINE_CURVE ( ( 0.9330127018922194100, 0.9330127018922194100, 1.000000000000000000, 0.8660254037844387100, 1.000000000000000000, 0.8660254037844387100, 1.000000000000000000, 0.9330127018922194100, 0.9330127018922194100 ) ) 
 REPRESENTATION_ITEM ( '' )  );
#1708 = CARTESIAN_POINT ( 'NONE',  ( -2.250000000000001800, -0.4380965593092703800, -2.981072655435222700 ) ) ;
#1709 = CARTESIAN_POINT ( 'NONE',  ( -0.9999999999999991100, 1.452555482747798400E-016, -0.8499999999999956500 ) ) ;
#1710 = EDGE_CURVE ( 'NONE', #2419, #1717, #671, .T. ) ;
#1711 = CARTESIAN_POINT ( 'NONE',  ( 0.5898502691896225800, 1.021650635094604000, -1.020833333333344100 ) ) ;
#1712 = ORIENTED_EDGE ( 'NONE', *, *, #654, .T. ) ;
#1713 = CARTESIAN_POINT ( 'NONE',  ( 0.9340480779059934200, -2.058803302138263000, 2.999999999999993300 ) ) ;
#1714 = CARTESIAN_POINT ( 'NONE',  ( -1.224646799147352500E-016, -0.9999999999999991100, 0.8500000000000049700 ) ) ;
#1715 = CARTESIAN_POINT ( 'NONE',  ( 0.4273502691896087200, 0.7401923788646379600, 0.01666666666666006100 ) ) ;
#1716 = CARTESIAN_POINT ( 'NONE',  ( 0.5773502691896250600, -0.9999999999999993300, 2.083333333333337500 ) ) ;
#1717 = VERTEX_POINT ( 'NONE', #1178 ) ;
#1718 = CARTESIAN_POINT ( 'NONE',  ( 0.2937848440290779000, -0.9060425853595159800, 2.901332295162501100 ) ) ;
#1719 = CARTESIAN_POINT ( 'NONE',  ( 0.6410254037844123100, -0.3700961894323194200, -0.4833333333333399400 ) ) ;
#1720 = CARTESIAN_POINT ( 'NONE',  ( -0.6410254037844124200, 0.3700961894323192000, 2.866666666666665800 ) ) ;
#1721 = EDGE_LOOP ( 'NONE', ( #2669, #981, #2651, #477 ) ) ;
#1722 = CARTESIAN_POINT ( 'NONE',  ( 0.05468074813996182100, 0.8079491616675476000, 2.759665949272948300 ) ) ;
#1723 = CIRCLE ( 'NONE', #1897, 1.043301270189199000 ) ;
#1724 = CARTESIAN_POINT ( 'NONE',  ( -0.8847754037844329800, -0.5108253175473019800, -1.254166666666677500 ) ) ;
#1725 = CARTESIAN_POINT ( 'NONE',  ( 0.9999999999999993300, 0.2679491924311219200, -1.432136720504587400 ) ) ;
#1726 = CARTESIAN_POINT ( 'NONE',  ( 0.9957531754730413200, -4.067155351693836700E-016, 2.952451905283844300 ) ) ;
#1727 = CYLINDRICAL_SURFACE ( 'NONE', #148, 0.9999999999999991100 ) ;
#1728 = LINE ( 'NONE', #2190, #2956 ) ;
#1729 = CARTESIAN_POINT ( 'NONE',  ( 0.4273502691896080000, -0.7401923788646384000, 0.6833333333333265800 ) ) ;
#1730 = PLANE ( 'NONE',  #68 ) ;
#1731 = CARTESIAN_POINT ( 'NONE',  ( 0.0000000000000000000, 0.7401923788646381800, -0.7500000000000067700 ) ) ;
#1732 = ORIENTED_EDGE ( 'NONE', *, *, #3330, .F. ) ;
#1733 = CARTESIAN_POINT ( 'NONE',  ( 1.179700538379243800, -2.167074732417825400E-016, -1.462499999999990600 ) ) ;
#1734 = CARTESIAN_POINT ( 'NONE',  ( -1.224646799147352500E-016, -0.9999999999999991100, 2.850000000000005000 ) ) ;
#1735 = EDGE_CURVE ( 'NONE', #2338, #3432, #2205, .T. ) ;
#1736 = EDGE_LOOP ( 'NONE', ( #3660, #312, #241, #1809, #2135, #3241 ) ) ;
#1737 = CARTESIAN_POINT ( 'NONE',  ( 0.0000000000000000000, 0.0000000000000000000, -3.000000000000002700 ) ) ;
#1738 = CARTESIAN_POINT ( 'NONE',  ( -0.9999999999999991100, 1.452555482747798400E-016, 1.950000000000004400 ) ) ;
#1739 = CARTESIAN_POINT ( 'NONE',  ( 0.5898502691896216900, -1.021650635094604600, -1.554166666666677800 ) ) ;
#1740 = CARTESIAN_POINT ( 'NONE',  ( 0.8660254037844382600, 0.4999999999999988300, -2.616666666666662700 ) ) ;
#1741 = CARTESIAN_POINT ( 'NONE',  ( 0.0000000000000000000, 0.0000000000000000000, 3.000000000000002700 ) ) ;
#1742 = CARTESIAN_POINT ( 'NONE',  ( -0.8547005383792165600, 5.233531392778135700E-017, 0.5499999999999931600 ) ) ;
#1743 = CARTESIAN_POINT ( 'NONE',  ( -2.250000000000001800, -0.4380965593092703800, 2.981072655435222700 ) ) ;
#1744 = CARTESIAN_POINT ( 'NONE',  ( -0.8547005383792165600, 5.233531392778135700E-017, 0.9499999999999934100 ) ) ;
#1745 = CARTESIAN_POINT ( 'NONE',  ( -0.8547005383792165600, 5.233531392778135700E-017, -0.6500000000000069100 ) ) ;
#1746 = CARTESIAN_POINT ( 'NONE',  ( -1.251161180115467700E-016, -1.021650635094604400, -1.562499999999990200 ) ) ;
#1747 = CARTESIAN_POINT ( 'NONE',  ( -2.250000000000001800, -1.088391816142608500, -2.859846451659802600 ) ) ;
#1748 = CARTESIAN_POINT ( 'NONE',  ( 0.0000000000000000000, 0.0000000000000000000, 3.000000000000002700 ) ) ;
#1749 = CARTESIAN_POINT ( 'NONE',  ( 0.0000000000000000000, 0.0000000000000000000, -3.000000000000002700 ) ) ;
#1750 = CARTESIAN_POINT ( 'NONE',  ( 0.8847754037844326500, -0.5108253175473026500, -0.7208333333333441000 ) ) ;
#1751 = CARTESIAN_POINT ( 'NONE',  ( -3.535158273157210200E-015, -2.598076211353342200, -2.799038105676647800 ) ) ;
#1752 = CARTESIAN_POINT ( 'NONE',  ( -9.064742275298441300E-017, -0.7401923788646381800, 2.649999999999993700 ) ) ;
#1753 = CARTESIAN_POINT ( 'NONE',  ( 0.5773502691896250600, -0.9999999999999993300, 2.483333333333337400 ) ) ;
#1754 = DIRECTION ( 'NONE',  ( 1.000000000000000000, 0.0000000000000000000, 0.0000000000000000000 ) ) ;
#1755 =( BOUNDED_CURVE ( )  B_SPLINE_CURVE ( 2, ( #1835, #1847, #1275, #648, #2164, #58, #2435, #406, #1521 ),
 .UNSPECIFIED., .F., .F. ) 
 B_SPLINE_CURVE_WITH_KNOTS ( ( 3, 2, 2, 2, 3 ),
 ( 0.2656250000000000000, 0.2708333333333333100, 0.2812500000000000000, 0.2916666666666666900, 0.2968750000000000000 ),
 .UNSPECIFIED. ) 
 CURVE ( )  GEOMETRIC_REPRESENTATION_ITEM ( )  RATIONAL_B_SPLINE_CURVE ( ( 0.9330127018922194100, 0.9330127018922194100, 1.000000000000000000, 0.8660254037844387100, 1.000000000000000000, 0.8660254037844387100, 1.000000000000000000, 0.9330127018922194100, 0.9330127018922194100 ) ) 
 REPRESENTATION_ITEM ( '' )  );
#1756 = CARTESIAN_POINT ( 'NONE',  ( -0.4273502691896082200, 0.7401923788646381800, 1.283333333333326600 ) ) ;
#1757 = CARTESIAN_POINT ( 'NONE',  ( 0.4273502691896087800, 0.7401923788646378500, 0.01666666666666006100 ) ) ;
#1758 = EDGE_CURVE ( 'NONE', #1404, #2530, #1001, .T. ) ;
#1759 = CARTESIAN_POINT ( 'NONE',  ( 0.0000000000000000000, 1.021650635094604400, -1.362499999999990500 ) ) ;
#1760 = ORIENTED_EDGE ( 'NONE', *, *, #851, .F. ) ;
#1761 = CARTESIAN_POINT ( 'NONE',  ( -1.224646799147352500E-016, -0.9999999999999991100, 0.05000000000000450600 ) ) ;
#1762 = AXIS2_PLACEMENT_3D ( 'NONE', #1188, #2076, #2971 ) ;
#1763 = CARTESIAN_POINT ( 'NONE',  ( 0.8847754037844326500, -0.5108253175473026500, 0.8791666666666556600 ) ) ;
#1764 = ORIENTED_EDGE ( 'NONE', *, *, #633, .T. ) ;
#1765 = DIRECTION ( 'NONE',  ( -0.0000000000000000000, -0.0000000000000000000, -1.000000000000000000 ) ) ;
#1766 = CARTESIAN_POINT ( 'NONE',  ( -0.9999999999999991100, -0.2679491924311222500, -1.282136720504597700 ) ) ;
#1767 = CARTESIAN_POINT ( 'NONE',  ( -0.8660254037844378200, 0.4999999999999996700, -2.933333333333339800 ) ) ;
#1768 = ORIENTED_EDGE ( 'NONE', *, *, #3420, .F. ) ;
#1769 = CARTESIAN_POINT ( 'NONE',  ( -0.4273502691896082200, 0.7401923788646381800, 2.483333333333326700 ) ) ;
#1770 = CARTESIAN_POINT ( 'NONE',  ( 0.4273502691896087800, 0.7401923788646378500, -0.3833333333333401300 ) ) ;
#1771 = CARTESIAN_POINT ( 'NONE',  ( 0.8847754037844326500, -0.5108253175473026500, -0.6958333333333235300 ) ) ;
#1772 = CONICAL_SURFACE ( 'NONE', #2594, 2.250000000000001800, 1.047197551196600100 ) ;
#1773 = FACE_OUTER_BOUND ( 'NONE', #2869, .T. ) ;
#1774 = CARTESIAN_POINT ( 'NONE',  ( -0.6410254037844125300, -0.3700961894323189200, -3.066666666666668200 ) ) ;
#1775 = ORIENTED_EDGE ( 'NONE', *, *, #677, .F. ) ;
#1776 = CARTESIAN_POINT ( 'NONE',  ( 0.8847754037844333100, 0.5108253175473014300, 1.345833333333322100 ) ) ;
#1777 = ORIENTED_EDGE ( 'NONE', *, *, #3815, .T. ) ;
#1778 = CARTESIAN_POINT ( 'NONE',  ( -0.6410254037844124200, 0.3700961894323192000, 2.516666666666659900 ) ) ;
#1779 = CARTESIAN_POINT ( 'NONE',  ( -0.9999999999999991100, 1.452555482747798400E-016, -2.100000000000005900 ) ) ;
#1780 = CARTESIAN_POINT ( 'NONE',  ( -0.6410254037844125300, -0.3700961894323189200, 2.983333333333326700 ) ) ;
#1781 = CARTESIAN_POINT ( 'NONE',  ( -0.8547005383792165600, 5.233531392778135700E-017, 0.5499999999999931600 ) ) ;
#1782 = ORIENTED_EDGE ( 'NONE', *, *, #1659, .F. ) ;
#1783 = CARTESIAN_POINT ( 'NONE',  ( 1.179700538379243800, -2.167074732417825400E-016, 0.1375000000000095900 ) ) ;
#1784 = CARTESIAN_POINT ( 'NONE',  ( -1.508335473232663000, 1.727238319854157900, -3.000000000000014200 ) ) ;
#1785 = EDGE_CURVE ( 'NONE', #3119, #2466, #2175, .T. ) ;
#1786 = CARTESIAN_POINT ( 'NONE',  ( 0.9949389826805613600, 0.1004809471619781700, 2.956698729810803600 ) ) ;
#1787 = CARTESIAN_POINT ( 'NONE',  ( 0.6410254037844127500, 0.3700961894323185300, -2.066666666666668200 ) ) ;
#1788 = CARTESIAN_POINT ( 'NONE',  ( -0.5898502691896218000, 1.021650635094604400, 0.6458333333333226000 ) ) ;
#1789 = AXIS2_PLACEMENT_3D ( 'NONE', #2929, #3800, #1430 ) ;
#1790 = CALENDAR_DATE ( 2021, 15, 12 ) ;
#1791 = CARTESIAN_POINT ( 'NONE',  ( -1.125000000000012000, -1.948557158515008300, -3.000000000000002700 ) ) ;
#1792 = CARTESIAN_POINT ( 'NONE',  ( -9.064742275298441300E-017, -0.7401923788646381800, -1.800000000000001400 ) ) ;
#1793 = DIRECTION ( 'NONE',  ( -0.0000000000000000000, -0.0000000000000000000, -1.000000000000000000 ) ) ;
#1794 = CARTESIAN_POINT ( 'NONE',  ( 0.9999999999999991100, -4.357666448243395000E-016, 2.550000000000004700 ) ) ;
#1795 = CARTESIAN_POINT ( 'NONE',  ( -9.064742275298441300E-017, -0.7401923788646381800, 2.649999999999993700 ) ) ;
#1796 = CARTESIAN_POINT ( 'NONE',  ( 0.0000000000000000000, 0.7401923788646381800, 0.8499999999999930900 ) ) ;
#1797 = CARTESIAN_POINT ( 'NONE',  ( 0.8847754037844326500, -0.5108253175473026500, 1.304166666666676500 ) ) ;
#1798 = APPROVAL ( #3280, 'UNSPECIFIED' ) ;
#1799 = CARTESIAN_POINT ( 'NONE',  ( -0.9999999999999991100, 1.452555482747798400E-016, -0.9000000000000060200 ) ) ;
#1800 = CARTESIAN_POINT ( 'NONE',  ( 0.4273502691896087200, 0.7401923788646379600, -2.033333333333335000 ) ) ;
#1801 =( BOUNDED_CURVE ( )  B_SPLINE_CURVE ( 2, ( #2631, #2972, #874, #2644, #3580, #2684, #914, #1766, #315 ),
 .UNSPECIFIED., .F., .F. ) 
 B_SPLINE_CURVE_WITH_KNOTS ( ( 3, 2, 2, 2, 3 ),
 ( 0.7031250000000000000, 0.7083333333333332600, 0.7187500000000000000, 0.7291666666666667400, 0.7343750000000000000 ),
 .UNSPECIFIED. ) 
 CURVE ( )  GEOMETRIC_REPRESENTATION_ITEM ( )  RATIONAL_B_SPLINE_CURVE ( ( 0.9330127018922194100, 0.9330127018922194100, 1.000000000000000000, 0.8660254037844387100, 1.000000000000000000, 0.8660254037844387100, 1.000000000000000000, 0.9330127018922194100, 0.9330127018922194100 ) ) 
 REPRESENTATION_ITEM ( '' )  );
#1802 = CARTESIAN_POINT ( 'NONE',  ( 0.6410254037844127500, 0.3700961894323185300, 2.383333333333326600 ) ) ;
#1803 = ORIENTED_EDGE ( 'NONE', *, *, #963, .T. ) ;
#1804 = DIRECTION ( 'NONE',  ( -0.0000000000000000000, -0.0000000000000000000, -1.000000000000000000 ) ) ;
#1805 = DIRECTION ( 'NONE',  ( -0.0000000000000000000, -0.0000000000000000000, 1.000000000000000000 ) ) ;
#1806 = CARTESIAN_POINT ( 'NONE',  ( 0.0000000000000000000, 0.7401923788646381800, -3.200000000000001500 ) ) ;
#1807 = CARTESIAN_POINT ( 'NONE',  ( 0.6410254037844123100, -0.3700961894323194200, 1.116666666666659800 ) ) ;
#1808 = EDGE_CURVE ( 'NONE', #2725, #2894, #1923, .T. ) ;
#1809 = ORIENTED_EDGE ( 'NONE', *, *, #3719, .T. ) ;
#1810 = CARTESIAN_POINT ( 'NONE',  ( 1.179700538379243800, -2.167074732417825400E-016, 1.737500000000009800 ) ) ;
#1811 = CARTESIAN_POINT ( 'NONE',  ( -0.9999999999999991100, 0.2679491924311225800, -2.067863279495403700 ) ) ;
#1812 = EDGE_LOOP ( 'NONE', ( #2541, #1169, #3797, #2366 ) ) ;
#1813 = CARTESIAN_POINT ( 'NONE',  ( -1.881931238497226200, 1.511542704210558300, -2.921727692845884800 ) ) ;
#1814 = CARTESIAN_POINT ( 'NONE',  ( 0.0000000000000000000, 0.7401923788646381800, -1.150000000000007000 ) ) ;
#1815 = CARTESIAN_POINT ( 'NONE',  ( -0.5773502691896256200, -0.9999999999999988900, 0.3666666666666604200 ) ) ;
#1816 = ORIENTED_EDGE ( 'NONE', *, *, #945, .F. ) ;
#1817 = CARTESIAN_POINT ( 'NONE',  ( 0.8547005383792165600, -1.570059417833440500E-016, -2.900000000000001200 ) ) ;
#1818 = PERSON_AND_ORGANIZATION ( #179, #3554 ) ;
#1819 = PERSON_AND_ORGANIZATION_ROLE ( 'creator' ) ;
#1820 = FACE_OUTER_BOUND ( 'NONE', #2842, .T. ) ;
#1821 = CARTESIAN_POINT ( 'NONE',  ( 1.881931238497168000, -1.511542704210635700, -2.921727692845880900 ) ) ;
#1822 = FACE_OUTER_BOUND ( 'NONE', #1928, .T. ) ;
#1823 = CARTESIAN_POINT ( 'NONE',  ( 0.8660254037844377100, -0.5000000000000000000, -2.683333333333328200 ) ) ;
#1824 = CARTESIAN_POINT ( 'NONE',  ( 0.8660254037844377100, -0.5000000000000000000, -0.3333333333333393100 ) ) ;
#1825 = CARTESIAN_POINT ( 'NONE',  ( 0.0000000000000000000, 0.7401923788646381800, -2.000000000000001300 ) ) ;
#1826 = CONICAL_SURFACE ( 'NONE', #931, 1.043301270189199000, 0.7853981633974500600 ) ;
#1827 = CARTESIAN_POINT ( 'NONE',  ( -0.8547005383792165600, 5.233531392778135700E-017, 2.549999999999993600 ) ) ;
#1828 = CYLINDRICAL_SURFACE ( 'NONE', #540, 0.9999999999999991100 ) ;
#1829 = CARTESIAN_POINT ( 'NONE',  ( 0.8847754037844333100, 0.5108253175473014300, 2.170833333333343200 ) ) ;
#1830 = CARTESIAN_POINT ( 'NONE',  ( -1.224646799147352500E-016, -0.9999999999999991100, -0.8000000000000062600 ) ) ;
#1831 = VERTEX_POINT ( 'NONE', #898 ) ;
#1832 = CARTESIAN_POINT ( 'NONE',  ( -0.8660254037844378200, 0.4999999999999996700, 2.666666666666660700 ) ) ;
#1833 = CARTESIAN_POINT ( 'NONE',  ( -2.250000000000001800, -1.299038105676685100, 3.000000000000002700 ) ) ;
#1834 = ORIENTED_EDGE ( 'NONE', *, *, #902, .F. ) ;
#1835 = CARTESIAN_POINT ( 'NONE',  ( -0.9999999999999991100, 1.452555482747798400E-016, -1.649999999999995500 ) ) ;
#1836 = EDGE_CURVE ( 'NONE', #3507, #2097, #1801, .T. ) ;
#1837 = CARTESIAN_POINT ( 'NONE',  ( 0.0000000000000000000, 0.0000000000000000000, 3.000000000000002700 ) ) ;
#1838 = CARTESIAN_POINT ( 'NONE',  ( 0.4273502691896080000, -0.7401923788646384000, -1.366666666666667800 ) ) ;
#1839 = CARTESIAN_POINT ( 'NONE',  ( 0.8658493649099847600, 2.552806706154463900E-011, 2.822548094720788800 ) ) ;
#1840 = CARTESIAN_POINT ( 'NONE',  ( 0.5898502691896225800, 1.021650635094604000, 1.404166666666676800 ) ) ;
#1841 = CARTESIAN_POINT ( 'NONE',  ( 0.7393871033050317700, -0.03451766497731958300, 2.696891108675443200 ) ) ;
#1842 = EDGE_CURVE ( 'NONE', #2505, #933, #1561, .T. ) ;
#1843 = CARTESIAN_POINT ( 'NONE',  ( 0.0000000000000000000, 0.9999999999999991100, 2.599999999999993400 ) ) ;
#1844 = CARTESIAN_POINT ( 'NONE',  ( 0.6410254037844127500, 0.3700961894323185300, -0.8666666666666679200 ) ) ;
#1845 = AXIS2_PLACEMENT_3D ( 'NONE', #798, #3459, #774 ) ;
#1846 = CARTESIAN_POINT ( 'NONE',  ( 1.043301270189199000, -1.277675561083570400E-016, 3.000000000000002700 ) ) ;
#1847 = CARTESIAN_POINT ( 'NONE',  ( -0.9999999999999991100, -0.2679491924311222500, -1.632136720504587600 ) ) ;
#1848 = CARTESIAN_POINT ( 'NONE',  ( 0.5773502691896259500, 0.9999999999999988900, 2.166666666666660300 ) ) ;
#1849 = CARTESIAN_POINT ( 'NONE',  ( -9.064742275298441300E-017, -0.7401923788646381800, -2.200000000000001500 ) ) ;
#1850 = CARTESIAN_POINT ( 'NONE',  ( -0.8547005383792165600, 5.233531392778135700E-017, 1.749999999999992900 ) ) ;
#1851 = CARTESIAN_POINT ( 'NONE',  ( 0.8847754037844326500, -0.5108253175473026500, 0.9041666666666763300 ) ) ;
#1852 = CARTESIAN_POINT ( 'NONE',  ( 0.9999999999999991100, -4.357666448243395000E-016, 0.4999999999999938400 ) ) ;
#1853 = CARTESIAN_POINT ( 'NONE',  ( -0.4273502691896082200, 0.7401923788646381800, 0.03333333333333183400 ) ) ;
#1854 = ORIENTED_EDGE ( 'NONE', *, *, #278, .F. ) ;
#1855 = CARTESIAN_POINT ( 'NONE',  ( -3.535158273157210200E-015, -2.598076211353342200, 3.000000000000002700 ) ) ;
#1856 = DIRECTION ( 'NONE',  ( -1.000000000000000000, 0.0000000000000000000, 0.0000000000000000000 ) ) ;
#1857 = CARTESIAN_POINT ( 'NONE',  ( -0.9999999999999991100, 1.452555482747798400E-016, -0.1000000000000061500 ) ) ;
#1858 = ORIENTED_EDGE ( 'NONE', *, *, #967, .T. ) ;
#1859 = ORIENTED_EDGE ( 'NONE', *, *, #1063, .F. ) ;
#1860 = CARTESIAN_POINT ( 'NONE',  ( -0.4273502691896082200, 0.7401923788646381800, -1.966666666666667700 ) ) ;
#1861 = CARTESIAN_POINT ( 'NONE',  ( 0.8547005383792165600, -1.570059417833440500E-016, -1.700000000000001300 ) ) ;
#1862 = CARTESIAN_POINT ( 'NONE',  ( -0.4273502691896085600, -0.7401923788646378500, 1.416666666666660100 ) ) ;
#1863 = EDGE_CURVE ( 'NONE', #2848, #2398, #536, .T. ) ;
#1864 = CARTESIAN_POINT ( 'NONE',  ( -1.251161180115467700E-016, -1.021650635094604400, 2.437500000000009800 ) ) ;
#1865 = CARTESIAN_POINT ( 'NONE',  ( -0.8547005383792165600, 5.233531392778135700E-017, -2.650000000000007000 ) ) ;
#1866 = CARTESIAN_POINT ( 'NONE',  ( -0.6312255381475958500, 0.5973591949718358700, -2.817066291714260800 ) ) ;
#1867 = ORIENTED_EDGE ( 'NONE', *, *, #779, .F. ) ;
#1868 = FACE_OUTER_BOUND ( 'NONE', #3368, .T. ) ;
#1869 = B_SPLINE_CURVE_WITH_KNOTS ( 'NONE', 3,
 ( #2577, #2075, #3563, #1791 ),
 .UNSPECIFIED., .F., .F.,
 ( 4, 4 ),
 ( 2.380746839932105400E-007, 0.001314652396222807300 ),
 .UNSPECIFIED. ) ;
#1870 = CARTESIAN_POINT ( 'NONE',  ( -0.4273502691896082200, 0.7401923788646381800, -0.3666666666666679200 ) ) ;
#1871 = AXIS2_PLACEMENT_3D ( 'NONE', #1918, #1613, #2223 ) ;
#1872 = LINE ( 'NONE', #2593, #1581 ) ;
#1873 = FACE_OUTER_BOUND ( 'NONE', #1180, .T. ) ;
#1874 = VERTEX_POINT ( 'NONE', #3310 ) ;
#1875 = CARTESIAN_POINT ( 'NONE',  ( -0.8660254037844379300, -0.4999999999999993300, -2.416666666666662500 ) ) ;
#1876 = CARTESIAN_POINT ( 'NONE',  ( -0.9999999999999991100, 0.0000000000000000000, 3.000000000000002700 ) ) ;
#1877 = CARTESIAN_POINT ( 'NONE',  ( 0.4273502691896080000, -0.7401923788646384000, -2.166666666666668300 ) ) ;
#1878 = CARTESIAN_POINT ( 'NONE',  ( 0.6410254037844127500, 0.3700961894323185300, -2.466666666666668100 ) ) ;
#1879 = CARTESIAN_POINT ( 'NONE',  ( -0.9999999999999991100, -0.2679491924311222500, -1.232136720504587200 ) ) ;
#1880 = EDGE_LOOP ( 'NONE', ( #567, #1273, #1231, #1118 ) ) ;
#1881 = CARTESIAN_POINT ( 'NONE',  ( -1.224646799147352500E-016, -0.9999999999999991100, -2.400000000000006100 ) ) ;
#1882 = CARTESIAN_POINT ( 'NONE',  ( 0.8847754037844333100, 0.5108253175473014300, 2.945833333333323100 ) ) ;
#1883 = CARTESIAN_POINT ( 'NONE',  ( 0.9999999999999991100, -4.357666448243395000E-016, 2.499999999999993800 ) ) ;
#1884 = CARTESIAN_POINT ( 'NONE',  ( 2.249999999999993300, 3.035766082959412400E-015, 3.000000000000002700 ) ) ;
#1885 = ORIENTED_EDGE ( 'NONE', *, *, #2737, .T. ) ;
#1886 = CARTESIAN_POINT ( 'NONE',  ( 0.4273502691896087200, 0.7401923788646379600, 0.3666666666666653600 ) ) ;
#1887 = CARTESIAN_POINT ( 'NONE',  ( -0.9999999999999991100, 1.452555482747798400E-016, 1.099999999999994100 ) ) ;
#1888 = DIRECTION ( 'NONE',  ( -0.0000000000000000000, -0.0000000000000000000, -1.000000000000000000 ) ) ;
#1889 = EDGE_CURVE ( 'NONE', #3498, #1874, #2718, .T. ) ;
#1890 = CARTESIAN_POINT ( 'NONE',  ( 0.6410254037844127500, 0.3700961894323185300, -0.8666666666666679200 ) ) ;
#1891 = CARTESIAN_POINT ( 'NONE',  ( -0.4273502691896085600, -0.7401923788646378500, -0.6333333333333347500 ) ) ;
#1892 = DIRECTION ( 'NONE',  ( 1.335390754433023200E-015, -1.000000000000000000, 0.0000000000000000000 ) ) ;
#1893 = CARTESIAN_POINT ( 'NONE',  ( 0.8847754037844333100, 0.5108253175473014300, 2.545833333333322700 ) ) ;
#1894 = CARTESIAN_POINT ( 'NONE',  ( -0.7393871033050296600, -0.03451766497735638000, -2.696891108675441900 ) ) ;
#1895 = B_SPLINE_CURVE_WITH_KNOTS ( 'NONE', 3,
 ( #1121, #2866, #1399, #2604, #188, #3502 ),
 .UNSPECIFIED., .F., .F.,
 ( 4, 2, 4 ),
 ( 0.009188890526615910500, 0.009846030576132914400, 0.01050317062564992000 ),
 .UNSPECIFIED. ) ;
#1896 = CARTESIAN_POINT ( 'NONE',  ( -9.064742275298441300E-017, -0.7401923788646381800, -1.400000000000001200 ) ) ;
#1897 = AXIS2_PLACEMENT_3D ( 'NONE', #270, #2019, #2071 ) ;
#1898 = CARTESIAN_POINT ( 'NONE',  ( -2.250000000000001800, 1.299038105676638200, 2.799038105676667800 ) ) ;
#1899 = CARTESIAN_POINT ( 'NONE',  ( -0.8660254037844379300, -0.4999999999999993300, 1.133333333333327300 ) ) ;
#1900 = DIRECTION ( 'NONE',  ( -0.0000000000000000000, -0.0000000000000000000, 1.000000000000000000 ) ) ;
#1901 = CARTESIAN_POINT ( 'NONE',  ( -9.064742275298441300E-017, -0.7401923788646381800, 0.1999999999999987900 ) ) ;
#1902 = CARTESIAN_POINT ( 'NONE',  ( 0.4273502691896080000, -0.7401923788646384000, -0.9666666666666682300 ) ) ;
#1903 = CARTESIAN_POINT ( 'NONE',  ( 0.8660254037844382600, 0.4999999999999988300, -1.816666666666662400 ) ) ;
#1904 = ORIENTED_EDGE ( 'NONE', *, *, #31, .T. ) ;
#1905 = CARTESIAN_POINT ( 'NONE',  ( -1.251161180115467700E-016, -1.021650635094604400, 3.212499999999989700 ) ) ;
#1906 = CARTESIAN_POINT ( 'NONE',  ( 2.249999999999992500, 0.8761635925114936700, 2.910166025077811200 ) ) ;
#1907 = VERTEX_POINT ( 'NONE', #47 ) ;
#1908 = CARTESIAN_POINT ( 'NONE',  ( 0.6410254037844123100, -0.3700961894323194200, 1.066666666666665300 ) ) ;
#1909 = ADVANCED_FACE ( 'NONE', ( #2759 ), #493, .F. ) ;
#1910 = EDGE_LOOP ( 'NONE', ( #38, #1885 ) ) ;
#1911 = CARTESIAN_POINT ( 'NONE',  ( 1.124999999999992200, 1.948557158514972600, -3.000000000000002700 ) ) ;
#1912 = DIRECTION ( 'NONE',  ( -0.0000000000000000000, -0.0000000000000000000, -1.000000000000000000 ) ) ;
#1913 = CARTESIAN_POINT ( 'NONE',  ( -0.4273502691896085600, -0.7401923788646379600, -0.6333333333333347500 ) ) ;
#1914 = CARTESIAN_POINT ( 'NONE',  ( 0.6410254037844127500, 0.3700961894323185300, -0.06666666666666799800 ) ) ;
#1915 = LINE ( 'NONE', #1136, #3691 ) ;
#1916 = EDGE_CURVE ( 'NONE', #1269, #1949, #3013, .T. ) ;
#1917 = LINE ( 'NONE', #3816, #348 ) ;
#1918 = CARTESIAN_POINT ( 'NONE',  ( 0.0000000000000000000, 0.0000000000000000000, 3.000000000000002700 ) ) ;
#1919 = CARTESIAN_POINT ( 'NONE',  ( -0.5898502691896223600, -1.021650635094604200, 2.779166666666656600 ) ) ;
#1920 = DIRECTION ( 'NONE',  ( 0.0000000000000000000, 0.0000000000000000000, 1.000000000000000000 ) ) ;
#1921 = FACE_OUTER_BOUND ( 'NONE', #2961, .T. ) ;
#1922 = CARTESIAN_POINT ( 'NONE',  ( -1.881931238497226200, 1.511542704210558300, 2.921727692845884800 ) ) ;
#1923 = B_SPLINE_CURVE_WITH_KNOTS ( 'NONE', 3,
 ( #2357, #2047, #588, #2657, #2087, #3878 ),
 .UNSPECIFIED., .F., .F.,
 ( 4, 2, 4 ),
 ( 0.01050317062564992000, 0.01116014996014607800, 0.01181712929464223900 ),
 .UNSPECIFIED. ) ;
#1924 = CARTESIAN_POINT ( 'NONE',  ( -0.4273502691896085600, -0.7401923788646379600, 0.9666666666666650100 ) ) ;
#1925 = AXIS2_PLACEMENT_3D ( 'NONE', #3160, #2831, #1094 ) ;
#1926 = VERTEX_POINT ( 'NONE', #2411 ) ;
#1927 = DIRECTION ( 'NONE',  ( -1.000000000000000000, 0.0000000000000000000, 0.0000000000000000000 ) ) ;
#1928 = EDGE_LOOP ( 'NONE', ( #3141, #3047, #2796, #2655, #1185, #3841 ) ) ;
#1929 = CARTESIAN_POINT ( 'NONE',  ( -0.9999999999999991100, 0.2679491924311225800, 1.932136720504596500 ) ) ;
#1930 = CARTESIAN_POINT ( 'NONE',  ( -0.6410254037844124200, 0.3700961894323192000, -0.3333333333333348100 ) ) ;
#1931 = CARTESIAN_POINT ( 'NONE',  ( 0.6410254037844127500, 0.3700961894323185300, 0.7333333333333323900 ) ) ;
#1932 = ADVANCED_FACE ( 'NONE', ( #3335 ), #1828, .F. ) ;
#1933 = CARTESIAN_POINT ( 'NONE',  ( 0.6410254037844127500, 0.3700961894323185300, -1.616666666666673600 ) ) ;
#1934 = CARTESIAN_POINT ( 'NONE',  ( -0.4273502691896085600, -0.7401923788646379600, -2.983333333333340500 ) ) ;
#1935 = CARTESIAN_POINT ( 'NONE',  ( 0.4273502691896087200, 0.7401923788646379600, 1.166666666666665900 ) ) ;
#1936 = CARTESIAN_POINT ( 'NONE',  ( -0.5773502691896256200, -0.9999999999999988900, 1.166666666666660500 ) ) ;
#1937 = EDGE_CURVE ( 'NONE', #3292, #3426, #2320, .T. ) ;
#1938 = CARTESIAN_POINT ( 'NONE',  ( 0.8847754037844326500, -0.5108253175473026500, -1.920833333333344300 ) ) ;
#1939 = CARTESIAN_POINT ( 'NONE',  ( -9.064742275298441300E-017, -0.7401923788646381800, -1.000000000000001300 ) ) ;
#1940 = CARTESIAN_POINT ( 'NONE',  ( 0.6410254037844127500, 0.3700961894323185300, 1.533333333333331900 ) ) ;
#1941 = CARTESIAN_POINT ( 'NONE',  ( 0.9999999999999991100, -4.357666448243395000E-016, -0.3000000000000061500 ) ) ;
#1942 = CARTESIAN_POINT ( 'NONE',  ( 0.4273502691896087200, 0.7401923788646379600, -0.3833333333333401300 ) ) ;
#1943 = CARTESIAN_POINT ( 'NONE',  ( 0.6410254037844127500, 0.3700961894323185300, -2.416666666666673600 ) ) ;
#1944 = AXIS2_PLACEMENT_3D ( 'NONE', #3564, #3228, #1463 ) ;
#1945 = CARTESIAN_POINT ( 'NONE',  ( -0.4273502691896085600, -0.7401923788646379600, -1.783333333333340300 ) ) ;
#1946 = B_SPLINE_CURVE_WITH_KNOTS ( 'NONE', 3,
 ( #2157, #2143, #53, #1244, #2184, #1866, #370, #3062, #1587, #2172 ),
 .UNSPECIFIED., .F., .F.,
 ( 4, 2, 2, 2, 4 ),
 ( 0.0003409611230406923000, 0.0007175836384969100100, 0.001094206153953127700, 0.001470828669409345400, 0.001847451184865563100 ),
 .UNSPECIFIED. ) ;
#1947 = CARTESIAN_POINT ( 'NONE',  ( -9.064742275298441300E-017, -0.7401923788646381800, 1.799999999999998700 ) ) ;
#1948 = CARTESIAN_POINT ( 'NONE',  ( 0.9999999999999991100, -4.357666448243395000E-016, -0.3000000000000061500 ) ) ;
#1949 = VERTEX_POINT ( 'NONE', #2136 ) ;
#1950 = CARTESIAN_POINT ( 'NONE',  ( 0.9999999999999991100, -4.357666448243395000E-016, 2.899999999999993700 ) ) ;
#1951 = VERTEX_POINT ( 'NONE', #954 ) ;
#1952 = CARTESIAN_POINT ( 'NONE',  ( 0.4273502691896080000, -0.7401923788646384000, 2.233333333333332100 ) ) ;
#1953 = CARTESIAN_POINT ( 'NONE',  ( -0.6410254037844124200, 0.3700961894323192000, -0.3333333333333348100 ) ) ;
#1954 = CARTESIAN_POINT ( 'NONE',  ( 0.5773502691896259500, 0.9999999999999988900, -0.2333333333333394400 ) ) ;
#1955 = CARTESIAN_POINT ( 'NONE',  ( -9.064742275298441300E-017, -0.7401923788646381800, -1.750000000000006900 ) ) ;
#1956 = CARTESIAN_POINT ( 'NONE',  ( -0.9999999999999991100, 1.452555482747798400E-016, 1.499999999999994000 ) ) ;
#1957 = ORIENTED_EDGE ( 'NONE', *, *, #1758, .F. ) ;
#1958 = CARTESIAN_POINT ( 'NONE',  ( 0.8547005383792165600, -1.570059417833440500E-016, -1.650000000000007000 ) ) ;
#1959 = CARTESIAN_POINT ( 'NONE',  ( 0.6410254037844123100, -0.3700961894323194200, -1.283333333333340300 ) ) ;
#1960 = CARTESIAN_POINT ( 'NONE',  ( -0.6410254037844124200, 0.3700961894323192000, 2.466666666666665500 ) ) ;
#1961 = ORIENTED_EDGE ( 'NONE', *, *, #3666, .F. ) ;
#1962 = EDGE_CURVE ( 'NONE', #865, #2342, #1615, .T. ) ;
#1963 = FACE_OUTER_BOUND ( 'NONE', #1453, .T. ) ;
#1964 = CARTESIAN_POINT ( 'NONE',  ( 0.9999999999999991100, -4.357666448243395000E-016, -1.900000000000005900 ) ) ;
#1965 = CARTESIAN_POINT ( 'NONE',  ( 0.5898502691896225800, 1.021650635094604000, -2.620833333333344200 ) ) ;
#1966 = CARTESIAN_POINT ( 'NONE',  ( -0.8547005383792165600, 5.233531392778135700E-017, 2.899999999999999000 ) ) ;
#1967 = CARTESIAN_POINT ( 'NONE',  ( -0.8547005383792165600, 5.233531392778135700E-017, 0.09999999999999853500 ) ) ;
#1968 = CARTESIAN_POINT ( 'NONE',  ( 0.9999999999999991100, -4.357666448243395000E-016, 0.5500000000000044900 ) ) ;
#1969 = ORIENTED_EDGE ( 'NONE', *, *, #1962, .T. ) ;
#1970 = ADVANCED_FACE ( 'NONE', ( #2619 ), #2394, .F. ) ;
#1971 = CARTESIAN_POINT ( 'NONE',  ( 0.6410254037844123100, -0.3700961894323194200, -0.4833333333333399400 ) ) ;
#1972 = CARTESIAN_POINT ( 'NONE',  ( 0.8660254037844377100, -0.5000000000000000000, 1.316666666666671500 ) ) ;
#1973 = CARTESIAN_POINT ( 'NONE',  ( 0.0000000000000000000, 0.7401923788646381800, -1.950000000000006800 ) ) ;
#1974 = CARTESIAN_POINT ( 'NONE',  ( 0.6410254037844127500, 0.3700961894323185300, -1.616666666666673600 ) ) ;
#1975 = EDGE_LOOP ( 'NONE', ( #2872, #3071, #2765, #3226 ) ) ;
#1976 = CARTESIAN_POINT ( 'NONE',  ( -0.8847754037844329800, -0.5108253175473019800, -2.829166666666656800 ) ) ;
#1977 = ORIENTED_EDGE ( 'NONE', *, *, #116, .F. ) ;
#1978 = DIRECTION ( 'NONE',  ( -1.000000000000000000, 0.0000000000000000000, 0.0000000000000000000 ) ) ;
#1979 = CARTESIAN_POINT ( 'NONE',  ( 0.9999999999999993300, 0.2679491924311219200, 2.917863279495402000 ) ) ;
#1980 = CARTESIAN_POINT ( 'NONE',  ( -0.1683531852857182700, -0.8997352027013657500, -2.864356208352505800 ) ) ;
#1981 = CARTESIAN_POINT ( 'NONE',  ( -9.064742275298441300E-017, -0.7401923788646381800, 2.199999999999998800 ) ) ;
#1982 = CARTESIAN_POINT ( 'NONE',  ( -0.4273502691896082200, 0.7401923788646381800, 2.433333333333332700 ) ) ;
#1983 = CARTESIAN_POINT ( 'NONE',  ( -0.6410254037844124200, 0.3700961894323192000, -1.883333333333340200 ) ) ;
#1984 = CARTESIAN_POINT ( 'NONE',  ( 0.5773502691896250600, -0.9999999999999993300, 1.283333333333338100 ) ) ;
#1985 = CARTESIAN_POINT ( 'NONE',  ( -3.535158273157210200E-015, -2.598076211353342200, 2.799038105676647800 ) ) ;
#1986 = CARTESIAN_POINT ( 'NONE',  ( -0.5773502691896256200, -0.9999999999999988900, -0.7833333333333288900 ) ) ;
#1987 = CARTESIAN_POINT ( 'NONE',  ( -0.4273502691896085600, -0.7401923788646379600, -0.9833333333333403900 ) ) ;
#1988 = CARTESIAN_POINT ( 'NONE',  ( 0.6410254037844127500, 0.3700961894323185300, 2.733333333333332500 ) ) ;
#1989 = EDGE_CURVE ( 'NONE', #2051, #1077, #1728, .T. ) ;
#1990 = CARTESIAN_POINT ( 'NONE',  ( 0.5898502691896216900, -1.021650635094604600, -2.754166666666677500 ) ) ;
#1991 = CARTESIAN_POINT ( 'NONE',  ( -0.8547005383792165600, 5.233531392778135700E-017, 1.699999999999998400 ) ) ;
#1992 = CARTESIAN_POINT ( 'NONE',  ( -2.250000000000001800, 0.0000000000000000000, 3.000000000000002700 ) ) ;
#1993 = CARTESIAN_POINT ( 'NONE',  ( -0.6410254037844124200, 0.3700961894323192000, 1.716666666666659700 ) ) ;
#1994 = CARTESIAN_POINT ( 'NONE',  ( -0.9999999999999991100, 2.905110965495597100E-017, -2.900000000000005700 ) ) ;
#1995 = DIRECTION ( 'NONE',  ( -0.0000000000000000000, -0.0000000000000000000, -1.000000000000000000 ) ) ;
#1996 = AXIS2_PLACEMENT_3D ( 'NONE', #2739, #2417, #646 ) ;
#1997 = CARTESIAN_POINT ( 'NONE',  ( -0.6410254037844124200, 0.3700961894323192000, -0.6833333333333400100 ) ) ;
#1998 = ORIENTED_EDGE ( 'NONE', *, *, #2639, .F. ) ;
#1999 = CARTESIAN_POINT ( 'NONE',  ( 0.0000000000000000000, 1.021650635094604400, -2.162499999999990300 ) ) ;
#2000 = CARTESIAN_POINT ( 'NONE',  ( 0.8660254037844377100, -0.5000000000000000000, 2.916666666666671000 ) ) ;
#2001 = CC_DESIGN_APPROVAL ( #1798, ( #3434 ) ) ;
#2002 = ORIENTED_EDGE ( 'NONE', *, *, #278, .T. ) ;
#2003 = CARTESIAN_POINT ( 'NONE',  ( 0.0000000000000000000, 0.0000000000000000000, 3.000000000000002700 ) ) ;
#2004 = CARTESIAN_POINT ( 'NONE',  ( -0.5898502691896218000, 1.021650635094604400, -0.5541666666666775800 ) ) ;
#2005 = CARTESIAN_POINT ( 'NONE',  ( 0.9999999999999991100, -4.357666448243395000E-016, -2.649999999999995500 ) ) ;
#2006 = CARTESIAN_POINT ( 'NONE',  ( -0.8547005383792165600, 5.233531392778135700E-017, 2.499999999999999100 ) ) ;
#2007 = CARTESIAN_POINT ( 'NONE',  ( -0.6410254037844124200, 0.3700961894323192000, 2.066666666666665500 ) ) ;
#2008 = ORIENTED_EDGE ( 'NONE', *, *, #1143, .T. ) ;
#2009 = CARTESIAN_POINT ( 'NONE',  ( 0.8547005383792165600, -1.570059417833440500E-016, 1.149999999999993200 ) ) ;
#2010 = CARTESIAN_POINT ( 'NONE',  ( -0.9999999999999991100, -0.2679491924311222500, 1.967863279495412700 ) ) ;
#2011 = CARTESIAN_POINT ( 'NONE',  ( 0.5190081663614923800, -0.8114272417139272200, 2.912153342583333200 ) ) ;
#2012 = CONICAL_SURFACE ( 'NONE', #1871, 2.250000000000001800, 1.047197551196600100 ) ;
#2013 = CARTESIAN_POINT ( 'NONE',  ( 0.6410254037844123100, -0.3700961894323194200, 0.7166666666666596800 ) ) ;
#2014 = VECTOR ( 'NONE', #2652, 1000.000000000000000 ) ;
#2015 = CARTESIAN_POINT ( 'NONE',  ( -1.179700538379243800, 7.223582441392750400E-017, -2.862499999999990500 ) ) ;
#2016 = CONICAL_SURFACE ( 'NONE', #2490, 2.250000000000001800, 1.047197551196600100 ) ;
#2017 = EDGE_CURVE ( 'NONE', #1831, #1404, #1130, .T. ) ;
#2018 = VECTOR ( 'NONE', #1793, 1000.000000000000000 ) ;
#2019 = DIRECTION ( 'NONE',  ( 0.0000000000000000000, 0.0000000000000000000, -1.000000000000000000 ) ) ;
#2020 = ORIENTED_EDGE ( 'NONE', *, *, #1535, .T. ) ;
#2021 = CARTESIAN_POINT ( 'NONE',  ( 0.5898502691896225800, 1.021650635094604000, -0.6208333333333444500 ) ) ;
#2022 = DIRECTION ( 'NONE',  ( 0.7071067811865487900, -8.659560562354948900E-017, 0.7071067811865463500 ) ) ;
#2023 = AXIS2_PLACEMENT_3D ( 'NONE', #841, #1689, #1095 ) ;
#2024 = EDGE_LOOP ( 'NONE', ( #892, #1858, #1023 ) ) ;
#2025 = CARTESIAN_POINT ( 'NONE',  ( 0.6410254037844123100, -0.3700961894323194200, 0.7166666666666596800 ) ) ;
#2026 = CARTESIAN_POINT ( 'NONE',  ( -1.224646799147352500E-016, -0.9999999999999991100, 2.050000000000004700 ) ) ;
#2027 = CARTESIAN_POINT ( 'NONE',  ( -0.4273502691896085600, -0.7401923788646379600, 0.2166666666666597400 ) ) ;
#2028 = CARTESIAN_POINT ( 'NONE',  ( 0.0000000000000000000, 1.021650635094604400, -3.362499999999990500 ) ) ;
#2029 = CARTESIAN_POINT ( 'NONE',  ( -0.5773502691896256200, -0.9999999999999988900, 0.01666666666667094800 ) ) ;
#2030 = CARTESIAN_POINT ( 'NONE',  ( -0.5898502691896223600, -1.021650635094604200, -1.220833333333344100 ) ) ;
#2031 = CARTESIAN_POINT ( 'NONE',  ( -0.9640544456622625000, -6.768908549604742100E-015, -2.920753175473066200 ) ) ;
#2032 = CARTESIAN_POINT ( 'NONE',  ( 0.8547005383792165600, -1.570059417833440500E-016, 1.899999999999999000 ) ) ;
#2033 = CARTESIAN_POINT ( 'NONE',  ( 0.4273502691896080000, -0.7401923788646384000, 0.2833333333333264400 ) ) ;
#2034 = CARTESIAN_POINT ( 'NONE',  ( 0.9999999999999988900, -0.2679491924311228100, 2.532136720504595900 ) ) ;
#2035 = DIRECTION ( 'NONE',  ( 0.8660254037844384900, -0.5000000000000003300, 0.0000000000000000000 ) ) ;
#2036 = CARTESIAN_POINT ( 'NONE',  ( 0.0000000000000000000, 0.7401923788646381800, 0.04999999999999318900 ) ) ;
#2037 = EDGE_CURVE ( 'NONE', #1951, #2984, #1707, .T. ) ;
#2038 = CARTESIAN_POINT ( 'NONE',  ( 0.8847754037844333100, 0.5108253175473014300, -1.829166666666657100 ) ) ;
#2039 = CARTESIAN_POINT ( 'NONE',  ( 2.762968978863520600E-016, 2.598076211353297400, 2.799038105676674000 ) ) ;
#2040 = DIRECTION ( 'NONE',  ( -0.0000000000000000000, -0.0000000000000000000, -1.000000000000000000 ) ) ;
#2041 = EDGE_CURVE ( 'NONE', #352, #2246, #1590, .T. ) ;
#2042 = CARTESIAN_POINT ( 'NONE',  ( 0.8847754037844326500, -0.5108253175473026500, -0.3208333333333439600 ) ) ;
#2043 = CARTESIAN_POINT ( 'NONE',  ( -0.5773502691896251800, 0.9999999999999991100, 2.283333333333337700 ) ) ;
#2044 = CARTESIAN_POINT ( 'NONE',  ( 0.0000000000000000000, 0.7401923788646381800, 1.249999999999993300 ) ) ;
#2045 = DIRECTION ( 'NONE',  ( -0.0000000000000000000, -0.0000000000000000000, -1.000000000000000000 ) ) ;
#2046 = VERTEX_POINT ( 'NONE', #3407 ) ;
#2047 = CARTESIAN_POINT ( 'NONE',  ( 2.249999999999993800, -0.2198835176872627200, -3.000000000000008000 ) ) ;
#2048 = CARTESIAN_POINT ( 'NONE',  ( 0.6410254037844123100, -0.3700961894323194200, -0.8833333333333401900 ) ) ;
#2049 = CARTESIAN_POINT ( 'NONE',  ( -9.064742275298441300E-017, -0.7401923788646381800, 0.2499999999999932800 ) ) ;
#2050 = CARTESIAN_POINT ( 'NONE',  ( 0.5898502691896225800, 1.021650635094604000, -0.5958333333333236700 ) ) ;
#2051 = VERTEX_POINT ( 'NONE', #3422 ) ;
#2052 = CARTESIAN_POINT ( 'NONE',  ( -0.9999999999999991100, 0.2679491924311225800, -2.867863279495404400 ) ) ;
#2053 = CARTESIAN_POINT ( 'NONE',  ( 0.0000000000000000000, 0.0000000000000000000, 3.000000000000002700 ) ) ;
#2054 = EDGE_LOOP ( 'NONE', ( #32, #655, #3543, #1678 ) ) ;
#2055 = CARTESIAN_POINT ( 'NONE',  ( 2.249999999999995100, -1.299038105676859400, -2.799038105676771700 ) ) ;
#2056 = FACE_OUTER_BOUND ( 'NONE', #722, .T. ) ;
#2057 = CARTESIAN_POINT ( 'NONE',  ( 0.5898502691896225800, 1.021650635094604000, 0.9791666666666559700 ) ) ;
#2058 = FACE_BOUND ( 'NONE', #1910, .T. ) ;
#2059 = CARTESIAN_POINT ( 'NONE',  ( 0.9999999999999991100, -4.357666448243395000E-016, 2.950000000000004200 ) ) ;
#2060 = FACE_OUTER_BOUND ( 'NONE', #1721, .T. ) ;
#2061 = CARTESIAN_POINT ( 'NONE',  ( 0.6410254037844123100, -0.3700961894323194200, 2.716666666666659700 ) ) ;
#2062 = CARTESIAN_POINT ( 'NONE',  ( 0.8660254037844382600, 0.4999999999999988300, 0.9333333333333275700 ) ) ;
#2063 = CARTESIAN_POINT ( 'NONE',  ( 0.0000000000000000000, 0.0000000000000000000, 3.000000000000002700 ) ) ;
#2064 = CARTESIAN_POINT ( 'NONE',  ( 0.8547005383792165600, -1.570059417833440500E-016, 1.549999999999993200 ) ) ;
#2065 = ORIENTED_EDGE ( 'NONE', *, *, #2788, .T. ) ;
#2066 = CARTESIAN_POINT ( 'NONE',  ( -0.8547005383792165600, 5.233531392778135700E-017, 0.1499999999999930300 ) ) ;
#2067 = CARTESIAN_POINT ( 'NONE',  ( 0.5898502691896225800, 1.021650635094604000, -0.1958333333333234800 ) ) ;
#2068 = EDGE_CURVE ( 'NONE', #2478, #1419, #385, .T. ) ;
#2069 = ORIENTED_EDGE ( 'NONE', *, *, #1758, .T. ) ;
#2070 = CARTESIAN_POINT ( 'NONE',  ( -0.1835754756815202200, 2.492088861051958000, 2.860229930904675500 ) ) ;
#2071 = DIRECTION ( 'NONE',  ( -1.000000000000000000, 0.0000000000000000000, 0.0000000000000000000 ) ) ;
#2072 = CARTESIAN_POINT ( 'NONE',  ( 0.8847754037844333100, 0.5108253175473014300, 1.745833333333322200 ) ) ;
#2073 = ORIENTED_EDGE ( 'NONE', *, *, #3713, .F. ) ;
#2074 = CARTESIAN_POINT ( 'NONE',  ( -0.8660254037844378200, 0.4999999999999996700, -1.283333333333329000 ) ) ;
#2075 = CARTESIAN_POINT ( 'NONE',  ( -0.3680687615027801200, -2.385571612819422000, -2.921727692845863500 ) ) ;
#2076 = DIRECTION ( 'NONE',  ( 0.0000000000000000000, 0.0000000000000000000, 1.000000000000000000 ) ) ;
#2077 = CARTESIAN_POINT ( 'NONE',  ( 0.9999999999999991100, 1.224646799147352200E-016, 3.000000000000002700 ) ) ;
#2078 = CARTESIAN_POINT ( 'NONE',  ( -0.6410254037844125300, -0.3700961894323189200, 2.583333333333326400 ) ) ;
#2079 = CARTESIAN_POINT ( 'NONE',  ( -0.4273502691896082200, 0.7401923788646381800, -1.116666666666673400 ) ) ;
#2080 = CARTESIAN_POINT ( 'NONE',  ( -1.251161180115467700E-016, -1.021650635094604400, -0.3624999999999904400 ) ) ;
#2081 = DIRECTION ( 'NONE',  ( 1.000000000000000000, 0.0000000000000000000, 0.0000000000000000000 ) ) ;
#2082 = CARTESIAN_POINT ( 'NONE',  ( 0.0000000000000000000, 0.7401923788646381800, -3.200000000000001500 ) ) ;
#2083 = CARTESIAN_POINT ( 'NONE',  ( -1.179700538379243800, 7.223582441392750400E-017, 1.112499999999989400 ) ) ;
#2084 = PERSON_AND_ORGANIZATION_ROLE ( 'creator' ) ;
#2085 = CARTESIAN_POINT ( 'NONE',  ( 0.9999999999999988900, -0.2679491924311228100, 2.882136720504585800 ) ) ;
#2086 = CARTESIAN_POINT ( 'NONE',  ( 0.6410254037844127500, 0.3700961894323185300, 2.783333333333327000 ) ) ;
#2087 = CARTESIAN_POINT ( 'NONE',  ( 2.249999999999995100, -1.088391816142692600, -2.859846451659785200 ) ) ;
#2088 = CARTESIAN_POINT ( 'NONE',  ( 0.0000000000000000000, 0.0000000000000000000, 3.000000000000002700 ) ) ;
#2089 = CARTESIAN_POINT ( 'NONE',  ( -0.6410254037844125300, -0.3700961894323189200, 1.783333333333326800 ) ) ;
#2090 = CARTESIAN_POINT ( 'NONE',  ( 0.0000000000000000000, 0.7401923788646381800, 0.04999999999999318900 ) ) ;
#2091 = CARTESIAN_POINT ( 'NONE',  ( -0.5898502691896218000, 1.021650635094604400, -0.1291666666666572100 ) ) ;
#2092 = DIRECTION ( 'NONE',  ( -0.7071067811865487900, 0.0000000000000000000, -0.7071067811865463500 ) ) ;
#2093 = DIRECTION ( 'NONE',  ( 1.000000000000000000, 0.0000000000000000000, 0.0000000000000000000 ) ) ;
#2094 = ORIENTED_EDGE ( 'NONE', *, *, #3249, .F. ) ;
#2095 = CARTESIAN_POINT ( 'NONE',  ( -0.8547005383792165600, 5.233531392778135700E-017, -1.900000000000001200 ) ) ;
#2096 = CARTESIAN_POINT ( 'NONE',  ( -0.8847754037844329800, -0.5108253175473019800, 0.7458333333333223600 ) ) ;
#2097 = VERTEX_POINT ( 'NONE', #695 ) ;
#2098 = CARTESIAN_POINT ( 'NONE',  ( 0.0000000000000000000, 0.0000000000000000000, -3.000000000000002700 ) ) ;
#2099 = CARTESIAN_POINT ( 'NONE',  ( 2.249999999999995100, -1.299038105676859400, -2.799038105676771700 ) ) ;
#2100 = CARTESIAN_POINT ( 'NONE',  ( -0.8547005383792165600, 5.233531392778135700E-017, 2.549999999999993600 ) ) ;
#2101 = CARTESIAN_POINT ( 'NONE',  ( 0.6410254037844123100, -0.3700961894323194200, -1.733333333333334700 ) ) ;
#2102 = CARTESIAN_POINT ( 'NONE',  ( 2.249999999999991600, 1.299038105676643400, 3.000000000000002700 ) ) ;
#2103 = ORIENTED_EDGE ( 'NONE', *, *, #2611, .F. ) ;
#2104 = CARTESIAN_POINT ( 'NONE',  ( -0.4273502691896082200, 0.7401923788646381800, 2.083333333333326800 ) ) ;
#2105 = CARTESIAN_POINT ( 'NONE',  ( 0.0000000000000000000, 0.7401923788646381800, 2.449999999999993100 ) ) ;
#2106 = CONICAL_SURFACE ( 'NONE', #2425, 2.250000000000001800, 1.047197551196600100 ) ;
#2107 = CARTESIAN_POINT ( 'NONE',  ( 0.5898502691896225800, 1.021650635094604000, 1.804166666666676200 ) ) ;
#2108 = FACE_OUTER_BOUND ( 'NONE', #3517, .T. ) ;
#2109 = VECTOR ( 'NONE', #2845, 1000.000000000000000 ) ;
#2110 = CARTESIAN_POINT ( 'NONE',  ( 0.8660254037844377100, -0.5000000000000000000, 0.4666666666666606800 ) ) ;
#2111 = CARTESIAN_POINT ( 'NONE',  ( -0.8547005383792165600, 5.233531392778135700E-017, -3.100000000000001400 ) ) ;
#2112 = CYLINDRICAL_SURFACE ( 'NONE', #2769, 0.9999999999999991100 ) ;
#2113 = FACE_OUTER_BOUND ( 'NONE', #3458, .T. ) ;
#2114 = APPLICATION_PROTOCOL_DEFINITION ( 'international standard', 'config_control_design', 1994, #3014 ) ;
#2115 = CARTESIAN_POINT ( 'NONE',  ( 0.9999999999999991100, -4.357666448243395000E-016, 2.899999999999993700 ) ) ;
#2116 = VERTEX_POINT ( 'NONE', #2218 ) ;
#2117 = CARTESIAN_POINT ( 'NONE',  ( -0.9999999999999991100, -0.2679491924311222500, -0.4821367205045979400 ) ) ;
#2118 = CARTESIAN_POINT ( 'NONE',  ( -0.8547005383792165600, 5.233531392778135700E-017, 1.349999999999993600 ) ) ;
#2119 = CARTESIAN_POINT ( 'NONE',  ( -0.4273502691896085600, -0.7401923788646378500, 1.816666666666660000 ) ) ;
#2120 = ORIENTED_EDGE ( 'NONE', *, *, #1535, .F. ) ;
#2121 = CARTESIAN_POINT ( 'NONE',  ( -1.179700538379243800, 7.223582441392750400E-017, 1.537500000000009400 ) ) ;
#2122 = EDGE_CURVE ( 'NONE', #1949, #2530, #815, .T. ) ;
#2123 = CARTESIAN_POINT ( 'NONE',  ( -0.8660254037844379300, -0.4999999999999993300, 1.533333333333327200 ) ) ;
#2124 =( BOUNDED_CURVE ( )  B_SPLINE_CURVE ( 2, ( #619, #2690, #2374, #922, #3847, #1492, #1458, #2637, #580 ),
 .UNSPECIFIED., .F., .F. ) 
 B_SPLINE_CURVE_WITH_KNOTS ( ( 3, 2, 2, 2, 3 ),
 ( 0.5468750000000000000, 0.5520833333333333700, 0.5625000000000000000, 0.5729166666666666300, 0.5781250000000000000 ),
 .UNSPECIFIED. ) 
 CURVE ( )  GEOMETRIC_REPRESENTATION_ITEM ( )  RATIONAL_B_SPLINE_CURVE ( ( 0.9330127018922194100, 0.9330127018922194100, 1.000000000000000000, 0.8660254037844387100, 1.000000000000000000, 0.8660254037844387100, 1.000000000000000000, 0.9330127018922194100, 0.9330127018922194100 ) ) 
 REPRESENTATION_ITEM ( '' )  );
#2125 = CARTESIAN_POINT ( 'NONE',  ( 0.6410254037844127500, 0.3700961894323185300, -2.466666666666668100 ) ) ;
#2126 = CARTESIAN_POINT ( 'NONE',  ( 1.881317441191435300, 1.511897080250283100, -2.910744989968459900 ) ) ;
#2127 = CARTESIAN_POINT ( 'NONE',  ( -0.5773502691896251800, 0.9999999999999991100, 1.833333333333327500 ) ) ;
#2128 = CARTESIAN_POINT ( 'NONE',  ( 0.0000000000000000000, 0.0000000000000000000, 3.000000000000002700 ) ) ;
#2129 = CARTESIAN_POINT ( 'NONE',  ( -9.064742275298441300E-017, -0.7401923788646381800, -1.400000000000001200 ) ) ;
#2130 = CARTESIAN_POINT ( 'NONE',  ( -0.4273502691896082200, 0.7401923788646381800, 2.483333333333327200 ) ) ;
#2131 = CARTESIAN_POINT ( 'NONE',  ( -0.5898502691896218000, 1.021650635094604400, 1.470833333333343200 ) ) ;
#2132 = CARTESIAN_POINT ( 'NONE',  ( 0.8660254037844382600, 0.4999999999999988300, 2.533333333333327400 ) ) ;
#2133 = DIRECTION ( 'NONE',  ( -0.0000000000000000000, -0.0000000000000000000, 1.000000000000000000 ) ) ;
#2134 = CARTESIAN_POINT ( 'NONE',  ( 0.0000000000000000000, 0.0000000000000000000, 3.000000000000002700 ) ) ;
#2135 = ORIENTED_EDGE ( 'NONE', *, *, #3087, .T. ) ;
#2136 = CARTESIAN_POINT ( 'NONE',  ( 0.9999999999999991100, -4.357666448243395000E-016, -1.849999999999995400 ) ) ;
#2137 = CARTESIAN_POINT ( 'NONE',  ( -0.9999999999999991100, 1.452555482747798400E-016, -0.4499999999999955700 ) ) ;
#2138 = CARTESIAN_POINT ( 'NONE',  ( 0.8547005383792165600, -1.570059417833440500E-016, -1.300000000000001600 ) ) ;
#2139 = DIRECTION ( 'NONE',  ( -0.0000000000000000000, 0.0000000000000000000, -1.000000000000000000 ) ) ;
#2140 = EDGE_CURVE ( 'NONE', #2505, #2116, #3557, .T. ) ;
#2141 = CARTESIAN_POINT ( 'NONE',  ( -0.8847754037844329800, -0.5108253175473019800, 2.370833333333342900 ) ) ;
#2142 = ORIENTED_EDGE ( 'NONE', *, *, #3792, .T. ) ;
#2143 = CARTESIAN_POINT ( 'NONE',  ( -0.01325720151361026200, 0.9897712129980176200, -2.938711600937431400 ) ) ;
#2144 = ORIENTED_EDGE ( 'NONE', *, *, #1468, .F. ) ;
#2145 = CARTESIAN_POINT ( 'NONE',  ( 0.4273502691896087200, 0.7401923788646379600, -0.4333333333333346200 ) ) ;
#2146 = ORIENTED_EDGE ( 'NONE', *, *, #856, .F. ) ;
#2147 = CARTESIAN_POINT ( 'NONE',  ( -0.5773502691896251800, 0.9999999999999991100, 0.2333333333333270100 ) ) ;
#2148 = CIRCLE ( 'NONE', #3182, 2.250000000000001800 ) ;
#2149 = CARTESIAN_POINT ( 'NONE',  ( -0.9999999999999991100, 1.452555482747798400E-016, -0.4499999999999955700 ) ) ;
#2150 = CARTESIAN_POINT ( 'NONE',  ( 0.8660254037844382600, 0.4999999999999988300, 1.733333333333327200 ) ) ;
#2151 = CARTESIAN_POINT ( 'NONE',  ( 0.6410254037844127500, 0.3700961894323185300, -2.066666666666668200 ) ) ;
#2152 = VECTOR ( 'NONE', #130, 1000.000000000000000 ) ;
#2153 = CARTESIAN_POINT ( 'NONE',  ( 0.6410254037844127500, 0.3700961894323185300, 1.583333333333326400 ) ) ;
#2154 = CIRCLE ( 'NONE', #1925, 2.250000000000001800 ) ;
#2155 = CARTESIAN_POINT ( 'NONE',  ( 0.5898502691896225800, 1.021650635094604000, 1.004166666666676600 ) ) ;
#2156 = DIRECTION ( 'NONE',  ( -0.0000000000000000000, -0.0000000000000000000, -1.000000000000000000 ) ) ;
#2157 = CARTESIAN_POINT ( 'NONE',  ( 0.1123687966212076200, 0.9936665706090298500, -2.956698729810808500 ) ) ;
#2158 = VERTEX_POINT ( 'NONE', #1301 ) ;
#2159 = ORIENTED_EDGE ( 'NONE', *, *, #3792, .F. ) ;
#2160 = CARTESIAN_POINT ( 'NONE',  ( 0.9999999999999993300, 0.2679491924311219200, -0.2321367205045873300 ) ) ;
#2161 = CARTESIAN_POINT ( 'NONE',  ( -0.6410254037844124200, 0.3700961894323192000, -1.533333333333334800 ) ) ;
#2162 = ORIENTED_EDGE ( 'NONE', *, *, #2921, .T. ) ;
#2163 = CARTESIAN_POINT ( 'NONE',  ( -0.9999999999999991100, 1.452555482747798400E-016, 0.2999999999999937700 ) ) ;
#2164 = CARTESIAN_POINT ( 'NONE',  ( -1.224646799147352500E-016, -0.9999999999999991100, -1.549999999999995600 ) ) ;
#2165 = CARTESIAN_POINT ( 'NONE',  ( -1.224646799147352500E-016, -0.9999999999999991100, -2.749999999999996000 ) ) ;
#2166 = CARTESIAN_POINT ( 'NONE',  ( 0.4273502691896080000, -0.7401923788646384000, -2.566666666666667800 ) ) ;
#2167 = CARTESIAN_POINT ( 'NONE',  ( 0.0000000000000000000, 0.7401923788646381800, -1.200000000000001500 ) ) ;
#2168 = CARTESIAN_POINT ( 'NONE',  ( 0.9999999999999991100, -4.357666448243395000E-016, 0.9500000000000040600 ) ) ;
#2169 = CARTESIAN_POINT ( 'NONE',  ( -0.8547005383792165600, 5.233531392778135700E-017, -2.250000000000006700 ) ) ;
#2170 = CARTESIAN_POINT ( 'NONE',  ( -0.8660254037844379300, -0.4999999999999993300, -0.8666666666666729100 ) ) ;
#2171 = CARTESIAN_POINT ( 'NONE',  ( -0.6410254037844125300, -0.3700961894323189200, -2.616666666666673400 ) ) ;
#2172 = CARTESIAN_POINT ( 'NONE',  ( -0.7475480947208553700, 2.231492718037753700E-011, -2.704246824531659800 ) ) ;
#2173 =( BOUNDED_CURVE ( )  B_SPLINE_CURVE ( 2, ( #1664, #461, #3149, #173, #778, #1374, #2863, #3762, #1968 ),
 .UNSPECIFIED., .F., .F. ) 
 B_SPLINE_CURVE_WITH_KNOTS ( ( 3, 2, 2, 2, 3 ),
 ( 0.5781250000000000000, 0.5833333333333333700, 0.5937500000000000000, 0.6041666666666666300, 0.6093750000000000000 ),
 .UNSPECIFIED. ) 
 CURVE ( )  GEOMETRIC_REPRESENTATION_ITEM ( )  RATIONAL_B_SPLINE_CURVE ( ( 0.9330127018922194100, 0.9330127018922194100, 1.000000000000000000, 0.8660254037844387100, 1.000000000000000000, 0.8660254037844387100, 1.000000000000000000, 0.9330127018922194100, 0.9330127018922194100 ) ) 
 REPRESENTATION_ITEM ( '' )  );
#2174 = CARTESIAN_POINT ( 'NONE',  ( 0.0000000000000000000, 0.9999999999999991100, -0.1499999999999956100 ) ) ;
#2175 = B_SPLINE_CURVE_WITH_KNOTS ( 'NONE', 3,
 ( #572, #3300, #887, #2674, #611, #1201 ),
 .UNSPECIFIED., .F., .F.,
 ( 4, 2, 4 ),
 ( 0.002884174245581771700, 0.003319418907169794300, 0.003754663568757817000 ),
 .UNSPECIFIED. ) ;
#2176 = CARTESIAN_POINT ( 'NONE',  ( -9.064742275298441300E-017, -0.7401923788646381800, 0.1999999999999987900 ) ) ;
#2177 = DATE_AND_TIME ( #3105, #3158 ) ;
#2178 = CARTESIAN_POINT ( 'NONE',  ( -0.9999999999999991100, 1.452555482747798400E-016, -0.5000000000000061100 ) ) ;
#2179 =( BOUNDED_CURVE ( )  B_SPLINE_CURVE ( 2, ( #3771, #511, #2932, #554, #829, #2296, #544, #210, #3532 ),
 .UNSPECIFIED., .F., .F. ) 
 B_SPLINE_CURVE_WITH_KNOTS ( ( 3, 2, 2, 2, 3 ),
 ( 0.2968750000000000000, 0.3020833333333333700, 0.3125000000000000000, 0.3229166666666666300, 0.3281250000000000000 ),
 .UNSPECIFIED. ) 
 CURVE ( )  GEOMETRIC_REPRESENTATION_ITEM ( )  RATIONAL_B_SPLINE_CURVE ( ( 0.9330127018922194100, 0.9330127018922194100, 1.000000000000000000, 0.8660254037844387100, 1.000000000000000000, 0.8660254037844387100, 1.000000000000000000, 0.9330127018922194100, 0.9330127018922194100 ) ) 
 REPRESENTATION_ITEM ( '' )  );
#2180 = CARTESIAN_POINT ( 'NONE',  ( 0.6410254037844123100, -0.3700961894323194200, -1.733333333333334700 ) ) ;
#2181 = CARTESIAN_POINT ( 'NONE',  ( -0.4273502691896085600, -0.7401923788646378500, -1.033333333333335000 ) ) ;
#2182 = CARTESIAN_POINT ( 'NONE',  ( -0.9999999999999991100, 1.452555482747798400E-016, 0.2999999999999937700 ) ) ;
#2183 = CARTESIAN_POINT ( 'NONE',  ( -0.4273502691896082200, 0.7401923788646381800, -3.116666666666674200 ) ) ;
#2184 = CARTESIAN_POINT ( 'NONE',  ( -0.4660971423044891800, 0.7839645171712568100, -2.860466157856620800 ) ) ;
#2185 = CARTESIAN_POINT ( 'NONE',  ( -0.9999999999999991100, -0.2679491924311222500, 0.3178632794954020000 ) ) ;
#2186 = CARTESIAN_POINT ( 'NONE',  ( -0.6410254037844124200, 0.3700961894323192000, -0.3333333333333348100 ) ) ;
#2187 = ORIENTED_EDGE ( 'NONE', *, *, #3446, .F. ) ;
#2188 = CARTESIAN_POINT ( 'NONE',  ( -1.506653605801041100, -1.728209346468592800, -2.980756665990555100 ) ) ;
#2189 = CARTESIAN_POINT ( 'NONE',  ( 2.762968978863520600E-016, 2.598076211353297400, -2.799038105676674000 ) ) ;
#2190 = CARTESIAN_POINT ( 'NONE',  ( 0.9999999999999991100, 1.224646799147352200E-016, 3.000000000000002700 ) ) ;
#2191 = DIRECTION ( 'NONE',  ( 1.000000000000000000, 0.0000000000000000000, -0.0000000000000000000 ) ) ;
#2192 = VERTEX_POINT ( 'NONE', #2818 ) ;
#2193 = VERTEX_POINT ( 'NONE', #1597 ) ;
#2194 = CARTESIAN_POINT ( 'NONE',  ( 0.6410254037844123100, -0.3700961894323194200, -0.1333333333333346900 ) ) ;
#2195 = CARTESIAN_POINT ( 'NONE',  ( -0.4273502691896082200, 0.7401923788646381800, -0.7666666666666680500 ) ) ;
#2196 = CARTESIAN_POINT ( 'NONE',  ( 0.9999999999999991100, -4.357666448243395000E-016, -1.849999999999995400 ) ) ;
#2197 = EDGE_CURVE ( 'NONE', #154, #2242, #1414, .T. ) ;
#2198 = CARTESIAN_POINT ( 'NONE',  ( -0.9999999999999991100, 1.452555482747798400E-016, 1.550000000000004300 ) ) ;
#2199 = CARTESIAN_POINT ( 'NONE',  ( 1.179700538379243800, -2.167074732417825400E-016, 2.912499999999989000 ) ) ;
#2200 = VERTEX_POINT ( 'NONE', #419 ) ;
#2201 = CARTESIAN_POINT ( 'NONE',  ( 0.9999999999999991100, -4.357666448243395000E-016, 2.150000000000004800 ) ) ;
#2202 = CARTESIAN_POINT ( 'NONE',  ( 0.4273502691896087200, 0.7401923788646379600, -0.8333333333333348100 ) ) ;
#2203 = LINE ( 'NONE', #3198, #986 ) ;
#2204 = CIRCLE ( 'NONE', #2825, 1.043301270189199000 ) ;
#2205 = LINE ( 'NONE', #2102, #2018 ) ;
#2206 = CARTESIAN_POINT ( 'NONE',  ( 0.0000000000000000000, 0.9999999999999991100, 1.850000000000004800 ) ) ;
#2207 = CARTESIAN_POINT ( 'NONE',  ( -0.6410254037844125300, -0.3700961894323189200, -0.2666666666666681100 ) ) ;
#2208 = CARTESIAN_POINT ( 'NONE',  ( -0.6410254037844125300, -0.3700961894323189200, -2.266666666666667900 ) ) ;
#2209 = CARTESIAN_POINT ( 'NONE',  ( 0.8660254037844377100, -0.5000000000000000000, -1.533333333333339700 ) ) ;
#2210 = ORIENTED_EDGE ( 'NONE', *, *, #3524, .F. ) ;
#2211 = ADVANCED_FACE ( 'NONE', ( #1223 ), #634, .F. ) ;
#2212 = CARTESIAN_POINT ( 'NONE',  ( -1.251161180115467700E-016, -1.021650635094604400, 2.812499999999989300 ) ) ;
#2213 = CARTESIAN_POINT ( 'NONE',  ( 0.0000000000000000000, 0.9999999999999991100, 0.5999999999999940900 ) ) ;
#2214 = VERTEX_POINT ( 'NONE', #3101 ) ;
#2215 = CARTESIAN_POINT ( 'NONE',  ( 0.8547005383792165600, -1.570059417833440500E-016, 0.6999999999999988500 ) ) ;
#2216 = DIRECTION ( 'NONE',  ( -1.000000000000000000, 0.0000000000000000000, 0.0000000000000000000 ) ) ;
#2217 = EDGE_CURVE ( 'NONE', #1526, #520, #1037, .T. ) ;
#2218 = CARTESIAN_POINT ( 'NONE',  ( -2.250000000000001800, -1.299038105676685100, -2.799038105676654000 ) ) ;
#2219 = CARTESIAN_POINT ( 'NONE',  ( 0.4273502691896080000, -0.7401923788646384000, 0.6333333333333321900 ) ) ;
#2220 = CARTESIAN_POINT ( 'NONE',  ( -0.8547005383792165600, 5.233531392778135700E-017, 0.4999999999999987200 ) ) ;
#2221 =( BOUNDED_CURVE ( )  B_SPLINE_CURVE ( 2, ( #532, #198, #2909, #1392, #3861, #3544, #1170, #2966, #1709 ),
 .UNSPECIFIED., .F., .F. ) 
 B_SPLINE_CURVE_WITH_KNOTS ( ( 3, 2, 2, 2, 3 ),
 ( 0.3593750000000000000, 0.3645833333333333100, 0.3750000000000000000, 0.3854166666666666900, 0.3906250000000000000 ),
 .UNSPECIFIED. ) 
 CURVE ( )  GEOMETRIC_REPRESENTATION_ITEM ( )  RATIONAL_B_SPLINE_CURVE ( ( 0.9330127018922194100, 0.9330127018922194100, 1.000000000000000000, 0.8660254037844387100, 1.000000000000000000, 0.8660254037844387100, 1.000000000000000000, 0.9330127018922194100, 0.9330127018922194100 ) ) 
 REPRESENTATION_ITEM ( '' )  );
#2222 = CARTESIAN_POINT ( 'NONE',  ( -0.5773502691896251800, 0.9999999999999991100, -1.716666666666662600 ) ) ;
#2223 = DIRECTION ( 'NONE',  ( 1.000000000000000000, 0.0000000000000000000, 0.0000000000000000000 ) ) ;
#2224 = CARTESIAN_POINT ( 'NONE',  ( 0.8847754037844326500, -0.5108253175473026500, 3.279166666666656100 ) ) ;
#2225 = B_SPLINE_CURVE_WITH_KNOTS ( 'NONE', 3,
 ( #716, #3366, #3345, #1894 ),
 .UNSPECIFIED., .F., .F.,
 ( 4, 4 ),
 ( 0.001847451184865563100, 0.001883349643192156100 ),
 .UNSPECIFIED. ) ;
#2226 = CARTESIAN_POINT ( 'NONE',  ( 0.6410254037844127500, 0.3700961894323185300, 1.933333333333332000 ) ) ;
#2227 = ADVANCED_FACE ( 'NONE', ( #51 ), #152, .F. ) ;
#2228 =( BOUNDED_CURVE ( )  B_SPLINE_CURVE ( 2, ( #2836, #3736, #1416, #3516, #2888, #1984, #1972, #3468, #1072 ),
 .UNSPECIFIED., .F., .F. ) 
 B_SPLINE_CURVE_WITH_KNOTS ( ( 3, 2, 2, 2, 3 ),
 ( 0.7031250000000000000, 0.7083333333333333700, 0.7187500000000000000, 0.7291666666666666300, 0.7343750000000000000 ),
 .UNSPECIFIED. ) 
 CURVE ( )  GEOMETRIC_REPRESENTATION_ITEM ( )  RATIONAL_B_SPLINE_CURVE ( ( 0.9330127018922194100, 0.9330127018922194100, 1.000000000000000000, 0.8660254037844387100, 1.000000000000000000, 0.8660254037844387100, 1.000000000000000000, 0.9330127018922194100, 0.9330127018922194100 ) ) 
 REPRESENTATION_ITEM ( '' )  );
#2229 = AXIS2_PLACEMENT_3D ( 'NONE', #74, #453, #3382 ) ;
#2230 = CARTESIAN_POINT ( 'NONE',  ( -0.5898502691896223600, -1.021650635094604200, -2.820833333333344400 ) ) ;
#2231 = CARTESIAN_POINT ( 'NONE',  ( 0.4273502691896080000, -0.7401923788646384000, -0.1666666666666678200 ) ) ;
#2232 = CARTESIAN_POINT ( 'NONE',  ( 0.4273502691896080000, -0.7401923788646384000, -0.5666666666666679800 ) ) ;
#2233 = ORIENTED_EDGE ( 'NONE', *, *, #3637, .F. ) ;
#2234 = CARTESIAN_POINT ( 'NONE',  ( 0.0000000000000000000, 0.7401923788646381800, -1.550000000000006900 ) ) ;
#2235 = DIRECTION ( 'NONE',  ( -1.000000000000000000, 1.776356839400250500E-015, 0.0000000000000000000 ) ) ;
#2236 = CARTESIAN_POINT ( 'NONE',  ( 0.8547005383792165600, -1.570059417833440500E-016, -2.050000000000006500 ) ) ;
#2237 = CARTESIAN_POINT ( 'NONE',  ( -0.4273502691896082200, 0.7401923788646381800, -2.716666666666673900 ) ) ;
#2238 = ORIENTED_EDGE ( 'NONE', *, *, #3598, .T. ) ;
#2239 = ORIENTED_EDGE ( 'NONE', *, *, #482, .T. ) ;
#2240 = CARTESIAN_POINT ( 'NONE',  ( -0.4273502691896085600, -0.7401923788646379600, 0.5666666666666654300 ) ) ;
#2241 = EDGE_CURVE ( 'NONE', #2466, #1717, #3514, .T. ) ;
#2242 = VERTEX_POINT ( 'NONE', #2260 ) ;
#2243 = CARTESIAN_POINT ( 'NONE',  ( -0.9999999999999991100, 0.0000000000000000000, 3.000000000000002700 ) ) ;
#2244 = CARTESIAN_POINT ( 'NONE',  ( -9.064742275298441300E-017, -0.7401923788646381800, -0.2000000000000014000 ) ) ;
#2245 = CARTESIAN_POINT ( 'NONE',  ( -0.6410254037844125300, -0.3700961894323189200, -0.2666666666666681100 ) ) ;
#2246 = VERTEX_POINT ( 'NONE', #3745 ) ;
#2247 = EDGE_CURVE ( 'NONE', #1208, #933, #2154, .T. ) ;
#2248 = FACE_OUTER_BOUND ( 'NONE', #2761, .T. ) ;
#2249 = CARTESIAN_POINT ( 'NONE',  ( 0.0000000000000000000, 0.7401923788646381800, -0.3500000000000069700 ) ) ;
#2250 = CARTESIAN_POINT ( 'NONE',  ( 0.5773502691896259500, 0.9999999999999988900, -0.6333333333333397400 ) ) ;
#2251 = CARTESIAN_POINT ( 'NONE',  ( 0.5898502691896216900, -1.021650635094604600, 2.470833333333343400 ) ) ;
#2252 = EDGE_LOOP ( 'NONE', ( #2965, #1486, #848, #2470, #952, #760 ) ) ;
#2253 = CARTESIAN_POINT ( 'NONE',  ( 0.6410254037844123100, -0.3700961894323194200, -1.683333333333340200 ) ) ;
#2254 = B_SPLINE_CURVE_WITH_KNOTS ( 'NONE', 3,
 ( #3631, #55, #959, #1254 ),
 .UNSPECIFIED., .F., .F.,
 ( 4, 4 ),
 ( 0.0000000000000000000, 3.449298080521365200E-005 ),
 .UNSPECIFIED. ) ;
#2255 =( BOUNDED_CURVE ( )  B_SPLINE_CURVE ( 2, ( #1080, #3791, #3329, #3315, #1830, #1252, #2170, #1243, #2704 ),
 .UNSPECIFIED., .F., .F. ) 
 B_SPLINE_CURVE_WITH_KNOTS ( ( 3, 2, 2, 2, 3 ),
 ( 0.6406250000000000000, 0.6458333333333332600, 0.6562500000000000000, 0.6666666666666667400, 0.6718750000000000000 ),
 .UNSPECIFIED. ) 
 CURVE ( )  GEOMETRIC_REPRESENTATION_ITEM ( )  RATIONAL_B_SPLINE_CURVE ( ( 0.9330127018922194100, 0.9330127018922194100, 1.000000000000000000, 0.8660254037844387100, 1.000000000000000000, 0.8660254037844387100, 1.000000000000000000, 0.9330127018922194100, 0.9330127018922194100 ) ) 
 REPRESENTATION_ITEM ( '' )  );
#2256 = CARTESIAN_POINT ( 'NONE',  ( 0.4273502691896087200, 0.7401923788646379600, 1.966666666666665200 ) ) ;
#2257 = ORIENTED_EDGE ( 'NONE', *, *, #633, .F. ) ;
#2258 = CARTESIAN_POINT ( 'NONE',  ( 1.506653605801022700, 1.728209346468556400, 2.980756665990578600 ) ) ;
#2259 = ORIENTED_EDGE ( 'NONE', *, *, #1863, .F. ) ;
#2260 = CARTESIAN_POINT ( 'NONE',  ( 1.125000000000010200, -1.948557158515006300, -3.000000000000002700 ) ) ;
#2261 = CARTESIAN_POINT ( 'NONE',  ( -9.064742275298441300E-017, -0.7401923788646381800, 1.399999999999998600 ) ) ;
#2262 = CARTESIAN_POINT ( 'NONE',  ( 0.6410254037844127500, 0.3700961894323185300, 0.3333333333333322000 ) ) ;
#2263 = CARTESIAN_POINT ( 'NONE',  ( -0.9999999999999991100, 0.2679491924311225800, -0.1178632794954143400 ) ) ;
#2264 = CARTESIAN_POINT ( 'NONE',  ( -0.6410254037844124200, 0.3700961894323192000, -1.483333333333340300 ) ) ;
#2265 = CARTESIAN_POINT ( 'NONE',  ( 0.9999999999999993300, 0.2679491924311219200, 0.5178632794954021200 ) ) ;
#2266 = CARTESIAN_POINT ( 'NONE',  ( 0.0000000000000000000, 0.7401923788646381800, -1.550000000000006900 ) ) ;
#2267 = CARTESIAN_POINT ( 'NONE',  ( 0.6410254037844123100, -0.3700961894323194200, -2.483333333333340100 ) ) ;
#2268 = CARTESIAN_POINT ( 'NONE',  ( 0.0000000000000000000, 0.7401923788646381800, 2.399999999999998600 ) ) ;
#2269 = ADVANCED_FACE ( 'NONE', ( #2113 ), #2293, .F. ) ;
#2270 = CARTESIAN_POINT ( 'NONE',  ( 1.124999999999992000, 1.948557158514972600, 3.000000000000002700 ) ) ;
#2271 =( BOUNDED_CURVE ( )  B_SPLINE_CURVE ( 2, ( #2198, #978, #3496, #2597, #252, #1423, #1129, #1434, #3522 ),
 .UNSPECIFIED., .F., .F. ) 
 B_SPLINE_CURVE_WITH_KNOTS ( ( 3, 2, 2, 2, 3 ),
 ( 0.7656250000000000000, 0.7708333333333333700, 0.7812500000000000000, 0.7916666666666666300, 0.7968750000000000000 ),
 .UNSPECIFIED. ) 
 CURVE ( )  GEOMETRIC_REPRESENTATION_ITEM ( )  RATIONAL_B_SPLINE_CURVE ( ( 0.9330127018922194100, 0.9330127018922194100, 1.000000000000000000, 0.8660254037844387100, 1.000000000000000000, 0.8660254037844387100, 1.000000000000000000, 0.9330127018922194100, 0.9330127018922194100 ) ) 
 REPRESENTATION_ITEM ( '' )  );
#2272 = CARTESIAN_POINT ( 'NONE',  ( 0.9999999999999991100, -4.357666448243395000E-016, -1.049999999999995800 ) ) ;
#2273 = EDGE_CURVE ( 'NONE', #236, #154, #1869, .T. ) ;
#2274 = CARTESIAN_POINT ( 'NONE',  ( -0.4273502691896082200, 0.7401923788646381800, 2.433333333333332200 ) ) ;
#2275 = CARTESIAN_POINT ( 'NONE',  ( 0.0000000000000000000, 0.7401923788646381800, 1.199999999999998800 ) ) ;
#2276 = CARTESIAN_POINT ( 'NONE',  ( 0.4273502691896080000, -0.7401923788646384000, -1.716666666666673700 ) ) ;
#2277 = CARTESIAN_POINT ( 'NONE',  ( 0.9999999999999991100, -4.357666448243395000E-016, 0.9500000000000040600 ) ) ;
#2278 = CARTESIAN_POINT ( 'NONE',  ( -0.4273502691896082200, 0.7401923788646381800, -1.916666666666673800 ) ) ;
#2279 = AXIS2_PLACEMENT_3D ( 'NONE', #1837, #1248, #1289 ) ;
#2280 = CARTESIAN_POINT ( 'NONE',  ( -0.4273502691896085600, -0.7401923788646379600, -2.183333333333340200 ) ) ;
#2281 = CARTESIAN_POINT ( 'NONE',  ( -0.8847754037844328700, 0.5108253175473023200, -2.495833333333323800 ) ) ;
#2282 = CARTESIAN_POINT ( 'NONE',  ( 0.0000000000000000000, 1.021650635094604400, -2.587500000000011000 ) ) ;
#2283 = ORIENTED_EDGE ( 'NONE', *, *, #3495, .F. ) ;
#2284 = CARTESIAN_POINT ( 'NONE',  ( -0.4273502691896085600, -0.7401923788646379600, 2.166666666666665600 ) ) ;
#2285 = CARTESIAN_POINT ( 'NONE',  ( -0.4273502691896085600, -0.7401923788646378500, 2.566666666666666000 ) ) ;
#2286 = ADVANCED_FACE ( 'NONE', ( #3235 ), #2433, .F. ) ;
#2287 = CARTESIAN_POINT ( 'NONE',  ( -0.8547005383792165600, 5.233531392778135700E-017, -0.6500000000000069100 ) ) ;
#2288 = CARTESIAN_POINT ( 'NONE',  ( -1.125000000000012700, -1.948557158515009000, 3.000000000000002700 ) ) ;
#2289 = ORIENTED_EDGE ( 'NONE', *, *, #2482, .T. ) ;
#2290 = DIRECTION ( 'NONE',  ( -0.0000000000000000000, -0.0000000000000000000, -1.000000000000000000 ) ) ;
#2291 = CARTESIAN_POINT ( 'NONE',  ( 0.4273502691896080000, -0.7401923788646384000, -2.916666666666673600 ) ) ;
#2292 = CARTESIAN_POINT ( 'NONE',  ( 0.5898502691896216900, -1.021650635094604600, -2.729166666666656700 ) ) ;
#2293 =( BOUNDED_SURFACE ( )  B_SPLINE_SURFACE ( 1, 2, ( 
 ( #1339, #1082, #775, #3146, #3187, #2230, #3780, #1990, #3448, #3172, #1394, #1965, #2282, #1382, #748, #1064, #497, #483, #3487, #2521, #3460, #470, #1370, #2860, #1042, #3436, #1634, #2550, #3729, #1660, #182, #2560, #1938, #159, #2536, #3476, #764, #2841, #1675, #3769, #1054, #3497, #3806, #1739, #1447, #3833, #556, #2895, #818, #3511, #224, #1425, #1724, #2030, #271, #2587, #1144, #3534, #258, #1711, #2353, #2323, #2334, #3525, #840, #2627, #3545, #1117, #1750, #3208, #3850, #2021, #533, #2004, #857, #569, #2640, #1133, #2934, #3222, #2042, #3238, #3794, #870, #1700, #2953, #1436, #1158, #3250, #2922, #3817, #831, #238, #1460, #212, #547, #1104, #2911, #2300, #519, #2615, #3200, #1410, #2313, #2599, #594, #2399, #2987, #2653, #1788, #924, #3588, #2096, #2978, #607, #3873, #1763, #280, #2670, #2057, #1495, #1482, #2682, #2083, #3295, #3862, #3575, #6, #1173, #909, #1776, #2376, #623, #2365, #583, #882, #1184, #323, #2967, #1197, #3263, #2693, #2072, #1471, #3560, #2390, #294, #894, #3279, #311, #1009, #425, #1614, #73, #451, #1294, #3708, #3391, #3094, #1586, #3061, #2767, #979, #2500, #415, #1282, #1893, #436, #3679, #3379, #105, #3412, #3109, #1919, #2212, #690, #2463, #2199, #1882, #3075, #3400, #3695, #129, #399, #2804, #1321, #1905, #2489, #2224, #715, #118, #1308, #2792 ),
 ( #1602, #2183, #3667, #728, #2512, #739, #1018, #2823, #1033, #3120, #1335, #1572, #3429, #86, #1626, #1865, #2171, #2476, #700, #2780, #994, #3750, #780, #3490, #768, #464, #474, #2567, #1398, #176, #146, #2581, #3135, #2849, #1359, #806, #2878, #753, #1983, #3721, #3773, #512, #1955, #2276, #1376, #2542, #1933, #1653, #2234, #1085, #2264, #187, #3164, #3177, #163, #489, #3481, #2835, #502, #2554, #1057, #2887, #2526, #1047, #3191, #3151, #791, #1098, #3467, #203, #1387, #1345, #2865, #3763, #3451, #2287, #3440, #1071, #3735, #1665, #1971, #1680, #1640, #1942, #2249, #1450, #3212, #2927, #1428, #2901, #2591, #824, #2339, #229, #1108, #1715, #262, #3515, #3203, #3810, #3242, #2939, #3536, #2033, #524, #2304, #1120, #1703, #2915, #3227, #3528, #1742, #217, #2629, #1149, #1729, #2025, #3838, #243, #3821, #1138, #2326, #557, #1160, #2603, #3253, #835, #1462, #550, #2009, #3501, #862, #2044, #273, #2620, #2356, #846, #571, #2642, #1415, #872, #3798, #2957, #1439, #1693, #3785, #1993, #2316, #539, #3578, #609, #3322, #596, #283, #298, #2402, #1225, #3876, #3852, #2410, #2970, #2672, #1187, #640, #2695, #587, #1802, #3548, #3603, #339, #1778, #2100, #1199, #2379, #1752, #1484, #2061, #926, #2086, #8, #2989, #3004, #3863, #314, #3309, #2656, #325, #2391, #896, #2713, #2367, #885, #3015 ) ),
 .UNSPECIFIED., .F., .F., .F. ) 
 B_SPLINE_SURFACE_WITH_KNOTS ( ( 2, 2 ),
 ( 3, 2, 2, 2, 2, 2, 2, 2, 2, 2, 2, 2, 2, 2, 2, 2, 2, 2, 2, 2, 2, 2, 2, 2, 2, 2, 2, 2, 2, 2, 2, 2, 2, 2, 2, 2, 2, 2, 2, 2, 2, 2, 2, 2, 2, 2, 2, 2, 2, 2, 2, 2, 2, 2, 2, 2, 2, 2, 2, 2, 2, 2, 2, 2, 2, 2, 2, 2, 2, 2, 2, 2, 2, 2, 2, 2, 2, 2, 2, 2, 2, 2, 2, 2, 2, 2, 2, 2, 2, 2, 2, 2, 2, 2, 2, 2, 3 ),
 ( 0.0000000000000000000, 1.000000000000000000 ),
 ( 0.0000000000000000000, 0.01041666666666666600, 0.02083333333333333200, 0.03125000000000000000, 0.04166666666666666400, 0.05208333333333333600, 0.06250000000000000000, 0.07291666666666667100, 0.08333333333333332900, 0.09375000000000000000, 0.1041666666666666700, 0.1145833333333333300, 0.1250000000000000000, 0.1354166666666666600, 0.1458333333333333400, 0.1562500000000000000, 0.1666666666666666600, 0.1770833333333333400, 0.1875000000000000000, 0.1979166666666666600, 0.2083333333333333400, 0.2187500000000000000, 0.2291666666666666600, 0.2395833333333333400, 0.2500000000000000000, 0.2604166666666666900, 0.2708333333333333100, 0.2812500000000000000, 0.2916666666666666900, 0.3020833333333333100, 0.3125000000000000000, 0.3229166666666666900, 0.3333333333333333100, 0.3437500000000000000, 0.3541666666666666900, 0.3645833333333333100, 0.3750000000000000000, 0.3854166666666666900, 0.3958333333333333100, 0.4062500000000000000, 0.4166666666666666900, 0.4270833333333333100, 0.4375000000000000000, 0.4479166666666666900, 0.4583333333333333100, 0.4687500000000000000, 0.4791666666666666900, 0.4895833333333333100, 0.5000000000000000000, 0.5104166666666666300, 0.5208333333333333700, 0.5312500000000000000, 0.5416666666666666300, 0.5520833333333333700, 0.5625000000000000000, 0.5729166666666666300, 0.5833333333333333700, 0.5937500000000000000, 0.6041666666666666300, 0.6145833333333333700, 0.6250000000000000000, 0.6354166666666666300, 0.6458333333333333700, 0.6562500000000000000, 0.6666666666666666300, 0.6770833333333333700, 0.6875000000000000000, 0.6979166666666666300, 0.7083333333333333700, 0.7187500000000000000, 0.7291666666666666300, 0.7395833333333333700, 0.7500000000000000000, 0.7604166666666666300, 0.7708333333333333700, 0.7812500000000000000, 0.7916666666666666300, 0.8020833333333333700, 0.8125000000000000000, 0.8229166666666666300, 0.8333333333333333700, 0.8437500000000000000, 0.8541666666666666300, 0.8645833333333333700, 0.8750000000000000000, 0.8854166666666666300, 0.8958333333333333700, 0.9062500000000000000, 0.9166666666666666300, 0.9270833333333333700, 0.9375000000000000000, 0.9479166666666666300, 0.9583333333333333700, 0.9687500000000000000, 0.9791666666666666300, 0.9895833333333333700, 1.000000000000000000 ),
 .UNSPECIFIED. ) 
 GEOMETRIC_REPRESENTATION_ITEM ( )  RATIONAL_B_SPLINE_SURFACE ( (
 ( 1.000000000000000000, 0.8660254037844387100, 1.000000000000000000, 0.8660254037844387100, 1.000000000000000000, 0.8660254037844387100, 1.000000000000000000, 0.8660254037844387100, 1.000000000000000000, 0.8660254037844387100, 1.000000000000000000, 0.8660254037844387100, 1.000000000000000000, 0.8660254037844387100, 1.000000000000000000, 0.8660254037844387100, 1.000000000000000000, 0.8660254037844387100, 1.000000000000000000, 0.8660254037844387100, 1.000000000000000000, 0.8660254037844387100, 1.000000000000000000, 0.8660254037844387100, 1.000000000000000000, 0.8660254037844387100, 1.000000000000000000, 0.8660254037844387100, 1.000000000000000000, 0.8660254037844387100, 1.000000000000000000, 0.8660254037844387100, 1.000000000000000000, 0.8660254037844387100, 1.000000000000000000, 0.8660254037844387100, 1.000000000000000000, 0.8660254037844387100, 1.000000000000000000, 0.8660254037844387100, 1.000000000000000000, 0.8660254037844387100, 1.000000000000000000, 0.8660254037844387100, 1.000000000000000000, 0.8660254037844387100, 1.000000000000000000, 0.8660254037844387100, 1.000000000000000000, 0.8660254037844387100, 1.000000000000000000, 0.8660254037844387100, 1.000000000000000000, 0.8660254037844387100, 1.000000000000000000, 0.8660254037844387100, 1.000000000000000000, 0.8660254037844387100, 1.000000000000000000, 0.8660254037844387100, 1.000000000000000000, 0.8660254037844387100, 1.000000000000000000, 0.8660254037844387100, 1.000000000000000000, 0.8660254037844387100, 1.000000000000000000, 0.8660254037844387100, 1.000000000000000000, 0.8660254037844387100, 1.000000000000000000, 0.8660254037844387100, 1.000000000000000000, 0.8660254037844387100, 1.000000000000000000, 0.8660254037844387100, 1.000000000000000000, 0.8660254037844387100, 1.000000000000000000, 0.8660254037844387100, 1.000000000000000000, 0.8660254037844387100, 1.000000000000000000, 0.8660254037844387100, 1.000000000000000000, 0.8660254037844387100, 1.000000000000000000, 0.8660254037844387100, 1.000000000000000000, 0.8660254037844387100, 1.000000000000000000, 0.8660254037844387100, 1.000000000000000000, 0.8660254037844387100, 1.000000000000000000, 0.8660254037844387100, 1.000000000000000000, 0.8660254037844387100, 1.000000000000000000, 0.8660254037844387100, 1.000000000000000000, 0.8660254037844387100, 1.000000000000000000, 0.8660254037844387100, 1.000000000000000000, 0.8660254037844387100, 1.000000000000000000, 0.8660254037844387100, 1.000000000000000000, 0.8660254037844387100, 1.000000000000000000, 0.8660254037844387100, 1.000000000000000000, 0.8660254037844387100, 1.000000000000000000, 0.8660254037844387100, 1.000000000000000000, 0.8660254037844387100, 1.000000000000000000, 0.8660254037844387100, 1.000000000000000000, 0.8660254037844387100, 1.000000000000000000, 0.8660254037844387100, 1.000000000000000000, 0.8660254037844387100, 1.000000000000000000, 0.8660254037844387100, 1.000000000000000000, 0.8660254037844387100, 1.000000000000000000, 0.8660254037844387100, 1.000000000000000000, 0.8660254037844387100, 1.000000000000000000, 0.8660254037844387100, 1.000000000000000000, 0.8660254037844387100, 1.000000000000000000, 0.8660254037844387100, 1.000000000000000000, 0.8660254037844387100, 1.000000000000000000, 0.8660254037844387100, 1.000000000000000000, 0.8660254037844387100, 1.000000000000000000, 0.8660254037844387100, 1.000000000000000000, 0.8660254037844387100, 1.000000000000000000, 0.8660254037844387100, 1.000000000000000000, 0.8660254037844387100, 1.000000000000000000, 0.8660254037844387100, 1.000000000000000000, 0.8660254037844387100, 1.000000000000000000, 0.8660254037844387100, 1.000000000000000000, 0.8660254037844387100, 1.000000000000000000, 0.8660254037844387100, 1.000000000000000000, 0.8660254037844387100, 1.000000000000000000, 0.8660254037844387100, 1.000000000000000000, 0.8660254037844387100, 1.000000000000000000, 0.8660254037844387100, 1.000000000000000000, 0.8660254037844387100, 1.000000000000000000, 0.8660254037844387100, 1.000000000000000000, 0.8660254037844387100, 1.000000000000000000, 0.8660254037844387100, 1.000000000000000000, 0.8660254037844387100, 1.000000000000000000, 0.8660254037844387100, 1.000000000000000000, 0.8660254037844387100, 1.000000000000000000, 0.8660254037844387100, 1.000000000000000000, 0.8660254037844387100, 1.000000000000000000, 0.8660254037844387100, 1.000000000000000000),
 ( 1.000000000000000000, 0.8660254037844387100, 1.000000000000000000, 0.8660254037844387100, 1.000000000000000000, 0.8660254037844387100, 1.000000000000000000, 0.8660254037844387100, 1.000000000000000000, 0.8660254037844387100, 1.000000000000000000, 0.8660254037844387100, 1.000000000000000000, 0.8660254037844387100, 1.000000000000000000, 0.8660254037844387100, 1.000000000000000000, 0.8660254037844387100, 1.000000000000000000, 0.8660254037844387100, 1.000000000000000000, 0.8660254037844387100, 1.000000000000000000, 0.8660254037844387100, 1.000000000000000000, 0.8660254037844387100, 1.000000000000000000, 0.8660254037844387100, 1.000000000000000000, 0.8660254037844387100, 1.000000000000000000, 0.8660254037844387100, 1.000000000000000000, 0.8660254037844387100, 1.000000000000000000, 0.8660254037844387100, 1.000000000000000000, 0.8660254037844387100, 1.000000000000000000, 0.8660254037844387100, 1.000000000000000000, 0.8660254037844387100, 1.000000000000000000, 0.8660254037844387100, 1.000000000000000000, 0.8660254037844387100, 1.000000000000000000, 0.8660254037844387100, 1.000000000000000000, 0.8660254037844387100, 1.000000000000000000, 0.8660254037844387100, 1.000000000000000000, 0.8660254037844387100, 1.000000000000000000, 0.8660254037844387100, 1.000000000000000000, 0.8660254037844387100, 1.000000000000000000, 0.8660254037844387100, 1.000000000000000000, 0.8660254037844387100, 1.000000000000000000, 0.8660254037844387100, 1.000000000000000000, 0.8660254037844387100, 1.000000000000000000, 0.8660254037844387100, 1.000000000000000000, 0.8660254037844387100, 1.000000000000000000, 0.8660254037844387100, 1.000000000000000000, 0.8660254037844387100, 1.000000000000000000, 0.8660254037844387100, 1.000000000000000000, 0.8660254037844387100, 1.000000000000000000, 0.8660254037844387100, 1.000000000000000000, 0.8660254037844387100, 1.000000000000000000, 0.8660254037844387100, 1.000000000000000000, 0.8660254037844387100, 1.000000000000000000, 0.8660254037844387100, 1.000000000000000000, 0.8660254037844387100, 1.000000000000000000, 0.8660254037844387100, 1.000000000000000000, 0.8660254037844387100, 1.000000000000000000, 0.8660254037844387100, 1.000000000000000000, 0.8660254037844387100, 1.000000000000000000, 0.8660254037844387100, 1.000000000000000000, 0.8660254037844387100, 1.000000000000000000, 0.8660254037844387100, 1.000000000000000000, 0.8660254037844387100, 1.000000000000000000, 0.8660254037844387100, 1.000000000000000000, 0.8660254037844387100, 1.000000000000000000, 0.8660254037844387100, 1.000000000000000000, 0.8660254037844387100, 1.000000000000000000, 0.8660254037844387100, 1.000000000000000000, 0.8660254037844387100, 1.000000000000000000, 0.8660254037844387100, 1.000000000000000000, 0.8660254037844387100, 1.000000000000000000, 0.8660254037844387100, 1.000000000000000000, 0.8660254037844387100, 1.000000000000000000, 0.8660254037844387100, 1.000000000000000000, 0.8660254037844387100, 1.000000000000000000, 0.8660254037844387100, 1.000000000000000000, 0.8660254037844387100, 1.000000000000000000, 0.8660254037844387100, 1.000000000000000000, 0.8660254037844387100, 1.000000000000000000, 0.8660254037844387100, 1.000000000000000000, 0.8660254037844387100, 1.000000000000000000, 0.8660254037844387100, 1.000000000000000000, 0.8660254037844387100, 1.000000000000000000, 0.8660254037844387100, 1.000000000000000000, 0.8660254037844387100, 1.000000000000000000, 0.8660254037844387100, 1.000000000000000000, 0.8660254037844387100, 1.000000000000000000, 0.8660254037844387100, 1.000000000000000000, 0.8660254037844387100, 1.000000000000000000, 0.8660254037844387100, 1.000000000000000000, 0.8660254037844387100, 1.000000000000000000, 0.8660254037844387100, 1.000000000000000000, 0.8660254037844387100, 1.000000000000000000, 0.8660254037844387100, 1.000000000000000000, 0.8660254037844387100, 1.000000000000000000, 0.8660254037844387100, 1.000000000000000000, 0.8660254037844387100, 1.000000000000000000, 0.8660254037844387100, 1.000000000000000000, 0.8660254037844387100, 1.000000000000000000, 0.8660254037844387100, 1.000000000000000000, 0.8660254037844387100, 1.000000000000000000, 0.8660254037844387100, 1.000000000000000000, 0.8660254037844387100, 1.000000000000000000, 0.8660254037844387100, 1.000000000000000000, 0.8660254037844387100, 1.000000000000000000, 0.8660254037844387100, 1.000000000000000000) ) ) 
 REPRESENTATION_ITEM ( '' )  SURFACE ( )  );
#2294 = ORIENTED_EDGE ( 'NONE', *, *, #2415, .F. ) ;
#2295 = FACE_OUTER_BOUND ( 'NONE', #3823, .T. ) ;
#2296 = CARTESIAN_POINT ( 'NONE',  ( 0.5773502691896259500, 0.9999999999999988900, 1.366666666666660900 ) ) ;
#2297 = EDGE_CURVE ( 'NONE', #2214, #1257, #861, .T. ) ;
#2298 = CARTESIAN_POINT ( 'NONE',  ( 0.9999999999999991100, -4.357666448243395000E-016, 0.8999999999999939200 ) ) ;
#2299 = LINE ( 'NONE', #2321, #2712 ) ;
#2300 = CARTESIAN_POINT ( 'NONE',  ( -0.8847754037844328700, 0.5108253175473023200, 0.2791666666666558500 ) ) ;
#2301 = CARTESIAN_POINT ( 'NONE',  ( 0.6410254037844123100, -0.3700961894323194200, 3.066666666666665500 ) ) ;
#2302 = CARTESIAN_POINT ( 'NONE',  ( -0.6410254037844125300, -0.3700961894323189200, 1.733333333333332300 ) ) ;
#2303 = CIRCLE ( 'NONE', #1944, 2.250000000000001800 ) ;
#2304 = CARTESIAN_POINT ( 'NONE',  ( 0.8547005383792165600, -1.570059417833440500E-016, 0.3499999999999931500 ) ) ;
#2305 = CARTESIAN_POINT ( 'NONE',  ( 0.9999999999999991100, -4.357666448243395000E-016, 2.150000000000005200 ) ) ;
#2306 = CARTESIAN_POINT ( 'NONE',  ( -2.250000000000001800, 0.8761635925114875700, 2.910166025077806800 ) ) ;
#2307 = CARTESIAN_POINT ( 'NONE',  ( 0.4273502691896087200, 0.7401923788646379600, 0.4166666666666598000 ) ) ;
#2308 = ORIENTED_EDGE ( 'NONE', *, *, #249, .F. ) ;
#2309 = CARTESIAN_POINT ( 'NONE',  ( -0.5898502691896223600, -1.021650635094604200, -2.795833333333324100 ) ) ;
#2310 = CARTESIAN_POINT ( 'NONE',  ( -0.5773502691896256200, -0.9999999999999988900, 2.816666666666671800 ) ) ;
#2311 = ORIENTED_EDGE ( 'NONE', *, *, #3542, .T. ) ;
#2312 = CARTESIAN_POINT ( 'NONE',  ( 0.6410254037844123100, -0.3700961894323194200, -1.283333333333340300 ) ) ;
#2313 = CARTESIAN_POINT ( 'NONE',  ( 0.5898502691896216900, -1.021650635094604600, 0.4458333333333223700 ) ) ;
#2314 = CARTESIAN_POINT ( 'NONE',  ( -0.6410254037844125300, -0.3700961894323189200, 2.133333333333332400 ) ) ;
#2315 = DIRECTION ( 'NONE',  ( 1.000000000000000000, 0.0000000000000000000, 0.0000000000000000000 ) ) ;
#2316 = CARTESIAN_POINT ( 'NONE',  ( -0.8547005383792165600, 5.233531392778135700E-017, 1.749999999999992700 ) ) ;
#2317 = CARTESIAN_POINT ( 'NONE',  ( 1.124999999999992200, 1.948557158514972600, -3.000000000000002700 ) ) ;
#2318 = CARTESIAN_POINT ( 'NONE',  ( -9.064742275298441300E-017, -0.7401923788646381800, 1.049999999999993600 ) ) ;
#2319 = CARTESIAN_POINT ( 'NONE',  ( 0.5898502691896216900, -1.021650635094604600, -1.929166666666657400 ) ) ;
#2320 =( BOUNDED_CURVE ( )  B_SPLINE_CURVE ( 2, ( #2698, #3016, #3323, #661, #2165, #3338, #1823, #2404, #33 ),
 .UNSPECIFIED., .F., .F. ) 
 B_SPLINE_CURVE_WITH_KNOTS ( ( 3, 2, 2, 2, 3 ),
 ( 0.07812500000000000000, 0.08333333333333332900, 0.09375000000000000000, 0.1041666666666666700, 0.1093750000000000000 ),
 .UNSPECIFIED. ) 
 CURVE ( )  GEOMETRIC_REPRESENTATION_ITEM ( )  RATIONAL_B_SPLINE_CURVE ( ( 0.9330127018922194100, 0.9330127018922194100, 1.000000000000000000, 0.8660254037844387100, 1.000000000000000000, 0.8660254037844387100, 1.000000000000000000, 0.9330127018922194100, 0.9330127018922194100 ) ) 
 REPRESENTATION_ITEM ( '' )  );
#2321 = CARTESIAN_POINT ( 'NONE',  ( -0.9999999999999991100, 0.0000000000000000000, 3.000000000000002700 ) ) ;
#2322 = EDGE_CURVE ( 'NONE', #2046, #1021, #3699, .T. ) ;
#2323 = CARTESIAN_POINT ( 'NONE',  ( -0.5898502691896218000, 1.021650635094604400, -0.9541666666666772700 ) ) ;
#2324 = CARTESIAN_POINT ( 'NONE',  ( 0.5773502691896259500, 0.9999999999999988900, -1.383333333333328900 ) ) ;
#2325 = CARTESIAN_POINT ( 'NONE',  ( -0.6410254037844125300, -0.3700961894323189200, 2.533333333333331900 ) ) ;
#2326 = CARTESIAN_POINT ( 'NONE',  ( -0.4273502691896082200, 0.7401923788646381800, 0.8833333333333262000 ) ) ;
#2327 = CARTESIAN_POINT ( 'NONE',  ( -0.9999999999999991100, 1.452555482747798400E-016, 1.550000000000004300 ) ) ;
#2328 = CARTESIAN_POINT ( 'NONE',  ( -0.1949866970473990700, -0.9117007590122521200, 2.881076391339500100 ) ) ;
#2329 = CARTESIAN_POINT ( 'NONE',  ( -9.064742275298441300E-017, -0.7401923788646381800, -0.9500000000000068400 ) ) ;
#2330 = ORIENTED_EDGE ( 'NONE', *, *, #2140, .T. ) ;
#2331 = CARTESIAN_POINT ( 'NONE',  ( 0.4273502691896080000, -0.7401923788646384000, 2.633333333333332000 ) ) ;
#2332 = ORIENTED_EDGE ( 'NONE', *, *, #799, .T. ) ;
#2333 = CARTESIAN_POINT ( 'NONE',  ( -0.5447591712686747900, 0.6407265831866153500, 2.791092164170151600 ) ) ;
#2334 = CARTESIAN_POINT ( 'NONE',  ( -0.8847754037844328700, 0.5108253175473023200, -0.9208333333333442700 ) ) ;
#2335 = CARTESIAN_POINT ( 'NONE',  ( -0.9999999999999991100, 1.452555482747798400E-016, -2.449999999999995300 ) ) ;
#2336 =( NAMED_UNIT ( * ) SI_UNIT ( $, .STERADIAN. ) SOLID_ANGLE_UNIT ( ) );
#2337 = CARTESIAN_POINT ( 'NONE',  ( -0.6410254037844125300, -0.3700961894323189200, 2.133333333333332400 ) ) ;
#2338 = VERTEX_POINT ( 'NONE', #3048 ) ;
#2339 = CARTESIAN_POINT ( 'NONE',  ( 0.6410254037844123100, -0.3700961894323194200, -0.08333333333334019800 ) ) ;
#2340 = DIRECTION ( 'NONE',  ( -1.000000000000000000, 0.0000000000000000000, 0.0000000000000000000 ) ) ;
#2341 = DIRECTION ( 'NONE',  ( -0.5000000000000003300, -0.8660254037844384900, 0.0000000000000000000 ) ) ;
#2342 = VERTEX_POINT ( 'NONE', #3337 ) ;
#2343 = CARTESIAN_POINT ( 'NONE',  ( -9.064742275298441300E-017, -0.7401923788646381800, -0.1500000000000069100 ) ) ;
#2344 = CARTESIAN_POINT ( 'NONE',  ( 0.8547005383792165600, -1.570059417833440500E-016, -0.05000000000000665000 ) ) ;
#2345 = VECTOR ( 'NONE', #186, 1000.000000000000000 ) ;
#2346 = CARTESIAN_POINT ( 'NONE',  ( 0.5898502691896225800, 1.021650635094604000, -0.9958333333333239100 ) ) ;
#2347 = FACE_OUTER_BOUND ( 'NONE', #3646, .T. ) ;
#2348 = EDGE_CURVE ( 'NONE', #657, #3432, #703, .T. ) ;
#2349 = LINE ( 'NONE', #2979, #1502 ) ;
#2350 = CARTESIAN_POINT ( 'NONE',  ( 0.9968951527541464200, 0.06715138761200818700, 2.955296013961692800 ) ) ;
#2351 = CARTESIAN_POINT ( 'NONE',  ( 0.6542162328887285400, 0.4103287776316757500, 2.721573943801843600 ) ) ;
#2352 = ORIENTED_EDGE ( 'NONE', *, *, #1446, .T. ) ;
#2353 = CARTESIAN_POINT ( 'NONE',  ( 0.0000000000000000000, 1.021650635094604400, -0.9875000000000109200 ) ) ;
#2354 = CARTESIAN_POINT ( 'NONE',  ( -0.5773502691896251800, 0.9999999999999991100, -1.316666666666662200 ) ) ;
#2355 = VERTEX_POINT ( 'NONE', #912 ) ;
#2356 = CARTESIAN_POINT ( 'NONE',  ( -0.8547005383792165600, 5.233531392778135700E-017, 1.349999999999993600 ) ) ;
#2357 = CARTESIAN_POINT ( 'NONE',  ( 2.249999999999993300, 3.004629197474293600E-015, -3.000000000000002700 ) ) ;
#2358 = CARTESIAN_POINT ( 'NONE',  ( 0.4273502691896080000, -0.7401923788646384000, 0.6833333333333265800 ) ) ;
#2359 = CARTESIAN_POINT ( 'NONE',  ( -0.4273502691896082200, 0.7401923788646381800, 0.4833333333333264500 ) ) ;
#2360 = CARTESIAN_POINT ( 'NONE',  ( 0.8847754037844333100, 0.5108253175473014300, -1.029166666666657000 ) ) ;
#2361 = CC_DESIGN_APPROVAL ( #3556, ( #1228 ) ) ;
#2362 = CARTESIAN_POINT ( 'NONE',  ( -1.043301270189199000, 0.0000000000000000000, -3.000000000000002700 ) ) ;
#2363 = CARTESIAN_POINT ( 'NONE',  ( -0.9340480779059806600, 2.058803302138226600, 3.000000000000013800 ) ) ;
#2364 = CARTESIAN_POINT ( 'NONE',  ( 0.4461879889758532100, 0.6498053765832707600, 2.737839583202943800 ) ) ;
#2365 = CARTESIAN_POINT ( 'NONE',  ( -0.5898502691896218000, 1.021650635094604400, 1.445833333333322600 ) ) ;
#2366 = ORIENTED_EDGE ( 'NONE', *, *, #830, .F. ) ;
#2367 = CARTESIAN_POINT ( 'NONE',  ( 0.6410254037844127500, 0.3700961894323185300, 3.183333333333326900 ) ) ;
#2368 = DIRECTION ( 'NONE',  ( -0.0000000000000000000, -0.0000000000000000000, -1.000000000000000000 ) ) ;
#2369 = CARTESIAN_POINT ( 'NONE',  ( 0.4273502691896080000, -0.7401923788646384000, 2.283333333333326600 ) ) ;
#2370 = CARTESIAN_POINT ( 'NONE',  ( 0.0000000000000000000, 0.7401923788646381800, 0.4499999999999933500 ) ) ;
#2371 = EDGE_CURVE ( 'NONE', #1831, #3590, #1755, .T. ) ;
#2372 = CARTESIAN_POINT ( 'NONE',  ( 0.5898502691896225800, 1.021650635094604000, -1.795833333333323600 ) ) ;
#2373 = CARTESIAN_POINT ( 'NONE',  ( 0.4273502691896087800, 0.7401923788646378500, -1.183333333333340200 ) ) ;
#2374 = CARTESIAN_POINT ( 'NONE',  ( 0.8660254037844382600, 0.4999999999999988300, 0.1833333333333379300 ) ) ;
#2375 = CARTESIAN_POINT ( 'NONE',  ( 0.7482175539761218900, 0.1063106765742094000, 2.704916283786925800 ) ) ;
#2376 = CARTESIAN_POINT ( 'NONE',  ( 0.5898502691896225800, 1.021650635094604000, 1.379166666666656200 ) ) ;
#2377 = CARTESIAN_POINT ( 'NONE',  ( -0.9999999999999991100, 0.2679491924311225800, -1.267863279495403900 ) ) ;
#2378 = CARTESIAN_POINT ( 'NONE',  ( 0.8660254037844377100, -0.5000000000000000000, 2.866666666666660500 ) ) ;
#2379 = CARTESIAN_POINT ( 'NONE',  ( -0.4273502691896085600, -0.7401923788646379600, 2.616666666666660500 ) ) ;
#2380 = ORIENTED_EDGE ( 'NONE', *, *, #555, .T. ) ;
#2381 = CARTESIAN_POINT ( 'NONE',  ( -2.250000000000001800, -0.2198835176872465400, 3.000000000000003100 ) ) ;
#2382 = CARTESIAN_POINT ( 'NONE',  ( -0.8547005383792165600, 5.233531392778135700E-017, 2.149999999999992800 ) ) ;
#2383 = CARTESIAN_POINT ( 'NONE',  ( -9.064742275298441300E-017, -0.7401923788646381800, 0.6499999999999930300 ) ) ;
#2384 = CARTESIAN_POINT ( 'NONE',  ( -0.8847754037844329800, -0.5108253175473019800, -0.02916666666665694900 ) ) ;
#2385 = VERTEX_POINT ( 'NONE', #2178 ) ;
#2386 = CARTESIAN_POINT ( 'NONE',  ( 0.9999999999999991100, -4.357666448243395000E-016, -1.100000000000006100 ) ) ;
#2387 = ORIENTED_EDGE ( 'NONE', *, *, #851, .T. ) ;
#2388 = CARTESIAN_POINT ( 'NONE',  ( 0.4273502691896087200, 0.7401923788646379600, -2.833333333333335300 ) ) ;
#2389 = FACE_OUTER_BOUND ( 'NONE', #356, .T. ) ;
#2390 = CARTESIAN_POINT ( 'NONE',  ( -0.5898502691896218000, 1.021650635094604400, 1.845833333333322600 ) ) ;
#2391 = CARTESIAN_POINT ( 'NONE',  ( 0.4273502691896080000, -0.7401923788646384000, 3.083333333333326400 ) ) ;
#2392 = CARTESIAN_POINT ( 'NONE',  ( -9.064742275298441300E-017, -0.7401923788646381800, 3.049999999999993600 ) ) ;
#2393 = CARTESIAN_POINT ( 'NONE',  ( -0.6410254037844125300, -0.3700961894323189200, -0.2166666666666735900 ) ) ;
#2394 = CYLINDRICAL_SURFACE ( 'NONE', #2279, 0.9999999999999991100 ) ;
#2395 = CARTESIAN_POINT ( 'NONE',  ( 0.8847754037844333100, 0.5108253175473014300, 0.1708333333333431300 ) ) ;
#2396 = CARTESIAN_POINT ( 'NONE',  ( -2.250000000000001800, 1.299038105676638200, -2.799038105676667800 ) ) ;
#2397 = EDGE_CURVE ( 'NONE', #1269, #755, #2349, .T. ) ;
#2398 = VERTEX_POINT ( 'NONE', #1237 ) ;
#2399 = CARTESIAN_POINT ( 'NONE',  ( 0.8847754037844333100, 0.5108253175473014300, 0.5458333333333226200 ) ) ;
#2400 = ORIENTED_EDGE ( 'NONE', *, *, #1607, .T. ) ;
#2401 = CARTESIAN_POINT ( 'NONE',  ( 1.125000000000010200, -1.948557158515006300, -3.000000000000002700 ) ) ;
#2402 = CARTESIAN_POINT ( 'NONE',  ( 0.4273502691896087200, 0.7401923788646379600, 2.016666666666659500 ) ) ;
#2403 = CARTESIAN_POINT ( 'NONE',  ( 0.0000000000000000000, 0.7401923788646381800, -1.600000000000001400 ) ) ;
#2404 = CARTESIAN_POINT ( 'NONE',  ( 0.9999999999999988900, -0.2679491924311228100, -2.667863279495403800 ) ) ;
#2405 = CARTESIAN_POINT ( 'NONE',  ( -9.064742275298441300E-017, -0.7401923788646381800, 2.249999999999993300 ) ) ;
#2406 = CARTESIAN_POINT ( 'NONE',  ( -0.8847754037844328700, 0.5108253175473023200, 1.104166666666676100 ) ) ;
#2407 = CARTESIAN_POINT ( 'NONE',  ( 0.0000000000000000000, 0.0000000000000000000, 3.000000000000002700 ) ) ;
#2408 = CARTESIAN_POINT ( 'NONE',  ( -1.224646799147352500E-016, -0.9999999999999991100, 0.3999999999999939700 ) ) ;
#2409 = CARTESIAN_POINT ( 'NONE',  ( -0.4273502691896085600, -0.7401923788646379600, -1.833333333333335000 ) ) ;
#2410 = CARTESIAN_POINT ( 'NONE',  ( -0.8547005383792165600, 5.233531392778135700E-017, 2.149999999999992800 ) ) ;
#2411 = CARTESIAN_POINT ( 'NONE',  ( -0.9999999999999991100, 1.452555482747798400E-016, -0.8499999999999956500 ) ) ;
#2412 = CARTESIAN_POINT ( 'NONE',  ( 0.4927253387672594400, -0.5523644614436935600, 2.696891108675441900 ) ) ;
#2413 = CARTESIAN_POINT ( 'NONE',  ( -0.6410254037844124200, 0.3700961894323192000, 2.116666666666660000 ) ) ;
#2414 = CARTESIAN_POINT ( 'NONE',  ( 0.4273502691896080000, -0.7401923788646384000, 1.483333333333327000 ) ) ;
#2415 = EDGE_CURVE ( 'NONE', #1537, #41, #1068, .T. ) ;
#2416 = CARTESIAN_POINT ( 'NONE',  ( 0.5898502691896216900, -1.021650635094604600, 1.670833333333342500 ) ) ;
#2417 = DIRECTION ( 'NONE',  ( -0.4999999999999996100, 0.8660254037844389300, 0.0000000000000000000 ) ) ;
#2418 = CARTESIAN_POINT ( 'NONE',  ( 0.5773502691896259500, 0.9999999999999988900, 2.566666666666660200 ) ) ;
#2419 = VERTEX_POINT ( 'NONE', #3358 ) ;
#2420 = CARTESIAN_POINT ( 'NONE',  ( 0.4273502691896087200, 0.7401923788646379600, -2.433333333333334900 ) ) ;
#2421 = ORIENTED_EDGE ( 'NONE', *, *, #2197, .T. ) ;
#2422 = ORIENTED_EDGE ( 'NONE', *, *, #1989, .F. ) ;
#2423 = CARTESIAN_POINT ( 'NONE',  ( -0.9999999999999991100, 1.452555482747798400E-016, -2.449999999999995300 ) ) ;
#2424 = CARTESIAN_POINT ( 'NONE',  ( 0.0000000000000000000, 0.0000000000000000000, 3.000000000000002700 ) ) ;
#2425 = AXIS2_PLACEMENT_3D ( 'NONE', #3401, #90, #997 ) ;
#2426 = ORIENTED_EDGE ( 'NONE', *, *, #2122, .F. ) ;
#2427 = CARTESIAN_POINT ( 'NONE',  ( 0.6410254037844127500, 0.3700961894323185300, -2.866666666666668000 ) ) ;
#2428 = CARTESIAN_POINT ( 'NONE',  ( 1.179700538379243800, -2.167074732417825400E-016, 1.337500000000009900 ) ) ;
#2429 = VECTOR ( 'NONE', #3034, 1000.000000000000000 ) ;
#2430 = CARTESIAN_POINT ( 'NONE',  ( 0.8660254037844382600, 0.4999999999999988300, -2.266666666666672800 ) ) ;
#2431 = CARTESIAN_POINT ( 'NONE',  ( 0.6410254037844123100, -0.3700961894323194200, -2.133333333333334600 ) ) ;
#2432 = VECTOR ( 'NONE', #3853, 1000.000000000000000 ) ;
#2433 = CYLINDRICAL_SURFACE ( 'NONE', #1103, 0.9999999999999991100 ) ;
#2434 = VERTEX_POINT ( 'NONE', #1287 ) ;
#2435 = CARTESIAN_POINT ( 'NONE',  ( 0.8660254037844377100, -0.5000000000000000000, -1.483333333333329200 ) ) ;
#2436 = DIRECTION ( 'NONE',  ( -0.0000000000000000000, -0.0000000000000000000, -1.000000000000000000 ) ) ;
#2437 = CARTESIAN_POINT ( 'NONE',  ( -9.064742275298441300E-017, -0.7401923788646381800, -1.800000000000001400 ) ) ;
#2438 = CARTESIAN_POINT ( 'NONE',  ( 0.4273502691896087800, 0.7401923788646378500, 1.216666666666660100 ) ) ;
#2439 = ORIENTED_EDGE ( 'NONE', *, *, #31, .F. ) ;
#2440 = CARTESIAN_POINT ( 'NONE',  ( 0.8847754037844333100, 0.5108253175473014300, 0.5708333333333433000 ) ) ;
#2441 = CARTESIAN_POINT ( 'NONE',  ( 0.8660254037844377100, -0.5000000000000000000, 2.466666666666660100 ) ) ;
#2442 = EDGE_CURVE ( 'NONE', #3727, #2342, #3700, .T. ) ;
#2443 = CARTESIAN_POINT ( 'NONE',  ( 0.9999999999999991100, 1.224646799147352200E-016, 3.000000000000002700 ) ) ;
#2444 = CARTESIAN_POINT ( 'NONE',  ( 0.4273502691896087200, 0.7401923788646379600, -0.03333333333333442900 ) ) ;
#2445 = CARTESIAN_POINT ( 'NONE',  ( 0.0000000000000000000, 0.9999999999999991100, 0.1999999999999938800 ) ) ;
#2446 = CARTESIAN_POINT ( 'NONE',  ( -0.5773502691896256200, -0.9999999999999988900, -2.383333333333328900 ) ) ;
#2447 = CARTESIAN_POINT ( 'NONE',  ( 0.8660254037844382600, 0.4999999999999988300, 2.133333333333327500 ) ) ;
#2448 = CARTESIAN_POINT ( 'NONE',  ( 0.5773502691896250600, -0.9999999999999993300, 0.03333333333332735200 ) ) ;
#2449 = CARTESIAN_POINT ( 'NONE',  ( 0.8547005383792165600, -1.570059417833440500E-016, -2.100000000000001400 ) ) ;
#2450 = CARTESIAN_POINT ( 'NONE',  ( -0.6410254037844124200, 0.3700961894323192000, 2.516666666666659900 ) ) ;
#2451 = CARTESIAN_POINT ( 'NONE',  ( -0.8847754037844329800, -0.5108253175473019800, 1.570833333333343300 ) ) ;
#2452 = CARTESIAN_POINT ( 'NONE',  ( 0.5773502691896250600, -0.9999999999999993300, 2.433333333333326900 ) ) ;
#2453 =( BOUNDED_SURFACE ( )  B_SPLINE_SURFACE ( 1, 2, ( 
 ( #2082, #1221, #1528, #2111, #1774, #363, #2986, #1518, #29, #1817, #310, #2388, #1481, #2692, #606, #3277, #3000, #1507, #2681, #19, #1196, #923, #2125, #2420, #3333, #3294, #322, #647, #1494, #1209, #3587, #3600, #2431, #2724, #1787, #1800, #3623, #656, #4, #2095, #2732, #2409, #336, #621, #638, #3012, #670, #2492, #3054, #1298, #2161, #2757, #109, #3046, #1896, #3369, #1285, #1000, #3682, #3383, #3080, #2782, #1540, #3633, #3393, #387, #705, #1256, #3355, #403, #1844, #2202, #428, #3661, #719, #1551, #1591, #2742, #56, #3648, #961, #1562, #2797, #2145, #2772, #1870, #2186, #372, #2468, #3346, #2455, #3032, #1246, #1575, #969, #2444, #683, #1853, #67, #417, #1272, #75, #2176, #693, #984, #3063, #3670, #1886, #92, #2479, #1327, #3444, #122, #2240, #3099, #469, #3112, #2215, #2532, #1645, #1657, #1038, #133, #441, #3701, #1924, #3417, #2828, #1908, #1052, #1364, #1935, #3403, #3756, #731, #3140, #3740, #1351, #2503, #1605, #1312, #2516, #2809, #784, #3125, #1337, #1022, #3726, #1618, #742, #1947, #166, #2854, #3711, #2226, #2256, #455, #3433, #1630, #153, #180, #478, #759, #2838, #2548, #1061, #772, #3156, #2268, #3457, #1960, #494, #2558, #1011, #506, #2331, #2892, #1127, #1988, #2584, #3814, #2882, #1720, #3195, #1113, #837, #3521, #3206, #2918, #2608, #1379, #3471, #3217 ),
 ( #2028, #250, #3493, #553, #1089, #1432, #2571, #1671, #3484, #796, #1403, #2623, #3767, #2596, #1697, #2015, #1976, #2309, #3168, #2292, #2870, #1076, #1420, #813, #193, #209, #2281, #3181, #234, #1391, #1685, #3777, #1102, #3788, #221, #516, #1999, #528, #828, #2906, #3506, #1706, #3802, #2319, #543, #2945, #2038, #2372, #3272, #1490, #877, #3844, #3826, #3531, #1746, #1154, #2648, #1733, #890, #1193, #1759, #3233, #3585, #564, #2976, #3571, #1182, #267, #1443, #1141, #2360, #2346, #615, #2963, #1165, #2635, #3555, #867, #577, #1478, #1771, #2679, #3248, #2050, #3868, #1456, #3259, #3541, #1467, #3884, #2080, #276, #3857, #306, #903, #2067, #288, #2091, #592, #2663, #2384, #602, #2983, #3289, #318, #1783, #2395, #853, #2931, #3643, #2703, #1549, #3021, #947, #666, #3352, #3029, #2738, #2440, #1205, #3304, #957, #27, #368, #930, #3010, #37, #1503, #1851, #64, #3328, #2155, #1217, #3043, #2406, #3595, #3314, #331, #1232, #379, #1797, #2428, #1525, #1840, #16, #2131, #2995, #2121, #2451, #1251, #1242, #2416, #2688, #1810, #921, #2107, #52, #635, #1513, #3608, #937, #645, #361, #346, #2719, #3621, #1829, #653, #3343, #2731, #1536, #3629, #2141, #2766, #1864, #2251, #3152, #1377, #756, #3723, #3657, #3364, #1569, #977, #2528, #1559, #769, #1074, #1642, #3051, #3469, #397, #2851 ) ),
 .UNSPECIFIED., .F., .F., .F. ) 
 B_SPLINE_SURFACE_WITH_KNOTS ( ( 2, 2 ),
 ( 3, 2, 2, 2, 2, 2, 2, 2, 2, 2, 2, 2, 2, 2, 2, 2, 2, 2, 2, 2, 2, 2, 2, 2, 2, 2, 2, 2, 2, 2, 2, 2, 2, 2, 2, 2, 2, 2, 2, 2, 2, 2, 2, 2, 2, 2, 2, 2, 2, 2, 2, 2, 2, 2, 2, 2, 2, 2, 2, 2, 2, 2, 2, 2, 2, 2, 2, 2, 2, 2, 2, 2, 2, 2, 2, 2, 2, 2, 2, 2, 2, 2, 2, 2, 2, 2, 2, 2, 2, 2, 2, 2, 2, 2, 2, 2, 3 ),
 ( 0.0000000000000000000, 1.000000000000000000 ),
 ( 0.0000000000000000000, 0.01041666666666666600, 0.02083333333333333200, 0.03125000000000000000, 0.04166666666666666400, 0.05208333333333333600, 0.06250000000000000000, 0.07291666666666667100, 0.08333333333333332900, 0.09375000000000000000, 0.1041666666666666700, 0.1145833333333333300, 0.1250000000000000000, 0.1354166666666666600, 0.1458333333333333400, 0.1562500000000000000, 0.1666666666666666600, 0.1770833333333333400, 0.1875000000000000000, 0.1979166666666666600, 0.2083333333333333400, 0.2187500000000000000, 0.2291666666666666600, 0.2395833333333333400, 0.2500000000000000000, 0.2604166666666666900, 0.2708333333333333100, 0.2812500000000000000, 0.2916666666666666900, 0.3020833333333333100, 0.3125000000000000000, 0.3229166666666666900, 0.3333333333333333100, 0.3437500000000000000, 0.3541666666666666900, 0.3645833333333333100, 0.3750000000000000000, 0.3854166666666666900, 0.3958333333333333100, 0.4062500000000000000, 0.4166666666666666900, 0.4270833333333333100, 0.4375000000000000000, 0.4479166666666666900, 0.4583333333333333100, 0.4687500000000000000, 0.4791666666666666900, 0.4895833333333333100, 0.5000000000000000000, 0.5104166666666666300, 0.5208333333333333700, 0.5312500000000000000, 0.5416666666666666300, 0.5520833333333333700, 0.5625000000000000000, 0.5729166666666666300, 0.5833333333333333700, 0.5937500000000000000, 0.6041666666666666300, 0.6145833333333333700, 0.6250000000000000000, 0.6354166666666666300, 0.6458333333333333700, 0.6562500000000000000, 0.6666666666666666300, 0.6770833333333333700, 0.6875000000000000000, 0.6979166666666666300, 0.7083333333333333700, 0.7187500000000000000, 0.7291666666666666300, 0.7395833333333333700, 0.7500000000000000000, 0.7604166666666666300, 0.7708333333333333700, 0.7812500000000000000, 0.7916666666666666300, 0.8020833333333333700, 0.8125000000000000000, 0.8229166666666666300, 0.8333333333333333700, 0.8437500000000000000, 0.8541666666666666300, 0.8645833333333333700, 0.8750000000000000000, 0.8854166666666666300, 0.8958333333333333700, 0.9062500000000000000, 0.9166666666666666300, 0.9270833333333333700, 0.9375000000000000000, 0.9479166666666666300, 0.9583333333333333700, 0.9687500000000000000, 0.9791666666666666300, 0.9895833333333333700, 1.000000000000000000 ),
 .UNSPECIFIED. ) 
 GEOMETRIC_REPRESENTATION_ITEM ( )  RATIONAL_B_SPLINE_SURFACE ( (
 ( 1.000000000000000000, 0.8660254037844387100, 1.000000000000000000, 0.8660254037844387100, 1.000000000000000000, 0.8660254037844387100, 1.000000000000000000, 0.8660254037844387100, 1.000000000000000000, 0.8660254037844387100, 1.000000000000000000, 0.8660254037844387100, 1.000000000000000000, 0.8660254037844387100, 1.000000000000000000, 0.8660254037844387100, 1.000000000000000000, 0.8660254037844387100, 1.000000000000000000, 0.8660254037844387100, 1.000000000000000000, 0.8660254037844387100, 1.000000000000000000, 0.8660254037844387100, 1.000000000000000000, 0.8660254037844387100, 1.000000000000000000, 0.8660254037844387100, 1.000000000000000000, 0.8660254037844387100, 1.000000000000000000, 0.8660254037844387100, 1.000000000000000000, 0.8660254037844387100, 1.000000000000000000, 0.8660254037844387100, 1.000000000000000000, 0.8660254037844387100, 1.000000000000000000, 0.8660254037844387100, 1.000000000000000000, 0.8660254037844387100, 1.000000000000000000, 0.8660254037844387100, 1.000000000000000000, 0.8660254037844387100, 1.000000000000000000, 0.8660254037844387100, 1.000000000000000000, 0.8660254037844387100, 1.000000000000000000, 0.8660254037844387100, 1.000000000000000000, 0.8660254037844387100, 1.000000000000000000, 0.8660254037844387100, 1.000000000000000000, 0.8660254037844387100, 1.000000000000000000, 0.8660254037844387100, 1.000000000000000000, 0.8660254037844387100, 1.000000000000000000, 0.8660254037844387100, 1.000000000000000000, 0.8660254037844387100, 1.000000000000000000, 0.8660254037844387100, 1.000000000000000000, 0.8660254037844387100, 1.000000000000000000, 0.8660254037844387100, 1.000000000000000000, 0.8660254037844387100, 1.000000000000000000, 0.8660254037844387100, 1.000000000000000000, 0.8660254037844387100, 1.000000000000000000, 0.8660254037844387100, 1.000000000000000000, 0.8660254037844387100, 1.000000000000000000, 0.8660254037844387100, 1.000000000000000000, 0.8660254037844387100, 1.000000000000000000, 0.8660254037844387100, 1.000000000000000000, 0.8660254037844387100, 1.000000000000000000, 0.8660254037844387100, 1.000000000000000000, 0.8660254037844387100, 1.000000000000000000, 0.8660254037844387100, 1.000000000000000000, 0.8660254037844387100, 1.000000000000000000, 0.8660254037844387100, 1.000000000000000000, 0.8660254037844387100, 1.000000000000000000, 0.8660254037844387100, 1.000000000000000000, 0.8660254037844387100, 1.000000000000000000, 0.8660254037844387100, 1.000000000000000000, 0.8660254037844387100, 1.000000000000000000, 0.8660254037844387100, 1.000000000000000000, 0.8660254037844387100, 1.000000000000000000, 0.8660254037844387100, 1.000000000000000000, 0.8660254037844387100, 1.000000000000000000, 0.8660254037844387100, 1.000000000000000000, 0.8660254037844387100, 1.000000000000000000, 0.8660254037844387100, 1.000000000000000000, 0.8660254037844387100, 1.000000000000000000, 0.8660254037844387100, 1.000000000000000000, 0.8660254037844387100, 1.000000000000000000, 0.8660254037844387100, 1.000000000000000000, 0.8660254037844387100, 1.000000000000000000, 0.8660254037844387100, 1.000000000000000000, 0.8660254037844387100, 1.000000000000000000, 0.8660254037844387100, 1.000000000000000000, 0.8660254037844387100, 1.000000000000000000, 0.8660254037844387100, 1.000000000000000000, 0.8660254037844387100, 1.000000000000000000, 0.8660254037844387100, 1.000000000000000000, 0.8660254037844387100, 1.000000000000000000, 0.8660254037844387100, 1.000000000000000000, 0.8660254037844387100, 1.000000000000000000, 0.8660254037844387100, 1.000000000000000000, 0.8660254037844387100, 1.000000000000000000, 0.8660254037844387100, 1.000000000000000000, 0.8660254037844387100, 1.000000000000000000, 0.8660254037844387100, 1.000000000000000000, 0.8660254037844387100, 1.000000000000000000, 0.8660254037844387100, 1.000000000000000000, 0.8660254037844387100, 1.000000000000000000, 0.8660254037844387100, 1.000000000000000000, 0.8660254037844387100, 1.000000000000000000, 0.8660254037844387100, 1.000000000000000000, 0.8660254037844387100, 1.000000000000000000, 0.8660254037844387100, 1.000000000000000000, 0.8660254037844387100, 1.000000000000000000, 0.8660254037844387100, 1.000000000000000000, 0.8660254037844387100, 1.000000000000000000, 0.8660254037844387100, 1.000000000000000000, 0.8660254037844387100, 1.000000000000000000, 0.8660254037844387100, 1.000000000000000000),
 ( 1.000000000000000000, 0.8660254037844387100, 1.000000000000000000, 0.8660254037844387100, 1.000000000000000000, 0.8660254037844387100, 1.000000000000000000, 0.8660254037844387100, 1.000000000000000000, 0.8660254037844387100, 1.000000000000000000, 0.8660254037844387100, 1.000000000000000000, 0.8660254037844387100, 1.000000000000000000, 0.8660254037844387100, 1.000000000000000000, 0.8660254037844387100, 1.000000000000000000, 0.8660254037844387100, 1.000000000000000000, 0.8660254037844387100, 1.000000000000000000, 0.8660254037844387100, 1.000000000000000000, 0.8660254037844387100, 1.000000000000000000, 0.8660254037844387100, 1.000000000000000000, 0.8660254037844387100, 1.000000000000000000, 0.8660254037844387100, 1.000000000000000000, 0.8660254037844387100, 1.000000000000000000, 0.8660254037844387100, 1.000000000000000000, 0.8660254037844387100, 1.000000000000000000, 0.8660254037844387100, 1.000000000000000000, 0.8660254037844387100, 1.000000000000000000, 0.8660254037844387100, 1.000000000000000000, 0.8660254037844387100, 1.000000000000000000, 0.8660254037844387100, 1.000000000000000000, 0.8660254037844387100, 1.000000000000000000, 0.8660254037844387100, 1.000000000000000000, 0.8660254037844387100, 1.000000000000000000, 0.8660254037844387100, 1.000000000000000000, 0.8660254037844387100, 1.000000000000000000, 0.8660254037844387100, 1.000000000000000000, 0.8660254037844387100, 1.000000000000000000, 0.8660254037844387100, 1.000000000000000000, 0.8660254037844387100, 1.000000000000000000, 0.8660254037844387100, 1.000000000000000000, 0.8660254037844387100, 1.000000000000000000, 0.8660254037844387100, 1.000000000000000000, 0.8660254037844387100, 1.000000000000000000, 0.8660254037844387100, 1.000000000000000000, 0.8660254037844387100, 1.000000000000000000, 0.8660254037844387100, 1.000000000000000000, 0.8660254037844387100, 1.000000000000000000, 0.8660254037844387100, 1.000000000000000000, 0.8660254037844387100, 1.000000000000000000, 0.8660254037844387100, 1.000000000000000000, 0.8660254037844387100, 1.000000000000000000, 0.8660254037844387100, 1.000000000000000000, 0.8660254037844387100, 1.000000000000000000, 0.8660254037844387100, 1.000000000000000000, 0.8660254037844387100, 1.000000000000000000, 0.8660254037844387100, 1.000000000000000000, 0.8660254037844387100, 1.000000000000000000, 0.8660254037844387100, 1.000000000000000000, 0.8660254037844387100, 1.000000000000000000, 0.8660254037844387100, 1.000000000000000000, 0.8660254037844387100, 1.000000000000000000, 0.8660254037844387100, 1.000000000000000000, 0.8660254037844387100, 1.000000000000000000, 0.8660254037844387100, 1.000000000000000000, 0.8660254037844387100, 1.000000000000000000, 0.8660254037844387100, 1.000000000000000000, 0.8660254037844387100, 1.000000000000000000, 0.8660254037844387100, 1.000000000000000000, 0.8660254037844387100, 1.000000000000000000, 0.8660254037844387100, 1.000000000000000000, 0.8660254037844387100, 1.000000000000000000, 0.8660254037844387100, 1.000000000000000000, 0.8660254037844387100, 1.000000000000000000, 0.8660254037844387100, 1.000000000000000000, 0.8660254037844387100, 1.000000000000000000, 0.8660254037844387100, 1.000000000000000000, 0.8660254037844387100, 1.000000000000000000, 0.8660254037844387100, 1.000000000000000000, 0.8660254037844387100, 1.000000000000000000, 0.8660254037844387100, 1.000000000000000000, 0.8660254037844387100, 1.000000000000000000, 0.8660254037844387100, 1.000000000000000000, 0.8660254037844387100, 1.000000000000000000, 0.8660254037844387100, 1.000000000000000000, 0.8660254037844387100, 1.000000000000000000, 0.8660254037844387100, 1.000000000000000000, 0.8660254037844387100, 1.000000000000000000, 0.8660254037844387100, 1.000000000000000000, 0.8660254037844387100, 1.000000000000000000, 0.8660254037844387100, 1.000000000000000000, 0.8660254037844387100, 1.000000000000000000, 0.8660254037844387100, 1.000000000000000000, 0.8660254037844387100, 1.000000000000000000, 0.8660254037844387100, 1.000000000000000000, 0.8660254037844387100, 1.000000000000000000, 0.8660254037844387100, 1.000000000000000000, 0.8660254037844387100, 1.000000000000000000, 0.8660254037844387100, 1.000000000000000000, 0.8660254037844387100, 1.000000000000000000, 0.8660254037844387100, 1.000000000000000000, 0.8660254037844387100, 1.000000000000000000, 0.8660254037844387100, 1.000000000000000000) ) ) 
 REPRESENTATION_ITEM ( '' )  SURFACE ( )  );
#2454 = CARTESIAN_POINT ( 'NONE',  ( 0.9999999999999991100, -4.357666448243395000E-016, -2.300000000000006000 ) ) ;
#2455 = CARTESIAN_POINT ( 'NONE',  ( -9.064742275298441300E-017, -0.7401923788646381800, -0.2000000000000014000 ) ) ;
#2456 = CARTESIAN_POINT ( 'NONE',  ( 0.8660254037844382600, 0.4999999999999988300, 0.1333333333333272000 ) ) ;
#2457 =( BOUNDED_CURVE ( )  B_SPLINE_CURVE ( 2, ( #2005, #3535, #1740, #2935, #1437, #3526, #259, #3834, #2335 ),
 .UNSPECIFIED., .F., .F. ) 
 B_SPLINE_CURVE_WITH_KNOTS ( ( 3, 2, 2, 2, 3 ),
 ( 0.1093750000000000000, 0.1145833333333333300, 0.1250000000000000000, 0.1354166666666666600, 0.1406250000000000000 ),
 .UNSPECIFIED. ) 
 CURVE ( )  GEOMETRIC_REPRESENTATION_ITEM ( )  RATIONAL_B_SPLINE_CURVE ( ( 0.9330127018922194100, 0.9330127018922194100, 1.000000000000000000, 0.8660254037844387100, 1.000000000000000000, 0.8660254037844387100, 1.000000000000000000, 0.9330127018922194100, 0.9330127018922194100 ) ) 
 REPRESENTATION_ITEM ( '' )  );
#2458 = DIRECTION ( 'NONE',  ( -1.000000000000000000, 0.0000000000000000000, 0.0000000000000000000 ) ) ;
#2459 = CARTESIAN_POINT ( 'NONE',  ( -0.4273502691896082200, 0.7401923788646381800, -1.166666666666667600 ) ) ;
#2460 = CARTESIAN_POINT ( 'NONE',  ( 0.4273502691896087800, 0.7401923788646378500, -2.433333333333334500 ) ) ;
#2461 = EDGE_CURVE ( 'NONE', #3124, #236, #3088, .T. ) ;
#2462 = EDGE_LOOP ( 'NONE', ( #1998, #706, #803, #1166 ) ) ;
#2463 = CARTESIAN_POINT ( 'NONE',  ( 0.8847754037844326500, -0.5108253175473026500, 2.879166666666655800 ) ) ;
#2464 = CARTESIAN_POINT ( 'NONE',  ( 0.9999999999999988900, -0.2679491924311228100, 2.482136720504585400 ) ) ;
#2465 = B_SPLINE_CURVE_WITH_KNOTS ( 'NONE', 3,
 ( #2189, #111, #1002, #1911 ),
 .UNSPECIFIED., .F., .F.,
 ( 4, 4 ),
 ( 2.380746839934249400E-007, 0.001314652396222785000 ),
 .UNSPECIFIED. ) ;
#2466 = VERTEX_POINT ( 'NONE', #972 ) ;
#2467 = ORIENTED_EDGE ( 'NONE', *, *, #2893, .F. ) ;
#2468 = CARTESIAN_POINT ( 'NONE',  ( -0.6410254037844125300, -0.3700961894323189200, -0.2666666666666681100 ) ) ;
#2469 = AXIS2_PLACEMENT_3D ( 'NONE', #408, #1900, #735 ) ;
#2470 = ORIENTED_EDGE ( 'NONE', *, *, #2509, .T. ) ;
#2471 = CARTESIAN_POINT ( 'NONE',  ( 0.0000000000000000000, 0.0000000000000000000, 3.000000000000002700 ) ) ;
#2472 = CARTESIAN_POINT ( 'NONE',  ( 0.6410254037844123100, -0.3700961894323194200, -2.133333333333334600 ) ) ;
#2473 = CARTESIAN_POINT ( 'NONE',  ( 0.6410254037844127500, 0.3700961894323185300, -0.8666666666666679200 ) ) ;
#2474 = CARTESIAN_POINT ( 'NONE',  ( 0.8660254037844382600, 0.4999999999999988300, 0.9833333333333373900 ) ) ;
#2475 = LINE ( 'NONE', #3262, #2014 ) ;
#2476 = CARTESIAN_POINT ( 'NONE',  ( -0.4273502691896085600, -0.7401923788646379600, -2.583333333333340100 ) ) ;
#2477 = CARTESIAN_POINT ( 'NONE',  ( -0.9999999999999991100, 1.452555482747798400E-016, 2.299999999999994000 ) ) ;
#2478 = VERTEX_POINT ( 'NONE', #1530 ) ;
#2479 = CARTESIAN_POINT ( 'NONE',  ( -0.4273502691896082200, 0.7401923788646381800, 0.4333333333333320200 ) ) ;
#2480 = ORIENTED_EDGE ( 'NONE', *, *, #3870, .F. ) ;
#2481 = DIRECTION ( 'NONE',  ( 0.0000000000000000000, 0.0000000000000000000, 1.000000000000000000 ) ) ;
#2482 = EDGE_CURVE ( 'NONE', #2051, #2193, #3796, .T. ) ;
#2483 = ORIENTED_EDGE ( 'NONE', *, *, #1338, .F. ) ;
#2484 = CARTESIAN_POINT ( 'NONE',  ( 0.9999999999999991100, -4.357666448243395000E-016, 1.750000000000004700 ) ) ;
#2485 = CARTESIAN_POINT ( 'NONE',  ( 0.9999999999999991100, -4.357666448243395000E-016, 0.09999999999999392700 ) ) ;
#2486 = CARTESIAN_POINT ( 'NONE',  ( 0.6410254037844123100, -0.3700961894323194200, 0.2666666666666655000 ) ) ;
#2487 = CARTESIAN_POINT ( 'NONE',  ( 0.4273502691896087800, 0.7401923788646378500, -1.633333333333334600 ) ) ;
#2488 = CARTESIAN_POINT ( 'NONE',  ( 0.9999999999999993300, 0.2679491924311219200, -1.832136720504587500 ) ) ;
#2489 = CARTESIAN_POINT ( 'NONE',  ( 0.5898502691896216900, -1.021650635094604600, 3.245833333333322500 ) ) ;
#2490 = AXIS2_PLACEMENT_3D ( 'NONE', #490, #3722, #1010 ) ;
#2491 = CARTESIAN_POINT ( 'NONE',  ( -1.508335473232663000, 1.727238319854157900, 3.000000000000014200 ) ) ;
#2492 = CARTESIAN_POINT ( 'NONE',  ( 0.4273502691896087200, 0.7401923788646379600, -1.633333333333334600 ) ) ;
#2493 = ADVANCED_FACE ( 'NONE', ( #2908 ), #3042, .F. ) ;
#2494 = AXIS2_PLACEMENT_3D ( 'NONE', #1381, #508, #1115 ) ;
#2495 = CARTESIAN_POINT ( 'NONE',  ( 0.0000000000000000000, 0.0000000000000000000, 3.000000000000002700 ) ) ;
#2496 = CARTESIAN_POINT ( 'NONE',  ( 0.9999999999999993300, 0.2679491924311219200, 1.767863279495412600 ) ) ;
#2497 = CARTESIAN_POINT ( 'NONE',  ( 0.6410254037844127500, 0.3700961894323185300, -0.4666666666666681700 ) ) ;
#2498 = CARTESIAN_POINT ( 'NONE',  ( -0.9999999999999991100, -0.2679491924311222500, 0.7678632794954126700 ) ) ;
#2499 = CARTESIAN_POINT ( 'NONE',  ( -1.224646799147352500E-016, -0.9999999999999991100, -1.149999999999995700 ) ) ;
#2500 = CARTESIAN_POINT ( 'NONE',  ( 0.5898502691896216900, -1.021650635094604600, 2.445833333333322200 ) ) ;
#2501 = CARTESIAN_POINT ( 'NONE',  ( 0.5773502691896259500, 0.9999999999999988900, 0.5666666666666605500 ) ) ;
#2502 = CARTESIAN_POINT ( 'NONE',  ( 0.0000000000000000000, 0.0000000000000000000, -3.000000000000002700 ) ) ;
#2503 = CARTESIAN_POINT ( 'NONE',  ( -9.064742275298441300E-017, -0.7401923788646381800, 1.399999999999998600 ) ) ;
#2504 = ORIENTED_EDGE ( 'NONE', *, *, #945, .T. ) ;
#2505 = VERTEX_POINT ( 'NONE', #157 ) ;
#2506 = CARTESIAN_POINT ( 'NONE',  ( 0.6410254037844123100, -0.3700961894323194200, -0.5333333333333344400 ) ) ;
#2507 = CARTESIAN_POINT ( 'NONE',  ( 0.6410254037844123100, -0.3700961894323194200, -0.1333333333333346900 ) ) ;
#2508 = CARTESIAN_POINT ( 'NONE',  ( -0.8660254037844378200, 0.4999999999999996700, -1.683333333333328700 ) ) ;
#2509 = EDGE_CURVE ( 'NONE', #2434, #520, #998, .T. ) ;
#2510 = ADVANCED_FACE ( 'NONE', ( #579 ), #3837, .F. ) ;
#2511 = CARTESIAN_POINT ( 'NONE',  ( 0.9999999999999988900, -0.2679491924311228100, -2.717863279495414300 ) ) ;
#2512 = CARTESIAN_POINT ( 'NONE',  ( -0.6410254037844125300, -0.3700961894323189200, -3.016666666666673700 ) ) ;
#2513 = CARTESIAN_POINT ( 'NONE',  ( 0.9999999999999991100, -4.357666448243395000E-016, 0.4999999999999938400 ) ) ;
#2514 = ORIENTED_EDGE ( 'NONE', *, *, #1638, .F. ) ;
#2515 = B_SPLINE_CURVE_WITH_KNOTS ( 'NONE', 3,
 ( #3261, #1156, #1469, #2999 ),
 .UNSPECIFIED., .F., .F.,
 ( 4, 4 ),
 ( 3.449298080521365200E-005, 0.0005899684592986586400 ),
 .UNSPECIFIED. ) ;
#2516 = CARTESIAN_POINT ( 'NONE',  ( 0.8547005383792165600, -1.570059417833440500E-016, 1.499999999999998900 ) ) ;
#2517 = FACE_OUTER_BOUND ( 'NONE', #1736, .T. ) ;
#2518 = CONICAL_SURFACE ( 'NONE', #438, 1.043301270189199000, 0.7853981633974500600 ) ;
#2519 = DIRECTION ( 'NONE',  ( -1.000000000000000000, 0.0000000000000000000, 0.0000000000000000000 ) ) ;
#2520 = CONICAL_SURFACE ( 'NONE', #3547, 2.250000000000001800, 1.047197551196600100 ) ;
#2521 = CARTESIAN_POINT ( 'NONE',  ( 0.5898502691896216900, -1.021650635094604600, -2.354166666666677600 ) ) ;
#2522 = CARTESIAN_POINT ( 'NONE',  ( 0.0000000000000000000, 0.7401923788646381800, -0.4000000000000014700 ) ) ;
#2523 = CARTESIAN_POINT ( 'NONE',  ( -9.064742275298441300E-017, -0.7401923788646381800, 0.9999999999999991100 ) ) ;
#2524 = CARTESIAN_POINT ( 'NONE',  ( -0.9999999999999991100, 1.452555482747798400E-016, -0.1000000000000061500 ) ) ;
#2525 = EDGE_LOOP ( 'NONE', ( #2283, #3737, #1461, #1326 ) ) ;
#2526 = CARTESIAN_POINT ( 'NONE',  ( -0.6410254037844124200, 0.3700961894323192000, -1.083333333333340100 ) ) ;
#2527 = CARTESIAN_POINT ( 'NONE',  ( 0.0000000000000000000, 0.0000000000000000000, 3.000000000000002700 ) ) ;
#2528 = CARTESIAN_POINT ( 'NONE',  ( -0.8847754037844329800, -0.5108253175473019800, 2.770833333333342800 ) ) ;
#2529 = CARTESIAN_POINT ( 'NONE',  ( 0.4273502691896087200, 0.7401923788646379600, -1.983333333333340300 ) ) ;
#2530 = VERTEX_POINT ( 'NONE', #3086 ) ;
#2531 =( BOUNDED_CURVE ( )  B_SPLINE_CURVE ( 2, ( #2059, #1176, #338 ),
 .UNSPECIFIED., .F., .F. ) 
 B_SPLINE_CURVE_WITH_KNOTS ( ( 3, 3 ),
 ( 0.9843750000000000000, 0.9853540399691110800 ),
 .UNSPECIFIED. ) 
 CURVE ( )  GEOMETRIC_REPRESENTATION_ITEM ( )  RATIONAL_B_SPLINE_CURVE ( ( 0.9330127018922194100, 0.9330127018922194100, 0.9353796882935135900 ) ) 
 REPRESENTATION_ITEM ( '' )  );
#2532 = CARTESIAN_POINT ( 'NONE',  ( 0.6410254037844127500, 0.3700961894323185300, 0.7333333333333323900 ) ) ;
#2533 = ADVANCED_FACE ( 'NONE', ( #1541 ), #2, .F. ) ;
#2534 = CARTESIAN_POINT ( 'NONE',  ( 1.315951922094003900, 1.838311014891718300, 3.000000000000015100 ) ) ;
#2535 = EDGE_CURVE ( 'NONE', #1021, #1526, #3790, .T. ) ;
#2536 = CARTESIAN_POINT ( 'NONE',  ( 0.8847754037844333100, 0.5108253175473014300, -1.854166666666677600 ) ) ;
#2537 = CARTESIAN_POINT ( 'NONE',  ( 0.8660254037844382600, 0.4999999999999988300, -2.666666666666673200 ) ) ;
#2538 = CARTESIAN_POINT ( 'NONE',  ( 0.4273502691896087200, 0.7401923788646379600, -0.4333333333333346200 ) ) ;
#2539 = CARTESIAN_POINT ( 'NONE',  ( 0.4273502691896087800, 0.7401923788646378500, 0.7666666666666656100 ) ) ;
#2540 = CARTESIAN_POINT ( 'NONE',  ( 0.0000000000000000000, 0.9999999999999991100, -0.2000000000000063100 ) ) ;
#2541 = ORIENTED_EDGE ( 'NONE', *, *, #137, .T. ) ;
#2542 = CARTESIAN_POINT ( 'NONE',  ( 0.8547005383792165600, -1.570059417833440500E-016, -1.650000000000007000 ) ) ;
#2543 = DIRECTION ( 'NONE',  ( -1.000000000000000000, 0.0000000000000000000, 0.0000000000000000000 ) ) ;
#2544 = CARTESIAN_POINT ( 'NONE',  ( 0.0000000000000000000, 0.7401923788646381800, -2.350000000000007200 ) ) ;
#2545 = AXIS2_PLACEMENT_3D ( 'NONE', #2088, #3592, #2191 ) ;
#2546 = CARTESIAN_POINT ( 'NONE',  ( 0.4273502691896080000, -0.7401923788646384000, -2.116666666666673800 ) ) ;
#2547 = B_SPLINE_CURVE_WITH_KNOTS ( 'NONE', 3,
 ( #741, #1036, #1906, #692, #1284, #1884 ),
 .UNSPECIFIED., .F., .F.,
 ( 4, 2, 4 ),
 ( 0.009188890526615910500, 0.009846030576132914400, 0.01050317062564992000 ),
 .UNSPECIFIED. ) ;
#2548 = CARTESIAN_POINT ( 'NONE',  ( 0.6410254037844123100, -0.3700961894323194200, 2.266666666666665300 ) ) ;
#2549 = CARTESIAN_POINT ( 'NONE',  ( 0.9999999999999988900, -0.2679491924311228100, 0.8821367205045854700 ) ) ;
#2550 = CARTESIAN_POINT ( 'NONE',  ( -1.179700538379243800, 7.223582441392750400E-017, -2.087500000000011000 ) ) ;
#2551 = CARTESIAN_POINT ( 'NONE',  ( 0.0000000000000000000, 0.7401923788646381800, 1.999999999999999100 ) ) ;
#2552 = CARTESIAN_POINT ( 'NONE',  ( -0.8547005383792165600, 5.233531392778135700E-017, 0.8999999999999988000 ) ) ;
#2553 = ADVANCED_FACE ( 'NONE', ( #2060 ), #144, .F. ) ;
#2554 = CARTESIAN_POINT ( 'NONE',  ( 0.4273502691896087200, 0.7401923788646379600, -1.183333333333340200 ) ) ;
#2555 = CARTESIAN_POINT ( 'NONE',  ( 0.4273502691896087800, 0.7401923788646378500, -2.383333333333340400 ) ) ;
#2556 = CARTESIAN_POINT ( 'NONE',  ( 0.6410254037844127500, 0.3700961894323185300, -1.216666666666673700 ) ) ;
#2557 = ORIENTED_EDGE ( 'NONE', *, *, #2322, .F. ) ;
#2558 = CARTESIAN_POINT ( 'NONE',  ( -0.6410254037844125300, -0.3700961894323189200, 2.533333333333331900 ) ) ;
#2559 = VERTEX_POINT ( 'NONE', #721 ) ;
#2560 = CARTESIAN_POINT ( 'NONE',  ( 0.5898502691896216900, -1.021650635094604600, -1.954166666666677900 ) ) ;
#2561 = CARTESIAN_POINT ( 'NONE',  ( -0.4273502691896082200, 0.7401923788646381800, 1.233333333333331800 ) ) ;
#2562 = CARTESIAN_POINT ( 'NONE',  ( 0.0000000000000000000, 0.7401923788646381800, 1.599999999999999000 ) ) ;
#2563 = ORIENTED_EDGE ( 'NONE', *, *, #880, .T. ) ;
#2564 = CARTESIAN_POINT ( 'NONE',  ( 0.1123687966212076200, 0.9936665706090298500, -2.956698729810808500 ) ) ;
#2565 = AXIS2_PLACEMENT_3D ( 'NONE', #2673, #3579, #3549 ) ;
#2566 = CIRCLE ( 'NONE', #685, 2.250000000000001800 ) ;
#2567 = CARTESIAN_POINT ( 'NONE',  ( -0.8547005383792165600, 5.233531392778135700E-017, -2.250000000000006700 ) ) ;
#2568 = CARTESIAN_POINT ( 'NONE',  ( -0.8749291754482982900, -0.1227607442713719000, 2.831627905259042100 ) ) ;
#2569 = LINE ( 'NONE', #414, #3230 ) ;
#2570 = CARTESIAN_POINT ( 'NONE',  ( 0.6410254037844127500, 0.3700961894323185300, -2.016666666666673700 ) ) ;
#2571 = CARTESIAN_POINT ( 'NONE',  ( -1.251161180115467700E-016, -1.021650635094604400, -3.162499999999990300 ) ) ;
#2572 = AXIS2_PLACEMENT_3D ( 'NONE', #2053, #309, #2949 ) ;
#2573 =( BOUNDED_CURVE ( )  B_SPLINE_CURVE ( 2, ( #2196, #2488, #1903, #115, #3707, #2222, #2508, #1625, #3718 ),
 .UNSPECIFIED., .F., .F. ) 
 B_SPLINE_CURVE_WITH_KNOTS ( ( 3, 2, 2, 2, 3 ),
 ( 0.2343750000000000000, 0.2395833333333333400, 0.2500000000000000000, 0.2604166666666666900, 0.2656250000000000000 ),
 .UNSPECIFIED. ) 
 CURVE ( )  GEOMETRIC_REPRESENTATION_ITEM ( )  RATIONAL_B_SPLINE_CURVE ( ( 0.9330127018922194100, 0.9330127018922194100, 1.000000000000000000, 0.8660254037844387100, 1.000000000000000000, 0.8660254037844387100, 1.000000000000000000, 0.9330127018922194100, 0.9330127018922194100 ) ) 
 REPRESENTATION_ITEM ( '' )  );
#2574 = ORIENTED_EDGE ( 'NONE', *, *, #3351, .F. ) ;
#2575 = ADVANCED_FACE ( 'NONE', ( #763 ), #3694, .F. ) ;
#2576 = ORIENTED_EDGE ( 'NONE', *, *, #1367, .F. ) ;
#2577 = CARTESIAN_POINT ( 'NONE',  ( -3.535158273157210200E-015, -2.598076211353342200, -2.799038105676647800 ) ) ;
#2578 = CARTESIAN_POINT ( 'NONE',  ( -0.6410254037844124200, 0.3700961894323192000, 2.466666666666665500 ) ) ;
#2579 = CARTESIAN_POINT ( 'NONE',  ( 0.8660254037844377100, -0.5000000000000000000, 0.9166666666666710700 ) ) ;
#2580 = VERTEX_POINT ( 'NONE', #3100 ) ;
#2581 = CARTESIAN_POINT ( 'NONE',  ( 0.4273502691896080000, -0.7401923788646384000, -2.116666666666673800 ) ) ;
#2582 = CARTESIAN_POINT ( 'NONE',  ( -2.250000000000001800, 1.299038105676638200, 2.799038105676667800 ) ) ;
#2583 = CARTESIAN_POINT ( 'NONE',  ( -9.064742275298441300E-017, -0.7401923788646381800, -2.150000000000007000 ) ) ;
#2584 = CARTESIAN_POINT ( 'NONE',  ( 0.4273502691896087200, 0.7401923788646379600, 2.766666666666665300 ) ) ;
#2585 = CARTESIAN_POINT ( 'NONE',  ( -0.5773502691896256200, -0.9999999999999988900, 0.7666666666666603900 ) ) ;
#2586 = EDGE_CURVE ( 'NONE', #1419, #657, #2465, .T. ) ;
#2587 = CARTESIAN_POINT ( 'NONE',  ( 0.5898502691896216900, -1.021650635094604600, -1.154166666666677400 ) ) ;
#2588 = DIRECTION ( 'NONE',  ( -1.000000000000000000, 0.0000000000000000000, 0.0000000000000000000 ) ) ;
#2589 = CARTESIAN_POINT ( 'NONE',  ( 0.0000000000000000000, 0.7401923788646381800, 3.199999999999998800 ) ) ;
#2590 = CARTESIAN_POINT ( 'NONE',  ( -1.043301270189199000, 0.0000000000000000000, 3.000000000000002700 ) ) ;
#2591 = CARTESIAN_POINT ( 'NONE',  ( -9.064742275298441300E-017, -0.7401923788646381800, -0.1500000000000069100 ) ) ;
#2592 = CARTESIAN_POINT ( 'NONE',  ( -1.506653605801041600, -1.728209346468592800, 2.980756665990555100 ) ) ;
#2593 = CARTESIAN_POINT ( 'NONE',  ( 0.9999999999999991100, 1.224646799147352200E-016, 3.000000000000002700 ) ) ;
#2594 = AXIS2_PLACEMENT_3D ( 'NONE', #1401, #3786, #2606 ) ;
#2595 = CARTESIAN_POINT ( 'NONE',  ( 0.8547005383792165600, -1.570059417833440500E-016, -0.4500000000000068400 ) ) ;
#2596 = CARTESIAN_POINT ( 'NONE',  ( -0.5898502691896218000, 1.021650635094604400, -2.929166666666657400 ) ) ;
#2597 = CARTESIAN_POINT ( 'NONE',  ( -0.5773502691896256200, -0.9999999999999988900, 1.616666666666670900 ) ) ;
#2598 = CARTESIAN_POINT ( 'NONE',  ( 0.5773502691896250600, -0.9999999999999993300, -1.966666666666673400 ) ) ;
#2599 = CARTESIAN_POINT ( 'NONE',  ( 0.8847754037844326500, -0.5108253175473026500, 0.4791666666666559700 ) ) ;
#2600 = EDGE_LOOP ( 'NONE', ( #620, #987, #1576, #3031, #895, #562 ) ) ;
#2601 = CARTESIAN_POINT ( 'NONE',  ( 0.6410254037844127500, 0.3700961894323185300, 3.133333333333332400 ) ) ;
#2602 = CARTESIAN_POINT ( 'NONE',  ( -0.8660254037844379300, -0.4999999999999993300, 0.7833333333333376600 ) ) ;
#2603 = CARTESIAN_POINT ( 'NONE',  ( -0.6410254037844125300, -0.3700961894323189200, 0.9833333333333265100 ) ) ;
#2604 = CARTESIAN_POINT ( 'NONE',  ( 2.249999999999992900, 0.4426578913696249700, -2.980556613359318400 ) ) ;
#2605 = ORIENTED_EDGE ( 'NONE', *, *, #2846, .F. ) ;
#2606 = DIRECTION ( 'NONE',  ( 1.000000000000000000, 0.0000000000000000000, 0.0000000000000000000 ) ) ;
#2607 = CARTESIAN_POINT ( 'NONE',  ( -0.4273502691896085600, -0.7401923788646379600, 0.6166666666666599200 ) ) ;
#2608 = CARTESIAN_POINT ( 'NONE',  ( 0.8547005383792165600, -1.570059417833440500E-016, 3.099999999999998300 ) ) ;
#2609 = ORIENTED_EDGE ( 'NONE', *, *, #1375, .F. ) ;
#2610 = DATE_AND_TIME ( #1119, #242 ) ;
#2611 = EDGE_CURVE ( 'NONE', #3183, #1257, #2871, .T. ) ;
#2612 = FACE_OUTER_BOUND ( 'NONE', #1880, .T. ) ;
#2613 = CARTESIAN_POINT ( 'NONE',  ( -0.4551813753107110700, 0.7007314910387644200, 2.785661716638808000 ) ) ;
#2614 = LINE ( 'NONE', #3439, #2345 ) ;
#2615 = CARTESIAN_POINT ( 'NONE',  ( -0.8847754037844329800, -0.5108253175473019800, 0.3458333333333225600 ) ) ;
#2616 = CARTESIAN_POINT ( 'NONE',  ( -0.9999999999999991100, 1.452555482747798400E-016, 0.7500000000000045500 ) ) ;
#2617 = CARTESIAN_POINT ( 'NONE',  ( 1.125000000000010400, -1.948557158515007200, 3.000000000000002700 ) ) ;
#2618 = FACE_OUTER_BOUND ( 'NONE', #3749, .T. ) ;
#2619 = FACE_OUTER_BOUND ( 'NONE', #1529, .T. ) ;
#2620 = CARTESIAN_POINT ( 'NONE',  ( -0.6410254037844124200, 0.3700961894323192000, 1.316666666666659500 ) ) ;
#2621 = CARTESIAN_POINT ( 'NONE',  ( 0.6410254037844123100, -0.3700961894323194200, 0.3166666666666599900 ) ) ;
#2622 = ORIENTED_EDGE ( 'NONE', *, *, #3870, .T. ) ;
#2623 = CARTESIAN_POINT ( 'NONE',  ( 0.5898502691896225800, 1.021650635094604000, -2.995833333333323800 ) ) ;
#2624 = AXIS2_PLACEMENT_3D ( 'NONE', #2502, #718, #2807 ) ;
#2625 = ORIENTED_EDGE ( 'NONE', *, *, #507, .F. ) ;
#2626 = CARTESIAN_POINT ( 'NONE',  ( 0.5773502691896250600, -0.9999999999999993300, 0.08333333333333764500 ) ) ;
#2627 = CARTESIAN_POINT ( 'NONE',  ( -0.5898502691896223600, -1.021650635094604200, -0.8208333333333444100 ) ) ;
#2628 = CARTESIAN_POINT ( 'NONE',  ( 0.9999999999999991100, -4.357666448243395000E-016, 0.5500000000000044900 ) ) ;
#2629 = CARTESIAN_POINT ( 'NONE',  ( -0.4273502691896085600, -0.7401923788646379600, 0.6166666666666599200 ) ) ;
#2630 = CARTESIAN_POINT ( 'NONE',  ( -0.9999999999999991100, 1.452555482747798400E-016, 0.7500000000000045500 ) ) ;
#2631 = CARTESIAN_POINT ( 'NONE',  ( 0.9999999999999991100, -4.357666448243395000E-016, -1.100000000000006100 ) ) ;
#2632 = CARTESIAN_POINT ( 'NONE',  ( 0.4273502691896087200, 0.7401923788646379600, 0.8166666666666599900 ) ) ;
#2633 = CARTESIAN_POINT ( 'NONE',  ( -0.8547005383792165600, 5.233531392778135700E-017, 0.9499999999999934100 ) ) ;
#2634 = EDGE_CURVE ( 'NONE', #2559, #2097, #444, .T. ) ;
#2635 = CARTESIAN_POINT ( 'NONE',  ( -1.179700538379243800, 7.223582441392750400E-017, -0.8624999999999905000 ) ) ;
#2636 = CARTESIAN_POINT ( 'NONE',  ( -0.9999999999999991100, 1.452555482747798400E-016, 2.750000000000004400 ) ) ;
#2637 = CARTESIAN_POINT ( 'NONE',  ( -0.9999999999999991100, 0.2679491924311225800, 0.3321367205045963100 ) ) ;
#2638 = CARTESIAN_POINT ( 'NONE',  ( 0.8660254037844377100, -0.5000000000000000000, 0.1166666666666712200 ) ) ;
#2639 = EDGE_CURVE ( 'NONE', #940, #1262, #1031, .T. ) ;
#2640 = CARTESIAN_POINT ( 'NONE',  ( -0.8847754037844329800, -0.5108253175473019800, -0.4541666666666773800 ) ) ;
#2641 = CARTESIAN_POINT ( 'NONE',  ( -0.9999999999999991100, 1.452555482747798400E-016, -1.249999999999995800 ) ) ;
#2642 = CARTESIAN_POINT ( 'NONE',  ( -9.064742275298441300E-017, -0.7401923788646381800, 1.449999999999993100 ) ) ;
#2643 = CARTESIAN_POINT ( 'NONE',  ( 0.5773502691896259500, 0.9999999999999988900, 0.9666666666666605700 ) ) ;
#2644 = CARTESIAN_POINT ( 'NONE',  ( 0.5773502691896250600, -0.9999999999999993300, -1.166666666666672500 ) ) ;
#2645 = AXIS2_PLACEMENT_3D ( 'NONE', #418, #2481, #136 ) ;
#2646 = CARTESIAN_POINT ( 'NONE',  ( 0.4273502691896080000, -0.7401923788646384000, 0.2833333333333264400 ) ) ;
#2647 = CARTESIAN_POINT ( 'NONE',  ( 0.6410254037844123100, -0.3700961894323194200, 0.3166666666666599900 ) ) ;
#2648 = CARTESIAN_POINT ( 'NONE',  ( 0.8847754037844326500, -0.5108253175473026500, -1.495833333333323800 ) ) ;
#2649 = CARTESIAN_POINT ( 'NONE',  ( 0.8660254037844382600, 0.4999999999999988300, -1.466666666666673000 ) ) ;
#2650 = DIRECTION ( 'NONE',  ( 1.000000000000000000, 0.0000000000000000000, 0.0000000000000000000 ) ) ;
#2651 = ORIENTED_EDGE ( 'NONE', *, *, #2947, .T. ) ;
#2652 = DIRECTION ( 'NONE',  ( -0.0000000000000000000, -0.0000000000000000000, -1.000000000000000000 ) ) ;
#2653 = CARTESIAN_POINT ( 'NONE',  ( 0.0000000000000000000, 1.021650635094604400, 0.6124999999999893900 ) ) ;
#2654 = CARTESIAN_POINT ( 'NONE',  ( 0.0000000000000000000, 0.9999999999999991100, -1.349999999999995600 ) ) ;
#2655 = ORIENTED_EDGE ( 'NONE', *, *, #1842, .T. ) ;
#2656 = CARTESIAN_POINT ( 'NONE',  ( -0.4273502691896085600, -0.7401923788646379600, 3.016666666666659900 ) ) ;
#2657 = CARTESIAN_POINT ( 'NONE',  ( 2.249999999999994700, -0.8716891052088577800, -2.911112545118565100 ) ) ;
#2658 = CARTESIAN_POINT ( 'NONE',  ( 0.5773502691896250600, -0.9999999999999993300, -0.7166666666666623400 ) ) ;
#2659 = ORIENTED_EDGE ( 'NONE', *, *, #2998, .T. ) ;
#2660 = CARTESIAN_POINT ( 'NONE',  ( 0.4273502691896080000, -0.7401923788646384000, 2.683333333333326900 ) ) ;
#2661 = CARTESIAN_POINT ( 'NONE',  ( 0.4273502691896087800, 0.7401923788646378500, -0.7833333333333403200 ) ) ;
#2662 = DATE_AND_TIME ( #3466, #1172 ) ;
#2663 = CARTESIAN_POINT ( 'NONE',  ( -1.179700538379243800, 7.223582441392750400E-017, -0.06249999999999051500 ) ) ;
#2664 = CIRCLE ( 'NONE', #205, 2.250000000000001800 ) ;
#2665 = CARTESIAN_POINT ( 'NONE',  ( 0.0000000000000000000, 0.9999999999999991100, -2.949999999999995700 ) ) ;
#2666 = EDGE_CURVE ( 'NONE', #1537, #1395, #3510, .T. ) ;
#2667 = FACE_OUTER_BOUND ( 'NONE', #3336, .T. ) ;
#2668 = DIRECTION ( 'NONE',  ( -0.0000000000000000000, -0.0000000000000000000, -1.000000000000000000 ) ) ;
#2669 = ORIENTED_EDGE ( 'NONE', *, *, #1238, .F. ) ;
#2670 = CARTESIAN_POINT ( 'NONE',  ( 0.8847754037844333100, 0.5108253175473014300, 0.9458333333333228700 ) ) ;
#2671 = VERTEX_POINT ( 'NONE', #430 ) ;
#2672 = CARTESIAN_POINT ( 'NONE',  ( -0.4273502691896085600, -0.7401923788646379600, 2.216666666666660100 ) ) ;
#2673 = CARTESIAN_POINT ( 'NONE',  ( 0.0000000000000000000, 0.0000000000000000000, 3.000000000000002700 ) ) ;
#2674 = CARTESIAN_POINT ( 'NONE',  ( 0.7942606536914386100, 0.5521828597785727300, 2.913991392364440300 ) ) ;
#2675 = CARTESIAN_POINT ( 'NONE',  ( -0.8660254037844379300, -0.4999999999999993300, -0.4666666666666726700 ) ) ;
#2676 = CARTESIAN_POINT ( 'NONE',  ( 0.8547005383792165600, -1.570059417833440500E-016, 1.949999999999993300 ) ) ;
#2677 = CARTESIAN_POINT ( 'NONE',  ( 0.6410254037844127500, 0.3700961894323185300, -0.8166666666666734200 ) ) ;
#2678 = VERTEX_POINT ( 'NONE', #3779 ) ;
#2679 = CARTESIAN_POINT ( 'NONE',  ( 1.179700538379243800, -2.167074732417825400E-016, -0.6624999999999903200 ) ) ;
#2680 = DESIGN_CONTEXT ( 'detailed design', #3014, 'design' ) ;
#2681 = CARTESIAN_POINT ( 'NONE',  ( -9.064742275298441300E-017, -0.7401923788646381800, -2.600000000000001400 ) ) ;
#2682 = CARTESIAN_POINT ( 'NONE',  ( -0.8847754037844328700, 0.5108253175473023200, 1.079166666666656200 ) ) ;
#2683 = CARTESIAN_POINT ( 'NONE',  ( 0.4273502691896080000, -0.7401923788646384000, -2.566666666666668200 ) ) ;
#2684 = CARTESIAN_POINT ( 'NONE',  ( -0.5773502691896256200, -0.9999999999999988900, -1.233333333333339400 ) ) ;
#2685 = CARTESIAN_POINT ( 'NONE',  ( 0.5773502691896259500, 0.9999999999999988900, 2.616666666666670700 ) ) ;
#2686 = CARTESIAN_POINT ( 'NONE',  ( 0.4273502691896080000, -0.7401923788646384000, 1.883333333333326200 ) ) ;
#2687 = CARTESIAN_POINT ( 'NONE',  ( 0.6410254037844127500, 0.3700961894323185300, -0.01666666666667350500 ) ) ;
#2688 = CARTESIAN_POINT ( 'NONE',  ( 0.8847754037844326500, -0.5108253175473026500, 1.704166666666676800 ) ) ;
#2689 = CARTESIAN_POINT ( 'NONE',  ( -0.8660254037844378200, 0.4999999999999996700, -1.333333333333339300 ) ) ;
#2690 = CARTESIAN_POINT ( 'NONE',  ( 0.9999999999999993300, 0.2679491924311219200, 0.1678632794954126600 ) ) ;
#2691 =( BOUNDED_CURVE ( )  B_SPLINE_CURVE ( 2, ( #3223, #2937, #3808, #2954, #3264, #2043, #1426, #3561, #1135 ),
 .UNSPECIFIED., .F., .F. ) 
 B_SPLINE_CURVE_WITH_KNOTS ( ( 3, 2, 2, 2, 3 ),
 ( 0.8593750000000000000, 0.8645833333333333700, 0.8750000000000000000, 0.8854166666666666300, 0.8906250000000000000 ),
 .UNSPECIFIED. ) 
 CURVE ( )  GEOMETRIC_REPRESENTATION_ITEM ( )  RATIONAL_B_SPLINE_CURVE ( ( 0.9330127018922194100, 0.9330127018922194100, 1.000000000000000000, 0.8660254037844387100, 1.000000000000000000, 0.8660254037844387100, 1.000000000000000000, 0.9330127018922194100, 0.9330127018922194100 ) ) 
 REPRESENTATION_ITEM ( '' )  );
#2692 = CARTESIAN_POINT ( 'NONE',  ( -0.4273502691896082200, 0.7401923788646381800, -2.766666666666667900 ) ) ;
#2693 = CARTESIAN_POINT ( 'NONE',  ( 1.179700538379243800, -2.167074732417825400E-016, 1.712499999999989500 ) ) ;
#2694 = CARTESIAN_POINT ( 'NONE',  ( -0.9999999999999991100, 1.452555482747798400E-016, -2.049999999999995400 ) ) ;
#2695 = CARTESIAN_POINT ( 'NONE',  ( 0.6410254037844123100, -0.3700961894323194200, 2.316666666666659800 ) ) ;
#2696 = CARTESIAN_POINT ( 'NONE',  ( -0.4273502691896085600, -0.7401923788646378500, -2.633333333333334600 ) ) ;
#2697 = EDGE_LOOP ( 'NONE', ( #1449, #3273, #1344, #3381 ) ) ;
#2698 = CARTESIAN_POINT ( 'NONE',  ( -0.9999999999999991100, 1.452555482747798400E-016, -2.849999999999995200 ) ) ;
#2699 = CARTESIAN_POINT ( 'NONE',  ( -0.5773502691896251800, 0.9999999999999991100, 2.683333333333338000 ) ) ;
#2700 = AXIS2_PLACEMENT_3D ( 'NONE', #1300, #1620, #457 ) ;
#2701 = CARTESIAN_POINT ( 'NONE',  ( 0.4273502691896087200, 0.7401923788646379600, 2.016666666666659500 ) ) ;
#2702 = CARTESIAN_POINT ( 'NONE',  ( 0.8547005383792165600, -1.570059417833440500E-016, 2.349999999999993000 ) ) ;
#2703 = CARTESIAN_POINT ( 'NONE',  ( -0.8847754037844328700, 0.5108253175473023200, 0.3041666666666765200 ) ) ;
#2704 = CARTESIAN_POINT ( 'NONE',  ( -0.9999999999999991100, 1.452555482747798400E-016, -0.9000000000000060200 ) ) ;
#2705 = EDGE_LOOP ( 'NONE', ( #2744, #2257 ) ) ;
#2706 = CARTESIAN_POINT ( 'NONE',  ( 0.5773502691896259500, 0.9999999999999988900, -1.033333333333339400 ) ) ;
#2707 = CARTESIAN_POINT ( 'NONE',  ( -1.224646799147352500E-016, -0.9999999999999991100, 1.599999999999993900 ) ) ;
#2708 = ORIENTED_EDGE ( 'NONE', *, *, #431, .T. ) ;
#2709 = CARTESIAN_POINT ( 'NONE',  ( 2.249999999999995100, -1.299038105676686900, 2.799038105676656700 ) ) ;
#2710 = LINE ( 'NONE', #3, #3601 ) ;
#2711 = FACE_OUTER_BOUND ( 'NONE', #2850, .T. ) ;
#2712 = VECTOR ( 'NONE', #2920, 1000.000000000000000 ) ;
#2713 = CARTESIAN_POINT ( 'NONE',  ( 0.8547005383792165600, -1.570059417833440500E-016, 3.149999999999992800 ) ) ;
#2714 = CARTESIAN_POINT ( 'NONE',  ( -0.8660254037844379300, -0.4999999999999993300, -2.016666666666662200 ) ) ;
#2715 = CARTESIAN_POINT ( 'NONE',  ( 0.6410254037844127500, 0.3700961894323185300, 1.983333333333326500 ) ) ;
#2716 = FACE_OUTER_BOUND ( 'NONE', #2462, .T. ) ;
#2717 = CARTESIAN_POINT ( 'NONE',  ( -3.535158273157210200E-015, -2.598076211353342200, 2.799038105676647800 ) ) ;
#2718 = LINE ( 'NONE', #674, #253 ) ;
#2719 = CARTESIAN_POINT ( 'NONE',  ( 0.8847754037844326500, -0.5108253175473026500, 2.104166666666675800 ) ) ;
#2720 = CARTESIAN_POINT ( 'NONE',  ( 0.9999999999999991100, -4.357666448243395000E-016, -1.500000000000006200 ) ) ;
#2721 = EDGE_CURVE ( 'NONE', #2530, #755, #2813, .T. ) ;
#2722 = ORIENTED_EDGE ( 'NONE', *, *, #3399, .F. ) ;
#2723 = CARTESIAN_POINT ( 'NONE',  ( 0.9999999999999993300, 0.2679491924311219200, -2.282136720504598100 ) ) ;
#2724 = CARTESIAN_POINT ( 'NONE',  ( 0.8547005383792165600, -1.570059417833440500E-016, -2.100000000000001400 ) ) ;
#2725 = VERTEX_POINT ( 'NONE', #3143 ) ;
#2726 = AXIS2_PLACEMENT_3D ( 'NONE', #2424, #2747, #1522 ) ;
#2727 = CARTESIAN_POINT ( 'NONE',  ( 1.125000000000010400, -1.948557158515007200, 3.000000000000002700 ) ) ;
#2728 = CARTESIAN_POINT ( 'NONE',  ( -0.9999999999999991100, 1.452555482747798400E-016, -0.5000000000000061100 ) ) ;
#2729 = CARTESIAN_POINT ( 'NONE',  ( -0.6410254037844125300, -0.3700961894323189200, -2.266666666666667900 ) ) ;
#2730 = CARTESIAN_POINT ( 'NONE',  ( -0.8547005383792165600, 5.233531392778135700E-017, 2.149999999999993200 ) ) ;
#2731 = CARTESIAN_POINT ( 'NONE',  ( -0.5898502691896218000, 1.021650635094604400, 2.270833333333343300 ) ) ;
#2732 = CARTESIAN_POINT ( 'NONE',  ( -0.6410254037844125300, -0.3700961894323189200, -1.866666666666668000 ) ) ;
#2733 = CARTESIAN_POINT ( 'NONE',  ( 0.9999999999999993300, 0.2679491924311219200, 1.717863279495402100 ) ) ;
#2734 = CARTESIAN_POINT ( 'NONE',  ( 0.0000000000000000000, 0.0000000000000000000, 3.000000000000002700 ) ) ;
#2735 = CARTESIAN_POINT ( 'NONE',  ( -0.4273502691896085600, -0.7401923788646379600, -3.033333333333335000 ) ) ;
#2736 = CARTESIAN_POINT ( 'NONE',  ( 0.6410254037844123100, -0.3700961894323194200, 1.916666666666660300 ) ) ;
#2737 = EDGE_CURVE ( 'NONE', #1262, #2936, #1177, .T. ) ;
#2738 = CARTESIAN_POINT ( 'NONE',  ( 1.179700538379243800, -2.167074732417825400E-016, 0.5375000000000097500 ) ) ;
#2739 = CARTESIAN_POINT ( 'NONE',  ( -3.535158273157210200E-015, -2.598076211353342200, 3.000000000000002700 ) ) ;
#2740 = CARTESIAN_POINT ( 'NONE',  ( -0.5773502691896256200, -0.9999999999999988900, 1.966666666666660800 ) ) ;
#2741 = CARTESIAN_POINT ( 'NONE',  ( -0.9999999999999991100, 1.452555482747798400E-016, -2.100000000000005900 ) ) ;
#2742 = CARTESIAN_POINT ( 'NONE',  ( -0.4273502691896085600, -0.7401923788646379600, -0.6333333333333347500 ) ) ;
#2743 = AXIS2_PLACEMENT_3D ( 'NONE', #2495, #405, #2760 ) ;
#2744 = ORIENTED_EDGE ( 'NONE', *, *, #2921, .F. ) ;
#2745 = CARTESIAN_POINT ( 'NONE',  ( -0.9999999999999991100, 0.2679491924311225800, 0.2821367205045856000 ) ) ;
#2746 = CARTESIAN_POINT ( 'NONE',  ( 1.124999999999992200, 1.948557158514972600, -3.000000000000002700 ) ) ;
#2747 = DIRECTION ( 'NONE',  ( -0.0000000000000000000, -0.0000000000000000000, -1.000000000000000000 ) ) ;
#2748 = ORIENTED_EDGE ( 'NONE', *, *, #1014, .T. ) ;
#2749 = CARTESIAN_POINT ( 'NONE',  ( 0.4273502691896087200, 0.7401923788646379600, -1.633333333333334600 ) ) ;
#2750 = CARTESIAN_POINT ( 'NONE',  ( 0.4273502691896080000, -0.7401923788646384000, 1.083333333333326800 ) ) ;
#2751 = CARTESIAN_POINT ( 'NONE',  ( -0.4273502691896082200, 0.7401923788646381800, -1.516666666666673500 ) ) ;
#2752 = CARTESIAN_POINT ( 'NONE',  ( -0.5773502691896251800, 0.9999999999999991100, -2.116666666666662300 ) ) ;
#2753 = CARTESIAN_POINT ( 'NONE',  ( -1.224646799147352500E-016, -0.9999999999999991100, 2.399999999999994100 ) ) ;
#2754 = ORIENTED_EDGE ( 'NONE', *, *, #2893, .T. ) ;
#2755 = PERSON_AND_ORGANIZATION ( #179, #3554 ) ;
#2756 = CARTESIAN_POINT ( 'NONE',  ( -0.5773502691896251800, 0.9999999999999991100, 2.633333333333328000 ) ) ;
#2757 = CARTESIAN_POINT ( 'NONE',  ( -0.8547005383792165600, 5.233531392778135700E-017, -1.500000000000001600 ) ) ;
#2758 = VECTOR ( 'NONE', #2092, 1000.000000000000000 ) ;
#2759 = FACE_OUTER_BOUND ( 'NONE', #3846, .T. ) ;
#2760 = DIRECTION ( 'NONE',  ( 1.000000000000000000, 0.0000000000000000000, 0.0000000000000000000 ) ) ;
#2761 = EDGE_LOOP ( 'NONE', ( #2914, #908, #1532 ) ) ;
#2762 = CARTESIAN_POINT ( 'NONE',  ( -0.6410254037844125300, -0.3700961894323189200, -1.066666666666668000 ) ) ;
#2763 = CARTESIAN_POINT ( 'NONE',  ( -0.6410254037844125300, -0.3700961894323189200, -1.066666666666668000 ) ) ;
#2764 = CARTESIAN_POINT ( 'NONE',  ( -0.8660254037844379300, -0.4999999999999993300, -1.666666666666672700 ) ) ;
#2765 = ORIENTED_EDGE ( 'NONE', *, *, #2397, .T. ) ;
#2766 = CARTESIAN_POINT ( 'NONE',  ( -0.5898502691896223600, -1.021650635094604200, 2.404166666666677000 ) ) ;
#2767 = CARTESIAN_POINT ( 'NONE',  ( -0.5898502691896223600, -1.021650635094604200, 2.379166666666656200 ) ) ;
#2768 = CARTESIAN_POINT ( 'NONE',  ( -0.5773502691896256200, -0.9999999999999988900, 2.366666666666660500 ) ) ;
#2769 = AXIS2_PLACEMENT_3D ( 'NONE', #2527, #781, #1627 ) ;
#2770 = CARTESIAN_POINT ( 'NONE',  ( -1.124999999999991600, 1.948557158514973200, 3.000000000000002700 ) ) ;
#2771 = VERTEX_POINT ( 'NONE', #1948 ) ;
#2772 = CARTESIAN_POINT ( 'NONE',  ( 0.0000000000000000000, 0.7401923788646381800, -0.4000000000000014700 ) ) ;
#2773 = AXIS2_PLACEMENT_3D ( 'NONE', #1737, #3829, #2650 ) ;
#2774 = CARTESIAN_POINT ( 'NONE',  ( -0.1835754756815202200, 2.492088861051958000, -2.860229930904675500 ) ) ;
#2775 = CARTESIAN_POINT ( 'NONE',  ( 0.9999999999999988900, -0.2679491924311228100, 0.08213672050458574500 ) ) ;
#2776 = CARTESIAN_POINT ( 'NONE',  ( -0.6410254037844124200, 0.3700961894323192000, -1.533333333333334800 ) ) ;
#2777 = CARTESIAN_POINT ( 'NONE',  ( -0.6410254037844124200, 0.3700961894323192000, -0.7333333333333345000 ) ) ;
#2778 = CARTESIAN_POINT ( 'NONE',  ( -0.5773502691896256200, -0.9999999999999988900, -1.183333333333329400 ) ) ;
#2779 = CARTESIAN_POINT ( 'NONE',  ( -0.9999999999999991100, 1.452555482747798400E-016, -2.500000000000006200 ) ) ;
#2780 = CARTESIAN_POINT ( 'NONE',  ( 0.4273502691896080000, -0.7401923788646384000, -2.516666666666673700 ) ) ;
#2781 = CARTESIAN_POINT ( 'NONE',  ( 0.7415074912458460300, -0.01151650239367329700, 2.698206221056649800 ) ) ;
#2782 = CARTESIAN_POINT ( 'NONE',  ( -0.4273502691896082200, 0.7401923788646381800, -1.166666666666667600 ) ) ;
#2783 = CARTESIAN_POINT ( 'NONE',  ( 0.5773502691896250600, -0.9999999999999993300, 1.233333333333327600 ) ) ;
#2784 = CARTESIAN_POINT ( 'NONE',  ( 0.0000000000000000000, 0.0000000000000000000, 3.000000000000002700 ) ) ;
#2785 = CARTESIAN_POINT ( 'NONE',  ( 0.8547005383792165600, -1.570059417833440500E-016, -0.9000000000000014700 ) ) ;
#2786 = CARTESIAN_POINT ( 'NONE',  ( -0.6410254037844125300, -0.3700961894323189200, -1.466666666666667900 ) ) ;
#2787 = CARTESIAN_POINT ( 'NONE',  ( -0.5773502691896256200, -0.9999999999999988900, -1.633333333333339700 ) ) ;
#2788 = EDGE_CURVE ( 'NONE', #2434, #1419, #297, .T. ) ;
#2789 = ADVANCED_FACE ( 'NONE', ( #2905 ), #94, .F. ) ;
#2790 = CARTESIAN_POINT ( 'NONE',  ( -0.5773502691896256200, -0.9999999999999988900, -2.433333333333339300 ) ) ;
#2791 = ORIENTED_EDGE ( 'NONE', *, *, #992, .F. ) ;
#2792 = CARTESIAN_POINT ( 'NONE',  ( 0.0000000000000000000, 1.021650635094604400, 3.412499999999989400 ) ) ;
#2793 = CARTESIAN_POINT ( 'NONE',  ( 0.0000000000000000000, 0.9999999999999991100, 0.6500000000000044600 ) ) ;
#2794 = CARTESIAN_POINT ( 'NONE',  ( -1.043301270189199000, 0.0000000000000000000, -3.000000000000002700 ) ) ;
#2795 = B_SPLINE_CURVE_WITH_KNOTS ( 'NONE', 3,
 ( #950, #1234, #42, #3307, #3613, #2709 ),
 .UNSPECIFIED., .F., .F.,
 ( 4, 2, 4 ),
 ( 0.01050317062564992000, 0.01116014996014602800, 0.01181712929464213600 ),
 .UNSPECIFIED. ) ;
#2796 = ORIENTED_EDGE ( 'NONE', *, *, #2140, .F. ) ;
#2797 = CARTESIAN_POINT ( 'NONE',  ( 0.6410254037844127500, 0.3700961894323185300, -0.4666666666666681700 ) ) ;
#2798 = EDGE_LOOP ( 'NONE', ( #2144, #1542, #303 ) ) ;
#2799 = CARTESIAN_POINT ( 'NONE',  ( 0.7416645267673271900, 2.169875997175784400, 3.000000000000014200 ) ) ;
#2800 = CARTESIAN_POINT ( 'NONE',  ( -0.8547005383792165600, 5.233531392778135700E-017, 0.09999999999999852100 ) ) ;
#2801 = CARTESIAN_POINT ( 'NONE',  ( 0.4273502691896080000, -0.7401923788646384000, 1.433333333333332700 ) ) ;
#2802 = FACE_OUTER_BOUND ( 'NONE', #3599, .T. ) ;
#2803 = VECTOR ( 'NONE', #1888, 1000.000000000000000 ) ;
#2804 = CARTESIAN_POINT ( 'NONE',  ( -0.8847754037844329800, -0.5108253175473019800, 3.145833333333322400 ) ) ;
#2805 = DIRECTION ( 'NONE',  ( 1.000000000000000000, 0.0000000000000000000, 0.0000000000000000000 ) ) ;
#2806 = VECTOR ( 'NONE', #754, 1000.000000000000000 ) ;
#2807 = DIRECTION ( 'NONE',  ( 1.000000000000000000, 0.0000000000000000000, -0.0000000000000000000 ) ) ;
#2808 = VECTOR ( 'NONE', #962, 1000.000000000000000 ) ;
#2809 = CARTESIAN_POINT ( 'NONE',  ( 0.6410254037844127500, 0.3700961894323185300, 1.533333333333331900 ) ) ;
#2810 = ORIENTED_EDGE ( 'NONE', *, *, #1836, .T. ) ;
#2811 = ORIENTED_EDGE ( 'NONE', *, *, #2037, .F. ) ;
#2812 = ADVANCED_FACE ( 'NONE', ( #1584 ), #3186, .F. ) ;
#2813 =( BOUNDED_CURVE ( )  B_SPLINE_CURVE ( 2, ( #1964, #2859, #1674, #2598, #169, #1093, #3768, #518, #481 ),
 .UNSPECIFIED., .F., .F. ) 
 B_SPLINE_CURVE_WITH_KNOTS ( ( 3, 2, 2, 2, 3 ),
 ( 0.8281250000000000000, 0.8333333333333333700, 0.8437500000000000000, 0.8541666666666666300, 0.8593750000000000000 ),
 .UNSPECIFIED. ) 
 CURVE ( )  GEOMETRIC_REPRESENTATION_ITEM ( )  RATIONAL_B_SPLINE_CURVE ( ( 0.9330127018922194100, 0.9330127018922194100, 1.000000000000000000, 0.8660254037844387100, 1.000000000000000000, 0.8660254037844387100, 1.000000000000000000, 0.9330127018922194100, 0.9330127018922194100 ) ) 
 REPRESENTATION_ITEM ( '' )  );
#2814 = CARTESIAN_POINT ( 'NONE',  ( 2.066424524318469100, 1.405025455977984000, 2.860229930904673700 ) ) ;
#2815 = DIRECTION ( 'NONE',  ( -0.0000000000000000000, -0.0000000000000000000, -1.000000000000000000 ) ) ;
#2816 = EDGE_CURVE ( 'NONE', #3216, #2355, #2203, .T. ) ;
#2817 = VERTEX_POINT ( 'NONE', #3742 ) ;
#2818 = CARTESIAN_POINT ( 'NONE',  ( -0.5435882173028664400, 0.5023908913772063800, -2.696891108675443200 ) ) ;
#2819 = CARTESIAN_POINT ( 'NONE',  ( 0.4273502691896087200, 0.7401923788646379600, 0.3666666666666653600 ) ) ;
#2820 = CARTESIAN_POINT ( 'NONE',  ( -0.6410254037844124200, 0.3700961894323192000, 0.4666666666666655600 ) ) ;
#2821 = PLANE ( 'NONE',  #1563 ) ;
#2822 = CARTESIAN_POINT ( 'NONE',  ( -0.9999999999999991100, 1.452555482747798400E-016, -1.700000000000006000 ) ) ;
#2823 = CARTESIAN_POINT ( 'NONE',  ( 0.4273502691896080000, -0.7401923788646384000, -2.916666666666673600 ) ) ;
#2824 = DIRECTION ( 'NONE',  ( 0.0000000000000000000, 0.0000000000000000000, 1.000000000000000000 ) ) ;
#2825 = AXIS2_PLACEMENT_3D ( 'NONE', #230, #3774, #3178 ) ;
#2826 = CARTESIAN_POINT ( 'NONE',  ( -0.9640544456622625000, -6.768908549604742100E-015, -2.920753175473066200 ) ) ;
#2827 = B_SPLINE_CURVE_WITH_KNOTS ( 'NONE', 3,
 ( #891, #2350, #3871, #269 ),
 .UNSPECIFIED., .F., .F.,
 ( 4, 4 ),
 ( 0.0005532226073956045400, 0.0006533737086844125400 ),
 .UNSPECIFIED. ) ;
#2828 = CARTESIAN_POINT ( 'NONE',  ( 0.4273502691896080000, -0.7401923788646384000, 1.033333333333332300 ) ) ;
#2829 = AXIS2_PLACEMENT_3D ( 'NONE', #584, #871, #883 ) ;
#2830 = CARTESIAN_POINT ( 'NONE',  ( -0.9999999999999991100, 0.0000000000000000000, 3.000000000000002700 ) ) ;
#2831 = DIRECTION ( 'NONE',  ( 0.0000000000000000000, 0.0000000000000000000, 1.000000000000000000 ) ) ;
#2832 = CARTESIAN_POINT ( 'NONE',  ( 0.6410254037844123100, -0.3700961894323194200, -0.9333333333333346800 ) ) ;
#2833 = CARTESIAN_POINT ( 'NONE',  ( 0.4273502691896087800, 0.7401923788646378500, 0.3666666666666653100 ) ) ;
#2834 = ADVANCED_FACE ( 'NONE', ( #626 ), #3083, .F. ) ;
#2835 = CARTESIAN_POINT ( 'NONE',  ( 0.8547005383792165600, -1.570059417833440500E-016, -1.250000000000006900 ) ) ;
#2836 = CARTESIAN_POINT ( 'NONE',  ( -0.9999999999999991100, 1.452555482747798400E-016, 1.150000000000004400 ) ) ;
#2837 = CARTESIAN_POINT ( 'NONE',  ( 0.4273502691896087200, 0.7401923788646379600, -1.583333333333340100 ) ) ;
#2838 = CARTESIAN_POINT ( 'NONE',  ( 0.4273502691896080000, -0.7401923788646384000, 2.233333333333332100 ) ) ;
#2839 = CARTESIAN_POINT ( 'NONE',  ( 0.0000000000000000000, 0.0000000000000000000, 3.000000000000002700 ) ) ;
#2840 = CARTESIAN_POINT ( 'NONE',  ( 0.0000000000000000000, 0.0000000000000000000, -3.000000000000002700 ) ) ;
#2841 = CARTESIAN_POINT ( 'NONE',  ( -0.5898502691896218000, 1.021650635094604400, -1.754166666666677500 ) ) ;
#2842 = EDGE_LOOP ( 'NONE', ( #3546, #970, #2659, #2504 ) ) ;
#2843 = CARTESIAN_POINT ( 'NONE',  ( -0.4273502691896085600, -0.7401923788646379600, 0.9666666666666650100 ) ) ;
#2844 = CARTESIAN_POINT ( 'NONE',  ( -0.8547005383792165600, 5.233531392778135700E-017, -0.3000000000000012100 ) ) ;
#2845 = DIRECTION ( 'NONE',  ( -0.0000000000000000000, -0.0000000000000000000, -1.000000000000000000 ) ) ;
#2846 = EDGE_CURVE ( 'NONE', #1092, #337, #1588, .T. ) ;
#2847 = CARTESIAN_POINT ( 'NONE',  ( 0.8830575237388899000, -0.4831239420552123600, 2.932945105154416400 ) ) ;
#2848 = VERTEX_POINT ( 'NONE', #1658 ) ;
#2849 = CARTESIAN_POINT ( 'NONE',  ( 0.8547005383792165600, -1.570059417833440500E-016, -2.050000000000006500 ) ) ;
#2850 = EDGE_LOOP ( 'NONE', ( #2898, #2988, #845 ) ) ;
#2851 = CARTESIAN_POINT ( 'NONE',  ( 0.0000000000000000000, 1.021650635094604400, 3.037500000000009900 ) ) ;
#2852 = CARTESIAN_POINT ( 'NONE',  ( -0.4273502691896082200, 0.7401923788646381800, -2.316666666666674000 ) ) ;
#2853 = B_SPLINE_CURVE_WITH_KNOTS ( 'NONE', 3,
 ( #1985, #204, #3504, #1086 ),
 .UNSPECIFIED., .F., .F.,
 ( 4, 4 ),
 ( 2.380746839932105400E-007, 0.001314652396222807500 ),
 .UNSPECIFIED. ) ;
#2854 = CARTESIAN_POINT ( 'NONE',  ( 0.6410254037844123100, -0.3700961894323194200, 1.866666666666665800 ) ) ;
#2855 = AXIS2_PLACEMENT_3D ( 'NONE', #3714, #2815, #2519 ) ;
#2856 = ORIENTED_EDGE ( 'NONE', *, *, #2874, .F. ) ;
#2857 = ADVANCED_FACE ( 'NONE', ( #3283 ), #1632, .F. ) ;
#2858 = FACE_OUTER_BOUND ( 'NONE', #1442, .T. ) ;
#2859 = CARTESIAN_POINT ( 'NONE',  ( 0.9999999999999988900, -0.2679491924311228100, -1.917863279495414000 ) ) ;
#2860 = CARTESIAN_POINT ( 'NONE',  ( 0.5898502691896225800, 1.021650635094604000, -2.220833333333344300 ) ) ;
#2861 = CARTESIAN_POINT ( 'NONE',  ( -0.6410254037844125300, -0.3700961894323189200, 1.733333333333332300 ) ) ;
#2862 = CARTESIAN_POINT ( 'NONE',  ( -0.4273502691896082200, 0.7401923788646381800, 0.8333333333333318200 ) ) ;
#2863 = CARTESIAN_POINT ( 'NONE',  ( 0.8660254037844377100, -0.5000000000000000000, 0.5166666666666709400 ) ) ;
#2864 = VERTEX_POINT ( 'NONE', #2272 ) ;
#2865 = CARTESIAN_POINT ( 'NONE',  ( 0.0000000000000000000, 0.7401923788646381800, -0.7500000000000067700 ) ) ;
#2866 = CARTESIAN_POINT ( 'NONE',  ( 2.249999999999991100, 1.088929003140960200, -2.859691379130754100 ) ) ;
#2867 = CARTESIAN_POINT ( 'NONE',  ( 0.4273502691896080000, -0.7401923788646384000, -2.516666666666673700 ) ) ;
#2868 = CARTESIAN_POINT ( 'NONE',  ( 0.4273502691896087200, 0.7401923788646379600, -2.383333333333340400 ) ) ;
#2869 = EDGE_LOOP ( 'NONE', ( #15, #342, #2380 ) ) ;
#2870 = CARTESIAN_POINT ( 'NONE',  ( 0.8847754037844326500, -0.5108253175473026500, -2.695833333333323500 ) ) ;
#2871 =( BOUNDED_CURVE ( )  B_SPLINE_CURVE ( 2, ( #1331, #1314, #707, #2783, #1595, #1936, #1899, #3686, #1606 ),
 .UNSPECIFIED., .F., .F. ) 
 B_SPLINE_CURVE_WITH_KNOTS ( ( 3, 2, 2, 2, 3 ),
 ( 0.3281250000000000000, 0.3333333333333333700, 0.3437500000000000000, 0.3541666666666666300, 0.3593750000000000000 ),
 .UNSPECIFIED. ) 
 CURVE ( )  GEOMETRIC_REPRESENTATION_ITEM ( )  RATIONAL_B_SPLINE_CURVE ( ( 0.9330127018922194100, 0.9330127018922194100, 1.000000000000000000, 0.8660254037844387100, 1.000000000000000000, 0.8660254037844387100, 1.000000000000000000, 0.9330127018922194100, 0.9330127018922194100 ) ) 
 REPRESENTATION_ITEM ( '' )  );
#2872 = ORIENTED_EDGE ( 'NONE', *, *, #431, .F. ) ;
#2873 = DIRECTION ( 'NONE',  ( -0.0000000000000000000, -0.0000000000000000000, -1.000000000000000000 ) ) ;
#2874 = EDGE_CURVE ( 'NONE', #2864, #1926, #2221, .T. ) ;
#2875 = CARTESIAN_POINT ( 'NONE',  ( -0.6410254037844125300, -0.3700961894323189200, 1.333333333333332100 ) ) ;
#2876 = CARTESIAN_POINT ( 'NONE',  ( 0.4273502691896087800, 0.7401923788646378500, 2.366666666666665400 ) ) ;
#2877 = ADVANCED_FACE ( 'NONE', ( #1773 ), #248, .T. ) ;
#2878 = CARTESIAN_POINT ( 'NONE',  ( 0.0000000000000000000, 0.7401923788646381800, -1.950000000000006800 ) ) ;
#2879 = AXIS2_PLACEMENT_3D ( 'NONE', #2471, #3089, #112 ) ;
#2880 = CARTESIAN_POINT ( 'NONE',  ( -0.8547005383792165600, 5.233531392778135700E-017, -2.250000000000006700 ) ) ;
#2881 = B_SPLINE_CURVE_WITH_KNOTS ( 'NONE', 3,
 ( #2270, #2534, #2258, #3129, #2814, #1330 ),
 .UNSPECIFIED., .F., .F.,
 ( 4, 2, 4 ),
 ( 0.001314652396222785000, 0.001969405109320625100, 0.002624157822418465200 ),
 .UNSPECIFIED. ) ;
#2882 = CARTESIAN_POINT ( 'NONE',  ( -0.4273502691896082200, 0.7401923788646381800, 2.833333333333332100 ) ) ;
#2883 = DIRECTION ( 'NONE',  ( -1.000000000000000000, 0.0000000000000000000, 0.0000000000000000000 ) ) ;
#2884 = DIRECTION ( 'NONE',  ( 1.000000000000000000, 0.0000000000000000000, 0.0000000000000000000 ) ) ;
#2885 = CARTESIAN_POINT ( 'NONE',  ( -9.064742275298441300E-017, -0.7401923788646381800, 2.999999999999999100 ) ) ;
#2886 = CARTESIAN_POINT ( 'NONE',  ( 0.6410254037844127500, 0.3700961894323185300, 1.933333333333332000 ) ) ;
#2887 = CARTESIAN_POINT ( 'NONE',  ( -0.4273502691896082200, 0.7401923788646381800, -1.116666666666673400 ) ) ;
#2888 = CARTESIAN_POINT ( 'NONE',  ( -1.224646799147352500E-016, -0.9999999999999991100, 1.250000000000004400 ) ) ;
#2889 = CARTESIAN_POINT ( 'NONE',  ( 0.1716722564120348200, -0.9313992194382121300, 2.895946722568113700 ) ) ;
#2890 = CARTESIAN_POINT ( 'NONE',  ( -0.6410254037844124200, 0.3700961894323192000, -2.283333333333340300 ) ) ;
#2891 = ORIENTED_EDGE ( 'NONE', *, *, #1989, .T. ) ;
#2892 = CARTESIAN_POINT ( 'NONE',  ( 0.6410254037844123100, -0.3700961894323194200, 2.666666666666665200 ) ) ;
#2893 = EDGE_CURVE ( 'NONE', #211, #3219, #2299, .T. ) ;
#2894 = VERTEX_POINT ( 'NONE', #2055 ) ;
#2895 = CARTESIAN_POINT ( 'NONE',  ( 0.5898502691896225800, 1.021650635094604000, -1.420833333333344300 ) ) ;
#2896 = CARTESIAN_POINT ( 'NONE',  ( 0.0000000000000000000, 0.7401923788646381800, 1.599999999999999000 ) ) ;
#2897 = CARTESIAN_POINT ( 'NONE',  ( 0.6410254037844127500, 0.3700961894323185300, 2.333333333333332100 ) ) ;
#2898 = ORIENTED_EDGE ( 'NONE', *, *, #1842, .F. ) ;
#2899 = AXIS2_PLACEMENT_3D ( 'NONE', #1421, #2919, #3869 ) ;
#2900 = DATE_AND_TIME ( #439, #3184 ) ;
#2901 = CARTESIAN_POINT ( 'NONE',  ( -0.4273502691896085600, -0.7401923788646379600, -0.1833333333333400100 ) ) ;
#2902 = CARTESIAN_POINT ( 'NONE',  ( -0.07172492940087035800, -0.9346133341603117800, 2.886138061986250700 ) ) ;
#2903 = VECTOR ( 'NONE', #240, 1000.000000000000000 ) ;
#2904 = CARTESIAN_POINT ( 'NONE',  ( -0.8547005383792165600, 5.233531392778135700E-017, 0.1499999999999930300 ) ) ;
#2905 = FACE_OUTER_BOUND ( 'NONE', #1400, .T. ) ;
#2906 = CARTESIAN_POINT ( 'NONE',  ( -1.179700538379243800, 7.223582441392750400E-017, -2.062499999999990200 ) ) ;
#2907 = AXIS2_PLACEMENT_3D ( 'NONE', #936, #3628, #2139 ) ;
#2908 = FACE_OUTER_BOUND ( 'NONE', #335, .T. ) ;
#2909 = CARTESIAN_POINT ( 'NONE',  ( 0.8660254037844382600, 0.4999999999999988300, -1.016666666666662200 ) ) ;
#2910 = ORIENTED_EDGE ( 'NONE', *, *, #1116, .F. ) ;
#2911 = CARTESIAN_POINT ( 'NONE',  ( -0.5898502691896218000, 1.021650635094604400, 0.2458333333333223000 ) ) ;
#2912 =( LENGTH_UNIT ( ) NAMED_UNIT ( * ) SI_UNIT ( .MILLI., .METRE. ) );
#2913 = CARTESIAN_POINT ( 'NONE',  ( 0.6410254037844123100, -0.3700961894323194200, 2.666666666666665200 ) ) ;
#2914 = ORIENTED_EDGE ( 'NONE', *, *, #1607, .F. ) ;
#2915 = CARTESIAN_POINT ( 'NONE',  ( 0.0000000000000000000, 0.7401923788646381800, 0.4499999999999933500 ) ) ;
#2916 =( BOUNDED_CURVE ( )  B_SPLINE_CURVE ( 2, ( #2741, #28, #40, #1550, #1517, #669, #2430, #2723, #2454 ),
 .UNSPECIFIED., .F., .F. ) 
 B_SPLINE_CURVE_WITH_KNOTS ( ( 3, 2, 2, 2, 3 ),
 ( 0.8593750000000000000, 0.8645833333333333700, 0.8750000000000000000, 0.8854166666666666300, 0.8906250000000000000 ),
 .UNSPECIFIED. ) 
 CURVE ( )  GEOMETRIC_REPRESENTATION_ITEM ( )  RATIONAL_B_SPLINE_CURVE ( ( 0.9330127018922194100, 0.9330127018922194100, 1.000000000000000000, 0.8660254037844387100, 1.000000000000000000, 0.8660254037844387100, 1.000000000000000000, 0.9330127018922194100, 0.9330127018922194100 ) ) 
 REPRESENTATION_ITEM ( '' )  );
#2917 = CARTESIAN_POINT ( 'NONE',  ( -0.6410254037844125300, -0.3700961894323189200, -0.6166666666666733600 ) ) ;
#2918 = CARTESIAN_POINT ( 'NONE',  ( 0.6410254037844123100, -0.3700961894323194200, 3.066666666666665500 ) ) ;
#2919 = DIRECTION ( 'NONE',  ( -0.0000000000000000000, -0.0000000000000000000, -1.000000000000000000 ) ) ;
#2920 = DIRECTION ( 'NONE',  ( -0.0000000000000000000, -0.0000000000000000000, -1.000000000000000000 ) ) ;
#2921 = EDGE_CURVE ( 'NONE', #1017, #2200, #1723, .T. ) ;
#2922 = CARTESIAN_POINT ( 'NONE',  ( -0.5898502691896223600, -1.021650635094604200, -0.02083333333334404600 ) ) ;
#2923 = CARTESIAN_POINT ( 'NONE',  ( 0.8372595264191455800, -9.906428392339986900E-015, -2.793958256229949600 ) ) ;
#2924 =( BOUNDED_CURVE ( )  B_SPLINE_CURVE ( 2, ( #1360, #3452, #3751, #3441, #2213, #2501, #452, #2265, #2513 ),
 .UNSPECIFIED., .F., .F. ) 
 B_SPLINE_CURVE_WITH_KNOTS ( ( 3, 2, 2, 2, 3 ),
 ( 0.4218750000000000000, 0.4270833333333333700, 0.4375000000000000000, 0.4479166666666666300, 0.4531250000000000000 ),
 .UNSPECIFIED. ) 
 CURVE ( )  GEOMETRIC_REPRESENTATION_ITEM ( )  RATIONAL_B_SPLINE_CURVE ( ( 0.9330127018922194100, 0.9330127018922194100, 1.000000000000000000, 0.8660254037844387100, 1.000000000000000000, 0.8660254037844387100, 1.000000000000000000, 0.9330127018922194100, 0.9330127018922194100 ) ) 
 REPRESENTATION_ITEM ( '' )  );
#2925 = DIRECTION ( 'NONE',  ( 1.000000000000000000, 0.0000000000000000000, 0.0000000000000000000 ) ) ;
#2926 = CARTESIAN_POINT ( 'NONE',  ( -0.5773502691896256200, -0.9999999999999988900, 0.8166666666666709800 ) ) ;
#2927 = CARTESIAN_POINT ( 'NONE',  ( -0.8547005383792165600, 5.233531392778135700E-017, -0.2500000000000067200 ) ) ;
#2928 = CARTESIAN_POINT ( 'NONE',  ( 0.9999999999999991100, 1.224646799147352200E-016, 3.000000000000002700 ) ) ;
#2929 = CARTESIAN_POINT ( 'NONE',  ( 0.0000000000000000000, 0.0000000000000000000, 3.000000000000002700 ) ) ;
#2930 = CARTESIAN_POINT ( 'NONE',  ( -9.064742275298441300E-017, -0.7401923788646381800, 0.6499999999999930300 ) ) ;
#2931 = CARTESIAN_POINT ( 'NONE',  ( 0.0000000000000000000, 1.021650635094604400, 0.2375000000000098400 ) ) ;
#2932 = CARTESIAN_POINT ( 'NONE',  ( -0.8660254037844378200, 0.4999999999999996700, 1.466666666666660100 ) ) ;
#2933 = DIRECTION ( 'NONE',  ( 0.0000000000000000000, 0.0000000000000000000, 1.000000000000000000 ) ) ;
#2934 = CARTESIAN_POINT ( 'NONE',  ( -1.251161180115467700E-016, -1.021650635094604400, -0.3875000000000106700 ) ) ;
#2935 = CARTESIAN_POINT ( 'NONE',  ( 0.5773502691896259500, 0.9999999999999988900, -2.583333333333329500 ) ) ;
#2936 = VERTEX_POINT ( 'NONE', #3533 ) ;
#2937 = CARTESIAN_POINT ( 'NONE',  ( 0.9999999999999993300, 0.2679491924311219200, 2.167863279495412700 ) ) ;
#2938 = ORIENTED_EDGE ( 'NONE', *, *, #2037, .T. ) ;
#2939 = CARTESIAN_POINT ( 'NONE',  ( -0.4273502691896085600, -0.7401923788646379600, 0.2166666666666597400 ) ) ;
#2940 = CARTESIAN_POINT ( 'NONE',  ( 0.9999999999999993300, 0.2679491924311219200, 0.9178632794954021400 ) ) ;
#2941 = ORIENTED_EDGE ( 'NONE', *, *, #2442, .F. ) ;
#2942 = DIRECTION ( 'NONE',  ( -0.0000000000000000000, -0.0000000000000000000, -1.000000000000000000 ) ) ;
#2943 = CARTESIAN_POINT ( 'NONE',  ( 0.6410254037844123100, -0.3700961894323194200, 1.116666666666659800 ) ) ;
#2944 = CARTESIAN_POINT ( 'NONE',  ( -0.4273502691896082200, 0.7401923788646381800, -0.7166666666666735600 ) ) ;
#2945 = CARTESIAN_POINT ( 'NONE',  ( 1.179700538379243800, -2.167074732417825400E-016, -1.862499999999990500 ) ) ;
#2946 = ORIENTED_EDGE ( 'NONE', *, *, #63, .F. ) ;
#2947 = EDGE_CURVE ( 'NONE', #183, #337, #812, .T. ) ;
#2948 =( BOUNDED_CURVE ( )  B_SPLINE_CURVE ( 2, ( #2163, #2745, #1564, #2147, #2445, #3084, #2456, #3684, #3066 ),
 .UNSPECIFIED., .F., .F. ) 
 B_SPLINE_CURVE_WITH_KNOTS ( ( 3, 2, 2, 2, 3 ),
 ( 0.4843750000000000000, 0.4895833333333333700, 0.5000000000000000000, 0.5104166666666667400, 0.5156250000000000000 ),
 .UNSPECIFIED. ) 
 CURVE ( )  GEOMETRIC_REPRESENTATION_ITEM ( )  RATIONAL_B_SPLINE_CURVE ( ( 0.9330127018922194100, 0.9330127018922194100, 1.000000000000000000, 0.8660254037844387100, 1.000000000000000000, 0.8660254037844387100, 1.000000000000000000, 0.9330127018922194100, 0.9330127018922194100 ) ) 
 REPRESENTATION_ITEM ( '' )  );
#2949 = DIRECTION ( 'NONE',  ( -1.000000000000000000, 0.0000000000000000000, 0.0000000000000000000 ) ) ;
#2950 = VERTEX_POINT ( 'NONE', #3221 ) ;
#2951 = CARTESIAN_POINT ( 'NONE',  ( 0.9999999999999988900, -0.2679491924311228100, 0.1321367205045962900 ) ) ;
#2952 = APPROVAL_PERSON_ORGANIZATION ( #1679, #3556, #1483 ) ;
#2953 = CARTESIAN_POINT ( 'NONE',  ( -0.5898502691896218000, 1.021650635094604400, -0.1541666666666774200 ) ) ;
#2954 = CARTESIAN_POINT ( 'NONE',  ( 0.5773502691896259500, 0.9999999999999988900, 2.216666666666671200 ) ) ;
#2955 = AXIS2_PLACEMENT_3D ( 'NONE', #667, #2156, #369 ) ;
#2956 = VECTOR ( 'NONE', #3395, 1000.000000000000000 ) ;
#2957 = CARTESIAN_POINT ( 'NONE',  ( 0.6410254037844127500, 0.3700961894323185300, 1.583333333333326400 ) ) ;
#2958 = CARTESIAN_POINT ( 'NONE',  ( -0.7393871033050296600, -0.03451766497735638000, -2.696891108675441900 ) ) ;
#2959 = CARTESIAN_POINT ( 'NONE',  ( -0.9999999999999991100, 1.452555482747798400E-016, -1.700000000000006000 ) ) ;
#2960 = CARTESIAN_POINT ( 'NONE',  ( 0.8547005383792165600, -1.570059417833440500E-016, 0.7499999999999933400 ) ) ;
#2961 = EDGE_LOOP ( 'NONE', ( #3342, #2938, #480, #3820 ) ) ;
#2962 = CARTESIAN_POINT ( 'NONE',  ( 0.4273502691896080000, -0.7401923788646384000, 0.6833333333333268000 ) ) ;
#2963 = CARTESIAN_POINT ( 'NONE',  ( -0.5898502691896218000, 1.021650635094604400, -0.9291666666666570400 ) ) ;
#2964 = CC_DESIGN_DATE_AND_TIME_ASSIGNMENT ( #2900, #608, ( #1228 ) ) ;
#2965 = ORIENTED_EDGE ( 'NONE', *, *, #2348, .F. ) ;
#2966 = CARTESIAN_POINT ( 'NONE',  ( -0.9999999999999991100, 0.2679491924311225800, -0.8678632794954037600 ) ) ;
#2967 = CARTESIAN_POINT ( 'NONE',  ( -1.251161180115467700E-016, -1.021650635094604400, 1.612499999999988900 ) ) ;
#2968 = CARTESIAN_POINT ( 'NONE',  ( 0.7433463941989729700, -2.168904970561425800, -2.980756665990556400 ) ) ;
#2969 = CARTESIAN_POINT ( 'NONE',  ( -1.124999999999991600, 1.948557158514973200, 3.000000000000002700 ) ) ;
#2970 = CARTESIAN_POINT ( 'NONE',  ( -0.6410254037844125300, -0.3700961894323189200, 2.183333333333326900 ) ) ;
#2971 = DIRECTION ( 'NONE',  ( 1.000000000000000000, 0.0000000000000000000, 0.0000000000000000000 ) ) ;
#2972 = CARTESIAN_POINT ( 'NONE',  ( 0.9999999999999988900, -0.2679491924311228100, -1.117863279495414200 ) ) ;
#2973 = CARTESIAN_POINT ( 'NONE',  ( 0.6410254037844123100, -0.3700961894323194200, 1.516666666666660200 ) ) ;
#2974 = CARTESIAN_POINT ( 'NONE',  ( 0.6410254037844123100, -0.3700961894323194200, -0.4833333333333399400 ) ) ;
#2975 = EDGE_CURVE ( 'NONE', #2158, #3874, #758, .T. ) ;
#2976 = CARTESIAN_POINT ( 'NONE',  ( -0.8847754037844329800, -0.5108253175473019800, -1.229166666666657000 ) ) ;
#2977 = CARTESIAN_POINT ( 'NONE',  ( -0.8660254037844379300, -0.4999999999999993300, -0.01666666666666218000 ) ) ;
#2978 = CARTESIAN_POINT ( 'NONE',  ( -0.5898502691896223600, -1.021650635094604200, 0.7791666666666557900 ) ) ;
#2979 = CARTESIAN_POINT ( 'NONE',  ( -0.9999999999999991100, 0.0000000000000000000, 3.000000000000002700 ) ) ;
#2980 = DIRECTION ( 'NONE',  ( -0.0000000000000000000, -0.0000000000000000000, -1.000000000000000000 ) ) ;
#2981 = CARTESIAN_POINT ( 'NONE',  ( -0.6410254037844124200, 0.3700961894323192000, 2.516666666666659900 ) ) ;
#2982 = CARTESIAN_POINT ( 'NONE',  ( -0.4273502691896085600, -0.7401923788646378500, -0.1833333333333400400 ) ) ;
#2983 = CARTESIAN_POINT ( 'NONE',  ( -1.251161180115467700E-016, -1.021650635094604400, 0.03750000000000974800 ) ) ;
#2984 = VERTEX_POINT ( 'NONE', #1738 ) ;
#2985 =( BOUNDED_CURVE ( )  B_SPLINE_CURVE ( 2, ( #3022, #190, #147, #3059, #1280, #1059, #782, #2867, #3738, #3453, #1943, #2555, #2544, #3378, #1667, #2169, #1361, #164, #1654, #3166, #3442, #2236, #3765, #3136, #1973, #2278, #475, #466, #1049, #1266, #3752, #1347, #504, #1958, #679, #177, #2266, #2751, #966, #3824, #231, #551, #1464, #170, #2312, #3473, #1194, #2373, #1814, #2079, #1204, #601, #3567, #3288, #575, #590, #3882, #3246, #2677, #2661, #1164, #2944, #876, #1745, #889, #1501, #1153, #3867, #2974, #1489, #1455, #1770, #561, #3553, #3594, #3584, #2393, #2982, #3302, #3258, #919, #2344, #2687, #1757, #2090, #3856, #1477, #2066, #3540, #3842, #2049, #901, #2647, #275, #287, #1192, #2370, #2359, #1181, #1781, #317, #614, #2383, #2962, #3271, #304, #1466, #2993, #1796, #13, #266, #2633, #866, #3027, #632, #2750, #1807, #367, #956, #2438, #1215, #1558, #3019, #3655, #1230, #1862, #3327, #2414, #26, #665, #2153, #378, #1241, #3041, #3341, #1850, #50, #2119, #965, #1512, #2736, #1263, #1250, #644, #652, #3607, #62, #2730, #3050, #3363, #1534, #3619, #1524, #2702, #3350, #344, #2105, #2130, #2450, #1827, #36, #1547, #3008, #676, #330 ),
 .UNSPECIFIED., .F., .F. ) 
 B_SPLINE_CURVE_WITH_KNOTS ( ( 3, 2, 2, 2, 2, 2, 2, 2, 2, 2, 2, 2, 2, 2, 2, 2, 2, 2, 2, 2, 2, 2, 2, 2, 2, 2, 2, 2, 2, 2, 2, 2, 2, 2, 2, 2, 2, 2, 2, 2, 2, 2, 2, 2, 2, 2, 2, 2, 2, 2, 2, 2, 2, 2, 2, 2, 2, 2, 2, 2, 2, 2, 2, 2, 2, 2, 2, 2, 2, 2, 2, 2, 2, 2, 2, 2, 2, 2, 2, 2, 2, 2, 3 ),
 ( 0.07065765040703780900, 0.07291666666666667100, 0.08333333333333332900, 0.09375000000000000000, 0.1041666666666666700, 0.1145833333333333300, 0.1250000000000000000, 0.1354166666666666600, 0.1458333333333333400, 0.1562500000000000000, 0.1666666666666666600, 0.1770833333333333400, 0.1875000000000000000, 0.1979166666666666600, 0.2083333333333333400, 0.2187500000000000000, 0.2291666666666666600, 0.2395833333333333400, 0.2500000000000000000, 0.2604166666666666900, 0.2708333333333333700, 0.2812500000000000000, 0.2916666666666666900, 0.3020833333333333700, 0.3125000000000000000, 0.3229166666666666900, 0.3333333333333333100, 0.3437500000000000000, 0.3541666666666666900, 0.3645833333333333100, 0.3750000000000000000, 0.3854166666666667400, 0.3958333333333333100, 0.4062500000000000000, 0.4166666666666666900, 0.4270833333333333100, 0.4375000000000000000, 0.4479166666666667400, 0.4583333333333333100, 0.4687500000000000000, 0.4791666666666666900, 0.4895833333333333100, 0.5000000000000000000, 0.5104166666666666300, 0.5208333333333333700, 0.5312500000000000000, 0.5416666666666666300, 0.5520833333333333700, 0.5625000000000000000, 0.5729166666666665200, 0.5833333333333332600, 0.5937500000000000000, 0.6041666666666665200, 0.6145833333333332600, 0.6250000000000000000, 0.6354166666666665200, 0.6458333333333332600, 0.6562500000000000000, 0.6666666666666665200, 0.6770833333333332600, 0.6875000000000000000, 0.6979166666666665200, 0.7083333333333332600, 0.7187500000000000000, 0.7291666666666665200, 0.7395833333333332600, 0.7500000000000000000, 0.7604166666666665200, 0.7708333333333332600, 0.7812500000000000000, 0.7916666666666665200, 0.8020833333333332600, 0.8125000000000000000, 0.8229166666666665200, 0.8333333333333332600, 0.8437500000000000000, 0.8541666666666665200, 0.8645833333333332600, 0.8750000000000000000, 0.8854166666666665200, 0.8958333333333332600, 0.9062500000000000000, 0.9134556995001772400 ),
 .UNSPECIFIED. ) 
 CURVE ( )  GEOMETRIC_REPRESENTATION_ITEM ( )  RATIONAL_B_SPLINE_CURVE ( ( 0.9544928785361412900, 0.9709455240420962200, 1.000000000000000000, 0.8660254037844387100, 1.000000000000000000, 0.8660254037844387100, 1.000000000000000000, 0.8660254037844387100, 1.000000000000000000, 0.8660254037844387100, 1.000000000000000000, 0.8660254037844387100, 1.000000000000000000, 0.8660254037844387100, 1.000000000000000000, 0.8660254037844387100, 1.000000000000000000, 0.8660254037844387100, 1.000000000000000000, 0.8660254037844387100, 1.000000000000000000, 0.8660254037844387100, 1.000000000000000000, 0.8660254037844387100, 1.000000000000000000, 0.8660254037844387100, 1.000000000000000000, 0.8660254037844387100, 1.000000000000000000, 0.8660254037844387100, 1.000000000000000000, 0.8660254037844387100, 1.000000000000000000, 0.8660254037844387100, 1.000000000000000000, 0.8660254037844387100, 1.000000000000000000, 0.8660254037844387100, 1.000000000000000000, 0.8660254037844387100, 1.000000000000000000, 0.8660254037844387100, 1.000000000000000000, 0.8660254037844387100, 1.000000000000000000, 0.8660254037844387100, 1.000000000000000000, 0.8660254037844387100, 1.000000000000000000, 0.8660254037844387100, 1.000000000000000000, 0.8660254037844387100, 1.000000000000000000, 0.8660254037844387100, 1.000000000000000000, 0.8660254037844387100, 1.000000000000000000, 0.8660254037844387100, 1.000000000000000000, 0.8660254037844387100, 1.000000000000000000, 0.8660254037844387100, 1.000000000000000000, 0.8660254037844387100, 1.000000000000000000, 0.8660254037844387100, 1.000000000000000000, 0.8660254037844387100, 1.000000000000000000, 0.8660254037844387100, 1.000000000000000000, 0.8660254037844387100, 1.000000000000000000, 0.8660254037844387100, 1.000000000000000000, 0.8660254037844387100, 1.000000000000000000, 0.8660254037844387100, 1.000000000000000000, 0.8660254037844387100, 1.000000000000000000, 0.8660254037844387100, 1.000000000000000000, 0.8660254037844387100, 1.000000000000000000, 0.8660254037844387100, 1.000000000000000000, 0.8660254037844387100, 1.000000000000000000, 0.8660254037844387100, 1.000000000000000000, 0.8660254037844387100, 1.000000000000000000, 0.8660254037844387100, 1.000000000000000000, 0.8660254037844387100, 1.000000000000000000, 0.8660254037844387100, 1.000000000000000000, 0.8660254037844387100, 1.000000000000000000, 0.8660254037844387100, 1.000000000000000000, 0.8660254037844387100, 1.000000000000000000, 0.8660254037844387100, 1.000000000000000000, 0.8660254037844387100, 1.000000000000000000, 0.8660254037844387100, 1.000000000000000000, 0.8660254037844387100, 1.000000000000000000, 0.8660254037844387100, 1.000000000000000000, 0.8660254037844387100, 1.000000000000000000, 0.8660254037844387100, 1.000000000000000000, 0.8660254037844387100, 1.000000000000000000, 0.8660254037844387100, 1.000000000000000000, 0.8660254037844387100, 1.000000000000000000, 0.8660254037844387100, 1.000000000000000000, 0.8660254037844387100, 1.000000000000000000, 0.8660254037844387100, 1.000000000000000000, 0.8660254037844387100, 1.000000000000000000, 0.8660254037844387100, 1.000000000000000000, 0.8660254037844387100, 1.000000000000000000, 0.8660254037844387100, 1.000000000000000000, 0.8660254037844387100, 1.000000000000000000, 0.8660254037844387100, 1.000000000000000000, 0.8660254037844387100, 1.000000000000000000, 0.8660254037844387100, 1.000000000000000000, 0.8660254037844387100, 1.000000000000000000, 0.8660254037844387100, 1.000000000000000000, 0.8660254037844387100, 1.000000000000000000, 0.8660254037844387100, 1.000000000000000000, 0.8660254037844387100, 1.000000000000000000, 0.8660254037844387100, 1.000000000000000000, 0.8660254037844387100, 1.000000000000000000, 0.8660254037844387100, 1.000000000000000000, 0.9073234546252541000, 0.9428643818940230000 ) ) 
 REPRESENTATION_ITEM ( '' )  );
#2986 = CARTESIAN_POINT ( 'NONE',  ( -9.064742275298441300E-017, -0.7401923788646381800, -3.000000000000001300 ) ) ;
#2987 = CARTESIAN_POINT ( 'NONE',  ( 0.5898502691896225800, 1.021650635094604000, 0.5791666666666557300 ) ) ;
#2988 = ORIENTED_EDGE ( 'NONE', *, *, #649, .F. ) ;
#2989 = CARTESIAN_POINT ( 'NONE',  ( 0.0000000000000000000, 0.7401923788646381800, 2.849999999999993000 ) ) ;
#2990 = CARTESIAN_POINT ( 'NONE',  ( 0.6410254037844127500, 0.3700961894323185300, -2.066666666666668200 ) ) ;
#2991 = ORIENTED_EDGE ( 'NONE', *, *, #374, .F. ) ;
#2992 = CARTESIAN_POINT ( 'NONE',  ( 0.6410254037844123100, -0.3700961894323194200, 2.716666666666659700 ) ) ;
#2993 = CARTESIAN_POINT ( 'NONE',  ( 0.4273502691896087800, 0.7401923788646378500, 0.8166666666666598800 ) ) ;
#2994 = FACE_OUTER_BOUND ( 'NONE', #3551, .T. ) ;
#2995 = CARTESIAN_POINT ( 'NONE',  ( -0.8847754037844328700, 0.5108253175473023200, 1.504166666666676200 ) ) ;
#2996 = FACE_OUTER_BOUND ( 'NONE', #1622, .T. ) ;
#2997 = CARTESIAN_POINT ( 'NONE',  ( 0.0000000000000000000, 0.9999999999999991100, -1.400000000000006400 ) ) ;
#2998 = EDGE_CURVE ( 'NONE', #1592, #386, #2475, .T. ) ;
#2999 = CARTESIAN_POINT ( 'NONE',  ( -0.5435882173028664400, 0.5023908913772063800, -2.696891108675443200 ) ) ;
#3000 = CARTESIAN_POINT ( 'NONE',  ( -0.6410254037844125300, -0.3700961894323189200, -2.666666666666667900 ) ) ;
#3001 = CYLINDRICAL_SURFACE ( 'NONE', #1019, 0.9999999999999991100 ) ;
#3002 = CARTESIAN_POINT ( 'NONE',  ( -0.9999999999999991100, -0.2679491924311222500, 2.717863279495401400 ) ) ;
#3003 = ORIENTED_EDGE ( 'NONE', *, *, #1916, .T. ) ;
#3004 = CARTESIAN_POINT ( 'NONE',  ( -0.4273502691896082200, 0.7401923788646381800, 2.883333333333326600 ) ) ;
#3005 = CARTESIAN_POINT ( 'NONE',  ( -0.4273502691896085600, -0.7401923788646378500, -2.233333333333334700 ) ) ;
#3006 = CARTESIAN_POINT ( 'NONE',  ( -0.9999999999999991100, 1.452555482747798400E-016, 2.750000000000004400 ) ) ;
#3007 = CARTESIAN_POINT ( 'NONE',  ( 0.4273502691896080000, -0.7401923788646384000, 1.483333333333327000 ) ) ;
#3008 = CARTESIAN_POINT ( 'NONE',  ( -9.064742275298441300E-017, -0.7401923788646381800, 2.649999999999993700 ) ) ;
#3009 = ORIENTED_EDGE ( 'NONE', *, *, #2415, .T. ) ;
#3010 = CARTESIAN_POINT ( 'NONE',  ( -0.5898502691896223600, -1.021650635094604200, 0.8041666666666762400 ) ) ;
#3011 = CARTESIAN_POINT ( 'NONE',  ( -0.9999999999999991100, -0.2679491924311222500, 1.517863279495402300 ) ) ;
#3012 = CARTESIAN_POINT ( 'NONE',  ( 0.8547005383792165600, -1.570059417833440500E-016, -1.700000000000001300 ) ) ;
#3013 =( BOUNDED_CURVE ( )  B_SPLINE_CURVE ( 2, ( #375, #641, #2714, #3625, #928, #1258, #3359, #3025, #1554 ),
 .UNSPECIFIED., .F., .F. ) 
 B_SPLINE_CURVE_WITH_KNOTS ( ( 3, 2, 2, 2, 3 ),
 ( 0.2031250000000000000, 0.2083333333333333400, 0.2187500000000000000, 0.2291666666666666600, 0.2343750000000000000 ),
 .UNSPECIFIED. ) 
 CURVE ( )  GEOMETRIC_REPRESENTATION_ITEM ( )  RATIONAL_B_SPLINE_CURVE ( ( 0.9330127018922194100, 0.9330127018922194100, 1.000000000000000000, 0.8660254037844387100, 1.000000000000000000, 0.8660254037844387100, 1.000000000000000000, 0.9330127018922194100, 0.9330127018922194100 ) ) 
 REPRESENTATION_ITEM ( '' )  );
#3014 = APPLICATION_CONTEXT ( 'configuration controlled 3d designs of mechanical parts and assemblies' ) ;
#3015 = CARTESIAN_POINT ( 'NONE',  ( 0.0000000000000000000, 0.7401923788646381800, 3.249999999999993300 ) ) ;
#3016 = CARTESIAN_POINT ( 'NONE',  ( -0.9999999999999991100, -0.2679491924311222500, -2.832136720504586900 ) ) ;
#3017 = CARTESIAN_POINT ( 'NONE',  ( -0.9431470057948756500, 0.2941513251266608100, -2.933514078304174000 ) ) ;
#3018 = CARTESIAN_POINT ( 'NONE',  ( -0.4273502691896085600, -0.7401923788646379600, 2.216666666666660100 ) ) ;
#3019 = CARTESIAN_POINT ( 'NONE',  ( -0.6410254037844124200, 0.3700961894323192000, 1.316666666666659500 ) ) ;
#3020 = EDGE_CURVE ( 'NONE', #2046, #2894, #1917, .T. ) ;
#3021 = CARTESIAN_POINT ( 'NONE',  ( -0.8847754037844329800, -0.5108253175473019800, 0.3708333333333427900 ) ) ;
#3022 = CARTESIAN_POINT ( 'NONE',  ( -0.5435882173028663300, 0.5023908913772063800, -2.696891108675443200 ) ) ;
#3023 = CARTESIAN_POINT ( 'NONE',  ( 2.249999999999991600, 1.299038105676643400, -2.799038105676671300 ) ) ;
#3024 = ORIENTED_EDGE ( 'NONE', *, *, #2816, .T. ) ;
#3025 = CARTESIAN_POINT ( 'NONE',  ( 0.9999999999999988900, -0.2679491924311228100, -1.867863279495404000 ) ) ;
#3026 = CARTESIAN_POINT ( 'NONE',  ( 0.6410254037844123100, -0.3700961894323194200, -2.533333333333334500 ) ) ;
#3027 = CARTESIAN_POINT ( 'NONE',  ( -0.4273502691896085600, -0.7401923788646378500, 1.016666666666659700 ) ) ;
#3028 = ORIENTED_EDGE ( 'NONE', *, *, #3849, .T. ) ;
#3029 = CARTESIAN_POINT ( 'NONE',  ( 0.8847754037844326500, -0.5108253175473026500, 0.5041666666666762000 ) ) ;
#3030 = ORIENTED_EDGE ( 'NONE', *, *, #1916, .F. ) ;
#3031 = ORIENTED_EDGE ( 'NONE', *, *, #2535, .T. ) ;
#3032 = CARTESIAN_POINT ( 'NONE',  ( 0.4273502691896080000, -0.7401923788646384000, -0.1666666666666678200 ) ) ;
#3033 = EDGE_LOOP ( 'NONE', ( #2352, #1183, #1084, #3503 ) ) ;
#3034 = DIRECTION ( 'NONE',  ( -0.0000000000000000000, -0.0000000000000000000, -1.000000000000000000 ) ) ;
#3035 = CYLINDRICAL_SURFACE ( 'NONE', #3582, 0.9999999999999991100 ) ;
#3036 = CARTESIAN_POINT ( 'NONE',  ( 1.315951922094003900, 1.838311014891718300, -3.000000000000015100 ) ) ;
#3037 =( BOUNDED_CURVE ( )  B_SPLINE_CURVE ( 2, ( #65, #681, #119, #1603, #3095, #2250, #3430, #3696, #1048 ),
 .UNSPECIFIED., .F., .F. ) 
 B_SPLINE_CURVE_WITH_KNOTS ( ( 3, 2, 2, 2, 3 ),
 ( 0.6093750000000000000, 0.6145833333333332600, 0.6250000000000000000, 0.6354166666666667400, 0.6406250000000000000 ),
 .UNSPECIFIED. ) 
 CURVE ( )  GEOMETRIC_REPRESENTATION_ITEM ( )  RATIONAL_B_SPLINE_CURVE ( ( 0.9330127018922194100, 0.9330127018922194100, 1.000000000000000000, 0.8660254037844387100, 1.000000000000000000, 0.8660254037844387100, 1.000000000000000000, 0.9330127018922194100, 0.9330127018922194100 ) ) 
 REPRESENTATION_ITEM ( '' )  );
#3038 = CARTESIAN_POINT ( 'NONE',  ( -0.8660254037844378200, 0.4999999999999996700, 2.266666666666660800 ) ) ;
#3039 = CARTESIAN_POINT ( 'NONE',  ( 0.6410254037844123100, -0.3700961894323194200, -2.933333333333334500 ) ) ;
#3040 = CIRCLE ( 'NONE', #3697, 0.9999999999999991100 ) ;
#3041 = CARTESIAN_POINT ( 'NONE',  ( -0.4273502691896082200, 0.7401923788646381800, 1.683333333333326700 ) ) ;
#3042 = CYLINDRICAL_SURFACE ( 'NONE', #1452, 0.9999999999999991100 ) ;
#3043 = CARTESIAN_POINT ( 'NONE',  ( -0.5898502691896218000, 1.021650635094604400, 1.070833333333342900 ) ) ;
#3044 = EDGE_CURVE ( 'NONE', #636, #3498, #672, .T. ) ;
#3045 = ORIENTED_EDGE ( 'NONE', *, *, #2611, .T. ) ;
#3046 = CARTESIAN_POINT ( 'NONE',  ( -0.4273502691896085600, -0.7401923788646379600, -1.433333333333334700 ) ) ;
#3047 = ORIENTED_EDGE ( 'NONE', *, *, #967, .F. ) ;
#3048 = CARTESIAN_POINT ( 'NONE',  ( 2.249999999999991600, 1.299038105676643400, 2.799038105676671300 ) ) ;
#3049 = CARTESIAN_POINT ( 'NONE',  ( 0.0000000000000000000, 0.7401923788646381800, -1.200000000000001500 ) ) ;
#3050 = CARTESIAN_POINT ( 'NONE',  ( -0.6410254037844125300, -0.3700961894323189200, 2.183333333333326900 ) ) ;
#3051 = CARTESIAN_POINT ( 'NONE',  ( 1.179700538379243800, -2.167074732417825400E-016, 2.937500000000009300 ) ) ;
#3052 = CARTESIAN_POINT ( 'NONE',  ( -0.9999999999999991100, 1.452555482747798400E-016, -2.049999999999995400 ) ) ;
#3053 = CARTESIAN_POINT ( 'NONE',  ( -0.9999999999999991100, 1.452555482747798400E-016, 0.6999999999999937400 ) ) ;
#3054 = CARTESIAN_POINT ( 'NONE',  ( 0.0000000000000000000, 0.7401923788646381800, -1.600000000000001400 ) ) ;
#3055 = CARTESIAN_POINT ( 'NONE',  ( 0.9999999999999993300, 0.2679491924311219200, -0.6321367205045874700 ) ) ;
#3056 = CARTESIAN_POINT ( 'NONE',  ( -0.6410254037844125300, -0.3700961894323189200, -2.666666666666667900 ) ) ;
#3057 = CARTESIAN_POINT ( 'NONE',  ( 0.6410254037844123100, -0.3700961894323194200, -2.133333333333334600 ) ) ;
#3058 = EDGE_CURVE ( 'NONE', #1255, #291, #1313, .T. ) ;
#3059 = CARTESIAN_POINT ( 'NONE',  ( -0.8547005383792165600, 5.233531392778135700E-017, -2.650000000000007000 ) ) ;
#3060 = CARTESIAN_POINT ( 'NONE',  ( 0.8660254037844377100, -0.5000000000000000000, -2.333333333333339300 ) ) ;
#3061 = CARTESIAN_POINT ( 'NONE',  ( -0.8847754037844329800, -0.5108253175473019800, 2.345833333333323000 ) ) ;
#3062 = CARTESIAN_POINT ( 'NONE',  ( -0.7671548792844642400, 0.2495716626787595500, -2.754163374182017100 ) ) ;
#3063 = CARTESIAN_POINT ( 'NONE',  ( 0.8547005383792165600, -1.570059417833440500E-016, 0.2999999999999986000 ) ) ;
#3064 = AXIS2_PLACEMENT_3D ( 'NONE', #509, #1354, #2884 ) ;
#3065 = ORIENTED_EDGE ( 'NONE', *, *, #3218, .T. ) ;
#3066 = CARTESIAN_POINT ( 'NONE',  ( 0.9999999999999991100, -4.357666448243395000E-016, 0.09999999999999392700 ) ) ;
#3067 = DIRECTION ( 'NONE',  ( -0.0000000000000000000, -0.0000000000000000000, -1.000000000000000000 ) ) ;
#3068 = DIRECTION ( 'NONE',  ( -0.0000000000000000000, -0.0000000000000000000, -1.000000000000000000 ) ) ;
#3069 = CARTESIAN_POINT ( 'NONE',  ( -0.9999999999999991100, -0.2679491924311222500, -0.08213672050459797100 ) ) ;
#3070 = ORIENTED_EDGE ( 'NONE', *, *, #39, .T. ) ;
#3071 = ORIENTED_EDGE ( 'NONE', *, *, #1338, .T. ) ;
#3072 = CARTESIAN_POINT ( 'NONE',  ( -9.064742275298441300E-017, -0.7401923788646381800, -0.6000000000000010900 ) ) ;
#3073 = CARTESIAN_POINT ( 'NONE',  ( 0.4273502691896087800, 0.7401923788646378500, -0.8333333333333348100 ) ) ;
#3074 = DIRECTION ( 'NONE',  ( -1.000000000000000000, -1.335390754433023200E-015, 0.0000000000000000000 ) ) ;
#3075 = CARTESIAN_POINT ( 'NONE',  ( 0.5898502691896225800, 1.021650635094604000, 2.979166666666655900 ) ) ;
#3076 = CARTESIAN_POINT ( 'NONE',  ( -0.5773502691896251800, 0.9999999999999991100, 0.6833333333333375700 ) ) ;
#3077 = ORIENTED_EDGE ( 'NONE', *, *, #1116, .T. ) ;
#3078 = VECTOR ( 'NONE', #362, 1000.000000000000000 ) ;
#3079 = CARTESIAN_POINT ( 'NONE',  ( -0.8660254037844378200, 0.4999999999999996700, -0.08333333333332888800 ) ) ;
#3080 = CARTESIAN_POINT ( 'NONE',  ( 0.0000000000000000000, 0.7401923788646381800, -1.200000000000001500 ) ) ;
#3081 = FACE_OUTER_BOUND ( 'NONE', #3828, .T. ) ;
#3082 = ADVANCED_FACE ( 'NONE', ( #2667 ), #3574, .F. ) ;
#3083 = CYLINDRICAL_SURFACE ( 'NONE', #3256, 0.9999999999999991100 ) ;
#3084 = CARTESIAN_POINT ( 'NONE',  ( 0.5773502691896259500, 0.9999999999999988900, 0.1666666666666607700 ) ) ;
#3085 = FACE_OUTER_BOUND ( 'NONE', #2525, .T. ) ;
#3086 = CARTESIAN_POINT ( 'NONE',  ( 0.9999999999999991100, -4.357666448243395000E-016, -1.900000000000005900 ) ) ;
#3087 = EDGE_CURVE ( 'NONE', #1526, #2046, #2795, .T. ) ;
#3088 = LINE ( 'NONE', #1855, #1363 ) ;
#3089 = DIRECTION ( 'NONE',  ( -0.0000000000000000000, -0.0000000000000000000, -1.000000000000000000 ) ) ;
#3090 = CARTESIAN_POINT ( 'NONE',  ( -0.5773502691896251800, 0.9999999999999991100, -2.566666666666672600 ) ) ;
#3091 = CARTESIAN_POINT ( 'NONE',  ( 0.8547005383792165600, -1.570059417833440500E-016, -0.1000000000000011300 ) ) ;
#3092 = CARTESIAN_POINT ( 'NONE',  ( 0.4273502691896087800, 0.7401923788646378500, -1.233333333333334500 ) ) ;
#3093 = ORIENTED_EDGE ( 'NONE', *, *, #482, .F. ) ;
#3094 = CARTESIAN_POINT ( 'NONE',  ( -0.8847754037844328700, 0.5108253175473023200, 2.279166666666656100 ) ) ;
#3095 = CARTESIAN_POINT ( 'NONE',  ( 0.0000000000000000000, 0.9999999999999991100, -0.6000000000000059700 ) ) ;
#3096 = CARTESIAN_POINT ( 'NONE',  ( -0.8660254037844379300, -0.4999999999999993300, 0.3333333333333272600 ) ) ;
#3097 = B_SPLINE_CURVE_WITH_KNOTS ( 'NONE', 3,
 ( #3339, #24, #1487, #2412 ),
 .UNSPECIFIED., .F., .F.,
 ( 4, 4 ),
 ( 0.0000000000000000000, 0.0005922949196430992400 ),
 .UNSPECIFIED. ) ;
#3098 = EDGE_LOOP ( 'NONE', ( #3003, #860, #1670, #545 ) ) ;
#3099 = CARTESIAN_POINT ( 'NONE',  ( -9.064742275298441300E-017, -0.7401923788646381800, 0.5999999999999985300 ) ) ;
#3100 = CARTESIAN_POINT ( 'NONE',  ( 0.9999999999999991100, -4.357666448243395000E-016, 0.5500000000000044900 ) ) ;
#3101 = CARTESIAN_POINT ( 'NONE',  ( -0.9999999999999991100, 1.452555482747798400E-016, 1.150000000000004400 ) ) ;
#3102 = CARTESIAN_POINT ( 'NONE',  ( 0.6410254037844123100, -0.3700961894323194200, 0.6666666666666651900 ) ) ;
#3103 = CARTESIAN_POINT ( 'NONE',  ( -0.6410254037844124200, 0.3700961894323192000, 0.8666666666666658100 ) ) ;
#3104 = CARTESIAN_POINT ( 'NONE',  ( -0.6238667204236344500, 0.7815307512490193800, -2.956698729810803600 ) ) ;
#3105 = CALENDAR_DATE ( 2021, 15, 12 ) ;
#3106 = ADVANCED_FACE ( 'NONE', ( #3232 ), #2453, .F. ) ;
#3107 = EDGE_LOOP ( 'NONE', ( #261, #704, #1904, #3093 ) ) ;
#3108 = CARTESIAN_POINT ( 'NONE',  ( -2.250000000000001800, 0.0000000000000000000, -3.000000000000002700 ) ) ;
#3109 = CARTESIAN_POINT ( 'NONE',  ( -0.8847754037844329800, -0.5108253175473019800, 2.745833333333322500 ) ) ;
#3110 = CARTESIAN_POINT ( 'NONE',  ( 0.0000000000000000000, 0.0000000000000000000, 3.000000000000002700 ) ) ;
#3111 = CARTESIAN_POINT ( 'NONE',  ( 0.0000000000000000000, 0.7401923788646381800, -3.150000000000007000 ) ) ;
#3112 = CARTESIAN_POINT ( 'NONE',  ( 0.6410254037844123100, -0.3700961894323194200, 0.6666666666666651900 ) ) ;
#3113 = CARTESIAN_POINT ( 'NONE',  ( 0.9999999999999991100, -4.357666448243395000E-016, 2.099999999999994300 ) ) ;
#3114 = CARTESIAN_POINT ( 'NONE',  ( 0.6410254037844127500, 0.3700961894323185300, 0.7333333333333323900 ) ) ;
#3115 = CARTESIAN_POINT ( 'NONE',  ( 0.4273502691896087800, 0.7401923788646378500, -0.03333333333333443600 ) ) ;
#3116 = CARTESIAN_POINT ( 'NONE',  ( -0.9999999999999991100, 1.452555482747798400E-016, 1.150000000000004400 ) ) ;
#3117 = EDGE_CURVE ( 'NONE', #2192, #1628, #2985, .T. ) ;
#3118 = CARTESIAN_POINT ( 'NONE',  ( 0.5773502691896250600, -0.9999999999999993300, -2.766666666666673300 ) ) ;
#3119 = VERTEX_POINT ( 'NONE', #1839 ) ;
#3120 = CARTESIAN_POINT ( 'NONE',  ( 0.8547005383792165600, -1.570059417833440500E-016, -2.850000000000006800 ) ) ;
#3121 = DIRECTION ( 'NONE',  ( -1.000000000000000000, 0.0000000000000000000, 0.0000000000000000000 ) ) ;
#3122 = CARTESIAN_POINT ( 'NONE',  ( -2.250000000000001800, 0.4426578913696203000, -2.980556613359313500 ) ) ;
#3123 = PRODUCT ( '93355A510_Low-Strength Steel Coupling Nut', '93355A510_Low-Strength Steel Coupling Nut', '', ( #1472 ) ) ;
#3124 = VERTEX_POINT ( 'NONE', #2717 ) ;
#3125 = CARTESIAN_POINT ( 'NONE',  ( 0.0000000000000000000, 0.7401923788646381800, 1.599999999999999000 ) ) ;
#3126 = ADVANCED_FACE ( 'NONE', ( #1822 ), #3313, .F. ) ;
#3127 = ORIENTED_EDGE ( 'NONE', *, *, #3520, .F. ) ;
#3128 = EDGE_LOOP ( 'NONE', ( #3778, #3365, #1508, #797 ) ) ;
#3129 = CARTESIAN_POINT ( 'NONE',  ( 1.881317441191435300, 1.511897080250283100, 2.910744989968459900 ) ) ;
#3130 = CARTESIAN_POINT ( 'NONE',  ( 0.9999999999999993300, 0.2679491924311219200, -2.682136720504598100 ) ) ;
#3131 = CARTESIAN_POINT ( 'NONE',  ( 0.4273502691896080000, -0.7401923788646384000, 1.033333333333332300 ) ) ;
#3132 = CARTESIAN_POINT ( 'NONE',  ( 0.6410254037844123100, -0.3700961894323194200, 1.066666666666665300 ) ) ;
#3133 = FACE_OUTER_BOUND ( 'NONE', #3033, .T. ) ;
#3134 = CARTESIAN_POINT ( 'NONE',  ( -0.8660254037844378200, 0.4999999999999996700, -0.1333333333333396000 ) ) ;
#3135 = CARTESIAN_POINT ( 'NONE',  ( 0.6410254037844123100, -0.3700961894323194200, -2.083333333333340100 ) ) ;
#3136 = CARTESIAN_POINT ( 'NONE',  ( 0.4273502691896087800, 0.7401923788646378500, -1.983333333333340500 ) ) ;
#3137 = CARTESIAN_POINT ( 'NONE',  ( -0.9999999999999991100, 1.452555482747798400E-016, -0.8499999999999956500 ) ) ;
#3138 = CYLINDRICAL_SURFACE ( 'NONE', #1147, 0.9999999999999991100 ) ;
#3139 = CARTESIAN_POINT ( 'NONE',  ( 0.0000000000000000000, 0.7401923788646381800, -2.750000000000006700 ) ) ;
#3140 = CARTESIAN_POINT ( 'NONE',  ( -0.8547005383792165600, 5.233531392778135700E-017, 1.299999999999998900 ) ) ;
#3141 = ORIENTED_EDGE ( 'NONE', *, *, #3687, .F. ) ;
#3142 = CARTESIAN_POINT ( 'NONE',  ( 0.0000000000000000000, 0.0000000000000000000, 3.000000000000002700 ) ) ;
#3143 = CARTESIAN_POINT ( 'NONE',  ( 2.249999999999993300, 3.004629197474293600E-015, -3.000000000000002700 ) ) ;
#3144 = EDGE_CURVE ( 'NONE', #1350, #1404, #917, .T. ) ;
#3145 = EDGE_LOOP ( 'NONE', ( #1686, #3276, #1319 ) ) ;
#3146 = CARTESIAN_POINT ( 'NONE',  ( -1.179700538379243800, 7.223582441392750400E-017, -2.887500000000011300 ) ) ;
#3147 = CARTESIAN_POINT ( 'NONE',  ( -0.4273502691896085600, -0.7401923788646379600, 2.966666666666665000 ) ) ;
#3148 = CARTESIAN_POINT ( 'NONE',  ( -0.4273502691896085600, -0.7401923788646378500, 0.5666666666666654300 ) ) ;
#3149 = CARTESIAN_POINT ( 'NONE',  ( -0.8660254037844379300, -0.4999999999999993300, 0.3833333333333375800 ) ) ;
#3150 = ADVANCED_FACE ( 'NONE', ( #714 ), #1684, .F. ) ;
#3151 = CARTESIAN_POINT ( 'NONE',  ( -0.4273502691896085600, -0.7401923788646379600, -0.9833333333333403900 ) ) ;
#3152 = CARTESIAN_POINT ( 'NONE',  ( 0.8847754037844326500, -0.5108253175473026500, 2.504166666666676200 ) ) ;
#3153 = AXIS2_PLACEMENT_3D ( 'NONE', #3214, #2290, #1389 ) ;
#3154 = CARTESIAN_POINT ( 'NONE',  ( -9.064742275298441300E-017, -0.7401923788646381800, -1.750000000000006900 ) ) ;
#3155 = B_SPLINE_CURVE_WITH_KNOTS ( 'NONE', 3,
 ( #3204, #3229, #3482, #808, #1417, #1100 ),
 .UNSPECIFIED., .F., .F.,
 ( 4, 2, 4 ),
 ( 0.002178110090028790900, 0.002531142167805281100, 0.002884174245581771700 ),
 .UNSPECIFIED. ) ;
#3156 = CARTESIAN_POINT ( 'NONE',  ( 0.4273502691896087200, 0.7401923788646379600, 2.366666666666665400 ) ) ;
#3157 = DIRECTION ( 'NONE',  ( -0.0000000000000000000, -0.0000000000000000000, -1.000000000000000000 ) ) ;
#3158 = LOCAL_TIME ( 15, 38, 30.00000000000000000, #69 ) ;
#3159 = CARTESIAN_POINT ( 'NONE',  ( -1.224646799147352500E-016, -0.9999999999999991100, 0.7999999999999937200 ) ) ;
#3160 = CARTESIAN_POINT ( 'NONE',  ( 0.0000000000000000000, 0.0000000000000000000, 3.000000000000002700 ) ) ;
#3161 = CARTESIAN_POINT ( 'NONE',  ( -0.4273502691896082200, 0.7401923788646381800, 1.633333333333332000 ) ) ;
#3162 = CARTESIAN_POINT ( 'NONE',  ( -0.6410254037844125300, -0.3700961894323189200, 0.9333333333333320200 ) ) ;
#3163 = CARTESIAN_POINT ( 'NONE',  ( 0.002568676386930651800, 0.7904416263803589700, -2.731204945789954800 ) ) ;
#3164 = CARTESIAN_POINT ( 'NONE',  ( -0.6410254037844125300, -0.3700961894323189200, -1.416666666666673400 ) ) ;
#3165 = CARTESIAN_POINT ( 'NONE',  ( 0.8660254037844382600, 0.4999999999999988300, 1.383333333333337500 ) ) ;
#3166 = CARTESIAN_POINT ( 'NONE',  ( 0.4273502691896080000, -0.7401923788646384000, -2.116666666666673800 ) ) ;
#3167 = CARTESIAN_POINT ( 'NONE',  ( 0.0000000000000000000, 0.7401923788646381800, -1.550000000000006900 ) ) ;
#3168 = CARTESIAN_POINT ( 'NONE',  ( -1.251161180115467700E-016, -1.021650635094604400, -2.762499999999990900 ) ) ;
#3169 = ADVANCED_FACE ( 'NONE', ( #2517 ), #2821, .F. ) ;
#3170 = EDGE_CURVE ( 'NONE', #617, #2214, #215, .T. ) ;
#3171 = DIRECTION ( 'NONE',  ( -0.0000000000000000000, -0.0000000000000000000, -1.000000000000000000 ) ) ;
#3172 = CARTESIAN_POINT ( 'NONE',  ( 1.179700538379243800, -2.167074732417825400E-016, -2.687500000000011500 ) ) ;
#3173 = ORIENTED_EDGE ( 'NONE', *, *, #3249, .T. ) ;
#3174 = CARTESIAN_POINT ( 'NONE',  ( 0.4273502691896080000, -0.7401923788646384000, 1.833333333333331700 ) ) ;
#3175 = CARTESIAN_POINT ( 'NONE',  ( -9.064742275298441300E-017, -0.7401923788646381800, 2.199999999999998800 ) ) ;
#3176 = CARTESIAN_POINT ( 'NONE',  ( 0.9999999999999991100, 2.614599868946037500E-016, -2.700000000000006800 ) ) ;
#3177 = CARTESIAN_POINT ( 'NONE',  ( -0.4273502691896085600, -0.7401923788646379600, -1.383333333333340400 ) ) ;
#3178 = DIRECTION ( 'NONE',  ( -1.000000000000000000, 0.0000000000000000000, 0.0000000000000000000 ) ) ;
#3179 = VERTEX_POINT ( 'NONE', #3104 ) ;
#3180 = CARTESIAN_POINT ( 'NONE',  ( 0.4273502691896087200, 0.7401923788646379600, -2.783333333333339900 ) ) ;
#3181 = CARTESIAN_POINT ( 'NONE',  ( -1.179700538379243800, 7.223582441392750400E-017, -2.462499999999990600 ) ) ;
#3182 = AXIS2_PLACEMENT_3D ( 'NONE', #66, #1270, #3367 ) ;
#3183 = VERTEX_POINT ( 'NONE', #3425 ) ;
#3184 = LOCAL_TIME ( 15, 38, 30.00000000000000000, #89 ) ;
#3185 = FACE_OUTER_BOUND ( 'NONE', #3145, .T. ) ;
#3186 = CONICAL_SURFACE ( 'NONE', #659, 1.043301270189199000, 0.7853981633974500600 ) ;
#3187 = CARTESIAN_POINT ( 'NONE',  ( -0.8847754037844329800, -0.5108253175473019800, -2.854166666666677600 ) ) ;
#3188 = CARTESIAN_POINT ( 'NONE',  ( 0.8547005383792165600, -1.570059417833440500E-016, 1.099999999999998500 ) ) ;
#3189 = CARTESIAN_POINT ( 'NONE',  ( 0.4273502691896080000, -0.7401923788646384000, 2.233333333333332100 ) ) ;
#3190 = VECTOR ( 'NONE', #2368, 1000.000000000000000 ) ;
#3191 = CARTESIAN_POINT ( 'NONE',  ( -0.6410254037844125300, -0.3700961894323189200, -1.016666666666673500 ) ) ;
#3192 = CARTESIAN_POINT ( 'NONE',  ( 1.124999999999992000, 1.948557158514972600, 3.000000000000002700 ) ) ;
#3193 = CARTESIAN_POINT ( 'NONE',  ( 0.8547005383792165600, -1.570059417833440500E-016, -2.050000000000006500 ) ) ;
#3194 = ORIENTED_EDGE ( 'NONE', *, *, #2721, .F. ) ;
#3195 = CARTESIAN_POINT ( 'NONE',  ( -0.8547005383792165600, 5.233531392778135700E-017, 2.899999999999999000 ) ) ;
#3196 = ORIENTED_EDGE ( 'NONE', *, *, #1375, .T. ) ;
#3197 = CARTESIAN_POINT ( 'NONE',  ( -1.043301270189199000, 0.0000000000000000000, -3.000000000000002700 ) ) ;
#3198 = CARTESIAN_POINT ( 'NONE',  ( -0.9999999999999991100, 0.0000000000000000000, 3.000000000000002700 ) ) ;
#3199 = EDGE_CURVE ( 'NONE', #2559, #2864, #134, .T. ) ;
#3200 = CARTESIAN_POINT ( 'NONE',  ( -0.5898502691896223600, -1.021650635094604200, 0.3791666666666557200 ) ) ;
#3201 = CARTESIAN_POINT ( 'NONE',  ( -0.8532831148119814900, -0.4680549208526464400, -2.901192367991696700 ) ) ;
#3202 = CARTESIAN_POINT ( 'NONE',  ( 0.0000000000000000000, 0.7401923788646381800, 2.399999999999998600 ) ) ;
#3203 = CARTESIAN_POINT ( 'NONE',  ( -0.6410254037844124200, 0.3700961894323192000, 0.1166666666666599000 ) ) ;
#3204 = CARTESIAN_POINT ( 'NONE',  ( 0.4927253387672594400, -0.5523644614436935600, 2.696891108675441900 ) ) ;
#3205 = CARTESIAN_POINT ( 'NONE',  ( 0.4273502691896080000, -0.7401923788646384000, -0.1166666666666733300 ) ) ;
#3206 = CARTESIAN_POINT ( 'NONE',  ( 0.4273502691896080000, -0.7401923788646384000, 3.033333333333332300 ) ) ;
#3207 = CARTESIAN_POINT ( 'NONE',  ( 0.5773502691896250600, -0.9999999999999993300, 2.883333333333337700 ) ) ;
#3208 = CARTESIAN_POINT ( 'NONE',  ( 1.179700538379243800, -2.167074732417825400E-016, -0.6875000000000111000 ) ) ;
#3209 = CARTESIAN_POINT ( 'NONE',  ( -0.9999999999999991100, 1.452555482747798400E-016, 0.3500000000000043600 ) ) ;
#3210 =( BOUNDED_CURVE ( )  B_SPLINE_CURVE ( 2, ( #99, #420, #1302, #3090, #1531, #139, #2537, #3130, #1340 ),
 .UNSPECIFIED., .F., .F. ) 
 B_SPLINE_CURVE_WITH_KNOTS ( ( 3, 2, 2, 2, 3 ),
 ( 0.9218750000000000000, 0.9270833333333333700, 0.9375000000000000000, 0.9479166666666666300, 0.9531250000000000000 ),
 .UNSPECIFIED. ) 
 CURVE ( )  GEOMETRIC_REPRESENTATION_ITEM ( )  RATIONAL_B_SPLINE_CURVE ( ( 0.9330127018922194100, 0.9330127018922194100, 1.000000000000000000, 0.8660254037844387100, 1.000000000000000000, 0.8660254037844387100, 1.000000000000000000, 0.9330127018922194100, 0.9330127018922194100 ) ) 
 REPRESENTATION_ITEM ( '' )  );
#3211 = CARTESIAN_POINT ( 'NONE',  ( -0.4273502691896082200, 0.7401923788646381800, 2.033333333333332300 ) ) ;
#3212 = CARTESIAN_POINT ( 'NONE',  ( -0.6410254037844124200, 0.3700961894323192000, -0.2833333333333403200 ) ) ;
#3213 = CARTESIAN_POINT ( 'NONE',  ( -0.9999999999999991100, 1.452555482747798400E-016, 1.950000000000004600 ) ) ;
#3214 = CARTESIAN_POINT ( 'NONE',  ( 0.0000000000000000000, 0.0000000000000000000, 3.000000000000002700 ) ) ;
#3215 = CARTESIAN_POINT ( 'NONE',  ( 0.4273502691896080000, -0.7401923788646384000, -0.5166666666666734900 ) ) ;
#3216 = VERTEX_POINT ( 'NONE', #125 ) ;
#3217 = CARTESIAN_POINT ( 'NONE',  ( 0.0000000000000000000, 0.7401923788646381800, 3.199999999999998800 ) ) ;
#3218 = EDGE_CURVE ( 'NONE', #1949, #1831, #2573, .T. ) ;
#3219 = VERTEX_POINT ( 'NONE', #2182 ) ;
#3220 = ORIENTED_EDGE ( 'NONE', *, *, #3170, .F. ) ;
#3221 = CARTESIAN_POINT ( 'NONE',  ( 0.9999999999999991100, -4.357666448243395000E-016, -0.2499999999999955600 ) ) ;
#3222 = CARTESIAN_POINT ( 'NONE',  ( 0.5898502691896216900, -1.021650635094604600, -0.3541666666666775100 ) ) ;
#3223 = CARTESIAN_POINT ( 'NONE',  ( 0.9999999999999991100, -4.357666448243395000E-016, 2.150000000000005200 ) ) ;
#3224 = CARTESIAN_POINT ( 'NONE',  ( 0.7393871033050317700, -0.03451766497731958300, 2.696891108675443200 ) ) ;
#3225 =( BOUNDED_CURVE ( )  B_SPLINE_CURVE ( 2, ( #2524, #2263, #3134, #1045, #2540, #1954, #487, #1637, #1941 ),
 .UNSPECIFIED., .F., .T. ) 
 B_SPLINE_CURVE_WITH_KNOTS ( ( 3, 2, 2, 2, 3 ),
 ( 0.5468750000000000000, 0.5520833333333332600, 0.5625000000000000000, 0.5729166666666667400, 0.5781250000000000000 ),
 .UNSPECIFIED. ) 
 CURVE ( )  GEOMETRIC_REPRESENTATION_ITEM ( )  RATIONAL_B_SPLINE_CURVE ( ( 0.9330127018922194100, 0.9330127018922194100, 1.000000000000000000, 0.8660254037844387100, 1.000000000000000000, 0.8660254037844387100, 1.000000000000000000, 0.9330127018922194100, 0.9330127018922194100 ) ) 
 REPRESENTATION_ITEM ( '' )  );
#3226 = ORIENTED_EDGE ( 'NONE', *, *, #3568, .T. ) ;
#3227 = CARTESIAN_POINT ( 'NONE',  ( -0.4273502691896082200, 0.7401923788646381800, 0.4833333333333265100 ) ) ;
#3228 = DIRECTION ( 'NONE',  ( -0.0000000000000000000, -0.0000000000000000000, 1.000000000000000000 ) ) ;
#3229 = CARTESIAN_POINT ( 'NONE',  ( 0.5922048465476749100, -0.4950493375475257300, 2.720340737614670000 ) ) ;
#3230 = VECTOR ( 'NONE', #1320, 1000.000000000000000 ) ;
#3231 = CARTESIAN_POINT ( 'NONE',  ( 0.4273502691896080000, -0.7401923788646384000, 1.083333333333326800 ) ) ;
#3232 = FACE_OUTER_BOUND ( 'NONE', #429, .T. ) ;
#3233 = CARTESIAN_POINT ( 'NONE',  ( -0.5898502691896218000, 1.021650635094604400, -1.329166666666656800 ) ) ;
#3234 = CC_DESIGN_PERSON_AND_ORGANIZATION_ASSIGNMENT ( #2755, #595, ( #3123 ) ) ;
#3235 = FACE_OUTER_BOUND ( 'NONE', #1975, .T. ) ;
#3236 = CARTESIAN_POINT ( 'NONE',  ( -0.6942807330424329800, 0.4921727092072814600, 2.801197993387175800 ) ) ;
#3237 = ORIENTED_EDGE ( 'NONE', *, *, #199, .T. ) ;
#3238 = CARTESIAN_POINT ( 'NONE',  ( 1.179700538379243800, -2.167074732417825400E-016, -0.2875000000000108600 ) ) ;
#3239 = CARTESIAN_POINT ( 'NONE',  ( -0.9537498448917712800, -0.2350456053649411200, -2.910448574702576300 ) ) ;
#3240 = CARTESIAN_POINT ( 'NONE',  ( 0.1835754756815201100, -2.492088861052001600, 2.860229930904650600 ) ) ;
#3241 = ORIENTED_EDGE ( 'NONE', *, *, #3020, .T. ) ;
#3242 = CARTESIAN_POINT ( 'NONE',  ( -0.6410254037844125300, -0.3700961894323189200, 0.1833333333333265800 ) ) ;
#3243 = DIRECTION ( 'NONE',  ( -1.000000000000000000, 0.0000000000000000000, 0.0000000000000000000 ) ) ;
#3244 = CARTESIAN_POINT ( 'NONE',  ( 0.8660254037844382600, 0.4999999999999988300, -1.866666666666672700 ) ) ;
#3245 = CARTESIAN_POINT ( 'NONE',  ( -0.8547005383792165600, 5.233531392778135700E-017, -0.2500000000000067200 ) ) ;
#3246 = CARTESIAN_POINT ( 'NONE',  ( 0.8547005383792165600, -1.570059417833440500E-016, -0.8500000000000069700 ) ) ;
#3247 = EDGE_CURVE ( 'NONE', #2984, #2848, #2614, .T. ) ;
#3248 = CARTESIAN_POINT ( 'NONE',  ( 0.8847754037844333100, 0.5108253175473014300, -0.6291666666666572100 ) ) ;
#3249 = EDGE_CURVE ( 'NONE', #2192, #3755, #1349, .T. ) ;
#3250 = CARTESIAN_POINT ( 'NONE',  ( -0.8847754037844329800, -0.5108253175473019800, -0.05416666666667761800 ) ) ;
#3251 = CARTESIAN_POINT ( 'NONE',  ( 0.9999999999999991100, -4.357666448243395000E-016, -1.449999999999995500 ) ) ;
#3252 = DIRECTION ( 'NONE',  ( -0.0000000000000000000, -0.0000000000000000000, 1.000000000000000000 ) ) ;
#3253 = CARTESIAN_POINT ( 'NONE',  ( -0.4273502691896085600, -0.7401923788646379600, 1.016666666666659700 ) ) ;
#3254 = CARTESIAN_POINT ( 'NONE',  ( -0.9999999999999991100, 0.0000000000000000000, 3.000000000000002700 ) ) ;
#3255 = CARTESIAN_POINT ( 'NONE',  ( 0.5773502691896259500, 0.9999999999999988900, -1.833333333333339700 ) ) ;
#3256 = AXIS2_PLACEMENT_3D ( 'NONE', #1408, #2873, #2883 ) ;
#3257 = CARTESIAN_POINT ( 'NONE',  ( -0.4273502691896085600, -0.7401923788646379600, 1.816666666666660000 ) ) ;
#3258 = CARTESIAN_POINT ( 'NONE',  ( 0.4273502691896080000, -0.7401923788646384000, -0.1166666666666733300 ) ) ;
#3259 = CARTESIAN_POINT ( 'NONE',  ( -0.8847754037844328700, 0.5108253175473023200, -0.4958333333333238000 ) ) ;
#3260 = CARTESIAN_POINT ( 'NONE',  ( -0.5773502691896251800, 0.9999999999999991100, -1.366666666666672500 ) ) ;
#3261 = CARTESIAN_POINT ( 'NONE',  ( -0.7401923788646381800, 1.016788837923458900E-016, -2.696891108675442800 ) ) ;
#3262 = CARTESIAN_POINT ( 'NONE',  ( -0.9999999999999991100, 0.0000000000000000000, 3.000000000000002700 ) ) ;
#3263 = CARTESIAN_POINT ( 'NONE',  ( 0.8847754037844326500, -0.5108253175473026500, 1.679166666666656000 ) ) ;
#3264 = CARTESIAN_POINT ( 'NONE',  ( 0.0000000000000000000, 0.9999999999999991100, 2.250000000000004000 ) ) ;
#3265 = CARTESIAN_POINT ( 'NONE',  ( -1.224646799147352500E-016, -0.9999999999999991100, 2.799999999999994500 ) ) ;
#3266 = CARTESIAN_POINT ( 'NONE',  ( 0.0000000000000000000, 0.0000000000000000000, 3.000000000000002700 ) ) ;
#3267 = CARTESIAN_POINT ( 'NONE',  ( -0.9999999999999991100, -0.2679491924311222500, 2.367863279495412400 ) ) ;
#3268 = EDGE_LOOP ( 'NONE', ( #1574, #3562, #771, #842, #3385, #2065 ) ) ;
#3269 = CARTESIAN_POINT ( 'NONE',  ( 0.0000000000000000000, 0.9999999999999991100, -1.800000000000006000 ) ) ;
#3270 = CARTESIAN_POINT ( 'NONE',  ( 0.6410254037844123100, -0.3700961894323194200, 2.316666666666659800 ) ) ;
#3271 = CARTESIAN_POINT ( 'NONE',  ( 0.6410254037844123100, -0.3700961894323194200, 0.7166666666666596800 ) ) ;
#3272 = CARTESIAN_POINT ( 'NONE',  ( 0.0000000000000000000, 1.021650635094604400, -1.762499999999990400 ) ) ;
#3273 = ORIENTED_EDGE ( 'NONE', *, *, #2442, .T. ) ;
#3274 = EDGE_CURVE ( 'NONE', #636, #823, #1409, .T. ) ;
#3275 = DIRECTION ( 'NONE',  ( 0.0000000000000000000, 0.0000000000000000000, -1.000000000000000000 ) ) ;
#3276 = ORIENTED_EDGE ( 'NONE', *, *, #2217, .F. ) ;
#3277 = CARTESIAN_POINT ( 'NONE',  ( -0.8547005383792165600, 5.233531392778135700E-017, -2.700000000000001500 ) ) ;
#3278 = CONICAL_SURFACE ( 'NONE', #95, 2.250000000000001800, 1.047197551196600100 ) ;
#3279 = CARTESIAN_POINT ( 'NONE',  ( -0.8847754037844329800, -0.5108253175473019800, 1.945833333333322900 ) ) ;
#3280 = APPROVAL_STATUS ( 'not_yet_approved' ) ;
#3281 = FACE_OUTER_BOUND ( 'NONE', #2252, .T. ) ;
#3282 = CARTESIAN_POINT ( 'NONE',  ( -0.9999999999999991100, 1.452555482747798400E-016, 2.699999999999993500 ) ) ;
#3283 = FACE_OUTER_BOUND ( 'NONE', #817, .T. ) ;
#3284 = DIRECTION ( 'NONE',  ( -0.0000000000000000000, -0.0000000000000000000, -1.000000000000000000 ) ) ;
#3285 = CARTESIAN_POINT ( 'NONE',  ( -0.8660254037844378200, 0.4999999999999996700, -1.733333333333339600 ) ) ;
#3286 = CARTESIAN_POINT ( 'NONE',  ( 0.0000000000000000000, 0.7401923788646381800, 2.849999999999993000 ) ) ;
#3287 = ORIENTED_EDGE ( 'NONE', *, *, #14, .F. ) ;
#3288 = CARTESIAN_POINT ( 'NONE',  ( -0.4273502691896085600, -0.7401923788646378500, -0.9833333333333403900 ) ) ;
#3289 = CARTESIAN_POINT ( 'NONE',  ( 0.5898502691896216900, -1.021650635094604600, 0.07083333333334287900 ) ) ;
#3290 =( GEOMETRIC_REPRESENTATION_CONTEXT ( 3 ) GLOBAL_UNCERTAINTY_ASSIGNED_CONTEXT ( ( #3610 ) ) GLOBAL_UNIT_ASSIGNED_CONTEXT ( ( #2912, #239, #2336 ) ) REPRESENTATION_CONTEXT ( 'NONE', 'WORKASPACE' ) );
#3291 = CARTESIAN_POINT ( 'NONE',  ( -0.5773502691896251800, 0.9999999999999991100, -0.9666666666666726700 ) ) ;
#3292 = VERTEX_POINT ( 'NONE', #3464 ) ;
#3293 = DIRECTION ( 'NONE',  ( -0.0000000000000000000, -0.0000000000000000000, -1.000000000000000000 ) ) ;
#3294 = CARTESIAN_POINT ( 'NONE',  ( -0.4273502691896082200, 0.7401923788646381800, -2.366666666666668000 ) ) ;
#3295 = CARTESIAN_POINT ( 'NONE',  ( -0.8847754037844329800, -0.5108253175473019800, 1.145833333333322600 ) ) ;
#3296 = VERTEX_POINT ( 'NONE', #3176 ) ;
#3297 = VERTEX_POINT ( 'NONE', #2564 ) ;
#3298 = CARTESIAN_POINT ( 'NONE',  ( 0.5773502691896250600, -0.9999999999999993300, 2.833333333333326800 ) ) ;
#3299 = CARTESIAN_POINT ( 'NONE',  ( -0.4273502691896082200, 0.7401923788646381800, -1.966666666666667700 ) ) ;
#3300 = CARTESIAN_POINT ( 'NONE',  ( 0.8911327032374923900, 0.1387869445929461900, 2.847831433052390200 ) ) ;
#3301 = CARTESIAN_POINT ( 'NONE',  ( -0.4273502691896082200, 0.7401923788646381800, 2.883333333333326600 ) ) ;
#3302 = CARTESIAN_POINT ( 'NONE',  ( -9.064742275298441300E-017, -0.7401923788646381800, -0.1500000000000069100 ) ) ;
#3303 = EDGE_CURVE ( 'NONE', #823, #2771, #3225, .T. ) ;
#3304 = CARTESIAN_POINT ( 'NONE',  ( 0.0000000000000000000, 1.021650635094604400, 0.6375000000000096100 ) ) ;
#3305 = CARTESIAN_POINT ( 'NONE',  ( -0.9999999999999991100, 1.452555482747798400E-016, -2.849999999999995200 ) ) ;
#3306 = CARTESIAN_POINT ( 'NONE',  ( -0.3686825588085526100, 2.385217236779658900, 2.910744989968461200 ) ) ;
#3307 = CARTESIAN_POINT ( 'NONE',  ( 2.249999999999994700, -0.8716891052087913900, 2.911112545118579300 ) ) ;
#3308 = CARTESIAN_POINT ( 'NONE',  ( -0.8660254037844379300, -0.4999999999999993300, 2.733333333333327200 ) ) ;
#3309 = CARTESIAN_POINT ( 'NONE',  ( -0.6410254037844125300, -0.3700961894323189200, 2.983333333333326700 ) ) ;
#3310 = CARTESIAN_POINT ( 'NONE',  ( 0.9999999999999991100, -4.357666448243395000E-016, 0.09999999999999392700 ) ) ;
#3311 = CARTESIAN_POINT ( 'NONE',  ( 0.8660254037844382600, 0.4999999999999988300, 2.583333333333338400 ) ) ;
#3312 = CARTESIAN_POINT ( 'NONE',  ( 0.0000000000000000000, 0.7401923788646381800, 3.249999999999993300 ) ) ;
#3313 = PLANE ( 'NONE',  #2907 ) ;
#3314 = CARTESIAN_POINT ( 'NONE',  ( -0.8847754037844329800, -0.5108253175473019800, 1.170833333333343200 ) ) ;
#3315 = CARTESIAN_POINT ( 'NONE',  ( 0.5773502691896250600, -0.9999999999999993300, -0.7666666666666729400 ) ) ;
#3316 = CARTESIAN_POINT ( 'NONE',  ( 0.9999999999999993300, 0.2679491924311219200, -1.082136720504597700 ) ) ;
#3317 = CARTESIAN_POINT ( 'NONE',  ( 0.6219088666933670900, -0.7426581683162233300, 2.917571357361830900 ) ) ;
#3318 = CARTESIAN_POINT ( 'NONE',  ( 0.9999999999999993300, 0.2679491924311219200, 2.517863279495402600 ) ) ;
#3319 = ORIENTED_EDGE ( 'NONE', *, *, #1516, .F. ) ;
#3320 = DIRECTION ( 'NONE',  ( -0.8660254037844386000, 0.5000000000000000000, 0.0000000000000000000 ) ) ;
#3321 = ORIENTED_EDGE ( 'NONE', *, *, #1040, .F. ) ;
#3322 = CARTESIAN_POINT ( 'NONE',  ( 0.4273502691896080000, -0.7401923788646384000, 1.883333333333326200 ) ) ;
#3323 = CARTESIAN_POINT ( 'NONE',  ( -0.8660254037844379300, -0.4999999999999993300, -2.816666666666662000 ) ) ;
#3324 = CARTESIAN_POINT ( 'NONE',  ( -0.5773502691896256200, -0.9999999999999988900, -0.4333333333333395100 ) ) ;
#3325 = ORIENTED_EDGE ( 'NONE', *, *, #649, .T. ) ;
#3326 = CARTESIAN_POINT ( 'NONE',  ( 0.6410254037844127500, 0.3700961894323185300, -1.266666666666668200 ) ) ;
#3327 = CARTESIAN_POINT ( 'NONE',  ( -9.064742275298441300E-017, -0.7401923788646381800, 1.449999999999993100 ) ) ;
#3328 = CARTESIAN_POINT ( 'NONE',  ( 0.8847754037844333100, 0.5108253175473014300, 0.9708333333333426500 ) ) ;
#3329 = CARTESIAN_POINT ( 'NONE',  ( 0.8660254037844377100, -0.5000000000000000000, -0.7333333333333393900 ) ) ;
#3330 = EDGE_CURVE ( 'NONE', #211, #2580, #2173, .T. ) ;
#3331 = FACE_OUTER_BOUND ( 'NONE', #899, .T. ) ;
#3332 = CARTESIAN_POINT ( 'NONE',  ( 0.9999999999999988900, -0.2679491924311228100, 1.682136720504585800 ) ) ;
#3333 = CARTESIAN_POINT ( 'NONE',  ( 0.0000000000000000000, 0.7401923788646381800, -2.400000000000001700 ) ) ;
#3334 = FACE_OUTER_BOUND ( 'NONE', #285, .T. ) ;
#3335 = FACE_OUTER_BOUND ( 'NONE', #3098, .T. ) ;
#3336 = EDGE_LOOP ( 'NONE', ( #2330, #749, #1236, #433, #2400, #3325 ) ) ;
#3337 = CARTESIAN_POINT ( 'NONE',  ( 0.9999999999999991100, -4.357666448243395000E-016, 2.099999999999994300 ) ) ;
#3338 = CARTESIAN_POINT ( 'NONE',  ( 0.5773502691896250600, -0.9999999999999993300, -2.716666666666662300 ) ) ;
#3339 = CARTESIAN_POINT ( 'NONE',  ( 0.7393871033050317700, -0.03451766497731958300, 2.696891108675443200 ) ) ;
#3340 = CARTESIAN_POINT ( 'NONE',  ( -0.4273502691896085600, -0.7401923788646379600, -2.633333333333334600 ) ) ;
#3341 = CARTESIAN_POINT ( 'NONE',  ( -0.6410254037844124200, 0.3700961894323192000, 1.716666666666659700 ) ) ;
#3342 = ORIENTED_EDGE ( 'NONE', *, *, #773, .F. ) ;
#3343 = CARTESIAN_POINT ( 'NONE',  ( 0.0000000000000000000, 1.021650635094604400, 2.237500000000009600 ) ) ;
#3344 = CARTESIAN_POINT ( 'NONE',  ( 0.5773502691896259500, 0.9999999999999988900, -2.183333333333329100 ) ) ;
#3345 = CARTESIAN_POINT ( 'NONE',  ( -0.7423932512562312300, -0.02305071434707225600, -2.699359243605957900 ) ) ;
#3346 = CARTESIAN_POINT ( 'NONE',  ( -0.4273502691896085600, -0.7401923788646379600, -0.2333333333333345000 ) ) ;
#3347 = DIRECTION ( 'NONE',  ( -0.0000000000000000000, -0.0000000000000000000, -1.000000000000000000 ) ) ;
#3348 = CARTESIAN_POINT ( 'NONE',  ( -0.5773502691896251800, 0.9999999999999991100, 2.233333333333327600 ) ) ;
#3349 = CARTESIAN_POINT ( 'NONE',  ( 0.4273502691896087200, 0.7401923788646379600, -2.433333333333334900 ) ) ;
#3350 = CARTESIAN_POINT ( 'NONE',  ( 0.6410254037844127500, 0.3700961894323185300, 2.383333333333326600 ) ) ;
#3351 = EDGE_CURVE ( 'NONE', #617, #1092, #904, .T. ) ;
#3352 = CARTESIAN_POINT ( 'NONE',  ( 0.5898502691896216900, -1.021650635094604600, 0.4708333333333430400 ) ) ;
#3353 = CARTESIAN_POINT ( 'NONE',  ( 0.5773502691896250600, -0.9999999999999993300, 2.033333333333327000 ) ) ;
#3354 = CARTESIAN_POINT ( 'NONE',  ( 0.9999999999999991100, -4.357666448243395000E-016, 2.499999999999993800 ) ) ;
#3355 = CARTESIAN_POINT ( 'NONE',  ( 0.6410254037844123100, -0.3700961894323194200, -0.9333333333333346800 ) ) ;
#3356 =( BOUNDED_CURVE ( )  B_SPLINE_CURVE ( 2, ( #2636, #1142, #3494, #2310, #1734, #3207, #2000, #268, #1155 ),
 .UNSPECIFIED., .F., .F. ) 
 B_SPLINE_CURVE_WITH_KNOTS ( ( 3, 2, 2, 2, 3 ),
 ( 0.9531250000000000000, 0.9583333333333333700, 0.9687500000000000000, 0.9791666666666666300, 0.9843750000000000000 ),
 .UNSPECIFIED. ) 
 CURVE ( )  GEOMETRIC_REPRESENTATION_ITEM ( )  RATIONAL_B_SPLINE_CURVE ( ( 0.9330127018922194100, 0.9330127018922194100, 1.000000000000000000, 0.8660254037844387100, 1.000000000000000000, 0.8660254037844387100, 1.000000000000000000, 0.9330127018922194100, 0.9330127018922194100 ) ) 
 REPRESENTATION_ITEM ( '' )  );
#3357 = DIRECTION ( 'NONE',  ( 1.000000000000000000, 0.0000000000000000000, 0.0000000000000000000 ) ) ;
#3358 = CARTESIAN_POINT ( 'NONE',  ( 0.9999999999999991100, -4.357666448243395000E-016, 2.950000000000004200 ) ) ;
#3359 = CARTESIAN_POINT ( 'NONE',  ( 0.8660254037844377100, -0.5000000000000000000, -1.883333333333329100 ) ) ;
#3360 = CARTESIAN_POINT ( 'NONE',  ( -1.224646799147352500E-016, -0.9999999999999991100, -6.215527766952055900E-015 ) ) ;
#3361 = CARTESIAN_POINT ( 'NONE',  ( -0.4273502691896082200, 0.7401923788646381800, -3.166666666666668700 ) ) ;
#3362 = CARTESIAN_POINT ( 'NONE',  ( -0.6410254037844124200, 0.3700961894323192000, -1.933333333333334700 ) ) ;
#3363 = CARTESIAN_POINT ( 'NONE',  ( -0.4273502691896085600, -0.7401923788646378500, 2.216666666666660100 ) ) ;
#3364 = CARTESIAN_POINT ( 'NONE',  ( -0.5898502691896218000, 1.021650635094604400, 2.670833333333342700 ) ) ;
#3365 = ORIENTED_EDGE ( 'NONE', *, *, #3524, .T. ) ;
#3366 = CARTESIAN_POINT ( 'NONE',  ( -0.7451121490131666900, -0.01154459225034680200, -2.701810878823625900 ) ) ;
#3367 = DIRECTION ( 'NONE',  ( 1.000000000000000000, 0.0000000000000000000, 0.0000000000000000000 ) ) ;
#3368 = EDGE_LOOP ( 'NONE', ( #999, #486, #290, #1644 ) ) ;
#3369 = CARTESIAN_POINT ( 'NONE',  ( 0.4273502691896080000, -0.7401923788646384000, -1.366666666666667800 ) ) ;
#3370 = VERTEX_POINT ( 'NONE', #1786 ) ;
#3371 = CARTESIAN_POINT ( 'NONE',  ( -1.125000000000012000, -1.948557158515008300, -3.000000000000002700 ) ) ;
#3372 = LINE ( 'NONE', #2794, #293 ) ;
#3373 = EDGE_CURVE ( 'NONE', #1208, #2434, #3455, .T. ) ;
#3374 = CARTESIAN_POINT ( 'NONE',  ( -0.4273502691896085600, -0.7401923788646379600, -1.833333333333335000 ) ) ;
#3375 = CARTESIAN_POINT ( 'NONE',  ( 0.6410254037844123100, -0.3700961894323194200, -0.9333333333333346800 ) ) ;
#3376 = CYLINDRICAL_SURFACE ( 'NONE', #1789, 0.9999999999999991100 ) ;
#3377 = DIRECTION ( 'NONE',  ( -0.0000000000000000000, -0.0000000000000000000, -1.000000000000000000 ) ) ;
#3378 = CARTESIAN_POINT ( 'NONE',  ( -0.4273502691896082200, 0.7401923788646381800, -2.316666666666673500 ) ) ;
#3379 = CARTESIAN_POINT ( 'NONE',  ( -0.5898502691896218000, 1.021650635094604400, 2.645833333333322800 ) ) ;
#3380 = CARTESIAN_POINT ( 'NONE',  ( 0.7405825975884172700, -0.02302241125343860300, 2.697549239929220900 ) ) ;
#3381 = ORIENTED_EDGE ( 'NONE', *, *, #3247, .F. ) ;
#3382 = DIRECTION ( 'NONE',  ( 0.8660254037844387100, 0.4999999999999998300, 0.0000000000000000000 ) ) ;
#3383 = CARTESIAN_POINT ( 'NONE',  ( 0.4273502691896087200, 0.7401923788646379600, -1.233333333333334500 ) ) ;
#3384 = ORIENTED_EDGE ( 'NONE', *, *, #2666, .T. ) ;
#3385 = ORIENTED_EDGE ( 'NONE', *, *, #3373, .T. ) ;
#3386 = CARTESIAN_POINT ( 'NONE',  ( 2.762968978863520600E-016, 2.598076211353297400, 3.000000000000002700 ) ) ;
#3387 = ORIENTED_EDGE ( 'NONE', *, *, #746, .F. ) ;
#3388 = CARTESIAN_POINT ( 'NONE',  ( 0.8547005383792165600, -1.570059417833440500E-016, -0.5000000000000013300 ) ) ;
#3389 = CARTESIAN_POINT ( 'NONE',  ( 0.0000000000000000000, 0.7401923788646381800, -0.8000000000000012700 ) ) ;
#3390 = CARTESIAN_POINT ( 'NONE',  ( -0.8660254037844379300, -0.4999999999999993300, -2.866666666666672900 ) ) ;
#3391 = CARTESIAN_POINT ( 'NONE',  ( -0.5898502691896218000, 1.021650635094604400, 2.245833333333322900 ) ) ;
#3392 = CARTESIAN_POINT ( 'NONE',  ( 0.9999999999999991100, -4.357666448243395000E-016, 2.099999999999994300 ) ) ;
#3393 = CARTESIAN_POINT ( 'NONE',  ( -0.6410254037844125300, -0.3700961894323189200, -1.066666666666668000 ) ) ;
#3394 =( BOUNDED_CURVE ( )  B_SPLINE_CURVE ( 2, ( #1233, #1220, #1832, #2756, #1843, #2418, #2132, #3318, #3354 ),
 .UNSPECIFIED., .F., .F. ) 
 B_SPLINE_CURVE_WITH_KNOTS ( ( 3, 2, 2, 2, 3 ),
 ( 0.1093750000000000000, 0.1145833333333333700, 0.1250000000000000000, 0.1354166666666666300, 0.1406250000000000000 ),
 .UNSPECIFIED. ) 
 CURVE ( )  GEOMETRIC_REPRESENTATION_ITEM ( )  RATIONAL_B_SPLINE_CURVE ( ( 0.9330127018922194100, 0.9330127018922194100, 1.000000000000000000, 0.8660254037844387100, 1.000000000000000000, 0.8660254037844387100, 1.000000000000000000, 0.9330127018922194100, 0.9330127018922194100 ) ) 
 REPRESENTATION_ITEM ( '' )  );
#3395 = DIRECTION ( 'NONE',  ( -0.0000000000000000000, -0.0000000000000000000, -1.000000000000000000 ) ) ;
#3396 = CARTESIAN_POINT ( 'NONE',  ( -0.6410254037844124200, 0.3700961894323192000, 0.06666666666666540300 ) ) ;
#3397 = CARTESIAN_POINT ( 'NONE',  ( -0.4273502691896085600, -0.7401923788646378500, -1.433333333333334700 ) ) ;
#3398 = CARTESIAN_POINT ( 'NONE',  ( 0.8660254037844377100, -0.5000000000000000000, -1.083333333333329000 ) ) ;
#3399 = EDGE_CURVE ( 'NONE', #3498, #211, #2124, .T. ) ;
#3400 = CARTESIAN_POINT ( 'NONE',  ( 0.0000000000000000000, 1.021650635094604400, 3.012499999999989100 ) ) ;
#3401 = CARTESIAN_POINT ( 'NONE',  ( 0.0000000000000000000, 0.0000000000000000000, 3.000000000000002700 ) ) ;
#3402 = B_SPLINE_CURVE_WITH_KNOTS ( 'NONE', 3,
 ( #701, #2781, #3380, #1841 ),
 .UNSPECIFIED., .F., .F.,
 ( 4, 4 ),
 ( 0.006085844582687988100, 0.006119916498755853900 ),
 .UNSPECIFIED. ) ;
#3403 = CARTESIAN_POINT ( 'NONE',  ( 0.0000000000000000000, 0.7401923788646381800, 1.199999999999998800 ) ) ;
#3404 = AXIS2_PLACEMENT_3D ( 'NONE', #1594, #1577, #1274 ) ;
#3405 = ADVANCED_FACE ( 'NONE', ( #1873 ), #576, .F. ) ;
#3406 = ORIENTED_EDGE ( 'NONE', *, *, #1710, .F. ) ;
#3407 = CARTESIAN_POINT ( 'NONE',  ( 2.249999999999995100, -1.299038105676686900, 2.799038105676656700 ) ) ;
#3408 = ORIENTED_EDGE ( 'NONE', *, *, #3637, .T. ) ;
#3409 = CARTESIAN_POINT ( 'NONE',  ( -0.4273502691896082200, 0.7401923788646381800, -0.7666666666666680500 ) ) ;
#3410 = CARTESIAN_POINT ( 'NONE',  ( 0.8547005383792165600, -1.570059417833440500E-016, 1.099999999999998500 ) ) ;
#3411 = DIRECTION ( 'NONE',  ( -0.0000000000000000000, -0.0000000000000000000, 1.000000000000000000 ) ) ;
#3412 = CARTESIAN_POINT ( 'NONE',  ( -1.179700538379243800, 7.223582441392750400E-017, 2.712499999999989300 ) ) ;
#3413 = DIRECTION ( 'NONE',  ( -0.0000000000000000000, -0.0000000000000000000, 1.000000000000000000 ) ) ;
#3414 = ORIENTED_EDGE ( 'NONE', *, *, #2371, .F. ) ;
#3415 = PERSON_AND_ORGANIZATION ( #179, #3554 ) ;
#3416 = CARTESIAN_POINT ( 'NONE',  ( -0.9999999999999991100, 0.2679491924311225800, -0.06786327949540381400 ) ) ;
#3417 = CARTESIAN_POINT ( 'NONE',  ( -9.064742275298441300E-017, -0.7401923788646381800, 0.9999999999999991100 ) ) ;
#3418 = CYLINDRICAL_SURFACE ( 'NONE', #1222, 0.9999999999999991100 ) ;
#3419 = VECTOR ( 'NONE', #3284, 1000.000000000000000 ) ;
#3420 = EDGE_CURVE ( 'NONE', #3880, #2192, #2515, .T. ) ;
#3421 = VECTOR ( 'NONE', #3068, 1000.000000000000000 ) ;
#3422 = CARTESIAN_POINT ( 'NONE',  ( 0.9999999999999991100, -4.357666448243395000E-016, -0.6499999999999954700 ) ) ;
#3423 = CARTESIAN_POINT ( 'NONE',  ( 0.4273502691896087200, 0.7401923788646379600, 0.7666666666666655000 ) ) ;
#3424 = CARTESIAN_POINT ( 'NONE',  ( 0.8547005383792165600, -1.570059417833440500E-016, 0.6999999999999988500 ) ) ;
#3425 = CARTESIAN_POINT ( 'NONE',  ( 0.9999999999999991100, -4.357666448243395000E-016, 1.299999999999993600 ) ) ;
#3426 = VERTEX_POINT ( 'NONE', #1168 ) ;
#3427 = ADVANCED_FACE ( 'NONE', ( #2248 ), #805, .T. ) ;
#3428 = CARTESIAN_POINT ( 'NONE',  ( -1.224646799147352500E-016, -0.9999999999999991100, -2.800000000000006500 ) ) ;
#3429 = CARTESIAN_POINT ( 'NONE',  ( 0.0000000000000000000, 0.7401923788646381800, -2.750000000000006700 ) ) ;
#3430 = CARTESIAN_POINT ( 'NONE',  ( 0.8660254037844382600, 0.4999999999999988300, -0.6666666666666727400 ) ) ;
#3431 = CARTESIAN_POINT ( 'NONE',  ( 0.8547005383792165600, -1.570059417833440500E-016, -2.450000000000006400 ) ) ;
#3432 = VERTEX_POINT ( 'NONE', #3573 ) ;
#3433 = CARTESIAN_POINT ( 'NONE',  ( -0.4273502691896082200, 0.7401923788646381800, 2.033333333333332300 ) ) ;
#3434 = PRODUCT_DEFINITION_FORMATION_WITH_SPECIFIED_SOURCE ( 'ANY', '', #3123, .NOT_KNOWN. ) ;
#3435 = DIRECTION ( 'NONE',  ( -0.0000000000000000000, -0.0000000000000000000, -1.000000000000000000 ) ) ;
#3436 = CARTESIAN_POINT ( 'NONE',  ( -0.5898502691896218000, 1.021650635094604400, -2.154166666666677400 ) ) ;
#3437 = CARTESIAN_POINT ( 'NONE',  ( -0.4273502691896082200, 0.7401923788646381800, -0.3666666666666679200 ) ) ;
#3438 = CARTESIAN_POINT ( 'NONE',  ( -0.6410254037844124200, 0.3700961894323192000, 1.266666666666665100 ) ) ;
#3439 = CARTESIAN_POINT ( 'NONE',  ( -0.9999999999999991100, 0.0000000000000000000, 3.000000000000002700 ) ) ;
#3440 = CARTESIAN_POINT ( 'NONE',  ( -0.6410254037844125300, -0.3700961894323189200, -0.6166666666666733600 ) ) ;
#3441 = CARTESIAN_POINT ( 'NONE',  ( -0.5773502691896251800, 0.9999999999999991100, 0.6333333333333272000 ) ) ;
#3442 = CARTESIAN_POINT ( 'NONE',  ( 0.6410254037844123100, -0.3700961894323194200, -2.083333333333340100 ) ) ;
#3443 = CARTESIAN_POINT ( 'NONE',  ( 0.0000000000000000000, 0.7401923788646381800, -1.950000000000006800 ) ) ;
#3444 = CARTESIAN_POINT ( 'NONE',  ( -0.8547005383792165600, 5.233531392778135700E-017, 0.4999999999999986700 ) ) ;
#3445 = ADVANCED_FACE ( 'NONE', ( #3331 ), #1538, .T. ) ;
#3446 = EDGE_CURVE ( 'NONE', #3370, #940, #2827, .T. ) ;
#3447 = CARTESIAN_POINT ( 'NONE',  ( 0.0000000000000000000, 0.0000000000000000000, -3.000000000000002700 ) ) ;
#3448 = CARTESIAN_POINT ( 'NONE',  ( 0.8847754037844326500, -0.5108253175473026500, -2.720833333333344300 ) ) ;
#3449 = CARTESIAN_POINT ( 'NONE',  ( 0.4273502691896087200, 0.7401923788646379600, 1.166666666666665900 ) ) ;
#3450 = CARTESIAN_POINT ( 'NONE',  ( -0.6410254037844125300, -0.3700961894323189200, 1.333333333333332100 ) ) ;
#3451 = CARTESIAN_POINT ( 'NONE',  ( -0.6410254037844124200, 0.3700961894323192000, -0.6833333333333400100 ) ) ;
#3452 = CARTESIAN_POINT ( 'NONE',  ( -0.9999999999999991100, 0.2679491924311225800, 0.6821367205045856300 ) ) ;
#3453 = CARTESIAN_POINT ( 'NONE',  ( 0.8547005383792165600, -1.570059417833440500E-016, -2.450000000000006800 ) ) ;
#3454 = CARTESIAN_POINT ( 'NONE',  ( -0.6410254037844125300, -0.3700961894323189200, -1.416666666666673400 ) ) ;
#3455 = B_SPLINE_CURVE_WITH_KNOTS ( 'NONE', 3,
 ( #566, #2363, #605, #3306, #2070, #2039 ),
 .UNSPECIFIED., .F., .F.,
 ( 4, 2, 4 ),
 ( 0.001314652396222807100, 0.001969405109320642400, 0.002624157822418478200 ),
 .UNSPECIFIED. ) ;
#3456 = ORIENTED_EDGE ( 'NONE', *, *, #2017, .T. ) ;
#3457 = CARTESIAN_POINT ( 'NONE',  ( -0.4273502691896082200, 0.7401923788646381800, 2.433333333333332200 ) ) ;
#3458 = EDGE_LOOP ( 'NONE', ( #2514, #3830, #3173, #3237, #3070, #2439, #1491, #939, #2609, #3703, #3194, #1957, #135, #795, #525, #2791, #1369, #108, #3287, #1041, #3475, #1459, #2233, #5, #2605, #1132, #2103, #1816, #3127, #2259, #2991, #194, #454, #189, #389, #1112, #1065 ) ) ;
#3459 = DIRECTION ( 'NONE',  ( -0.0000000000000000000, -0.0000000000000000000, -1.000000000000000000 ) ) ;
#3460 = CARTESIAN_POINT ( 'NONE',  ( 0.8847754037844326500, -0.5108253175473026500, -2.320833333333344000 ) ) ;
#3461 = CARTESIAN_POINT ( 'NONE',  ( 0.6410254037844127500, 0.3700961894323185300, 1.933333333333332000 ) ) ;
#3462 = CARTESIAN_POINT ( 'NONE',  ( -9.064742275298441300E-017, -0.7401923788646381800, 0.5999999999999985300 ) ) ;
#3463 = ORIENTED_EDGE ( 'NONE', *, *, #1785, .T. ) ;
#3464 = CARTESIAN_POINT ( 'NONE',  ( -0.9999999999999991100, 1.452555482747798400E-016, -2.849999999999995200 ) ) ;
#3465 = ADVANCED_FACE ( 'NONE', ( #2389 ), #3278, .T. ) ;
#3466 = CALENDAR_DATE ( 2021, 15, 12 ) ;
#3467 = CARTESIAN_POINT ( 'NONE',  ( 0.6410254037844123100, -0.3700961894323194200, -0.8833333333333401900 ) ) ;
#3468 = CARTESIAN_POINT ( 'NONE',  ( 0.9999999999999988900, -0.2679491924311228100, 1.332136720504596600 ) ) ;
#3469 = CARTESIAN_POINT ( 'NONE',  ( 0.8847754037844333100, 0.5108253175473014300, 2.970833333333343400 ) ) ;
#3470 = CARTESIAN_POINT ( 'NONE',  ( -0.4273502691896085600, -0.7401923788646379600, -1.383333333333340400 ) ) ;
#3471 = CARTESIAN_POINT ( 'NONE',  ( 0.4273502691896087200, 0.7401923788646379600, 3.166666666666665600 ) ) ;
#3472 = ORIENTED_EDGE ( 'NONE', *, *, #2482, .F. ) ;
#3473 = CARTESIAN_POINT ( 'NONE',  ( 0.8547005383792165600, -1.570059417833440500E-016, -1.250000000000006900 ) ) ;
#3474 = EDGE_CURVE ( 'NONE', #3755, #2200, #2710, .T. ) ;
#3475 = ORIENTED_EDGE ( 'NONE', *, *, #167, .F. ) ;
#3476 = CARTESIAN_POINT ( 'NONE',  ( 0.5898502691896225800, 1.021650635094604000, -1.820833333333344400 ) ) ;
#3477 = CARTESIAN_POINT ( 'NONE',  ( 0.7381029462372988800, -0.4561827096901686600, -2.816417598453149700 ) ) ;
#3478 = CARTESIAN_POINT ( 'NONE',  ( 0.4273502691896087200, 0.7401923788646379600, 1.966666666666665200 ) ) ;
#3479 = CARTESIAN_POINT ( 'NONE',  ( -0.6410254037844124200, 0.3700961894323192000, 1.666666666666665200 ) ) ;
#3480 = ORIENTED_EDGE ( 'NONE', *, *, #2586, .T. ) ;
#3481 = CARTESIAN_POINT ( 'NONE',  ( 0.6410254037844123100, -0.3700961894323194200, -1.283333333333340300 ) ) ;
#3482 = CARTESIAN_POINT ( 'NONE',  ( 0.6749184687985534400, -0.4131801751798581100, 2.739865990303473000 ) ) ;
#3483 = CARTESIAN_POINT ( 'NONE',  ( -0.6410254037844125300, -0.3700961894323189200, -1.016666666666673500 ) ) ;
#3484 = CARTESIAN_POINT ( 'NONE',  ( 0.8847754037844326500, -0.5108253175473026500, -3.095833333333323900 ) ) ;
#3485 = ADVANCED_FACE ( 'NONE', ( #1868 ), #3035, .F. ) ;
#3486 = CC_DESIGN_PERSON_AND_ORGANIZATION_ASSIGNMENT ( #1025, #910, ( #3674 ) ) ;
#3487 = CARTESIAN_POINT ( 'NONE',  ( -1.251161180115467700E-016, -1.021650635094604400, -2.387500000000011300 ) ) ;
#3488 = CARTESIAN_POINT ( 'NONE',  ( 0.6410254037844127500, 0.3700961894323185300, 1.533333333333331900 ) ) ;
#3489 = CARTESIAN_POINT ( 'NONE',  ( -0.4273502691896085600, -0.7401923788646378500, 2.166666666666665600 ) ) ;
#3490 = CARTESIAN_POINT ( 'NONE',  ( 0.4273502691896087200, 0.7401923788646379600, -2.383333333333340400 ) ) ;
#3491 = CARTESIAN_POINT ( 'NONE',  ( -0.7650530507053104900, -0.4736845923825605500, 2.848147103577563400 ) ) ;
#3492 = CARTESIAN_POINT ( 'NONE',  ( 0.8547005383792165600, -1.570059417833440500E-016, 1.149999999999993200 ) ) ;
#3493 = CARTESIAN_POINT ( 'NONE',  ( -0.8847754037844328700, 0.5108253175473023200, -3.295833333333323600 ) ) ;
#3494 = CARTESIAN_POINT ( 'NONE',  ( -0.8660254037844379300, -0.4999999999999993300, 2.783333333333337700 ) ) ;
#3495 = EDGE_CURVE ( 'NONE', #2950, #2771, #3647, .T. ) ;
#3496 = CARTESIAN_POINT ( 'NONE',  ( -0.8660254037844379300, -0.4999999999999993300, 1.583333333333338100 ) ) ;
#3497 = CARTESIAN_POINT ( 'NONE',  ( -0.5898502691896223600, -1.021650635094604200, -1.620833333333344200 ) ) ;
#3498 = VERTEX_POINT ( 'NONE', #3860 ) ;
#3499 = CARTESIAN_POINT ( 'NONE',  ( 0.0000000000000000000, 0.7401923788646381800, 2.799999999999998500 ) ) ;
#3500 = CARTESIAN_POINT ( 'NONE',  ( -0.4273502691896082200, 0.7401923788646381800, 1.633333333333332200 ) ) ;
#3501 = CARTESIAN_POINT ( 'NONE',  ( 0.6410254037844127500, 0.3700961894323185300, 1.183333333333326200 ) ) ;
#3502 = CARTESIAN_POINT ( 'NONE',  ( 2.249999999999993300, 3.004629197474293600E-015, -3.000000000000002700 ) ) ;
#3503 = ORIENTED_EDGE ( 'NONE', *, *, #2998, .F. ) ;
#3504 = CARTESIAN_POINT ( 'NONE',  ( -0.7416645267673434000, -2.169875997175821700, 2.999999999999991600 ) ) ;
#3505 = CARTESIAN_POINT ( 'NONE',  ( -0.6410254037844125300, -0.3700961894323189200, -0.2166666666666735900 ) ) ;
#3506 = CARTESIAN_POINT ( 'NONE',  ( -0.8847754037844329800, -0.5108253175473019800, -2.029166666666657000 ) ) ;
#3507 = VERTEX_POINT ( 'NONE', #2386 ) ;
#3508 = FACE_OUTER_BOUND ( 'NONE', #3678, .T. ) ;
#3509 = CARTESIAN_POINT ( 'NONE',  ( 0.9999999999999991100, -4.357666448243395000E-016, 0.1500000000000044600 ) ) ;
#3510 = LINE ( 'NONE', #2830, #396 ) ;
#3511 = CARTESIAN_POINT ( 'NONE',  ( -0.5898502691896218000, 1.021650635094604400, -1.354166666666677400 ) ) ;
#3512 = CARTESIAN_POINT ( 'NONE',  ( -0.7401923788646381800, 1.016788837923458900E-016, -2.696891108675442800 ) ) ;
#3513 = CARTESIAN_POINT ( 'NONE',  ( -9.064742275298441300E-017, -0.7401923788646381800, 2.599999999999999200 ) ) ;
#3514 =( BOUNDED_CURVE ( )  B_SPLINE_CURVE ( 2, ( #458, #800, #1648, #1979, #1950 ),
 .UNSPECIFIED., .F., .F. ) 
 B_SPLINE_CURVE_WITH_KNOTS ( ( 3, 2, 3 ),
 ( 0.06916970516507869900, 0.07291666666666663000, 0.07812500000000000000 ),
 .UNSPECIFIED. ) 
 CURVE ( )  GEOMETRIC_REPRESENTATION_ITEM ( )  RATIONAL_B_SPLINE_CURVE ( ( 0.9382864135694204400, 0.9518082251957922200, 1.000000000000000000, 0.9330127018922194100, 0.9330127018922194100 ) ) 
 REPRESENTATION_ITEM ( '' )  );
#3515 = CARTESIAN_POINT ( 'NONE',  ( -0.4273502691896082200, 0.7401923788646381800, 0.08333333333332632000 ) ) ;
#3516 = CARTESIAN_POINT ( 'NONE',  ( -0.5773502691896256200, -0.9999999999999988900, 1.216666666666671200 ) ) ;
#3517 = EDGE_LOOP ( 'NONE', ( #81, #2002, #1352, #720 ) ) ;
#3518 = CARTESIAN_POINT ( 'NONE',  ( 0.6410254037844127500, 0.3700961894323185300, -0.01666666666667350500 ) ) ;
#3519 = ORIENTED_EDGE ( 'NONE', *, *, #2509, .F. ) ;
#3520 = EDGE_CURVE ( 'NONE', #2398, #386, #1475, .T. ) ;
#3521 = CARTESIAN_POINT ( 'NONE',  ( -9.064742275298441300E-017, -0.7401923788646381800, 2.999999999999999100 ) ) ;
#3522 = CARTESIAN_POINT ( 'NONE',  ( 0.9999999999999991100, -4.357666448243395000E-016, 1.750000000000004700 ) ) ;
#3523 = ORIENTED_EDGE ( 'NONE', *, *, #3330, .T. ) ;
#3524 = EDGE_CURVE ( 'NONE', #3426, #3296, #3883, .T. ) ;
#3525 = CARTESIAN_POINT ( 'NONE',  ( -1.179700538379243800, 7.223582441392750400E-017, -0.8875000000000107200 ) ) ;
#3526 = CARTESIAN_POINT ( 'NONE',  ( -0.5773502691896251800, 0.9999999999999991100, -2.516666666666661700 ) ) ;
#3527 = CARTESIAN_POINT ( 'NONE',  ( 0.7433463941989725300, -2.168904970561426700, 2.980756665990556400 ) ) ;
#3528 = CARTESIAN_POINT ( 'NONE',  ( -0.6410254037844124200, 0.3700961894323192000, 0.5166666666666600600 ) ) ;
#3529 = CARTESIAN_POINT ( 'NONE',  ( -2.250000000000001800, 1.088929003140955300, 2.859691379130751000 ) ) ;
#3530 = CARTESIAN_POINT ( 'NONE',  ( 0.6410254037844127500, 0.3700961894323185300, -0.8166666666666734200 ) ) ;
#3531 = CARTESIAN_POINT ( 'NONE',  ( -0.5898502691896223600, -1.021650635094604200, -1.595833333333323700 ) ) ;
#3532 = CARTESIAN_POINT ( 'NONE',  ( 0.9999999999999991100, -4.357666448243395000E-016, 1.299999999999993600 ) ) ;
#3533 = CARTESIAN_POINT ( 'NONE',  ( -1.043301270189199000, 0.0000000000000000000, 3.000000000000002700 ) ) ;
#3534 = CARTESIAN_POINT ( 'NONE',  ( 1.179700538379243800, -2.167074732417825400E-016, -1.087500000000011000 ) ) ;
#3535 = CARTESIAN_POINT ( 'NONE',  ( 0.9999999999999993300, 0.2679491924311219200, -2.632136720504588000 ) ) ;
#3536 = CARTESIAN_POINT ( 'NONE',  ( -9.064742275298441300E-017, -0.7401923788646381800, 0.2499999999999932800 ) ) ;
#3537 = CARTESIAN_POINT ( 'NONE',  ( 0.9999999999999991100, -4.357666448243395000E-016, 0.8999999999999939200 ) ) ;
#3538 = CARTESIAN_POINT ( 'NONE',  ( -2.250000000000001800, -1.088391816142608500, 2.859846451659802600 ) ) ;
#3539 = CARTESIAN_POINT ( 'NONE',  ( -0.6410254037844125300, -0.3700961894323189200, 0.5833333333333263800 ) ) ;
#3540 = CARTESIAN_POINT ( 'NONE',  ( -0.6410254037844125300, -0.3700961894323189200, 0.1833333333333265800 ) ) ;
#3541 = CARTESIAN_POINT ( 'NONE',  ( -1.179700538379243800, 7.223582441392750400E-017, -0.4624999999999902500 ) ) ;
#3542 = EDGE_CURVE ( 'NONE', #2355, #2246, #3394, .T. ) ;
#3543 = ORIENTED_EDGE ( 'NONE', *, *, #3144, .T. ) ;
#3544 = CARTESIAN_POINT ( 'NONE',  ( -0.5773502691896251800, 0.9999999999999991100, -0.9166666666666623000 ) ) ;
#3545 = CARTESIAN_POINT ( 'NONE',  ( -1.251161180115467700E-016, -1.021650635094604400, -0.7875000000000108600 ) ) ;
#3546 = ORIENTED_EDGE ( 'NONE', *, *, #1553, .F. ) ;
#3547 = AXIS2_PLACEMENT_3D ( 'NONE', #2063, #3854, #1151 ) ;
#3548 = CARTESIAN_POINT ( 'NONE',  ( 0.4273502691896087200, 0.7401923788646379600, 2.416666666666659900 ) ) ;
#3549 = DIRECTION ( 'NONE',  ( -1.000000000000000000, 0.0000000000000000000, 0.0000000000000000000 ) ) ;
#3550 = CARTESIAN_POINT ( 'NONE',  ( 0.0000000000000000000, 0.0000000000000000000, -3.000000000000002700 ) ) ;
#3551 = EDGE_LOOP ( 'NONE', ( #663, #1782, #76, #1867, #2576, #2946 ) ) ;
#3552 = CARTESIAN_POINT ( 'NONE',  ( 0.6410254037844123100, -0.3700961894323194200, 1.916666666666660300 ) ) ;
#3553 = CARTESIAN_POINT ( 'NONE',  ( -0.4273502691896082200, 0.7401923788646381800, -0.3166666666666734200 ) ) ;
#3554 = ORGANIZATION ( 'UNSPECIFIED', 'UNSPECIFIED', '' ) ;
#3555 = CARTESIAN_POINT ( 'NONE',  ( -0.8847754037844329800, -0.5108253175473019800, -0.8291666666666568400 ) ) ;
#3556 = APPROVAL ( #1509, 'UNSPECIFIED' ) ;
#3557 = LINE ( 'NONE', #708, #3421 ) ;
#3558 = CARTESIAN_POINT ( 'NONE',  ( 0.5951458412375740800, 0.4996821010774183400, 2.726589019641039200 ) ) ;
#3559 = VERTEX_POINT ( 'NONE', #384 ) ;
#3560 = CARTESIAN_POINT ( 'NONE',  ( 0.0000000000000000000, 1.021650635094604400, 1.812499999999989600 ) ) ;
#3561 = CARTESIAN_POINT ( 'NONE',  ( -0.9999999999999991100, 0.2679491924311225800, 2.332136720504596200 ) ) ;
#3562 = ORIENTED_EDGE ( 'NONE', *, *, #1014, .F. ) ;
#3563 = CARTESIAN_POINT ( 'NONE',  ( -0.7416645267673434000, -2.169875997175821700, -2.999999999999991600 ) ) ;
#3564 = CARTESIAN_POINT ( 'NONE',  ( 0.0000000000000000000, 0.0000000000000000000, -3.000000000000002700 ) ) ;
#3565 = CARTESIAN_POINT ( 'NONE',  ( 0.5773502691896250600, -0.9999999999999993300, -0.3666666666666728600 ) ) ;
#3566 = CARTESIAN_POINT ( 'NONE',  ( 0.4273502691896087200, 0.7401923788646379600, 1.216666666666660100 ) ) ;
#3567 = CARTESIAN_POINT ( 'NONE',  ( -0.6410254037844125300, -0.3700961894323189200, -1.016666666666673500 ) ) ;
#3568 = EDGE_CURVE ( 'NONE', #755, #2678, #2916, .T. ) ;
#3569 = EDGE_LOOP ( 'NONE', ( #868, #2094, #1768, #1309, #767, #2239, #1114, #744, #2162 ) ) ;
#3570 =( BOUNDED_CURVE ( )  B_SPLINE_CURVE ( 2, ( #2630, #2498, #2602, #2926, #1714, #789, #2579, #3809, #1097 ),
 .UNSPECIFIED., .F., .F. ) 
 B_SPLINE_CURVE_WITH_KNOTS ( ( 3, 2, 2, 2, 3 ),
 ( 0.6406250000000000000, 0.6458333333333333700, 0.6562500000000000000, 0.6666666666666666300, 0.6718750000000000000 ),
 .UNSPECIFIED. ) 
 CURVE ( )  GEOMETRIC_REPRESENTATION_ITEM ( )  RATIONAL_B_SPLINE_CURVE ( ( 0.9330127018922194100, 0.9330127018922194100, 1.000000000000000000, 0.8660254037844387100, 1.000000000000000000, 0.8660254037844387100, 1.000000000000000000, 0.9330127018922194100, 0.9330127018922194100 ) ) 
 REPRESENTATION_ITEM ( '' )  );
#3571 = CARTESIAN_POINT ( 'NONE',  ( -0.5898502691896223600, -1.021650635094604200, -1.195833333333324200 ) ) ;
#3572 = CARTESIAN_POINT ( 'NONE',  ( 0.9999999999999991100, -4.357666448243395000E-016, -1.100000000000006100 ) ) ;
#3573 = CARTESIAN_POINT ( 'NONE',  ( 2.249999999999991600, 1.299038105676643400, -2.799038105676671300 ) ) ;
#3574 = PLANE ( 'NONE',  #971 ) ;
#3575 = CARTESIAN_POINT ( 'NONE',  ( -1.251161180115467700E-016, -1.021650635094604400, 1.212499999999989700 ) ) ;
#3576 = COORDINATED_UNIVERSAL_TIME_OFFSET ( 6, 0, .BEHIND. ) ;
#3577 = CARTESIAN_POINT ( 'NONE',  ( -0.5773502691896256200, -0.9999999999999988900, 2.766666666666661300 ) ) ;
#3578 = CARTESIAN_POINT ( 'NONE',  ( -0.4273502691896085600, -0.7401923788646379600, 1.816666666666660000 ) ) ;
#3579 = DIRECTION ( 'NONE',  ( -0.0000000000000000000, -0.0000000000000000000, -1.000000000000000000 ) ) ;
#3580 = CARTESIAN_POINT ( 'NONE',  ( -1.224646799147352500E-016, -0.9999999999999991100, -1.200000000000006000 ) ) ;
#3581 = CARTESIAN_POINT ( 'NONE',  ( 0.8660254037844377100, -0.5000000000000000000, -0.6833333333333286900 ) ) ;
#3582 = AXIS2_PLACEMENT_3D ( 'NONE', #1748, #279, #881 ) ;
#3583 = CARTESIAN_POINT ( 'NONE',  ( 0.0000000000000000000, 0.7401923788646381800, 1.649999999999993500 ) ) ;
#3584 = CARTESIAN_POINT ( 'NONE',  ( -0.8547005383792165600, 5.233531392778135700E-017, -0.2500000000000067200 ) ) ;
#3585 = CARTESIAN_POINT ( 'NONE',  ( -0.8847754037844328700, 0.5108253175473023200, -1.295833333333323800 ) ) ;
#3586 = CARTESIAN_POINT ( 'NONE',  ( 0.0000000000000000000, 0.0000000000000000000, 3.000000000000002700 ) ) ;
#3587 = CARTESIAN_POINT ( 'NONE',  ( -9.064742275298441300E-017, -0.7401923788646381800, -2.200000000000001500 ) ) ;
#3588 = CARTESIAN_POINT ( 'NONE',  ( -1.179700538379243800, 7.223582441392750400E-017, 0.7124999999999891400 ) ) ;
#3589 = CARTESIAN_POINT ( 'NONE',  ( 0.8547005383792165600, -1.570059417833440500E-016, -2.500000000000000900 ) ) ;
#3590 = VERTEX_POINT ( 'NONE', #968 ) ;
#3591 = CARTESIAN_POINT ( 'NONE',  ( -2.250000000000001800, -1.299038105676685100, 2.799038105676654000 ) ) ;
#3592 = DIRECTION ( 'NONE',  ( 0.0000000000000000000, 0.0000000000000000000, 1.000000000000000000 ) ) ;
#3593 = CARTESIAN_POINT ( 'NONE',  ( 0.4273502691896080000, -0.7401923788646384000, 3.083333333333326400 ) ) ;
#3594 = CARTESIAN_POINT ( 'NONE',  ( -0.6410254037844124200, 0.3700961894323192000, -0.2833333333333403200 ) ) ;
#3595 = CARTESIAN_POINT ( 'NONE',  ( -1.179700538379243800, 7.223582441392750400E-017, 1.137500000000009900 ) ) ;
#3596 = ORIENTED_EDGE ( 'NONE', *, *, #1583, .F. ) ;
#3597 = DIRECTION ( 'NONE',  ( -1.000000000000000000, 0.0000000000000000000, 0.0000000000000000000 ) ) ;
#3598 = EDGE_CURVE ( 'NONE', #678, #3880, #2254, .T. ) ;
#3599 = EDGE_LOOP ( 'NONE', ( #3523, #103, #3408, #2467 ) ) ;
#3600 = CARTESIAN_POINT ( 'NONE',  ( 0.4273502691896080000, -0.7401923788646384000, -2.166666666666668300 ) ) ;
#3601 = VECTOR ( 'NONE', #1506, 1000.000000000000000 ) ;
#3602 = FACE_OUTER_BOUND ( 'NONE', #3128, .T. ) ;
#3603 = CARTESIAN_POINT ( 'NONE',  ( 0.0000000000000000000, 0.7401923788646381800, 2.449999999999993100 ) ) ;
#3604 = CARTESIAN_POINT ( 'NONE',  ( -0.8240537322560053100, 0.5652232529883322000, -2.944959235852798100 ) ) ;
#3605 = CARTESIAN_POINT ( 'NONE',  ( 0.0000000000000000000, 0.7401923788646381800, 2.049999999999993600 ) ) ;
#3606 = LINE ( 'NONE', #3254, #2432 ) ;
#3607 = CARTESIAN_POINT ( 'NONE',  ( -0.4273502691896082200, 0.7401923788646381800, 2.083333333333326800 ) ) ;
#3608 = CARTESIAN_POINT ( 'NONE',  ( -1.179700538379243800, 7.223582441392750400E-017, 1.937500000000009300 ) ) ;
#3609 = CARTESIAN_POINT ( 'NONE',  ( 0.8660254037844382600, 0.4999999999999988300, -2.216666666666662300 ) ) ;
#3610 = UNCERTAINTY_MEASURE_WITH_UNIT (LENGTH_MEASURE( 1.000000000000000100E-005 ), #2912, 'distance_accuracy_value', 'NONE');
#3611 = ORIENTED_EDGE ( 'NONE', *, *, #507, .T. ) ;
#3612 = ORIENTED_EDGE ( 'NONE', *, *, #2273, .T. ) ;
#3613 = CARTESIAN_POINT ( 'NONE',  ( 2.249999999999995100, -1.088391816142608500, 2.859846451659806100 ) ) ;
#3614 = ORIENTED_EDGE ( 'NONE', *, *, #3687, .T. ) ;
#3615 = SECURITY_CLASSIFICATION_LEVEL ( 'unclassified' ) ;
#3616 =( BOUNDED_CURVE ( )  B_SPLINE_CURVE ( 2, ( #3392, #426, #3630, #3353, #691, #2740, #1560, #400, #958 ),
 .UNSPECIFIED., .F., .F. ) 
 B_SPLINE_CURVE_WITH_KNOTS ( ( 3, 2, 2, 2, 3 ),
 ( 0.2031250000000000000, 0.2083333333333333700, 0.2187500000000000000, 0.2291666666666666300, 0.2343750000000000000 ),
 .UNSPECIFIED. ) 
 CURVE ( )  GEOMETRIC_REPRESENTATION_ITEM ( )  RATIONAL_B_SPLINE_CURVE ( ( 0.9330127018922194100, 0.9330127018922194100, 1.000000000000000000, 0.8660254037844387100, 1.000000000000000000, 0.8660254037844387100, 1.000000000000000000, 0.9330127018922194100, 0.9330127018922194100 ) ) 
 REPRESENTATION_ITEM ( '' )  );
#3617 = CARTESIAN_POINT ( 'NONE',  ( -0.6238667204236344500, 0.7815307512490193800, -2.956698729810803600 ) ) ;
#3618 = CARTESIAN_POINT ( 'NONE',  ( -0.8547005383792165600, 5.233531392778135700E-017, -3.100000000000001400 ) ) ;
#3619 = CARTESIAN_POINT ( 'NONE',  ( 0.4273502691896080000, -0.7401923788646384000, 2.283333333333326600 ) ) ;
#3620 = EDGE_CURVE ( 'NONE', #933, #542, #2148, .T. ) ;
#3621 = CARTESIAN_POINT ( 'NONE',  ( 1.179700538379243800, -2.167074732417825400E-016, 2.137500000000009900 ) ) ;
#3622 = CARTESIAN_POINT ( 'NONE',  ( -0.9999999999999991100, 1.452555482747798400E-016, 1.499999999999994000 ) ) ;
#3623 = CARTESIAN_POINT ( 'NONE',  ( 0.0000000000000000000, 0.7401923788646381800, -2.000000000000001300 ) ) ;
#3624 = CARTESIAN_POINT ( 'NONE',  ( 0.8660254037844377100, -0.5000000000000000000, -2.283333333333329200 ) ) ;
#3625 = CARTESIAN_POINT ( 'NONE',  ( -0.5773502691896256200, -0.9999999999999988900, -1.983333333333329200 ) ) ;
#3626 = CC_DESIGN_PERSON_AND_ORGANIZATION_ASSIGNMENT ( #1818, #2084, ( #3434 ) ) ;
#3627 = CARTESIAN_POINT ( 'NONE',  ( -0.6410254037844124200, 0.3700961894323192000, -2.333333333333334800 ) ) ;
#3628 = DIRECTION ( 'NONE',  ( 1.000000000000000000, 0.0000000000000000000, -0.0000000000000000000 ) ) ;
#3629 = CARTESIAN_POINT ( 'NONE',  ( -1.179700538379243800, 7.223582441392750400E-017, 2.337500000000009700 ) ) ;
#3630 = CARTESIAN_POINT ( 'NONE',  ( 0.8660254037844377100, -0.5000000000000000000, 2.066666666666661100 ) ) ;
#3631 = CARTESIAN_POINT ( 'NONE',  ( -0.7393871033050296600, -0.03451766497735638000, -2.696891108675441900 ) ) ;
#3632 = ORIENTED_EDGE ( 'NONE', *, *, #256, .F. ) ;
#3633 = CARTESIAN_POINT ( 'NONE',  ( -0.8547005383792165600, 5.233531392778135700E-017, -1.100000000000001200 ) ) ;
#3634 =( BOUNDED_CURVE ( )  B_SPLINE_CURVE ( 2, ( #3137, #996, #1296, #1986, #191, #2658, #3581, #465, #1109 ),
 .UNSPECIFIED., .F., .F. ) 
 B_SPLINE_CURVE_WITH_KNOTS ( ( 3, 2, 2, 2, 3 ),
 ( 0.3906250000000000000, 0.3958333333333333100, 0.4062500000000000000, 0.4166666666666666900, 0.4218750000000000000 ),
 .UNSPECIFIED. ) 
 CURVE ( )  GEOMETRIC_REPRESENTATION_ITEM ( )  RATIONAL_B_SPLINE_CURVE ( ( 0.9330127018922194100, 0.9330127018922194100, 1.000000000000000000, 0.8660254037844387100, 1.000000000000000000, 0.8660254037844387100, 1.000000000000000000, 0.9330127018922194100, 0.9330127018922194100 ) ) 
 REPRESENTATION_ITEM ( '' )  );
#3635 = EDGE_LOOP ( 'NONE', ( #3406, #2008, #207, #1571 ) ) ;
#3636 = CARTESIAN_POINT ( 'NONE',  ( 0.9999999999999991100, 1.224646799147352200E-016, 3.000000000000002700 ) ) ;
#3637 = EDGE_CURVE ( 'NONE', #1907, #3219, #1433, .T. ) ;
#3638 = CARTESIAN_POINT ( 'NONE',  ( 0.5773502691896259500, 0.9999999999999988900, 1.766666666666661300 ) ) ;
#3639 = DIRECTION ( 'NONE',  ( -0.0000000000000000000, -0.0000000000000000000, -1.000000000000000000 ) ) ;
#3640 = ORIENTED_EDGE ( 'NONE', *, *, #2535, .F. ) ;
#3641 = ORIENTED_EDGE ( 'NONE', *, *, #3170, .T. ) ;
#3642 = CARTESIAN_POINT ( 'NONE',  ( -0.8547005383792165600, 5.233531392778135700E-017, -2.300000000000001200 ) ) ;
#3643 = CARTESIAN_POINT ( 'NONE',  ( -0.5898502691896218000, 1.021650635094604400, 0.2708333333333429700 ) ) ;
#3644 = DIRECTION ( 'NONE',  ( -1.000000000000000000, 0.0000000000000000000, 0.0000000000000000000 ) ) ;
#3645 = CARTESIAN_POINT ( 'NONE',  ( 0.5773502691896259500, 0.9999999999999988900, 0.6166666666666712500 ) ) ;
#3646 = EDGE_LOOP ( 'NONE', ( #2142, #3612, #2421 ) ) ;
#3647 = LINE ( 'NONE', #321, #761 ) ;
#3648 = CARTESIAN_POINT ( 'NONE',  ( 0.4273502691896080000, -0.7401923788646384000, -0.5666666666666679800 ) ) ;
#3649 = AXIS2_PLACEMENT_3D ( 'NONE', #3586, #1207, #2081 ) ;
#3650 = ORIENTED_EDGE ( 'NONE', *, *, #2816, .F. ) ;
#3651 = CARTESIAN_POINT ( 'NONE',  ( 0.9999999999999988900, -0.2679491924311228100, -2.267863279495404300 ) ) ;
#3652 = CARTESIAN_POINT ( 'NONE',  ( 0.5773502691896250600, -0.9999999999999993300, -0.3166666666666621000 ) ) ;
#3653 = CARTESIAN_POINT ( 'NONE',  ( -0.6410254037844124200, 0.3700961894323192000, -2.733333333333335200 ) ) ;
#3654 = CARTESIAN_POINT ( 'NONE',  ( 0.0000000000000000000, 0.7401923788646381800, -2.000000000000001300 ) ) ;
#3655 = CARTESIAN_POINT ( 'NONE',  ( -0.8547005383792165600, 5.233531392778135700E-017, 1.349999999999993900 ) ) ;
#3656 = ORIENTED_EDGE ( 'NONE', *, *, #63, .T. ) ;
#3657 = CARTESIAN_POINT ( 'NONE',  ( 0.0000000000000000000, 1.021650635094604400, 2.637500000000009500 ) ) ;
#3658 = DIRECTION ( 'NONE',  ( -1.000000000000000000, 0.0000000000000000000, 0.0000000000000000000 ) ) ;
#3659 = CARTESIAN_POINT ( 'NONE',  ( -0.9999999999999991100, 1.452555482747798400E-016, 0.2999999999999937700 ) ) ;
#3660 = ORIENTED_EDGE ( 'NONE', *, *, #1808, .F. ) ;
#3661 = CARTESIAN_POINT ( 'NONE',  ( -0.4273502691896082200, 0.7401923788646381800, -0.7666666666666680500 ) ) ;
#3662 = CARTESIAN_POINT ( 'NONE',  ( 0.5773502691896259500, 0.9999999999999988900, -0.5833333333333288200 ) ) ;
#3663 = DIRECTION ( 'NONE',  ( -0.0000000000000000000, -0.0000000000000000000, -1.000000000000000000 ) ) ;
#3664 = CARTESIAN_POINT ( 'NONE',  ( -0.4273502691896085600, -0.7401923788646379600, -1.433333333333334700 ) ) ;
#3665 = CARTESIAN_POINT ( 'NONE',  ( 0.6410254037844123100, -0.3700961894323194200, -2.533333333333334500 ) ) ;
#3666 = EDGE_CURVE ( 'NONE', #2950, #636, #1520, .T. ) ;
#3667 = CARTESIAN_POINT ( 'NONE',  ( -0.6410254037844124200, 0.3700961894323192000, -3.083333333333340100 ) ) ;
#3668 = CARTESIAN_POINT ( 'NONE',  ( 0.9999999999999991100, -4.357666448243395000E-016, 1.350000000000004300 ) ) ;
#3669 = B_SPLINE_CURVE_WITH_KNOTS ( 'NONE', 3,
 ( #843, #1159, #2968, #1174, #3835, #1751 ),
 .UNSPECIFIED., .F., .F.,
 ( 4, 2, 4 ),
 ( 0.001314652396222778700, 0.001969405109320625100, 0.002624157822418471700 ),
 .UNSPECIFIED. ) ;
#3670 = CARTESIAN_POINT ( 'NONE',  ( 0.6410254037844127500, 0.3700961894323185300, 0.3333333333333322000 ) ) ;
#3671 = DIRECTION ( 'NONE',  ( -0.0000000000000000000, -0.0000000000000000000, -1.000000000000000000 ) ) ;
#3672 = CARTESIAN_POINT ( 'NONE',  ( -0.9999999999999991100, 1.452555482747798400E-016, 1.950000000000004600 ) ) ;
#3673 = CARTESIAN_POINT ( 'NONE',  ( -0.5773502691896256200, -0.9999999999999988900, -0.03333333333333934900 ) ) ;
#3674 = SECURITY_CLASSIFICATION ( '', '', #3615 ) ;
#3675 = CARTESIAN_POINT ( 'NONE',  ( 0.6410254037844123100, -0.3700961894323194200, 1.066666666666665300 ) ) ;
#3676 = CARTESIAN_POINT ( 'NONE',  ( -0.4273502691896082200, 0.7401923788646381800, -1.566666666666668000 ) ) ;
#3677 = DIRECTION ( 'NONE',  ( -1.000000000000000000, 0.0000000000000000000, 0.0000000000000000000 ) ) ;
#3678 = EDGE_LOOP ( 'NONE', ( #3596, #1213, #2073 ) ) ;
#3679 = CARTESIAN_POINT ( 'NONE',  ( 0.0000000000000000000, 1.021650635094604400, 2.612499999999989200 ) ) ;
#3680 = CARTESIAN_POINT ( 'NONE',  ( -0.8660254037844378200, 0.4999999999999996700, 0.7166666666666714500 ) ) ;
#3681 = ORIENTED_EDGE ( 'NONE', *, *, #174, .T. ) ;
#3682 = CARTESIAN_POINT ( 'NONE',  ( 0.6410254037844127500, 0.3700961894323185300, -1.266666666666668200 ) ) ;
#3683 = ORIENTED_EDGE ( 'NONE', *, *, #199, .F. ) ;
#3684 = CARTESIAN_POINT ( 'NONE',  ( 0.9999999999999993300, 0.2679491924311219200, 0.1178632794954021100 ) ) ;
#3685 = PERSON_AND_ORGANIZATION ( #179, #3554 ) ;
#3686 = CARTESIAN_POINT ( 'NONE',  ( -0.9999999999999991100, -0.2679491924311222500, 1.117863279495402200 ) ) ;
#3687 = EDGE_CURVE ( 'NONE', #1380, #291, #121, .T. ) ;
#3688 = CARTESIAN_POINT ( 'NONE',  ( 0.8660254037844382600, 0.4999999999999988300, 1.783333333333337700 ) ) ;
#3689 = CARTESIAN_POINT ( 'NONE',  ( 0.4273502691896087200, 0.7401923788646379600, -0.8333333333333348100 ) ) ;
#3690 = CARTESIAN_POINT ( 'NONE',  ( -9.064742275298441300E-017, -0.7401923788646381800, -1.000000000000001300 ) ) ;
#3691 = VECTOR ( 'NONE', #2022, 1000.000000000000000 ) ;
#3692 = CARTESIAN_POINT ( 'NONE',  ( 0.9999999999999991100, -4.357666448243395000E-016, -1.049999999999995800 ) ) ;
#3693 = ADVANCED_FACE ( 'NONE', ( #1078 ), #416, .F. ) ;
#3694 = CYLINDRICAL_SURFACE ( 'NONE', #235, 0.9999999999999991100 ) ;
#3695 = CARTESIAN_POINT ( 'NONE',  ( -0.5898502691896218000, 1.021650635094604400, 3.045833333333322300 ) ) ;
#3696 = CARTESIAN_POINT ( 'NONE',  ( 0.9999999999999993300, 0.2679491924311219200, -0.6821367205045979500 ) ) ;
#3697 = AXIS2_PLACEMENT_3D ( 'NONE', #3709, #1920, #2235 ) ;
#3698 = CYLINDRICAL_SURFACE ( 'NONE', #834, 0.9999999999999991100 ) ;
#3699 = B_SPLINE_CURVE_WITH_KNOTS ( 'NONE', 3,
 ( #1497, #21, #46, #2727 ),
 .UNSPECIFIED., .F., .F.,
 ( 4, 4 ),
 ( 2.380746839934274300E-007, 0.001314652396222779100 ),
 .UNSPECIFIED. ) ;
#3700 = LINE ( 'NONE', #353, #2808 ) ;
#3701 = CARTESIAN_POINT ( 'NONE',  ( -0.6410254037844125300, -0.3700961894323189200, 0.9333333333333320200 ) ) ;
#3702 = VERTEX_POINT ( 'NONE', #2826 ) ;
#3703 = ORIENTED_EDGE ( 'NONE', *, *, #3568, .F. ) ;
#3704 = CARTESIAN_POINT ( 'NONE',  ( -0.3686825588085526100, 2.385217236779658900, -2.910744989968461200 ) ) ;
#3705 = CARTESIAN_POINT ( 'NONE',  ( -0.4273502691896085600, -0.7401923788646379600, -1.033333333333334800 ) ) ;
#3706 = CARTESIAN_POINT ( 'NONE',  ( 0.8547005383792165600, -1.570059417833440500E-016, 1.499999999999998900 ) ) ;
#3707 = CARTESIAN_POINT ( 'NONE',  ( 0.0000000000000000000, 0.9999999999999991100, -1.749999999999995600 ) ) ;
#3708 = CARTESIAN_POINT ( 'NONE',  ( 0.0000000000000000000, 1.021650635094604400, 2.212499999999989700 ) ) ;
#3709 = CARTESIAN_POINT ( 'NONE',  ( 0.0000000000000000000, 0.0000000000000000000, -2.956698729810802700 ) ) ;
#3710 = DIRECTION ( 'NONE',  ( -0.0000000000000000000, -0.0000000000000000000, -1.000000000000000000 ) ) ;
#3711 = CARTESIAN_POINT ( 'NONE',  ( 0.8547005383792165600, -1.570059417833440500E-016, 1.899999999999999000 ) ) ;
#3712 = ADVANCED_FACE ( 'NONE', ( #982 ), #196, .F. ) ;
#3713 = EDGE_CURVE ( 'NONE', #1255, #1208, #3725, .T. ) ;
#3714 = CARTESIAN_POINT ( 'NONE',  ( 0.0000000000000000000, 0.0000000000000000000, 3.000000000000002700 ) ) ;
#3715 = CARTESIAN_POINT ( 'NONE',  ( -0.5773502691896251800, 0.9999999999999991100, 1.883333333333337700 ) ) ;
#3716 = CARTESIAN_POINT ( 'NONE',  ( -0.8547005383792165600, 5.233531392778135700E-017, 0.4999999999999986700 ) ) ;
#3717 = CARTESIAN_POINT ( 'NONE',  ( -9.064742275298441300E-017, -0.7401923788646381800, 1.399999999999998600 ) ) ;
#3718 = CARTESIAN_POINT ( 'NONE',  ( -0.9999999999999991100, 1.452555482747798400E-016, -1.649999999999995500 ) ) ;
#3719 = EDGE_CURVE ( 'NONE', #2338, #1526, #2547, .T. ) ;
#3720 = CARTESIAN_POINT ( 'NONE',  ( -0.8660254037844379300, -0.4999999999999993300, -2.466666666666672600 ) ) ;
#3721 = CARTESIAN_POINT ( 'NONE',  ( -0.8547005383792165600, 5.233531392778135700E-017, -1.850000000000006800 ) ) ;
#3722 = DIRECTION ( 'NONE',  ( 0.0000000000000000000, 0.0000000000000000000, 1.000000000000000000 ) ) ;
#3723 = CARTESIAN_POINT ( 'NONE',  ( 0.5898502691896225800, 1.021650635094604000, 2.604166666666676300 ) ) ;
#3724 = CARTESIAN_POINT ( 'NONE',  ( 0.0000000000000000000, 0.7401923788646381800, -2.350000000000007200 ) ) ;
#3725 = B_SPLINE_CURVE_WITH_KNOTS ( 'NONE', 3,
 ( #1604, #1922, #2491, #2770 ),
 .UNSPECIFIED., .F., .F.,
 ( 4, 4 ),
 ( 2.380746839933201000E-007, 0.001314652396222807100 ),
 .UNSPECIFIED. ) ;
#3726 = CARTESIAN_POINT ( 'NONE',  ( -0.8547005383792165600, 5.233531392778135700E-017, 1.699999999999998400 ) ) ;
#3727 = VERTEX_POINT ( 'NONE', #2201 ) ;
#3728 = DIRECTION ( 'NONE',  ( -0.0000000000000000000, -0.0000000000000000000, -1.000000000000000000 ) ) ;
#3729 = CARTESIAN_POINT ( 'NONE',  ( -0.8847754037844329800, -0.5108253175473019800, -2.054166666666677800 ) ) ;
#3730 = ORIENTED_EDGE ( 'NONE', *, *, #830, .T. ) ;
#3731 = CARTESIAN_POINT ( 'NONE',  ( -0.4273502691896085600, -0.7401923788646379600, -0.2333333333333345000 ) ) ;
#3732 = CARTESIAN_POINT ( 'NONE',  ( -0.4273502691896085600, -0.7401923788646378500, 0.1666666666666652100 ) ) ;
#3733 = CARTESIAN_POINT ( 'NONE',  ( 0.8372595264191455800, -9.906428392339986900E-015, -2.793958256229949600 ) ) ;
#3734 = ADVANCED_FACE ( 'NONE', ( #2056 ), #2106, .T. ) ;
#3735 = CARTESIAN_POINT ( 'NONE',  ( -9.064742275298441300E-017, -0.7401923788646381800, -0.5500000000000065900 ) ) ;
#3736 = CARTESIAN_POINT ( 'NONE',  ( -0.9999999999999991100, -0.2679491924311222500, 1.167863279495412900 ) ) ;
#3737 = ORIENTED_EDGE ( 'NONE', *, *, #3666, .T. ) ;
#3738 = CARTESIAN_POINT ( 'NONE',  ( 0.6410254037844123100, -0.3700961894323194200, -2.483333333333340100 ) ) ;
#3739 = CARTESIAN_POINT ( 'NONE',  ( -0.8547005383792165600, 5.233531392778135700E-017, -3.050000000000007400 ) ) ;
#3740 = CARTESIAN_POINT ( 'NONE',  ( -0.6410254037844125300, -0.3700961894323189200, 1.333333333333332100 ) ) ;
#3741 = ORIENTED_EDGE ( 'NONE', *, *, #1195, .F. ) ;
#3742 = CARTESIAN_POINT ( 'NONE',  ( 0.7393871033050317700, -0.03451766497731958300, 2.696891108675443200 ) ) ;
#3743 = EDGE_CURVE ( 'NONE', #3702, #1017, #3372, .T. ) ;
#3744 = VECTOR ( 'NONE', #3663, 1000.000000000000000 ) ;
#3745 = CARTESIAN_POINT ( 'NONE',  ( 0.9999999999999991100, -4.357666448243395000E-016, 2.499999999999993800 ) ) ;
#3746 = CARTESIAN_POINT ( 'NONE',  ( -0.6410254037844124200, 0.3700961894323192000, 1.266666666666665100 ) ) ;
#3747 = CARTESIAN_POINT ( 'NONE',  ( -0.4273502691896082200, 0.7401923788646381800, 0.03333333333333182700 ) ) ;
#3748 = CARTESIAN_POINT ( 'NONE',  ( 0.4620815491133570800, 0.6699392969613016100, -2.755231742606287800 ) ) ;
#3749 = EDGE_LOOP ( 'NONE', ( #2574, #3641, #529, #1712 ) ) ;
#3750 = CARTESIAN_POINT ( 'NONE',  ( 0.8547005383792165600, -1.570059417833440500E-016, -2.450000000000006400 ) ) ;
#3751 = CARTESIAN_POINT ( 'NONE',  ( -0.8660254037844378200, 0.4999999999999996700, 0.6666666666666606300 ) ) ;
#3752 = CARTESIAN_POINT ( 'NONE',  ( -9.064742275298441300E-017, -0.7401923788646381800, -1.750000000000006900 ) ) ;
#3753 = CARTESIAN_POINT ( 'NONE',  ( -0.6410254037844125300, -0.3700961894323189200, -2.616666666666673400 ) ) ;
#3754 = B_SPLINE_CURVE_WITH_KNOTS ( 'NONE', 3,
 ( #2617, #1713, #3527, #548, #3240, #295 ),
 .UNSPECIFIED., .F., .F.,
 ( 4, 2, 4 ),
 ( 0.001314652396222779100, 0.001969405109320625500, 0.002624157822418471700 ),
 .UNSPECIFIED. ) ;
#3755 = VERTEX_POINT ( 'NONE', #729 ) ;
#3756 = CARTESIAN_POINT ( 'NONE',  ( -0.4273502691896082200, 0.7401923788646381800, 1.233333333333331800 ) ) ;
#3757 = ADVANCED_FACE ( 'NONE', ( #488, #2994 ), #427, .F. ) ;
#3758 =( BOUNDED_CURVE ( )  B_SPLINE_CURVE ( 2, ( #127, #85, #3060, #1293, #1881, #2790, #3720, #1570, #117 ),
 .UNSPECIFIED., .F., .F. ) 
 B_SPLINE_CURVE_WITH_KNOTS ( ( 3, 2, 2, 2, 3 ),
 ( 0.8906250000000000000, 0.8958333333333333700, 0.9062500000000000000, 0.9166666666666666300, 0.9218750000000000000 ),
 .UNSPECIFIED. ) 
 CURVE ( )  GEOMETRIC_REPRESENTATION_ITEM ( )  RATIONAL_B_SPLINE_CURVE ( ( 0.9330127018922194100, 0.9330127018922194100, 1.000000000000000000, 0.8660254037844387100, 1.000000000000000000, 0.8660254037844387100, 1.000000000000000000, 0.9330127018922194100, 0.9330127018922194100 ) ) 
 REPRESENTATION_ITEM ( '' )  );
#3759 = CARTESIAN_POINT ( 'NONE',  ( -0.5030035468569196100, -0.7837500086163324800, -2.880520761634013400 ) ) ;
#3760 = CARTESIAN_POINT ( 'NONE',  ( -0.6410254037844125300, -0.3700961894323189200, 2.533333333333331900 ) ) ;
#3761 = CARTESIAN_POINT ( 'NONE',  ( 0.4273502691896080000, -0.7401923788646384000, 1.033333333333332300 ) ) ;
#3762 = CARTESIAN_POINT ( 'NONE',  ( 0.9999999999999988900, -0.2679491924311228100, 0.5321367205045961500 ) ) ;
#3763 = CARTESIAN_POINT ( 'NONE',  ( -0.4273502691896082200, 0.7401923788646381800, -0.7166666666666735600 ) ) ;
#3764 = CARTESIAN_POINT ( 'NONE',  ( -0.9999999999999991100, 0.2679491924311225800, 1.532136720504595900 ) ) ;
#3765 = CARTESIAN_POINT ( 'NONE',  ( 0.6410254037844127500, 0.3700961894323185300, -2.016666666666673700 ) ) ;
#3766 = CARTESIAN_POINT ( 'NONE',  ( 0.4273502691896087200, 0.7401923788646379600, -1.183333333333340200 ) ) ;
#3767 = CARTESIAN_POINT ( 'NONE',  ( 0.0000000000000000000, 1.021650635094604400, -2.962499999999990100 ) ) ;
#3768 = CARTESIAN_POINT ( 'NONE',  ( -0.8660254037844379300, -0.4999999999999993300, -2.066666666666672600 ) ) ;
#3769 = CARTESIAN_POINT ( 'NONE',  ( -1.179700538379243800, 7.223582441392750400E-017, -1.687500000000010700 ) ) ;
#3770 = CARTESIAN_POINT ( 'NONE',  ( 0.4273502691896080000, -0.7401923788646384000, 1.433333333333332700 ) ) ;
#3771 = CARTESIAN_POINT ( 'NONE',  ( -0.9999999999999991100, 1.452555482747798400E-016, 1.499999999999994000 ) ) ;
#3772 = ADVANCED_FACE ( 'NONE', ( #2295 ), #388, .F. ) ;
#3773 = CARTESIAN_POINT ( 'NONE',  ( -0.6410254037844125300, -0.3700961894323189200, -1.816666666666673500 ) ) ;
#3774 = DIRECTION ( 'NONE',  ( 0.0000000000000000000, 0.0000000000000000000, -1.000000000000000000 ) ) ;
#3775 = CARTESIAN_POINT ( 'NONE',  ( -0.6410254037844125300, -0.3700961894323189200, -2.216666666666673400 ) ) ;
#3776 = ORIENTED_EDGE ( 'NONE', *, *, #3743, .F. ) ;
#3777 = CARTESIAN_POINT ( 'NONE',  ( 0.5898502691896216900, -1.021650635094604600, -2.329166666666657300 ) ) ;
#3778 = ORIENTED_EDGE ( 'NONE', *, *, #1937, .T. ) ;
#3779 = CARTESIAN_POINT ( 'NONE',  ( 0.9999999999999991100, -4.357666448243395000E-016, -2.300000000000006000 ) ) ;
#3780 = CARTESIAN_POINT ( 'NONE',  ( -1.251161180115467700E-016, -1.021650635094604400, -2.787500000000010700 ) ) ;
#3781 = CARTESIAN_POINT ( 'NONE',  ( 0.06867892805264840000, -0.9029312358682960400, -2.854461215238813100 ) ) ;
#3782 = CARTESIAN_POINT ( 'NONE',  ( 0.6410254037844127500, 0.3700961894323185300, 2.733333333333332500 ) ) ;
#3783 = ORIENTED_EDGE ( 'NONE', *, *, #3199, .F. ) ;
#3784 = COORDINATED_UNIVERSAL_TIME_OFFSET ( 6, 0, .BEHIND. ) ;
#3785 = CARTESIAN_POINT ( 'NONE',  ( -0.4273502691896082200, 0.7401923788646381800, 1.683333333333326700 ) ) ;
#3786 = DIRECTION ( 'NONE',  ( 0.0000000000000000000, 0.0000000000000000000, -1.000000000000000000 ) ) ;
#3787 = CARTESIAN_POINT ( 'NONE',  ( 0.4273502691896080000, -0.7401923788646384000, -0.9166666666666736200 ) ) ;
#3788 = CARTESIAN_POINT ( 'NONE',  ( 1.179700538379243800, -2.167074732417825400E-016, -2.262499999999990400 ) ) ;
#3789 = CONICAL_SURFACE ( 'NONE', #951, 2.250000000000001800, 1.047197551196600100 ) ;
#3790 = CIRCLE ( 'NONE', #2645, 2.250000000000001800 ) ;
#3791 = CARTESIAN_POINT ( 'NONE',  ( 0.9999999999999988900, -0.2679491924311228100, -0.7178632794954144000 ) ) ;
#3792 = EDGE_CURVE ( 'NONE', #2242, #236, #3669, .T. ) ;
#3793 = ORIENTED_EDGE ( 'NONE', *, *, #963, .F. ) ;
#3794 = CARTESIAN_POINT ( 'NONE',  ( 0.8847754037844333100, 0.5108253175473014300, -0.2541666666666777000 ) ) ;
#3795 = CARTESIAN_POINT ( 'NONE',  ( -0.4273502691896085600, -0.7401923788646379600, 2.566666666666666000 ) ) ;
#3796 =( BOUNDED_CURVE ( )  B_SPLINE_CURVE ( 2, ( #364, #3055, #1565, #3662, #1247, #373, #78, #1543, #2149 ),
 .UNSPECIFIED., .F., .F. ) 
 B_SPLINE_CURVE_WITH_KNOTS ( ( 3, 2, 2, 2, 3 ),
 ( 0.4218750000000000000, 0.4270833333333333100, 0.4375000000000000000, 0.4479166666666666900, 0.4531250000000000000 ),
 .UNSPECIFIED. ) 
 CURVE ( )  GEOMETRIC_REPRESENTATION_ITEM ( )  RATIONAL_B_SPLINE_CURVE ( ( 0.9330127018922194100, 0.9330127018922194100, 1.000000000000000000, 0.8660254037844387100, 1.000000000000000000, 0.8660254037844387100, 1.000000000000000000, 0.9330127018922194100, 0.9330127018922194100 ) ) 
 REPRESENTATION_ITEM ( '' )  );
#3797 = ORIENTED_EDGE ( 'NONE', *, *, #14, .T. ) ;
#3798 = CARTESIAN_POINT ( 'NONE',  ( 0.8547005383792165600, -1.570059417833440500E-016, 1.549999999999993200 ) ) ;
#3799 = CARTESIAN_POINT ( 'NONE',  ( 0.5773502691896259500, 0.9999999999999988900, 1.416666666666671600 ) ) ;
#3800 = DIRECTION ( 'NONE',  ( -0.0000000000000000000, -0.0000000000000000000, -1.000000000000000000 ) ) ;
#3801 = CARTESIAN_POINT ( 'NONE',  ( -0.4273502691896082200, 0.7401923788646381800, 0.08333333333332632000 ) ) ;
#3802 = CARTESIAN_POINT ( 'NONE',  ( -1.251161180115467700E-016, -1.021650635094604400, -1.962499999999990400 ) ) ;
#3803 = CARTESIAN_POINT ( 'NONE',  ( -2.250000000000001800, -0.2198835176872465400, -3.000000000000003100 ) ) ;
#3804 =( BOUNDED_CURVE ( )  B_SPLINE_CURVE ( 2, ( #328, #942, #1824, #3565, #11, #3324, #2675, #2117, #2728 ),
 .UNSPECIFIED., .F., .F. ) 
 B_SPLINE_CURVE_WITH_KNOTS ( ( 3, 2, 2, 2, 3 ),
 ( 0.5781250000000000000, 0.5833333333333332600, 0.5937500000000000000, 0.6041666666666667400, 0.6093750000000000000 ),
 .UNSPECIFIED. ) 
 CURVE ( )  GEOMETRIC_REPRESENTATION_ITEM ( )  RATIONAL_B_SPLINE_CURVE ( ( 0.9330127018922194100, 0.9330127018922194100, 1.000000000000000000, 0.8660254037844387100, 1.000000000000000000, 0.8660254037844387100, 1.000000000000000000, 0.9330127018922194100, 0.9330127018922194100 ) ) 
 REPRESENTATION_ITEM ( '' )  );
#3805 = CARTESIAN_POINT ( 'NONE',  ( 0.7315426346673678000, 0.2116444441803079800, 2.710763385485952500 ) ) ;
#3806 = CARTESIAN_POINT ( 'NONE',  ( -1.251161180115467700E-016, -1.021650635094604400, -1.587500000000011000 ) ) ;
#3807 = CARTESIAN_POINT ( 'NONE',  ( 0.5057262160294426800, -0.7247903221249114600, -2.832612013502420600 ) ) ;
#3808 = CARTESIAN_POINT ( 'NONE',  ( 0.8660254037844382600, 0.4999999999999988300, 2.183333333333338000 ) ) ;
#3809 = CARTESIAN_POINT ( 'NONE',  ( 0.9999999999999988900, -0.2679491924311228100, 0.9321367205045960600 ) ) ;
#3810 = CARTESIAN_POINT ( 'NONE',  ( -0.8547005383792165600, 5.233531392778135700E-017, 0.1499999999999930300 ) ) ;
#3811 = CARTESIAN_POINT ( 'NONE',  ( -1.881317441191451300, -1.511897080250322700, 2.910744989968439000 ) ) ;
#3812 = CARTESIAN_POINT ( 'NONE',  ( -0.9999999999999991100, 0.0000000000000000000, 3.000000000000002700 ) ) ;
#3813 = CARTESIAN_POINT ( 'NONE',  ( -0.6410254037844124200, 0.3700961894323192000, 0.1166666666666599000 ) ) ;
#3814 = CARTESIAN_POINT ( 'NONE',  ( 0.0000000000000000000, 0.7401923788646381800, 2.799999999999998500 ) ) ;
#3815 = EDGE_CURVE ( 'NONE', #1021, #3124, #3754, .T. ) ;
#3816 = CARTESIAN_POINT ( 'NONE',  ( 2.249999999999995100, -1.299038105676686900, 3.000000000000002700 ) ) ;
#3817 = CARTESIAN_POINT ( 'NONE',  ( -1.251161180115467700E-016, -1.021650635094604400, 0.01249999999998908200 ) ) ;
#3818 = ORIENTED_EDGE ( 'NONE', *, *, #2068, .T. ) ;
#3819 = CARTESIAN_POINT ( 'NONE',  ( 0.6410254037844123100, -0.3700961894323194200, 1.866666666666665800 ) ) ;
#3820 = ORIENTED_EDGE ( 'NONE', *, *, #1863, .T. ) ;
#3821 = CARTESIAN_POINT ( 'NONE',  ( 0.4273502691896087200, 0.7401923788646379600, 0.8166666666666599900 ) ) ;
#3822 = CARTESIAN_POINT ( 'NONE',  ( 0.8660254037844377100, -0.5000000000000000000, 2.516666666666671000 ) ) ;
#3823 = EDGE_LOOP ( 'NONE', ( #1977, #1760, #2238, #658, #1303 ) ) ;
#3824 = CARTESIAN_POINT ( 'NONE',  ( -0.8547005383792165600, 5.233531392778135700E-017, -1.450000000000006600 ) ) ;
#3825 = CARTESIAN_POINT ( 'NONE',  ( -0.4273502691896082200, 0.7401923788646381800, -0.3166666666666733700 ) ) ;
#3826 = CARTESIAN_POINT ( 'NONE',  ( -0.8847754037844329800, -0.5108253175473019800, -1.629166666666657100 ) ) ;
#3827 = CC_DESIGN_DATE_AND_TIME_ASSIGNMENT ( #2177, #313, ( #3674 ) ) ;
#3828 = EDGE_LOOP ( 'NONE', ( #2426, #3065, #3456, #2069 ) ) ;
#3829 = DIRECTION ( 'NONE',  ( 0.0000000000000000000, 0.0000000000000000000, 1.000000000000000000 ) ) ;
#3830 = ORIENTED_EDGE ( 'NONE', *, *, #3117, .F. ) ;
#3831 = CARTESIAN_POINT ( 'NONE',  ( -2.250000000000001800, 1.299038105676638200, 3.000000000000002700 ) ) ;
#3832 = SHAPE_DEFINITION_REPRESENTATION ( #254, #77 ) ;
#3833 = CARTESIAN_POINT ( 'NONE',  ( 1.179700538379243800, -2.167074732417825400E-016, -1.487500000000010900 ) ) ;
#3834 = CARTESIAN_POINT ( 'NONE',  ( -0.9999999999999991100, 0.2679491924311225800, -2.467863279495404100 ) ) ;
#3835 = CARTESIAN_POINT ( 'NONE',  ( 0.1835754756815201300, -2.492088861052001600, -2.860229930904650600 ) ) ;
#3836 = LINE ( 'NONE', #1058, #2806 ) ;
#3837 = CYLINDRICAL_SURFACE ( 'NONE', #2855, 0.9999999999999991100 ) ;
#3838 = CARTESIAN_POINT ( 'NONE',  ( 0.8547005383792165600, -1.570059417833440500E-016, 0.7499999999999933400 ) ) ;
#3839 = CARTESIAN_POINT ( 'NONE',  ( -0.9999999999999991100, 1.452555482747798400E-016, -0.1000000000000061500 ) ) ;
#3840 = CARTESIAN_POINT ( 'NONE',  ( -0.6410254037844125300, -0.3700961894323189200, 0.9833333333333265100 ) ) ;
#3841 = ORIENTED_EDGE ( 'NONE', *, *, #3058, .T. ) ;
#3842 = CARTESIAN_POINT ( 'NONE',  ( -0.4273502691896085600, -0.7401923788646378500, 0.2166666666666597100 ) ) ;
#3843 = EDGE_CURVE ( 'NONE', #542, #1021, #2566, .T. ) ;
#3844 = CARTESIAN_POINT ( 'NONE',  ( -1.179700538379243800, 7.223582441392750400E-017, -1.662499999999990300 ) ) ;
#3845 = CARTESIAN_POINT ( 'NONE',  ( -2.250000000000001800, -0.8716891052087927200, -2.911112545118574900 ) ) ;
#3846 = EDGE_LOOP ( 'NONE', ( #1224, #1505, #2810, #1073 ) ) ;
#3847 = CARTESIAN_POINT ( 'NONE',  ( 0.0000000000000000000, 0.9999999999999991100, 0.2500000000000046100 ) ) ;
#3848 = CARTESIAN_POINT ( 'NONE',  ( -0.8393306502697828200, 0.2096992097566655300, 2.815362928811702100 ) ) ;
#3849 = EDGE_CURVE ( 'NONE', #3727, #3559, #2691, .T. ) ;
#3850 = CARTESIAN_POINT ( 'NONE',  ( 0.8847754037844333100, 0.5108253175473014300, -0.6541666666666774400 ) ) ;
#3851 = CARTESIAN_POINT ( 'NONE',  ( 0.7421633369868012600, -3.050366513770377000E-016, 2.698862066797605800 ) ) ;
#3852 = CARTESIAN_POINT ( 'NONE',  ( -0.6410254037844124200, 0.3700961894323192000, 2.116666666666660000 ) ) ;
#3853 = DIRECTION ( 'NONE',  ( -0.0000000000000000000, -0.0000000000000000000, -1.000000000000000000 ) ) ;
#3854 = DIRECTION ( 'NONE',  ( 0.0000000000000000000, 0.0000000000000000000, -1.000000000000000000 ) ) ;
#3855 = CARTESIAN_POINT ( 'NONE',  ( 0.8547005383792165600, -1.570059417833440500E-016, 2.749999999999992900 ) ) ;
#3856 = CARTESIAN_POINT ( 'NONE',  ( -0.4273502691896082200, 0.7401923788646381800, 0.08333333333332632000 ) ) ;
#3857 = CARTESIAN_POINT ( 'NONE',  ( 0.8847754037844326500, -0.5108253175473026500, -0.2958333333333237300 ) ) ;
#3858 = APPROVAL_PERSON_ORGANIZATION ( #732, #1479, #1235 ) ;
#3859 = CARTESIAN_POINT ( 'NONE',  ( -0.9999999999999991100, 0.2679491924311225800, -1.317863279495414400 ) ) ;
#3860 = CARTESIAN_POINT ( 'NONE',  ( 0.9999999999999991100, -4.357666448243395000E-016, 0.1500000000000044600 ) ) ;
#3861 = CARTESIAN_POINT ( 'NONE',  ( 0.0000000000000000000, 0.9999999999999991100, -0.9499999999999955100 ) ) ;
#3862 = CARTESIAN_POINT ( 'NONE',  ( -0.5898502691896223600, -1.021650635094604200, 1.179166666666655600 ) ) ;
#3863 = CARTESIAN_POINT ( 'NONE',  ( -0.6410254037844124200, 0.3700961894323192000, 2.916666666666660300 ) ) ;
#3864 = CARTESIAN_POINT ( 'NONE',  ( 0.9999999999999991100, 1.224646799147352200E-016, 3.000000000000002700 ) ) ;
#3865 = CARTESIAN_POINT ( 'NONE',  ( -0.6238667204236344500, 0.7815307512490193800, -2.956698729810803600 ) ) ;
#3866 = CARTESIAN_POINT ( 'NONE',  ( 0.6410254037844127500, 0.3700961894323185300, 1.583333333333326400 ) ) ;
#3867 = CARTESIAN_POINT ( 'NONE',  ( 0.4273502691896080000, -0.7401923788646384000, -0.5166666666666734900 ) ) ;
#3868 = CARTESIAN_POINT ( 'NONE',  ( 0.0000000000000000000, 1.021650635094604400, -0.5624999999999905600 ) ) ;
#3869 = DIRECTION ( 'NONE',  ( -1.000000000000000000, 0.0000000000000000000, 0.0000000000000000000 ) ) ;
#3870 = EDGE_CURVE ( 'NONE', #3590, #2559, #1357, .T. ) ;
#3871 = CARTESIAN_POINT ( 'NONE',  ( 0.9971818490900289400, 0.03365922623687025300, 2.953880578900832000 ) ) ;
#3872 = ORIENTED_EDGE ( 'NONE', *, *, #2639, .T. ) ;
#3873 = CARTESIAN_POINT ( 'NONE',  ( 0.5898502691896216900, -1.021650635094604600, 0.8458333333333226700 ) ) ;
#3874 = VERTEX_POINT ( 'NONE', #3851 ) ;
#3875 = AXIS2_PLACEMENT_3D ( 'NONE', #2839, #1646, #1024 ) ;
#3876 = CARTESIAN_POINT ( 'NONE',  ( -0.4273502691896082200, 0.7401923788646381800, 2.083333333333326800 ) ) ;
#3877 = CARTESIAN_POINT ( 'NONE',  ( -0.8660254037844378200, 0.4999999999999996700, 1.066666666666661100 ) ) ;
#3878 = CARTESIAN_POINT ( 'NONE',  ( 2.249999999999995100, -1.299038105676859400, -2.799038105676771700 ) ) ;
#3879 = PLANE ( 'NONE',  #2545 ) ;
#3880 = VERTEX_POINT ( 'NONE', #3512 ) ;
#3881 = CARTESIAN_POINT ( 'NONE',  ( -0.6410254037844125300, -0.3700961894323189200, 1.383333333333326600 ) ) ;
#3882 = CARTESIAN_POINT ( 'NONE',  ( 0.6410254037844123100, -0.3700961894323194200, -0.8833333333333401900 ) ) ;
#3883 = LINE ( 'NONE', #2443, #3078 ) ;
#3884 = CARTESIAN_POINT ( 'NONE',  ( -0.5898502691896223600, -1.021650635094604200, -0.3958333333333235400 ) ) ;
#3885 = CC_DESIGN_APPROVAL ( #1479, ( #3674 ) ) ;
ENDSEC;
END-ISO-10303-21;
