ISO-10303-21;
HEADER;
FILE_DESCRIPTION (( 'STEP AP214' ),
    '1' );
FILE_NAME ('B05A4DEE-D817-47BD-850A-0E00422F99F7.STEP',
    '2022-07-19T19:55:08',
    ( '' ),
    ( '' ),
    'SwSTEP 2.0',
    'SolidWorks 2022',
    '' );
FILE_SCHEMA (( 'AUTOMOTIVE_DESIGN' ));
ENDSEC;

DATA;
#1 = VECTOR ( 'NONE', #507, 39.37007874015748143 ) ;
#2 = ORIENTED_EDGE ( 'NONE', *, *, #3010, .T. ) ;
#3 = SURFACE_SIDE_STYLE ('',( #3118 ) ) ;
#4 = ORIENTED_EDGE ( 'NONE', *, *, #3898, .F. ) ;
#5 = CIRCLE ( 'NONE', #3824, 0.006250000000000002949 ) ;
#6 = FACE_OUTER_BOUND ( 'NONE', #452, .T. ) ;
#7 = CIRCLE ( 'NONE', #1021, 0.006250000000000002082 ) ;
#8 = CARTESIAN_POINT ( 'NONE',  ( 0.01982228348652107647, 0.06126155928471369028, -0.02687323913063936059 ) ) ;
#9 = ADVANCED_FACE ( 'NONE', ( #2876 ), #563, .T. ) ;
#10 = CARTESIAN_POINT ( 'NONE',  ( 0.06452119496369207452, 0.02618858248927190963, -0.07775000000000001354 ) ) ;
#11 = CARTESIAN_POINT ( 'NONE',  ( 0.03436986628565613655, 0.06081704146008133638, 0.005478552718650353884 ) ) ;
#12 = EDGE_CURVE ( 'NONE', #1176, #1949, #2549, .T. ) ;
#13 = EDGE_LOOP ( 'NONE', ( #1547, #2506, #1925, #3017, #3441, #2902 ) ) ;
#14 = CARTESIAN_POINT ( 'NONE',  ( 0.06464439936560546773, 0.02694987849186701589, -0.04450000000000001177 ) ) ;
#15 = AXIS2_PLACEMENT_3D ( 'NONE', #2264, #3104, #4160 ) ;
#16 = CARTESIAN_POINT ( 'NONE',  ( 0.07560000000000000053, -1.340011392983319400E-16, -0.03575000000000001094 ) ) ;
#17 = DIRECTION ( 'NONE',  ( -0.06090368020760224960, 0.9981436478469271067, 2.675810961694225436E-16 ) ) ;
#18 = DIRECTION ( 'NONE',  ( 0.9962975955892297009, 0.06079103973086141810, -0.06079103973087533058 ) ) ;
#19 = VERTEX_POINT ( 'NONE', #2618 ) ;
#20 = ORIENTED_EDGE ( 'NONE', *, *, #2179, .T. ) ;
#21 = DIRECTION ( 'NONE',  ( -0.06090368020761624535, -0.0000000000000000000, -0.9981436478469261075 ) ) ;
#22 = CARTESIAN_POINT ( 'NONE',  ( 0.01011966706634483647, 0.04064990085713103551, 0.0000000000000000000 ) ) ;
#23 = FACE_OUTER_BOUND ( 'NONE', #810, .T. ) ;
#24 = CLOSED_SHELL ( 'NONE', ( #789, #93, #3503, #3151, #3803, #1647, #2301, #2473, #9, #2767, #3152, #3781, #1174, #39, #4067, #2085, #1360, #1783, #3403, #3668, #2852, #3750, #1398, #2497, #3671, #646, #2004, #1843, #146, #851, #2165, #373, #207, #4084, #3366, #405, #3092, #1146, #2684, #964, #1418, #457, #1901, #1896, #1308, #2903, #2989, #3814, #200, #318, #481, #3953, #4208, #3223, #3896, #2357, #2615, #3557, #2006, #3283, #4283, #788, #3943, #1561, #2163, #1956, #1563, #2764, #2468, #2059, #2735, #4305, #2418, #2791, #3583, #793, #3418, #701, #3263, #3985, #1650, #3181, #1848, #569, #1840, #1066, #2280, #4007, #2522, #3260, #4409, #1424, #1651, #1696, #3318, #828, #1869, #2119, #3507, #4124 ) ) ;
#25 = EDGE_LOOP ( 'NONE', ( #3407, #1715, #239, #1249, #2001, #1190 ) ) ;
#26 = CARTESIAN_POINT ( 'NONE',  ( 0.06795343447638359236, 0.07373844071528634636, -0.06405715346344555139 ) ) ;
#27 = ORIENTED_EDGE ( 'NONE', *, *, #2761, .F. ) ;
#28 = CARTESIAN_POINT ( 'NONE',  ( 0.02684439936560546053, 0.02694987849186701589, -0.07150000000000000799 ) ) ;
#29 = CARTESIAN_POINT ( 'NONE',  ( 0.01894999999999992177, 1.495646759226589427E-17, -0.02699999999999999276 ) ) ;
#30 = CARTESIAN_POINT ( 'NONE',  ( 0.04628135593220350508, 0.04054993610996308201, -0.02695006389003692243 ) ) ;
#31 = CARTESIAN_POINT ( 'NONE',  ( -0.003451404584746527171, 0.05196372510835774866, -0.005478552718650384241 ) ) ;
#32 = ORIENTED_EDGE ( 'NONE', *, *, #2009, .F. ) ;
#33 = CARTESIAN_POINT ( 'NONE',  ( 0.07560000000000000053, -0.006250000000000133053, -0.03575000000000001787 ) ) ;
#34 = CIRCLE ( 'NONE', #3271, 0.03325000000000000178 ) ;
#35 = DIRECTION ( 'NONE',  ( -0.9981436478469265516, 0.06090368020760861950, 0.0000000000000000000 ) ) ;
#36 = CARTESIAN_POINT ( 'NONE',  ( 0.05836039650428859193, 0.06126155928471371803, -0.01477638689500654183 ) ) ;
#37 = AXIS2_PLACEMENT_3D ( 'NONE', #1420, #289, #1671 ) ;
#38 = EDGE_CURVE ( 'NONE', #3029, #920, #4055, .T. ) ;
#39 = ADVANCED_FACE ( 'NONE', ( #4253 ), #3423, .T. ) ;
#40 = DIRECTION ( 'NONE',  ( -0.06090368020761460777, -2.823262457152253546E-16, -0.9981436478469262186 ) ) ;
#41 = EDGE_LOOP ( 'NONE', ( #1643, #2918 ) ) ;
#42 = SURFACE_STYLE_FILL_AREA ( #3132 ) ;
#43 = ORIENTED_EDGE ( 'NONE', *, *, #906, .F. ) ;
#44 = DIRECTION ( 'NONE',  ( -0.06090368020760870277, -0.9981436478469265516, -0.0000000000000000000 ) ) ;
#45 = CARTESIAN_POINT ( 'NONE',  ( 0.03451614634079075428, 0.06005715346344556865, 0.006238440715286313297 ) ) ;
#46 = CARTESIAN_POINT ( 'NONE',  ( 0.01221935199870249726, -0.006238397799043300836, -0.04450000000000000483 ) ) ;
#47 = VERTEX_POINT ( 'NONE', #839 ) ;
#48 = CARTESIAN_POINT ( 'NONE',  ( 0.04979535300098121564, 0.06750000000000001832, -0.04503054885842864424 ) ) ;
#49 = ORIENTED_EDGE ( 'NONE', *, *, #1093, .T. ) ;
#50 = DIRECTION ( 'NONE',  ( 0.9981436478469271067, 0.06090368020759969608, -8.881784197001245421E-16 ) ) ;
#51 = CARTESIAN_POINT ( 'NONE',  ( 0.07148135593220351913, 0.04054993610996308201, -0.02695006389003692243 ) ) ;
#52 = FACE_OUTER_BOUND ( 'NONE', #2406, .T. ) ;
#53 = ORIENTED_EDGE ( 'NONE', *, *, #2656, .F. ) ;
#54 = DIRECTION ( 'NONE',  ( 0.06090368020759906464, -0.9981436478469271067, 0.0000000000000000000 ) ) ;
#55 = PRESENTATION_STYLE_ASSIGNMENT (( #3865 ) ) ;
#56 = DIRECTION ( 'NONE',  ( 0.9981436478469271067, 0.06090368020759977241, 0.0000000000000000000 ) ) ;
#57 = DIRECTION ( 'NONE',  ( -0.06090368020760224960, 0.9981436478469271067, 2.675810961694225436E-16 ) ) ;
#58 = ORIENTED_EDGE ( 'NONE', *, *, #537, .T. ) ;
#59 = CARTESIAN_POINT ( 'NONE',  ( 0.04754042837788620413, 0.04062676086936063691, -0.006238440715286333246 ) ) ;
#60 = EDGE_CURVE ( 'NONE', #1133, #3751, #1626, .T. ) ;
#61 = EDGE_CURVE ( 'NONE', #681, #1570, #4172, .T. ) ;
#62 = VERTEX_POINT ( 'NONE', #1559 ) ;
#63 = CARTESIAN_POINT ( 'NONE',  ( 0.07171873073269875720, 0.04026925285583347891, -0.07150000000000000799 ) ) ;
#64 = CARTESIAN_POINT ( 'NONE',  ( 0.06675806486538812812, 0.04103054885842852967, -8.537024980200821017E-18 ) ) ;
#65 = CARTESIAN_POINT ( 'NONE',  ( 0.001027315357774827992, 0.01557867000143446819, -0.06525000000000001632 ) ) ;
#66 = EDGE_CURVE ( 'NONE', #1838, #1133, #3884, .T. ) ;
#67 = CIRCLE ( 'NONE', #2725, 0.006250000000000002949 ) ;
#68 = AXIS2_PLACEMENT_3D ( 'NONE', #16, #2786, #2834 ) ;
#69 = ORIENTED_EDGE ( 'NONE', *, *, #3209, .T. ) ;
#70 = DIRECTION ( 'NONE',  ( 0.06090368020761593310, 0.0000000000000000000, 0.9981436478469261075 ) ) ;
#71 = SURFACE_STYLE_FILL_AREA ( #1774 ) ;
#72 = DIRECTION ( 'NONE',  ( 0.9981436478469271067, 0.06090368020760045936, 0.0000000000000000000 ) ) ;
#73 = CIRCLE ( 'NONE', #1088, 0.006250000000000002082 ) ;
#74 = VECTOR ( 'NONE', #446, 39.37007874015748143 ) ;
#75 = DIRECTION ( 'NONE',  ( -0.06090368020760231899, 0.9981436478469271067, -1.068589661201713367E-15 ) ) ;
#76 = DIRECTION ( 'NONE',  ( 0.9962975955892297009, 0.06079103973086141810, -0.06079103973087533058 ) ) ;
#77 = AXIS2_PLACEMENT_3D ( 'NONE', #2892, #3225, #1504 ) ;
#78 = ORIENTED_EDGE ( 'NONE', *, *, #4029, .F. ) ;
#79 = CARTESIAN_POINT ( 'NONE',  ( 0.07559999999999998666, -9.148827107256830748E-17, -0.07775000000000001354 ) ) ;
#80 =( NAMED_UNIT ( * ) PLANE_ANGLE_UNIT ( ) SI_UNIT ( $, .RADIAN. ) );
#81 = CARTESIAN_POINT ( 'NONE',  ( 0.02684439936560545706, 0.02694987849186700549, -0.07150000000000002187 ) ) ;
#82 =( BOUNDED_SURFACE ( )  B_SPLINE_SURFACE ( 3, 3, ( 
 ( #1782, #402, #2097, #3886 ),
 ( #3551, #2807, #2162, #2458 ),
 ( #2520, #813, #3825, #1396 ),
 ( #2857, #36, #423, #4211 ) ),
 .UNSPECIFIED., .F., .F., .F. ) 
 B_SPLINE_SURFACE_WITH_KNOTS ( ( 4, 4 ),
 ( 4, 4 ),
 ( 0.0000000000000000000, 1.000000000000000000 ),
 ( 0.0000000000000000000, 1.000000000000000000 ),
 .UNSPECIFIED. ) 
 GEOMETRIC_REPRESENTATION_ITEM ( )  RATIONAL_B_SPLINE_SURFACE ( (
 ( 1.000000000000000000, 0.8056113254483422415, 0.8056113254483422415, 1.000000000000000000),
 ( 0.3333333333333330373, 0.2685371084827805066, 0.2685371084827805066, 0.3333333333333330373),
 ( 0.3333333333333330373, 0.2685371084827805066, 0.2685371084827805066, 0.3333333333333330373),
 ( 1.000000000000000000, 0.8056113254483422415, 0.8056113254483422415, 1.000000000000000000) ) ) 
 REPRESENTATION_ITEM ( '' )  SURFACE ( )  );
#83 = AXIS2_PLACEMENT_3D ( 'NONE', #861, #909, #3646 ) ;
#84 = CARTESIAN_POINT ( 'NONE',  ( 0.03754255640061593402, -0.005477101796448192832, -0.06397739905109460501 ) ) ;
#85 = ORIENTED_EDGE ( 'NONE', *, *, #3068, .F. ) ;
#86 = CIRCLE ( 'NONE', #597, 0.006250000000000001214 ) ;
#87 = ORIENTED_EDGE ( 'NONE', *, *, #2937, .F. ) ;
#88 = DIRECTION ( 'NONE',  ( 0.06067819015337855976, 0.9981505144458122647, -0.003702398043258135762 ) ) ;
#89 = EDGE_CURVE ( 'NONE', #2159, #784, #582, .T. ) ;
#90 = CIRCLE ( 'NONE', #1614, 0.006249999999999998612 ) ;
#91 = CARTESIAN_POINT ( 'NONE',  ( 0.07521935199870243005, 0.006238397799043313846, -0.02699999999999999969 ) ) ;
#92 = CARTESIAN_POINT ( 'NONE',  ( 0.01221935199870249900, -0.006238397799043306040, -0.06397739905109460501 ) ) ;
#93 = ADVANCED_FACE ( 'NONE', ( #672 ), #3060, .T. ) ;
#94 = EDGE_LOOP ( 'NONE', ( #2046, #1255, #1812, #1655, #2414, #977 ) ) ;
#95 = CARTESIAN_POINT ( 'NONE',  ( 0.03805744359938404570, -0.005477101796448270027, -0.007522600948905424668 ) ) ;
#96 = EDGE_LOOP ( 'NONE', ( #1295, #975, #3000, #2563, #2428, #53 ) ) ;
#97 = EDGE_CURVE ( 'NONE', #3875, #356, #1596, .T. ) ;
#98 = EDGE_CURVE ( 'NONE', #1211, #1325, #3021, .T. ) ;
#99 = CARTESIAN_POINT ( 'NONE',  ( 0.03095695520193792599, 0.06750000000000001832, -0.04464990085713102519 ) ) ;
#100 = CARTESIAN_POINT ( 'NONE',  ( -0.001954814190061889435, 0.03991315284826561088, 0.006998328711922283119 ) ) ;
#101 = ORIENTED_EDGE ( 'NONE', *, *, #4304, .T. ) ;
#102 = CARTESIAN_POINT ( 'NONE',  ( 0.02471855740289463643, 0.06750000000000001832, -0.04426925285583344083 ) ) ;
#103 = CARTESIAN_POINT ( 'NONE',  ( 0.0003806480012975966111, 0.006238397799043284356, -0.04449999999999999789 ) ) ;
#104 = DIRECTION ( 'NONE',  ( 0.06067819015337989896, 0.003702398043256767933, 0.9981505144458121537 ) ) ;
#105 = PRESENTATION_LAYER_ASSIGNMENT (  '', '', ( #2057 ) ) ;
#106 = ORIENTED_EDGE ( 'NONE', *, *, #705, .F. ) ;
#107 = DIRECTION ( 'NONE',  ( -0.06090368020759993894, 0.9981436478469269957, 0.0000000000000000000 ) ) ;
#108 = CIRCLE ( 'NONE', #2637, 0.006250000000000000347 ) ;
#109 = ORIENTED_EDGE ( 'NONE', *, *, #125, .T. ) ;
#110 = DIRECTION ( 'NONE',  ( 0.9981436478469261075, 0.0000000000000000000, -0.06090368020761541962 ) ) ;
#111 = CARTESIAN_POINT ( 'NONE',  ( 0.07469588904413868025, 0.01481737399883939661, -0.006250000000000024633 ) ) ;
#112 = CARTESIAN_POINT ( 'NONE',  ( -0.0002574435993840854908, -0.005477101796448203240, -0.04450000000000000483 ) ) ;
#113 = ORIENTED_EDGE ( 'NONE', *, *, #1984, .T. ) ;
#114 = CARTESIAN_POINT ( 'NONE',  ( 0.02355560063439472371, 0.02694987849186704018, 0.006249999999999975193 ) ) ;
#115 = ORIENTED_EDGE ( 'NONE', *, *, #762, .F. ) ;
#116 = FILL_AREA_STYLE ('',( #1825 ) ) ;
#117 = CARTESIAN_POINT ( 'NONE',  ( 0.01635806486538814164, 0.04103054885842854355, 1.019472078109939137E-32 ) ) ;
#118 = CARTESIAN_POINT ( 'NONE',  ( 0.07559999999999998666, -0.006250000000000090553, -0.07775000000000001354 ) ) ;
#119 = EDGE_CURVE ( 'NONE', #4349, #1129, #4104, .T. ) ;
#120 = EDGE_CURVE ( 'NONE', #979, #1754, #3326, .T. ) ;
#121 = VERTEX_POINT ( 'NONE', #1649 ) ;
#122 = CARTESIAN_POINT ( 'NONE',  ( 0.005377716513479323564, 0.06126155928471369722, -0.04462676086936067515 ) ) ;
#123 = CARTESIAN_POINT ( 'NONE',  ( 0.04154396469501615841, 0.05348350110162935350, -0.06450167128807776651 ) ) ;
#124 = CARTESIAN_POINT ( 'NONE',  ( 0.01508033293365545861, 0.04064990085713102164, -0.07150000000000000799 ) ) ;
#125 = EDGE_CURVE ( 'NONE', #2715, #2649, #2457, .T. ) ;
#126 = DIRECTION ( 'NONE',  ( -1.000000000000000000, 0.0000000000000000000, 0.0000000000000000000 ) ) ;
#127 = CARTESIAN_POINT ( 'NONE',  ( 0.04576039650428857797, 0.06126155928471369722, -0.01477638689500653142 ) ) ;
#128 = VERTEX_POINT ( 'NONE', #4027 ) ;
#129 = CARTESIAN_POINT ( 'NONE',  ( 0.0005038524032108293626, -0.006999693801638280470, -0.007522600948905402984 ) ) ;
#130 = CARTESIAN_POINT ( 'NONE',  ( 0.01755343447638355384, 0.07373844071528634636, -0.06405715346344555139 ) ) ;
#131 = CARTESIAN_POINT ( 'NONE',  ( 0.02684439936560545706, 0.02694987849186700896, -0.06525000000000000244 ) ) ;
#132 = ORIENTED_EDGE ( 'NONE', *, *, #2170, .T. ) ;
#133 = DIRECTION ( 'NONE',  ( 0.06067819015337642952, 0.9981505144458124867, -0.003702398043258130992 ) ) ;
#134 = EDGE_LOOP ( 'NONE', ( #604, #3166, #27, #1452, #2870, #3134 ) ) ;
#135 = SURFACE_STYLE_FILL_AREA ( #116 ) ;
#136 = DIRECTION ( 'NONE',  ( 0.06090368020761641882, 0.0000000000000000000, 0.9981436478469261075 ) ) ;
#137 = VECTOR ( 'NONE', #1417, 39.37007874015748854 ) ;
#138 = CARTESIAN_POINT ( 'NONE',  ( 0.01873619389039652902, 0.07373844071528636024, -0.04467304084490139604 ) ) ;
#139 = VECTOR ( 'NONE', #3728, 39.37007874015748143 ) ;
#140 = ORIENTED_EDGE ( 'NONE', *, *, #650, .T. ) ;
#141 = CIRCLE ( 'NONE', #4178, 0.006250000000000005551 ) ;
#142 = LINE ( 'NONE', #1578, #4052 ) ;
#143 = EDGE_CURVE ( 'NONE', #935, #2441, #943, .T. ) ;
#144 = AXIS2_PLACEMENT_3D ( 'NONE', #30, #1034, #347 ) ;
#145 = CARTESIAN_POINT ( 'NONE',  ( 0.03746505031939182523, 0.006747340349842207395, 0.006249999999999966520 ) ) ;
#146 = ADVANCED_FACE ( 'NONE', ( #1991 ), #2345, .T. ) ;
#147 = FACE_OUTER_BOUND ( 'NONE', #2803, .T. ) ;
#148 = AXIS2_PLACEMENT_3D ( 'NONE', #2958, #934, #2887 ) ;
#149 = STYLED_ITEM ( 'NONE', ( #610 ), #1010 ) ;
#150 = VECTOR ( 'NONE', #3085, 39.37007874015747433 ) ;
#151 = ORIENTED_EDGE ( 'NONE', *, *, #3982, .T. ) ;
#152 = EDGE_CURVE ( 'NONE', #1598, #612, #3375, .T. ) ;
#153 = DIRECTION ( 'NONE',  ( 0.0000000000000000000, 1.000000000000000000, 0.0000000000000000000 ) ) ;
#154 = AXIS2_PLACEMENT_3D ( 'NONE', #3336, #1912, #3997 ) ;
#155 = ORIENTED_EDGE ( 'NONE', *, *, #2142, .F. ) ;
#156 = CARTESIAN_POINT ( 'NONE',  ( 0.01049890575480348642, 0.04067304084490138555, 0.006238440715286341920 ) ) ;
#157 = DIRECTION ( 'NONE',  ( -0.06090368020760786316, -0.9981436478469265516, 0.0000000000000000000 ) ) ;
#158 = CARTESIAN_POINT ( 'NONE',  ( 0.05819284557875167158, 0.07297855271865058557, -0.006682958539918583928 ) ) ;
#159 = VERTEX_POINT ( 'NONE', #1349 ) ;
#160 = AXIS2_PLACEMENT_3D ( 'NONE', #3228, #4271, #2252 ) ;
#161 = CARTESIAN_POINT ( 'NONE',  ( 0.04378991383526188719, 0.07297855271865051618, -0.04543292884153729561 ) ) ;
#162 = ORIENTED_EDGE ( 'NONE', *, *, #1043, .F. ) ;
#163 = CARTESIAN_POINT ( 'NONE',  ( 0.07559999999999993114, 2.240969057302715998E-17, -0.02700000000000000663 ) ) ;
#164 = DIRECTION ( 'NONE',  ( 0.06090368020759906464, -0.9981436478469271067, 0.0000000000000000000 ) ) ;
#165 = CARTESIAN_POINT ( 'NONE',  ( 0.04243960349571184593, 0.06126155928471367640, -0.05672361310499350606 ) ) ;
#166 = CIRCLE ( 'NONE', #383, 0.006250000000000000347 ) ;
#167 = DIRECTION ( 'NONE',  ( 0.06090368020760870277, 0.9981436478469265516, 0.0000000000000000000 ) ) ;
#168 = CARTESIAN_POINT ( 'NONE',  ( 0.02558064800129760188, 0.006238397799043293029, -0.04450000000000000483 ) ) ;
#169 = ORIENTED_EDGE ( 'NONE', *, *, #3259, .F. ) ;
#170 = CARTESIAN_POINT ( 'NONE',  ( 0.05130411095586143860, 0.01481737399883937926, -0.06525000000000000244 ) ) ;
#171 = CARTESIAN_POINT ( 'NONE',  ( 0.06759399843343802394, 0.02733052649316452046, -1.523992349981163343E-17 ) ) ;
#172 = FACE_OUTER_BOUND ( 'NONE', #1233, .T. ) ;
#173 = CARTESIAN_POINT ( 'NONE',  ( 0.02056039650428858820, 0.06126155928471369722, -0.01477638689500656438 ) ) ;
#174 =( BOUNDED_SURFACE ( )  B_SPLINE_SURFACE ( 3, 3, ( 
 ( #2296, #2380, #1661, #3343 ),
 ( #1628, #623, #4421, #2340 ),
 ( #2320, #3704, #2361, #2003 ),
 ( #3007, #1297, #3033, #1344 ) ),
 .UNSPECIFIED., .F., .F., .F. ) 
 B_SPLINE_SURFACE_WITH_KNOTS ( ( 4, 4 ),
 ( 4, 4 ),
 ( 0.0000000000000000000, 1.000000000000000000 ),
 ( 0.0000000000000000000, 1.000000000000000000 ),
 .UNSPECIFIED. ) 
 GEOMETRIC_REPRESENTATION_ITEM ( )  RATIONAL_B_SPLINE_SURFACE ( (
 ( 1.000000000000000000, 0.8056113254483424635, 0.8056113254483424635, 1.000000000000000000),
 ( 0.3333333333333333703, 0.2685371084827808397, 0.2685371084827808397, 0.3333333333333333703),
 ( 0.3333333333333333703, 0.2685371084827808397, 0.2685371084827808397, 0.3333333333333333703),
 ( 1.000000000000000000, 0.8056113254483424635, 0.8056113254483424635, 1.000000000000000000) ) ) 
 REPRESENTATION_ITEM ( '' )  SURFACE ( )  );
#175 = CIRCLE ( 'NONE', #2634, 0.006250000000000000347 ) ;
#176 = ORIENTED_EDGE ( 'NONE', *, *, #3479, .F. ) ;
#177 = CARTESIAN_POINT ( 'NONE',  ( 0.03779999999999992394, 0.006249999999999997745, -0.02699999999999997888 ) ) ;
#178 = DIRECTION ( 'NONE',  ( 0.06090368020761624535, 0.0000000000000000000, 0.9981436478469261075 ) ) ;
#179 = CARTESIAN_POINT ( 'NONE',  ( 0.07200231536011887645, 0.05272361310499348863, -0.006238440715286343655 ) ) ;
#180 = CIRCLE ( 'NONE', #841, 0.03325000000000000872 ) ;
#181 = VECTOR ( 'NONE', #417, 39.37007874015748143 ) ;
#182 = VERTEX_POINT ( 'NONE', #2010 ) ;
#183 = CARTESIAN_POINT ( 'NONE',  ( 0.01259999999999992203, -5.335640612625514099E-19, -0.02699999999999997888 ) ) ;
#184 = VERTEX_POINT ( 'NONE', #2325 ) ;
#185 =( CONVERSION_BASED_UNIT ( 'INCH', #1886 ) LENGTH_UNIT ( ) NAMED_UNIT ( #4152 ) );
#186 = DIRECTION ( 'NONE',  ( -0.06090368020761459389, 0.0000000000000000000, -0.9981436478469262186 ) ) ;
#187 = FACE_OUTER_BOUND ( 'NONE', #3830, .T. ) ;
#188 = CARTESIAN_POINT ( 'NONE',  ( 0.06763960349571185304, 0.06126155928471367640, -0.05672361310499348525 ) ) ;
#189 = CARTESIAN_POINT ( 'NONE',  ( 0.01648126926730154873, 0.04026925285583352748, -1.630864571093455106E-17 ) ) ;
#190 = VERTEX_POINT ( 'NONE', #3365 ) ;
#191 = DIRECTION ( 'NONE',  ( -0.06090368020759998058, 0.9981436478469272178, 0.0000000000000000000 ) ) ;
#192 = CARTESIAN_POINT ( 'NONE',  ( 0.05078064800129760553, 0.006238397799043293029, -0.04450000000000000483 ) ) ;
#193 = CARTESIAN_POINT ( 'NONE',  ( 0.01894999999999991136, 1.495646759226589119E-17, -0.04450000000000001177 ) ) ;
#194 = CARTESIAN_POINT ( 'NONE',  ( 0.01199535300098121711, 0.06750000000000001832, -0.04503054885842865812 ) ) ;
#195 = CARTESIAN_POINT ( 'NONE',  ( 0.007368563541655711452, 0.06050167128807792255, -0.02611335113400342980 ) ) ;
#196 = CARTESIAN_POINT ( 'NONE',  ( 0.04961909344605208022, 0.01405607799624439269, -0.006250000000000015092 ) ) ;
#197 = ORIENTED_EDGE ( 'NONE', *, *, #3752, .F. ) ;
#198 = DIRECTION ( 'NONE',  ( 0.9981436478469261075, 0.0000000000000000000, -0.06090368020761610657 ) ) ;
#199 = FILL_AREA_STYLE_COLOUR ( '', #3995 ) ;
#200 = ADVANCED_FACE ( 'NONE', ( #4444 ), #1372, .T. ) ;
#201 = FACE_OUTER_BOUND ( 'NONE', #1747, .T. ) ;
#202 = EDGE_CURVE ( 'NONE', #1141, #3117, #3959, .T. ) ;
#203 = EDGE_CURVE ( 'NONE', #4258, #159, #435, .T. ) ;
#204 = ORIENTED_EDGE ( 'NONE', *, *, #3088, .T. ) ;
#205 = ORIENTED_EDGE ( 'NONE', *, *, #2960, .F. ) ;
#206 = CARTESIAN_POINT ( 'NONE',  ( 0.02343239623248130968, 0.02771117449446202849, -0.006250000000000018562 ) ) ;
#207 = ADVANCED_FACE ( 'NONE', ( #4210 ), #1041, .T. ) ;
#208 = DIRECTION ( 'NONE',  ( -1.000000000000000000, 8.881784197001256268E-16, 0.0000000000000000000 ) ) ;
#209 = CARTESIAN_POINT ( 'NONE',  ( 0.02715481419006217714, 0.03991315284826552762, -0.07849832871192227723 ) ) ;
#210 = EDGE_CURVE ( 'NONE', #4410, #397, #2075, .T. ) ;
#211 = CARTESIAN_POINT ( 'NONE',  ( 0.02684439936560546400, 0.02694987849186700896, -0.07775000000000001354 ) ) ;
#212 = ORIENTED_EDGE ( 'NONE', *, *, #2580, .F. ) ;
#213 = CARTESIAN_POINT ( 'NONE',  ( 0.01424439936560545697, 0.02694987849186700549, -0.07775000000000001354 ) ) ;
#214 = DIRECTION ( 'NONE',  ( 0.06090368020760774520, 0.9981436478469266627, 0.0000000000000000000 ) ) ;
#215 = VECTOR ( 'NONE', #534, 39.37007874015748854 ) ;
#216 = CARTESIAN_POINT ( 'NONE',  ( 0.001644399365605460567, 0.02694987849186701589, -0.07775000000000002742 ) ) ;
#217 = DIRECTION ( 'NONE',  ( 0.9981436478469261075, 0.0000000000000000000, -0.06090368020761550288 ) ) ;
#218 = VECTOR ( 'NONE', #4290, 39.37007874015748143 ) ;
#219 = CARTESIAN_POINT ( 'NONE',  ( 0.01671864406779676251, 0.04054993610996308895, -0.04454993610996309250 ) ) ;
#220 = CIRCLE ( 'NONE', #3030, 0.006250000000000009888 ) ;
#221 = CIRCLE ( 'NONE', #947, 0.006250000000000002082 ) ;
#222 = CIRCLE ( 'NONE', #2534, 0.006250000000000000347 ) ;
#223 = FACE_OUTER_BOUND ( 'NONE', #4045, .T. ) ;
#224 = FACE_OUTER_BOUND ( 'NONE', #3359, .T. ) ;
#225 = CARTESIAN_POINT ( 'NONE',  ( 0.07559999999999998666, -9.148827107256830748E-17, -0.07775000000000001354 ) ) ;
#226 = CIRCLE ( 'NONE', #3038, 0.006250000000000004684 ) ;
#227 = EDGE_CURVE ( 'NONE', #2629, #283, #378, .T. ) ;
#228 = VERTEX_POINT ( 'NONE', #786 ) ;
#229 =( BOUNDED_SURFACE ( )  B_SPLINE_SURFACE ( 3, 3, ( 
 ( #2092, #2157, #1411, #1103 ),
 ( #1077, #1124, #2498, #1056 ),
 ( #3839, #1458, #2453, #10 ),
 ( #2475, #3455, #4137, #4204 ) ),
 .UNSPECIFIED., .F., .F., .F. ) 
 B_SPLINE_SURFACE_WITH_KNOTS ( ( 4, 4 ),
 ( 4, 4 ),
 ( 0.0000000000000000000, 1.000000000000000000 ),
 ( 0.0000000000000000000, 1.000000000000000000 ),
 .UNSPECIFIED. ) 
 GEOMETRIC_REPRESENTATION_ITEM ( )  RATIONAL_B_SPLINE_SURFACE ( (
 ( 1.000000000000000000, 0.8047378541243649375, 0.8047378541243649375, 1.000000000000000000),
 ( 0.3333333333333330373, 0.2682459513747880719, 0.2682459513747880719, 0.3333333333333330373),
 ( 0.3333333333333330373, 0.2682459513747880719, 0.2682459513747880719, 0.3333333333333330373),
 ( 1.000000000000000000, 0.8047378541243649375, 0.8047378541243649375, 1.000000000000000000) ) ) 
 REPRESENTATION_ITEM ( '' )  SURFACE ( )  );
#230 = PRODUCT_DEFINITION_SHAPE ( 'NONE', 'NONE',  #3012 ) ;
#231 = CARTESIAN_POINT ( 'NONE',  ( 0.02730109424519681569, 0.04067304084490137167, -0.07773844071528634991 ) ) ;
#232 = ORIENTED_EDGE ( 'NONE', *, *, #645, .T. ) ;
#233 = CIRCLE ( 'NONE', #4327, 0.006250000000000001214 ) ;
#234 = CARTESIAN_POINT ( 'NONE',  ( 0.02417268464222525198, 0.01557867000143440400, -0.006250000000000013357 ) ) ;
#235 = CARTESIAN_POINT ( 'NONE',  ( 0.01169588904413866592, 0.01481737399883940008, -0.006250000000000013357 ) ) ;
#236 = CARTESIAN_POINT ( 'NONE',  ( 0.03825815408252163097, 0.007508636352437183560, -0.07775000000000001354 ) ) ;
#237 = CIRCLE ( 'NONE', #1384, 0.006250000000000002949 ) ;
#238 = LENGTH_MEASURE_WITH_UNIT ( LENGTH_MEASURE( 0.02539999999999999897 ), #577 );
#239 = ORIENTED_EDGE ( 'NONE', *, *, #2303, .F. ) ;
#240 = CARTESIAN_POINT ( 'NONE',  ( 0.07509614759678900908, 0.006999693801638307358, -0.01484493141924170950 ) ) ;
#241 = DIRECTION ( 'NONE',  ( 0.9981436478469261075, 0.0000000000000000000, -0.06090368020761618983 ) ) ;
#242 = CIRCLE ( 'NONE', #2828, 0.02074999999999999067 ) ;
#243 = CARTESIAN_POINT ( 'NONE',  ( 0.05090385240321106119, 0.006999693801638348124, -0.05665506858075829849 ) ) ;
#244 = CARTESIAN_POINT ( 'NONE',  ( 0.001644399365605460350, 0.02694987849186701243, -0.07150000000000002187 ) ) ;
#245 = DIRECTION ( 'NONE',  ( -0.06090368020760008466, 0.9981436478469271067, 0.0000000000000000000 ) ) ;
#246 = DIRECTION ( 'NONE',  ( -0.0000000000000000000, -1.905585933080539594E-18, 1.000000000000000000 ) ) ;
#247 = MANIFOLD_SOLID_BREP ( 'Extrude5', #753 ) ;
#248 = DIRECTION ( 'NONE',  ( 0.9981436478469259965, 0.0000000000000000000, -0.06090368020761680740 ) ) ;
#249 = FACE_OUTER_BOUND ( 'NONE', #3428, .T. ) ;
#250 = CIRCLE ( 'NONE', #2911, 0.006250000000000000347 ) ;
#251 = APPLICATION_PROTOCOL_DEFINITION ( 'draft international standard', 'automotive_design', 1998, #4372 ) ;
#252 = ORIENTED_EDGE ( 'NONE', *, *, #2258, .F. ) ;
#253 = CARTESIAN_POINT ( 'NONE',  ( 0.03015343447638356086, 0.07373844071528636024, -0.06405715346344555139 ) ) ;
#254 = ORIENTED_EDGE ( 'NONE', *, *, #705, .T. ) ;
#255 = CIRCLE ( 'NONE', #2910, 0.006250000000000001214 ) ;
#256 = CARTESIAN_POINT ( 'NONE',  ( 0.01221935199870241920, 0.006238397799043306040, -0.01484493141924171644 ) ) ;
#257 = CARTESIAN_POINT ( 'NONE',  ( 0.05762228348652108367, 0.06126155928471369028, -0.02687323913063937100 ) ) ;
#258 = CARTESIAN_POINT ( 'NONE',  ( -0.01209614759678898782, 0.006999693801638381951, -0.04449999999999998401 ) ) ;
#259 = CIRCLE ( 'NONE', #37, 0.006250000000000000347 ) ;
#260 = CARTESIAN_POINT ( 'NONE',  ( 0.01234255640061590088, -0.005477101796448204975, -0.04450000000000000483 ) ) ;
#261 = ORIENTED_EDGE ( 'NONE', *, *, #2820, .F. ) ;
#262 = DIRECTION ( 'NONE',  ( 0.9981436478469261075, 0.0000000000000000000, -0.06090368020761550288 ) ) ;
#263 = FACE_OUTER_BOUND ( 'NONE', #3928, .T. ) ;
#264 = DIRECTION ( 'NONE',  ( 0.06090368020760009854, -0.9981436478469269957, -4.883536246244055496E-16 ) ) ;
#265 = CARTESIAN_POINT ( 'NONE',  ( 0.06338064800129761256, 0.006238397799043280886, -0.05665506858075829155 ) ) ;
#266 = DIRECTION ( 'NONE',  ( 0.06090368020760839052, 0.9981436478469265516, 0.0000000000000000000 ) ) ;
#267 = DIRECTION ( 'NONE',  ( -0.06090368020761594003, -0.0000000000000000000, -0.9981436478469261075 ) ) ;
#268 = DIRECTION ( 'NONE',  ( 0.0000000000000000000, -1.000000000000000000, 0.0000000000000000000 ) ) ;
#269 = EDGE_LOOP ( 'NONE', ( #3707, #1072, #4438, #1004, #261, #2638 ) ) ;
#270 = APPLICATION_PROTOCOL_DEFINITION ( 'draft international standard', 'automotive_design', 1998, #4314 ) ;
#271 = ORIENTED_EDGE ( 'NONE', *, *, #1127, .F. ) ;
#272 = DIRECTION ( 'NONE',  ( 0.9981436478469271067, 0.06090368020759908546, 0.0000000000000000000 ) ) ;
#273 = ORIENTED_EDGE ( 'NONE', *, *, #1340, .T. ) ;
#274 = CARTESIAN_POINT ( 'NONE',  ( 0.01603013371434430789, 0.06081704146008139883, -0.07697855271865046423 ) ) ;
#275 = CARTESIAN_POINT ( 'NONE',  ( 0.05511720283535143095, 0.02656923049056951827, -1.447451925034453321E-17 ) ) ;
#276 = CARTESIAN_POINT ( 'NONE',  ( 0.001644399365605459483, 0.02694987849186700896, -0.06525000000000003020 ) ) ;
#277 =( LENGTH_UNIT ( ) NAMED_UNIT ( * ) SI_UNIT ( $, .METRE. ) );
#278 = ORIENTED_EDGE ( 'NONE', *, *, #2200, .F. ) ;
#279 = CYLINDRICAL_SURFACE ( 'NONE', #4194, 0.006249999999999996010 ) ;
#280 = DIRECTION ( 'NONE',  ( 9.756599977372362721E-16, -1.905585933080539594E-18, 1.000000000000000000 ) ) ;
#281 = CARTESIAN_POINT ( 'NONE',  ( 0.05014255640061597574, -0.005477101796448186760, -0.06397739905109459113 ) ) ;
#282 = EDGE_CURVE ( 'NONE', #2726, #2208, #3170, .T. ) ;
#283 = VERTEX_POINT ( 'NONE', #2161 ) ;
#284 = EDGE_CURVE ( 'NONE', #3855, #4419, #2738, .T. ) ;
#285 = CIRCLE ( 'NONE', #1588, 0.006250000000000001214 ) ;
#286 = COLOUR_RGB ( '',0.8274509803921568096, 0.8392156862745098200, 0.8274509803921568096 ) ;
#287 = EDGE_CURVE ( 'NONE', #1003, #1865, #4032, .T. ) ;
#288 = CIRCLE ( 'NONE', #1160, 0.006250000000000000347 ) ;
#289 = DIRECTION ( 'NONE',  ( -0.06090368020760229123, 0.9981436478469271067, -6.192962809237202313E-16 ) ) ;
#290 = CIRCLE ( 'NONE', #2175, 0.006250000000000001214 ) ;
#291 = VERTEX_POINT ( 'NONE', #3776 ) ;
#292 =( BOUNDED_SURFACE ( )  B_SPLINE_SURFACE ( 3, 3, ( 
 ( #1320, #2711, #941, #2630 ),
 ( #1279, #2318, #240, #3342 ),
 ( #2987, #4358, #3683, #2295 ),
 ( #306, #987, #2694, #2970 ) ),
 .UNSPECIFIED., .F., .F., .F. ) 
 B_SPLINE_SURFACE_WITH_KNOTS ( ( 4, 4 ),
 ( 4, 4 ),
 ( 0.0000000000000000000, 1.000000000000000000 ),
 ( 0.0000000000000000000, 1.000000000000000000 ),
 .UNSPECIFIED. ) 
 GEOMETRIC_REPRESENTATION_ITEM ( )  RATIONAL_B_SPLINE_SURFACE ( (
 ( 1.000000000000000000, 0.8047378541243649375, 0.8047378541243649375, 1.000000000000000000),
 ( 0.3333333333333332038, 0.2682459513747881830, 0.2682459513747881830, 0.3333333333333332038),
 ( 0.3333333333333332038, 0.2682459513747881830, 0.2682459513747881830, 0.3333333333333332038),
 ( 1.000000000000000000, 0.8047378541243649375, 0.8047378541243649375, 1.000000000000000000) ) ) 
 REPRESENTATION_ITEM ( '' )  SURFACE ( )  );
#293 = MECHANICAL_DESIGN_GEOMETRIC_PRESENTATION_REPRESENTATION (  '', ( #1887 ), #4453 ) ;
#294 = CIRCLE ( 'NONE', #591, 0.006250000000000001214 ) ;
#295 = CARTESIAN_POINT ( 'NONE',  ( 0.0000000000000000000, 0.0000000000000000000, 0.0000000000000000000 ) ) ;
#296 = ORIENTED_EDGE ( 'NONE', *, *, #1924, .T. ) ;
#297 = CARTESIAN_POINT ( 'NONE',  ( 0.02519999999999992385, 1.707404996040164512E-17, -0.02699999999999999276 ) ) ;
#298 = ORIENTED_EDGE ( 'NONE', *, *, #742, .F. ) ;
#299 = DIRECTION ( 'NONE',  ( 0.06090368020759906464, -0.9981436478469271067, 6.829619984160657060E-16 ) ) ;
#300 = DIRECTION ( 'NONE',  ( -0.06090368020761458001, 1.526556658859590243E-16, -0.9981436478469262186 ) ) ;
#301 = CIRCLE ( 'NONE', #1670, 0.006250000000000005551 ) ;
#302 = CARTESIAN_POINT ( 'NONE',  ( -0.0003806480012975013098, -0.006238397799043300836, -0.04449999999999999789 ) ) ;
#303 = CIRCLE ( 'NONE', #1897, 0.02075000000000000455 ) ;
#304 = CARTESIAN_POINT ( 'NONE',  ( 0.06628385365920971828, 0.06005715346344553396, -0.07773844071528634991 ) ) ;
#305 = EDGE_LOOP ( 'NONE', ( #1028, #2501, #4200, #4301, #1400, #1406 ) ) ;
#306 = CARTESIAN_POINT ( 'NONE',  ( 0.06135560063439472744, 0.02694987849186702630, 0.006249999999999983867 ) ) ;
#307 = DIRECTION ( 'NONE',  ( -6.829619984160657060E-16, 0.0000000000000000000, -1.000000000000000000 ) ) ;
#308 = LINE ( 'NONE', #1629, #359 ) ;
#309 = CIRCLE ( 'NONE', #2823, 0.006250000000000002949 ) ;
#310 = CARTESIAN_POINT ( 'NONE',  ( 0.04028033293365546746, 0.04064990085713102164, -0.07150000000000002187 ) ) ;
#311 = VERTEX_POINT ( 'NONE', #1464 ) ;
#312 = CIRCLE ( 'NONE', #2896, 0.03325000000000000872 ) ;
#313 = CARTESIAN_POINT ( 'NONE',  ( 0.006843044798062518363, 0.06750000000000001832, -0.02685009914286900709 ) ) ;
#314 = CARTESIAN_POINT ( 'NONE',  ( 0.05368385365920971125, 0.06005715346344551314, -0.07773844071528634991 ) ) ;
#315 = CARTESIAN_POINT ( 'NONE',  ( 0.07185603530498425873, 0.05348350110162924248, -0.006998328711922266639 ) ) ;
#316 = ORIENTED_EDGE ( 'NONE', *, *, #4333, .F. ) ;
#317 = EDGE_CURVE ( 'NONE', #1754, #3071, #1961, .T. ) ;
#318 = ADVANCED_FACE ( 'NONE', ( #696 ), #345, .T. ) ;
#319 = ORIENTED_EDGE ( 'NONE', *, *, #1948, .T. ) ;
#320 = CARTESIAN_POINT ( 'NONE',  ( 0.08761864151556501834, 0.008269932355032200491, 0.006249999999999980398 ) ) ;
#321 = CARTESIAN_POINT ( 'NONE',  ( 0.07088279716464875035, 0.02656923049056947317, -0.07150000000000000799 ) ) ;
#322 = CARTESIAN_POINT ( 'NONE',  ( 0.06875695520193796095, 0.06750000000000001832, -0.04464990085713102519 ) ) ;
#323 =( BOUNDED_SURFACE ( )  B_SPLINE_SURFACE ( 3, 3, ( 
 ( #1170, #2944, #1145, #3934 ),
 ( #2518, #3587, #3252, #1531 ),
 ( #4246, #2585, #898, #3913 ),
 ( #1554, #2544, #835, #122 ) ),
 .UNSPECIFIED., .F., .F., .F. ) 
 B_SPLINE_SURFACE_WITH_KNOTS ( ( 4, 4 ),
 ( 4, 4 ),
 ( 0.0000000000000000000, 1.000000000000000000 ),
 ( 0.0000000000000000000, 1.000000000000000000 ),
 .UNSPECIFIED. ) 
 GEOMETRIC_REPRESENTATION_ITEM ( )  RATIONAL_B_SPLINE_SURFACE ( (
 ( 1.000000000000000000, 0.8056113254483423525, 0.8056113254483423525, 1.000000000000000000),
 ( 0.3333333333333333703, 0.2685371084827808397, 0.2685371084827808397, 0.3333333333333333703),
 ( 0.3333333333333333703, 0.2685371084827808397, 0.2685371084827808397, 0.3333333333333333703),
 ( 1.000000000000000000, 0.8056113254483423525, 0.8056113254483423525, 1.000000000000000000) ) ) 
 REPRESENTATION_ITEM ( '' )  SURFACE ( )  );
#324 = ORIENTED_EDGE ( 'NONE', *, *, #3982, .F. ) ;
#325 = VERTEX_POINT ( 'NONE', #171 ) ;
#326 = CYLINDRICAL_SURFACE ( 'NONE', #454, 0.006250000000000000347 ) ;
#327 = CARTESIAN_POINT ( 'NONE',  ( 0.04875560063439472736, 0.02694987849186699855, 0.006249999999999982132 ) ) ;
#328 = CARTESIAN_POINT ( 'NONE',  ( 0.06261935199870249935, -0.006238397799043306040, -0.06397739905109460501 ) ) ;
#329 = AXIS2_PLACEMENT_3D ( 'NONE', #1555, #1602, #2971 ) ;
#330 = CARTESIAN_POINT ( 'NONE',  ( 0.02271966706634484176, 0.04064990085713104245, 0.0000000000000000000 ) ) ;
#331 = ORIENTED_EDGE ( 'NONE', *, *, #4006, .T. ) ;
#332 = DIRECTION ( 'NONE',  ( -0.9981436478469265516, 0.06090368020760864032, 0.0000000000000000000 ) ) ;
#333 = CARTESIAN_POINT ( 'NONE',  ( 0.04680231536011886240, 0.05272361310499346781, -0.006238440715286317634 ) ) ;
#334 = ORIENTED_EDGE ( 'NONE', *, *, #3483, .T. ) ;
#335 = ORIENTED_EDGE ( 'NONE', *, *, #619, .F. ) ;
#336 = DIRECTION ( 'NONE',  ( 0.9981436478469271067, 0.06090368020759904383, 0.0000000000000000000 ) ) ;
#337 = EDGE_CURVE ( 'NONE', #1524, #2649, #2946, .T. ) ;
#338 = DIRECTION ( 'NONE',  ( 0.9981436478469271067, 0.06090368020759973078, 0.0000000000000000000 ) ) ;
#339 = DIRECTION ( 'NONE',  ( -0.06090368020761463552, -7.316196259932183921E-16, -0.9981436478469262186 ) ) ;
#340 = EDGE_LOOP ( 'NONE', ( #3911, #1011, #85, #1786, #3836, #2463 ) ) ;
#341 = CARTESIAN_POINT ( 'NONE',  ( 0.01424439936560546217, 0.02694987849186701243, -0.06525000000000003020 ) ) ;
#342 = EDGE_CURVE ( 'NONE', #3065, #2376, #836, .T. ) ;
#343 = VERTEX_POINT ( 'NONE', #3914 ) ;
#344 = DIRECTION ( 'NONE',  ( -0.06090368020760787010, -0.9981436478469266627, 1.836970198721029688E-16 ) ) ;
#345 =( BOUNDED_SURFACE ( )  B_SPLINE_SURFACE ( 3, 3, ( 
 ( #103, #2765, #2437, #716 ),
 ( #2546, #3229, #466, #487 ),
 ( #2922, #3588, #3569, #4272 ),
 ( #2565, #3616, #2211, #216 ) ),
 .UNSPECIFIED., .F., .F., .F. ) 
 B_SPLINE_SURFACE_WITH_KNOTS ( ( 4, 4 ),
 ( 4, 4 ),
 ( 0.0000000000000000000, 1.000000000000000000 ),
 ( 0.0000000000000000000, 1.000000000000000000 ),
 .UNSPECIFIED. ) 
 GEOMETRIC_REPRESENTATION_ITEM ( )  RATIONAL_B_SPLINE_SURFACE ( (
 ( 1.000000000000000000, 0.8047378541243649375, 0.8047378541243649375, 1.000000000000000000),
 ( 0.3333333333333333703, 0.2682459513747883495, 0.2682459513747883495, 0.3333333333333333703),
 ( 0.3333333333333333703, 0.2682459513747883495, 0.2682459513747883495, 0.3333333333333333703),
 ( 1.000000000000000000, 0.8047378541243649375, 0.8047378541243649375, 1.000000000000000000) ) ) 
 REPRESENTATION_ITEM ( '' )  SURFACE ( )  );
#346 = DIRECTION ( 'NONE',  ( 0.0000000000000000000, 1.000000000000000000, 0.0000000000000000000 ) ) ;
#347 = DIRECTION ( 'NONE',  ( -0.06090368020761621759, 0.0000000000000000000, -0.9981436478469259965 ) ) ;
#348 = CARTESIAN_POINT ( 'NONE',  ( 0.03270028546848235268, 0.07449832871192214878, -0.008202734533190467192 ) ) ;
#349 = VERTEX_POINT ( 'NONE', #1603 ) ;
#350 = DIRECTION ( 'NONE',  ( 0.06090368020759906464, -0.9981436478469271067, 6.829619984160657060E-16 ) ) ;
#351 = DIRECTION ( 'NONE',  ( 5.610044986989106297E-15, -0.0000000000000000000, -1.000000000000000000 ) ) ;
#352 = CARTESIAN_POINT ( 'NONE',  ( 0.06898991383526191512, 0.07297855271865050231, -0.04543292884153735806 ) ) ;
#353 = DIRECTION ( 'NONE',  ( -0.06090368020760870277, -0.9981436478469265516, -0.0000000000000000000 ) ) ;
#354 = ORIENTED_EDGE ( 'NONE', *, *, #4148, .F. ) ;
#355 = AXIS2_PLACEMENT_3D ( 'NONE', #1083, #3150, #747 ) ;
#356 = VERTEX_POINT ( 'NONE', #1895 ) ;
#357 = CIRCLE ( 'NONE', #2385, 0.006250000000000002082 ) ;
#358 = CARTESIAN_POINT ( 'NONE',  ( 0.02768033293365545350, 0.04064990085713102164, -0.07150000000000000799 ) ) ;
#359 = VECTOR ( 'NONE', #1663, 39.37007874015748854 ) ;
#360 = FACE_OUTER_BOUND ( 'NONE', #1144, .T. ) ;
#361 = DIRECTION ( 'NONE',  ( 4.878299988686181360E-16, -1.905585933080539594E-18, 1.000000000000000000 ) ) ;
#362 = STYLED_ITEM ( 'NONE', ( #1597 ), #1810 ) ;
#363 = EDGE_CURVE ( 'NONE', #3939, #831, #1165, .T. ) ;
#364 = VECTOR ( 'NONE', #4267, 39.37007874015748143 ) ;
#365 = ORIENTED_EDGE ( 'NONE', *, *, #2960, .T. ) ;
#366 = CARTESIAN_POINT ( 'NONE',  ( 0.04065957162211410181, 0.04062676086936067160, -0.06526155928471367995 ) ) ;
#367 = EDGE_LOOP ( 'NONE', ( #3872, #3142, #3494, #2127, #2682, #4198 ) ) ;
#368 = CIRCLE ( 'NONE', #3242, 0.006250000000000002082 ) ;
#369 = CARTESIAN_POINT ( 'NONE',  ( 0.01648126926730154873, 0.04026925285583352748, -1.630864571093454797E-17 ) ) ;
#370 = DIRECTION ( 'NONE',  ( -0.06090368020760787010, -0.9981436478469266627, 1.836970198721029688E-16 ) ) ;
#371 = CARTESIAN_POINT ( 'NONE',  ( 0.02355560063439472024, 0.02694987849186702630, 0.006249999999999973459 ) ) ;
#372 = AXIS2_PLACEMENT_3D ( 'NONE', #2664, #3665, #4373 ) ;
#373 = ADVANCED_FACE ( 'NONE', ( #3640 ), #3622, .T. ) ;
#374 = ORIENTED_EDGE ( 'NONE', *, *, #3584, .T. ) ;
#375 =( BOUNDED_SURFACE ( )  B_SPLINE_SURFACE ( 3, 3, ( 
 ( #3894, #3173, #4254, #2507 ),
 ( #1837, #2859, #3194, #3488 ),
 ( #3506, #817, #2104, #1470 ),
 ( #4232, #2195, #3530, #1134 ) ),
 .UNSPECIFIED., .F., .F., .F. ) 
 B_SPLINE_SURFACE_WITH_KNOTS ( ( 4, 4 ),
 ( 4, 4 ),
 ( 0.0000000000000000000, 1.000000000000000000 ),
 ( 0.0000000000000000000, 1.000000000000000000 ),
 .UNSPECIFIED. ) 
 GEOMETRIC_REPRESENTATION_ITEM ( )  RATIONAL_B_SPLINE_SURFACE ( (
 ( 1.000000000000000000, 0.8056113254483424635, 0.8056113254483424635, 1.000000000000000000),
 ( 0.3333333333333320381, 0.2685371084827797850, 0.2685371084827797850, 0.3333333333333320381),
 ( 0.3333333333333320381, 0.2685371084827797850, 0.2685371084827797850, 0.3333333333333320381),
 ( 1.000000000000000000, 0.8056113254483424635, 0.8056113254483424635, 1.000000000000000000) ) ) 
 REPRESENTATION_ITEM ( '' )  SURFACE ( )  );
#376 = CARTESIAN_POINT ( 'NONE',  ( 0.06348144259710580828, 0.06750000000000001832, -0.02723074714416661227 ) ) ;
#377 = CIRCLE ( 'NONE', #3829, 0.006250000000000000347 ) ;
#378 = LINE ( 'NONE', #3823, #74 ) ;
#379 = LINE ( 'NONE', #3128, #137 ) ;
#380 = AXIS2_PLACEMENT_3D ( 'NONE', #2360, #3006, #1296 ) ;
#381 = CARTESIAN_POINT ( 'NONE',  ( 0.07216986628565613682, 0.06081704146008132250, 0.005478552718650409395 ) ) ;
#382 = ORIENTED_EDGE ( 'NONE', *, *, #3786, .F. ) ;
#383 = AXIS2_PLACEMENT_3D ( 'NONE', #4328, #1314, #4061 ) ;
#384 = CARTESIAN_POINT ( 'NONE',  ( 0.06946380610960398161, 0.07373844071528633248, -0.02682695915509864318 ) ) ;
#385 = VERTEX_POINT ( 'NONE', #877 ) ;
#386 = CARTESIAN_POINT ( 'NONE',  ( 0.007222283486521075511, 0.06126155928471369028, -0.02687323913063935713 ) ) ;
#387 = CARTESIAN_POINT ( 'NONE',  ( 0.03166380610960396053, 0.07373844071528636024, -0.02682695915509866053 ) ) ;
#388 = CARTESIAN_POINT ( 'NONE',  ( 0.001767603767518873947, 0.02771117449446210135, -0.07774999999999999967 ) ) ;
#389 = ORIENTED_EDGE ( 'NONE', *, *, #1693, .T. ) ;
#390 = CARTESIAN_POINT ( 'NONE',  ( 0.01835695520193792590, 0.06750000000000001832, -0.04464990085713103907 ) ) ;
#391 = VERTEX_POINT ( 'NONE', #4312 ) ;
#392 = DIRECTION ( 'NONE',  ( 0.9981436478469271067, 0.06090368020759995282, 0.0000000000000000000 ) ) ;
#393 = DIRECTION ( 'NONE',  ( 0.0000000000000000000, 1.000000000000000000, 1.012211148232467137E-15 ) ) ;
#394 = FACE_OUTER_BOUND ( 'NONE', #2089, .T. ) ;
#395 = FACE_OUTER_BOUND ( 'NONE', #2008, .T. ) ;
#396 =( GEOMETRIC_REPRESENTATION_CONTEXT ( 3 ) GLOBAL_UNCERTAINTY_ASSIGNED_CONTEXT ( ( #1946 ) ) GLOBAL_UNIT_ASSIGNED_CONTEXT ( ( #1309, #2720, #2350 ) ) REPRESENTATION_CONTEXT ( 'NONE', 'WORKASPACE' ) );
#397 = VERTEX_POINT ( 'NONE', #193 ) ;
#398 = DIRECTION ( 'NONE',  ( -7.458549702253128292E-18, 1.222373423425002231E-16, 1.000000000000000000 ) ) ;
#399 = EDGE_CURVE ( 'NONE', #4226, #420, #588, .T. ) ;
#400 = CIRCLE ( 'NONE', #4144, 0.006250000000000001214 ) ;
#401 = CARTESIAN_POINT ( 'NONE',  ( 0.01894999999999991830, 1.493979371535143794E-17, -0.02699999999999998235 ) ) ;
#402 = CARTESIAN_POINT ( 'NONE',  ( 0.05804656552361696364, 0.07373844071528637412, -0.007442846536554503442 ) ) ;
#403 = CIRCLE ( 'NONE', #2920, 0.006250000000000006418 ) ;
#404 =( BOUNDED_SURFACE ( )  B_SPLINE_SURFACE ( 3, 3, ( 
 ( #2225, #2939, #165, #1550 ),
 ( #2605, #462, #1188, #3206 ),
 ( #2515, #3908, #3949, #3581 ),
 ( #1826, #499, #2205, #3186 ) ),
 .UNSPECIFIED., .F., .F., .F. ) 
 B_SPLINE_SURFACE_WITH_KNOTS ( ( 4, 4 ),
 ( 4, 4 ),
 ( 0.0000000000000000000, 1.000000000000000000 ),
 ( 0.0000000000000000000, 1.000000000000000000 ),
 .UNSPECIFIED. ) 
 GEOMETRIC_REPRESENTATION_ITEM ( )  RATIONAL_B_SPLINE_SURFACE ( (
 ( 1.000000000000000000, 0.8056113254483424635, 0.8056113254483424635, 1.000000000000000000),
 ( 0.3333333333333333703, 0.2685371084827808397, 0.2685371084827808397, 0.3333333333333333703),
 ( 0.3333333333333333703, 0.2685371084827808397, 0.2685371084827808397, 0.3333333333333333703),
 ( 1.000000000000000000, 0.8056113254483424635, 0.8056113254483424635, 1.000000000000000000) ) ) 
 REPRESENTATION_ITEM ( '' )  SURFACE ( )  );
#405 = ADVANCED_FACE ( 'NONE', ( #3298 ), #2678, .T. ) ;
#406 = CARTESIAN_POINT ( 'NONE',  ( 0.05724304479806251872, 0.06750000000000001832, -0.02685009914286901403 ) ) ;
#407 = VERTEX_POINT ( 'NONE', #1346 ) ;
#408 = CARTESIAN_POINT ( 'NONE',  ( 0.04426380610960396755, 0.07373844071528636024, -0.02682695915509865706 ) ) ;
#409 = ORIENTED_EDGE ( 'NONE', *, *, #1536, .T. ) ;
#410 = CARTESIAN_POINT ( 'NONE',  ( 0.01967600343138644833, 0.06202144728134946494, -0.02763312712727529832 ) ) ;
#411 = CARTESIAN_POINT ( 'NONE',  ( 0.03494042837788620404, 0.04062676086936067854, -0.006238440715286324573 ) ) ;
#412 = LINE ( 'NONE', #4196, #2750 ) ;
#413 = ORIENTED_EDGE ( 'NONE', *, *, #1502, .T. ) ;
#414 = CARTESIAN_POINT ( 'NONE',  ( 0.03603239623248132711, 0.02771117449446202849, -0.006250000000000052389 ) ) ;
#415 = EDGE_LOOP ( 'NONE', ( #2755, #3969 ) ) ;
#416 = CARTESIAN_POINT ( 'NONE',  ( 0.05204439936560546764, 0.02694987849186701243, -0.07150000000000000799 ) ) ;
#417 = DIRECTION ( 'NONE',  ( -2.439149994343090680E-16, 1.905585933080539594E-18, -1.000000000000000000 ) ) ;
#418 = CARTESIAN_POINT ( 'NONE',  ( 0.03741935199870251305, -0.006238397799043308642, -0.06397739905109460501 ) ) ;
#419 = CARTESIAN_POINT ( 'NONE',  ( 0.001644399365605461001, 0.02694987849186701589, -0.04450000000000001177 ) ) ;
#420 = VERTEX_POINT ( 'NONE', #3056 ) ;
#421 = DIRECTION ( 'NONE',  ( 0.06067819015338399291, 0.003702398043258134028, 0.9981505144458120427 ) ) ;
#422 = DIRECTION ( 'NONE',  ( 0.06090368020760782153, 0.9981436478469266627, 0.0000000000000000000 ) ) ;
#423 = CARTESIAN_POINT ( 'NONE',  ( 0.05940231536011886943, 0.05272361310499351639, -0.006238440715286316766 ) ) ;
#424 = EDGE_CURVE ( 'NONE', #2113, #2135, #642, .T. ) ;
#425 = EDGE_CURVE ( 'NONE', #4073, #3692, #1815, .T. ) ;
#426 = CARTESIAN_POINT ( 'NONE',  ( 0.03838135848443508663, 0.008269932355032278554, -0.07774999999999998579 ) ) ;
#427 = VERTEX_POINT ( 'NONE', #924 ) ;
#428 = LINE ( 'NONE', #2813, #1606 ) ;
#429 = ORIENTED_EDGE ( 'NONE', *, *, #3368, .F. ) ;
#430 = DIRECTION ( 'NONE',  ( 0.06090368020759906464, -0.9981436478469271067, 0.0000000000000000000 ) ) ;
#431 = AXIS2_PLACEMENT_3D ( 'NONE', #2231, #837, #2636 ) ;
#432 = DIRECTION ( 'NONE',  ( 0.06090368020760839746, 0.9981436478469266627, 0.0000000000000000000 ) ) ;
#433 = CARTESIAN_POINT ( 'NONE',  ( 0.03805744359938419141, 0.005477101796448196301, -0.05665506858075826380 ) ) ;
#434 = AXIS2_PLACEMENT_3D ( 'NONE', #2734, #3687, #4072 ) ;
#435 = CIRCLE ( 'NONE', #649, 0.03324999999999998096 ) ;
#436 = ORIENTED_EDGE ( 'NONE', *, *, #4251, .T. ) ;
#437 = CARTESIAN_POINT ( 'NONE',  ( 0.03391873073269875000, 0.04026925285583347197, -0.07150000000000000799 ) ) ;
#438 = EDGE_LOOP ( 'NONE', ( #842, #847, #513, #3881, #709, #3425 ) ) ;
#439 = AXIS2_PLACEMENT_3D ( 'NONE', #3518, #3098, #3146 ) ;
#440 = CIRCLE ( 'NONE', #1161, 0.006250000000000000347 ) ;
#441 = CARTESIAN_POINT ( 'NONE',  ( 0.07935806486538815596, 0.04103054885842850191, -2.561107494060246767E-17 ) ) ;
#442 = DIMENSIONAL_EXPONENTS ( 1.000000000000000000, 0.0000000000000000000, 0.0000000000000000000, 0.0000000000000000000, 0.0000000000000000000, 0.0000000000000000000, 0.0000000000000000000 ) ;
#443 = PRESENTATION_LAYER_ASSIGNMENT (  '', '', ( #149 ) ) ;
#444 = ORIENTED_EDGE ( 'NONE', *, *, #66, .T. ) ;
#445 = FACE_OUTER_BOUND ( 'NONE', #13, .T. ) ;
#446 = DIRECTION ( 'NONE',  ( 0.06090368020761618290, 0.0000000000000000000, 0.9981436478469261075 ) ) ;
#447 = CIRCLE ( 'NONE', #2885, 0.006250000000000009888 ) ;
#448 = DIRECTION ( 'NONE',  ( -0.06090368020761460777, -2.823262457152253546E-16, -0.9981436478469262186 ) ) ;
#449 = ORIENTED_EDGE ( 'NONE', *, *, #2200, .T. ) ;
#450 = CARTESIAN_POINT ( 'NONE',  ( 0.03330667655942324418, 0.06050167128807797806, -0.01401649889837057461 ) ) ;
#451 = AXIS2_PLACEMENT_3D ( 'NONE', #4169, #756, #3493 ) ;
#452 = EDGE_LOOP ( 'NONE', ( #781, #2222, #3743, #1023, #3372, #2698 ) ) ;
#453 = DIRECTION ( 'NONE',  ( -0.06090368020760839052, -0.9981436478469265516, -0.0000000000000000000 ) ) ;
#454 = AXIS2_PLACEMENT_3D ( 'NONE', #4135, #710, #3476 ) ;
#455 = CARTESIAN_POINT ( 'NONE',  ( 0.003430133714344329923, 0.06081704146008140577, -0.07697855271865042259 ) ) ;
#456 = CARTESIAN_POINT ( 'NONE',  ( 0.04989614759678902972, 0.006999693801638338583, -0.01484493141924173379 ) ) ;
#457 = ADVANCED_FACE ( 'NONE', ( #3747 ), #1762, .T. ) ;
#458 = ORIENTED_EDGE ( 'NONE', *, *, #3201, .T. ) ;
#459 = CARTESIAN_POINT ( 'NONE',  ( 0.03729614759678902963, 0.006999693801638343787, -0.01484493141924175461 ) ) ;
#460 = ORIENTED_EDGE ( 'NONE', *, *, #119, .T. ) ;
#461 = CLOSED_SHELL ( 'NONE', ( #3457, #1102, #1010, #1631 ) ) ;
#462 = CARTESIAN_POINT ( 'NONE',  ( 0.05385140458474689529, 0.05196372510835762376, -0.06602144728134960727 ) ) ;
#463 = CARTESIAN_POINT ( 'NONE',  ( 0.07905140458474689547, 0.05196372510835763070, -0.06602144728134960727 ) ) ;
#464 = ORIENTED_EDGE ( 'NONE', *, *, #1505, .T. ) ;
#465 = CARTESIAN_POINT ( 'NONE',  ( 0.05078064800129742512, -0.006238397799043279152, -0.02699999999999999623 ) ) ;
#466 = CARTESIAN_POINT ( 'NONE',  ( 0.01338090655394800002, 0.01405607799624426953, -0.06525000000000001632 ) ) ;
#467 = CARTESIAN_POINT ( 'NONE',  ( 0.005756955201937926682, 0.06750000000000001832, -0.04464990085713103907 ) ) ;
#468 =( BOUNDED_SURFACE ( )  B_SPLINE_SURFACE ( 3, 3, ( 
 ( #3081, #2439, #333, #3778 ),
 ( #3439, #2745, #2035, #1018 ),
 ( #2788, #2395, #2700, #1329 ),
 ( #2055, #3757, #2368, #4163 ) ),
 .UNSPECIFIED., .F., .F., .F. ) 
 B_SPLINE_SURFACE_WITH_KNOTS ( ( 4, 4 ),
 ( 4, 4 ),
 ( 0.0000000000000000000, 1.000000000000000000 ),
 ( 0.0000000000000000000, 1.000000000000000000 ),
 .UNSPECIFIED. ) 
 GEOMETRIC_REPRESENTATION_ITEM ( )  RATIONAL_B_SPLINE_SURFACE ( (
 ( 1.000000000000000000, 0.8056113254483420194, 0.8056113254483420194, 1.000000000000000000),
 ( 0.3333333333333324822, 0.2685371084827800070, 0.2685371084827800070, 0.3333333333333324822),
 ( 0.3333333333333324822, 0.2685371084827800070, 0.2685371084827800070, 0.3333333333333324822),
 ( 1.000000000000000000, 0.8056113254483420194, 0.8056113254483420194, 1.000000000000000000) ) ) 
 REPRESENTATION_ITEM ( '' )  SURFACE ( )  );
#469 = CIRCLE ( 'NONE', #3059, 0.006250000000000001214 ) ;
#470 = CARTESIAN_POINT ( 'NONE',  ( 0.01064518580993812323, 0.03991315284826563170, 0.006998328711922250159 ) ) ;
#471 = DIRECTION ( 'NONE',  ( 0.06090368020759948098, -0.9981436478469269957, -4.883536246244055496E-16 ) ) ;
#472 = AXIS2_PLACEMENT_3D ( 'NONE', #580, #4397, #307 ) ;
#473 = ORIENTED_EDGE ( 'NONE', *, *, #210, .T. ) ;
#474 = CARTESIAN_POINT ( 'NONE',  ( 0.01298064800129741965, -0.006238397799043276550, -0.007522600948905395178 ) ) ;
#475 = CYLINDRICAL_SURFACE ( 'NONE', #2131, 0.006250000000000002082 ) ;
#476 = CARTESIAN_POINT ( 'NONE',  ( 0.0005813584844350438638, 0.008269932355032282023, -0.07774999999999999967 ) ) ;
#477 = EDGE_CURVE ( 'NONE', #190, #1211, #4107, .T. ) ;
#478 = ORIENTED_EDGE ( 'NONE', *, *, #3868, .F. ) ;
#479 = DIRECTION ( 'NONE',  ( -3.450521692260709348E-17, 5.655021662317012109E-16, 1.000000000000000000 ) ) ;
#480 = ORIENTED_EDGE ( 'NONE', *, *, #3099, .F. ) ;
#481 = ADVANCED_FACE ( 'NONE', ( #607 ), #1963, .T. ) ;
#482 = CARTESIAN_POINT ( 'NONE',  ( 0.03779999999999993782, 0.0000000000000000000, -0.02699999999999997541 ) ) ;
#483 = DIRECTION ( 'NONE',  ( -1.365923996832129440E-15, 0.0000000000000000000, -1.000000000000000000 ) ) ;
#484 = DIRECTION ( 'NONE',  ( 0.0000000000000000000, 0.0000000000000000000, 1.000000000000000000 ) ) ;
#485 = VERTEX_POINT ( 'NONE', #2652 ) ;
#486 = CARTESIAN_POINT ( 'NONE',  ( 0.06123239623248132729, 0.02771117449446201114, -0.006250000000000042848 ) ) ;
#487 = CARTESIAN_POINT ( 'NONE',  ( 0.01412119496369204641, 0.02618858248927190963, -0.06525000000000001632 ) ) ;
#488 = CARTESIAN_POINT ( 'NONE',  ( 0.04580600156656217115, 0.02733052649316456209, -0.07150000000000000799 ) ) ;
#489 = VERTEX_POINT ( 'NONE', #2024 ) ;
#490 =( BOUNDED_SURFACE ( )  B_SPLINE_SURFACE ( 3, 3, ( 
 ( #4003, #2253, #3277, #1579 ),
 ( #2945, #84, #426, #3253 ),
 ( #1785, #4293, #4311, #3980 ),
 ( #192, #876, #170, #3504 ) ),
 .UNSPECIFIED., .F., .F., .F. ) 
 B_SPLINE_SURFACE_WITH_KNOTS ( ( 4, 4 ),
 ( 4, 4 ),
 ( 0.0000000000000000000, 1.000000000000000000 ),
 ( 0.0000000000000000000, 1.000000000000000000 ),
 .UNSPECIFIED. ) 
 GEOMETRIC_REPRESENTATION_ITEM ( )  RATIONAL_B_SPLINE_SURFACE ( (
 ( 1.000000000000000000, 0.8047378541243649375, 0.8047378541243649375, 1.000000000000000000),
 ( 0.3333333333333337034, 0.2682459513747886271, 0.2682459513747886271, 0.3333333333333337034),
 ( 0.3333333333333337034, 0.2682459513747886271, 0.2682459513747886271, 0.3333333333333337034),
 ( 1.000000000000000000, 0.8047378541243649375, 0.8047378541243649375, 1.000000000000000000) ) ) 
 REPRESENTATION_ITEM ( '' )  SURFACE ( )  );
#491 =( NAMED_UNIT ( * ) PLANE_ANGLE_UNIT ( ) SI_UNIT ( $, .RADIAN. ) );
#492 = ORIENTED_EDGE ( 'NONE', *, *, #2303, .T. ) ;
#493 = CARTESIAN_POINT ( 'NONE',  ( -0.0002574435993841701128, 0.005477101796448304721, -0.01484493141924172338 ) ) ;
#494 = CARTESIAN_POINT ( 'NONE',  ( 0.06350385240321085312, -0.006999693801638239704, -0.007522600948905442016 ) ) ;
#495 = CARTESIAN_POINT ( 'NONE',  ( -0.006250000000000000347, 0.0000000000000000000, 0.006250000000000001214 ) ) ;
#496 = VERTEX_POINT ( 'NONE', #3322 ) ;
#497 = DIRECTION ( 'NONE',  ( -3.450521692260709348E-17, 5.655021662317012109E-16, 1.000000000000000000 ) ) ;
#498 = ORIENTED_EDGE ( 'NONE', *, *, #3540, .F. ) ;
#499 = CARTESIAN_POINT ( 'NONE',  ( 0.04108385365920970422, 0.06005715346344552008, -0.07773844071528634991 ) ) ;
#500 = CIRCLE ( 'NONE', #4030, 0.006250000000000000347 ) ;
#501 = DIRECTION ( 'NONE',  ( 0.9981436478469271067, 0.06090368020759908546, 0.0000000000000000000 ) ) ;
#502 = ORIENTED_EDGE ( 'NONE', *, *, #2335, .F. ) ;
#503 = CIRCLE ( 'NONE', #3026, 0.006250000000000000347 ) ;
#504 = CARTESIAN_POINT ( 'NONE',  ( 0.05001935199870242293, 0.006238397799043309509, -0.02699999999999999969 ) ) ;
#505 = AXIS2_PLACEMENT_3D ( 'NONE', #51, #2782, #2827 ) ;
#506 = DIRECTION ( 'NONE',  ( -0.06090368020761594003, -0.0000000000000000000, -0.9981436478469261075 ) ) ;
#507 = DIRECTION ( 'NONE',  ( 0.06090368020761623841, 0.0000000000000000000, 0.9981436478469261075 ) ) ;
#508 = CARTESIAN_POINT ( 'NONE',  ( 0.06548033293365546070, 0.04064990085713103551, -0.07150000000000000799 ) ) ;
#509 = EDGE_CURVE ( 'NONE', #3751, #325, #308, .T. ) ;
#510 = AXIS2_PLACEMENT_3D ( 'NONE', #3635, #4000, #3612 ) ;
#511 = CIRCLE ( 'NONE', #4035, 0.03324999999999998096 ) ;
#512 = AXIS2_PLACEMENT_3D ( 'NONE', #2749, #703, #336 ) ;
#513 = ORIENTED_EDGE ( 'NONE', *, *, #2336, .T. ) ;
#514 = CARTESIAN_POINT ( 'NONE',  ( 0.05006505031939181144, 0.006747340349842197854, 0.006249999999999989939 ) ) ;
#515 = AXIS2_PLACEMENT_3D ( 'NONE', #1227, #1549, #164 ) ;
#516 = ORIENTED_EDGE ( 'NONE', *, *, #2082, .F. ) ;
#517 = CARTESIAN_POINT ( 'NONE',  ( 0.01095560063439472015, 0.02694987849186702977, -0.006250000000000017694 ) ) ;
#518 =( BOUNDED_SURFACE ( )  B_SPLINE_SURFACE ( 3, 3, ( 
 ( #3604, #595, #1546, #3629 ),
 ( #1909, #3578, #4300, #1950 ),
 ( #551, #1224, #890, #161 ),
 ( #231, #3289, #253, #1883 ) ),
 .UNSPECIFIED., .F., .F., .F. ) 
 B_SPLINE_SURFACE_WITH_KNOTS ( ( 4, 4 ),
 ( 4, 4 ),
 ( 0.0000000000000000000, 1.000000000000000000 ),
 ( 0.0000000000000000000, 1.000000000000000000 ),
 .UNSPECIFIED. ) 
 GEOMETRIC_REPRESENTATION_ITEM ( )  RATIONAL_B_SPLINE_SURFACE ( (
 ( 1.000000000000000000, 0.8056113254483422415, 0.8056113254483422415, 1.000000000000000000),
 ( 0.3333333333333333703, 0.2685371084827807842, 0.2685371084827807842, 0.3333333333333333703),
 ( 0.3333333333333333703, 0.2685371084827807842, 0.2685371084827807842, 0.3333333333333333703),
 ( 1.000000000000000000, 0.8056113254483422415, 0.8056113254483422415, 1.000000000000000000) ) ) 
 REPRESENTATION_ITEM ( '' )  SURFACE ( )  );
#519 = FACE_OUTER_BOUND ( 'NONE', #4291, .T. ) ;
#520 = DIRECTION ( 'NONE',  ( 0.9981436478469271067, 0.06090368020759973078, 0.0000000000000000000 ) ) ;
#521 = ORIENTED_EDGE ( 'NONE', *, *, #3010, .F. ) ;
#522 = AXIS2_PLACEMENT_3D ( 'NONE', #1748, #3837, #3452 ) ;
#523 = DIRECTION ( 'NONE',  ( -2.439149994343090680E-16, 1.905585933080539594E-18, -1.000000000000000000 ) ) ;
#524 = ORIENTED_EDGE ( 'NONE', *, *, #337, .F. ) ;
#525 =( NAMED_UNIT ( * ) SI_UNIT ( $, .STERADIAN. ) SOLID_ANGLE_UNIT ( ) );
#526 = CARTESIAN_POINT ( 'NONE',  ( 0.02367880503630816549, 0.02618858248927203106, -0.006249999999999997745 ) ) ;
#527 = CARTESIAN_POINT ( 'NONE',  ( 0.04991855740289463661, 0.06750000000000001832, -0.04426925285583346165 ) ) ;
#528 = AXIS2_PLACEMENT_3D ( 'NONE', #2912, #1187, #3515 ) ;
#529 = CARTESIAN_POINT ( 'NONE',  ( 0.06510109424519684718, 0.04067304084490138555, -0.07773844071528633604 ) ) ;
#530 = ORIENTED_EDGE ( 'NONE', *, *, #2082, .T. ) ;
#531 = CARTESIAN_POINT ( 'NONE',  ( 0.06249614759678902981, 0.006999693801638329910, -0.01484493141924174767 ) ) ;
#532 = CARTESIAN_POINT ( 'NONE',  ( 0.03615560063439472727, 0.02694987849186703324, -0.006250000000000005551 ) ) ;
#533 = DIRECTION ( 'NONE',  ( -0.9981436478469265516, 0.06090368020760861950, 0.0000000000000000000 ) ) ;
#534 = DIRECTION ( 'NONE',  ( 0.06090368020759948098, -0.9981436478469269957, -4.883536246244055496E-16 ) ) ;
#535 = EDGE_CURVE ( 'NONE', #343, #4110, #440, .T. ) ;
#536 = EDGE_CURVE ( 'NONE', #773, #2376, #2956, .T. ) ;
#537 = EDGE_CURVE ( 'NONE', #3651, #3202, #290, .T. ) ;
#538 = ORIENTED_EDGE ( 'NONE', *, *, #4276, .F. ) ;
#539 = LENGTH_MEASURE_WITH_UNIT ( LENGTH_MEASURE( 0.02539999999999999897 ), #3828 );
#540 = CIRCLE ( 'NONE', #3484, 0.006250000000000002949 ) ;
#541 = EDGE_CURVE ( 'NONE', #664, #1788, #3525, .T. ) ;
#542 = ORIENTED_EDGE ( 'NONE', *, *, #203, .T. ) ;
#543 = CARTESIAN_POINT ( 'NONE',  ( 0.03531966706634484532, 0.04064990085713102164, 0.0000000000000000000 ) ) ;
#544 = EDGE_CURVE ( 'NONE', #3066, #2623, #2049, .T. ) ;
#545 = CARTESIAN_POINT ( 'NONE',  ( 4.908789363615472817E-17, 0.0000000000000000000, -0.04450000000000001177 ) ) ;
#546 = CARTESIAN_POINT ( 'NONE',  ( 0.01424439936560546217, 0.02694987849186701243, -0.07150000000000002187 ) ) ;
#547 = CIRCLE ( 'NONE', #3274, 0.006249999999999996877 ) ;
#548 = AXIS2_PLACEMENT_3D ( 'NONE', #3321, #4070, #4047 ) ;
#549 = ORIENTED_EDGE ( 'NONE', *, *, #818, .F. ) ;
#550 =( BOUNDED_SURFACE ( )  B_SPLINE_SURFACE ( 3, 3, ( 
 ( #1989, #2322, #1664, #2802 ),
 ( #3840, #2783, #693, #783 ),
 ( #1752, #348, #11, #3478 ),
 ( #740, #4181, #713, #2118 ) ),
 .UNSPECIFIED., .F., .F., .F. ) 
 B_SPLINE_SURFACE_WITH_KNOTS ( ( 4, 4 ),
 ( 4, 4 ),
 ( 0.0000000000000000000, 1.000000000000000000 ),
 ( 0.0000000000000000000, 1.000000000000000000 ),
 .UNSPECIFIED. ) 
 GEOMETRIC_REPRESENTATION_ITEM ( )  RATIONAL_B_SPLINE_SURFACE ( (
 ( 1.000000000000000000, 0.8056113254483424635, 0.8056113254483424635, 1.000000000000000000),
 ( 0.3333333333333332038, 0.2685371084827807286, 0.2685371084827807286, 0.3333333333333332038),
 ( 0.3333333333333332038, 0.2685371084827807286, 0.2685371084827807286, 0.3333333333333332038),
 ( 1.000000000000000000, 0.8056113254483424635, 0.8056113254483424635, 1.000000000000000000) ) ) 
 REPRESENTATION_ITEM ( '' )  SURFACE ( )  );
#551 = CARTESIAN_POINT ( 'NONE',  ( 0.03975481419006217376, 0.03991315284826551374, -0.07849832871192227723 ) ) ;
#552 = ORIENTED_EDGE ( 'NONE', *, *, #2172, .F. ) ;
#553 = CARTESIAN_POINT ( 'NONE',  ( 0.01634396469501613394, 0.05348350110162935350, -0.06450167128807776651 ) ) ;
#554 = CARTESIAN_POINT ( 'NONE',  ( 0.02519999999999990997, 1.497314146918034752E-17, -0.04450000000000001177 ) ) ;
#555 = CARTESIAN_POINT ( 'NONE',  ( 0.05192119496369201198, 0.02618858248927190269, -0.07775000000000001354 ) ) ;
#556 = EDGE_LOOP ( 'NONE', ( #2739, #888, #1461, #4033, #32, #719 ) ) ;
#557 = CARTESIAN_POINT ( 'NONE',  ( 0.01234255640061590088, -0.005477101796448210179, -0.06397739905109460501 ) ) ;
#558 = ORIENTED_EDGE ( 'NONE', *, *, #2968, .F. ) ;
#559 = CARTESIAN_POINT ( 'NONE',  ( 0.01424439936560546044, 0.02694987849186701243, -0.07150000000000000799 ) ) ;
#560 = CARTESIAN_POINT ( 'NONE',  ( 0.03944439936560546756, 0.02694987849186701589, -0.04450000000000001177 ) ) ;
#561 = CARTESIAN_POINT ( 'NONE',  ( 0.05078064800129742512, -0.006238397799043286091, -0.02699999999999999623 ) ) ;
#562 = DIRECTION ( 'NONE',  ( -0.9981436478469265516, 0.06090368020760861950, -1.365923996832131215E-15 ) ) ;
#563 = CYLINDRICAL_SURFACE ( 'NONE', #2483, 0.006250000000000000347 ) ;
#564 = EDGE_CURVE ( 'NONE', #3341, #849, #3027, .T. ) ;
#565 = EDGE_CURVE ( 'NONE', #420, #2777, #221, .T. ) ;
#566 = CARTESIAN_POINT ( 'NONE',  ( 0.01891752605446932883, 0.07449832871192213490, -0.02758684715173460172 ) ) ;
#567 = CARTESIAN_POINT ( 'NONE',  ( 0.03615560063439472727, 0.02694987849186702630, 0.006249999999999990806 ) ) ;
#568 = CARTESIAN_POINT ( 'NONE',  ( 0.06104518580993820165, 0.03991315284826563170, 0.006998328711922231944 ) ) ;
#569 = ADVANCED_FACE ( 'NONE', ( #2759 ), #229, .T. ) ;
#570 = EDGE_CURVE ( 'NONE', #1673, #2967, #3164, .T. ) ;
#571 = ORIENTED_EDGE ( 'NONE', *, *, #1759, .T. ) ;
#572 = DIRECTION ( 'NONE',  ( -2.439149994343090680E-16, 1.905585933080539594E-18, -1.000000000000000000 ) ) ;
#573 = VERTEX_POINT ( 'NONE', #782 ) ;
#574 = CARTESIAN_POINT ( 'NONE',  ( 0.02730109424519682956, 0.04067304084490137167, -0.07773844071528634991 ) ) ;
#575 = CARTESIAN_POINT ( 'NONE',  ( 0.06984304479806252575, 0.06750000000000000444, -0.02685009914286900015 ) ) ;
#576 = CARTESIAN_POINT ( 'NONE',  ( 0.01873619389039652555, 0.07373844071528636024, -0.04467304084490139604 ) ) ;
#577 =( LENGTH_UNIT ( ) NAMED_UNIT ( * ) SI_UNIT ( $, .METRE. ) );
#578 = EDGE_LOOP ( 'NONE', ( #558, #1704, #3175, #2051, #1091, #702 ) ) ;
#579 = CARTESIAN_POINT ( 'NONE',  ( 0.01221935199870249900, -0.006238397799043306040, -0.06397739905109460501 ) ) ;
#580 = CARTESIAN_POINT ( 'NONE',  ( 0.01424439936560546217, 0.02694987849186701243, -0.07150000000000002187 ) ) ;
#581 = AXIS2_PLACEMENT_3D ( 'NONE', #1214, #3279, #1173 ) ;
#582 = CIRCLE ( 'NONE', #1957, 0.03324999999999998096 ) ;
#583 = CARTESIAN_POINT ( 'NONE',  ( 0.03779999999999993782, 0.0000000000000000000, -0.02699999999999997541 ) ) ;
#584 = DIRECTION ( 'NONE',  ( -0.9981436478469265516, 0.06090368020760861950, -1.365923996832131215E-15 ) ) ;
#585 = DIRECTION ( 'NONE',  ( 0.9981436478469271067, 0.06090368020759995282, 0.0000000000000000000 ) ) ;
#586 = CIRCLE ( 'NONE', #3101, 0.006250000000000001214 ) ;
#587 = CARTESIAN_POINT ( 'NONE',  ( 0.06299999999999993106, 6.969680550242078297E-18, -0.04450000000000001177 ) ) ;
#588 = CIRCLE ( 'NONE', #3102, 0.006250000000000002082 ) ;
#589 = AXIS2_PLACEMENT_3D ( 'NONE', #1425, #1765, #3469 ) ;
#590 = CARTESIAN_POINT ( 'NONE',  ( 0.02355560063439471677, 0.02694987849186702283, -0.02699999999999999969 ) ) ;
#591 = AXIS2_PLACEMENT_3D ( 'NONE', #2233, #2568, #4275 ) ;
#592 = CARTESIAN_POINT ( 'NONE',  ( 0.07231614634079079618, 0.06005715346344556171, 0.006238440715286301154 ) ) ;
#593 = AXIS2_PLACEMENT_3D ( 'NONE', #2403, #1357, #982 ) ;
#594 = ORIENTED_EDGE ( 'NONE', *, *, #537, .F. ) ;
#595 = CARTESIAN_POINT ( 'NONE',  ( 0.02879768463988151977, 0.05272361310499348863, -0.06526155928471369383 ) ) ;
#596 = ORIENTED_EDGE ( 'NONE', *, *, #2955, .T. ) ;
#597 = AXIS2_PLACEMENT_3D ( 'NONE', #1436, #3822, #2763 ) ;
#598 = DIRECTION ( 'NONE',  ( 0.0000000000000000000, 1.000000000000000000, 0.0000000000000000000 ) ) ;
#599 = CARTESIAN_POINT ( 'NONE',  ( 0.02494255640061586801, 0.005477101796448295180, -0.01484493141924170950 ) ) ;
#600 = EDGE_CURVE ( 'NONE', #3855, #1761, #3381, .T. ) ;
#601 = CARTESIAN_POINT ( 'NONE',  ( -0.01201864151556495709, 0.008269932355032282023, -0.07774999999999999967 ) ) ;
#602 = AXIS2_PLACEMENT_3D ( 'NONE', #4292, #3614, #3568 ) ;
#603 = CARTESIAN_POINT ( 'NONE',  ( 0.02565815408252163782, 0.007508636352437187030, -0.07775000000000001354 ) ) ;
#604 = ORIENTED_EDGE ( 'NONE', *, *, #1150, .F. ) ;
#605 = FACE_OUTER_BOUND ( 'NONE', #3512, .T. ) ;
#606 = CYLINDRICAL_SURFACE ( 'NONE', #3638, 0.006250000000000000347 ) ;
#607 = FACE_OUTER_BOUND ( 'NONE', #2310, .T. ) ;
#608 = DIRECTION ( 'NONE',  ( -0.06090368020760839052, -0.9981436478469265516, -0.0000000000000000000 ) ) ;
#609 = DIRECTION ( 'NONE',  ( 0.06090368020761594003, 0.0000000000000000000, 0.9981436478469261075 ) ) ;
#610 = PRESENTATION_STYLE_ASSIGNMENT (( #2392 ) ) ;
#611 =( NAMED_UNIT ( * ) SI_UNIT ( $, .STERADIAN. ) SOLID_ANGLE_UNIT ( ) );
#612 = VERTEX_POINT ( 'NONE', #692 ) ;
#613 = EDGE_LOOP ( 'NONE', ( #2589, #1654, #1975, #460, #4390, #3422 ) ) ;
#614 = CARTESIAN_POINT ( 'NONE',  ( 0.06299999999999993106, 0.006250000000000009021, -0.04450000000000001177 ) ) ;
#615 = ORIENTED_EDGE ( 'NONE', *, *, #2419, .F. ) ;
#616 = CARTESIAN_POINT ( 'NONE',  ( 0.02848385365920970413, 0.06005715346344554784, -0.07773844071528636379 ) ) ;
#617 = CARTESIAN_POINT ( 'NONE',  ( -0.01209614759678898609, 0.006999693801638371543, -0.05665506858075827767 ) ) ;
#618 = EDGE_CURVE ( 'NONE', #2721, #4231, #2099, .T. ) ;
#619 = EDGE_CURVE ( 'NONE', #1252, #4166, #726, .T. ) ;
#620 = PRESENTATION_STYLE_ASSIGNMENT (( #4066 ) ) ;
#621 = VERTEX_POINT ( 'NONE', #3792 ) ;
#622 = CARTESIAN_POINT ( 'NONE',  ( 0.06299999999999993106, -0.006250000000000000347, -0.02699999999999998235 ) ) ;
#623 = CARTESIAN_POINT ( 'NONE',  ( 0.01605140458474688114, 0.05196372510835762376, -0.06602144728134960727 ) ) ;
#624 = CARTESIAN_POINT ( 'NONE',  ( 0.001644399365605461001, 0.02694987849186701589, -0.07150000000000000799 ) ) ;
#625 = CARTESIAN_POINT ( 'NONE',  ( 0.01259999999999991682, -5.002163074336419227E-19, -0.04450000000000001177 ) ) ;
#626 = EDGE_CURVE ( 'NONE', #3117, #1141, #1301, .T. ) ;
#627 = ORIENTED_EDGE ( 'NONE', *, *, #2631, .T. ) ;
#628 =( CONVERSION_BASED_UNIT ( 'INCH', #3709 ) LENGTH_UNIT ( ) NAMED_UNIT ( #2054 ) );
#629 = CARTESIAN_POINT ( 'NONE',  ( 0.02459535300098121893, 0.06750000000000001832, -0.04503054885842862343 ) ) ;
#630 =( NAMED_UNIT ( * ) PLANE_ANGLE_UNIT ( ) SI_UNIT ( $, .RADIAN. ) );
#631 = VERTEX_POINT ( 'NONE', #3516 ) ;
#632 = ORIENTED_EDGE ( 'NONE', *, *, #282, .T. ) ;
#633 = CARTESIAN_POINT ( 'NONE',  ( 0.07521935199870241617, 0.006238397799043314713, -0.01484493141924173552 ) ) ;
#634 = EDGE_LOOP ( 'NONE', ( #4089, #3473, #3720, #2443, #4068, #3480 ) ) ;
#635 = CARTESIAN_POINT ( 'NONE',  ( 0.01769971453151817850, 0.07449832871192225980, -0.06329726546680962407 ) ) ;
#636 = CARTESIAN_POINT ( 'NONE',  ( 0.01944304479806252192, 0.06750000000000001832, -0.02685009914286900709 ) ) ;
#637 = CARTESIAN_POINT ( 'NONE',  ( 0.01755343447638355384, 0.07373844071528634636, -0.06405715346344555139 ) ) ;
#638 = CARTESIAN_POINT ( 'NONE',  ( 0.06510109424519684718, 0.04067304084490137861, -0.07773844071528634991 ) ) ;
#639 = ORIENTED_EDGE ( 'NONE', *, *, #1226, .F. ) ;
#640 = CARTESIAN_POINT ( 'NONE',  ( 0.02545744359938418092, 0.005477101796448180689, -0.05665506858075827767 ) ) ;
#641 = DIRECTION ( 'NONE',  ( -0.06090368020761464246, 0.0000000000000000000, -0.9981436478469262186 ) ) ;
#642 = LINE ( 'NONE', #1008, #2240 ) ;
#643 = CARTESIAN_POINT ( 'NONE',  ( 0.06390411095586143175, 0.01481737399883936886, -0.06525000000000000244 ) ) ;
#644 = ORIENTED_EDGE ( 'NONE', *, *, #3282, .T. ) ;
#645 = EDGE_CURVE ( 'NONE', #831, #1222, #3816, .T. ) ;
#646 = ADVANCED_FACE ( 'NONE', ( #394 ), #1473, .T. ) ;
#647 = LENGTH_MEASURE_WITH_UNIT ( LENGTH_MEASURE( 0.02539999999999999897 ), #4403 );
#648 = CIRCLE ( 'NONE', #4171, 0.006250000000000002082 ) ;
#649 = AXIS2_PLACEMENT_3D ( 'NONE', #1416, #3461, #3522 ) ;
#650 = EDGE_CURVE ( 'NONE', #3903, #291, #2071, .T. ) ;
#651 = CARTESIAN_POINT ( 'NONE',  ( 0.02271966706634484523, 0.04064990085713102164, -1.707404996040164512E-17 ) ) ;
#652 = ORIENTED_EDGE ( 'NONE', *, *, #3226, .T. ) ;
#653 = AXIS2_PLACEMENT_3D ( 'NONE', #3141, #3513, #2512 ) ;
#654 = AXIS2_PLACEMENT_3D ( 'NONE', #1483, #2185, #483 ) ;
#655 = LENGTH_MEASURE_WITH_UNIT ( LENGTH_MEASURE( 0.02539999999999999897 ), #1076 );
#656 = EDGE_LOOP ( 'NONE', ( #1712, #3376, #1271, #1430, #3682, #4060 ) ) ;
#657 = DIRECTION ( 'NONE',  ( 0.06090368020760042467, -0.9981436478469269957, 0.0000000000000000000 ) ) ;
#658 = LINE ( 'NONE', #2042, #3345 ) ;
#659 = DIRECTION ( 'NONE',  ( -1.000000000000000000, -8.881784197001252323E-16, 0.0000000000000000000 ) ) ;
#660 = AXIS2_PLACEMENT_3D ( 'NONE', #297, #1677, #657 ) ;
#661 = VERTEX_POINT ( 'NONE', #1726 ) ;
#662 = CIRCLE ( 'NONE', #3180, 0.006250000000000002082 ) ;
#663 =( NAMED_UNIT ( * ) SI_UNIT ( $, .STERADIAN. ) SOLID_ANGLE_UNIT ( ) );
#664 = VERTEX_POINT ( 'NONE', #2560 ) ;
#665 = CARTESIAN_POINT ( 'NONE',  ( 0.07148135593220350525, 0.04054993610996308201, -0.02695006389003692243 ) ) ;
#666 = CARTESIAN_POINT ( 'NONE',  ( 0.04487600343138646586, 0.06202144728134945106, -0.02763312712727530873 ) ) ;
#667 = CARTESIAN_POINT ( 'NONE',  ( 0.03779999999999992394, -3.434818644377674773E-18, -0.04450000000000001177 ) ) ;
#668 = AXIS2_PLACEMENT_3D ( 'NONE', #1830, #398, #54 ) ;
#669 = CARTESIAN_POINT ( 'NONE',  ( 0.05204439936560546764, 0.02694987849186701589, -0.04450000000000001177 ) ) ;
#670 = ORIENTED_EDGE ( 'NONE', *, *, #425, .F. ) ;
#671 = AXIS2_PLACEMENT_3D ( 'NONE', #1644, #3385, #3360 ) ;
#672 = FACE_OUTER_BOUND ( 'NONE', #4374, .T. ) ;
#673 = LINE ( 'NONE', #3690, #731 ) ;
#674 = CIRCLE ( 'NONE', #3116, 0.006250000000000002082 ) ;
#675 = EDGE_CURVE ( 'NONE', #661, #182, #1166, .T. ) ;
#676 = EDGE_CURVE ( 'NONE', #1325, #3065, #4179, .T. ) ;
#677 = EDGE_CURVE ( 'NONE', #831, #681, #3966, .T. ) ;
#678 = FACE_OUTER_BOUND ( 'NONE', #2728, .T. ) ;
#679 = UNCERTAINTY_MEASURE_WITH_UNIT (LENGTH_MEASURE( 1.000000000000000082E-05 ), #939, 'distance_accuracy_value', 'NONE');
#680 = ORIENTED_EDGE ( 'NONE', *, *, #1368, .F. ) ;
#681 = VERTEX_POINT ( 'NONE', #2581 ) ;
#682 = EDGE_CURVE ( 'NONE', #1252, #1288, #1142, .T. ) ;
#683 = CARTESIAN_POINT ( 'NONE',  ( 0.07598064800129743224, -0.006238397799043276550, -0.007522600948905420332 ) ) ;
#684 = CARTESIAN_POINT ( 'NONE',  ( 0.03057771651347932634, 0.06126155928471369722, -0.04462676086936067515 ) ) ;
#685 = CARTESIAN_POINT ( 'NONE',  ( 0.03828144259710580810, 0.06750000000000001832, -0.02723074714416660880 ) ) ;
#686 = AXIS2_PLACEMENT_3D ( 'NONE', #295, #3400, #2370 ) ;
#687 = AXIS2_PLACEMENT_3D ( 'NONE', #3737, #1741, #2707 ) ;
#688 = ORIENTED_EDGE ( 'NONE', *, *, #3394, .F. ) ;
#689 = ORIENTED_EDGE ( 'NONE', *, *, #2940, .T. ) ;
#690 = DIRECTION ( 'NONE',  ( 0.9981436478469271067, 0.06090368020760045936, 0.0000000000000000000 ) ) ;
#691 = CARTESIAN_POINT ( 'NONE',  ( 0.03569890575480349354, 0.04067304084490140637, 0.006238440715286333246 ) ) ;
#692 = CARTESIAN_POINT ( 'NONE',  ( 0.02979399843343801674, 0.02733052649316452393, -2.377694848001244674E-17 ) ) ;
#693 = CARTESIAN_POINT ( 'NONE',  ( 0.03405603530498423764, 0.05348350110162924942, -0.006998328711922311741 ) ) ;
#694 = ORIENTED_EDGE ( 'NONE', *, *, #3645, .F. ) ;
#695 = DIRECTION ( 'NONE',  ( -0.06090368020760786316, -0.9981436478469265516, 0.0000000000000000000 ) ) ;
#696 = FACE_OUTER_BOUND ( 'NONE', #2704, .T. ) ;
#697 = CARTESIAN_POINT ( 'NONE',  ( 0.05577771651347933346, 0.06126155928471369722, -0.04462676086936071679 ) ) ;
#698 = CARTESIAN_POINT ( 'NONE',  ( 0.01095560063439472188, 0.02694987849186702977, -6.702898519610803170E-18 ) ) ;
#699 = EDGE_CURVE ( 'NONE', #573, #4056, #1849, .T. ) ;
#700 = ORIENTED_EDGE ( 'NONE', *, *, #1808, .T. ) ;
#701 = ADVANCED_FACE ( 'NONE', ( #4241 ), #404, .T. ) ;
#702 = ORIENTED_EDGE ( 'NONE', *, *, #2228, .F. ) ;
#703 = DIRECTION ( 'NONE',  ( 0.06090368020759949486, -0.9981436478469272178, -4.883536246244056482E-16 ) ) ;
#704 = DIRECTION ( 'NONE',  ( 0.9962975955892297009, 0.06079103973086141810, -0.06079103973087533058 ) ) ;
#705 = EDGE_CURVE ( 'NONE', #3172, #3140, #1095, .T. ) ;
#706 = EDGE_CURVE ( 'NONE', #3573, #895, #4223, .T. ) ;
#707 = ORIENTED_EDGE ( 'NONE', *, *, #3394, .T. ) ;
#708 = CYLINDRICAL_SURFACE ( 'NONE', #2031, 0.006249999999999998612 ) ;
#709 = ORIENTED_EDGE ( 'NONE', *, *, #2853, .F. ) ;
#710 = DIRECTION ( 'NONE',  ( -0.0000000000000000000, -0.0000000000000000000, -1.000000000000000000 ) ) ;
#711 = CARTESIAN_POINT ( 'NONE',  ( 0.07559999999999998666, -9.148827107256830748E-17, -0.07775000000000001354 ) ) ;
#712 = DIRECTION ( 'NONE',  ( 0.0000000000000000000, -1.000000000000000000, -6.829619984160660018E-16 ) ) ;
#713 = CARTESIAN_POINT ( 'NONE',  ( 0.02191614634079076113, 0.06005715346344556171, 0.006238440715286295950 ) ) ;
#714 = ORIENTED_EDGE ( 'NONE', *, *, #38, .T. ) ;
#715 = CARTESIAN_POINT ( 'NONE',  ( 0.04754042837788619719, 0.04062676086936064385, -0.006238440715286328909 ) ) ;
#716 = CARTESIAN_POINT ( 'NONE',  ( 0.001644399365605459483, 0.02694987849186700896, -0.06525000000000003020 ) ) ;
#717 = DIRECTION ( 'NONE',  ( -0.0000000000000000000, -0.0000000000000000000, -1.000000000000000000 ) ) ;
#718 = CARTESIAN_POINT ( 'NONE',  ( 0.05940231536011884861, 0.05272361310499348863, -0.006238440715286321103 ) ) ;
#719 = ORIENTED_EDGE ( 'NONE', *, *, #3100, .F. ) ;
#720 = AXIS2_PLACEMENT_3D ( 'NONE', #4249, #1940, #4005 ) ;
#721 = DIRECTION ( 'NONE',  ( 0.06067819015338262595, 0.003702398043258134028, 0.9981505144458120427 ) ) ;
#722 = AXIS2_PLACEMENT_3D ( 'NONE', #2052, #3392, #993 ) ;
#723 = ORIENTED_EDGE ( 'NONE', *, *, #2278, .F. ) ;
#724 = CIRCLE ( 'NONE', #2525, 0.03325000000000000872 ) ;
#725 = FACE_OUTER_BOUND ( 'NONE', #25, .T. ) ;
#726 = CIRCLE ( 'NONE', #3236, 0.006250000000000000347 ) ;
#727 = DIRECTION ( 'NONE',  ( -0.06090368020760231899, 0.9981436478469271067, -1.068589661201713367E-15 ) ) ;
#728 = CARTESIAN_POINT ( 'NONE',  ( 0.03741935199870241591, 0.006238397799043312979, -0.01484493141924171644 ) ) ;
#729 = DIMENSIONAL_EXPONENTS ( 1.000000000000000000, 0.0000000000000000000, 0.0000000000000000000, 0.0000000000000000000, 0.0000000000000000000, 0.0000000000000000000, 0.0000000000000000000 ) ;
#730 = VECTOR ( 'NONE', #523, 39.37007874015748143 ) ;
#731 = VECTOR ( 'NONE', #3729, 39.37007874015747433 ) ;
#732 = ORIENTED_EDGE ( 'NONE', *, *, #4006, .F. ) ;
#733 = DIRECTION ( 'NONE',  ( -0.06090368020759980711, 0.9981436478469272178, 4.883536246244056482E-16 ) ) ;
#734 = ORIENTED_EDGE ( 'NONE', *, *, #2929, .T. ) ;
#735 = EDGE_CURVE ( 'NONE', #1045, #184, #869, .T. ) ;
#736 = AXIS2_PLACEMENT_3D ( 'NONE', #2559, #497, #3244 ) ;
#737 = DIRECTION ( 'NONE',  ( 0.06090368020759948098, -0.9981436478469269957, -4.883536246244055496E-16 ) ) ;
#738 = DIRECTION ( 'NONE',  ( -0.0000000000000000000, -1.905585933080539594E-18, 1.000000000000000000 ) ) ;
#739 = CARTESIAN_POINT ( 'NONE',  ( 0.02494255640061588536, -0.005477101796448216250, -0.04450000000000000483 ) ) ;
#740 = CARTESIAN_POINT ( 'NONE',  ( 0.01906380610960396391, 0.07373844071528634636, -0.02682695915509867093 ) ) ;
#741 = AXIS2_PLACEMENT_3D ( 'NONE', #1292, #918, #2291 ) ;
#742 = EDGE_CURVE ( 'NONE', #427, #3573, #2033, .T. ) ;
#743 = VERTEX_POINT ( 'NONE', #852 ) ;
#744 = CARTESIAN_POINT ( 'NONE',  ( 0.008481355932203494402, 0.04054993610996308201, -0.02695006389003692243 ) ) ;
#745 = AXIS2_PLACEMENT_3D ( 'NONE', #1315, #2752, #4132 ) ;
#746 = CARTESIAN_POINT ( 'NONE',  ( 0.02684439936560546053, 0.02694987849186701589, -0.04450000000000001177 ) ) ;
#747 = DIRECTION ( 'NONE',  ( 0.06090368020760451861, -0.9981436478469266627, 0.0000000000000000000 ) ) ;
#748 = VECTOR ( 'NONE', #737, 39.37007874015748854 ) ;
#749 = DIRECTION ( 'NONE',  ( -0.06090368020760231205, 0.9981436478469269957, -1.072492789022660986E-15 ) ) ;
#750 = ORIENTED_EDGE ( 'NONE', *, *, #477, .T. ) ;
#751 = CIRCLE ( 'NONE', #4404, 0.006250000000000004684 ) ;
#752 = VERTEX_POINT ( 'NONE', #117 ) ;
#753 = CLOSED_SHELL ( 'NONE', ( #3930, #2877, #910, #4384 ) ) ;
#754 = DIRECTION ( 'NONE',  ( 0.9981436478469261075, 0.0000000000000000000, -0.06090368020761613432 ) ) ;
#755 = CARTESIAN_POINT ( 'NONE',  ( 0.02248670843302083902, 0.03986687287272490388, -0.005478552718650381639 ) ) ;
#756 = DIRECTION ( 'NONE',  ( -0.06090368020760807827, -0.9981436478469265516, -0.0000000000000000000 ) ) ;
#757 = ORIENTED_EDGE ( 'NONE', *, *, #3282, .F. ) ;
#758 = CARTESIAN_POINT ( 'NONE',  ( 0.02355560063439471330, 0.02694987849186702977, -0.006250000000000026368 ) ) ;
#759 = VERTEX_POINT ( 'NONE', #1503 ) ;
#760 = DIRECTION ( 'NONE',  ( -0.06090368020759995282, 0.9981436478469272178, 0.0000000000000000000 ) ) ;
#761 = LINE ( 'NONE', #1725, #1769 ) ;
#762 = EDGE_CURVE ( 'NONE', #2120, #935, #7, .T. ) ;
#763 = CARTESIAN_POINT ( 'NONE',  ( 0.02696760376751884333, 0.02771117449446210135, -0.07774999999999999967 ) ) ;
#764 = LINE ( 'NONE', #4138, #4385 ) ;
#765 = AXIS2_PLACEMENT_3D ( 'NONE', #1816, #1474, #3240 ) ;
#766 = EDGE_CURVE ( 'NONE', #3172, #496, #2868, .T. ) ;
#767 = ORIENTED_EDGE ( 'NONE', *, *, #1984, .F. ) ;
#768 = CARTESIAN_POINT ( 'NONE',  ( 0.02684439936560545706, 0.02694987849186700549, -0.07150000000000002187 ) ) ;
#769 = AXIS2_PLACEMENT_3D ( 'NONE', #545, #1585, #2621 ) ;
#770 = DIRECTION ( 'NONE',  ( -0.06090368020759987649, 0.9981436478469272178, 0.0000000000000000000 ) ) ;
#771 = FACE_OUTER_BOUND ( 'NONE', #1019, .T. ) ;
#772 = DIRECTION ( 'NONE',  ( -0.06090368020760003609, 0.9981436478469269957, 0.0000000000000000000 ) ) ;
#773 = VERTEX_POINT ( 'NONE', #1528 ) ;
#774 = PLANE ( 'NONE',  #1965 ) ;
#775 = VERTEX_POINT ( 'NONE', #1208 ) ;
#776 = CARTESIAN_POINT ( 'NONE',  ( 0.05615695520193794005, 0.06750000000000001832, -0.04464990085713106682 ) ) ;
#777 = CARTESIAN_POINT ( 'NONE',  ( 0.06147880503630814841, 0.02618858248927202065, 0.006249999999999939632 ) ) ;
#778 = CARTESIAN_POINT ( 'NONE',  ( 0.04981864151556501114, 0.008269932355032226512, 0.006249999999999990806 ) ) ;
#779 = ORIENTED_EDGE ( 'NONE', *, *, #4342, .F. ) ;
#780 = CARTESIAN_POINT ( 'NONE',  ( 0.03677268464222527983, 0.01557867000143441961, -0.006250000000000047184 ) ) ;
#781 = ORIENTED_EDGE ( 'NONE', *, *, #1974, .F. ) ;
#782 = CARTESIAN_POINT ( 'NONE',  ( 0.04991855740289463661, 0.06750000000000001832, -0.04426925285583347552 ) ) ;
#783 = CARTESIAN_POINT ( 'NONE',  ( 0.03479414832275158631, 0.04138664886599644627, -0.006998328711922301333 ) ) ;
#784 = VERTEX_POINT ( 'NONE', #2891 ) ;
#785 = CARTESIAN_POINT ( 'NONE',  ( 0.06014042837788621115, 0.04062676086936065772, -0.006238440715286328909 ) ) ;
#786 = CARTESIAN_POINT ( 'NONE',  ( 0.04651873073269876396, 0.04026925285583347197, -0.07150000000000002187 ) ) ;
#787 = EDGE_CURVE ( 'NONE', #4207, #2080, #2811, .T. ) ;
#788 = ADVANCED_FACE ( 'NONE', ( #187 ), #4085, .T. ) ;
#789 = ADVANCED_FACE ( 'NONE', ( #3379 ), #816, .T. ) ;
#790 = CARTESIAN_POINT ( 'NONE',  ( 0.02481935199870240888, 0.006238397799043311244, -0.02699999999999999276 ) ) ;
#791 = EDGE_LOOP ( 'NONE', ( #1402, #3468, #2422, #4133, #3409, #3732 ) ) ;
#792 = CARTESIAN_POINT ( 'NONE',  ( 0.03466242639592544139, 0.05929726546680978011, 0.006998328711922296129 ) ) ;
#793 = ADVANCED_FACE ( 'NONE', ( #2647 ), #865, .T. ) ;
#794 = ORIENTED_EDGE ( 'NONE', *, *, #120, .F. ) ;
#795 = DIRECTION ( 'NONE',  ( -7.458549702253128292E-18, 1.222373423425002231E-16, 1.000000000000000000 ) ) ;
#796 = AXIS2_PLACEMENT_3D ( 'NONE', #2123, #17, #104 ) ;
#797 = CARTESIAN_POINT ( 'NONE',  ( 0.06274255640061587869, 0.005477101796448316864, -0.01484493141924173552 ) ) ;
#798 = CARTESIAN_POINT ( 'NONE',  ( 0.001767603767518872646, 0.02771117449446210135, -0.06525000000000001632 ) ) ;
#799 = CIRCLE ( 'NONE', #3303, 0.006250000000000000347 ) ;
#800 = EDGE_LOOP ( 'NONE', ( #1941, #1995, #3946, #530, #3634, #2625 ) ) ;
#801 = DIRECTION ( 'NONE',  ( 0.06090368020760870277, 0.9981436478469265516, 0.0000000000000000000 ) ) ;
#802 = VERTEX_POINT ( 'NONE', #4415 ) ;
#803 = DIRECTION ( 'NONE',  ( -1.000000000000000000, 0.0000000000000000000, 6.829619984160657060E-16 ) ) ;
#804 = CIRCLE ( 'NONE', #1020, 0.006250000000000000347 ) ;
#805 = COLOUR_RGB ( '',0.8274509803921568096, 0.8392156862745098200, 0.8274509803921568096 ) ;
#806 = CARTESIAN_POINT ( 'NONE',  ( 0.02459535300098121893, 0.06750000000000001832, -0.04503054885842865812 ) ) ;
#807 = FACE_OUTER_BOUND ( 'NONE', #367, .T. ) ;
#808 = CIRCLE ( 'NONE', #2394, 0.006250000000000000347 ) ;
#809 = AXIS2_PLACEMENT_3D ( 'NONE', #2346, #2417, #973 ) ;
#810 = EDGE_LOOP ( 'NONE', ( #1186, #3870, #212, #132, #1564, #4448 ) ) ;
#811 = CARTESIAN_POINT ( 'NONE',  ( 0.04875560063439473429, 0.02694987849186700549, 0.006249999999999975193 ) ) ;
#812 = CARTESIAN_POINT ( 'NONE',  ( 0.04289971453151820296, 0.07449832871192219041, -0.06329726546680963795 ) ) ;
#813 = CARTESIAN_POINT ( 'NONE',  ( 0.04590667655942320957, 0.06050167128807794337, -0.01401649889837060410 ) ) ;
#814 = AXIS2_PLACEMENT_3D ( 'NONE', #546, #1201, #4014 ) ;
#815 = ORIENTED_EDGE ( 'NONE', *, *, #1264, .T. ) ;
#816 =( BOUNDED_SURFACE ( )  B_SPLINE_SURFACE ( 3, 3, ( 
 ( #302, #2665, #1619, #1594 ),
 ( #3337, #1682, #601, #3697 ),
 ( #258, #617, #1642, #2000 ),
 ( #938, #3357, #3052, #276 ) ),
 .UNSPECIFIED., .F., .F., .F. ) 
 B_SPLINE_SURFACE_WITH_KNOTS ( ( 4, 4 ),
 ( 4, 4 ),
 ( 0.0000000000000000000, 1.000000000000000000 ),
 ( 0.0000000000000000000, 1.000000000000000000 ),
 .UNSPECIFIED. ) 
 GEOMETRIC_REPRESENTATION_ITEM ( )  RATIONAL_B_SPLINE_SURFACE ( (
 ( 1.000000000000000000, 0.8047378541243649375, 0.8047378541243649375, 1.000000000000000000),
 ( 0.3333333333333333703, 0.2682459513747883495, 0.2682459513747883495, 0.3333333333333333703),
 ( 0.3333333333333333703, 0.2682459513747883495, 0.2682459513747883495, 0.3333333333333333703),
 ( 1.000000000000000000, 0.8047378541243649375, 0.8047378541243649375, 1.000000000000000000) ) ) 
 REPRESENTATION_ITEM ( '' )  SURFACE ( )  );
#817 = CARTESIAN_POINT ( 'NONE',  ( 0.08310028546848240161, 0.07449832871192212103, -0.008202734533190463723 ) ) ;
#818 = EDGE_CURVE ( 'NONE', #121, #1288, #4321, .T. ) ;
#819 = VECTOR ( 'NONE', #3287, 39.37007874015747433 ) ;
#820 = EDGE_CURVE ( 'NONE', #2110, #1722, #428, .T. ) ;
#821 = ORIENTED_EDGE ( 'NONE', *, *, #1693, .F. ) ;
#822 = CARTESIAN_POINT ( 'NONE',  ( 0.05039999999999992403, 0.0000000000000000000, -0.02699999999999999623 ) ) ;
#823 = CIRCLE ( 'NONE', #2405, 0.006250000000000001214 ) ;
#824 = CARTESIAN_POINT ( 'NONE',  ( 0.04875560063439472736, 0.02694987849186700896, -0.006250000000000014225 ) ) ;
#825 = UNCERTAINTY_MEASURE_WITH_UNIT (LENGTH_MEASURE( 1.000000000000000082E-05 ), #3247, 'distance_accuracy_value', 'NONE');
#826 = CARTESIAN_POINT ( 'NONE',  ( 0.01424439936560545523, 0.02694987849186700549, -0.06525000000000000244 ) ) ;
#827 = AXIS2_PLACEMENT_3D ( 'NONE', #2204, #2601, #3563 ) ;
#828 = ADVANCED_FACE ( 'NONE', ( #1858 ), #375, .T. ) ;
#829 = ORIENTED_EDGE ( 'NONE', *, *, #202, .F. ) ;
#830 = DIRECTION ( 'NONE',  ( -9.561467977824917912E-15, 1.000000000000000000, 0.0000000000000000000 ) ) ;
#831 = VERTEX_POINT ( 'NONE', #384 ) ;
#832 = DIRECTION ( 'NONE',  ( 0.06090368020760042467, -0.9981436478469269957, 6.829619984160656074E-16 ) ) ;
#833 = CARTESIAN_POINT ( 'NONE',  ( 0.08009332344057722153, 0.06050167128807783234, -0.05748350110162939175 ) ) ;
#834 = ORIENTED_EDGE ( 'NONE', *, *, #3780, .F. ) ;
#835 = CARTESIAN_POINT ( 'NONE',  ( 0.004639603495711830915, 0.06126155928471369722, -0.05672361310499349218 ) ) ;
#836 = LINE ( 'NONE', #2230, #3963 ) ;
#837 = DIRECTION ( 'NONE',  ( -0.06090368020760218715, 0.9981436478469269957, 1.152290068917594112E-15 ) ) ;
#838 = VECTOR ( 'NONE', #2063, 39.37007874015748143 ) ;
#839 = CARTESIAN_POINT ( 'NONE',  ( -0.004593998433437830944, 0.02733052649316456209, -0.07150000000000000799 ) ) ;
#840 = CARTESIAN_POINT ( 'NONE',  ( 0.04887880503630812751, 0.02618858248927202065, -0.006250000000000016827 ) ) ;
#841 = AXIS2_PLACEMENT_3D ( 'NONE', #560, #3297, #214 ) ;
#842 = ORIENTED_EDGE ( 'NONE', *, *, #3399, .F. ) ;
#843 = DIRECTION ( 'NONE',  ( -0.06090368020761460777, -2.823262457152253546E-16, -0.9981436478469262186 ) ) ;
#844 =( BOUNDED_SURFACE ( )  B_SPLINE_SURFACE ( 3, 3, ( 
 ( #937, #3677, #2962, #4040 ),
 ( #3312, #1618, #2646, #2982 ),
 ( #526, #3292, #599, #1970 ),
 ( #4352, #4019, #1979, #1275 ) ),
 .UNSPECIFIED., .F., .F., .F. ) 
 B_SPLINE_SURFACE_WITH_KNOTS ( ( 4, 4 ),
 ( 4, 4 ),
 ( 0.0000000000000000000, 1.000000000000000000 ),
 ( 0.0000000000000000000, 1.000000000000000000 ),
 .UNSPECIFIED. ) 
 GEOMETRIC_REPRESENTATION_ITEM ( )  RATIONAL_B_SPLINE_SURFACE ( (
 ( 1.000000000000000000, 0.8047378541243651595, 0.8047378541243651595, 1.000000000000000000),
 ( 0.3333333333333341475, 0.2682459513747890156, 0.2682459513747890156, 0.3333333333333341475),
 ( 0.3333333333333341475, 0.2682459513747890156, 0.2682459513747890156, 0.3333333333333341475),
 ( 1.000000000000000000, 0.8047378541243651595, 0.8047378541243651595, 1.000000000000000000) ) ) 
 REPRESENTATION_ITEM ( '' )  SURFACE ( )  );
#845 = DIRECTION ( 'NONE',  ( 0.06090368020760247858, -0.9981436478469269957, 0.0000000000000000000 ) ) ;
#846 = CARTESIAN_POINT ( 'NONE',  ( 0.02271966706634484176, 0.04064990085713104245, 0.0000000000000000000 ) ) ;
#847 = ORIENTED_EDGE ( 'NONE', *, *, #3841, .T. ) ;
#848 = CARTESIAN_POINT ( 'NONE',  ( 0.03569890575480349354, 0.04067304084490140637, 0.006238440715286324573 ) ) ;
#849 = VERTEX_POINT ( 'NONE', #2126 ) ;
#850 =( LENGTH_UNIT ( ) NAMED_UNIT ( * ) SI_UNIT ( $, .METRE. ) );
#851 = ADVANCED_FACE ( 'NONE', ( #3871 ), #1326, .T. ) ;
#852 = CARTESIAN_POINT ( 'NONE',  ( 0.01470109424519682254, 0.04067304084490138555, -0.07773844071528634991 ) ) ;
#853 = DIRECTION ( 'NONE',  ( -0.06090368020760224960, 0.9981436478469271067, 2.675810961694225436E-16 ) ) ;
#854 = ORIENTED_EDGE ( 'NONE', *, *, #541, .F. ) ;
#855 = CARTESIAN_POINT ( 'NONE',  ( 0.06197268464222527307, 0.01557867000143440400, -0.006250000000000049787 ) ) ;
#856 = CARTESIAN_POINT ( 'NONE',  ( 0.05001935199870242987, 0.006238397799043303438, -0.02699999999999999623 ) ) ;
#857 = DIRECTION ( 'NONE',  ( -0.06090368020760218715, 0.9981436478469269957, 1.152290068917594112E-15 ) ) ;
#858 = DIRECTION ( 'NONE',  ( 0.06090368020760808521, 0.9981436478469266627, 0.0000000000000000000 ) ) ;
#859 = CARTESIAN_POINT ( 'NONE',  ( 0.06837771651347933355, 0.06126155928471369028, -0.04462676086936067515 ) ) ;
#860 = ORIENTED_EDGE ( 'NONE', *, *, #2284, .T. ) ;
#861 = CARTESIAN_POINT ( 'NONE',  ( 0.02684439936560546053, 0.02694987849186701589, -0.07150000000000000799 ) ) ;
#862 = CARTESIAN_POINT ( 'NONE',  ( 0.005099714531518200963, 0.07449832871192220429, -0.06329726546680963795 ) ) ;
#863 = CARTESIAN_POINT ( 'NONE',  ( 0.03095695520193792599, 0.06750000000000001832, -0.04464990085713102519 ) ) ;
#864 = EDGE_LOOP ( 'NONE', ( #3700, #2369, #4153, #3308, #1514, #4270 ) ) ;
#865 =( BOUNDED_SURFACE ( )  B_SPLINE_SURFACE ( 3, 3, ( 
 ( #3025, #4330, #2628, #3316 ),
 ( #919, #1955, #3998, #2292 ),
 ( #3633, #4394, #2312, #555 ),
 ( #1316, #2983, #236, #4353 ) ),
 .UNSPECIFIED., .F., .F., .F. ) 
 B_SPLINE_SURFACE_WITH_KNOTS ( ( 4, 4 ),
 ( 4, 4 ),
 ( 0.0000000000000000000, 1.000000000000000000 ),
 ( 0.0000000000000000000, 1.000000000000000000 ),
 .UNSPECIFIED. ) 
 GEOMETRIC_REPRESENTATION_ITEM ( )  RATIONAL_B_SPLINE_SURFACE ( (
 ( 1.000000000000000000, 0.8047378541243649375, 0.8047378541243649375, 1.000000000000000000),
 ( 0.3333333333333339810, 0.2682459513747888491, 0.2682459513747888491, 0.3333333333333339810),
 ( 0.3333333333333339810, 0.2682459513747888491, 0.2682459513747888491, 0.3333333333333339810),
 ( 1.000000000000000000, 0.8047378541243649375, 0.8047378541243649375, 1.000000000000000000) ) ) 
 REPRESENTATION_ITEM ( '' )  SURFACE ( )  );
#866 = DIRECTION ( 'NONE',  ( -0.9981436478469265516, 0.06090368020760861950, 0.0000000000000000000 ) ) ;
#867 = ORIENTED_EDGE ( 'NONE', *, *, #735, .T. ) ;
#868 = CYLINDRICAL_SURFACE ( 'NONE', #2183, 0.006249999999999998612 ) ;
#869 = LINE ( 'NONE', #806, #364 ) ;
#870 = CARTESIAN_POINT ( 'NONE',  ( 0.06585957162211410199, 0.04062676086936067854, -0.06526155928471367995 ) ) ;
#871 = CARTESIAN_POINT ( 'NONE',  ( 0.03204304479806251854, 0.06750000000000001832, -0.02685009914286900709 ) ) ;
#872 = ORIENTED_EDGE ( 'NONE', *, *, #2968, .T. ) ;
#873 = CIRCLE ( 'NONE', #4317, 0.006250000000000000347 ) ;
#874 = CARTESIAN_POINT ( 'NONE',  ( 0.06249614759678902287, 0.006999693801638328175, -0.02699999999999999623 ) ) ;
#875 = AXIS2_PLACEMENT_3D ( 'NONE', #4025, #3362, #1688 ) ;
#876 = CARTESIAN_POINT ( 'NONE',  ( 0.05078064800129761247, 0.006238397799043286958, -0.05665506858075828461 ) ) ;
#877 = CARTESIAN_POINT ( 'NONE',  ( 0.01308144259710580792, 0.06750000000000001832, -0.02723074714416660880 ) ) ;
#878 = DIRECTION ( 'NONE',  ( 0.06090368020760042467, -0.9981436478469269957, 0.0000000000000000000 ) ) ;
#879 = CIRCLE ( 'NONE', #2173, 0.006250000000000000347 ) ;
#880 = AXIS2_PLACEMENT_3D ( 'NONE', #822, #795, #430 ) ;
#881 = ORIENTED_EDGE ( 'NONE', *, *, #2992, .F. ) ;
#882 = DIRECTION ( 'NONE',  ( -0.06090368020759995282, 0.9981436478469272178, 0.0000000000000000000 ) ) ;
#883 = ORIENTED_EDGE ( 'NONE', *, *, #3259, .T. ) ;
#884 = LINE ( 'NONE', #3302, #1608 ) ;
#885 = CYLINDRICAL_SURFACE ( 'NONE', #769, 0.006250000000000000347 ) ;
#886 = CARTESIAN_POINT ( 'NONE',  ( 0.01906380610960396044, 0.07373844071528636024, -0.02682695915509865359 ) ) ;
#887 = CIRCLE ( 'NONE', #2617, 0.006250000000000002082 ) ;
#888 = ORIENTED_EDGE ( 'NONE', *, *, #4341, .T. ) ;
#889 = AXIS2_PLACEMENT_3D ( 'NONE', #2650, #1258, #2002 ) ;
#890 = CARTESIAN_POINT ( 'NONE',  ( 0.04260715442124891200, 0.07297855271865051618, -0.06481704146008147871 ) ) ;
#891 = ORIENTED_EDGE ( 'NONE', *, *, #1419, .T. ) ;
#892 = DIRECTION ( 'NONE',  ( 2.439149994343090680E-16, -1.905585933080539594E-18, 1.000000000000000000 ) ) ;
#893 = CARTESIAN_POINT ( 'NONE',  ( 0.003881269267301546040, 0.04026925285583352054, 7.654042494670962745E-19 ) ) ;
#894 = CIRCLE ( 'NONE', #3402, 0.006250000000000009888 ) ;
#895 = VERTEX_POINT ( 'NONE', #2169 ) ;
#896 = CARTESIAN_POINT ( 'NONE',  ( 0.02558064800129759495, 0.006238397799043286958, -0.05665506858075828461 ) ) ;
#897 = ORIENTED_EDGE ( 'NONE', *, *, #619, .T. ) ;
#898 = CARTESIAN_POINT ( 'NONE',  ( -0.007814116449153531499, 0.06202144728134957596, -0.05596372510835759262 ) ) ;
#899 = EDGE_CURVE ( 'NONE', #121, #2441, #2604, .T. ) ;
#900 = DIRECTION ( 'NONE',  ( -0.06090368020761467716, -1.399488164244289123E-15, -0.9981436478469262186 ) ) ;
#901 = CARTESIAN_POINT ( 'NONE',  ( 0.06984304479806252575, 0.06750000000000000444, -0.02685009914286900015 ) ) ;
#902 = EDGE_CURVE ( 'NONE', #3514, #1129, #2743, .T. ) ;
#903 = CARTESIAN_POINT ( 'NONE',  ( 0.02519999999999992038, 1.493979371535143794E-17, -0.02699999999999998582 ) ) ;
#904 = CIRCLE ( 'NONE', #3698, 0.006249999999999996010 ) ;
#905 = CARTESIAN_POINT ( 'NONE',  ( 0.01906380610960396391, 0.07373844071528634636, -0.02682695915509867093 ) ) ;
#906 = EDGE_CURVE ( 'NONE', #1821, #4190, #3600, .T. ) ;
#907 = PLANE ( 'NONE',  #809 ) ;
#908 = CIRCLE ( 'NONE', #765, 0.006250000000000004684 ) ;
#909 = DIRECTION ( 'NONE',  ( 0.06090368020760807827, 0.9981436478469265516, 0.0000000000000000000 ) ) ;
#910 = ADVANCED_FACE ( 'NONE', ( #3849 ), #774, .F. ) ;
#911 = DIRECTION ( 'NONE',  ( -0.06090368020760787010, -0.9981436478469266627, 1.836970198721029688E-16 ) ) ;
#912 = CARTESIAN_POINT ( 'NONE',  ( 0.07274042837788620430, 0.04062676086936067854, -0.006238440715286333246 ) ) ;
#913 = CIRCLE ( 'NONE', #4354, 0.006249999999999996010 ) ;
#914 = ORIENTED_EDGE ( 'NONE', *, *, #284, .T. ) ;
#915 = CARTESIAN_POINT ( 'NONE',  ( 0.02355560063439472024, 0.02694987849186704018, 0.006249999999999975193 ) ) ;
#916 = VERTEX_POINT ( 'NONE', #859 ) ;
#917 = CARTESIAN_POINT ( 'NONE',  ( 0.01738588355084644613, 0.06202144728134954821, -0.05596372510835757874 ) ) ;
#918 = DIRECTION ( 'NONE',  ( 0.9962975955892297009, 0.06079103973086141810, -0.06079103973087533058 ) ) ;
#919 = CARTESIAN_POINT ( 'NONE',  ( 0.05065744359938417068, 0.005477101796448169413, -0.04450000000000001177 ) ) ;
#920 = VERTEX_POINT ( 'NONE', #3621 ) ;
#921 = ORIENTED_EDGE ( 'NONE', *, *, #3755, .T. ) ;
#922 = CARTESIAN_POINT ( 'NONE',  ( 0.02672119496369204650, 0.02618858248927190269, -0.06525000000000000244 ) ) ;
#923 = DIRECTION ( 'NONE',  ( 0.9962975955892292568, -0.06079103973086836393, -0.06079103973087373464 ) ) ;
#924 = CARTESIAN_POINT ( 'NONE',  ( 0.05204439936560546764, 0.02694987849186701243, -0.07775000000000002742 ) ) ;
#925 = CARTESIAN_POINT ( 'NONE',  ( 0.04791966706634485235, 0.04064990085713098694, 0.0000000000000000000 ) ) ;
#926 = CARTESIAN_POINT ( 'NONE',  ( 0.03308279716464875009, 0.02656923049056946623, -0.07150000000000000799 ) ) ;
#927 = CARTESIAN_POINT ( 'NONE',  ( 0.01508033293365545861, 0.04064990085713102164, -0.07150000000000000799 ) ) ;
#928 = EDGE_CURVE ( 'NONE', #743, #2536, #1668, .T. ) ;
#929 = CARTESIAN_POINT ( 'NONE',  ( 0.02176986628565613646, 0.06081704146008135026, 0.005478552718650398119 ) ) ;
#930 = CYLINDRICAL_SURFACE ( 'NONE', #3847, 0.006249999999999998612 ) ;
#931 = DIRECTION ( 'NONE',  ( -1.000000000000000000, 0.0000000000000000000, 6.829619984160657060E-16 ) ) ;
#932 = EDGE_CURVE ( 'NONE', #3971, #190, #511, .T. ) ;
#933 = VERTEX_POINT ( 'NONE', #3235 ) ;
#934 = DIRECTION ( 'NONE',  ( -0.06090368020761618290, -0.0000000000000000000, -0.9981436478469261075 ) ) ;
#935 = VERTEX_POINT ( 'NONE', #1177 ) ;
#936 = LINE ( 'NONE', #4039, #1114 ) ;
#937 = CARTESIAN_POINT ( 'NONE',  ( 0.03615560063439472727, 0.02694987849186704018, 0.006249999999999983867 ) ) ;
#938 = CARTESIAN_POINT ( 'NONE',  ( 0.0003806480012975966111, 0.006238397799043284356, -0.04449999999999999789 ) ) ;
#939 =( CONVERSION_BASED_UNIT ( 'INCH', #238 ) LENGTH_UNIT ( ) NAMED_UNIT ( #2404 ) );
#940 = ORIENTED_EDGE ( 'NONE', *, *, #4197, .F. ) ;
#941 = CARTESIAN_POINT ( 'NONE',  ( 0.06261935199870241608, 0.006238397799043306040, -0.01484493141924171644 ) ) ;
#942 = CARTESIAN_POINT ( 'NONE',  ( 0.03166380610960396746, 0.07373844071528636024, -0.02682695915509866053 ) ) ;
#943 = CIRCLE ( 'NONE', #1086, 0.006250000000000002082 ) ;
#944 = CARTESIAN_POINT ( 'NONE',  ( 0.05428126926730154900, 0.04026925285583352054, -7.771620730733726957E-18 ) ) ;
#945 = FACE_OUTER_BOUND ( 'NONE', #634, .T. ) ;
#946 = CIRCLE ( 'NONE', #3666, 0.006250000000000000347 ) ;
#947 = AXIS2_PLACEMENT_3D ( 'NONE', #2672, #4048, #2801 ) ;
#948 = DIRECTION ( 'NONE',  ( 0.9981436478469261075, 0.0000000000000000000, -0.06090368020761550288 ) ) ;
#949 = CARTESIAN_POINT ( 'NONE',  ( 0.04464304479806251863, 0.06750000000000001832, -0.02685009914286900015 ) ) ;
#950 = AXIS2_PLACEMENT_3D ( 'NONE', #3878, #1228, #832 ) ;
#951 = AXIS2_PLACEMENT_3D ( 'NONE', #2816, #2174, #1117 ) ;
#952 = EDGE_CURVE ( 'NONE', #1764, #3651, #1560, .T. ) ;
#953 = ORIENTED_EDGE ( 'NONE', *, *, #3756, .F. ) ;
#954 = EDGE_CURVE ( 'NONE', #1003, #397, #294, .T. ) ;
#955 = CIRCLE ( 'NONE', #3246, 0.006250000000000001214 ) ;
#956 = ORIENTED_EDGE ( 'NONE', *, *, #766, .F. ) ;
#957 = CARTESIAN_POINT ( 'NONE',  ( 0.08845744359938403911, -0.005477101796448280435, -0.02699999999999999623 ) ) ;
#958 = VERTEX_POINT ( 'NONE', #3281 ) ;
#959 = CIRCLE ( 'NONE', #3041, 0.02074999999999999414 ) ;
#960 = FACE_OUTER_BOUND ( 'NONE', #4219, .T. ) ;
#961 = DIRECTION ( 'NONE',  ( -0.06090368020759987649, 0.9981436478469272178, 0.0000000000000000000 ) ) ;
#962 = CARTESIAN_POINT ( 'NONE',  ( 0.02791329156697944930, 0.03986687287272482061, -0.06602144728134960727 ) ) ;
#963 =( BOUNDED_SURFACE ( )  B_SPLINE_SURFACE ( 3, 3, ( 
 ( #3537, #2130, #728, #1767 ),
 ( #3198, #1118, #456, #1092 ),
 ( #1497, #778, #2863, #1791 ),
 ( #4237, #1159, #2533, #3138 ) ),
 .UNSPECIFIED., .F., .F., .F. ) 
 B_SPLINE_SURFACE_WITH_KNOTS ( ( 4, 4 ),
 ( 4, 4 ),
 ( 0.0000000000000000000, 1.000000000000000000 ),
 ( 0.0000000000000000000, 1.000000000000000000 ),
 .UNSPECIFIED. ) 
 GEOMETRIC_REPRESENTATION_ITEM ( )  RATIONAL_B_SPLINE_SURFACE ( (
 ( 1.000000000000000000, 0.8047378541243651595, 0.8047378541243651595, 1.000000000000000000),
 ( 0.3333333333333327597, 0.2682459513747879054, 0.2682459513747879054, 0.3333333333333327597),
 ( 0.3333333333333327597, 0.2682459513747879054, 0.2682459513747879054, 0.3333333333333327597),
 ( 1.000000000000000000, 0.8047378541243651595, 0.8047378541243651595, 1.000000000000000000) ) ) 
 REPRESENTATION_ITEM ( '' )  SURFACE ( )  );
#964 = ADVANCED_FACE ( 'NONE', ( #3938 ), #2397, .T. ) ;
#965 = CIRCLE ( 'NONE', #4127, 0.006249999999999993408 ) ;
#966 = FILL_AREA_STYLE ('',( #1684 ) ) ;
#967 = ORIENTED_EDGE ( 'NONE', *, *, #564, .F. ) ;
#968 = DIRECTION ( 'NONE',  ( 0.9962975955892297009, 0.06079103973086141810, -0.06079103973087533058 ) ) ;
#969 = DIRECTION ( 'NONE',  ( 0.06090368020760839052, 0.9981436478469265516, 0.0000000000000000000 ) ) ;
#970 = DIRECTION ( 'NONE',  ( -0.06090368020760231899, 0.9981436478469271067, -1.070324384677690174E-15 ) ) ;
#971 = CARTESIAN_POINT ( 'NONE',  ( 0.06299999999999993106, 6.936332796413168713E-18, -0.02699999999999997888 ) ) ;
#972 = ORIENTED_EDGE ( 'NONE', *, *, #1264, .F. ) ;
#973 = DIRECTION ( 'NONE',  ( 1.000000000000000000, 0.0000000000000000000, -0.0000000000000000000 ) ) ;
#974 = DIRECTION ( 'NONE',  ( -0.06090368020761458001, 1.526556658859590243E-16, -0.9981436478469262186 ) ) ;
#975 = ORIENTED_EDGE ( 'NONE', *, *, #3727, .T. ) ;
#976 = STYLED_ITEM ( 'NONE', ( #1332 ), #1775 ) ;
#977 = ORIENTED_EDGE ( 'NONE', *, *, #2768, .F. ) ;
#978 = CARTESIAN_POINT ( 'NONE',  ( 0.07499535300098122970, 0.06750000000000000444, -0.04503054885842864424 ) ) ;
#979 = VERTEX_POINT ( 'NONE', #1216 ) ;
#980 = AXIS2_PLACEMENT_3D ( 'NONE', #2632, #2505, #2921 ) ;
#981 = DIRECTION ( 'NONE',  ( 0.0000000000000000000, -1.000000000000000000, 0.0000000000000000000 ) ) ;
#982 = DIRECTION ( 'NONE',  ( 0.9981436478469271067, 0.06090368020760045936, 0.0000000000000000000 ) ) ;
#983 = CIRCLE ( 'NONE', #4284, 0.006249999999999998612 ) ;
#984 = ORIENTED_EDGE ( 'NONE', *, *, #1007, .T. ) ;
#985 = EDGE_CURVE ( 'NONE', #4240, #3726, #3386, .T. ) ;
#986 = EDGE_CURVE ( 'NONE', #343, #612, #1538, .T. ) ;
#987 = CARTESIAN_POINT ( 'NONE',  ( 0.06254184591747839750, 0.007508636352437204377, 0.006249999999999985602 ) ) ;
#988 =( BOUNDED_SURFACE ( )  B_SPLINE_SURFACE ( 3, 3, ( 
 ( #1999, #2689, #1475, #131 ),
 ( #1447, #433, #1519, #4151 ),
 ( #4218, #2199, #1070, #2843 ),
 ( #2108, #3833, #2177, #1427 ) ),
 .UNSPECIFIED., .F., .F., .F. ) 
 B_SPLINE_SURFACE_WITH_KNOTS ( ( 4, 4 ),
 ( 4, 4 ),
 ( 0.0000000000000000000, 1.000000000000000000 ),
 ( 0.0000000000000000000, 1.000000000000000000 ),
 .UNSPECIFIED. ) 
 GEOMETRIC_REPRESENTATION_ITEM ( )  RATIONAL_B_SPLINE_SURFACE ( (
 ( 1.000000000000000000, 0.8047378541243649375, 0.8047378541243649375, 1.000000000000000000),
 ( 0.3333333333333332038, 0.2682459513747881830, 0.2682459513747881830, 0.3333333333333332038),
 ( 0.3333333333333332038, 0.2682459513747881830, 0.2682459513747881830, 0.3333333333333332038),
 ( 1.000000000000000000, 0.8047378541243649375, 0.8047378541243649375, 1.000000000000000000) ) ) 
 REPRESENTATION_ITEM ( '' )  SURFACE ( )  );
#989 = FACE_OUTER_BOUND ( 'NONE', #791, .T. ) ;
#990 = CARTESIAN_POINT ( 'NONE',  ( 0.05090385240321107507, 0.006999693801638354196, -0.04450000000000000483 ) ) ;
#991 = CARTESIAN_POINT ( 'NONE',  ( 0.02519999999999992385, 1.707404996040164512E-17, -0.02699999999999999276 ) ) ;
#992 = ORIENTED_EDGE ( 'NONE', *, *, #2523, .T. ) ;
#993 = DIRECTION ( 'NONE',  ( 0.06067819015337719973, 0.9981505144458123757, -0.003702398043258136196 ) ) ;
#994 = CARTESIAN_POINT ( 'NONE',  ( 0.06780715442124893300, 0.07297855271865046067, -0.06481704146008150647 ) ) ;
#995 = CYLINDRICAL_SURFACE ( 'NONE', #3136, 0.006250000000000002949 ) ;
#996 = UNCERTAINTY_MEASURE_WITH_UNIT (LENGTH_MEASURE( 1.000000000000000082E-05 ), #2038, 'distance_accuracy_value', 'NONE');
#997 = ORIENTED_EDGE ( 'NONE', *, *, #1226, .T. ) ;
#998 = ORIENTED_EDGE ( 'NONE', *, *, #1675, .F. ) ;
#999 = LINE ( 'NONE', #978, #1306 ) ;
#1000 = ORIENTED_EDGE ( 'NONE', *, *, #1419, .F. ) ;
#1001 = DIRECTION ( 'NONE',  ( 0.06067819015338433986, 0.003702398043258134028, 0.9981505144458120427 ) ) ;
#1002 = DIRECTION ( 'NONE',  ( 0.06067819015337855976, 0.9981505144458122647, -0.003702398043256769668 ) ) ;
#1003 = VERTEX_POINT ( 'NONE', #1968 ) ;
#1004 = ORIENTED_EDGE ( 'NONE', *, *, #399, .T. ) ;
#1005 = CARTESIAN_POINT ( 'NONE',  ( 0.03204304479806251854, 0.06750000000000001832, -0.02685009914286900709 ) ) ;
#1006 = CARTESIAN_POINT ( 'NONE',  ( 0.04411752605446934289, 0.07449832871192212103, -0.02758684715173460519 ) ) ;
#1007 = EDGE_CURVE ( 'NONE', #391, #1074, #4183, .T. ) ;
#1008 = CARTESIAN_POINT ( 'NONE',  ( 0.06299999999999993106, 0.006250000000000008153, -0.02699999999999997888 ) ) ;
#1009 = FACE_OUTER_BOUND ( 'NONE', #3978, .T. ) ;
#1010 = ADVANCED_FACE ( 'NONE', ( #3988 ), #907, .F. ) ;
#1011 = ORIENTED_EDGE ( 'NONE', *, *, #4063, .F. ) ;
#1012 =( BOUNDED_SURFACE ( )  B_SPLINE_SURFACE ( 3, 3, ( 
 ( #870, #2248, #188, #2516 ),
 ( #2186, #463, #833, #3610 ),
 ( #4243, #1850, #3547, #2226 ),
 ( #529, #1868, #3207, #1914 ) ),
 .UNSPECIFIED., .F., .F., .F. ) 
 B_SPLINE_SURFACE_WITH_KNOTS ( ( 4, 4 ),
 ( 4, 4 ),
 ( 0.0000000000000000000, 1.000000000000000000 ),
 ( 0.0000000000000000000, 1.000000000000000000 ),
 .UNSPECIFIED. ) 
 GEOMETRIC_REPRESENTATION_ITEM ( )  RATIONAL_B_SPLINE_SURFACE ( (
 ( 1.000000000000000000, 0.8056113254483424635, 0.8056113254483424635, 1.000000000000000000),
 ( 0.3333333333333333703, 0.2685371084827808397, 0.2685371084827808397, 0.3333333333333333703),
 ( 0.3333333333333333703, 0.2685371084827808397, 0.2685371084827808397, 0.3333333333333333703),
 ( 1.000000000000000000, 0.8056113254483424635, 0.8056113254483424635, 1.000000000000000000) ) ) 
 REPRESENTATION_ITEM ( '' )  SURFACE ( )  );
#1013 = CIRCLE ( 'NONE', #4242, 0.006249999999999996010 ) ;
#1014 = SURFACE_SIDE_STYLE ('',( #4096 ) ) ;
#1015 = DIRECTION ( 'NONE',  ( -0.06090368020760787010, -0.9981436478469266627, 1.836970198721029688E-16 ) ) ;
#1016 = CIRCLE ( 'NONE', #1880, 0.006249999999999993408 ) ;
#1017 = VECTOR ( 'NONE', #4239, 39.37007874015748143 ) ;
#1018 = CARTESIAN_POINT ( 'NONE',  ( 0.05999414832275160731, 0.04138664886599639769, -0.006998328711922317813 ) ) ;
#1019 = EDGE_LOOP ( 'NONE', ( #4425, #4395, #1352, #627, #1773, #1910 ) ) ;
#1020 = AXIS2_PLACEMENT_3D ( 'NONE', #2869, #2666, #4334 ) ;
#1021 = AXIS2_PLACEMENT_3D ( 'NONE', #3224, #1913, #4289 ) ;
#1022 = FILL_AREA_STYLE_COLOUR ( '', #2839 ) ;
#1023 = ORIENTED_EDGE ( 'NONE', *, *, #1203, .T. ) ;
#1024 = CARTESIAN_POINT ( 'NONE',  ( 0.03719535300098121555, 0.06750000000000001832, -0.04503054885842861649 ) ) ;
#1025 = DIRECTION ( 'NONE',  ( -0.06090368020760787010, -0.9981436478469266627, 1.836970198721029688E-16 ) ) ;
#1026 = DIRECTION ( 'NONE',  ( -0.06090368020761618290, -0.0000000000000000000, -0.9981436478469261075 ) ) ;
#1027 = CIRCLE ( 'NONE', #3036, 0.006250000000000002082 ) ;
#1028 = ORIENTED_EDGE ( 'NONE', *, *, #2732, .F. ) ;
#1029 = CIRCLE ( 'NONE', #515, 0.006250000000000001214 ) ;
#1030 = CARTESIAN_POINT ( 'NONE',  ( 0.02998588355084645315, 0.06202144728134954821, -0.05596372510835757180 ) ) ;
#1031 = ORIENTED_EDGE ( 'NONE', *, *, #3396, .T. ) ;
#1032 = CARTESIAN_POINT ( 'NONE',  ( 0.001644399365605460350, 0.02694987849186701243, -0.07150000000000002187 ) ) ;
#1033 = CARTESIAN_POINT ( 'NONE',  ( 0.05840600156656217123, 0.02733052649316457250, -0.07150000000000000799 ) ) ;
#1034 = DIRECTION ( 'NONE',  ( 0.9962975955892297009, 0.06079103973086141810, -0.06079103973087533058 ) ) ;
#1035 = AXIS2_PLACEMENT_3D ( 'NONE', #225, #1270, #3991 ) ;
#1036 = DIRECTION ( 'NONE',  ( 0.06067819015337642952, 0.9981505144458124867, -0.003702398043258130992 ) ) ;
#1037 = EDGE_CURVE ( 'NONE', #3760, #849, #1804, .T. ) ;
#1038 = ORIENTED_EDGE ( 'NONE', *, *, #1150, .T. ) ;
#1039 = DIRECTION ( 'NONE',  ( -0.06090368020761468409, 0.0000000000000000000, -0.9981436478469262186 ) ) ;
#1040 = EDGE_CURVE ( 'NONE', #128, #2573, #2102, .T. ) ;
#1041 = CYLINDRICAL_SURFACE ( 'NONE', #3736, 0.006250000000000001214 ) ;
#1042 = DIRECTION ( 'NONE',  ( 0.06090368020761641882, 0.0000000000000000000, 0.9981436478469261075 ) ) ;
#1043 = EDGE_CURVE ( 'NONE', #4429, #3295, #673, .T. ) ;
#1044 = CARTESIAN_POINT ( 'NONE',  ( 0.05762228348652106980, 0.06126155928471369722, -0.02687323913063937100 ) ) ;
#1045 = VERTEX_POINT ( 'NONE', #629 ) ;
#1046 = SURFACE_STYLE_FILL_AREA ( #4389 ) ;
#1047 = VERTEX_POINT ( 'NONE', #1733 ) ;
#1048 = CARTESIAN_POINT ( 'NONE',  ( 0.01234255640061586272, 0.005477101796448298650, -0.02699999999999999969 ) ) ;
#1049 = DIRECTION ( 'NONE',  ( -0.06090368020760231899, 0.9981436478469271067, -1.068589661201713367E-15 ) ) ;
#1050 = CYLINDRICAL_SURFACE ( 'NONE', #593, 0.006249999999999998612 ) ;
#1051 = VECTOR ( 'NONE', #432, 39.37007874015747433 ) ;
#1052 = ORIENTED_EDGE ( 'NONE', *, *, #899, .T. ) ;
#1053 = ORIENTED_EDGE ( 'NONE', *, *, #2065, .T. ) ;
#1054 = DIRECTION ( 'NONE',  ( 0.0000000000000000000, 0.0000000000000000000, -1.000000000000000000 ) ) ;
#1055 = DIRECTION ( 'NONE',  ( 0.9981436478469271067, 0.06090368020759969608, 0.0000000000000000000 ) ) ;
#1056 = CARTESIAN_POINT ( 'NONE',  ( 0.06452119496369208840, 0.02618858248927190963, -0.06525000000000000244 ) ) ;
#1057 = AXIS2_PLACEMENT_3D ( 'NONE', #1321, #2671, #2023 ) ;
#1058 = CARTESIAN_POINT ( 'NONE',  ( 0.009002315360118849988, 0.05272361310499350945, -0.006238440715286320236 ) ) ;
#1059 = ORIENTED_EDGE ( 'NONE', *, *, #3231, .F. ) ;
#1060 = CARTESIAN_POINT ( 'NONE',  ( 0.07311966706634485946, 0.04064990085713100776, -2.561107494060246767E-17 ) ) ;
#1061 = DIRECTION ( 'NONE',  ( -0.06090368020760870277, -0.9981436478469265516, -0.0000000000000000000 ) ) ;
#1062 = DIRECTION ( 'NONE',  ( 0.06090368020761618290, 0.0000000000000000000, 0.9981436478469261075 ) ) ;
#1063 = DIRECTION ( 'NONE',  ( 0.9981436478469271067, 0.06090368020759973078, 0.0000000000000000000 ) ) ;
#1064 = EDGE_LOOP ( 'NONE', ( #2886, #115, #3264, #2353, #1500, #3251 ) ) ;
#1065 = DIRECTION ( 'NONE',  ( 0.9981436478469271067, 0.06090368020759973078, 8.881784197001254296E-16 ) ) ;
#1066 = ADVANCED_FACE ( 'NONE', ( #4028 ), #3765, .T. ) ;
#1067 = EDGE_LOOP ( 'NONE', ( #998, #4233, #502, #3519, #58, #3613 ) ) ;
#1068 = DIRECTION ( 'NONE',  ( -7.458549702253128292E-18, 1.222373423425002231E-16, 1.000000000000000000 ) ) ;
#1069 = CARTESIAN_POINT ( 'NONE',  ( 0.01921008616473860592, 0.07297855271865057170, -0.02606707115846271586 ) ) ;
#1070 = CARTESIAN_POINT ( 'NONE',  ( 0.03813494968060821694, 0.006747340349842087699, -0.07774999999999998579 ) ) ;
#1071 = EDGE_CURVE ( 'NONE', #3573, #3082, #3373, .T. ) ;
#1072 = ORIENTED_EDGE ( 'NONE', *, *, #706, .T. ) ;
#1073 = CARTESIAN_POINT ( 'NONE',  ( 0.02481935199870241582, 0.006238397799043316448, -0.01484493141924173726 ) ) ;
#1074 = VERTEX_POINT ( 'NONE', #1713 ) ;
#1075 = FACE_OUTER_BOUND ( 'NONE', #1530, .T. ) ;
#1076 =( LENGTH_UNIT ( ) NAMED_UNIT ( * ) SI_UNIT ( $, .METRE. ) );
#1077 = CARTESIAN_POINT ( 'NONE',  ( 0.06325744359938420547, 0.005477101796448198903, -0.04450000000000000483 ) ) ;
#1078 = DIRECTION ( 'NONE',  ( -0.06090368020761612738, 0.0000000000000000000, -0.9981436478469259965 ) ) ;
#1079 =( BOUNDED_SURFACE ( )  B_SPLINE_SURFACE ( 3, 3, ( 
 ( #3670, #1928, #592, #1220 ),
 ( #4322, #158, #3267, #568 ),
 ( #1611, #1586, #1972, #3576 ),
 ( #3331, #1247, #179, #912 ) ),
 .UNSPECIFIED., .F., .F., .F. ) 
 B_SPLINE_SURFACE_WITH_KNOTS ( ( 4, 4 ),
 ( 4, 4 ),
 ( 0.0000000000000000000, 1.000000000000000000 ),
 ( 0.0000000000000000000, 1.000000000000000000 ),
 .UNSPECIFIED. ) 
 GEOMETRIC_REPRESENTATION_ITEM ( )  RATIONAL_B_SPLINE_SURFACE ( (
 ( 1.000000000000000000, 0.8056113254483424635, 0.8056113254483424635, 1.000000000000000000),
 ( 0.3333333333333348691, 0.2685371084827820609, 0.2685371084827820609, 0.3333333333333348691),
 ( 0.3333333333333348691, 0.2685371084827820609, 0.2685371084827820609, 0.3333333333333348691),
 ( 1.000000000000000000, 0.8056113254483424635, 0.8056113254483424635, 1.000000000000000000) ) ) 
 REPRESENTATION_ITEM ( '' )  SURFACE ( )  );
#1080 = ORIENTED_EDGE ( 'NONE', *, *, #932, .T. ) ;
#1081 = CYLINDRICAL_SURFACE ( 'NONE', #4399, 0.006249999999999998612 ) ;
#1082 =( CONVERSION_BASED_UNIT ( 'INCH', #1757 ) LENGTH_UNIT ( ) NAMED_UNIT ( #1799 ) );
#1083 = CARTESIAN_POINT ( 'NONE',  ( 0.07559999999999991727, 2.561107494060246767E-17, -0.02700000000000000663 ) ) ;
#1084 = DIRECTION ( 'NONE',  ( -0.06090368020761609269, 0.0000000000000000000, -0.9981436478469262186 ) ) ;
#1085 = ORIENTED_EDGE ( 'NONE', *, *, #1502, .F. ) ;
#1086 = AXIS2_PLACEMENT_3D ( 'NONE', #1632, #2995, #4364 ) ;
#1087 = ORIENTED_EDGE ( 'NONE', *, *, #3201, .F. ) ;
#1088 = AXIS2_PLACEMENT_3D ( 'NONE', #1459, #3860, #4205 ) ;
#1089 = DIRECTION ( 'NONE',  ( 0.06090368020761594003, 0.0000000000000000000, 0.9981436478469261075 ) ) ;
#1090 = EDGE_CURVE ( 'NONE', #2087, #2746, #2655, .T. ) ;
#1091 = ORIENTED_EDGE ( 'NONE', *, *, #952, .F. ) ;
#1092 = CARTESIAN_POINT ( 'NONE',  ( 0.04989614759678902278, 0.006999693801638328175, -0.02699999999999998235 ) ) ;
#1093 = EDGE_CURVE ( 'NONE', #2016, #621, #1013, .T. ) ;
#1094 = PRESENTATION_LAYER_ASSIGNMENT (  '', '', ( #362 ) ) ;
#1095 = CIRCLE ( 'NONE', #3171, 0.006250000000000005551 ) ;
#1096 = ORIENTED_EDGE ( 'NONE', *, *, #2390, .F. ) ;
#1097 = CARTESIAN_POINT ( 'NONE',  ( 0.006136193890396529800, 0.07373844071528634636, -0.04467304084490139604 ) ) ;
#1098 = ORIENTED_EDGE ( 'NONE', *, *, #2172, .T. ) ;
#1099 = VECTOR ( 'NONE', #4325, 39.37007874015748143 ) ;
#1100 = DIRECTION ( 'NONE',  ( -0.06090368020760787010, -0.9981436478469266627, 1.836970198721029688E-16 ) ) ;
#1101 = DIRECTION ( 'NONE',  ( 0.0000000000000000000, 1.905585933080539594E-18, -1.000000000000000000 ) ) ;
#1102 = ADVANCED_FACE ( 'NONE', ( #1652 ), #2503, .T. ) ;
#1103 = CARTESIAN_POINT ( 'NONE',  ( 0.05204439936560547458, 0.02694987849186700896, -0.06525000000000000244 ) ) ;
#1104 = FACE_OUTER_BOUND ( 'NONE', #2569, .T. ) ;
#1105 = CIRCLE ( 'NONE', #372, 0.006249999999999998612 ) ;
#1106 = ORIENTED_EDGE ( 'NONE', *, *, #820, .F. ) ;
#1107 = DIRECTION ( 'NONE',  ( -0.06090368020760229123, 0.9981436478469271067, -6.192962809237202313E-16 ) ) ;
#1108 = AXIS2_PLACEMENT_3D ( 'NONE', #846, #1567, #2556 ) ;
#1109 = FACE_OUTER_BOUND ( 'NONE', #2125, .T. ) ;
#1110 =( BOUNDED_SURFACE ( )  B_SPLINE_SURFACE ( 3, 3, ( 
 ( #46, #92, #1842, #3158 ),
 ( #112, #1817, #476, #388 ),
 ( #2446, #3179, #65, #798 ),
 ( #3805, #2510, #2466, #826 ) ),
 .UNSPECIFIED., .F., .F., .F. ) 
 B_SPLINE_SURFACE_WITH_KNOTS ( ( 4, 4 ),
 ( 4, 4 ),
 ( 0.0000000000000000000, 1.000000000000000000 ),
 ( 0.0000000000000000000, 1.000000000000000000 ),
 .UNSPECIFIED. ) 
 GEOMETRIC_REPRESENTATION_ITEM ( )  RATIONAL_B_SPLINE_SURFACE ( (
 ( 1.000000000000000000, 0.8047378541243649375, 0.8047378541243649375, 1.000000000000000000),
 ( 0.3333333333333333703, 0.2682459513747883495, 0.2682459513747883495, 0.3333333333333333703),
 ( 0.3333333333333333703, 0.2682459513747883495, 0.2682459513747883495, 0.3333333333333333703),
 ( 1.000000000000000000, 0.8047378541243649375, 0.8047378541243649375, 1.000000000000000000) ) ) 
 REPRESENTATION_ITEM ( '' )  SURFACE ( )  );
#1111 = AXIS2_PLACEMENT_3D ( 'NONE', #1724, #2114, #760 ) ;
#1112 = CARTESIAN_POINT ( 'NONE',  ( -0.006250000000000000347, 0.0000000000000000000, -0.03575000000000000400 ) ) ;
#1113 = ORIENTED_EDGE ( 'NONE', *, *, #2419, .T. ) ;
#1114 = VECTOR ( 'NONE', #1978, 39.37007874015748854 ) ;
#1115 = DIRECTION ( 'NONE',  ( -0.06090368020760231899, 0.9981436478469271067, -1.070324384677690174E-15 ) ) ;
#1116 = ORIENTED_EDGE ( 'NONE', *, *, #4094, .T. ) ;
#1117 = DIRECTION ( 'NONE',  ( 0.0000000000000000000, 0.0000000000000000000, -1.000000000000000000 ) ) ;
#1118 = CARTESIAN_POINT ( 'NONE',  ( 0.04937268464222527992, 0.01557867000143442308, -0.006250000000000038511 ) ) ;
#1119 = ORIENTED_EDGE ( 'NONE', *, *, #3338, .F. ) ;
#1120 = CARTESIAN_POINT ( 'NONE',  ( 0.03721864151556501799, 0.008269932355032221308, 0.006249999999999983867 ) ) ;
#1121 = EDGE_LOOP ( 'NONE', ( #3475, #4164, #2748, #2227, #1414, #2196 ) ) ;
#1122 = SURFACE_SIDE_STYLE ('',( #71 ) ) ;
#1123 = CARTESIAN_POINT ( 'NONE',  ( 0.08184999999999993670, 2.317509482249425404E-17, -0.02700000000000001357 ) ) ;
#1124 = CARTESIAN_POINT ( 'NONE',  ( 0.06325744359938421935, 0.005477101796448192832, -0.05665506858075828461 ) ) ;
#1125 = CARTESIAN_POINT ( 'NONE',  ( 0.007646565523616959820, 0.07373844071528637412, -0.007442846536554499973 ) ) ;
#1126 = VECTOR ( 'NONE', #2928, 39.37007874015748143 ) ;
#1127 = EDGE_CURVE ( 'NONE', #3066, #1133, #4382, .T. ) ;
#1128 = EDGE_CURVE ( 'NONE', #1722, #3855, #3232, .T. ) ;
#1129 = VERTEX_POINT ( 'NONE', #3867 ) ;
#1130 = DIRECTION ( 'NONE',  ( -0.06090368020761641882, -0.0000000000000000000, -0.9981436478469261075 ) ) ;
#1131 = CARTESIAN_POINT ( 'NONE',  ( 0.01835695520193792937, 0.06750000000000001832, -0.04464990085713105294 ) ) ;
#1132 = DIRECTION ( 'NONE',  ( -0.06090368020761594003, -0.0000000000000000000, -0.9981436478469261075 ) ) ;
#1133 = VERTEX_POINT ( 'NONE', #2482 ) ;
#1134 = CARTESIAN_POINT ( 'NONE',  ( 0.07349890575480352850, 0.04067304084490139249, 0.006238440715286315899 ) ) ;
#1135 = ORIENTED_EDGE ( 'NONE', *, *, #600, .F. ) ;
#1136 = DIRECTION ( 'NONE',  ( 0.9981436478469271067, 0.06090368020760041773, 0.0000000000000000000 ) ) ;
#1137 = CARTESIAN_POINT ( 'NONE',  ( 0.06266505031939183235, 0.006747340349842229079, 0.006249999999999939632 ) ) ;
#1138 = FACE_OUTER_BOUND ( 'NONE', #2036, .T. ) ;
#1139 = ORIENTED_EDGE ( 'NONE', *, *, #284, .F. ) ;
#1140 = CARTESIAN_POINT ( 'NONE',  ( 0.06464439936560546773, 0.02694987849186700896, -0.07150000000000000799 ) ) ;
#1141 = VERTEX_POINT ( 'NONE', #3169 ) ;
#1142 = LINE ( 'NONE', #893, #1377 ) ;
#1143 = CARTESIAN_POINT ( 'NONE',  ( -0.004807154421248413002, 0.07297855271865059945, -0.006682958539918557039 ) ) ;
#1144 = EDGE_LOOP ( 'NONE', ( #3487, #1572, #4057, #984, #615, #2609 ) ) ;
#1145 = CARTESIAN_POINT ( 'NONE',  ( 0.004953434476383561554, 0.07373844071528634636, -0.06405715346344555139 ) ) ;
#1146 = ADVANCED_FACE ( 'NONE', ( #1109 ), #82, .T. ) ;
#1147 = CARTESIAN_POINT ( 'NONE',  ( 0.05250109424519683321, 0.04067304084490137861, -0.07773844071528633604 ) ) ;
#1148 = EDGE_CURVE ( 'NONE', #3811, #2812, #2593, .T. ) ;
#1149 = DIRECTION ( 'NONE',  ( 0.9981436478469271067, 0.06090368020760045936, 0.0000000000000000000 ) ) ;
#1150 = EDGE_CURVE ( 'NONE', #631, #3082, #1156, .T. ) ;
#1151 = ORIENTED_EDGE ( 'NONE', *, *, #363, .F. ) ;
#1152 = EDGE_CURVE ( 'NONE', #2287, #1176, #4315, .T. ) ;
#1153 = CARTESIAN_POINT ( 'NONE',  ( 0.02271966706634484176, 0.04064990085713104245, 0.0000000000000000000 ) ) ;
#1154 = ORIENTED_EDGE ( 'NONE', *, *, #1702, .T. ) ;
#1155 = DIRECTION ( 'NONE',  ( -0.9981436478469265516, 0.06090368020760861950, 0.0000000000000000000 ) ) ;
#1156 = CIRCLE ( 'NONE', #2375, 0.02075000000000000455 ) ;
#1157 = CARTESIAN_POINT ( 'NONE',  ( 0.02048279716464875000, 0.02656923049056945929, -0.07150000000000000799 ) ) ;
#1158 = AXIS2_PLACEMENT_3D ( 'NONE', #2676, #266, #332 ) ;
#1159 = CARTESIAN_POINT ( 'NONE',  ( 0.03734184591747841814, 0.007508636352437226061, 0.006249999999999994275 ) ) ;
#1160 = AXIS2_PLACEMENT_3D ( 'NONE', #124, #1509, #2898 ) ;
#1161 = AXIS2_PLACEMENT_3D ( 'NONE', #1323, #970, #4071 ) ;
#1162 = ORIENTED_EDGE ( 'NONE', *, *, #1040, .F. ) ;
#1163 = CARTESIAN_POINT ( 'NONE',  ( 0.06299999999999993106, 6.969680550242078297E-18, -0.04450000000000001177 ) ) ;
#1164 = ORIENTED_EDGE ( 'NONE', *, *, #2607, .T. ) ;
#1165 = CIRCLE ( 'NONE', #2531, 0.006249999999999996010 ) ;
#1166 = LINE ( 'NONE', #441, #1665 ) ;
#1167 = DIRECTION ( 'NONE',  ( -0.06090368020760787010, -0.9981436478469266627, 1.836970198721029688E-16 ) ) ;
#1168 = CIRCLE ( 'NONE', #1738, 0.006250000000000000347 ) ;
#1169 = ORIENTED_EDGE ( 'NONE', *, *, #1924, .F. ) ;
#1170 = CARTESIAN_POINT ( 'NONE',  ( 0.002101094245196822013, 0.04067304084490137861, -0.07773844071528634991 ) ) ;
#1171 = CARTESIAN_POINT ( 'NONE',  ( 0.05325957162211410190, 0.04062676086936067160, -0.06526155928471367995 ) ) ;
#1172 = AXIS2_PLACEMENT_3D ( 'NONE', #3051, #3406, #2043 ) ;
#1173 = DIRECTION ( 'NONE',  ( -0.9981436478469265516, 0.06090368020760861950, 0.0000000000000000000 ) ) ;
#1174 = ADVANCED_FACE ( 'NONE', ( #771 ), #4229, .T. ) ;
#1175 = EDGE_CURVE ( 'NONE', #4429, #2287, #285, .T. ) ;
#1176 = VERTEX_POINT ( 'NONE', #2835 ) ;
#1177 = CARTESIAN_POINT ( 'NONE',  ( 0.01884999999999992237, 2.485140651189983082E-19, -0.02699999999999998582 ) ) ;
#1178 = CIRCLE ( 'NONE', #1469, 0.03324999999999996708 ) ;
#1179 = ORIENTED_EDGE ( 'NONE', *, *, #1234, .F. ) ;
#1180 = EDGE_CURVE ( 'NONE', #19, #4432, #3517, .T. ) ;
#1181 = CARTESIAN_POINT ( 'NONE',  ( -0.001521194963691866993, 0.02618858248927202759, -0.006250000000000015959 ) ) ;
#1182 = DIRECTION ( 'NONE',  ( -7.458549702254098961E-18, -1.222373423425001738E-16, -1.000000000000000000 ) ) ;
#1183 = DIRECTION ( 'NONE',  ( 0.9981436478469261075, 0.0000000000000000000, -0.06090368020761682821 ) ) ;
#1184 = ORIENTED_EDGE ( 'NONE', *, *, #1345, .T. ) ;
#1185 = CARTESIAN_POINT ( 'NONE',  ( 0.03944439936560546756, 0.02694987849186700896, -0.07150000000000002187 ) ) ;
#1186 = ORIENTED_EDGE ( 'NONE', *, *, #287, .F. ) ;
#1187 = DIRECTION ( 'NONE',  ( -0.06090368020761594003, -0.0000000000000000000, -0.9981436478469261075 ) ) ;
#1188 = CARTESIAN_POINT ( 'NONE',  ( 0.05489332344057720053, 0.06050167128807781847, -0.05748350110162943338 ) ) ;
#1189 = DIRECTION ( 'NONE',  ( -0.06090368020761464246, 0.0000000000000000000, -0.9981436478469262186 ) ) ;
#1190 = ORIENTED_EDGE ( 'NONE', *, *, #2030, .T. ) ;
#1191 = FACE_OUTER_BOUND ( 'NONE', #4077, .T. ) ;
#1192 = CARTESIAN_POINT ( 'NONE',  ( 0.03754255640061584381, 0.005477101796448302987, -0.02699999999999999276 ) ) ;
#1193 = AXIS2_PLACEMENT_3D ( 'NONE', #1790, #1025, #1381 ) ;
#1194 = CARTESIAN_POINT ( 'NONE',  ( 0.03531966706634484532, 0.04064990085713102164, 0.0000000000000000000 ) ) ;
#1195 = AXIS2_PLACEMENT_3D ( 'NONE', #3417, #18, #1084 ) ;
#1196 = DIRECTION ( 'NONE',  ( 0.9962975955892292568, -0.06079103973086836393, -0.06079103973087373464 ) ) ;
#1197 = FILL_AREA_STYLE_COLOUR ( '', #1223 ) ;
#1198 = EDGE_LOOP ( 'NONE', ( #3204, #1038, #3123, #1319, #2155, #594 ) ) ;
#1199 = CARTESIAN_POINT ( 'NONE',  ( 0.02768033293365545350, 0.04064990085713102164, -0.07150000000000000799 ) ) ;
#1200 = DIRECTION ( 'NONE',  ( 0.9981436478469259965, 0.0000000000000000000, -0.06090368020761680740 ) ) ;
#1201 = DIRECTION ( 'NONE',  ( -0.06090368020760787010, -0.9981436478469266627, 1.836970198721029688E-16 ) ) ;
#1202 = EDGE_CURVE ( 'NONE', #2623, #2159, #2521, .T. ) ;
#1203 = EDGE_CURVE ( 'NONE', #2909, #3147, #3106, .T. ) ;
#1204 = ORIENTED_EDGE ( 'NONE', *, *, #2931, .F. ) ;
#1205 = CARTESIAN_POINT ( 'NONE',  ( -0.006250000000000000347, 0.0000000000000000000, 0.006250000000000001214 ) ) ;
#1206 = ORIENTED_EDGE ( 'NONE', *, *, #2058, .F. ) ;
#1207 = DIRECTION ( 'NONE',  ( 0.06090368020760011242, -0.9981436478469272178, -4.883536246244056482E-16 ) ) ;
#1208 = CARTESIAN_POINT ( 'NONE',  ( 0.0003806480012975972074, 0.006238397799043284356, -0.04450000000000000483 ) ) ;
#1209 = DIRECTION ( 'NONE',  ( 0.9962975955892292568, -0.06079103973086836393, -0.06079103973087373464 ) ) ;
#1210 = CARTESIAN_POINT ( 'NONE',  ( 0.06688126926730156296, 0.04026925285583352748, -2.484567069113536437E-17 ) ) ;
#1211 = VERTEX_POINT ( 'NONE', #3797 ) ;
#1212 = DIRECTION ( 'NONE',  ( 0.06067819015338125899, 0.003702398043258134028, 0.9981505144458121537 ) ) ;
#1213 = CARTESIAN_POINT ( 'NONE',  ( 0.05078064800129742512, -0.006238397799043284356, -0.007522600948905433342 ) ) ;
#1214 = CARTESIAN_POINT ( 'NONE',  ( 0.05288033293365546755, 0.04064990085713103551, -0.07150000000000000799 ) ) ;
#1215 = CARTESIAN_POINT ( 'NONE',  ( 0.009462426395925390907, 0.05929726546680980093, 0.006998328711922231077 ) ) ;
#1216 = CARTESIAN_POINT ( 'NONE',  ( -0.006249999999999953509, 7.654042494670968523E-19, -0.04450000000000000483 ) ) ;
#1217 = ORIENTED_EDGE ( 'NONE', *, *, #3727, .F. ) ;
#1218 = CARTESIAN_POINT ( 'NONE',  ( 0.02010028546848233177, 0.07449832871192214878, -0.008202734533190437702 ) ) ;
#1219 = CYLINDRICAL_SURFACE ( 'NONE', #3415, 0.006250000000000002082 ) ;
#1220 = CARTESIAN_POINT ( 'NONE',  ( 0.07349890575480352850, 0.04067304084490139249, 0.006238440715286315899 ) ) ;
#1221 = EDGE_CURVE ( 'NONE', #3768, #1900, #379, .T. ) ;
#1222 = VERTEX_POINT ( 'NONE', #2787 ) ;
#1223 = COLOUR_RGB ( '',0.5372549019607842924, 0.3490196078431372362, 0.3372549019607843368 ) ;
#1224 = CARTESIAN_POINT ( 'NONE',  ( 0.04093757360407504486, 0.05929726546680968990, -0.07849832871192231887 ) ) ;
#1225 = ORIENTED_EDGE ( 'NONE', *, *, #3590, .F. ) ;
#1226 = EDGE_CURVE ( 'NONE', #4287, #1794, #3089, .T. ) ;
#1227 = CARTESIAN_POINT ( 'NONE',  ( 0.05039999999999992403, 0.0000000000000000000, -0.02699999999999999623 ) ) ;
#1228 = DIRECTION ( 'NONE',  ( -6.155188414296105405E-17, 1.008766990120902174E-15, 1.000000000000000000 ) ) ;
#1229 = AXIS2_PLACEMENT_3D ( 'NONE', #903, #2974, #2298 ) ;
#1230 = DIRECTION ( 'NONE',  ( 0.06067819015338262595, 0.003702398043256767933, 0.9981505144458120427 ) ) ;
#1231 = VECTOR ( 'NONE', #2416, 39.37007874015748143 ) ;
#1232 = CARTESIAN_POINT ( 'NONE',  ( 0.04251720283535143086, 0.02656923049056950439, -1.447451925034453629E-17 ) ) ;
#1233 = EDGE_LOOP ( 'NONE', ( #516, #2, #2986, #113, #4278, #4101 ) ) ;
#1234 = EDGE_CURVE ( 'NONE', #3760, #2208, #1261, .T. ) ;
#1235 = AXIS2_PLACEMENT_3D ( 'NONE', #2384, #3413, #1689 ) ;
#1236 = DIRECTION ( 'NONE',  ( -0.06090368020760231205, 0.9981436478469269957, -1.072492789022660986E-15 ) ) ;
#1237 = AXIS2_PLACEMENT_3D ( 'NONE', #3149, #1061, #35 ) ;
#1238 = CARTESIAN_POINT ( 'NONE',  ( 0.04464304479806251863, 0.06750000000000001832, -0.02685009914286900015 ) ) ;
#1239 = CARTESIAN_POINT ( 'NONE',  ( 0.05653619389039654664, 0.07373844071528633248, -0.04467304084490143073 ) ) ;
#1240 = CYLINDRICAL_SURFACE ( 'NONE', #1229, 0.006250000000000001214 ) ;
#1241 = AXIS2_PLACEMENT_3D ( 'NONE', #927, #3643, #3572 ) ;
#1242 = CIRCLE ( 'NONE', #1824, 0.006249999999999996877 ) ;
#1243 = CARTESIAN_POINT ( 'NONE',  ( 0.008106676559423223183, 0.06050167128807793643, -0.01401649889837061624 ) ) ;
#1244 = CIRCLE ( 'NONE', #2973, 0.02074999999999999414 ) ;
#1245 = CARTESIAN_POINT ( 'NONE',  ( 0.009316146340790752364, 0.06005715346344558253, 0.006238440715286332379 ) ) ;
#1246 = CARTESIAN_POINT ( 'NONE',  ( 0.007882797164648751645, 0.02656923049056946276, -0.07150000000000000799 ) ) ;
#1247 = CARTESIAN_POINT ( 'NONE',  ( 0.07096039650428859202, 0.06126155928471369028, -0.01477638689500655050 ) ) ;
#1248 = CIRCLE ( 'NONE', #4262, 0.006250000000000000347 ) ;
#1249 = ORIENTED_EDGE ( 'NONE', *, *, #1622, .T. ) ;
#1250 = AXIS2_PLACEMENT_3D ( 'NONE', #2074, #1756, #350 ) ;
#1251 = FACE_OUTER_BOUND ( 'NONE', #1064, .T. ) ;
#1252 = VERTEX_POINT ( 'NONE', #1919 ) ;
#1253 = CARTESIAN_POINT ( 'NONE',  ( 0.02545744359938401091, -0.005477101796448278700, -0.007522600948905393443 ) ) ;
#1254 = DIRECTION ( 'NONE',  ( 0.9981436478469266627, -0.06090368020760787010, 0.0000000000000000000 ) ) ;
#1255 = ORIENTED_EDGE ( 'NONE', *, *, #3045, .T. ) ;
#1256 = CARTESIAN_POINT ( 'NONE',  ( 0.03944439936560546756, 0.02694987849186701243, -0.07150000000000002187 ) ) ;
#1257 = ORIENTED_EDGE ( 'NONE', *, *, #3258, .F. ) ;
#1258 = DIRECTION ( 'NONE',  ( 0.9981436478469266627, -0.06090368020760787010, 0.0000000000000000000 ) ) ;
#1259 = DIRECTION ( 'NONE',  ( 0.9981436478469261075, -1.365923996832132398E-15, -0.06090368020761618983 ) ) ;
#1260 = CARTESIAN_POINT ( 'NONE',  ( 0.05098135848443510754, 0.008269932355032290697, -0.07774999999999999967 ) ) ;
#1261 = LINE ( 'NONE', #3957, #2308 ) ;
#1262 = EDGE_CURVE ( 'NONE', #4155, #4231, #1516, .T. ) ;
#1263 = EDGE_CURVE ( 'NONE', #895, #4226, #4100, .T. ) ;
#1264 = EDGE_CURVE ( 'NONE', #4147, #4410, #3807, .T. ) ;
#1265 = CARTESIAN_POINT ( 'NONE',  ( 0.007792845578751595760, 0.07297855271865059945, -0.006682958539918583060 ) ) ;
#1266 = CARTESIAN_POINT ( 'NONE',  ( 0.05014255640061583696, 0.005477101796448297782, -0.02699999999999998929 ) ) ;
#1267 = MECHANICAL_DESIGN_GEOMETRIC_PRESENTATION_REPRESENTATION (  '', ( #2057 ), #2492 ) ;
#1268 = CARTESIAN_POINT ( 'NONE',  ( 0.02219414832275157234, 0.04138664886599643239, -0.006998328711922249291 ) ) ;
#1269 = CARTESIAN_POINT ( 'NONE',  ( 0.06464439936560546773, 0.02694987849186702283, -0.07150000000000002187 ) ) ;
#1270 = DIRECTION ( 'NONE',  ( 4.857225732735060850E-16, -1.012211148232467137E-15, 1.000000000000000000 ) ) ;
#1271 = ORIENTED_EDGE ( 'NONE', *, *, #1511, .T. ) ;
#1272 = DIRECTION ( 'NONE',  ( 0.06067819015338331290, 0.003702398043258134028, 0.9981505144458120427 ) ) ;
#1273 = ORIENTED_EDGE ( 'NONE', *, *, #4359, .F. ) ;
#1274 = CARTESIAN_POINT ( 'NONE',  ( 0.01298064800129741965, -0.006238397799043290427, -0.02699999999999997888 ) ) ;
#1275 = CARTESIAN_POINT ( 'NONE',  ( 0.03741935199870242285, 0.006238397799043303438, -0.02699999999999998235 ) ) ;
#1276 = CARTESIAN_POINT ( 'NONE',  ( 0.01545957162211409296, 0.04062676086936067854, -0.06526155928471369383 ) ) ;
#1277 = SURFACE_SIDE_STYLE ('',( #3294 ) ) ;
#1278 = ORIENTED_EDGE ( 'NONE', *, *, #3806, .T. ) ;
#1279 = CARTESIAN_POINT ( 'NONE',  ( 0.07383239623248130656, 0.02771117449446203196, -0.006250000000000019429 ) ) ;
#1280 = CARTESIAN_POINT ( 'NONE',  ( 0.07395560063439472753, 0.02694987849186701589, -0.006250000000000031572 ) ) ;
#1281 = DIRECTION ( 'NONE',  ( 0.06090368020760839052, 0.9981436478469265516, 0.0000000000000000000 ) ) ;
#1282 = CARTESIAN_POINT ( 'NONE',  ( -0.0004814425971053637996, 0.06750000000000001832, -0.04426925285583344777 ) ) ;
#1283 = EDGE_CURVE ( 'NONE', #4231, #2110, #500, .T. ) ;
#1284 = CARTESIAN_POINT ( 'NONE',  ( 0.02355560063439472024, 0.02694987849186702977, -2.377694848001244674E-17 ) ) ;
#1285 = DIRECTION ( 'NONE',  ( 2.439149994343090680E-16, -1.905585933080539594E-18, 1.000000000000000000 ) ) ;
#1286 = LENGTH_MEASURE_WITH_UNIT ( LENGTH_MEASURE( 0.02539999999999999897 ), #4366 );
#1287 = EDGE_LOOP ( 'NONE', ( #956, #2271, #382, #2943, #2073, #652 ) ) ;
#1288 = VERTEX_POINT ( 'NONE', #1604 ) ;
#1289 = CARTESIAN_POINT ( 'NONE',  ( 0.05415806486538814191, 0.04103054885842850191, -8.537024980200821017E-18 ) ) ;
#1290 = ORIENTED_EDGE ( 'NONE', *, *, #820, .T. ) ;
#1291 = CARTESIAN_POINT ( 'NONE',  ( 0.006250000000000000347, 7.654042494670957930E-19, 0.006250000000000001214 ) ) ;
#1292 = CARTESIAN_POINT ( 'NONE',  ( 0.04628135593220349120, 0.04054993610996308201, -0.02695006389003692243 ) ) ;
#1293 = CARTESIAN_POINT ( 'NONE',  ( 0.01723960349571183187, 0.06126155928471369722, -0.05672361310499349218 ) ) ;
#1294 =( NAMED_UNIT ( * ) SI_UNIT ( $, .STERADIAN. ) SOLID_ANGLE_UNIT ( ) );
#1295 = ORIENTED_EDGE ( 'NONE', *, *, #902, .F. ) ;
#1296 = DIRECTION ( 'NONE',  ( 0.06090368020760786316, 0.9981436478469266627, 0.0000000000000000000 ) ) ;
#1297 = CARTESIAN_POINT ( 'NONE',  ( 0.003283853659209687477, 0.06005715346344552008, -0.07773844071528632216 ) ) ;
#1298 = DIRECTION ( 'NONE',  ( 0.06090368020760802970, 0.9981436478469266627, 0.0000000000000000000 ) ) ;
#1299 = DIRECTION ( 'NONE',  ( -1.000000000000000000, 0.0000000000000000000, 0.0000000000000000000 ) ) ;
#1300 = CIRCLE ( 'NONE', #4245, 0.03325000000000000178 ) ;
#1301 = CIRCLE ( 'NONE', #1881, 0.006249999999999998612 ) ;
#1302 = VERTEX_POINT ( 'NONE', #488 ) ;
#1303 = SURFACE_STYLE_USAGE ( .BOTH. , #1014 ) ;
#1304 = CIRCLE ( 'NONE', #4252, 0.006249999999999993408 ) ;
#1305 = AXIS2_PLACEMENT_3D ( 'NONE', #1888, #2849, #3931 ) ;
#1306 = VECTOR ( 'NONE', #2372, 39.37007874015748143 ) ;
#1307 = EDGE_LOOP ( 'NONE', ( #2188, #1383, #1184, #1613, #953, #3920 ) ) ;
#1308 = ADVANCED_FACE ( 'NONE', ( #3641 ), #2614, .T. ) ;
#1309 =( CONVERSION_BASED_UNIT ( 'INCH', #655 ) LENGTH_UNIT ( ) NAMED_UNIT ( #729 ) );
#1310 = ORIENTED_EDGE ( 'NONE', *, *, #2872, .T. ) ;
#1311 = CARTESIAN_POINT ( 'NONE',  ( 0.005756955201937926682, 0.06750000000000001832, -0.04464990085713103907 ) ) ;
#1312 = ORIENTED_EDGE ( 'NONE', *, *, #2575, .F. ) ;
#1313 = AXIS2_PLACEMENT_3D ( 'NONE', #768, #3168, #4209 ) ;
#1314 = DIRECTION ( 'NONE',  ( -0.06090368020760229123, 0.9981436478469271067, -6.192962809237202313E-16 ) ) ;
#1315 = CARTESIAN_POINT ( 'NONE',  ( 0.05039999999999991015, 4.301860243929320862E-18, -0.04450000000000001177 ) ) ;
#1316 = CARTESIAN_POINT ( 'NONE',  ( 0.03741935199870250611, -0.006238397799043300836, -0.04450000000000000483 ) ) ;
#1317 = CIRCLE ( 'NONE', #1973, 0.006250000000000001214 ) ;
#1318 = CARTESIAN_POINT ( 'NONE',  ( 0.04108385365920970422, 0.06005715346344552008, -0.07773844071528632216 ) ) ;
#1319 = ORIENTED_EDGE ( 'NONE', *, *, #4383, .T. ) ;
#1320 = CARTESIAN_POINT ( 'NONE',  ( 0.06135560063439472744, 0.02694987849186702630, -0.006250000000000017694 ) ) ;
#1321 = CARTESIAN_POINT ( 'NONE',  ( 0.04875560063439472736, 0.02694987849186700549, -1.523992349981162727E-17 ) ) ;
#1322 = AXIS2_PLACEMENT_3D ( 'NONE', #163, #2514, #803 ) ;
#1323 = CARTESIAN_POINT ( 'NONE',  ( 0.02271966706634484176, 0.04064990085713104245, 0.0000000000000000000 ) ) ;
#1324 = CARTESIAN_POINT ( 'NONE',  ( 0.07509614759678912010, -0.006999693801638409707, -0.04450000000000000483 ) ) ;
#1325 = VERTEX_POINT ( 'NONE', #2947 ) ;
#1326 =( BOUNDED_SURFACE ( )  B_SPLINE_SURFACE ( 3, 3, ( 
 ( #408, #3554, #3467, #1807 ),
 ( #1763, #2838, #792, #2486 ),
 ( #1787, #450, #3214, #3155 ),
 ( #2526, #127, #1513, #59 ) ),
 .UNSPECIFIED., .F., .F., .F. ) 
 B_SPLINE_SURFACE_WITH_KNOTS ( ( 4, 4 ),
 ( 4, 4 ),
 ( 0.0000000000000000000, 1.000000000000000000 ),
 ( 0.0000000000000000000, 1.000000000000000000 ),
 .UNSPECIFIED. ) 
 GEOMETRIC_REPRESENTATION_ITEM ( )  RATIONAL_B_SPLINE_SURFACE ( (
 ( 1.000000000000000000, 0.8056113254483420194, 0.8056113254483420194, 1.000000000000000000),
 ( 0.3333333333333344251, 0.2685371084827815613, 0.2685371084827815613, 0.3333333333333344251),
 ( 0.3333333333333344251, 0.2685371084827815613, 0.2685371084827815613, 0.3333333333333344251),
 ( 1.000000000000000000, 0.8056113254483420194, 0.8056113254483420194, 1.000000000000000000) ) ) 
 REPRESENTATION_ITEM ( '' )  SURFACE ( )  );
#1327 =( NAMED_UNIT ( * ) PLANE_ANGLE_UNIT ( ) SI_UNIT ( $, .RADIAN. ) );
#1328 =( NAMED_UNIT ( * ) PLANE_ANGLE_UNIT ( ) SI_UNIT ( $, .RADIAN. ) );
#1329 = CARTESIAN_POINT ( 'NONE',  ( 0.06075262569966893150, 0.04143292884153709776, 0.005478552718650357353 ) ) ;
#1330 = ORIENTED_EDGE ( 'NONE', *, *, #509, .T. ) ;
#1331 = CIRCLE ( 'NONE', #3133, 0.006249999999999996010 ) ;
#1332 = PRESENTATION_STYLE_ASSIGNMENT (( #4431 ) ) ;
#1333 = ORIENTED_EDGE ( 'NONE', *, *, #1923, .F. ) ;
#1334 = CARTESIAN_POINT ( 'NONE',  ( 0.06135560063439472744, 0.02694987849186701589, 0.006249999999999982132 ) ) ;
#1335 = EDGE_CURVE ( 'NONE', #1780, #664, #2566, .T. ) ;
#1336 = EDGE_LOOP ( 'NONE', ( #43, #1494, #921, #4299, #1951, #1423 ) ) ;
#1337 = DIRECTION ( 'NONE',  ( 0.06067819015337575644, 0.9981505144458125978, -0.003702398043256765331 ) ) ;
#1338 = CARTESIAN_POINT ( 'NONE',  ( 0.001644399365605460350, 0.02694987849186701243, -0.06525000000000003020 ) ) ;
#1339 = EDGE_CURVE ( 'NONE', #489, #121, #67, .T. ) ;
#1340 = EDGE_CURVE ( 'NONE', #19, #385, #2256, .T. ) ;
#1341 = CARTESIAN_POINT ( 'NONE',  ( 0.03072399656861395101, 0.06202144728134955515, -0.04386687287272475477 ) ) ;
#1342 = ORIENTED_EDGE ( 'NONE', *, *, #3890, .F. ) ;
#1343 = PLANE ( 'NONE',  #671 ) ;
#1344 = CARTESIAN_POINT ( 'NONE',  ( 0.006136193890396529800, 0.07373844071528634636, -0.04467304084490141686 ) ) ;
#1345 = EDGE_CURVE ( 'NONE', #2208, #2094, #648, .T. ) ;
#1346 = CARTESIAN_POINT ( 'NONE',  ( 0.006349999999999920812, -5.168901843481014329E-19, -0.02699999999999998582 ) ) ;
#1347 = CARTESIAN_POINT ( 'NONE',  ( 0.06261935199870249935, -0.006238397799043306040, -0.06397739905109460501 ) ) ;
#1348 = ORIENTED_EDGE ( 'NONE', *, *, #626, .F. ) ;
#1349 = CARTESIAN_POINT ( 'NONE',  ( 0.05078064800129741818, -0.006238397799043290427, -0.02699999999999999623 ) ) ;
#1350 = DIRECTION ( 'NONE',  ( -1.000000000000000000, 0.0000000000000000000, 0.0000000000000000000 ) ) ;
#1351 = CARTESIAN_POINT ( 'NONE',  ( 0.07335262569966889690, 0.04143292884153712552, 0.005478552718650398987 ) ) ;
#1352 = ORIENTED_EDGE ( 'NONE', *, *, #2007, .T. ) ;
#1353 = LENGTH_MEASURE_WITH_UNIT ( LENGTH_MEASURE( 0.02539999999999999897 ), #4078 );
#1354 = ORIENTED_EDGE ( 'NONE', *, *, #1753, .F. ) ;
#1355 = CARTESIAN_POINT ( 'NONE',  ( 0.03944439936560546756, 0.02694987849186701243, -0.07775000000000002742 ) ) ;
#1356 = CARTESIAN_POINT ( 'NONE',  ( 0.05924193513461217114, 0.04103054885842858518, -0.07150000000000000799 ) ) ;
#1357 = DIRECTION ( 'NONE',  ( 0.06090368020760011242, -0.9981436478469272178, -4.883536246244056482E-16 ) ) ;
#1358 = EDGE_CURVE ( 'NONE', #4432, #1524, #3019, .T. ) ;
#1359 = ORIENTED_EDGE ( 'NONE', *, *, #2440, .F. ) ;
#1360 = ADVANCED_FACE ( 'NONE', ( #147 ), #1240, .T. ) ;
#1361 = CARTESIAN_POINT ( 'NONE',  ( 0.04275343447638357830, 0.07373844071528633248, -0.06405715346344553751 ) ) ;
#1362 = ORIENTED_EDGE ( 'NONE', *, *, #203, .F. ) ;
#1363 = DIRECTION ( 'NONE',  ( -0.9981436478469265516, 0.06090368020760793255, 0.0000000000000000000 ) ) ;
#1364 = CARTESIAN_POINT ( 'NONE',  ( 0.03242228348652108350, 0.06126155928471369028, -0.02687323913063936059 ) ) ;
#1365 = CARTESIAN_POINT ( 'NONE',  ( 0.02494255640061588883, -0.005477101796448221455, -0.06397739905109460501 ) ) ;
#1366 = DIRECTION ( 'NONE',  ( -0.06090368020760870277, -0.9981436478469265516, -0.0000000000000000000 ) ) ;
#1367 = EDGE_CURVE ( 'NONE', #1788, #182, #3167, .T. ) ;
#1368 = EDGE_CURVE ( 'NONE', #2039, #3768, #1729, .T. ) ;
#1369 = VERTEX_POINT ( 'NONE', #3212 ) ;
#1370 = AXIS2_PLACEMENT_3D ( 'NONE', #3984, #2588, #217 ) ;
#1371 = CARTESIAN_POINT ( 'NONE',  ( 0.006250000000000000347, 0.0000000000000000000, -0.03574999999999993461 ) ) ;
#1372 = CYLINDRICAL_SURFACE ( 'NONE', #1442, 0.006250000000000001214 ) ;
#1373 = CIRCLE ( 'NONE', #3882, 0.006249999999999998612 ) ;
#1374 = CIRCLE ( 'NONE', #1819, 0.006250000000000000347 ) ;
#1375 = CARTESIAN_POINT ( 'NONE',  ( 0.07081411644915397430, 0.06202144728134947188, -0.01553627489164248823 ) ) ;
#1376 = ORIENTED_EDGE ( 'NONE', *, *, #3532, .T. ) ;
#1377 = VECTOR ( 'NONE', #2270, 39.37007874015748854 ) ;
#1378 = SHAPE_DEFINITION_REPRESENTATION ( #230, #1775 ) ;
#1379 = ORIENTED_EDGE ( 'NONE', *, *, #3127, .T. ) ;
#1380 = FACE_OUTER_BOUND ( 'NONE', #1498, .T. ) ;
#1381 = DIRECTION ( 'NONE',  ( -1.365923996832131412E-15, 0.0000000000000000000, -1.000000000000000000 ) ) ;
#1382 = FACE_OUTER_BOUND ( 'NONE', #1287, .T. ) ;
#1383 = ORIENTED_EDGE ( 'NONE', *, *, #1234, .T. ) ;
#1384 = AXIS2_PLACEMENT_3D ( 'NONE', #2906, #2622, #520 ) ;
#1385 = CARTESIAN_POINT ( 'NONE',  ( 0.02863013371434432533, 0.06081704146008139883, -0.07697855271865043647 ) ) ;
#1386 = ORIENTED_EDGE ( 'NONE', *, *, #287, .T. ) ;
#1387 = FACE_OUTER_BOUND ( 'NONE', #2687, .T. ) ;
#1388 = CARTESIAN_POINT ( 'NONE',  ( 0.02060600156656216750, 0.02733052649316455515, -0.07150000000000000799 ) ) ;
#1389 = CARTESIAN_POINT ( 'NONE',  ( 0.03944439936560547449, 0.02694987849186700549, -0.06525000000000001632 ) ) ;
#1390 = AXIS2_PLACEMENT_3D ( 'NONE', #1005, #1960, #4046 ) ;
#1391 = CARTESIAN_POINT ( 'NONE',  ( -0.005989913835261412474, 0.07297855271865058557, -0.02606707115846271586 ) ) ;
#1392 = EDGE_LOOP ( 'NONE', ( #1348, #829 ) ) ;
#1393 = AXIS2_PLACEMENT_3D ( 'NONE', #4090, #4023, #3054 ) ;
#1394 = DIRECTION ( 'NONE',  ( 0.9981436478469266627, -0.06090368020760787010, 0.0000000000000000000 ) ) ;
#1395 = EDGE_CURVE ( 'NONE', #1903, #743, #288, .T. ) ;
#1396 = CARTESIAN_POINT ( 'NONE',  ( 0.04768670843302081491, 0.03986687287272489000, -0.005478552718650382507 ) ) ;
#1397 = CIRCLE ( 'NONE', #528, 0.006250000000000004684 ) ;
#1398 = ADVANCED_FACE ( 'NONE', ( #4273 ), #2875, .T. ) ;
#1399 = CARTESIAN_POINT ( 'NONE',  ( 0.07050028546848234601, 0.07449832871192217654, -0.008202734533190434232 ) ) ;
#1400 = ORIENTED_EDGE ( 'NONE', *, *, #1985, .T. ) ;
#1401 = CARTESIAN_POINT ( 'NONE',  ( 0.01095560063439472188, 0.02694987849186702977, -6.702898519610803170E-18 ) ) ;
#1402 = ORIENTED_EDGE ( 'NONE', *, *, #3841, .F. ) ;
#1403 = CARTESIAN_POINT ( 'NONE',  ( 0.02355560063439472024, 0.02694987849186702977, -2.377694848001244674E-17 ) ) ;
#1404 = CARTESIAN_POINT ( 'NONE',  ( 0.06299999999999993106, -0.006249999999999994275, -0.04450000000000001177 ) ) ;
#1405 = DIRECTION ( 'NONE',  ( 0.9981436478469271067, 0.06090368020760041773, 0.0000000000000000000 ) ) ;
#1406 = ORIENTED_EDGE ( 'NONE', *, *, #3178, .T. ) ;
#1407 = CARTESIAN_POINT ( 'NONE',  ( 0.02894396469501614791, 0.05348350110162933962, -0.06450167128807776651 ) ) ;
#1408 = ORIENTED_EDGE ( 'NONE', *, *, #1974, .T. ) ;
#1409 = DIRECTION ( 'NONE',  ( 0.06090368020760807827, 0.9981436478469265516, 0.0000000000000000000 ) ) ;
#1410 = CARTESIAN_POINT ( 'NONE',  ( 0.05001935199870242987, 0.006238397799043299101, -0.02699999999999999623 ) ) ;
#1411 = CARTESIAN_POINT ( 'NONE',  ( 0.05130411095586143860, 0.01481737399883937926, -0.06525000000000000244 ) ) ;
#1412 = CIRCLE ( 'NONE', #472, 0.006250000000000001214 ) ;
#1413 = CYLINDRICAL_SURFACE ( 'NONE', #1520, 0.006249999999999998612 ) ;
#1414 = ORIENTED_EDGE ( 'NONE', *, *, #1339, .T. ) ;
#1415 = CARTESIAN_POINT ( 'NONE',  ( 0.07311966706634487334, 0.04064990085713104245, 0.0000000000000000000 ) ) ;
#1416 = CARTESIAN_POINT ( 'NONE',  ( 0.04875560063439472736, 0.02694987849186702283, -0.02699999999999999969 ) ) ;
#1417 = DIRECTION ( 'NONE',  ( 0.06090368020759979323, -0.9981436478469269957, -4.883536246244055496E-16 ) ) ;
#1418 = ADVANCED_FACE ( 'NONE', ( #172 ), #4294, .T. ) ;
#1419 = EDGE_CURVE ( 'NONE', #4073, #1844, #2808, .T. ) ;
#1420 = CARTESIAN_POINT ( 'NONE',  ( 0.07311966706634487334, 0.04064990085713104245, 0.0000000000000000000 ) ) ;
#1421 = ORIENTED_EDGE ( 'NONE', *, *, #1448, .F. ) ;
#1422 = SURFACE_SIDE_STYLE ('',( #42 ) ) ;
#1423 = ORIENTED_EDGE ( 'NONE', *, *, #2932, .F. ) ;
#1424 = ADVANCED_FACE ( 'NONE', ( #1009 ), #4230, .T. ) ;
#1425 = CARTESIAN_POINT ( 'NONE',  ( 0.05888135593220349823, 0.04054993610996308201, -0.02695006389003692243 ) ) ;
#1426 = CARTESIAN_POINT ( 'NONE',  ( 0.01996856354165572542, 0.06050167128807792255, -0.02611335113400341246 ) ) ;
#1427 = CARTESIAN_POINT ( 'NONE',  ( 0.02684439936560545706, 0.02694987849186700896, -0.07775000000000001354 ) ) ;
#1428 = VERTEX_POINT ( 'NONE', #3035 ) ;
#1429 = CARTESIAN_POINT ( 'NONE',  ( 0.05414396469501615156, 0.05348350110162933962, -0.06450167128807776651 ) ) ;
#1430 = ORIENTED_EDGE ( 'NONE', *, *, #3313, .T. ) ;
#1431 = DIRECTION ( 'NONE',  ( -0.9981436478469265516, 0.06090368020760861950, 1.365923996832131215E-15 ) ) ;
#1432 = CARTESIAN_POINT ( 'NONE',  ( 0.03451614634079076122, 0.06005715346344556865, 0.006238440715286313297 ) ) ;
#1433 = CARTESIAN_POINT ( 'NONE',  ( 0.02696760376751885374, 0.02771117449446210135, -0.06525000000000000244 ) ) ;
#1434 = DIRECTION ( 'NONE',  ( -4.878299988686181360E-16, 1.905585933080539594E-18, -1.000000000000000000 ) ) ;
#1435 = ORIENTED_EDGE ( 'NONE', *, *, #4406, .F. ) ;
#1436 = CARTESIAN_POINT ( 'NONE',  ( 0.06299999999999993106, 6.969680550242078297E-18, -0.04450000000000001177 ) ) ;
#1437 = CARTESIAN_POINT ( 'NONE',  ( 0.04875560063439472736, 0.02694987849186702283, -0.02699999999999999969 ) ) ;
#1438 = DIRECTION ( 'NONE',  ( 6.829619984160657060E-16, 0.0000000000000000000, -1.000000000000000000 ) ) ;
#1439 = CARTESIAN_POINT ( 'NONE',  ( 0.03779999999999992394, -3.434818644377674773E-18, -0.04450000000000001177 ) ) ;
#1440 = ORIENTED_EDGE ( 'NONE', *, *, #61, .T. ) ;
#1441 = CARTESIAN_POINT ( 'NONE',  ( 0.01095560063439472188, 0.02694987849186702283, -0.02699999999999999969 ) ) ;
#1442 = AXIS2_PLACEMENT_3D ( 'NONE', #2806, #1490, #3125 ) ;
#1443 = ORIENTED_EDGE ( 'NONE', *, *, #4206, .T. ) ;
#1444 = CARTESIAN_POINT ( 'NONE',  ( 0.01635806486538814164, 0.04103054885842852967, 0.0000000000000000000 ) ) ;
#1445 = AXIS2_PLACEMENT_3D ( 'NONE', #3191, #351, #1732 ) ;
#1446 = CARTESIAN_POINT ( 'NONE',  ( 0.004785883550846475529, 0.06202144728134956209, -0.05596372510835757180 ) ) ;
#1447 = CARTESIAN_POINT ( 'NONE',  ( 0.03805744359938418447, 0.005477101796448201505, -0.04450000000000000483 ) ) ;
#1448 = EDGE_CURVE ( 'NONE', #3049, #4155, #1734, .T. ) ;
#1449 = EDGE_CURVE ( 'NONE', #3692, #128, #2098, .T. ) ;
#1450 = CIRCLE ( 'NONE', #510, 0.006250000000000001214 ) ;
#1451 = VECTOR ( 'NONE', #3662, 39.37007874015748143 ) ;
#1452 = ORIENTED_EDGE ( 'NONE', *, *, #1487, .T. ) ;
#1453 = DIRECTION ( 'NONE',  ( -0.06090368020761460777, -2.823262457152253546E-16, -0.9981436478469262186 ) ) ;
#1454 = ORIENTED_EDGE ( 'NONE', *, *, #152, .F. ) ;
#1455 = AXIS2_PLACEMENT_3D ( 'NONE', #3899, #3535, #1839 ) ;
#1456 = FACE_OUTER_BOUND ( 'NONE', #3992, .T. ) ;
#1457 = DIRECTION ( 'NONE',  ( -9.756599977372362721E-16, 1.905585933080539594E-18, -1.000000000000000000 ) ) ;
#1458 = CARTESIAN_POINT ( 'NONE',  ( 0.06249614759678910614, -0.006999693801638404503, -0.06397739905109459113 ) ) ;
#1459 = CARTESIAN_POINT ( 'NONE',  ( 0.04028033293365546746, 0.04064990085713102164, -0.07150000000000002187 ) ) ;
#1460 = CIRCLE ( 'NONE', #3972, 0.006250000000000001214 ) ;
#1461 = ORIENTED_EDGE ( 'NONE', *, *, #3645, .T. ) ;
#1462 = DIRECTION ( 'NONE',  ( 4.857225732735060850E-16, -1.012211148232467137E-15, 1.000000000000000000 ) ) ;
#1463 = CIRCLE ( 'NONE', #2679, 0.006249999999999996877 ) ;
#1464 = CARTESIAN_POINT ( 'NONE',  ( 0.04065957162211410181, 0.04062676086936067160, -0.06526155928471367995 ) ) ;
#1465 = DIRECTION ( 'NONE',  ( -3.414809992080328333E-15, 0.0000000000000000000, -1.000000000000000000 ) ) ;
#1466 = CIRCLE ( 'NONE', #2545, 0.006250000000000002082 ) ;
#1467 = PLANE ( 'NONE',  #329 ) ;
#1468 = ORIENTED_EDGE ( 'NONE', *, *, #645, .F. ) ;
#1469 = AXIS2_PLACEMENT_3D ( 'NONE', #2409, #392, #2090 ) ;
#1470 = CARTESIAN_POINT ( 'NONE',  ( 0.08595262569966895250, 0.04143292884153716715, 0.005478552718650365159 ) ) ;
#1471 = ORIENTED_EDGE ( 'NONE', *, *, #1510, .T. ) ;
#1472 = CYLINDRICAL_SURFACE ( 'NONE', #3968, 0.006250000000000002949 ) ;
#1473 =( BOUNDED_SURFACE ( )  B_SPLINE_SURFACE ( 3, 3, ( 
 ( #3477, #418, #4441, #2412 ),
 ( #739, #1365, #2116, #763 ),
 ( #3145, #2733, #4114, #1433 ),
 ( #2137, #3771, #4180, #1389 ) ),
 .UNSPECIFIED., .F., .F., .F. ) 
 B_SPLINE_SURFACE_WITH_KNOTS ( ( 4, 4 ),
 ( 4, 4 ),
 ( 0.0000000000000000000, 1.000000000000000000 ),
 ( 0.0000000000000000000, 1.000000000000000000 ),
 .UNSPECIFIED. ) 
 GEOMETRIC_REPRESENTATION_ITEM ( )  RATIONAL_B_SPLINE_SURFACE ( (
 ( 1.000000000000000000, 0.8047378541243649375, 0.8047378541243649375, 1.000000000000000000),
 ( 0.3333333333333324822, 0.2682459513747876279, 0.2682459513747876279, 0.3333333333333324822),
 ( 0.3333333333333324822, 0.2682459513747876279, 0.2682459513747876279, 0.3333333333333324822),
 ( 1.000000000000000000, 0.8047378541243649375, 0.8047378541243649375, 1.000000000000000000) ) ) 
 REPRESENTATION_ITEM ( '' )  SURFACE ( )  );
#1474 = DIRECTION ( 'NONE',  ( -0.06090368020761594003, -0.0000000000000000000, -0.9981436478469261075 ) ) ;
#1475 = CARTESIAN_POINT ( 'NONE',  ( 0.02610411095586140720, 0.01481737399883937926, -0.06525000000000000244 ) ) ;
#1476 = ORIENTED_EDGE ( 'NONE', *, *, #4383, .F. ) ;
#1477 = CARTESIAN_POINT ( 'NONE',  ( 0.05383013371434432204, 0.06081704146008141271, -0.07697855271865049198 ) ) ;
#1478 = ORIENTED_EDGE ( 'NONE', *, *, #4251, .F. ) ;
#1479 = EDGE_CURVE ( 'NONE', #3594, #2935, #946, .T. ) ;
#1480 = EDGE_CURVE ( 'NONE', #311, #3147, #3380, .T. ) ;
#1481 = AXIS2_PLACEMENT_3D ( 'NONE', #4177, #1101, #346 ) ;
#1482 = CARTESIAN_POINT ( 'NONE',  ( 0.02805957162211409478, 0.04062676086936065772, -0.06526155928471367995 ) ) ;
#1483 = CARTESIAN_POINT ( 'NONE',  ( 0.05204439936560547458, 0.02694987849186701243, -0.07150000000000002187 ) ) ;
#1484 = CARTESIAN_POINT ( 'NONE',  ( -0.005231436458344296443, 0.06050167128807792255, -0.02611335113400341593 ) ) ;
#1485 = AXIS2_PLACEMENT_3D ( 'NONE', #2354, #3973, #981 ) ;
#1486 = ORIENTED_EDGE ( 'NONE', *, *, #1093, .F. ) ;
#1487 = EDGE_CURVE ( 'NONE', #3202, #427, #2951, .T. ) ;
#1488 = CARTESIAN_POINT ( 'NONE',  ( 0.06325744359938403893, -0.005477101796448284772, -0.02699999999999998582 ) ) ;
#1489 = AXIS2_PLACEMENT_3D ( 'NONE', #2586, #900, #3527 ) ;
#1490 = DIRECTION ( 'NONE',  ( -9.756599977372362721E-16, 1.905585933080539594E-18, -1.000000000000000000 ) ) ;
#1491 = DIRECTION ( 'NONE',  ( -0.06090368020760011242, 0.9981436478469272178, 4.883536246244056482E-16 ) ) ;
#1492 = ORIENTED_EDGE ( 'NONE', *, *, #4277, .F. ) ;
#1493 = DIRECTION ( 'NONE',  ( -0.06090368020761463552, -7.316196259932183921E-16, -0.9981436478469262186 ) ) ;
#1494 = ORIENTED_EDGE ( 'NONE', *, *, #3338, .T. ) ;
#1495 = CARTESIAN_POINT ( 'NONE',  ( 0.05288033293365546755, 0.04064990085713103551, -0.07150000000000000799 ) ) ;
#1496 = DIRECTION ( 'NONE',  ( 0.06090368020761624535, 0.0000000000000000000, 0.9981436478469261075 ) ) ;
#1497 = CARTESIAN_POINT ( 'NONE',  ( 0.04863239623248135496, 0.02771117449446203890, 0.006249999999999982132 ) ) ;
#1498 = EDGE_LOOP ( 'NONE', ( #639, #316, #4266, #3628, #2660, #3043 ) ) ;
#1499 = CARTESIAN_POINT ( 'NONE',  ( 0.04568279716464875712, 0.02656923049056945582, -0.07150000000000002187 ) ) ;
#1500 = ORIENTED_EDGE ( 'NONE', *, *, #1449, .T. ) ;
#1501 = DIRECTION ( 'NONE',  ( 1.000000000000000000, 0.0000000000000000000, 5.463695987328526437E-15 ) ) ;
#1502 = EDGE_CURVE ( 'NONE', #4110, #1821, #873, .T. ) ;
#1503 = CARTESIAN_POINT ( 'NONE',  ( 0.01731720283535142374, 0.02656923049056953215, -2.301154423054535268E-17 ) ) ;
#1504 = DIRECTION ( 'NONE',  ( -0.9981436478469265516, 0.06090368020760864032, 1.365923996832131609E-15 ) ) ;
#1505 = EDGE_CURVE ( 'NONE', #3140, #2087, #141, .T. ) ;
#1506 = ORIENTED_EDGE ( 'NONE', *, *, #1510, .F. ) ;
#1507 = DIRECTION ( 'NONE',  ( 4.857225732735060850E-16, -1.012211148232467137E-15, 1.000000000000000000 ) ) ;
#1508 = CARTESIAN_POINT ( 'NONE',  ( 0.04258588355084647059, 0.06202144728134955515, -0.05596372510835757180 ) ) ;
#1509 = DIRECTION ( 'NONE',  ( -0.06090368020760839052, -0.9981436478469265516, -0.0000000000000000000 ) ) ;
#1510 = EDGE_CURVE ( 'NONE', #3300, #4147, #357, .T. ) ;
#1511 = EDGE_CURVE ( 'NONE', #2710, #47, #1016, .T. ) ;
#1512 = ORIENTED_EDGE ( 'NONE', *, *, #2691, .F. ) ;
#1513 = CARTESIAN_POINT ( 'NONE',  ( 0.04680231536011886240, 0.05272361310499346781, -0.006238440715286317634 ) ) ;
#1514 = ORIENTED_EDGE ( 'NONE', *, *, #932, .F. ) ;
#1515 = CARTESIAN_POINT ( 'NONE',  ( 0.01298064800129741965, -0.006238397799043290427, -0.02699999999999997888 ) ) ;
#1516 = CIRCLE ( 'NONE', #431, 0.006250000000000001214 ) ;
#1517 = CARTESIAN_POINT ( 'NONE',  ( 0.06221909344605212194, 0.01405607799624439616, -0.006250000000000024633 ) ) ;
#1518 = MECHANICAL_DESIGN_GEOMETRIC_PRESENTATION_REPRESENTATION (  '', ( #3593 ), #3808 ) ;
#1519 = CARTESIAN_POINT ( 'NONE',  ( 0.03858090655394801061, 0.01405607799624427993, -0.06524999999999998856 ) ) ;
#1520 = AXIS2_PLACEMENT_3D ( 'NONE', #2454, #3818, #501 ) ;
#1521 = AXIS2_PLACEMENT_3D ( 'NONE', #2433, #3121, #3433 ) ;
#1522 = ORIENTED_EDGE ( 'NONE', *, *, #2500, .F. ) ;
#1523 = CYLINDRICAL_SURFACE ( 'NONE', #2460, 0.006250000000000002082 ) ;
#1524 = VERTEX_POINT ( 'NONE', #1282 ) ;
#1525 = SURFACE_STYLE_USAGE ( .BOTH. , #1122 ) ;
#1526 = CIRCLE ( 'NONE', #1599, 0.006250000000000005551 ) ;
#1527 = MECHANICAL_DESIGN_GEOMETRIC_PRESENTATION_REPRESENTATION (  '', ( #3733 ), #2535 ) ;
#1528 = CARTESIAN_POINT ( 'NONE',  ( 0.03741935199870251305, -0.006238397799043302570, -0.04450000000000001177 ) ) ;
#1529 = CARTESIAN_POINT ( 'NONE',  ( 0.05451864406779677319, 0.04054993610996308895, -0.04454993610996309250 ) ) ;
#1530 = EDGE_LOOP ( 'NONE', ( #571, #3897, #1154, #4368 ) ) ;
#1531 = CARTESIAN_POINT ( 'NONE',  ( -0.006317526054468831746, 0.07449832871192221817, -0.04391315284826546872 ) ) ;
#1532 = CARTESIAN_POINT ( 'NONE',  ( 0.03627880503630814824, 0.02618858248927201371, -0.006250000000000016827 ) ) ;
#1533 = DIRECTION ( 'NONE',  ( 0.06067819015338399291, 0.003702398043258134028, 0.9981505144458120427 ) ) ;
#1534 = CIRCLE ( 'NONE', #15, 0.006250000000000000347 ) ;
#1535 = EDGE_CURVE ( 'NONE', #958, #3140, #1300, .T. ) ;
#1536 = EDGE_CURVE ( 'NONE', #3649, #2251, #503, .T. ) ;
#1537 = ORIENTED_EDGE ( 'NONE', *, *, #3451, .F. ) ;
#1538 = LINE ( 'NONE', #3962, #1820 ) ;
#1539 = CIRCLE ( 'NONE', #602, 0.006250000000000001214 ) ;
#1540 = ORIENTED_EDGE ( 'NONE', *, *, #544, .F. ) ;
#1541 = DIRECTION ( 'NONE',  ( 0.06090368020759948098, -0.9981436478469269957, -4.883536246244055496E-16 ) ) ;
#1542 = STYLED_ITEM ( 'NONE', ( #2867 ), #3503 ) ;
#1543 = CARTESIAN_POINT ( 'NONE',  ( 0.04979535300098121564, 0.06750000000000001832, -0.04503054885842864424 ) ) ;
#1544 = UNCERTAINTY_MEASURE_WITH_UNIT (LENGTH_MEASURE( 1.000000000000000082E-05 ), #1667, 'distance_accuracy_value', 'NONE');
#1545 = ORIENTED_EDGE ( 'NONE', *, *, #1753, .T. ) ;
#1546 = CARTESIAN_POINT ( 'NONE',  ( 0.02983960349571183890, 0.06126155928471369028, -0.05672361310499351300 ) ) ;
#1547 = ORIENTED_EDGE ( 'NONE', *, *, #2284, .F. ) ;
#1548 = DIRECTION ( 'NONE',  ( -6.155188414296105405E-17, 1.008766990120902174E-15, 1.000000000000000000 ) ) ;
#1549 = DIRECTION ( 'NONE',  ( -7.458549702253128292E-18, 1.222373423425002231E-16, 1.000000000000000000 ) ) ;
#1550 = CARTESIAN_POINT ( 'NONE',  ( 0.04317771651347934031, 0.06126155928471369028, -0.04462676086936069597 ) ) ;
#1551 = CARTESIAN_POINT ( 'NONE',  ( 0.05664999999999992958, 5.033916739567506879E-18, -0.02700000000000000663 ) ) ;
#1552 = CARTESIAN_POINT ( 'NONE',  ( 0.04414999999999992542, 4.285186367014865300E-18, -0.02699999999999999623 ) ) ;
#1553 = ORIENTED_EDGE ( 'NONE', *, *, #3126, .T. ) ;
#1554 = CARTESIAN_POINT ( 'NONE',  ( 0.002859571622114092868, 0.04062676086936067160, -0.06526155928471369383 ) ) ;
#1555 = CARTESIAN_POINT ( 'NONE',  ( 0.07559999999999991727, 2.242636444994161324E-17, -0.03575000000000000400 ) ) ;
#1556 = DIRECTION ( 'NONE',  ( 0.9981436478469261075, 1.365923996832132398E-15, -0.06090368020761618983 ) ) ;
#1557 = AXIS2_PLACEMENT_3D ( 'NONE', #1841, #2818, #2905 ) ;
#1558 = DIRECTION ( 'NONE',  ( -0.06090368020760231205, 0.9981436478469269957, -1.072492789022660986E-15 ) ) ;
#1559 = CARTESIAN_POINT ( 'NONE',  ( 0.05088144259710580125, 0.06750000000000001832, -0.02723074714416659492 ) ) ;
#1560 = LINE ( 'NONE', #1902, #1451 ) ;
#1561 = ADVANCED_FACE ( 'NONE', ( #945 ), #550, .T. ) ;
#1562 = VECTOR ( 'NONE', #1457, 39.37007874015748143 ) ;
#1563 = ADVANCED_FACE ( 'NONE', ( #1104 ), #2158, .T. ) ;
#1564 = ORIENTED_EDGE ( 'NONE', *, *, #1152, .T. ) ;
#1565 = DIRECTION ( 'NONE',  ( -0.06090368020761618290, -0.0000000000000000000, -0.9981436478469261075 ) ) ;
#1566 = FILL_AREA_STYLE ('',( #199 ) ) ;
#1567 = DIRECTION ( 'NONE',  ( -0.06090368020760231899, 0.9981436478469271067, -1.070324384677690174E-15 ) ) ;
#1568 =( BOUNDED_SURFACE ( )  B_SPLINE_SURFACE ( 3, 3, ( 
 ( #3031, #4396, #4069, #3721 ),
 ( #2379, #640, #4002, #922 ),
 ( #2022, #1686, #3657, #3744 ),
 ( #4420, #579, #3296, #213 ) ),
 .UNSPECIFIED., .F., .F., .F. ) 
 B_SPLINE_SURFACE_WITH_KNOTS ( ( 4, 4 ),
 ( 4, 4 ),
 ( 0.0000000000000000000, 1.000000000000000000 ),
 ( 0.0000000000000000000, 1.000000000000000000 ),
 .UNSPECIFIED. ) 
 GEOMETRIC_REPRESENTATION_ITEM ( )  RATIONAL_B_SPLINE_SURFACE ( (
 ( 1.000000000000000000, 0.8047378541243649375, 0.8047378541243649375, 1.000000000000000000),
 ( 0.3333333333333333703, 0.2682459513747883495, 0.2682459513747883495, 0.3333333333333333703),
 ( 0.3333333333333333703, 0.2682459513747883495, 0.2682459513747883495, 0.3333333333333333703),
 ( 1.000000000000000000, 0.8047378541243649375, 0.8047378541243649375, 1.000000000000000000) ) ) 
 REPRESENTATION_ITEM ( '' )  SURFACE ( )  );
#1569 = EDGE_CURVE ( 'NONE', #3594, #2080, #764, .T. ) ;
#1570 = VERTEX_POINT ( 'NONE', #2139 ) ;
#1571 = CARTESIAN_POINT ( 'NONE',  ( 0.01011966706634483647, 0.04064990085713103551, 0.0000000000000000000 ) ) ;
#1572 = ORIENTED_EDGE ( 'NONE', *, *, #342, .T. ) ;
#1573 = CARTESIAN_POINT ( 'NONE',  ( 0.03944439936560546756, 0.02694987849186701243, -0.07150000000000002187 ) ) ;
#1574 = CARTESIAN_POINT ( 'NONE',  ( 0.01221935199870241920, 0.006238397799043299101, -0.02699999999999998582 ) ) ;
#1575 = DIRECTION ( 'NONE',  ( -0.06090368020759949486, 0.9981436478469272178, 4.883536246244056482E-16 ) ) ;
#1576 = CARTESIAN_POINT ( 'NONE',  ( 0.05686380610960396070, 0.07373844071528636024, -0.02682695915509866053 ) ) ;
#1577 = ORIENTED_EDGE ( 'NONE', *, *, #4222, .T. ) ;
#1578 = CARTESIAN_POINT ( 'NONE',  ( 0.07559999999999998666, 0.006249999999999906672, -0.07775000000000001354 ) ) ;
#1579 = CARTESIAN_POINT ( 'NONE',  ( 0.05204439936560547458, 0.02694987849186700896, -0.07775000000000001354 ) ) ;
#1580 = DIRECTION ( 'NONE',  ( -0.06090368020761460777, -2.823262457152253546E-16, -0.9981436478469262186 ) ) ;
#1581 = VERTEX_POINT ( 'NONE', #2829 ) ;
#1582 = CARTESIAN_POINT ( 'NONE',  ( 0.06261935199870241608, 0.006238397799043306040, -0.01484493141924171644 ) ) ;
#1583 = VERTEX_POINT ( 'NONE', #3772 ) ;
#1584 = CARTESIAN_POINT ( 'NONE',  ( 0.01835695520193792590, 0.06750000000000001832, -0.04464990085713103907 ) ) ;
#1585 = DIRECTION ( 'NONE',  ( -5.610044986989106297E-15, 0.0000000000000000000, 1.000000000000000000 ) ) ;
#1586 = CARTESIAN_POINT ( 'NONE',  ( 0.05850667655942325823, 0.06050167128807797112, -0.01401649889837058675 ) ) ;
#1587 = ORIENTED_EDGE ( 'NONE', *, *, #2086, .F. ) ;
#1588 = AXIS2_PLACEMENT_3D ( 'NONE', #81, #3502, #1465 ) ;
#1589 = LINE ( 'NONE', #1205, #1099 ) ;
#1590 = EDGE_LOOP ( 'NONE', ( #1678, #389, #2365, #860, #881, #2508 ) ) ;
#1591 = CARTESIAN_POINT ( 'NONE',  ( 0.02991720283535143077, 0.02656923049056952868, -5.937494270143705258E-18 ) ) ;
#1592 = CARTESIAN_POINT ( 'NONE',  ( 0.06261935199870241608, 0.006238397799043298234, -0.02699999999999999276 ) ) ;
#1593 = EDGE_CURVE ( 'NONE', #1900, #4159, #2027, .T. ) ;
#1594 = CARTESIAN_POINT ( 'NONE',  ( 0.001644399365605460567, 0.02694987849186701589, -0.07775000000000002742 ) ) ;
#1595 = AXIS2_PLACEMENT_3D ( 'NONE', #1898, #1558, #1533 ) ;
#1596 = CIRCLE ( 'NONE', #722, 0.006249999999999996877 ) ;
#1597 = PRESENTATION_STYLE_ASSIGNMENT (( #2648 ) ) ;
#1598 = VERTEX_POINT ( 'NONE', #371 ) ;
#1599 = AXIS2_PLACEMENT_3D ( 'NONE', #3681, #2583, #3250 ) ;
#1600 = CARTESIAN_POINT ( 'NONE',  ( 0.02144193513461216047, 0.04103054885842857130, -0.07150000000000000799 ) ) ;
#1601 = VECTOR ( 'NONE', #264, 39.37007874015748854 ) ;
#1602 = DIRECTION ( 'NONE',  ( 5.576115842801316008E-16, 3.724526813691340973E-16, 1.000000000000000000 ) ) ;
#1603 = CARTESIAN_POINT ( 'NONE',  ( 0.02558064800129741800, -0.006238397799043275682, -0.02699999999999999276 ) ) ;
#1604 = CARTESIAN_POINT ( 'NONE',  ( 0.004717202835351424518, 0.02656923049056952868, -5.937494270143705258E-18 ) ) ;
#1605 = CIRCLE ( 'NONE', #2323, 0.006250000000000002082 ) ;
#1606 = VECTOR ( 'NONE', #471, 39.37007874015748854 ) ;
#1607 = CIRCLE ( 'NONE', #880, 0.006250000000000001214 ) ;
#1608 = VECTOR ( 'NONE', #1541, 39.37007874015748854 ) ;
#1609 = DIRECTION ( 'NONE',  ( -0.06090368020760807827, -0.9981436478469265516, -0.0000000000000000000 ) ) ;
#1610 = DIRECTION ( 'NONE',  ( 4.857225732735060850E-16, -1.012211148232467137E-15, 1.000000000000000000 ) ) ;
#1611 = CARTESIAN_POINT ( 'NONE',  ( 0.05776856354165575691, 0.06050167128807796418, -0.02611335113400341940 ) ) ;
#1612 = AXIS2_PLACEMENT_3D ( 'NONE', #3305, #2953, #931 ) ;
#1613 = ORIENTED_EDGE ( 'NONE', *, *, #3368, .T. ) ;
#1614 = AXIS2_PLACEMENT_3D ( 'NONE', #3095, #3431, #690 ) ;
#1615 = CARTESIAN_POINT ( 'NONE',  ( 0.02474184591747839029, 0.007508636352437217387, 0.006249999999999984734 ) ) ;
#1616 = ORIENTED_EDGE ( 'NONE', *, *, #3129, .T. ) ;
#1617 = DIRECTION ( 'NONE',  ( -0.06090368020761618290, -0.0000000000000000000, -0.9981436478469261075 ) ) ;
#1618 = CARTESIAN_POINT ( 'NONE',  ( 0.02486505031939183902, 0.006747340349842233416, 0.006249999999999985602 ) ) ;
#1619 = CARTESIAN_POINT ( 'NONE',  ( 0.0004581540825216300506, 0.007508636352437183560, -0.07775000000000002742 ) ) ;
#1620 = PRESENTATION_LAYER_ASSIGNMENT (  '', '', ( #1755 ) ) ;
#1621 = EDGE_CURVE ( 'NONE', #2644, #4215, #724, .T. ) ;
#1622 = EDGE_CURVE ( 'NONE', #2933, #4166, #2459, .T. ) ;
#1623 = EDGE_CURVE ( 'NONE', #3147, #4349, #73, .T. ) ;
#1624 = DIRECTION ( 'NONE',  ( -0.06090368020760787010, -0.9981436478469266627, 1.836970198721029688E-16 ) ) ;
#1625 = ORIENTED_EDGE ( 'NONE', *, *, #4063, .T. ) ;
#1626 = CIRCLE ( 'NONE', #1731, 0.006250000000000000347 ) ;
#1627 = DIRECTION ( 'NONE',  ( -0.06090368020761630780, 0.0000000000000000000, -0.9981436478469262186 ) ) ;
#1628 = CARTESIAN_POINT ( 'NONE',  ( 0.01531329156697945615, 0.03986687287272481367, -0.06602144728134959339 ) ) ;
#1629 = CARTESIAN_POINT ( 'NONE',  ( 0.06675806486538812812, 0.04103054885842852967, -8.537024980200822558E-18 ) ) ;
#1630 = DIRECTION ( 'NONE',  ( -0.06090368020760787010, -0.9981436478469266627, 1.836970198721029688E-16 ) ) ;
#1631 = ADVANCED_FACE ( 'NONE', ( #395 ), #3122, .T. ) ;
#1632 = CARTESIAN_POINT ( 'NONE',  ( 0.01259999999999992203, -8.537024980200822558E-18, -0.02699999999999998582 ) ) ;
#1633 = CIRCLE ( 'NONE', #3775, 0.006250000000000002082 ) ;
#1634 = CARTESIAN_POINT ( 'NONE',  ( 0.01835695520193792937, 0.06750000000000001832, -0.04464990085713105294 ) ) ;
#1635 = ORIENTED_EDGE ( 'NONE', *, *, #2579, .T. ) ;
#1636 = CIRCLE ( 'NONE', #3925, 0.006249999999999996010 ) ;
#1637 = ORIENTED_EDGE ( 'NONE', *, *, #3806, .F. ) ;
#1638 = CARTESIAN_POINT ( 'NONE',  ( 0.08717268464222528712, 0.01557867000143440574, -0.006250000000000043715 ) ) ;
#1639 = ORIENTED_EDGE ( 'NONE', *, *, #986, .T. ) ;
#1640 = CARTESIAN_POINT ( 'NONE',  ( 0.05828279716464875720, 0.02656923049056946276, -0.07150000000000000799 ) ) ;
#1641 = CARTESIAN_POINT ( 'NONE',  ( 0.01221935199870241920, 0.006238397799043306040, -0.01484493141924171644 ) ) ;
#1642 = CARTESIAN_POINT ( 'NONE',  ( -0.01157268464222517036, 0.01557867000143446819, -0.06525000000000001632 ) ) ;
#1643 = ORIENTED_EDGE ( 'NONE', *, *, #3644, .F. ) ;
#1644 = CARTESIAN_POINT ( 'NONE',  ( 0.0000000000000000000, 0.0000000000000000000, -0.03575000000000000400 ) ) ;
#1645 = CARTESIAN_POINT ( 'NONE',  ( 0.05325957162211410190, 0.04062676086936067854, -0.06526155928471367995 ) ) ;
#1646 = CARTESIAN_POINT ( 'NONE',  ( 0.05039999999999991015, 4.301860243929320862E-18, -0.04450000000000001177 ) ) ;
#1647 = ADVANCED_FACE ( 'NONE', ( #52 ), #3139, .T. ) ;
#1648 = CARTESIAN_POINT ( 'NONE',  ( 0.07712119496369210236, 0.02618858248927189922, -0.06525000000000000244 ) ) ;
#1649 = CARTESIAN_POINT ( 'NONE',  ( 0.01095560063439472188, 0.02694987849186703324, -0.006250000000000008153 ) ) ;
#1650 = ADVANCED_FACE ( 'NONE', ( #3456 ), #1413, .T. ) ;
#1651 = ADVANCED_FACE ( 'NONE', ( #1889 ), #3932, .T. ) ;
#1652 = FACE_OUTER_BOUND ( 'NONE', #3371, .T. ) ;
#1653 = CYLINDRICAL_SURFACE ( 'NONE', #1695, 0.006250000000000002082 ) ;
#1654 = ORIENTED_EDGE ( 'NONE', *, *, #3986, .F. ) ;
#1655 = ORIENTED_EDGE ( 'NONE', *, *, #677, .T. ) ;
#1656 = DIRECTION ( 'NONE',  ( 0.9981436478469266627, -0.06090368020760787010, 0.0000000000000000000 ) ) ;
#1657 = ORIENTED_EDGE ( 'NONE', *, *, #536, .T. ) ;
#1658 = CARTESIAN_POINT ( 'NONE',  ( 0.01560585167724870548, 0.04138664886599651566, -0.06450167128807778039 ) ) ;
#1659 = CARTESIAN_POINT ( 'NONE',  ( 0.01211855740289463808, 0.06750000000000001832, -0.04426925285583344777 ) ) ;
#1660 = VERTEX_POINT ( 'NONE', #2916 ) ;
#1661 = CARTESIAN_POINT ( 'NONE',  ( 0.004639603495711830047, 0.06126155928471367640, -0.05672361310499349218 ) ) ;
#1662 = AXIS2_PLACEMENT_3D ( 'NONE', #4313, #1580, #3299 ) ;
#1663 = DIRECTION ( 'NONE',  ( 0.06090368020760009854, -0.9981436478469269957, -4.883536246244055496E-16 ) ) ;
#1664 = CARTESIAN_POINT ( 'NONE',  ( 0.02160231536011885528, 0.05272361310499348863, -0.006238440715286352328 ) ) ;
#1665 = VECTOR ( 'NONE', #3546, 39.37007874015748854 ) ;
#1666 = ORIENTED_EDGE ( 'NONE', *, *, #2086, .T. ) ;
#1667 =( CONVERSION_BASED_UNIT ( 'INCH', #647 ) LENGTH_UNIT ( ) NAMED_UNIT ( #1711 ) );
#1668 = CIRCLE ( 'NONE', #1241, 0.006250000000000000347 ) ;
#1669 = EDGE_CURVE ( 'NONE', #849, #4367, #3520, .T. ) ;
#1670 = AXIS2_PLACEMENT_3D ( 'NONE', #3067, #2352, #3783 ) ;
#1671 = DIRECTION ( 'NONE',  ( 0.06067819015338399291, 0.003702398043258134028, 0.9981505144458120427 ) ) ;
#1672 = UNCERTAINTY_MEASURE_WITH_UNIT (LENGTH_MEASURE( 1.000000000000000082E-05 ), #628, 'distance_accuracy_value', 'NONE');
#1673 = VERTEX_POINT ( 'NONE', #3950 ) ;
#1674 = CIRCLE ( 'NONE', #3895, 0.02074999999999997333 ) ;
#1675 = EDGE_CURVE ( 'NONE', #485, #2332, #3566, .T. ) ;
#1676 = ORIENTED_EDGE ( 'NONE', *, *, #4120, .T. ) ;
#1677 = DIRECTION ( 'NONE',  ( -7.458549702253128292E-18, 1.222373423425002231E-16, 1.000000000000000000 ) ) ;
#1678 = ORIENTED_EDGE ( 'NONE', *, *, #399, .F. ) ;
#1679 = CIRCLE ( 'NONE', #1313, 0.006250000000000001214 ) ;
#1680 = CARTESIAN_POINT ( 'NONE',  ( 0.01095560063439472015, 0.02694987849186702977, -0.006250000000000017694 ) ) ;
#1681 = CARTESIAN_POINT ( 'NONE',  ( 0.03615560063439472727, 0.02694987849186702977, -6.702898519610803170E-18 ) ) ;
#1682 = CARTESIAN_POINT ( 'NONE',  ( -0.01285744359938408542, -0.005477101796448211046, -0.06397739905109460501 ) ) ;
#1683 = AXIS2_PLACEMENT_3D ( 'NONE', #559, #3549, #1871 ) ;
#1684 = FILL_AREA_STYLE_COLOUR ( '', #2603 ) ;
#1685 = EDGE_LOOP ( 'NONE', ( #2078, #4335, #1934, #1694, #4326, #3675 ) ) ;
#1686 = CARTESIAN_POINT ( 'NONE',  ( 0.02469614759678908159, -0.006999693801638404503, -0.06397739905109460501 ) ) ;
#1687 = CARTESIAN_POINT ( 'NONE',  ( 0.01424439936560546044, 0.02694987849186701243, -0.07150000000000000799 ) ) ;
#1688 = DIRECTION ( 'NONE',  ( 0.9981436478469271067, 0.06090368020759969608, 0.0000000000000000000 ) ) ;
#1689 = DIRECTION ( 'NONE',  ( 0.06090368020760782153, 0.9981436478469266627, 0.0000000000000000000 ) ) ;
#1690 = ORIENTED_EDGE ( 'NONE', *, *, #3129, .F. ) ;
#1691 = AXIS2_PLACEMENT_3D ( 'NONE', #2115, #370, #1749 ) ;
#1692 = CARTESIAN_POINT ( 'NONE',  ( 0.05686380610960395376, 0.07373844071528636024, -0.02682695915509867787 ) ) ;
#1693 = EDGE_CURVE ( 'NONE', #4226, #933, #4449, .T. ) ;
#1694 = ORIENTED_EDGE ( 'NONE', *, *, #1043, .T. ) ;
#1695 = AXIS2_PLACEMENT_3D ( 'NONE', #1634, #4013, #3286 ) ;
#1696 = ADVANCED_FACE ( 'NONE', ( #807 ), #1012, .T. ) ;
#1697 =( NAMED_UNIT ( * ) SI_UNIT ( $, .STERADIAN. ) SOLID_ANGLE_UNIT ( ) );
#1698 = ORIENTED_EDGE ( 'NONE', *, *, #2817, .F. ) ;
#1699 = CARTESIAN_POINT ( 'NONE',  ( 0.08769614759678906468, 0.006999693801638332512, -0.02699999999999999623 ) ) ;
#1700 = CYLINDRICAL_SURFACE ( 'NONE', #1768, 0.006250000000000000347 ) ;
#1701 = CARTESIAN_POINT ( 'NONE',  ( -0.0003806480012975011471, -0.006238397799043300836, -0.04450000000000000483 ) ) ;
#1702 = EDGE_CURVE ( 'NONE', #2080, #4207, #799, .T. ) ;
#1703 = CIRCLE ( 'NONE', #1778, 0.02074999999999999414 ) ;
#1704 = ORIENTED_EDGE ( 'NONE', *, *, #1675, .T. ) ;
#1705 = DIRECTION ( 'NONE',  ( 0.06090368020760870277, 0.9981436478469265516, 0.0000000000000000000 ) ) ;
#1706 = ORIENTED_EDGE ( 'NONE', *, *, #2744, .T. ) ;
#1707 = FACE_OUTER_BOUND ( 'NONE', #269, .T. ) ;
#1708 = DIRECTION ( 'NONE',  ( -0.9981436478469265516, 0.06090368020760864032, 0.0000000000000000000 ) ) ;
#1709 = CARTESIAN_POINT ( 'NONE',  ( 0.07560000000000000053, -1.340011392983319400E-16, -0.03575000000000001094 ) ) ;
#1710 = DIRECTION ( 'NONE',  ( -0.06090368020760231899, 0.9981436478469271067, -1.070324384677690174E-15 ) ) ;
#1711 = DIMENSIONAL_EXPONENTS ( 1.000000000000000000, 0.0000000000000000000, 0.0000000000000000000, 0.0000000000000000000, 0.0000000000000000000, 0.0000000000000000000, 0.0000000000000000000 ) ;
#1712 = ORIENTED_EDGE ( 'NONE', *, *, #3868, .T. ) ;
#1713 = CARTESIAN_POINT ( 'NONE',  ( 0.03779999999999992394, 0.006249999999999997745, -0.04450000000000001177 ) ) ;
#1714 = CARTESIAN_POINT ( 'NONE',  ( 0.05100464699901922222, 0.06750000000000001832, -0.02646945114157141579 ) ) ;
#1715 = ORIENTED_EDGE ( 'NONE', *, *, #3483, .F. ) ;
#1716 = ORIENTED_EDGE ( 'NONE', *, *, #3898, .T. ) ;
#1717 = DIRECTION ( 'NONE',  ( 0.06090368020759949486, -0.9981436478469272178, -4.883536246244056482E-16 ) ) ;
#1718 = CARTESIAN_POINT ( 'NONE',  ( 0.03420231536011885537, 0.05272361310499350251, -0.006238440715286335848 ) ) ;
#1719 = CARTESIAN_POINT ( 'NONE',  ( 0.06135560063439472744, 0.02694987849186702283, -0.02699999999999999969 ) ) ;
#1720 = VERTEX_POINT ( 'NONE', #138 ) ;
#1721 = CARTESIAN_POINT ( 'NONE',  ( 0.02684439936560546053, 0.02694987849186700549, -0.06525000000000003020 ) ) ;
#1722 = VERTEX_POINT ( 'NONE', #2541 ) ;
#1723 = EDGE_CURVE ( 'NONE', #4258, #1722, #1373, .T. ) ;
#1724 = CARTESIAN_POINT ( 'NONE',  ( 0.01095560063439472188, 0.02694987849186702283, -0.02699999999999999969 ) ) ;
#1725 = CARTESIAN_POINT ( 'NONE',  ( 0.03144999999999992246, 1.570519796481853508E-17, -0.02699999999999999276 ) ) ;
#1726 = CARTESIAN_POINT ( 'NONE',  ( 0.07935806486538815596, 0.04103054885842855048, -2.561107494060243994E-17 ) ) ;
#1727 = DIRECTION ( 'NONE',  ( 0.9981436478469266627, -0.06090368020760787010, 0.0000000000000000000 ) ) ;
#1728 = VERTEX_POINT ( 'NONE', #118 ) ;
#1729 = CIRCLE ( 'NONE', #1595, 0.006250000000000000347 ) ;
#1730 = CARTESIAN_POINT ( 'NONE',  ( 0.05615695520193793311, 0.06750000000000001832, -0.04464990085713105988 ) ) ;
#1731 = AXIS2_PLACEMENT_3D ( 'NONE', #3234, #2567, #3917 ) ;
#1732 = DIRECTION ( 'NONE',  ( 1.000000000000000000, 0.0000000000000000000, 5.463695987328526437E-15 ) ) ;
#1733 = CARTESIAN_POINT ( 'NONE',  ( 0.07559999999999998666, 0.006249999999999906672, -0.07775000000000001354 ) ) ;
#1734 = CIRCLE ( 'NONE', #434, 0.006250000000000000347 ) ;
#1735 = STYLED_ITEM ( 'NONE', ( #55 ), #247 ) ;
#1736 = AXIS2_PLACEMENT_3D ( 'NONE', #587, #2590, #153 ) ;
#1737 = ORIENTED_EDGE ( 'NONE', *, *, #1090, .F. ) ;
#1738 = AXIS2_PLACEMENT_3D ( 'NONE', #2592, #4011, #3965 ) ;
#1739 = ORIENTED_EDGE ( 'NONE', *, *, #3755, .F. ) ;
#1740 = CARTESIAN_POINT ( 'NONE',  ( 0.02684439936560546053, 0.02694987849186700549, -0.07775000000000002742 ) ) ;
#1741 = DIRECTION ( 'NONE',  ( 0.9962975955892292568, -0.06079103973086836393, -0.06079103973087373464 ) ) ;
#1742 = DIRECTION ( 'NONE',  ( 0.9981436478469271067, 0.06090368020759995282, 0.0000000000000000000 ) ) ;
#1743 = CIRCLE ( 'NONE', #2037, 0.006250000000000004684 ) ;
#1744 = ORIENTED_EDGE ( 'NONE', *, *, #564, .T. ) ;
#1745 = VECTOR ( 'NONE', #2805, 39.37007874015748143 ) ;
#1746 = FACE_OUTER_BOUND ( 'NONE', #2430, .T. ) ;
#1747 = EDGE_LOOP ( 'NONE', ( #4146, #883, #1625, #1379, #1468, #1151 ) ) ;
#1748 = CARTESIAN_POINT ( 'NONE',  ( 0.06875695520193794708, 0.06750000000000000444, -0.04464990085713104601 ) ) ;
#1749 = DIRECTION ( 'NONE',  ( 1.365923996832129440E-15, 0.0000000000000000000, -1.000000000000000000 ) ) ;
#1750 = EDGE_CURVE ( 'NONE', #3029, #1903, #2668, .T. ) ;
#1751 = DIRECTION ( 'NONE',  ( 0.06090368020761593310, 0.0000000000000000000, 0.9981436478469261075 ) ) ;
#1752 = CARTESIAN_POINT ( 'NONE',  ( 0.03151752605446934974, 0.07449832871192212103, -0.02758684715173461213 ) ) ;
#1753 = EDGE_CURVE ( 'NONE', #3078, #3066, #879, .T. ) ;
#1754 = VERTEX_POINT ( 'NONE', #3880 ) ;
#1755 = STYLED_ITEM ( 'NONE', ( #3222 ), #3507 ) ;
#1756 = DIRECTION ( 'NONE',  ( -3.450521692260709348E-17, 5.655021662317012109E-16, 1.000000000000000000 ) ) ;
#1757 = LENGTH_MEASURE_WITH_UNIT ( LENGTH_MEASURE( 0.02539999999999999897 ), #1832 );
#1758 = DIRECTION ( 'NONE',  ( 0.9981436478469266627, -0.06090368020760787010, 0.0000000000000000000 ) ) ;
#1759 = EDGE_CURVE ( 'NONE', #2935, #3594, #804, .T. ) ;
#1760 = CARTESIAN_POINT ( 'NONE',  ( 0.06014042837788619034, 0.04062676086936065079, -0.006238440715286324573 ) ) ;
#1761 = VERTEX_POINT ( 'NONE', #1232 ) ;
#1762 =( BOUNDED_SURFACE ( )  B_SPLINE_SURFACE ( 3, 3, ( 
 ( #3412, #328, #3387, #3034 ),
 ( #2972, #281, #1260, #2297 ),
 ( #990, #243, #2990, #3659 ),
 ( #2005, #4004, #4398, #1988 ) ),
 .UNSPECIFIED., .F., .F., .T. ) 
 B_SPLINE_SURFACE_WITH_KNOTS ( ( 4, 4 ),
 ( 4, 4 ),
 ( 0.0000000000000000000, 1.000000000000000000 ),
 ( 0.0000000000000000000, 1.000000000000000000 ),
 .UNSPECIFIED. ) 
 GEOMETRIC_REPRESENTATION_ITEM ( )  RATIONAL_B_SPLINE_SURFACE ( (
 ( 1.000000000000000000, 0.8047378541243649375, 0.8047378541243649375, 1.000000000000000000),
 ( 0.3333333333333347026, 0.2682459513747894042, 0.2682459513747894042, 0.3333333333333347026),
 ( 0.3333333333333347026, 0.2682459513747894042, 0.2682459513747894042, 0.3333333333333347026),
 ( 1.000000000000000000, 0.8047378541243649375, 0.8047378541243649375, 1.000000000000000000) ) ) 
 REPRESENTATION_ITEM ( '' )  SURFACE ( )  );
#1763 = CARTESIAN_POINT ( 'NONE',  ( 0.03181008616473863376, 0.07297855271865059945, -0.02606707115846271586 ) ) ;
#1764 = VERTEX_POINT ( 'NONE', #1552 ) ;
#1765 = DIRECTION ( 'NONE',  ( 0.9962975955892297009, 0.06079103973086141810, -0.06079103973087533058 ) ) ;
#1766 = DIRECTION ( 'NONE',  ( 0.9981436478469271067, 0.06090368020759973078, 0.0000000000000000000 ) ) ;
#1767 = CARTESIAN_POINT ( 'NONE',  ( 0.03741935199870241591, 0.006238397799043303438, -0.02699999999999998235 ) ) ;
#1768 = AXIS2_PLACEMENT_3D ( 'NONE', #4451, #3784, #2402 ) ;
#1769 = VECTOR ( 'NONE', #3096, 39.37007874015748143 ) ;
#1770 = CIRCLE ( 'NONE', #4214, 0.006250000000000000347 ) ;
#1771 = ORIENTED_EDGE ( 'NONE', *, *, #2635, .T. ) ;
#1772 = DIRECTION ( 'NONE',  ( 0.9981436478469271067, 0.06090368020759973078, 8.881784197001247393E-16 ) ) ;
#1773 = ORIENTED_EDGE ( 'NONE', *, *, #735, .F. ) ;
#1774 = FILL_AREA_STYLE ('',( #4202 ) ) ;
#1775 = ADVANCED_BREP_SHAPE_REPRESENTATION ( 'B05A4DEE-D817-47BD-850A-0E00422F99F7', ( #1810, #1885, #247, #686 ), #396 ) ;
#1776 = DIRECTION ( 'NONE',  ( -0.06090368020760011242, 0.9981436478469272178, 4.883536246244056482E-16 ) ) ;
#1777 = DIRECTION ( 'NONE',  ( -4.857225732735060850E-16, 1.012211148232467137E-15, -1.000000000000000000 ) ) ;
#1778 = AXIS2_PLACEMENT_3D ( 'NONE', #4440, #923, #641 ) ;
#1779 = CARTESIAN_POINT ( 'NONE',  ( 0.006463806109603958613, 0.07373844071528636024, -0.02682695915509865706 ) ) ;
#1780 = VERTEX_POINT ( 'NONE', #1210 ) ;
#1781 = DIRECTION ( 'NONE',  ( 0.06090368020761594003, 0.0000000000000000000, 0.9981436478469261075 ) ) ;
#1782 = CARTESIAN_POINT ( 'NONE',  ( 0.05686380610960396070, 0.07373844071528636024, -0.02682695915509867787 ) ) ;
#1783 = ADVANCED_FACE ( 'NONE', ( #3977 ), #3591, .T. ) ;
#1784 = EDGE_CURVE ( 'NONE', #2812, #1583, #1450, .T. ) ;
#1785 = CARTESIAN_POINT ( 'NONE',  ( 0.03830385240321104029, 0.006999693801638387156, -0.04450000000000001177 ) ) ;
#1786 = ORIENTED_EDGE ( 'NONE', *, *, #675, .T. ) ;
#1787 = CARTESIAN_POINT ( 'NONE',  ( 0.03256856354165572898, 0.06050167128807795724, -0.02611335113400341593 ) ) ;
#1788 = VERTEX_POINT ( 'NONE', #1891 ) ;
#1789 = CARTESIAN_POINT ( 'NONE',  ( -0.003758064865387832770, 0.04103054885842857824, -0.07150000000000000799 ) ) ;
#1790 = CARTESIAN_POINT ( 'NONE',  ( 0.02684439936560545706, 0.02694987849186700549, -0.07150000000000002187 ) ) ;
#1791 = CARTESIAN_POINT ( 'NONE',  ( 0.05065744359938404578, -0.005477101796448283905, -0.02699999999999996500 ) ) ;
#1792 = ORIENTED_EDGE ( 'NONE', *, *, #1811, .F. ) ;
#1793 = CARTESIAN_POINT ( 'NONE',  ( 0.03603239623248134099, 0.02771117449446203890, 0.006249999999999972591 ) ) ;
#1794 = VERTEX_POINT ( 'NONE', #1935 ) ;
#1795 = CARTESIAN_POINT ( 'NONE',  ( 0.02519999999999990997, 1.497314146918034752E-17, -0.04450000000000001177 ) ) ;
#1796 = DIRECTION ( 'NONE',  ( 0.0000000000000000000, 1.000000000000000000, 0.0000000000000000000 ) ) ;
#1797 = DIRECTION ( 'NONE',  ( 0.06090368020760839746, 0.9981436478469266627, 0.0000000000000000000 ) ) ;
#1798 = DIRECTION ( 'NONE',  ( 0.06090368020760786316, 0.9981436478469266627, 0.0000000000000000000 ) ) ;
#1799 = DIMENSIONAL_EXPONENTS ( 1.000000000000000000, 0.0000000000000000000, 0.0000000000000000000, 0.0000000000000000000, 0.0000000000000000000, 0.0000000000000000000, 0.0000000000000000000 ) ;
#1800 = ORIENTED_EDGE ( 'NONE', *, *, #2817, .T. ) ;
#1801 = DIRECTION ( 'NONE',  ( 0.06090368020761593310, 0.0000000000000000000, 0.9981436478469261075 ) ) ;
#1802 = DIRECTION ( 'NONE',  ( 0.9981436478469266627, -0.06090368020760787010, 0.0000000000000000000 ) ) ;
#1803 = CARTESIAN_POINT ( 'NONE',  ( 0.04875560063439472736, 0.02694987849186700549, -1.523992349981162727E-17 ) ) ;
#1804 = CIRCLE ( 'NONE', #2319, 0.006250000000000001214 ) ;
#1805 = CARTESIAN_POINT ( 'NONE',  ( 0.009740428377886198655, 0.04062676086936067160, -0.006238440715286328909 ) ) ;
#1806 = ORIENTED_EDGE ( 'NONE', *, *, #906, .T. ) ;
#1807 = CARTESIAN_POINT ( 'NONE',  ( 0.04829890575480350751, 0.04067304084490133698, 0.006238440715286333246 ) ) ;
#1808 = EDGE_CURVE ( 'NONE', #2909, #2103, #220, .T. ) ;
#1809 = AXIS2_PLACEMENT_3D ( 'NONE', #2259, #3619, #1920 ) ;
#1810 = MANIFOLD_SOLID_BREP ( '1st Term', #461 ) ;
#1811 = EDGE_CURVE ( 'NONE', #1045, #920, #1526, .T. ) ;
#1812 = ORIENTED_EDGE ( 'NONE', *, *, #363, .T. ) ;
#1813 = AXIS2_PLACEMENT_3D ( 'NONE', #669, #2991, #3324 ) ;
#1814 = DIRECTION ( 'NONE',  ( 0.06067819015337719973, 0.9981505144458123757, -0.003702398043258136196 ) ) ;
#1815 = CIRCLE ( 'NONE', #4247, 0.006250000000000000347 ) ;
#1816 = CARTESIAN_POINT ( 'NONE',  ( 0.05724304479806251872, 0.06750000000000001832, -0.02685009914286901403 ) ) ;
#1817 = CARTESIAN_POINT ( 'NONE',  ( -0.0002574435993840857619, -0.005477101796448209312, -0.06397739905109460501 ) ) ;
#1818 = EDGE_CURVE ( 'NONE', #496, #3711, #1374, .T. ) ;
#1819 = AXIS2_PLACEMENT_3D ( 'NONE', #871, #2250, #3275 ) ;
#1820 = VECTOR ( 'NONE', #2949, 39.37007874015748854 ) ;
#1821 = VERTEX_POINT ( 'NONE', #189 ) ;
#1822 = CARTESIAN_POINT ( 'NONE',  ( 0.03204304479806251854, 0.06750000000000001832, -0.02685009914286900709 ) ) ;
#1823 = EDGE_LOOP ( 'NONE', ( #1096, #1421, #3734, #1290, #2448, #2021 ) ) ;
#1824 = AXIS2_PLACEMENT_3D ( 'NONE', #2489, #2197, #1814 ) ;
#1825 = FILL_AREA_STYLE_COLOUR ( '', #2411 ) ;
#1826 = CARTESIAN_POINT ( 'NONE',  ( 0.03990109424519684006, 0.04067304084490137861, -0.07773844071528634991 ) ) ;
#1827 = CARTESIAN_POINT ( 'NONE',  ( 0.009316146340790752364, 0.06005715346344558253, 0.006238440715286332379 ) ) ;
#1828 = AXIS2_PLACEMENT_3D ( 'NONE', #1681, #2724, #2064 ) ;
#1829 = ORIENTED_EDGE ( 'NONE', *, *, #2142, .T. ) ;
#1830 = CARTESIAN_POINT ( 'NONE',  ( 0.05039999999999992403, 0.0000000000000000000, -0.02699999999999999623 ) ) ;
#1831 = AXIS2_PLACEMENT_3D ( 'NONE', #3511, #2239, #1183 ) ;
#1832 =( LENGTH_UNIT ( ) NAMED_UNIT ( * ) SI_UNIT ( $, .METRE. ) );
#1833 = DIRECTION ( 'NONE',  ( 0.06067819015337634625, 0.9981505144458123757, -0.003702398043258136196 ) ) ;
#1834 = CIRCLE ( 'NONE', #4338, 0.006250000000000001214 ) ;
#1835 = ORIENTED_EDGE ( 'NONE', *, *, #1479, .F. ) ;
#1836 = AXIS2_PLACEMENT_3D ( 'NONE', #2244, #1866, #1501 ) ;
#1837 = CARTESIAN_POINT ( 'NONE',  ( 0.08267600343138650776, 0.06202144728134939555, -0.02763312712727529832 ) ) ;
#1838 = VERTEX_POINT ( 'NONE', #1576 ) ;
#1839 = DIRECTION ( 'NONE',  ( -0.06090368020761609269, 0.0000000000000000000, -0.9981436478469259965 ) ) ;
#1840 = ADVANCED_FACE ( 'NONE', ( #2942 ), #2338, .T. ) ;
#1841 = CARTESIAN_POINT ( 'NONE',  ( 0.03095695520193792599, 0.06750000000000001832, -0.04464990085713102519 ) ) ;
#1842 = CARTESIAN_POINT ( 'NONE',  ( 0.01305815408252162906, 0.007508636352437183560, -0.07775000000000001354 ) ) ;
#1843 = ADVANCED_FACE ( 'NONE', ( #2377 ), #2850, .T. ) ;
#1844 = VERTEX_POINT ( 'NONE', #341 ) ;
#1845 = CARTESIAN_POINT ( 'NONE',  ( 0.02474184591747839723, 0.007508636352437217387, 0.006249999999999984734 ) ) ;
#1846 = ORIENTED_EDGE ( 'NONE', *, *, #1784, .F. ) ;
#1847 = CYLINDRICAL_SURFACE ( 'NONE', #1322, 0.006250000000000001214 ) ;
#1848 = ADVANCED_FACE ( 'NONE', ( #2709 ), #2358, .T. ) ;
#1849 = LINE ( 'NONE', #527, #3745 ) ;
#1850 = CARTESIAN_POINT ( 'NONE',  ( 0.07873757360407508676, 0.05929726546680966909, -0.07849832871192223560 ) ) ;
#1851 = AXIS2_PLACEMENT_3D ( 'NONE', #4131, #1049, #1906 ) ;
#1852 = ORIENTED_EDGE ( 'NONE', *, *, #1283, .F. ) ;
#1853 = DIRECTION ( 'NONE',  ( 0.9981436478469271067, 0.06090368020759995282, 0.0000000000000000000 ) ) ;
#1854 = CIRCLE ( 'NONE', #3708, 0.02074999999999999414 ) ;
#1855 = CARTESIAN_POINT ( 'NONE',  ( 0.03754255640061583688, 0.005477101796448309058, -0.01484493141924173379 ) ) ;
#1856 = DIRECTION ( 'NONE',  ( 0.9981436478469271067, 0.06090368020759969608, 8.881784197001245421E-16 ) ) ;
#1857 = CARTESIAN_POINT ( 'NONE',  ( 0.02160231536011885528, 0.05272361310499348863, -0.006238440715286352328 ) ) ;
#1858 = FACE_OUTER_BOUND ( 'NONE', #3159, .T. ) ;
#1859 = ORIENTED_EDGE ( 'NONE', *, *, #4029, .T. ) ;
#1860 = DIRECTION ( 'NONE',  ( 9.756599977372362721E-16, -1.905585933080539594E-18, 1.000000000000000000 ) ) ;
#1861 = CARTESIAN_POINT ( 'NONE',  ( 0.05653619389039654664, 0.07373844071528636024, -0.04467304084490143073 ) ) ;
#1862 = CARTESIAN_POINT ( 'NONE',  ( 0.06875695520193796095, 0.06750000000000001832, -0.04464990085713102519 ) ) ;
#1863 = ORIENTED_EDGE ( 'NONE', *, *, #985, .F. ) ;
#1864 = DIRECTION ( 'NONE',  ( 0.06090368020759906464, -0.9981436478469271067, 6.829619984160657060E-16 ) ) ;
#1865 = VERTEX_POINT ( 'NONE', #1721 ) ;
#1866 = DIRECTION ( 'NONE',  ( -5.610044986989106297E-15, 0.0000000000000000000, 1.000000000000000000 ) ) ;
#1867 = CARTESIAN_POINT ( 'NONE',  ( 0.02471855740289463643, 0.06750000000000001832, -0.04426925285583344777 ) ) ;
#1868 = CARTESIAN_POINT ( 'NONE',  ( 0.06628385365920970440, 0.06005715346344553396, -0.07773844071528632216 ) ) ;
#1869 = ADVANCED_FACE ( 'NONE', ( #2020 ), #708, .T. ) ;
#1870 = EDGE_LOOP ( 'NONE', ( #2267, #3944, #413, #1806, #2133, #3579 ) ) ;
#1871 = DIRECTION ( 'NONE',  ( -0.9981436478469265516, 0.06090368020760864032, 0.0000000000000000000 ) ) ;
#1872 = CARTESIAN_POINT ( 'NONE',  ( 0.04994184591747841129, 0.007508636352437196571, 0.006249999999999973459 ) ) ;
#1873 = CARTESIAN_POINT ( 'NONE',  ( 0.06688126926730156296, 0.04026925285583351360, -2.484567069113537361E-17 ) ) ;
#1874 = CARTESIAN_POINT ( 'NONE',  ( 0.01982228348652107647, 0.06126155928471368334, -0.02687323913063937100 ) ) ;
#1875 = DIRECTION ( 'NONE',  ( 0.9981436478469271067, 0.06090368020759995282, 0.0000000000000000000 ) ) ;
#1876 = EDGE_LOOP ( 'NONE', ( #1179, #2824, #3334, #3161, #3189, #632 ) ) ;
#1877 = DIRECTION ( 'NONE',  ( -0.06090368020761594003, -0.0000000000000000000, -0.9981436478469261075 ) ) ;
#1878 = DIRECTION ( 'NONE',  ( 0.9962975955892292568, -0.06079103973086836393, -0.06079103973087373464 ) ) ;
#1879 = DIRECTION ( 'NONE',  ( 0.9962975955892297009, 0.06079103973086141810, -0.06079103973087533058 ) ) ;
#1880 = AXIS2_PLACEMENT_3D ( 'NONE', #244, #1630, #4363 ) ;
#1881 = AXIS2_PLACEMENT_3D ( 'NONE', #1709, #1777, #712 ) ;
#1882 = ORIENTED_EDGE ( 'NONE', *, *, #1202, .T. ) ;
#1883 = CARTESIAN_POINT ( 'NONE',  ( 0.03133619389039653258, 0.07373844071528636024, -0.04467304084490138216 ) ) ;
#1884 = ORIENTED_EDGE ( 'NONE', *, *, #3126, .F. ) ;
#1885 = MANIFOLD_SOLID_BREP ( 'LPattern2', #24 ) ;
#1886 = LENGTH_MEASURE_WITH_UNIT ( LENGTH_MEASURE( 0.02539999999999999897 ), #3607 );
#1887 = STYLED_ITEM ( 'NONE', ( #620 ), #1885 ) ;
#1888 = CARTESIAN_POINT ( 'NONE',  ( 0.06984304479806252575, 0.06750000000000000444, -0.02685009914286900015 ) ) ;
#1889 = FACE_OUTER_BOUND ( 'NONE', #1876, .T. ) ;
#1890 = AXIS2_PLACEMENT_3D ( 'NONE', #2040, #1656, #3020 ) ;
#1891 = CARTESIAN_POINT ( 'NONE',  ( 0.07395560063439471365, 0.02694987849186700896, 0.006249999999999965652 ) ) ;
#1892 = VERTEX_POINT ( 'NONE', #2088 ) ;
#1893 = CARTESIAN_POINT ( 'NONE',  ( 0.03404193513461217790, 0.04103054885842857824, -0.07150000000000002187 ) ) ;
#1894 = DIRECTION ( 'NONE',  ( 0.9981436478469261075, -1.365923996832130623E-15, -0.06090368020761610657 ) ) ;
#1895 = CARTESIAN_POINT ( 'NONE',  ( 0.04317771651347933337, 0.06126155928471369028, -0.04462676086936068903 ) ) ;
#1896 = ADVANCED_FACE ( 'NONE', ( #1746 ), #1937, .T. ) ;
#1897 = AXIS2_PLACEMENT_3D ( 'NONE', #2913, #1254, #3653 ) ;
#1898 = CARTESIAN_POINT ( 'NONE',  ( 0.03531966706634483838, 0.04064990085713104245, -8.537024980200822558E-18 ) ) ;
#1899 = AXIS2_PLACEMENT_3D ( 'NONE', #744, #2160, #3521 ) ;
#1900 = VERTEX_POINT ( 'NONE', #2865 ) ;
#1901 = ADVANCED_FACE ( 'NONE', ( #3810 ), #1523, .T. ) ;
#1902 = CARTESIAN_POINT ( 'NONE',  ( 0.04414999999999992542, 4.268512490100411279E-18, -0.02699999999999999969 ) ) ;
#1903 = VERTEX_POINT ( 'NONE', #3835 ) ;
#1904 = CARTESIAN_POINT ( 'NONE',  ( 0.03779999999999992394, -0.006250000000000003816, -0.04450000000000001177 ) ) ;
#1905 = PRESENTATION_LAYER_ASSIGNMENT (  '', '', ( #1542 ) ) ;
#1906 = DIRECTION ( 'NONE',  ( 0.06067819015338501987, 0.003702398043258134028, 0.9981505144458119316 ) ) ;
#1907 = DIRECTION ( 'NONE',  ( -0.06090368020760870277, -0.9981436478469265516, -0.0000000000000000000 ) ) ;
#1908 = ORIENTED_EDGE ( 'NONE', *, *, #4359, .T. ) ;
#1909 = CARTESIAN_POINT ( 'NONE',  ( 0.04051329156697944939, 0.03986687287272480673, -0.06602144728134962115 ) ) ;
#1910 = ORIENTED_EDGE ( 'NONE', *, *, #2442, .F. ) ;
#1911 = CARTESIAN_POINT ( 'NONE',  ( 0.03731855740289465040, 0.06750000000000001832, -0.04426925285583346165 ) ) ;
#1912 = DIRECTION ( 'NONE',  ( -0.06090368020760839052, -0.9981436478469265516, -0.0000000000000000000 ) ) ;
#1913 = DIRECTION ( 'NONE',  ( -3.450521692260709348E-17, 5.655021662317012109E-16, 1.000000000000000000 ) ) ;
#1914 = CARTESIAN_POINT ( 'NONE',  ( 0.06913619389039654672, 0.07373844071528633248, -0.04467304084490139604 ) ) ;
#1915 = ORIENTED_EDGE ( 'NONE', *, *, #3644, .T. ) ;
#1916 = DIRECTION ( 'NONE',  ( 0.06067819015338944688, 0.003702398043258133594, 0.9981505144458115986 ) ) ;
#1917 = CARTESIAN_POINT ( 'NONE',  ( 0.01259999999999992203, -8.537024980200822558E-18, -0.02699999999999998582 ) ) ;
#1918 = DIRECTION ( 'NONE',  ( 0.0000000000000000000, 1.905585933080539594E-18, -1.000000000000000000 ) ) ;
#1919 = CARTESIAN_POINT ( 'NONE',  ( 0.003881269267301546040, 0.04026925285583352054, 7.654042494670948300E-19 ) ) ;
#1920 = DIRECTION ( 'NONE',  ( -0.06090368020761621759, 0.0000000000000000000, -0.9981436478469259965 ) ) ;
#1921 = DIRECTION ( 'NONE',  ( -4.857225732735060850E-16, 1.012211148232467137E-15, -1.000000000000000000 ) ) ;
#1922 = CIRCLE ( 'NONE', #4426, 0.006250000000000002082 ) ;
#1923 = EDGE_CURVE ( 'NONE', #920, #2629, #3384, .T. ) ;
#1924 = EDGE_CURVE ( 'NONE', #3971, #1900, #2246, .T. ) ;
#1925 = ORIENTED_EDGE ( 'NONE', *, *, #3864, .T. ) ;
#1926 = CARTESIAN_POINT ( 'NONE',  ( 0.01221935199870242093, 0.006238397799043290427, -0.02699999999999998582 ) ) ;
#1927 = FACE_OUTER_BOUND ( 'NONE', #3290, .T. ) ;
#1928 = CARTESIAN_POINT ( 'NONE',  ( 0.07064656552361697761, 0.07373844071528636024, -0.007442846536554512116 ) ) ;
#1929 = ORIENTED_EDGE ( 'NONE', *, *, #1128, .F. ) ;
#1930 = FACE_OUTER_BOUND ( 'NONE', #2837, .T. ) ;
#1931 = VERTEX_POINT ( 'NONE', #1097 ) ;
#1932 = DIRECTION ( 'NONE',  ( 0.0000000000000000000, 1.905585933080539594E-18, -1.000000000000000000 ) ) ;
#1933 = DIRECTION ( 'NONE',  ( 4.878299988686181360E-16, -1.905585933080539594E-18, 1.000000000000000000 ) ) ;
#1934 = ORIENTED_EDGE ( 'NONE', *, *, #1175, .F. ) ;
#1935 = CARTESIAN_POINT ( 'NONE',  ( 0.07521935199870243005, 0.006238397799043320785, -0.02700000000000000663 ) ) ;
#1936 = ORIENTED_EDGE ( 'NONE', *, *, #97, .F. ) ;
#1937 =( BOUNDED_SURFACE ( )  B_SPLINE_SURFACE ( 3, 3, ( 
 ( #638, #304, #26, #4418 ),
 ( #3408, #1477, #2449, #2112 ),
 ( #2181, #1429, #4174, #3474 ),
 ( #3184, #4154, #4220, #3160 ) ),
 .UNSPECIFIED., .F., .F., .F. ) 
 B_SPLINE_SURFACE_WITH_KNOTS ( ( 4, 4 ),
 ( 4, 4 ),
 ( 0.0000000000000000000, 1.000000000000000000 ),
 ( 0.0000000000000000000, 1.000000000000000000 ),
 .UNSPECIFIED. ) 
 GEOMETRIC_REPRESENTATION_ITEM ( )  RATIONAL_B_SPLINE_SURFACE ( (
 ( 1.000000000000000000, 0.8056113254483424635, 0.8056113254483424635, 1.000000000000000000),
 ( 0.3333333333333327597, 0.2685371084827803401, 0.2685371084827803401, 0.3333333333333327597),
 ( 0.3333333333333327597, 0.2685371084827803401, 0.2685371084827803401, 0.3333333333333327597),
 ( 1.000000000000000000, 0.8056113254483424635, 0.8056113254483424635, 1.000000000000000000) ) ) 
 REPRESENTATION_ITEM ( '' )  SURFACE ( )  );
#1938 = CARTESIAN_POINT ( 'NONE',  ( 0.06135560063439472744, 0.02694987849186702630, -0.006250000000000014225 ) ) ;
#1939 = CARTESIAN_POINT ( 'NONE',  ( 0.03830385240321084600, -0.006999693801638273531, -0.007522600948905429005 ) ) ;
#1940 = DIRECTION ( 'NONE',  ( 0.9981436478469271067, 0.06090368020759995282, 0.0000000000000000000 ) ) ;
#1941 = ORIENTED_EDGE ( 'NONE', *, *, #3396, .F. ) ;
#1942 = CARTESIAN_POINT ( 'NONE',  ( 0.06338064800129743215, -0.006238397799043290427, -0.02699999999999998582 ) ) ;
#1943 = CARTESIAN_POINT ( 'NONE',  ( 0.02145603530498422715, 0.05348350110162927024, -0.006998328711922250159 ) ) ;
#1944 = LINE ( 'NONE', #3304, #4423 ) ;
#1945 = EDGE_CURVE ( 'NONE', #1844, #3952, #4319, .T. ) ;
#1946 = UNCERTAINTY_MEASURE_WITH_UNIT (LENGTH_MEASURE( 1.000000000000000082E-05 ), #1309, 'distance_accuracy_value', 'NONE');
#1947 = DIRECTION ( 'NONE',  ( 0.9981436478469271067, 0.06090368020759973078, 8.881784197001250351E-16 ) ) ;
#1948 = EDGE_CURVE ( 'NONE', #3875, #62, #3876, .T. ) ;
#1949 = VERTEX_POINT ( 'NONE', #437 ) ;
#1950 = CARTESIAN_POINT ( 'NONE',  ( 0.04303143645834469483, 0.06050167128807786010, -0.04538664886599658166 ) ) ;
#1951 = ORIENTED_EDGE ( 'NONE', *, *, #986, .F. ) ;
#1952 = CARTESIAN_POINT ( 'NONE',  ( 0.01095560063439472015, 0.02694987849186704018, 0.006249999999999983867 ) ) ;
#1953 = EDGE_CURVE ( 'NONE', #2746, #1428, #2963, .T. ) ;
#1954 = DIRECTION ( 'NONE',  ( -0.06090368020761594003, -0.0000000000000000000, -0.9981436478469261075 ) ) ;
#1955 = CARTESIAN_POINT ( 'NONE',  ( 0.05065744359938417762, 0.005477101796448164209, -0.05665506858075829155 ) ) ;
#1956 = ADVANCED_FACE ( 'NONE', ( #2471 ), #2079, .T. ) ;
#1957 = AXIS2_PLACEMENT_3D ( 'NONE', #3280, #585, #245 ) ;
#1958 = VERTEX_POINT ( 'NONE', #2154 ) ;
#1959 = ORIENTED_EDGE ( 'NONE', *, *, #3127, .F. ) ;
#1960 = DIRECTION ( 'NONE',  ( -0.06090368020761641882, -0.0000000000000000000, -0.9981436478469261075 ) ) ;
#1961 = CIRCLE ( 'NONE', #1445, 0.006250000000000000347 ) ;
#1962 = DIRECTION ( 'NONE',  ( -0.06090368020761594003, -0.0000000000000000000, -0.9981436478469261075 ) ) ;
#1963 = CYLINDRICAL_SURFACE ( 'NONE', #3097, 0.006250000000000000347 ) ;
#1964 = DIRECTION ( 'NONE',  ( -7.458549702253128292E-18, 1.222373423425002231E-16, 1.000000000000000000 ) ) ;
#1965 = AXIS2_PLACEMENT_3D ( 'NONE', #2639, #1921, #2996 ) ;
#1966 = AXIS2_PLACEMENT_3D ( 'NONE', #322, #300, #1002 ) ;
#1967 = DIRECTION ( 'NONE',  ( -0.06090368020761468409, 0.0000000000000000000, -0.9981436478469262186 ) ) ;
#1968 = CARTESIAN_POINT ( 'NONE',  ( 0.02558064800129760188, 0.006238397799043293029, -0.04450000000000001177 ) ) ;
#1969 = AXIS2_PLACEMENT_3D ( 'NONE', #2595, #1879, #3942 ) ;
#1970 = CARTESIAN_POINT ( 'NONE',  ( 0.02494255640061587495, 0.005477101796448285639, -0.02699999999999998235 ) ) ;
#1971 = LINE ( 'NONE', #4345, #1126 ) ;
#1972 = CARTESIAN_POINT ( 'NONE',  ( 0.05954859541525353572, 0.05196372510835774866, -0.005478552718650353884 ) ) ;
#1973 = AXIS2_PLACEMENT_3D ( 'NONE', #2780, #344, #1054 ) ;
#1974 = EDGE_CURVE ( 'NONE', #1660, #228, #3203, .T. ) ;
#1975 = ORIENTED_EDGE ( 'NONE', *, *, #2219, .F. ) ;
#1976 = CARTESIAN_POINT ( 'NONE',  ( 0.01107880503630815847, 0.02618858248927203106, -0.006250000000000005551 ) ) ;
#1977 = ORIENTED_EDGE ( 'NONE', *, *, #2258, .T. ) ;
#1978 = DIRECTION ( 'NONE',  ( 0.06090368020759979323, -0.9981436478469269957, -4.883536246244055496E-16 ) ) ;
#1979 = CARTESIAN_POINT ( 'NONE',  ( 0.03741935199870242978, 0.006238397799043312979, -0.01484493141924171644 ) ) ;
#1980 = CARTESIAN_POINT ( 'NONE',  ( 0.01470109424519682080, 0.04067304084490138555, -0.07773844071528634991 ) ) ;
#1981 = AXIS2_PLACEMENT_3D ( 'NONE', #4351, #1617, #2017 ) ;
#1982 = CARTESIAN_POINT ( 'NONE',  ( 0.01436760376751885712, 0.02771117449446210482, -0.06525000000000001632 ) ) ;
#1983 = ORIENTED_EDGE ( 'NONE', *, *, #699, .F. ) ;
#1984 = EDGE_CURVE ( 'NONE', #3341, #2135, #2529, .T. ) ;
#1985 = EDGE_CURVE ( 'NONE', #784, #2113, #586, .T. ) ;
#1986 = FACE_OUTER_BOUND ( 'NONE', #3821, .T. ) ;
#1987 = CARTESIAN_POINT ( 'NONE',  ( 0.03284656552361697041, 0.07373844071528637412, -0.007442846536554512116 ) ) ;
#1988 = CARTESIAN_POINT ( 'NONE',  ( 0.06464439936560548161, 0.02694987849186700549, -0.06525000000000001632 ) ) ;
#1989 = CARTESIAN_POINT ( 'NONE',  ( 0.01982228348652107647, 0.06126155928471368334, -0.02687323913063937100 ) ) ;
#1990 = PRESENTATION_LAYER_ASSIGNMENT (  '', '', ( #976 ) ) ;
#1991 = FACE_OUTER_BOUND ( 'NONE', #96, .T. ) ;
#1992 = CARTESIAN_POINT ( 'NONE',  ( 0.06571329156697945650, 0.03986687287272481367, -0.06602144728134960727 ) ) ;
#1993 = CIRCLE ( 'NONE', #2276, 0.006250000000000002949 ) ;
#1994 = ORIENTED_EDGE ( 'NONE', *, *, #2228, .T. ) ;
#1995 = ORIENTED_EDGE ( 'NONE', *, *, #2732, .T. ) ;
#1996 = CARTESIAN_POINT ( 'NONE',  ( 0.03944439936560546756, 0.02694987849186701243, -0.07150000000000002187 ) ) ;
#1997 = ORIENTED_EDGE ( 'NONE', *, *, #4257, .F. ) ;
#1998 = CARTESIAN_POINT ( 'NONE',  ( 0.03015343447638357821, 0.07373844071528636024, -0.06405715346344555139 ) ) ;
#1999 = CARTESIAN_POINT ( 'NONE',  ( 0.02558064800129759495, 0.006238397799043293029, -0.04450000000000000483 ) ) ;
#2000 = CARTESIAN_POINT ( 'NONE',  ( -0.01083239623248112397, 0.02771117449446210829, -0.06525000000000001632 ) ) ;
#2001 = ORIENTED_EDGE ( 'NONE', *, *, #3780, .T. ) ;
#2002 = DIRECTION ( 'NONE',  ( 0.06090368020760802970, 0.9981436478469266627, 0.0000000000000000000 ) ) ;
#2003 = CARTESIAN_POINT ( 'NONE',  ( 0.01858991383526189742, 0.07297855271865050231, -0.04543292884153732336 ) ) ;
#2004 = ADVANCED_FACE ( 'NONE', ( #3220 ), #3993, .T. ) ;
#2005 = CARTESIAN_POINT ( 'NONE',  ( 0.06338064800129761256, 0.006238397799043285223, -0.04450000000000000483 ) ) ;
#2006 = ADVANCED_FACE ( 'NONE', ( #1251 ), #3945, .T. ) ;
#2007 = EDGE_CURVE ( 'NONE', #283, #2957, #4034, .T. ) ;
#2008 = EDGE_LOOP ( 'NONE', ( #3094, #1835 ) ) ;
#2009 = EDGE_CURVE ( 'NONE', #407, #3692, #2266, .T. ) ;
#2010 = CARTESIAN_POINT ( 'NONE',  ( 0.08019399843343803791, 0.02733052649316450658, -3.231397346021327238E-17 ) ) ;
#2011 = CARTESIAN_POINT ( 'NONE',  ( 0.05399768463988154077, 0.05272361310499346781, -0.06526155928471370771 ) ) ;
#2012 = CARTESIAN_POINT ( 'NONE',  ( 0.06360464699901924313, 0.06750000000000000444, -0.02646945114157139844 ) ) ;
#2013 = ORIENTED_EDGE ( 'NONE', *, *, #1923, .T. ) ;
#2014 = ORIENTED_EDGE ( 'NONE', *, *, #676, .F. ) ;
#2015 = CARTESIAN_POINT ( 'NONE',  ( 0.07514184591747841147, 0.007508636352437200040, 0.006249999999999975193 ) ) ;
#2016 = VERTEX_POINT ( 'NONE', #4286 ) ;
#2017 = DIRECTION ( 'NONE',  ( 0.9981436478469261075, 0.0000000000000000000, -0.06090368020761610657 ) ) ;
#2018 = DIRECTION ( 'NONE',  ( 0.06090368020759906464, -0.9981436478469271067, 0.0000000000000000000 ) ) ;
#2019 = CARTESIAN_POINT ( 'NONE',  ( 0.02833757360407504478, 0.05929726546680968297, -0.07849832871192229111 ) ) ;
#2020 = FACE_OUTER_BOUND ( 'NONE', #340, .T. ) ;
#2021 = ORIENTED_EDGE ( 'NONE', *, *, #600, .T. ) ;
#2022 = CARTESIAN_POINT ( 'NONE',  ( 0.02469614759678908505, -0.006999693801638399299, -0.04450000000000000483 ) ) ;
#2023 = DIRECTION ( 'NONE',  ( 0.9981436478469271067, 0.06090368020759977241, 0.0000000000000000000 ) ) ;
#2024 = CARTESIAN_POINT ( 'NONE',  ( 0.01719399843343802012, 0.02733052649316452393, -6.702898519610804710E-18 ) ) ;
#2025 = CARTESIAN_POINT ( 'NONE',  ( 0.07593494968060826578, 0.006747340349842075556, -0.07775000000000001354 ) ) ;
#2026 =( BOUNDED_SURFACE ( )  B_SPLINE_SURFACE ( 3, 3, ( 
 ( #4280, #2555, #130, #3900 ),
 ( #2217, #455, #862, #3922 ),
 ( #3874, #3575, #1446, #3941 ),
 ( #2237, #2198, #3601, #4235 ) ),
 .UNSPECIFIED., .F., .F., .F. ) 
 B_SPLINE_SURFACE_WITH_KNOTS ( ( 4, 4 ),
 ( 4, 4 ),
 ( 0.0000000000000000000, 1.000000000000000000 ),
 ( 0.0000000000000000000, 1.000000000000000000 ),
 .UNSPECIFIED. ) 
 GEOMETRIC_REPRESENTATION_ITEM ( )  RATIONAL_B_SPLINE_SURFACE ( (
 ( 1.000000000000000000, 0.8056113254483424635, 0.8056113254483424635, 1.000000000000000000),
 ( 0.3333333333333335369, 0.2685371084827810062, 0.2685371084827810062, 0.3333333333333335369),
 ( 0.3333333333333335369, 0.2685371084827810062, 0.2685371084827810062, 0.3333333333333335369),
 ( 1.000000000000000000, 0.8056113254483424635, 0.8056113254483424635, 1.000000000000000000) ) ) 
 REPRESENTATION_ITEM ( '' )  SURFACE ( )  );
#2027 = CIRCLE ( 'NONE', #2168, 0.006250000000000002949 ) ;
#2028 = EDGE_CURVE ( 'NONE', #3903, #2710, #1304, .T. ) ;
#2029 = ORIENTED_EDGE ( 'NONE', *, *, #2058, .T. ) ;
#2030 = EDGE_CURVE ( 'NONE', #752, #4128, #808, .T. ) ;
#2031 = AXIS2_PLACEMENT_3D ( 'NONE', #3429, #3358, #4088 ) ;
#2032 = CARTESIAN_POINT ( 'NONE',  ( 0.06464439936560546773, 0.02694987849186702283, -0.07150000000000002187 ) ) ;
#2033 = CIRCLE ( 'NONE', #654, 0.006250000000000009888 ) ;
#2034 = CIRCLE ( 'NONE', #660, 0.006250000000000002082 ) ;
#2035 = CARTESIAN_POINT ( 'NONE',  ( 0.05925603530498426558, 0.05348350110162920779, -0.006998328711922297864 ) ) ;
#2036 = EDGE_LOOP ( 'NONE', ( #670, #891, #2860, #1577, #757, #3715 ) ) ;
#2037 = AXIS2_PLACEMENT_3D ( 'NONE', #2216, #1877, #2554 ) ;
#2038 =( CONVERSION_BASED_UNIT ( 'INCH', #1353 ) LENGTH_UNIT ( ) NAMED_UNIT ( #2830 ) );
#2039 = VERTEX_POINT ( 'NONE', #848 ) ;
#2040 = CARTESIAN_POINT ( 'NONE',  ( 0.02684439936560546053, 0.02694987849186701589, -0.04450000000000001177 ) ) ;
#2041 = CIRCLE ( 'NONE', #1108, 0.006250000000000000347 ) ;
#2042 = CARTESIAN_POINT ( 'NONE',  ( 0.05840600156656217123, 0.02733052649316456209, -0.07150000000000000799 ) ) ;
#2043 = DIRECTION ( 'NONE',  ( 0.06067819015337438948, 0.9981505144458125978, -0.003702398043258131426 ) ) ;
#2044 = AXIS2_PLACEMENT_3D ( 'NONE', #3769, #3119, #1431 ) ;
#2045 = ORIENTED_EDGE ( 'NONE', *, *, #2744, .F. ) ;
#2046 = ORIENTED_EDGE ( 'NONE', *, *, #2616, .F. ) ;
#2047 = DIRECTION ( 'NONE',  ( -0.9981436478469265516, 0.06090368020760861950, 0.0000000000000000000 ) ) ;
#2048 = CARTESIAN_POINT ( 'NONE',  ( 0.04815262569966886896, 0.04143292884153716715, 0.005478552718650390313 ) ) ;
#2049 = LINE ( 'NONE', #944, #1601 ) ;
#2050 = DIRECTION ( 'NONE',  ( -0.0000000000000000000, -0.0000000000000000000, -1.000000000000000000 ) ) ;
#2051 = ORIENTED_EDGE ( 'NONE', *, *, #3701, .T. ) ;
#2052 = CARTESIAN_POINT ( 'NONE',  ( 0.04355695520193794690, 0.06750000000000001832, -0.04464990085713105294 ) ) ;
#2053 = CARTESIAN_POINT ( 'NONE',  ( 0.05250109424519683321, 0.04067304084490137861, -0.07773844071528634991 ) ) ;
#2054 = DIMENSIONAL_EXPONENTS ( 1.000000000000000000, 0.0000000000000000000, 0.0000000000000000000, 0.0000000000000000000, 0.0000000000000000000, 0.0000000000000000000, 0.0000000000000000000 ) ;
#2055 = CARTESIAN_POINT ( 'NONE',  ( 0.04426380610960396755, 0.07373844071528636024, -0.02682695915509865706 ) ) ;
#2056 = ORIENTED_EDGE ( 'NONE', *, *, #3888, .T. ) ;
#2057 = STYLED_ITEM ( 'NONE', ( #3016 ), #3953 ) ;
#2058 = EDGE_CURVE ( 'NONE', #4215, #3903, #3314, .T. ) ;
#2059 = ADVANCED_FACE ( 'NONE', ( #1930 ), #518, .T. ) ;
#2060 = ORIENTED_EDGE ( 'NONE', *, *, #1262, .T. ) ;
#2061 = CARTESIAN_POINT ( 'NONE',  ( 0.08769614759678903693, 0.006999693801638335114, -0.01484493141924174073 ) ) ;
#2062 = CIRCLE ( 'NONE', #1195, 0.02074999999999999067 ) ;
#2063 = DIRECTION ( 'NONE',  ( 0.06090368020761593310, 0.0000000000000000000, 0.9981436478469261075 ) ) ;
#2064 = DIRECTION ( 'NONE',  ( 0.9981436478469271067, 0.06090368020759973078, 0.0000000000000000000 ) ) ;
#2065 = EDGE_CURVE ( 'NONE', #2935, #4207, #1589, .T. ) ;
#2066 = VERTEX_POINT ( 'NONE', #2624 ) ;
#2067 = DIRECTION ( 'NONE',  ( -9.756599977372362721E-16, 1.905585933080539594E-18, -1.000000000000000000 ) ) ;
#2068 = ORIENTED_EDGE ( 'NONE', *, *, #4225, .F. ) ;
#2069 = CARTESIAN_POINT ( 'NONE',  ( 0.06464439936560546773, 0.02694987849186702283, -0.07150000000000002187 ) ) ;
#2070 = DIRECTION ( 'NONE',  ( -0.06090368020761594003, -0.0000000000000000000, -0.9981436478469261075 ) ) ;
#2071 = LINE ( 'NONE', #3498, #3596 ) ;
#2072 = CARTESIAN_POINT ( 'NONE',  ( -0.002713291566979181540, 0.03986687287272490388, -0.005478552718650372966 ) ) ;
#2073 = ORIENTED_EDGE ( 'NONE', *, *, #1953, .T. ) ;
#2074 = CARTESIAN_POINT ( 'NONE',  ( 0.01259999999999992203, -8.537024980200822558E-18, -0.02699999999999998582 ) ) ;
#2075 = LINE ( 'NONE', #401, #1231 ) ;
#2076 = CARTESIAN_POINT ( 'NONE',  ( 0.06613757360407508668, 0.05929726546680965521, -0.07849832871192224948 ) ) ;
#2077 = CARTESIAN_POINT ( 'NONE',  ( 0.07007600343138646604, 0.06202144728134945800, -0.02763312712727531567 ) ) ;
#2078 = ORIENTED_EDGE ( 'NONE', *, *, #12, .F. ) ;
#2079 =( BOUNDED_SURFACE ( )  B_SPLINE_SURFACE ( 3, 3, ( 
 ( #758, #4199, #1073, #2537 ),
 ( #414, #780, #459, #2846 ),
 ( #1793, #1120, #95, #2494 ),
 ( #114, #1845, #2202, #3856 ) ),
 .UNSPECIFIED., .F., .F., .F. ) 
 B_SPLINE_SURFACE_WITH_KNOTS ( ( 4, 4 ),
 ( 4, 4 ),
 ( 0.0000000000000000000, 1.000000000000000000 ),
 ( 0.0000000000000000000, 1.000000000000000000 ),
 .UNSPECIFIED. ) 
 GEOMETRIC_REPRESENTATION_ITEM ( )  RATIONAL_B_SPLINE_SURFACE ( (
 ( 1.000000000000000000, 0.8047378541243649375, 0.8047378541243649375, 1.000000000000000000),
 ( 0.3333333333333327597, 0.2682459513747878499, 0.2682459513747878499, 0.3333333333333327597),
 ( 0.3333333333333327597, 0.2682459513747878499, 0.2682459513747878499, 0.3333333333333327597),
 ( 1.000000000000000000, 0.8047378541243649375, 0.8047378541243649375, 1.000000000000000000) ) ) 
 REPRESENTATION_ITEM ( '' )  SURFACE ( )  );
#2080 = VERTEX_POINT ( 'NONE', #2574 ) ;
#2081 = CARTESIAN_POINT ( 'NONE',  ( 0.07469588904413866637, 0.01481737399883939661, -0.006250000000000024633 ) ) ;
#2082 = EDGE_CURVE ( 'NONE', #3268, #784, #3389, .T. ) ;
#2083 = CARTESIAN_POINT ( 'NONE',  ( 0.006349999999999915608, -5.168901843480967144E-19, -0.04450000000000001177 ) ) ;
#2084 = DIRECTION ( 'NONE',  ( -0.06090368020761609269, 0.0000000000000000000, -0.9981436478469262186 ) ) ;
#2085 = ADVANCED_FACE ( 'NONE', ( #4265 ), #2540, .T. ) ;
#2086 = EDGE_CURVE ( 'NONE', #1673, #933, #301, .T. ) ;
#2087 = VERTEX_POINT ( 'NONE', #1024 ) ;
#2088 = CARTESIAN_POINT ( 'NONE',  ( 0.08184999999999992282, 2.318343176095148221E-17, -0.03575000000000001787 ) ) ;
#2089 = EDGE_LOOP ( 'NONE', ( #4184, #2140, #2241, #700, #940, #2978 ) ) ;
#2090 = DIRECTION ( 'NONE',  ( -0.06090368020759984874, 0.9981436478469269957, 0.0000000000000000000 ) ) ;
#2091 = CARTESIAN_POINT ( 'NONE',  ( 0.06135560063439472744, 0.02694987849186702283, -1.523992349981162727E-17 ) ) ;
#2092 = CARTESIAN_POINT ( 'NONE',  ( 0.05078064800129760553, 0.006238397799043293029, -0.04450000000000000483 ) ) ;
#2093 = CARTESIAN_POINT ( 'NONE',  ( 0.01049890575480348642, 0.04067304084490138555, 0.006238440715286341920 ) ) ;
#2094 = VERTEX_POINT ( 'NONE', #4433 ) ;
#2095 = AXIS2_PLACEMENT_3D ( 'NONE', #3192, #1491, #1149 ) ;
#2096 = CARTESIAN_POINT ( 'NONE',  ( 0.05204439936560546764, 0.02694987849186701243, -0.06525000000000003020 ) ) ;
#2097 = CARTESIAN_POINT ( 'NONE',  ( 0.05971614634079076833, 0.06005715346344558253, 0.006238440715286341053 ) ) ;
#2098 = CIRCLE ( 'NONE', #3961, 0.006250000000000000347 ) ;
#2099 = CIRCLE ( 'NONE', #144, 0.03325000000000000178 ) ;
#2100 = AXIS2_PLACEMENT_3D ( 'NONE', #1185, #3269, #866 ) ;
#2101 = CARTESIAN_POINT ( 'NONE',  ( 0.06875695520193796095, 0.06750000000000001832, -0.04464990085713102519 ) ) ;
#2102 = CIRCLE ( 'NONE', #2670, 0.006250000000000000347 ) ;
#2103 = VERTEX_POINT ( 'NONE', #1355 ) ;
#2104 = CARTESIAN_POINT ( 'NONE',  ( 0.08476986628565623405, 0.06081704146008132944, 0.005478552718650349547 ) ) ;
#2105 = VECTOR ( 'NONE', #3112, 39.37007874015748854 ) ;
#2106 = ORIENTED_EDGE ( 'NONE', *, *, #2143, .F. ) ;
#2107 = CARTESIAN_POINT ( 'NONE',  ( 0.03731855740289465040, 0.06750000000000001832, -0.04426925285583344777 ) ) ;
#2108 = CARTESIAN_POINT ( 'NONE',  ( 0.02481935199870249908, -0.006238397799043293029, -0.04450000000000000483 ) ) ;
#2109 = CIRCLE ( 'NONE', #3464, 0.006250000000000002082 ) ;
#2110 = VERTEX_POINT ( 'NONE', #1289 ) ;
#2111 = CIRCLE ( 'NONE', #1899, 0.02074999999999999067 ) ;
#2112 = CARTESIAN_POINT ( 'NONE',  ( 0.05668247394553118518, 0.07449832871192224593, -0.04391315284826547566 ) ) ;
#2113 = VERTEX_POINT ( 'NONE', #3714 ) ;
#2114 = DIRECTION ( 'NONE',  ( 0.9981436478469271067, 0.06090368020759995282, 0.0000000000000000000 ) ) ;
#2115 = CARTESIAN_POINT ( 'NONE',  ( 0.05204439936560547458, 0.02694987849186701243, -0.07150000000000002187 ) ) ;
#2116 = CARTESIAN_POINT ( 'NONE',  ( 0.02578135848443502062, 0.008269932355032273349, -0.07775000000000001354 ) ) ;
#2117 = AXIS2_PLACEMENT_3D ( 'NONE', #4310, #1236, #3637 ) ;
#2118 = CARTESIAN_POINT ( 'NONE',  ( 0.02309890575480349345, 0.04067304084490140637, 0.006238440715286315899 ) ) ;
#2119 = ADVANCED_FACE ( 'NONE', ( #1380 ), #2997, .T. ) ;
#2120 = VERTEX_POINT ( 'NONE', #2425 ) ;
#2121 = DIRECTION ( 'NONE',  ( 0.06090368020760774520, 0.9981436478469266627, 0.0000000000000000000 ) ) ;
#2122 = CARTESIAN_POINT ( 'NONE',  ( 0.05039999999999992403, 4.268512490100411279E-18, -0.02700000000000000316 ) ) ;
#2123 = CARTESIAN_POINT ( 'NONE',  ( 0.06051966706634483162, 0.04064990085713101470, 0.0000000000000000000 ) ) ;
#2124 = DIRECTION ( 'NONE',  ( -0.0000000000000000000, -1.905585933080539594E-18, 1.000000000000000000 ) ) ;
#2125 = EDGE_LOOP ( 'NONE', ( #2543, #4099, #1545, #2658, #2600, #3926 ) ) ;
#2126 = CARTESIAN_POINT ( 'NONE',  ( 0.06464439936560546773, 0.02694987849186702283, -0.06525000000000003020 ) ) ;
#2127 = ORIENTED_EDGE ( 'NONE', *, *, #3702, .T. ) ;
#2128 = DIRECTION ( 'NONE',  ( 0.9981436478469271067, 0.06090368020759973078, 0.0000000000000000000 ) ) ;
#2129 = CARTESIAN_POINT ( 'NONE',  ( 0.02805957162211409131, 0.04062676086936065772, -0.06526155928471369383 ) ) ;
#2130 = CARTESIAN_POINT ( 'NONE',  ( 0.03689588904413866610, 0.01481737399883940702, -0.006250000000000012490 ) ) ;
#2131 = AXIS2_PLACEMENT_3D ( 'NONE', #3217, #1496, #1200 ) ;
#2132 = CIRCLE ( 'NONE', #3705, 0.006250000000000002949 ) ;
#2133 = ORIENTED_EDGE ( 'NONE', *, *, #2281, .F. ) ;
#2134 = CARTESIAN_POINT ( 'NONE',  ( 0.03615560063439472727, 0.02694987849186702977, -6.702898519610803170E-18 ) ) ;
#2135 = VERTEX_POINT ( 'NONE', #614 ) ;
#2136 = DIRECTION ( 'NONE',  ( 1.750090120941170405E-15, 0.0000000000000000000, -1.000000000000000000 ) ) ;
#2137 = CARTESIAN_POINT ( 'NONE',  ( 0.03818064800129761238, 0.006238397799043284356, -0.04450000000000000483 ) ) ;
#2138 = AXIS2_PLACEMENT_3D ( 'NONE', #2826, #3453, #1796 ) ;
#2139 = CARTESIAN_POINT ( 'NONE',  ( 0.07022228348652108376, 0.06126155928471369028, -0.02687323913063935366 ) ) ;
#2140 = ORIENTED_EDGE ( 'NONE', *, *, #3258, .T. ) ;
#2141 = LINE ( 'NONE', #3124, #4049 ) ;
#2142 = EDGE_CURVE ( 'NONE', #349, #3300, #2034, .T. ) ;
#2143 = EDGE_CURVE ( 'NONE', #47, #2251, #3048, .T. ) ;
#2144 = DIRECTION ( 'NONE',  ( 0.9981436478469261075, 0.0000000000000000000, -0.06090368020761680740 ) ) ;
#2145 = EDGE_CURVE ( 'NONE', #3630, #2909, #447, .T. ) ;
#2146 = CARTESIAN_POINT ( 'NONE',  ( 0.03531966706634483838, 0.04064990085713104245, -8.537024980200822558E-18 ) ) ;
#2147 = ORIENTED_EDGE ( 'NONE', *, *, #1593, .F. ) ;
#2148 = FILL_AREA_STYLE_COLOUR ( '', #3672 ) ;
#2149 = ORIENTED_EDGE ( 'NONE', *, *, #2659, .T. ) ;
#2150 = DIRECTION ( 'NONE',  ( -0.9981436478469265516, 0.06090368020760861950, 1.365923996832131215E-15 ) ) ;
#2151 = CARTESIAN_POINT ( 'NONE',  ( 0.06350385240321085312, -0.006999693801638238837, -0.02699999999999999969 ) ) ;
#2152 = CYLINDRICAL_SURFACE ( 'NONE', #1831, 0.006250000000000000347 ) ;
#2153 = EDGE_LOOP ( 'NONE', ( #3695, #3560, #3623, #707, #3221, #3834 ) ) ;
#2154 = CARTESIAN_POINT ( 'NONE',  ( 0.06913619389039656060, 0.07373844071528634636, -0.04467304084490138216 ) ) ;
#2155 = ORIENTED_EDGE ( 'NONE', *, *, #1487, .F. ) ;
#2156 = DIRECTION ( 'NONE',  ( 0.06090368020781761205, -0.9981436478469137841, 6.829619984160657060E-16 ) ) ;
#2157 = CARTESIAN_POINT ( 'NONE',  ( 0.05078064800129761247, 0.006238397799043286958, -0.05665506858075828461 ) ) ;
#2158 = CYLINDRICAL_SURFACE ( 'NONE', #3815, 0.006250000000000001214 ) ;
#2159 = VERTEX_POINT ( 'NONE', #1334 ) ;
#2160 = DIRECTION ( 'NONE',  ( 0.9962975955892297009, 0.06079103973086141810, -0.06079103973087533058 ) ) ;
#2161 = CARTESIAN_POINT ( 'NONE',  ( 0.01320464699901922889, 0.06750000000000001832, -0.02646945114157140191 ) ) ;
#2162 = CARTESIAN_POINT ( 'NONE',  ( 0.04726242639592537209, 0.05929726546680980787, 0.006998328711922288323 ) ) ;
#2163 = ADVANCED_FACE ( 'NONE', ( #2705 ), #3762, .T. ) ;
#2164 = AXIS2_PLACEMENT_3D ( 'NONE', #4340, #2547, #878 ) ;
#2165 = ADVANCED_FACE ( 'NONE', ( #3424 ), #4080, .T. ) ;
#2166 = DIRECTION ( 'NONE',  ( -0.06090368020760231205, 0.9981436478469269957, -1.072492789022660986E-15 ) ) ;
#2167 = VERTEX_POINT ( 'NONE', #4391 ) ;
#2168 = AXIS2_PLACEMENT_3D ( 'NONE', #2477, #3499, #2499 ) ;
#2169 = CARTESIAN_POINT ( 'NONE',  ( 0.05911873073269876405, 0.04026925285583347891, -0.07150000000000000799 ) ) ;
#2170 = EDGE_CURVE ( 'NONE', #2693, #2287, #3891, .T. ) ;
#2171 = ORIENTED_EDGE ( 'NONE', *, *, #61, .F. ) ;
#2172 = EDGE_CURVE ( 'NONE', #1524, #1931, #3174, .T. ) ;
#2173 = AXIS2_PLACEMENT_3D ( 'NONE', #2206, #853, #1230 ) ;
#2174 = DIRECTION ( 'NONE',  ( -0.06090368020760787010, -0.9981436478469266627, 1.836970198721029688E-16 ) ) ;
#2175 = AXIS2_PLACEMENT_3D ( 'NONE', #1646, #3344, #4361 ) ;
#2176 = FACE_OUTER_BOUND ( 'NONE', #2423, .T. ) ;
#2177 = CARTESIAN_POINT ( 'NONE',  ( 0.02565815408252162741, 0.007508636352437187030, -0.07775000000000001354 ) ) ;
#2178 = AXIS2_PLACEMENT_3D ( 'NONE', #4149, #1068, #3873 ) ;
#2179 = EDGE_CURVE ( 'NONE', #802, #681, #999, .T. ) ;
#2180 = ORIENTED_EDGE ( 'NONE', *, *, #1395, .F. ) ;
#2181 = CARTESIAN_POINT ( 'NONE',  ( 0.05340585167724873350, 0.04138664886599653647, -0.06450167128807778039 ) ) ;
#2182 = ORIENTED_EDGE ( 'NONE', *, *, #3752, .T. ) ;
#2183 = AXIS2_PLACEMENT_3D ( 'NONE', #3272, #1207, #2311 ) ;
#2184 =( NAMED_UNIT ( * ) PLANE_ANGLE_UNIT ( ) SI_UNIT ( $, .RADIAN. ) );
#2185 = DIRECTION ( 'NONE',  ( -0.06090368020760787010, -0.9981436478469266627, 1.836970198721029688E-16 ) ) ;
#2186 = CARTESIAN_POINT ( 'NONE',  ( 0.07831329156697947047, 0.03986687287272482061, -0.06602144728134959339 ) ) ;
#2187 = CIRCLE ( 'NONE', #2467, 0.006250000000000004684 ) ;
#2188 = ORIENTED_EDGE ( 'NONE', *, *, #1037, .F. ) ;
#2189 = CARTESIAN_POINT ( 'NONE',  ( 0.05078064800129742512, -0.006238397799043279152, -0.007522600948905426403 ) ) ;
#2190 = AXIS2_PLACEMENT_3D ( 'NONE', #3764, #704, #2084 ) ;
#2191 = CARTESIAN_POINT ( 'NONE',  ( 0.04408247394553117121, 0.07449832871192221817, -0.04391315284826551035 ) ) ;
#2192 = CARTESIAN_POINT ( 'NONE',  ( 0.05204439936560546764, 0.02694987849186701589, -0.04450000000000001177 ) ) ;
#2193 = CIRCLE ( 'NONE', #889, 0.02075000000000000455 ) ;
#2194 = EDGE_LOOP ( 'NONE', ( #1059, #1408, #3390, #3597, #3693, #3091 ) ) ;
#2195 = CARTESIAN_POINT ( 'NONE',  ( 0.07064656552361699149, 0.07373844071528636024, -0.007442846536554512116 ) ) ;
#2196 = ORIENTED_EDGE ( 'NONE', *, *, #818, .T. ) ;
#2197 = DIRECTION ( 'NONE',  ( -0.06090368020761463552, -7.316196259932183921E-16, -0.9981436478469262186 ) ) ;
#2198 = CARTESIAN_POINT ( 'NONE',  ( 0.01619768463988152316, 0.05272361310499348863, -0.06526155928471369383 ) ) ;
#2199 = CARTESIAN_POINT ( 'NONE',  ( 0.03729614759678908514, -0.006999693801638395829, -0.06397739905109460501 ) ) ;
#2200 = EDGE_CURVE ( 'NONE', #2777, #895, #3678, .T. ) ;
#2201 = VERTEX_POINT ( 'NONE', #3156 ) ;
#2202 = CARTESIAN_POINT ( 'NONE',  ( 0.02558064800129742841, -0.006238397799043273947, -0.007522600948905420332 ) ) ;
#2203 = ORIENTED_EDGE ( 'NONE', *, *, #4331, .T. ) ;
#2204 = CARTESIAN_POINT ( 'NONE',  ( 0.04791966706634485235, 0.04064990085713098694, 0.0000000000000000000 ) ) ;
#2205 = CARTESIAN_POINT ( 'NONE',  ( 0.04275343447638356442, 0.07373844071528633248, -0.06405715346344557914 ) ) ;
#2206 = CARTESIAN_POINT ( 'NONE',  ( 0.06051966706634483162, 0.04064990085713101470, 0.0000000000000000000 ) ) ;
#2207 = AXIS2_PLACEMENT_3D ( 'NONE', #4371, #892, #3335 ) ;
#2208 = VERTEX_POINT ( 'NONE', #63 ) ;
#2209 = CYLINDRICAL_SURFACE ( 'NONE', #1683, 0.006250000000000000347 ) ;
#2210 = CIRCLE ( 'NONE', #2774, 0.006250000000000001214 ) ;
#2211 = CARTESIAN_POINT ( 'NONE',  ( 0.0004581540825216300506, 0.007508636352437183560, -0.07775000000000002742 ) ) ;
#2212 = DIRECTION ( 'NONE',  ( 0.9981436478469271067, 0.06090368020759973078, 0.0000000000000000000 ) ) ;
#2213 = ORIENTED_EDGE ( 'NONE', *, *, #1263, .F. ) ;
#2214 = CARTESIAN_POINT ( 'NONE',  ( 0.03615560063439472727, 0.02694987849186702283, -0.02699999999999999969 ) ) ;
#2215 = ORIENTED_EDGE ( 'NONE', *, *, #1480, .F. ) ;
#2216 = CARTESIAN_POINT ( 'NONE',  ( 0.05724304479806251872, 0.06750000000000001832, -0.02685009914286901403 ) ) ;
#2217 = CARTESIAN_POINT ( 'NONE',  ( 0.002247374300331463591, 0.04143292884153723654, -0.07697855271865043647 ) ) ;
#2218 = DIRECTION ( 'NONE',  ( -0.9981436478469265516, 0.06090368020760861950, 0.0000000000000000000 ) ) ;
#2219 = EDGE_CURVE ( 'NONE', #4349, #228, #368, .T. ) ;
#2220 = ORIENTED_EDGE ( 'NONE', *, *, #3076, .T. ) ;
#2221 = CARTESIAN_POINT ( 'NONE',  ( 0.001644399365605460350, 0.02694987849186701243, -0.07150000000000002187 ) ) ;
#2222 = ORIENTED_EDGE ( 'NONE', *, *, #3531, .F. ) ;
#2223 = EDGE_CURVE ( 'NONE', #3082, #1302, #2814, .T. ) ;
#2224 =( NAMED_UNIT ( * ) SI_UNIT ( $, .STERADIAN. ) SOLID_ANGLE_UNIT ( ) );
#2225 = CARTESIAN_POINT ( 'NONE',  ( 0.04065957162211410181, 0.04062676086936067160, -0.06526155928471369383 ) ) ;
#2226 = CARTESIAN_POINT ( 'NONE',  ( 0.08158991383526191521, 0.07297855271865046067, -0.04543292884153730948 ) ) ;
#2227 = ORIENTED_EDGE ( 'NONE', *, *, #2257, .T. ) ;
#2228 = EDGE_CURVE ( 'NONE', #4419, #1764, #1607, .T. ) ;
#2229 = CARTESIAN_POINT ( 'NONE',  ( 0.05001935199870250620, -0.006238397799043299101, -0.04450000000000001177 ) ) ;
#2230 = CARTESIAN_POINT ( 'NONE',  ( 0.03779999999999992394, -0.006250000000000003816, -0.02699999999999997888 ) ) ;
#2231 = CARTESIAN_POINT ( 'NONE',  ( 0.04791966706634485235, 0.04064990085713098694, 0.0000000000000000000 ) ) ;
#2232 = DIRECTION ( 'NONE',  ( -0.06090368020761594003, -0.0000000000000000000, -0.9981436478469261075 ) ) ;
#2233 = CARTESIAN_POINT ( 'NONE',  ( 0.02519999999999990997, 1.497314146918034752E-17, -0.04450000000000001177 ) ) ;
#2234 = EDGE_LOOP ( 'NONE', ( #1915, #1616, #3857, #324 ) ) ;
#2235 = CARTESIAN_POINT ( 'NONE',  ( -0.001521194963691866993, 0.02618858248927203800, 0.006249999999999983867 ) ) ;
#2236 = AXIS2_PLACEMENT_3D ( 'NONE', #467, #448, #1833 ) ;
#2237 = CARTESIAN_POINT ( 'NONE',  ( 0.01545957162211409296, 0.04062676086936067160, -0.06526155928471369383 ) ) ;
#2238 = AXIS2_PLACEMENT_3D ( 'NONE', #313, #3079, #3661 ) ;
#2239 = DIRECTION ( 'NONE',  ( 0.06090368020761641882, 0.0000000000000000000, 0.9981436478469261075 ) ) ;
#2240 = VECTOR ( 'NONE', #2633, 39.37007874015748143 ) ;
#2241 = ORIENTED_EDGE ( 'NONE', *, *, #2145, .T. ) ;
#2242 = DIRECTION ( 'NONE',  ( 8.537024980200831679E-16, 0.0000000000000000000, -1.000000000000000000 ) ) ;
#2243 = ORIENTED_EDGE ( 'NONE', *, *, #2356, .F. ) ;
#2244 = CARTESIAN_POINT ( 'NONE',  ( 4.908789363615472817E-17, 0.0000000000000000000, -0.04450000000000001177 ) ) ;
#2245 = CARTESIAN_POINT ( 'NONE',  ( 0.004118644067796765028, 0.04054993610996308895, -0.04454993610996309250 ) ) ;
#2246 = CIRCLE ( 'NONE', #3526, 0.006250000000000002949 ) ;
#2247 = CARTESIAN_POINT ( 'NONE',  ( 0.0000000000000000000, 0.0000000000000000000, -0.03575000000000000400 ) ) ;
#2248 = CARTESIAN_POINT ( 'NONE',  ( 0.06659768463988152698, 0.05272361310499348863, -0.06526155928471367995 ) ) ;
#2249 = AXIS2_PLACEMENT_3D ( 'NONE', #4130, #1717, #272 ) ;
#2250 = DIRECTION ( 'NONE',  ( -0.06090368020761641882, -0.0000000000000000000, -0.9981436478469261075 ) ) ;
#2251 = VERTEX_POINT ( 'NONE', #1789 ) ;
#2252 = DIRECTION ( 'NONE',  ( -0.06090368020761464246, 0.0000000000000000000, -0.9981436478469262186 ) ) ;
#2253 = CARTESIAN_POINT ( 'NONE',  ( 0.05001935199870250620, -0.006238397799043297366, -0.06397739905109460501 ) ) ;
#2254 = CARTESIAN_POINT ( 'NONE',  ( 0.05288033293365546755, 0.04064990085713103551, -0.07150000000000000799 ) ) ;
#2255 = AXIS2_PLACEMENT_3D ( 'NONE', #543, #4279, #2640 ) ;
#2256 = LINE ( 'NONE', #194, #3592 ) ;
#2257 = EDGE_CURVE ( 'NONE', #752, #489, #3509, .T. ) ;
#2258 = EDGE_CURVE ( 'NONE', #356, #3514, #1242, .T. ) ;
#2259 = CARTESIAN_POINT ( 'NONE',  ( 0.05888135593220349129, 0.04054993610996308201, -0.02695006389003692243 ) ) ;
#2260 = CARTESIAN_POINT ( 'NONE',  ( 0.05090385240321084609, -0.006999693801638294348, -0.02699999999999998929 ) ) ;
#2261 = AXIS2_PLACEMENT_3D ( 'NONE', #416, #2825, #2047 ) ;
#2262 = EDGE_LOOP ( 'NONE', ( #1000, #694, #1162, #644, #1310, #3794 ) ) ;
#2263 = DIRECTION ( 'NONE',  ( 0.0000000000000000000, 1.905585933080539594E-18, -1.000000000000000000 ) ) ;
#2264 = CARTESIAN_POINT ( 'NONE',  ( 0.002480332933655458958, 0.04064990085713102164, -0.07150000000000000799 ) ) ;
#2265 = ORIENTED_EDGE ( 'NONE', *, *, #4012, .T. ) ;
#2266 = LINE ( 'NONE', #3970, #730 ) ;
#2267 = ORIENTED_EDGE ( 'NONE', *, *, #3559, .F. ) ;
#2268 = CARTESIAN_POINT ( 'NONE',  ( 0.002859571622114093301, 0.04062676086936067160, -0.06526155928471367995 ) ) ;
#2269 = DIRECTION ( 'NONE',  ( -0.06090368020760807827, -0.9981436478469265516, -0.0000000000000000000 ) ) ;
#2270 = DIRECTION ( 'NONE',  ( 0.06090368020759979323, -0.9981436478469269957, -4.883536246244055496E-16 ) ) ;
#2271 = ORIENTED_EDGE ( 'NONE', *, *, #2955, .F. ) ;
#2272 = ORIENTED_EDGE ( 'NONE', *, *, #4362, .F. ) ;
#2273 = FACE_OUTER_BOUND ( 'NONE', #438, .T. ) ;
#2274 = DIRECTION ( 'NONE',  ( 0.0000000000000000000, 1.000000000000000000, 0.0000000000000000000 ) ) ;
#2275 = CARTESIAN_POINT ( 'NONE',  ( 0.04875560063439473429, 0.02694987849186700549, 0.006249999999999983867 ) ) ;
#2276 = AXIS2_PLACEMENT_3D ( 'NONE', #3763, #4150, #1766 ) ;
#2277 = CARTESIAN_POINT ( 'NONE',  ( 0.01095560063439472188, 0.02694987849186702977, -6.702898519610803170E-18 ) ) ;
#2278 = EDGE_CURVE ( 'NONE', #3548, #3295, #1027, .T. ) ;
#2279 = CIRCLE ( 'NONE', #4282, 0.006250000000000000347 ) ;
#2280 = ADVANCED_FACE ( 'NONE', ( #3831 ), #3802, .T. ) ;
#2281 = EDGE_CURVE ( 'NONE', #2957, #4190, #3749, .T. ) ;
#2282 = CARTESIAN_POINT ( 'NONE',  ( 0.006610086164738597156, 0.07297855271865057170, -0.02606707115846272627 ) ) ;
#2283 = CARTESIAN_POINT ( 'NONE',  ( 0.06338064800129743215, -0.006238397799043281754, -0.007522600948905401250 ) ) ;
#2284 = EDGE_CURVE ( 'NONE', #573, #3848, #3533, .T. ) ;
#2285 = CARTESIAN_POINT ( 'NONE',  ( 0.05039999999999991015, 4.301860243929320862E-18, -0.04450000000000001177 ) ) ;
#2286 = DIRECTION ( 'NONE',  ( 0.06090368020759906464, -0.9981436478469271067, 0.0000000000000000000 ) ) ;
#2287 = VERTEX_POINT ( 'NONE', #1740 ) ;
#2288 = DIRECTION ( 'NONE',  ( -1.000000000000000000, 0.0000000000000000000, 0.0000000000000000000 ) ) ;
#2289 = EDGE_LOOP ( 'NONE', ( #3933, #3851, #78, #3842, #3319, #2149 ) ) ;
#2290 = CARTESIAN_POINT ( 'NONE',  ( 0.01221935199870241920, 0.006238397799043299101, -0.02699999999999998582 ) ) ;
#2291 = DIRECTION ( 'NONE',  ( -0.06090368020761630780, 0.0000000000000000000, -0.9981436478469262186 ) ) ;
#2292 = CARTESIAN_POINT ( 'NONE',  ( 0.05192119496369203280, 0.02618858248927191310, -0.06525000000000003020 ) ) ;
#2293 = CARTESIAN_POINT ( 'NONE',  ( 0.01436760376751885712, 0.02771117449446210482, -0.07775000000000004130 ) ) ;
#2294 = EDGE_LOOP ( 'NONE', ( #4175, #3195, #734, #296, #2866, #680 ) ) ;
#2295 = CARTESIAN_POINT ( 'NONE',  ( 0.07585744359938401127, -0.005477101796448297782, -0.02699999999999998235 ) ) ;
#2296 = CARTESIAN_POINT ( 'NONE',  ( 0.002859571622114092868, 0.04062676086936067160, -0.06526155928471367995 ) ) ;
#2297 = CARTESIAN_POINT ( 'NONE',  ( 0.05216760376751893025, 0.02771117449446210482, -0.07774999999999998579 ) ) ;
#2298 = DIRECTION ( 'NONE',  ( -1.000000000000000000, 0.0000000000000000000, 6.829619984160657060E-16 ) ) ;
#2299 = DIRECTION ( 'NONE',  ( 0.9962975955892292568, -0.06079103973086836393, -0.06079103973087373464 ) ) ;
#2300 = CARTESIAN_POINT ( 'NONE',  ( 0.06261935199870242996, 0.006238397799043299101, -0.02699999999999998582 ) ) ;
#2301 = ADVANCED_FACE ( 'NONE', ( #2464 ), #1472, .T. ) ;
#2302 = PRODUCT_RELATED_PRODUCT_CATEGORY ( 'part', '', ( #4255 ) ) ;
#2303 = EDGE_CURVE ( 'NONE', #2933, #385, #1605, .T. ) ;
#2304 = FACE_OUTER_BOUND ( 'NONE', #3005, .T. ) ;
#2305 = CARTESIAN_POINT ( 'NONE',  ( 0.06548033293365546070, 0.04064990085713103551, -0.07150000000000000799 ) ) ;
#2306 = EDGE_CURVE ( 'NONE', #612, #3673, #5, .T. ) ;
#2307 = ORIENTED_EDGE ( 'NONE', *, *, #2552, .T. ) ;
#2308 = VECTOR ( 'NONE', #2923, 39.37007874015748143 ) ;
#2309 = CARTESIAN_POINT ( 'NONE',  ( 0.01310385240321086144, -0.006999693801638263990, -0.007522600948905429005 ) ) ;
#2310 = EDGE_LOOP ( 'NONE', ( #2999, #1206, #3766, #4309, #4117, #365 ) ) ;
#2311 = DIRECTION ( 'NONE',  ( 0.9981436478469271067, 0.06090368020760045936, 0.0000000000000000000 ) ) ;
#2312 = CARTESIAN_POINT ( 'NONE',  ( 0.05073494968060818927, 0.006747340349842083362, -0.07774999999999998579 ) ) ;
#2313 = AXIS2_PLACEMENT_3D ( 'NONE', #2582, #167, #3582 ) ;
#2314 = CARTESIAN_POINT ( 'NONE',  ( 0.01318135848443502747, 0.008269932355032278554, -0.07775000000000001354 ) ) ;
#2315 = ORIENTED_EDGE ( 'NONE', *, *, #2170, .F. ) ;
#2316 =( BOUNDED_SURFACE ( )  B_SPLINE_SURFACE ( 3, 3, ( 
 ( #1044, #2769, #718, #1760 ),
 ( #2077, #1375, #315, #4145 ),
 ( #2461, #1399, #381, #1351 ),
 ( #1692, #3730, #3798, #3465 ) ),
 .UNSPECIFIED., .F., .F., .F. ) 
 B_SPLINE_SURFACE_WITH_KNOTS ( ( 4, 4 ),
 ( 4, 4 ),
 ( 0.0000000000000000000, 1.000000000000000000 ),
 ( 0.0000000000000000000, 1.000000000000000000 ),
 .UNSPECIFIED. ) 
 GEOMETRIC_REPRESENTATION_ITEM ( )  RATIONAL_B_SPLINE_SURFACE ( (
 ( 1.000000000000000000, 0.8056113254483420194, 0.8056113254483420194, 1.000000000000000000),
 ( 0.3333333333333329263, 0.2685371084827803401, 0.2685371084827803401, 0.3333333333333329263),
 ( 0.3333333333333329263, 0.2685371084827803401, 0.2685371084827803401, 0.3333333333333329263),
 ( 1.000000000000000000, 0.8056113254483420194, 0.8056113254483420194, 1.000000000000000000) ) ) 
 REPRESENTATION_ITEM ( '' )  SURFACE ( )  );
#2317 = AXIS2_PLACEMENT_3D ( 'NONE', #1822, #3495, #2797 ) ;
#2318 = CARTESIAN_POINT ( 'NONE',  ( 0.07457268464222525928, 0.01557867000143439706, -0.006250000000000017694 ) ) ;
#2319 = AXIS2_PLACEMENT_3D ( 'NONE', #2032, #2742, #2367 ) ;
#2320 = CARTESIAN_POINT ( 'NONE',  ( 0.01455481419006218746, 0.03991315284826552068, -0.07849832871192226336 ) ) ;
#2321 = DIRECTION ( 'NONE',  ( 2.439149994343090680E-16, -1.905585933080539594E-18, 1.000000000000000000 ) ) ;
#2322 = CARTESIAN_POINT ( 'NONE',  ( 0.02056039650428858820, 0.06126155928471369722, -0.01477638689500656438 ) ) ;
#2323 = AXIS2_PLACEMENT_3D ( 'NONE', #2509, #21, #754 ) ;
#2324 = CIRCLE ( 'NONE', #4043, 0.006250000000000005551 ) ;
#2325 = CARTESIAN_POINT ( 'NONE',  ( 0.02568144259710581148, 0.06750000000000001832, -0.02723074714416660880 ) ) ;
#2326 = CARTESIAN_POINT ( 'NONE',  ( 0.06645140458474689538, 0.05196372510835760988, -0.06602144728134962115 ) ) ;
#2327 = AXIS2_PLACEMENT_3D ( 'NONE', #79, #1462, #4118 ) ;
#2328 = ORIENTED_EDGE ( 'NONE', *, *, #3559, .T. ) ;
#2329 = CIRCLE ( 'NONE', #3325, 0.03324999999999996708 ) ;
#2330 = EDGE_LOOP ( 'NONE', ( #521, #1225, #2538, #2880, #1908, #4238 ) ) ;
#2331 = CARTESIAN_POINT ( 'NONE',  ( 0.02429588904413865907, 0.01481737399883940008, -0.006250000000000019429 ) ) ;
#2332 = VERTEX_POINT ( 'NONE', #2773 ) ;
#2333 = FACE_OUTER_BOUND ( 'NONE', #2792, .T. ) ;
#2334 = CYLINDRICAL_SURFACE ( 'NONE', #4123, 0.006250000000000000347 ) ;
#2335 = EDGE_CURVE ( 'NONE', #1764, #159, #3105, .T. ) ;
#2336 = EDGE_CURVE ( 'NONE', #2536, #3029, #222, .T. ) ;
#2337 = VECTOR ( 'NONE', #858, 39.37007874015747433 ) ;
#2338 = CYLINDRICAL_SURFACE ( 'NONE', #2809, 0.006250000000000002082 ) ;
#2339 = ORIENTED_EDGE ( 'NONE', *, *, #120, .T. ) ;
#2340 = CARTESIAN_POINT ( 'NONE',  ( 0.01783143645834468771, 0.06050167128807783928, -0.04538664886599660941 ) ) ;
#2341 = CARTESIAN_POINT ( 'NONE',  ( 0.01259999999999991682, -5.002163074336419227E-19, -0.04450000000000001177 ) ) ;
#2342 = DIRECTION ( 'NONE',  ( 2.439149994343090680E-16, -1.905585933080539594E-18, 1.000000000000000000 ) ) ;
#2343 = ORIENTED_EDGE ( 'NONE', *, *, #2504, .T. ) ;
#2344 = CIRCLE ( 'NONE', #687, 0.03325000000000000178 ) ;
#2345 = CYLINDRICAL_SURFACE ( 'NONE', #3447, 0.006249999999999996010 ) ;
#2346 = CARTESIAN_POINT ( 'NONE',  ( 0.0000000000000000000, 0.0000000000000000000, -0.03575000000000000400 ) ) ;
#2347 = CIRCLE ( 'NONE', #3850, 0.006250000000000002082 ) ;
#2348 = ORIENTED_EDGE ( 'NONE', *, *, #928, .F. ) ;
#2349 = CIRCLE ( 'NONE', #548, 0.006250000000000000347 ) ;
#2350 =( NAMED_UNIT ( * ) SI_UNIT ( $, .STERADIAN. ) SOLID_ANGLE_UNIT ( ) );
#2351 = ORIENTED_EDGE ( 'NONE', *, *, #3451, .T. ) ;
#2352 = DIRECTION ( 'NONE',  ( -0.06090368020761467716, -1.399488164244289123E-15, -0.9981436478469262186 ) ) ;
#2353 = ORIENTED_EDGE ( 'NONE', *, *, #2009, .T. ) ;
#2354 = CARTESIAN_POINT ( 'NONE',  ( 0.07559999999999998666, -9.148827107256830748E-17, -0.07775000000000001354 ) ) ;
#2355 = CARTESIAN_POINT ( 'NONE',  ( 0.07559999999999991727, 2.561107494060246767E-17, -0.02700000000000000663 ) ) ;
#2356 = EDGE_CURVE ( 'NONE', #2511, #3078, #2674, .T. ) ;
#2357 = ADVANCED_FACE ( 'NONE', ( #725 ), #3445, .T. ) ;
#2358 = CYLINDRICAL_SURFACE ( 'NONE', #3598, 0.006250000000000001214 ) ;
#2359 = EDGE_LOOP ( 'NONE', ( #821, #2213, #278, #4285, #2789, #1666 ) ) ;
#2360 = CARTESIAN_POINT ( 'NONE',  ( 0.01424439936560546217, 0.02694987849186701589, -0.04450000000000001177 ) ) ;
#2361 = CARTESIAN_POINT ( 'NONE',  ( 0.01740715442124892570, 0.07297855271865048843, -0.06481704146008146483 ) ) ;
#2362 = DIRECTION ( 'NONE',  ( 0.0000000000000000000, 1.000000000000000000, 0.0000000000000000000 ) ) ;
#2363 = DIRECTION ( 'NONE',  ( -0.06090368020761460777, -2.823262457152253546E-16, -0.9981436478469262186 ) ) ;
#2364 = EDGE_CURVE ( 'NONE', #2251, #2894, #1168, .T. ) ;
#2365 = ORIENTED_EDGE ( 'NONE', *, *, #2691, .T. ) ;
#2366 = FILL_AREA_STYLE_COLOUR ( '', #286 ) ;
#2367 = DIRECTION ( 'NONE',  ( 0.0000000000000000000, 0.0000000000000000000, -1.000000000000000000 ) ) ;
#2368 = CARTESIAN_POINT ( 'NONE',  ( 0.04711614634079077518, 0.06005715346344552702, 0.006238440715286353196 ) ) ;
#2369 = ORIENTED_EDGE ( 'NONE', *, *, #4087, .T. ) ;
#2370 = DIRECTION ( 'NONE',  ( 1.000000000000000000, 0.0000000000000000000, 0.0000000000000000000 ) ) ;
#2371 = ORIENTED_EDGE ( 'NONE', *, *, #1535, .F. ) ;
#2372 = DIRECTION ( 'NONE',  ( 0.06090368020761593310, 0.0000000000000000000, 0.9981436478469261075 ) ) ;
#2373 = CARTESIAN_POINT ( 'NONE',  ( 0.02206242639592539967, 0.05929726546680980093, 0.006998328711922238016 ) ) ;
#2374 = CARTESIAN_POINT ( 'NONE',  ( 0.03494042837788620404, 0.04062676086936067854, -0.006238440715286333246 ) ) ;
#2375 = AXIS2_PLACEMENT_3D ( 'NONE', #2192, #1758, #3846 ) ;
#2376 = VERTEX_POINT ( 'NONE', #1904 ) ;
#2377 = FACE_OUTER_BOUND ( 'NONE', #2831, .T. ) ;
#2378 = ORIENTED_EDGE ( 'NONE', *, *, #2969, .F. ) ;
#2379 = CARTESIAN_POINT ( 'NONE',  ( 0.02545744359938418439, 0.005477101796448186760, -0.04450000000000000483 ) ) ;
#2380 = CARTESIAN_POINT ( 'NONE',  ( 0.003597684639881520464, 0.05272361310499348863, -0.06526155928471367995 ) ) ;
#2381 = VECTOR ( 'NONE', #2438, 39.37007874015748143 ) ;
#2382 = PRESENTATION_LAYER_ASSIGNMENT (  '', '', ( #3593 ) ) ;
#2383 = CARTESIAN_POINT ( 'NONE',  ( 0.05503960349571183214, 0.06126155928471367640, -0.05672361310499349912 ) ) ;
#2384 = CARTESIAN_POINT ( 'NONE',  ( 0.01424439936560546217, 0.02694987849186701589, -0.04450000000000001177 ) ) ;
#2385 = AXIS2_PLACEMENT_3D ( 'NONE', #991, #1964, #3725 ) ;
#2386 =( GEOMETRIC_REPRESENTATION_CONTEXT ( 3 ) GLOBAL_UNCERTAINTY_ASSIGNED_CONTEXT ( ( #4407 ) ) GLOBAL_UNIT_ASSIGNED_CONTEXT ( ( #1082, #80, #4161 ) ) REPRESENTATION_CONTEXT ( 'NONE', 'WORKASPACE' ) );
#2387 = EDGE_LOOP ( 'NONE', ( #1435, #997, #1771, #2854, #176, #854 ) ) ;
#2388 =( NAMED_UNIT ( * ) SI_UNIT ( $, .STERADIAN. ) SOLID_ANGLE_UNIT ( ) );
#2389 = EDGE_CURVE ( 'NONE', #2332, #631, #3462, .T. ) ;
#2390 = EDGE_CURVE ( 'NONE', #4155, #1761, #884, .T. ) ;
#2391 = VECTOR ( 'NONE', #70, 39.37007874015748143 ) ;
#2392 = SURFACE_STYLE_USAGE ( .BOTH. , #3369 ) ;
#2393 = AXIS2_PLACEMENT_3D ( 'NONE', #3327, #246, #2900 ) ;
#2394 = AXIS2_PLACEMENT_3D ( 'NONE', #1571, #3333, #1272 ) ;
#2395 = CARTESIAN_POINT ( 'NONE',  ( 0.05790028546848237367, 0.07449832871192212103, -0.008202734533190434232 ) ) ;
#2396 = VERTEX_POINT ( 'NONE', #3239 ) ;
#2397 =( BOUNDED_SURFACE ( )  B_SPLINE_SURFACE ( 3, 3, ( 
 ( #2550, #2619, #2283, #1942 ),
 ( #3301, #514, #2925, #2260 ),
 ( #840, #196, #2976, #1266 ),
 ( #4009, #4318, #1582, #2300 ) ),
 .UNSPECIFIED., .F., .F., .F. ) 
 B_SPLINE_SURFACE_WITH_KNOTS ( ( 4, 4 ),
 ( 4, 4 ),
 ( 0.0000000000000000000, 1.000000000000000000 ),
 ( 0.0000000000000000000, 1.000000000000000000 ),
 .UNSPECIFIED. ) 
 GEOMETRIC_REPRESENTATION_ITEM ( )  RATIONAL_B_SPLINE_SURFACE ( (
 ( 1.000000000000000000, 0.8047378541243649375, 0.8047378541243649375, 1.000000000000000000),
 ( 0.3333333333333332038, 0.2682459513747881830, 0.2682459513747881830, 0.3333333333333332038),
 ( 0.3333333333333332038, 0.2682459513747881830, 0.2682459513747881830, 0.3333333333333332038),
 ( 1.000000000000000000, 0.8047378541243649375, 0.8047378541243649375, 1.000000000000000000) ) ) 
 REPRESENTATION_ITEM ( '' )  SURFACE ( )  );
#2398 = CIRCLE ( 'NONE', #1828, 0.006250000000000002949 ) ;
#2399 = ORIENTED_EDGE ( 'NONE', *, *, #1953, .F. ) ;
#2400 = DIRECTION ( 'NONE',  ( -0.06090368020760787010, -0.9981436478469266627, 1.836970198721029688E-16 ) ) ;
#2401 = CIRCLE ( 'NONE', #3183, 0.006250000000000005551 ) ;
#2402 = DIRECTION ( 'NONE',  ( 0.0000000000000000000, 1.000000000000000000, 0.0000000000000000000 ) ) ;
#2403 = CARTESIAN_POINT ( 'NONE',  ( 0.06051966706634484550, 0.04064990085713102164, -8.537024980200822558E-18 ) ) ;
#2404 = DIMENSIONAL_EXPONENTS ( 1.000000000000000000, 0.0000000000000000000, 0.0000000000000000000, 0.0000000000000000000, 0.0000000000000000000, 0.0000000000000000000, 0.0000000000000000000 ) ;
#2405 = AXIS2_PLACEMENT_3D ( 'NONE', #1795, #3812, #4111 ) ;
#2406 = EDGE_LOOP ( 'NONE', ( #3490, #204, #2719, #897, #3862, #4387 ) ) ;
#2407 = CARTESIAN_POINT ( 'NONE',  ( 0.04243960349571183899, 0.06126155928471367640, -0.05672361310499348525 ) ) ;
#2408 = ORIENTED_EDGE ( 'NONE', *, *, #2335, .T. ) ;
#2409 = CARTESIAN_POINT ( 'NONE',  ( 0.07395560063439471365, 0.02694987849186702283, -0.02699999999999999969 ) ) ;
#2410 = FACE_OUTER_BOUND ( 'NONE', #41, .T. ) ;
#2411 = COLOUR_RGB ( '',0.8274509803921568096, 0.8392156862745098200, 0.8274509803921568096 ) ;
#2412 = CARTESIAN_POINT ( 'NONE',  ( 0.03944439936560546756, 0.02694987849186700549, -0.07775000000000001354 ) ) ;
#2413 = CARTESIAN_POINT ( 'NONE',  ( 0.07509614759678912010, -0.006999693801638414911, -0.06397739905109460501 ) ) ;
#2414 = ORIENTED_EDGE ( 'NONE', *, *, #2179, .F. ) ;
#2415 = CARTESIAN_POINT ( 'NONE',  ( 4.802076551362962766E-17, -8.537024980200822558E-18, -0.04450000000000000483 ) ) ;
#2416 = DIRECTION ( 'NONE',  ( -4.878299988686181360E-16, 1.905585933080539594E-18, -1.000000000000000000 ) ) ;
#2417 = DIRECTION ( 'NONE',  ( 0.0000000000000000000, 0.0000000000000000000, 1.000000000000000000 ) ) ;
#2418 = ADVANCED_FACE ( 'NONE', ( #2904 ), #3285, .T. ) ;
#2419 = EDGE_CURVE ( 'NONE', #1211, #1074, #3265, .T. ) ;
#2420 = CIRCLE ( 'NONE', #1691, 0.006250000000000009888 ) ;
#2421 = DIRECTION ( 'NONE',  ( 0.06067819015337719973, 0.9981505144458123757, -0.003702398043256770101 ) ) ;
#2422 = ORIENTED_EDGE ( 'NONE', *, *, #4222, .F. ) ;
#2423 = EDGE_LOOP ( 'NONE', ( #2478, #714, #2013, #374, #354, #2180 ) ) ;
#2424 = EDGE_CURVE ( 'NONE', #958, #1949, #2109, .T. ) ;
#2425 = CARTESIAN_POINT ( 'NONE',  ( 0.01298064800129741965, -0.006238397799043299101, -0.02699999999999998235 ) ) ;
#2426 = CIRCLE ( 'NONE', #3999, 0.006250000000000004684 ) ;
#2427 = CARTESIAN_POINT ( 'NONE',  ( 0.03095695520193792599, 0.06750000000000001832, -0.04464990085713105294 ) ) ;
#2428 = ORIENTED_EDGE ( 'NONE', *, *, #1948, .F. ) ;
#2429 = CARTESIAN_POINT ( 'NONE',  ( 0.05204439936560546764, 0.02694987849186701243, -0.07150000000000000799 ) ) ;
#2430 = EDGE_LOOP ( 'NONE', ( #429, #4001, #4038, #3185, #4051, #3046 ) ) ;
#2431 = CYLINDRICAL_SURFACE ( 'NONE', #1836, 0.006250000000000000347 ) ;
#2432 = CARTESIAN_POINT ( 'NONE',  ( 0.01884999999999992237, 2.318401882045444313E-19, -0.02699999999999997888 ) ) ;
#2433 = CARTESIAN_POINT ( 'NONE',  ( 0.04875560063439472736, 0.02694987849186700549, -1.523992349981162727E-17 ) ) ;
#2434 = CARTESIAN_POINT ( 'NONE',  ( 0.007960396504288586375, 0.06126155928471369722, -0.01477638689500654010 ) ) ;
#2435 = EDGE_LOOP ( 'NONE', ( #767, #1744, #4244, #2056, #1884, #1273 ) ) ;
#2436 = CARTESIAN_POINT ( 'NONE',  ( 4.802076551362962766E-17, -8.537024980200822558E-18, -0.04450000000000000483 ) ) ;
#2437 = CARTESIAN_POINT ( 'NONE',  ( 0.0009041109558614148292, 0.01481737399883936886, -0.06525000000000001632 ) ) ;
#2438 = DIRECTION ( 'NONE',  ( 0.06090368020760870277, 0.9981436478469264406, 0.0000000000000000000 ) ) ;
#2439 = CARTESIAN_POINT ( 'NONE',  ( 0.04576039650428857797, 0.06126155928471369722, -0.01477638689500653142 ) ) ;
#2440 = EDGE_CURVE ( 'NONE', #2967, #2511, #1743, .T. ) ;
#2441 = VERTEX_POINT ( 'NONE', #1926 ) ;
#2442 = EDGE_CURVE ( 'NONE', #1720, #1045, #2324, .T. ) ;
#2443 = ORIENTED_EDGE ( 'NONE', *, *, #2281, .T. ) ;
#2444 = DIRECTION ( 'NONE',  ( -0.9981436478469265516, 0.06090368020760864032, 0.0000000000000000000 ) ) ;
#2445 = CARTESIAN_POINT ( 'NONE',  ( 0.02324518580993812505, 0.03991315284826563170, 0.006998328711922257965 ) ) ;
#2446 = CARTESIAN_POINT ( 'NONE',  ( 0.0005038524032110118338, 0.006999693801638381084, -0.04450000000000000483 ) ) ;
#2447 = EDGE_CURVE ( 'NONE', #184, #4324, #226, .T. ) ;
#2448 = ORIENTED_EDGE ( 'NONE', *, *, #1128, .T. ) ;
#2449 = CARTESIAN_POINT ( 'NONE',  ( 0.05549971453151818918, 0.07449832871192223205, -0.06329726546680965182 ) ) ;
#2450 = ORIENTED_EDGE ( 'NONE', *, *, #766, .T. ) ;
#2451 = FACE_OUTER_BOUND ( 'NONE', #2485, .T. ) ;
#2452 = CARTESIAN_POINT ( 'NONE',  ( 0.07395560063439472753, 0.02694987849186701243, -3.231397346021327238E-17 ) ) ;
#2453 = CARTESIAN_POINT ( 'NONE',  ( 0.06333494968060823793, 0.006747340349842088567, -0.07775000000000001354 ) ) ;
#2454 = CARTESIAN_POINT ( 'NONE',  ( 0.04791966706634485235, 0.04064990085713100776, -8.537024980200822558E-18 ) ) ;
#2455 = EDGE_LOOP ( 'NONE', ( #87, #2307, #815, #1278, #1087, #1739 ) ) ;
#2456 = LINE ( 'NONE', #2480, #1745 ) ;
#2457 = CIRCLE ( 'NONE', #2238, 0.006250000000000002082 ) ;
#2458 = CARTESIAN_POINT ( 'NONE',  ( 0.04844518580993811829, 0.03991315284826561088, 0.006998328711922291792 ) ) ;
#2459 = CIRCLE ( 'NONE', #2596, 0.03325000000000000178 ) ;
#2460 = AXIS2_PLACEMENT_3D ( 'NONE', #1140, #801, #3543 ) ;
#2461 = CARTESIAN_POINT ( 'NONE',  ( 0.06931752605446933613, 0.07449832871192214878, -0.02758684715173461907 ) ) ;
#2462 = ORIENTED_EDGE ( 'NONE', *, *, #119, .F. ) ;
#2463 = ORIENTED_EDGE ( 'NONE', *, *, #4406, .T. ) ;
#2464 = FACE_OUTER_BOUND ( 'NONE', #3809, .T. ) ;
#2465 = CARTESIAN_POINT ( 'NONE',  ( 0.02039284557875160192, 0.07297855271865059945, -0.006682958539918574387 ) ) ;
#2466 = CARTESIAN_POINT ( 'NONE',  ( 0.01350411095586141232, 0.01481737399883937580, -0.06525000000000000244 ) ) ;
#2467 = AXIS2_PLACEMENT_3D ( 'NONE', #636, #1026, #4452 ) ;
#2468 = ADVANCED_FACE ( 'NONE', ( #3940 ), #2620, .T. ) ;
#2469 = EDGE_LOOP ( 'NONE', ( #3567, #331, #1676, #69, #4173, #4263 ) ) ;
#2470 = AXIS2_PLACEMENT_3D ( 'NONE', #1719, #1742, #961 ) ;
#2471 = FACE_OUTER_BOUND ( 'NONE', #3110, .T. ) ;
#2472 = ORIENTED_EDGE ( 'NONE', *, *, #2552, .F. ) ;
#2473 = ADVANCED_FACE ( 'NONE', ( #223 ), #3916, .T. ) ;
#2474 = PLANE ( 'NONE',  #3845 ) ;
#2475 = CARTESIAN_POINT ( 'NONE',  ( 0.05001935199870250620, -0.006238397799043293029, -0.04450000000000000483 ) ) ;
#2476 = CIRCLE ( 'NONE', #3470, 0.006250000000000001214 ) ;
#2477 = CARTESIAN_POINT ( 'NONE',  ( 0.03615560063439472727, 0.02694987849186702977, -6.702898519610803170E-18 ) ) ;
#2478 = ORIENTED_EDGE ( 'NONE', *, *, #1750, .F. ) ;
#2479 = CIRCLE ( 'NONE', #3047, 0.006250000000000001214 ) ;
#2480 = CARTESIAN_POINT ( 'NONE',  ( 0.06299999999999993106, -0.006249999999999995143, -0.02699999999999997888 ) ) ;
#2481 = FILL_AREA_STYLE ('',( #3796 ) ) ;
#2482 = CARTESIAN_POINT ( 'NONE',  ( 0.06089890575480348678, 0.04067304084490137167, 0.006238440715286328042 ) ) ;
#2483 = AXIS2_PLACEMENT_3D ( 'NONE', #4296, #4274, #126 ) ;
#2484 = FACE_OUTER_BOUND ( 'NONE', #2553, .T. ) ;
#2485 = EDGE_LOOP ( 'NONE', ( #3401, #2888, #1800, #2864, #162, #197 ) ) ;
#2486 = CARTESIAN_POINT ( 'NONE',  ( 0.03584518580993817372, 0.03991315284826556925, 0.006998328711922275312 ) ) ;
#2487 = ORIENTED_EDGE ( 'NONE', *, *, #342, .F. ) ;
#2488 =( BOUNDED_SURFACE ( )  B_SPLINE_SURFACE ( 3, 3, ( 
 ( #387, #3137, #45, #3426 ),
 ( #1069, #2465, #2373, #2445 ),
 ( #1426, #3832, #2794, #755 ),
 ( #4105, #3492, #1718, #411 ) ),
 .UNSPECIFIED., .F., .F., .F. ) 
 B_SPLINE_SURFACE_WITH_KNOTS ( ( 4, 4 ),
 ( 4, 4 ),
 ( 0.0000000000000000000, 1.000000000000000000 ),
 ( 0.0000000000000000000, 1.000000000000000000 ),
 .UNSPECIFIED. ) 
 GEOMETRIC_REPRESENTATION_ITEM ( )  RATIONAL_B_SPLINE_SURFACE ( (
 ( 1.000000000000000000, 0.8056113254483424635, 0.8056113254483424635, 1.000000000000000000),
 ( 0.3333333333333338144, 0.2685371084827812282, 0.2685371084827812282, 0.3333333333333338144),
 ( 0.3333333333333338144, 0.2685371084827812282, 0.2685371084827812282, 0.3333333333333338144),
 ( 1.000000000000000000, 0.8056113254483424635, 0.8056113254483424635, 1.000000000000000000) ) ) 
 REPRESENTATION_ITEM ( '' )  SURFACE ( )  );
#2489 = CARTESIAN_POINT ( 'NONE',  ( 0.04355695520193794690, 0.06750000000000001832, -0.04464990085713105294 ) ) ;
#2490 = CARTESIAN_POINT ( 'NONE',  ( 0.07598064800129741836, -0.006238397799043276550, -0.007522600948905420332 ) ) ;
#2491 = DIRECTION ( 'NONE',  ( 0.06090368020760870277, 0.9981436478469264406, 0.0000000000000000000 ) ) ;
#2492 =( GEOMETRIC_REPRESENTATION_CONTEXT ( 3 ) GLOBAL_UNCERTAINTY_ASSIGNED_CONTEXT ( ( #4236 ) ) GLOBAL_UNIT_ASSIGNED_CONTEXT ( ( #2594, #630, #611 ) ) REPRESENTATION_CONTEXT ( 'NONE', 'WORKASPACE' ) );
#2493 = ORIENTED_EDGE ( 'NONE', *, *, #4059, .F. ) ;
#2494 = CARTESIAN_POINT ( 'NONE',  ( 0.03805744359938405263, -0.005477101796448270894, -0.02699999999999999623 ) ) ;
#2495 = ORIENTED_EDGE ( 'NONE', *, *, #2336, .F. ) ;
#2496 = CYLINDRICAL_SURFACE ( 'NONE', #2261, 0.006250000000000002082 ) ;
#2497 = ADVANCED_FACE ( 'NONE', ( #3004 ), #844, .T. ) ;
#2498 = CARTESIAN_POINT ( 'NONE',  ( 0.06378090655394803854, 0.01405607799624428514, -0.06524999999999998856 ) ) ;
#2499 = DIRECTION ( 'NONE',  ( 0.9981436478469271067, 0.06090368020759973078, 0.0000000000000000000 ) ) ;
#2500 = EDGE_CURVE ( 'NONE', #291, #3649, #4256, .T. ) ;
#2501 = ORIENTED_EDGE ( 'NONE', *, *, #2523, .F. ) ;
#2502 = DIRECTION ( 'NONE',  ( 0.9981436478469261075, 0.0000000000000000000, -0.06090368020761614820 ) ) ;
#2503 = CYLINDRICAL_SURFACE ( 'NONE', #3446, 0.006250000000000000347 ) ;
#2504 = EDGE_CURVE ( 'NONE', #159, #485, #1029, .T. ) ;
#2505 = DIRECTION ( 'NONE',  ( 0.9962975955892292568, -0.06079103973086836393, -0.06079103973087373464 ) ) ;
#2506 = ORIENTED_EDGE ( 'NONE', *, *, #699, .T. ) ;
#2507 = CARTESIAN_POINT ( 'NONE',  ( 0.07274042837788620430, 0.04062676086936067854, -0.006238440715286333246 ) ) ;
#2508 = ORIENTED_EDGE ( 'NONE', *, *, #565, .F. ) ;
#2509 = CARTESIAN_POINT ( 'NONE',  ( 0.006843044798062518363, 0.06750000000000001832, -0.02685009914286900709 ) ) ;
#2510 = CARTESIAN_POINT ( 'NONE',  ( 0.01298064800129759486, 0.006238397799043278284, -0.05665506858075829155 ) ) ;
#2511 = VERTEX_POINT ( 'NONE', #257 ) ;
#2512 = DIRECTION ( 'NONE',  ( 0.0000000000000000000, 0.0000000000000000000, -1.000000000000000000 ) ) ;
#2513 = ORIENTED_EDGE ( 'NONE', *, *, #1283, .T. ) ;
#2514 = DIRECTION ( 'NONE',  ( -9.756599977372362721E-16, 1.905585933080539594E-18, -1.000000000000000000 ) ) ;
#2515 = CARTESIAN_POINT ( 'NONE',  ( 0.05235481419006219467, 0.03991315284826552068, -0.07849832871192226336 ) ) ;
#2516 = CARTESIAN_POINT ( 'NONE',  ( 0.06837771651347933355, 0.06126155928471368334, -0.04462676086936068209 ) ) ;
#2517 = EDGE_LOOP ( 'NONE', ( #106, #2450, #4022, #2220, #1737, #3154 ) ) ;
#2518 = CARTESIAN_POINT ( 'NONE',  ( -0.01035262569966854083, 0.04143292884153723654, -0.07697855271865043647 ) ) ;
#2519 = CARTESIAN_POINT ( 'NONE',  ( 0.04123013371434433583, 0.06081704146008137801, -0.07697855271865040871 ) ) ;
#2520 = CARTESIAN_POINT ( 'NONE',  ( 0.04516856354165570131, 0.06050167128807792255, -0.02611335113400342633 ) ) ;
#2521 = CIRCLE ( 'NONE', #2095, 0.006249999999999998612 ) ;
#2522 = ADVANCED_FACE ( 'NONE', ( #2938 ), #868, .T. ) ;
#2523 = EDGE_CURVE ( 'NONE', #325, #4134, #1105, .T. ) ;
#2524 = ORIENTED_EDGE ( 'NONE', *, *, #1569, .F. ) ;
#2525 = AXIS2_PLACEMENT_3D ( 'NONE', #419, #1727, #1798 ) ;
#2526 = CARTESIAN_POINT ( 'NONE',  ( 0.04502228348652106277, 0.06126155928471369028, -0.02687323913063935713 ) ) ;
#2527 = EDGE_CURVE ( 'NONE', #2016, #3049, #3606, .T. ) ;
#2528 = ORIENTED_EDGE ( 'NONE', *, *, #626, .T. ) ;
#2529 = CIRCLE ( 'NONE', #3524, 0.006250000000000001214 ) ;
#2530 = CARTESIAN_POINT ( 'NONE',  ( 0.05615695520193793311, 0.06750000000000001832, -0.04464990085713105988 ) ) ;
#2531 = AXIS2_PLACEMENT_3D ( 'NONE', #901, #3278, #1556 ) ;
#2532 = CARTESIAN_POINT ( 'NONE',  ( 0.07514184591747838371, 0.007508636352437200040, 0.006249999999999975193 ) ) ;
#2533 = CARTESIAN_POINT ( 'NONE',  ( 0.03818064800129743891, -0.006238397799043268743, -0.007522600948905399515 ) ) ;
#2534 = AXIS2_PLACEMENT_3D ( 'NONE', #4167, #453, #2444 ) ;
#2535 =( GEOMETRIC_REPRESENTATION_CONTEXT ( 3 ) GLOBAL_UNCERTAINTY_ASSIGNED_CONTEXT ( ( #3419 ) ) GLOBAL_UNIT_ASSIGNED_CONTEXT ( ( #3262, #491, #3918 ) ) REPRESENTATION_CONTEXT ( 'NONE', 'WORKASPACE' ) );
#2536 = VERTEX_POINT ( 'NONE', #3632 ) ;
#2537 = CARTESIAN_POINT ( 'NONE',  ( 0.02481935199870241582, 0.006238397799043316448, -0.02699999999999999969 ) ) ;
#2538 = ORIENTED_EDGE ( 'NONE', *, *, #3178, .F. ) ;
#2539 = CIRCLE ( 'NONE', #1172, 0.006250000000000004684 ) ;
#2540 =( BOUNDED_SURFACE ( )  B_SPLINE_SURFACE ( 3, 3, ( 
 ( #915, #1615, #2979, #4348 ),
 ( #4016, #2908, #2309, #3674 ),
 ( #1976, #3927, #4103, #1048 ),
 ( #4037, #2331, #4369, #4450 ) ),
 .UNSPECIFIED., .F., .F., .F. ) 
 B_SPLINE_SURFACE_WITH_KNOTS ( ( 4, 4 ),
 ( 4, 4 ),
 ( 0.0000000000000000000, 1.000000000000000000 ),
 ( 0.0000000000000000000, 1.000000000000000000 ),
 .UNSPECIFIED. ) 
 GEOMETRIC_REPRESENTATION_ITEM ( )  RATIONAL_B_SPLINE_SURFACE ( (
 ( 1.000000000000000000, 0.8047378541243649375, 0.8047378541243649375, 1.000000000000000000),
 ( 0.3333333333333341475, 0.2682459513747889601, 0.2682459513747889601, 0.3333333333333341475),
 ( 0.3333333333333341475, 0.2682459513747889601, 0.2682459513747889601, 0.3333333333333341475),
 ( 1.000000000000000000, 0.8047378541243649375, 0.8047378541243649375, 1.000000000000000000) ) ) 
 REPRESENTATION_ITEM ( '' )  SURFACE ( )  );
#2541 = CARTESIAN_POINT ( 'NONE',  ( 0.05499399843343801692, 0.02733052649316449964, -1.523992349981162727E-17 ) ) ;
#2542 = CIRCLE ( 'NONE', #668, 0.006250000000000001214 ) ;
#2543 = ORIENTED_EDGE ( 'NONE', *, *, #4201, .F. ) ;
#2544 = CARTESIAN_POINT ( 'NONE',  ( 0.003597684639881520898, 0.05272361310499348863, -0.06526155928471367995 ) ) ;
#2545 = AXIS2_PLACEMENT_3D ( 'NONE', #2415, #3774, #695 ) ;
#2546 = CARTESIAN_POINT ( 'NONE',  ( 0.01285744359938418083, 0.005477101796448186760, -0.04449999999999998401 ) ) ;
#2547 = DIRECTION ( 'NONE',  ( -7.458549702253128292E-18, 1.222373423425002231E-16, 1.000000000000000000 ) ) ;
#2548 = AXIS2_PLACEMENT_3D ( 'NONE', #482, #1548, #2156 ) ;
#2549 = LINE ( 'NONE', #926, #2337 ) ;
#2550 = CARTESIAN_POINT ( 'NONE',  ( 0.06135560063439472744, 0.02694987849186702630, 0.006249999999999983867 ) ) ;
#2551 = EDGE_CURVE ( 'NONE', #775, #2710, #303, .T. ) ;
#2552 = EDGE_CURVE ( 'NONE', #3673, #4147, #1674, .T. ) ;
#2553 = EDGE_LOOP ( 'NONE', ( #2845, #1522, #205, #2899, #2779, #3310 ) ) ;
#2554 = DIRECTION ( 'NONE',  ( 0.9981436478469261075, 0.0000000000000000000, -0.06090368020761610657 ) ) ;
#2555 = CARTESIAN_POINT ( 'NONE',  ( 0.01588385365920968670, 0.06005715346344553396, -0.07773844071528634991 ) ) ;
#2556 = DIRECTION ( 'NONE',  ( 0.06067819015338331290, 0.003702398043258134028, 0.9981505144458120427 ) ) ;
#2557 = EDGE_CURVE ( 'NONE', #2649, #2933, #2889, .T. ) ;
#2558 = VERTEX_POINT ( 'NONE', #2602 ) ;
#2559 = CARTESIAN_POINT ( 'NONE',  ( 0.06299999999999993106, 0.0000000000000000000, -0.02699999999999998582 ) ) ;
#2560 = CARTESIAN_POINT ( 'NONE',  ( 0.06771720283535144491, 0.02656923049056951480, -3.154856921074617524E-17 ) ) ;
#2561 = DIRECTION ( 'NONE',  ( -1.000000000000000000, 0.0000000000000000000, 0.0000000000000000000 ) ) ;
#2562 = CIRCLE ( 'NONE', #4350, 0.006250000000000001214 ) ;
#2563 = ORIENTED_EDGE ( 'NONE', *, *, #4143, .T. ) ;
#2564 = CARTESIAN_POINT ( 'NONE',  ( 0.05001935199870242987, 0.006238397799043310377, -0.01484493141924173899 ) ) ;
#2565 = CARTESIAN_POINT ( 'NONE',  ( -0.0003806480012975013098, -0.006238397799043300836, -0.04449999999999999789 ) ) ;
#2566 = LINE ( 'NONE', #1873, #215 ) ;
#2567 = DIRECTION ( 'NONE',  ( -0.06090368020760224960, 0.9981436478469271067, 2.675810961694225436E-16 ) ) ;
#2568 = DIRECTION ( 'NONE',  ( 4.878299988686181360E-16, -1.905585933080539594E-18, 1.000000000000000000 ) ) ;
#2569 = EDGE_LOOP ( 'NONE', ( #3799, #155, #1637, #473, #2351, #3237 ) ) ;
#2570 = DIRECTION ( 'NONE',  ( -0.9981436478469265516, 0.06090368020760861950, 0.0000000000000000000 ) ) ;
#2571 = DIRECTION ( 'NONE',  ( -7.458549702253128292E-18, 1.222373423425002231E-16, 1.000000000000000000 ) ) ;
#2572 = CARTESIAN_POINT ( 'NONE',  ( 0.02931864406779676607, 0.04054993610996308895, -0.04454993610996309250 ) ) ;
#2573 = VERTEX_POINT ( 'NONE', #3948 ) ;
#2574 = CARTESIAN_POINT ( 'NONE',  ( 0.006250000000000000347, 7.654042494670957930E-19, -0.03575000000000000400 ) ) ;
#2575 = EDGE_CURVE ( 'NONE', #3295, #958, #662, .T. ) ;
#2576 = ORIENTED_EDGE ( 'NONE', *, *, #2557, .T. ) ;
#2577 = FACE_OUTER_BOUND ( 'NONE', #3284, .T. ) ;
#2578 = DIRECTION ( 'NONE',  ( -0.06090368020761624535, -0.0000000000000000000, -0.9981436478469261075 ) ) ;
#2579 = EDGE_CURVE ( 'NONE', #3649, #4432, #1244, .T. ) ;
#2580 = EDGE_CURVE ( 'NONE', #2693, #2066, #955, .T. ) ;
#2581 = CARTESIAN_POINT ( 'NONE',  ( 0.07608144259710582225, 0.06750000000000000444, -0.02723074714416659492 ) ) ;
#2582 = CARTESIAN_POINT ( 'NONE',  ( 0.06464439936560546773, 0.02694987849186700896, -0.07150000000000000799 ) ) ;
#2583 = DIRECTION ( 'NONE',  ( -0.06090368020761460777, -2.823262457152253546E-16, -0.9981436478469262186 ) ) ;
#2584 = ORIENTED_EDGE ( 'NONE', *, *, #954, .T. ) ;
#2585 = CARTESIAN_POINT ( 'NONE',  ( -0.008856035304983843684, 0.05348350110162936044, -0.06450167128807778039 ) ) ;
#2586 = CARTESIAN_POINT ( 'NONE',  ( 0.05615695520193794005, 0.06750000000000001832, -0.04464990085713106682 ) ) ;
#2587 = CARTESIAN_POINT ( 'NONE',  ( 0.03627880503630814824, 0.02618858248927200330, 0.006249999999999977796 ) ) ;
#2588 = DIRECTION ( 'NONE',  ( 0.06090368020761594003, 0.0000000000000000000, 0.9981436478469261075 ) ) ;
#2589 = ORIENTED_EDGE ( 'NONE', *, *, #4304, .F. ) ;
#2590 = DIRECTION ( 'NONE',  ( -0.0000000000000000000, -1.905585933080539594E-18, 1.000000000000000000 ) ) ;
#2591 = ORIENTED_EDGE ( 'NONE', *, *, #3786, .T. ) ;
#2592 = CARTESIAN_POINT ( 'NONE',  ( 0.002480332933655458958, 0.04064990085713102164, -0.07150000000000000799 ) ) ;
#2593 = CIRCLE ( 'NONE', #355, 0.006250000000000002082 ) ;
#2594 =( CONVERSION_BASED_UNIT ( 'INCH', #1286 ) LENGTH_UNIT ( ) NAMED_UNIT ( #3861 ) );
#2595 = CARTESIAN_POINT ( 'NONE',  ( 0.03368135593220349805, 0.04054993610996308201, -0.02695006389003692243 ) ) ;
#2596 = AXIS2_PLACEMENT_3D ( 'NONE', #4224, #76, #1078 ) ;
#2597 = PRESENTATION_LAYER_ASSIGNMENT (  '', '', ( #1735 ) ) ;
#2598 = VERTEX_POINT ( 'NONE', #1592 ) ;
#2599 = DIRECTION ( 'NONE',  ( -0.06090368020760787010, -0.9981436478469266627, 1.836970198721029688E-16 ) ) ;
#2600 = ORIENTED_EDGE ( 'NONE', *, *, #66, .F. ) ;
#2601 = DIRECTION ( 'NONE',  ( -0.06090368020760218715, 0.9981436478469269957, 1.152290068917594112E-15 ) ) ;
#2602 = CARTESIAN_POINT ( 'NONE',  ( 0.03057771651347932634, 0.06126155928471369028, -0.04462676086936067515 ) ) ;
#2603 = COLOUR_RGB ( '',0.5372549019607842924, 0.3490196078431372362, 0.3372549019607843368 ) ;
#2604 = CIRCLE ( 'NONE', #3032, 0.02074999999999999414 ) ;
#2605 = CARTESIAN_POINT ( 'NONE',  ( 0.05311329156697947029, 0.03986687287272481367, -0.06602144728134960727 ) ) ;
#2606 = CARTESIAN_POINT ( 'NONE',  ( 0.04875560063439472736, 0.02694987849186700549, -1.523992349981162727E-17 ) ) ;
#2607 = EDGE_CURVE ( 'NONE', #1570, #3939, #3317, .T. ) ;
#2608 = CARTESIAN_POINT ( 'NONE',  ( 0.01310385240321099501, 0.006999693801638401033, -0.04450000000000000483 ) ) ;
#2609 = ORIENTED_EDGE ( 'NONE', *, *, #477, .F. ) ;
#2610 = CARTESIAN_POINT ( 'NONE',  ( 0.02048279716464875000, 0.02656923049056946276, -0.07150000000000000799 ) ) ;
#2611 = CARTESIAN_POINT ( 'NONE',  ( 0.04168126926730156279, 0.04026925285583347891, -7.771620730733743905E-18 ) ) ;
#2612 = CARTESIAN_POINT ( 'NONE',  ( 0.05535343447638357839, 0.07373844071528631861, -0.06405715346344555139 ) ) ;
#2613 = VECTOR ( 'NONE', #2263, 39.37007874015748143 ) ;
#2614 = CYLINDRICAL_SURFACE ( 'NONE', #1370, 0.006249999999999996010 ) ;
#2615 = ADVANCED_FACE ( 'NONE', ( #3717 ), #3427, .T. ) ;
#2616 = EDGE_CURVE ( 'NONE', #2201, #1958, #3391, .T. ) ;
#2617 = AXIS2_PLACEMENT_3D ( 'NONE', #2436, #2785, #4185 ) ;
#2618 = CARTESIAN_POINT ( 'NONE',  ( 0.01199535300098121884, 0.06750000000000001832, -0.04503054885842862343 ) ) ;
#2619 = CARTESIAN_POINT ( 'NONE',  ( 0.06254184591747839750, 0.007508636352437204377, 0.006249999999999985602 ) ) ;
#2620 = CYLINDRICAL_SURFACE ( 'NONE', #83, 0.006250000000000002082 ) ;
#2621 = DIRECTION ( 'NONE',  ( 1.000000000000000000, 0.0000000000000000000, 5.463695987328526437E-15 ) ) ;
#2622 = DIRECTION ( 'NONE',  ( -0.06090368020759980711, 0.9981436478469272178, 4.883536246244056482E-16 ) ) ;
#2623 = VERTEX_POINT ( 'NONE', #275 ) ;
#2624 = CARTESIAN_POINT ( 'NONE',  ( 0.03144999999999991552, 1.572187184173298833E-17, -0.04450000000000001177 ) ) ;
#2625 = ORIENTED_EDGE ( 'NONE', *, *, #1202, .F. ) ;
#2626 = CARTESIAN_POINT ( 'NONE',  ( 0.01169588904413866592, 0.01481737399883940008, -0.006250000000000013357 ) ) ;
#2627 = DIRECTION ( 'NONE',  ( -0.9981436478469265516, 0.06090368020760861950, 0.0000000000000000000 ) ) ;
#2628 = CARTESIAN_POINT ( 'NONE',  ( 0.03870411095586143158, 0.01481737399883936886, -0.06525000000000000244 ) ) ;
#2629 = VERTEX_POINT ( 'NONE', #1659 ) ;
#2630 = CARTESIAN_POINT ( 'NONE',  ( 0.06261935199870242996, 0.006238397799043299101, -0.02699999999999998582 ) ) ;
#2631 = EDGE_CURVE ( 'NONE', #2957, #184, #2187, .T. ) ;
#2632 = CARTESIAN_POINT ( 'NONE',  ( 0.01671864406779676598, 0.04054993610996308895, -0.04454993610996309250 ) ) ;
#2633 = DIRECTION ( 'NONE',  ( 0.0000000000000000000, 1.905585933080539594E-18, -1.000000000000000000 ) ) ;
#2634 = AXIS2_PLACEMENT_3D ( 'NONE', #22, #727, #1001 ) ;
#2635 = EDGE_CURVE ( 'NONE', #1794, #3811, #1460, .T. ) ;
#2636 = DIRECTION ( 'NONE',  ( 0.06067819015338944688, 0.003702398043256767499, 0.9981505144458115986 ) ) ;
#2637 = AXIS2_PLACEMENT_3D ( 'NONE', #3153, #57, #4189 ) ;
#2638 = ORIENTED_EDGE ( 'NONE', *, *, #2223, .F. ) ;
#2639 = CARTESIAN_POINT ( 'NONE',  ( 0.07560000000000000053, -1.340011392983319400E-16, -0.03575000000000001094 ) ) ;
#2640 = DIRECTION ( 'NONE',  ( 0.9981436478469271067, 0.06090368020760045936, 0.0000000000000000000 ) ) ;
#2641 = DIRECTION ( 'NONE',  ( 4.857225732735060850E-16, -1.012211148232467137E-15, 1.000000000000000000 ) ) ;
#2642 = LINE ( 'NONE', #3626, #819 ) ;
#2643 = ORIENTED_EDGE ( 'NONE', *, *, #3013, .T. ) ;
#2644 = VERTEX_POINT ( 'NONE', #1701 ) ;
#2645 = CARTESIAN_POINT ( 'NONE',  ( 0.03944439936560546756, 0.02694987849186701243, -0.06525000000000003020 ) ) ;
#2646 = CARTESIAN_POINT ( 'NONE',  ( 0.02570385240321087020, -0.006999693801638254449, -0.007522600948905393443 ) ) ;
#2647 = FACE_OUTER_BOUND ( 'NONE', #3245, .T. ) ;
#2648 = SURFACE_STYLE_USAGE ( .BOTH. , #1277 ) ;
#2649 = VERTEX_POINT ( 'NONE', #2776 ) ;
#2650 = CARTESIAN_POINT ( 'NONE',  ( 0.03944439936560546756, 0.02694987849186701589, -0.04450000000000001177 ) ) ;
#2651 = CARTESIAN_POINT ( 'NONE',  ( 0.03420231536011885537, 0.05272361310499350251, -0.006238440715286335848 ) ) ;
#2652 = CARTESIAN_POINT ( 'NONE',  ( 0.05664999999999992958, 5.050590616481967834E-18, -0.02699999999999999623 ) ) ;
#2653 = DIRECTION ( 'NONE',  ( 0.9962975955892292568, -0.06079103973086836393, -0.06079103973087373464 ) ) ;
#2654 = DIRECTION ( 'NONE',  ( -0.06090368020759949486, 0.9981436478469272178, 4.883536246244056482E-16 ) ) ;
#2655 = LINE ( 'NONE', #3080, #3735 ) ;
#2656 = EDGE_CURVE ( 'NONE', #1129, #3875, #3108, .T. ) ;
#2657 = CARTESIAN_POINT ( 'NONE',  ( 0.06875695520193796095, 0.06750000000000001832, -0.04464990085713102519 ) ) ;
#2658 = ORIENTED_EDGE ( 'NONE', *, *, #1127, .T. ) ;
#2659 = EDGE_CURVE ( 'NONE', #4159, #3636, #2398, .T. ) ;
#2660 = ORIENTED_EDGE ( 'NONE', *, *, #1784, .T. ) ;
#2661 = CARTESIAN_POINT ( 'NONE',  ( 0.08845744359938402523, -0.005477101796448279568, -0.007522600948905413393 ) ) ;
#2662 = ORIENTED_EDGE ( 'NONE', *, *, #1448, .T. ) ;
#2663 = CARTESIAN_POINT ( 'NONE',  ( 0.02469614759678901220, 0.006999693801638298685, -0.02699999999999998929 ) ) ;
#2664 = CARTESIAN_POINT ( 'NONE',  ( 0.06135560063439472744, 0.02694987849186702283, -1.523992349981162727E-17 ) ) ;
#2665 = CARTESIAN_POINT ( 'NONE',  ( -0.0003806480012975019603, -0.006238397799043310377, -0.06397739905109460501 ) ) ;
#2666 = DIRECTION ( 'NONE',  ( -0.0000000000000000000, -0.0000000000000000000, -1.000000000000000000 ) ) ;
#2667 = ORIENTED_EDGE ( 'NONE', *, *, #618, .F. ) ;
#2668 = CIRCLE ( 'NONE', #77, 0.006250000000000000347 ) ;
#2669 = FACE_OUTER_BOUND ( 'NONE', #2262, .T. ) ;
#2670 = AXIS2_PLACEMENT_3D ( 'NONE', #3393, #1285, #1350 ) ;
#2671 = DIRECTION ( 'NONE',  ( -0.06090368020759949486, 0.9981436478469272178, 4.883536246244056482E-16 ) ) ;
#2672 = CARTESIAN_POINT ( 'NONE',  ( 0.05288033293365546755, 0.04064990085713103551, -0.07150000000000000799 ) ) ;
#2673 = CARTESIAN_POINT ( 'NONE',  ( 0.02931864406779676260, 0.04054993610996308895, -0.04454993610996309250 ) ) ;
#2674 = CIRCLE ( 'NONE', #589, 0.02074999999999999067 ) ;
#2675 = VERTEX_POINT ( 'NONE', #2374 ) ;
#2676 = CARTESIAN_POINT ( 'NONE',  ( 0.001644399365605461001, 0.02694987849186701589, -0.07150000000000000799 ) ) ;
#2677 = FILL_AREA_STYLE ('',( #1197 ) ) ;
#2678 =( BOUNDED_SURFACE ( )  B_SPLINE_SURFACE ( 3, 3, ( 
 ( #1147, #3885, #2612, #1239 ),
 ( #3550, #2519, #812, #2191 ),
 ( #3211, #123, #1508, #4248 ),
 ( #1171, #4339, #2383, #3685 ) ),
 .UNSPECIFIED., .F., .F., .F. ) 
 B_SPLINE_SURFACE_WITH_KNOTS ( ( 4, 4 ),
 ( 4, 4 ),
 ( 0.0000000000000000000, 1.000000000000000000 ),
 ( 0.0000000000000000000, 1.000000000000000000 ),
 .UNSPECIFIED. ) 
 GEOMETRIC_REPRESENTATION_ITEM ( )  RATIONAL_B_SPLINE_SURFACE ( (
 ( 1.000000000000000000, 0.8056113254483427966, 0.8056113254483427966, 1.000000000000000000),
 ( 0.3333333333333333703, 0.2685371084827809507, 0.2685371084827809507, 0.3333333333333333703),
 ( 0.3333333333333333703, 0.2685371084827809507, 0.2685371084827809507, 0.3333333333333333703),
 ( 1.000000000000000000, 0.8056113254483427966, 0.8056113254483427966, 1.000000000000000000) ) ) 
 REPRESENTATION_ITEM ( '' )  SURFACE ( )  );
#2679 = AXIS2_PLACEMENT_3D ( 'NONE', #1862, #2819, #3472 ) ;
#2680 = CARTESIAN_POINT ( 'NONE',  ( 0.07559999999999998666, -9.148827107256830748E-17, -0.07775000000000001354 ) ) ;
#2681 = EDGE_CURVE ( 'NONE', #2066, #1003, #233, .T. ) ;
#2682 = ORIENTED_EDGE ( 'NONE', *, *, #2768, .T. ) ;
#2683 = CIRCLE ( 'NONE', #1390, 0.006250000000000000347 ) ;
#2684 = ADVANCED_FACE ( 'NONE', ( #4435 ), #1050, .T. ) ;
#2685 = ORIENTED_EDGE ( 'NONE', *, *, #3045, .F. ) ;
#2686 = DIRECTION ( 'NONE',  ( -0.06090368020761460777, -2.823262457152253546E-16, -0.9981436478469262186 ) ) ;
#2687 = EDGE_LOOP ( 'NONE', ( #478, #2339, #4379, #2045, #480 ) ) ;
#2688 = DIRECTION ( 'NONE',  ( -0.06090368020761460777, -2.823262457152253546E-16, -0.9981436478469262186 ) ) ;
#2689 = CARTESIAN_POINT ( 'NONE',  ( 0.02558064800129759495, 0.006238397799043286958, -0.05665506858075828461 ) ) ;
#2690 = CARTESIAN_POINT ( 'NONE',  ( 0.01797771651347932625, 0.06126155928471369722, -0.04462676086936068209 ) ) ;
#2691 = EDGE_CURVE ( 'NONE', #933, #573, #2539, .T. ) ;
#2692 = LENGTH_MEASURE_WITH_UNIT ( LENGTH_MEASURE( 0.02539999999999999897 ), #277 );
#2693 = VERTEX_POINT ( 'NONE', #4414 ) ;
#2694 = CARTESIAN_POINT ( 'NONE',  ( 0.06338064800129743215, -0.006238397799043281754, -0.007522600948905401250 ) ) ;
#2695 = CARTESIAN_POINT ( 'NONE',  ( 0.04829890575480349363, 0.04067304084490133698, 0.006238440715286328909 ) ) ;
#2696 = DIRECTION ( 'NONE',  ( -0.0000000000000000000, -1.905585933080539594E-18, 1.000000000000000000 ) ) ;
#2697 = CARTESIAN_POINT ( 'NONE',  ( 0.07585744359938423331, 0.005477101796448206709, -0.05665506858075828461 ) ) ;
#2698 = ORIENTED_EDGE ( 'NONE', *, *, #2219, .T. ) ;
#2699 = AXIS2_PLACEMENT_3D ( 'NONE', #2998, #3691, #2286 ) ;
#2700 = CARTESIAN_POINT ( 'NONE',  ( 0.05956986628565619224, 0.06081704146008128087, 0.005478552718650377303 ) ) ;
#2701 = UNCERTAINTY_MEASURE_WITH_UNIT (LENGTH_MEASURE( 1.000000000000000082E-05 ), #185, 'distance_accuracy_value', 'NONE');
#2702 = ORIENTED_EDGE ( 'NONE', *, *, #675, .F. ) ;
#2703 =( NAMED_UNIT ( * ) PLANE_ANGLE_UNIT ( ) SI_UNIT ( $, .RADIAN. ) );
#2704 = EDGE_LOOP ( 'NONE', ( #4221, #3562, #2643, #2796, #2029, #3544 ) ) ;
#2705 = FACE_OUTER_BOUND ( 'NONE', #3758, .T. ) ;
#2706 = EDGE_LOOP ( 'NONE', ( #3994, #298, #1476, #3073, #3555, #449 ) ) ;
#2707 = DIRECTION ( 'NONE',  ( -0.06090368020761468409, 0.0000000000000000000, -0.9981436478469262186 ) ) ;
#2708 = DIRECTION ( 'NONE',  ( 0.06090368020759980711, -0.9981436478469272178, -4.883536246244056482E-16 ) ) ;
#2709 = FACE_OUTER_BOUND ( 'NONE', #1067, .T. ) ;
#2710 = VERTEX_POINT ( 'NONE', #1338 ) ;
#2711 = CARTESIAN_POINT ( 'NONE',  ( 0.06209588904413867322, 0.01481737399883939661, -0.006250000000000014225 ) ) ;
#2712 = CARTESIAN_POINT ( 'NONE',  ( 0.04530028546848235971, 0.07449832871192214878, -0.008202734533190453314 ) ) ;
#2713 = DIRECTION ( 'NONE',  ( 0.06090368020760042467, -0.9981436478469269957, 6.829619984160656074E-16 ) ) ;
#2714 = DIRECTION ( 'NONE',  ( 0.06067819015338331290, 0.003702398043258134028, 0.9981505144458120427 ) ) ;
#2715 = VERTEX_POINT ( 'NONE', #3087 ) ;
#2716 = DIRECTION ( 'NONE',  ( 0.9981436478469271067, 0.06090368020759973078, 0.0000000000000000000 ) ) ;
#2717 = CARTESIAN_POINT ( 'NONE',  ( 0.05503960349571183214, 0.06126155928471367640, -0.05672361310499351300 ) ) ;
#2718 = DIRECTION ( 'NONE',  ( -0.06090368020759980711, 0.9981436478469272178, 4.883536246244056482E-16 ) ) ;
#2719 = ORIENTED_EDGE ( 'NONE', *, *, #3679, .T. ) ;
#2720 =( NAMED_UNIT ( * ) PLANE_ANGLE_UNIT ( ) SI_UNIT ( $, .RADIAN. ) );
#2721 = VERTEX_POINT ( 'NONE', #4083 ) ;
#2722 = CARTESIAN_POINT ( 'NONE',  ( 0.07598064800129743224, -0.006238397799043275682, -0.02699999999999999969 ) ) ;
#2723 = LINE ( 'NONE', #2107, #838 ) ;
#2724 = DIRECTION ( 'NONE',  ( -0.06090368020759980711, 0.9981436478469272178, 4.883536246244056482E-16 ) ) ;
#2725 = AXIS2_PLACEMENT_3D ( 'NONE', #2277, #3230, #2212 ) ;
#2726 = VERTEX_POINT ( 'NONE', #4106 ) ;
#2727 = CARTESIAN_POINT ( 'NONE',  ( 0.02744737430033145770, 0.04143292884153723654, -0.07697855271865045035 ) ) ;
#2728 = EDGE_LOOP ( 'NONE', ( #2980, #1478, #3741, #2784, #2513, #1376 ) ) ;
#2729 = CYLINDRICAL_SURFACE ( 'NONE', #522, 0.006249999999999996010 ) ;
#2730 = CARTESIAN_POINT ( 'NONE',  ( 0.04561411644915398800, 0.06202144728134945800, -0.01553627489164249864 ) ) ;
#2731 = AXIS2_PLACEMENT_3D ( 'NONE', #1529, #1209, #1189 ) ;
#2732 = EDGE_CURVE ( 'NONE', #4134, #2598, #3680, .T. ) ;
#2733 = CARTESIAN_POINT ( 'NONE',  ( 0.02570385240321099510, 0.006999693801638397564, -0.05665506858075828461 ) ) ;
#2734 = CARTESIAN_POINT ( 'NONE',  ( 0.04791966706634485235, 0.04064990085713098694, 0.0000000000000000000 ) ) ;
#2735 = ADVANCED_FACE ( 'NONE', ( #1382 ), #2334, .T. ) ;
#2736 = EDGE_CURVE ( 'NONE', #4324, #4110, #3395, .T. ) ;
#2737 = COLOUR_RGB ( '',0.8274509803921568096, 0.8392156862745098200, 0.8274509803921568096 ) ;
#2738 = CIRCLE ( 'NONE', #3889, 0.02074999999999998027 ) ;
#2739 = ORIENTED_EDGE ( 'NONE', *, *, #143, .F. ) ;
#2740 = CYLINDRICAL_SURFACE ( 'NONE', #3904, 0.006250000000000004684 ) ;
#2741 = DIRECTION ( 'NONE',  ( -6.155188414296105405E-17, 1.008766990120902174E-15, 1.000000000000000000 ) ) ;
#2742 = DIRECTION ( 'NONE',  ( -0.06090368020760787010, -0.9981436478469266627, 1.836970198721029688E-16 ) ) ;
#2743 = CIRCLE ( 'NONE', #3892, 0.006249999999999996877 ) ;
#2744 = EDGE_CURVE ( 'NONE', #3605, #3071, #4393, .T. ) ;
#2745 = CARTESIAN_POINT ( 'NONE',  ( 0.05821411644915398115, 0.06202144728134942331, -0.01553627489164249517 ) ) ;
#2746 = VERTEX_POINT ( 'NONE', #685 ) ;
#2747 = CIRCLE ( 'NONE', #814, 0.006250000000000001214 ) ;
#2748 = ORIENTED_EDGE ( 'NONE', *, *, #2030, .F. ) ;
#2749 = CARTESIAN_POINT ( 'NONE',  ( 0.02271966706634484523, 0.04064990085713102164, -1.707404996040164512E-17 ) ) ;
#2750 = VECTOR ( 'NONE', #2491, 39.37007874015748143 ) ;
#2751 = CARTESIAN_POINT ( 'NONE',  ( 0.04155806486538813488, 0.04103054885842855048, 1.326920237274670272E-32 ) ) ;
#2752 = DIRECTION ( 'NONE',  ( 9.756599977372362721E-16, -1.905585933080539594E-18, 1.000000000000000000 ) ) ;
#2753 = CIRCLE ( 'NONE', #1111, 0.03324999999999998096 ) ;
#2754 = ORIENTED_EDGE ( 'NONE', *, *, #4197, .T. ) ;
#2755 = ORIENTED_EDGE ( 'NONE', *, *, #787, .F. ) ;
#2756 = CYLINDRICAL_SURFACE ( 'NONE', #3187, 0.006250000000000002082 ) ;
#2757 = CYLINDRICAL_SURFACE ( 'NONE', #1481, 0.006250000000000001214 ) ;
#2758 = CIRCLE ( 'NONE', #827, 0.006250000000000000347 ) ;
#2759 = FACE_OUTER_BOUND ( 'NONE', #134, .T. ) ;
#2760 = CARTESIAN_POINT ( 'NONE',  ( 0.007222283486521075511, 0.06126155928471369028, -0.02687323913063935713 ) ) ;
#2761 = EDGE_CURVE ( 'NONE', #3202, #2332, #3902, .T. ) ;
#2762 = ORIENTED_EDGE ( 'NONE', *, *, #1811, .T. ) ;
#2763 = DIRECTION ( 'NONE',  ( 0.0000000000000000000, 1.000000000000000000, 0.0000000000000000000 ) ) ;
#2764 = ADVANCED_FACE ( 'NONE', ( #23 ), #988, .T. ) ;
#2765 = CARTESIAN_POINT ( 'NONE',  ( 0.0003806480012975960148, 0.006238397799043274815, -0.05665506858075828461 ) ) ;
#2766 = CARTESIAN_POINT ( 'NONE',  ( 0.0000000000000000000, 0.0000000000000000000, 0.006250000000000001214 ) ) ;
#2767 = ADVANCED_FACE ( 'NONE', ( #1138 ), #1110, .T. ) ;
#2768 = EDGE_CURVE ( 'NONE', #1958, #802, #1463, .T. ) ;
#2769 = CARTESIAN_POINT ( 'NONE',  ( 0.05836039650428858500, 0.06126155928471370415, -0.01477638689500653489 ) ) ;
#2770 = ORIENTED_EDGE ( 'NONE', *, *, #3723, .T. ) ;
#2771 = DIRECTION ( 'NONE',  ( -0.06090368020759980711, 0.9981436478469272178, 4.883536246244056482E-16 ) ) ;
#2772 = EDGE_LOOP ( 'NONE', ( #2243, #1359, #498, #444, #3430, #1443 ) ) ;
#2773 = CARTESIAN_POINT ( 'NONE',  ( 0.05664999999999990876, 5.050590616481961671E-18, -0.04450000000000002565 ) ) ;
#2774 = AXIS2_PLACEMENT_3D ( 'NONE', #3684, #280, #3746 ) ;
#2775 = CARTESIAN_POINT ( 'NONE',  ( 0.05039999999999991015, 4.301860243929320862E-18, -0.04450000000000001177 ) ) ;
#2776 = CARTESIAN_POINT ( 'NONE',  ( 0.0006046469990192281530, 0.06750000000000001832, -0.02646945114157140191 ) ) ;
#2777 = VERTEX_POINT ( 'NONE', #3218 ) ;
#2778 = CARTESIAN_POINT ( 'NONE',  ( 0.04139768463988152680, 0.05272361310499348169, -0.06526155928471367995 ) ) ;
#2779 = ORIENTED_EDGE ( 'NONE', *, *, #4059, .T. ) ;
#2780 = CARTESIAN_POINT ( 'NONE',  ( 0.01424439936560546217, 0.02694987849186701243, -0.07150000000000002187 ) ) ;
#2781 = CARTESIAN_POINT ( 'NONE',  ( 0.03990109424519684700, 0.04067304084490137861, -0.07773844071528634991 ) ) ;
#2782 = DIRECTION ( 'NONE',  ( 0.9962975955892297009, 0.06079103973086141810, -0.06079103973087533058 ) ) ;
#2783 = CARTESIAN_POINT ( 'NONE',  ( 0.03301411644915398097, 0.06202144728134945106, -0.01553627489164251772 ) ) ;
#2784 = ORIENTED_EDGE ( 'NONE', *, *, #618, .T. ) ;
#2785 = DIRECTION ( 'NONE',  ( -7.458549702254098961E-18, -1.222373423425001738E-16, -1.000000000000000000 ) ) ;
#2786 = DIRECTION ( 'NONE',  ( -4.857225732735060850E-16, 1.012211148232467137E-15, -1.000000000000000000 ) ) ;
#2787 = CARTESIAN_POINT ( 'NONE',  ( 0.07349890575480350074, 0.04067304084490139249, 0.006238440715286320236 ) ) ;
#2788 = CARTESIAN_POINT ( 'NONE',  ( 0.05671752605446937073, 0.07449832871192210715, -0.02758684715173459825 ) ) ;
#2789 = ORIENTED_EDGE ( 'NONE', *, *, #4170, .T. ) ;
#2790 = SURFACE_STYLE_USAGE ( .BOTH. , #1422 ) ;
#2791 = ADVANCED_FACE ( 'NONE', ( #3901 ), #963, .T. ) ;
#2792 = EDGE_LOOP ( 'NONE', ( #723, #2822, #596, #254, #2371, #1312 ) ) ;
#2793 = CARTESIAN_POINT ( 'NONE',  ( 0.009002315360118849988, 0.05272361310499350945, -0.006238440715286320236 ) ) ;
#2794 = CARTESIAN_POINT ( 'NONE',  ( 0.02174859541525349382, 0.05196372510835773478, -0.005478552718650388578 ) ) ;
#2795 = CARTESIAN_POINT ( 'NONE',  ( 0.07598064800129740448, -0.006238397799043269611, -0.02700000000000001357 ) ) ;
#2796 = ORIENTED_EDGE ( 'NONE', *, *, #1621, .T. ) ;
#2797 = DIRECTION ( 'NONE',  ( 0.9981436478469261075, 0.0000000000000000000, -0.06090368020761614820 ) ) ;
#2798 = ORIENTED_EDGE ( 'NONE', *, *, #2442, .T. ) ;
#2799 = CYLINDRICAL_SURFACE ( 'NONE', #3759, 0.006250000000000002082 ) ;
#2800 = FACE_OUTER_BOUND ( 'NONE', #2330, .T. ) ;
#2801 = DIRECTION ( 'NONE',  ( -0.9981436478469265516, 0.06090368020760861950, 0.0000000000000000000 ) ) ;
#2802 = CARTESIAN_POINT ( 'NONE',  ( 0.02234042837788620048, 0.04062676086936067854, -0.006238440715286341920 ) ) ;
#2803 = EDGE_LOOP ( 'NONE', ( #1506, #3018, #3893, #2584, #4357, #972 ) ) ;
#2804 = AXIS2_PLACEMENT_3D ( 'NONE', #4187, #3523, #1438 ) ;
#2805 = DIRECTION ( 'NONE',  ( 0.0000000000000000000, 1.905585933080539594E-18, -1.000000000000000000 ) ) ;
#2806 = CARTESIAN_POINT ( 'NONE',  ( 0.07559999999999993114, 2.240969057302715998E-17, -0.02700000000000000663 ) ) ;
#2807 = CARTESIAN_POINT ( 'NONE',  ( 0.04559284557875158128, 0.07297855271865062721, -0.006682958539918553570 ) ) ;
#2808 = CIRCLE ( 'NONE', #1235, 0.02075000000000000455 ) ;
#2809 = AXIS2_PLACEMENT_3D ( 'NONE', #2429, #1705, #3382 ) ;
#2810 = CARTESIAN_POINT ( 'NONE',  ( 0.01049890575480348989, 0.04067304084490139249, 0.006238440715286328042 ) ) ;
#2811 = CIRCLE ( 'NONE', #3820, 0.006250000000000000347 ) ;
#2812 = VERTEX_POINT ( 'NONE', #2795 ) ;
#2813 = CARTESIAN_POINT ( 'NONE',  ( 0.05415806486538814191, 0.04103054885842850191, -8.537024980200822558E-18 ) ) ;
#2814 = CIRCLE ( 'NONE', #951, 0.006250000000000009888 ) ;
#2815 = ORIENTED_EDGE ( 'NONE', *, *, #4012, .F. ) ;
#2816 = CARTESIAN_POINT ( 'NONE',  ( 0.05204439936560547458, 0.02694987849186701243, -0.07150000000000002187 ) ) ;
#2817 = EDGE_CURVE ( 'NONE', #1949, #3548, #2893, .T. ) ;
#2818 = DIRECTION ( 'NONE',  ( -0.06090368020761460777, -2.823262457152253546E-16, -0.9981436478469262186 ) ) ;
#2819 = DIRECTION ( 'NONE',  ( -0.06090368020761458001, 1.526556658859590243E-16, -0.9981436478469262186 ) ) ;
#2820 = EDGE_CURVE ( 'NONE', #1302, #420, #412, .T. ) ;
#2821 = AXIS2_PLACEMENT_3D ( 'NONE', #3356, #2708, #1405 ) ;
#2822 = ORIENTED_EDGE ( 'NONE', *, *, #2931, .T. ) ;
#2823 = AXIS2_PLACEMENT_3D ( 'NONE', #4281, #4298, #1947 ) ;
#2824 = ORIENTED_EDGE ( 'NONE', *, *, #3421, .F. ) ;
#2825 = DIRECTION ( 'NONE',  ( 0.06090368020760870277, 0.9981436478469265516, 0.0000000000000000000 ) ) ;
#2826 = CARTESIAN_POINT ( 'NONE',  ( 0.06299999999999993106, 6.969680550242078297E-18, -0.04450000000000001177 ) ) ;
#2827 = DIRECTION ( 'NONE',  ( -0.06090368020761624535, 0.0000000000000000000, -0.9981436478469259965 ) ) ;
#2828 = AXIS2_PLACEMENT_3D ( 'NONE', #665, #968, #1627 ) ;
#2829 = CARTESIAN_POINT ( 'NONE',  ( 0.07274042837788620430, 0.04062676086936067854, -0.006238440715286328909 ) ) ;
#2830 = DIMENSIONAL_EXPONENTS ( 1.000000000000000000, 0.0000000000000000000, 0.0000000000000000000, 0.0000000000000000000, 0.0000000000000000000, 0.0000000000000000000, 0.0000000000000000000 ) ;
#2831 = EDGE_LOOP ( 'NONE', ( #2215, #101, #1977, #3450, #2462, #4079 ) ) ;
#2832 = MECHANICAL_DESIGN_GEOMETRIC_PRESENTATION_REPRESENTATION (  '', ( #1755 ), #4129 ) ;
#2833 = CARTESIAN_POINT ( 'NONE',  ( 0.03204304479806251854, 0.06750000000000001832, -0.02685009914286900709 ) ) ;
#2834 = DIRECTION ( 'NONE',  ( 0.0000000000000000000, -1.000000000000000000, -6.829619984160660018E-16 ) ) ;
#2835 = CARTESIAN_POINT ( 'NONE',  ( 0.03308279716464875009, 0.02656923049056945582, -0.07150000000000000799 ) ) ;
#2836 = CARTESIAN_POINT ( 'NONE',  ( 0.03615560063439472727, 0.02694987849186702283, -0.02699999999999999969 ) ) ;
#2837 = EDGE_LOOP ( 'NONE', ( #1204, #1698, #3541, #3789, #464, #2591 ) ) ;
#2838 = CARTESIAN_POINT ( 'NONE',  ( 0.03299284557875163670, 0.07297855271865061333, -0.006682958539918537957 ) ) ;
#2839 = COLOUR_RGB ( '',0.7254901960784313486, 0.4431372549019607643, 0.3686274509803921795 ) ;
#2840 = EDGE_LOOP ( 'NONE', ( #1959, #3827, #3111, #3022, #2702, #3577 ) ) ;
#2841 = CARTESIAN_POINT ( 'NONE',  ( 0.01011966706634484341, 0.04064990085713102164, 0.0000000000000000000 ) ) ;
#2842 = CARTESIAN_POINT ( 'NONE',  ( 0.07521935199870244393, 0.006238397799043314713, -0.01484493141924173552 ) ) ;
#2843 = CARTESIAN_POINT ( 'NONE',  ( 0.03932119496369204659, 0.02618858248927190616, -0.07774999999999999967 ) ) ;
#2844 = CIRCLE ( 'NONE', #1851, 0.006250000000000000347 ) ;
#2845 = ORIENTED_EDGE ( 'NONE', *, *, #2579, .F. ) ;
#2846 = CARTESIAN_POINT ( 'NONE',  ( 0.03729614759678902963, 0.006999693801638343787, -0.02699999999999999623 ) ) ;
#2847 = ORIENTED_EDGE ( 'NONE', *, *, #1358, .T. ) ;
#2848 = FACE_OUTER_BOUND ( 'NONE', #2153, .T. ) ;
#2849 = DIRECTION ( 'NONE',  ( -0.06090368020761594003, -0.0000000000000000000, -0.9981436478469261075 ) ) ;
#2850 =( BOUNDED_SURFACE ( )  B_SPLINE_SURFACE ( 3, 3, ( 
 ( #3028, #1318, #1361, #3093 ),
 ( #2727, #1385, #4437, #3449 ),
 ( #4109, #1407, #1030, #1341 ),
 ( #366, #2778, #2407, #3719 ) ),
 .UNSPECIFIED., .F., .F., .F. ) 
 B_SPLINE_SURFACE_WITH_KNOTS ( ( 4, 4 ),
 ( 4, 4 ),
 ( 0.0000000000000000000, 1.000000000000000000 ),
 ( 0.0000000000000000000, 1.000000000000000000 ),
 .UNSPECIFIED. ) 
 GEOMETRIC_REPRESENTATION_ITEM ( )  RATIONAL_B_SPLINE_SURFACE ( (
 ( 1.000000000000000000, 0.8056113254483424635, 0.8056113254483424635, 1.000000000000000000),
 ( 0.3333333333333327597, 0.2685371084827803401, 0.2685371084827803401, 0.3333333333333327597),
 ( 0.3333333333333327597, 0.2685371084827803401, 0.2685371084827803401, 0.3333333333333327597),
 ( 1.000000000000000000, 0.8056113254483424635, 0.8056113254483424635, 1.000000000000000000) ) ) 
 REPRESENTATION_ITEM ( '' )  SURFACE ( )  );
#2851 = CARTESIAN_POINT ( 'NONE',  ( -0.004493323440576784712, 0.06050167128807793643, -0.01401649889837059543 ) ) ;
#2852 = ADVANCED_FACE ( 'NONE', ( #3854 ), #2152, .T. ) ;
#2853 = EDGE_CURVE ( 'NONE', #3952, #1903, #2642, .T. ) ;
#2854 = ORIENTED_EDGE ( 'NONE', *, *, #1148, .T. ) ;
#2855 = CARTESIAN_POINT ( 'NONE',  ( 0.06241864151556501816, 0.008269932355032193552, 0.006249999999999971724 ) ) ;
#2856 = DIRECTION ( 'NONE',  ( 0.9981436478469271067, 0.06090368020759995282, 0.0000000000000000000 ) ) ;
#2857 = CARTESIAN_POINT ( 'NONE',  ( 0.05762228348652108367, 0.06126155928471369722, -0.02687323913063937100 ) ) ;
#2858 = ORIENTED_EDGE ( 'NONE', *, *, #1148, .F. ) ;
#2859 = CARTESIAN_POINT ( 'NONE',  ( 0.08341411644915400214, 0.06202144728134940943, -0.01553627489164252640 ) ) ;
#2860 = ORIENTED_EDGE ( 'NONE', *, *, #1945, .T. ) ;
#2861 = DIRECTION ( 'NONE',  ( -0.06090368020761467716, -1.399488164244289123E-15, -0.9981436478469262186 ) ) ;
#2862 = CARTESIAN_POINT ( 'NONE',  ( 0.07395560063439472753, 0.02694987849186702283, -0.006250000000000026368 ) ) ;
#2863 = CARTESIAN_POINT ( 'NONE',  ( 0.05065744359938403885, -0.005477101796448263088, -0.007522600948905396046 ) ) ;
#2864 = ORIENTED_EDGE ( 'NONE', *, *, #2278, .T. ) ;
#2865 = CARTESIAN_POINT ( 'NONE',  ( 0.04239399843343800989, 0.02733052649316452393, -6.702898519610804710E-18 ) ) ;
#2866 = ORIENTED_EDGE ( 'NONE', *, *, #1221, .F. ) ;
#2867 = PRESENTATION_STYLE_ASSIGNMENT (( #1525 ) ) ;
#2868 = LINE ( 'NONE', #1867, #2882 ) ;
#2869 = CARTESIAN_POINT ( 'NONE',  ( 0.0000000000000000000, 0.0000000000000000000, 0.006250000000000001214 ) ) ;
#2870 = ORIENTED_EDGE ( 'NONE', *, *, #742, .T. ) ;
#2871 = CARTESIAN_POINT ( 'NONE',  ( 0.02355560063439472024, 0.02694987849186702283, -0.02699999999999999969 ) ) ;
#2872 = EDGE_CURVE ( 'NONE', #3508, #3131, #2747, .T. ) ;
#2873 = CARTESIAN_POINT ( 'NONE',  ( 0.03830385240321083906, -0.006999693801638278735, -0.02699999999999999276 ) ) ;
#2874 = EDGE_CURVE ( 'NONE', #3779, #2726, #3976, .T. ) ;
#2875 = CYLINDRICAL_SURFACE ( 'NONE', #2954, 0.006249999999999998612 ) ;
#2876 = FACE_OUTER_BOUND ( 'NONE', #556, .T. ) ;
#2877 = ADVANCED_FACE ( 'NONE', ( #249 ), #3648, .T. ) ;
#2878 = CARTESIAN_POINT ( 'NONE',  ( 0.04355695520193794690, 0.06750000000000001832, -0.04464990085713105294 ) ) ;
#2879 = AXIS2_PLACEMENT_3D ( 'NONE', #4422, #4377, #1298 ) ;
#2880 = ORIENTED_EDGE ( 'NONE', *, *, #424, .T. ) ;
#2881 = DIRECTION ( 'NONE',  ( -1.000000000000000000, -8.881784197001252323E-16, 1.365923996832131412E-15 ) ) ;
#2882 = VECTOR ( 'NONE', #136, 39.37007874015748143 ) ;
#2883 = DIRECTION ( 'NONE',  ( -0.06090368020761456613, 0.0000000000000000000, -0.9981436478469262186 ) ) ;
#2884 = DIRECTION ( 'NONE',  ( -0.06090368020761464246, 0.0000000000000000000, -0.9981436478469262186 ) ) ;
#2885 = AXIS2_PLACEMENT_3D ( 'NONE', #1996, #2400, #3353 ) ;
#2886 = ORIENTED_EDGE ( 'NONE', *, *, #4341, .F. ) ;
#2887 = DIRECTION ( 'NONE',  ( 0.9981436478469261075, 0.0000000000000000000, -0.06090368020761610657 ) ) ;
#2888 = ORIENTED_EDGE ( 'NONE', *, *, #12, .T. ) ;
#2889 = CIRCLE ( 'NONE', #4188, 0.006250000000000002082 ) ;
#2890 = LENGTH_MEASURE_WITH_UNIT ( LENGTH_MEASURE( 0.02539999999999999897 ), #850 );
#2891 = CARTESIAN_POINT ( 'NONE',  ( 0.06338064800129743215, -0.006238397799043290427, -0.02699999999999998582 ) ) ;
#2892 = CARTESIAN_POINT ( 'NONE',  ( 0.01508033293365545861, 0.04064990085713102164, -0.07150000000000000799 ) ) ;
#2893 = CIRCLE ( 'NONE', #451, 0.006250000000000002082 ) ;
#2894 = VERTEX_POINT ( 'NONE', #3241 ) ;
#2895 = CARTESIAN_POINT ( 'NONE',  ( 0.04875560063439472736, 0.02694987849186700896, -0.006250000000000026368 ) ) ;
#2896 = AXIS2_PLACEMENT_3D ( 'NONE', #14, #1394, #2121 ) ;
#2897 = CARTESIAN_POINT ( 'NONE',  ( 0.03701909344605210095, 0.01405607799624439443, -0.006250000000000022031 ) ) ;
#2898 = DIRECTION ( 'NONE',  ( -0.9981436478469265516, 0.06090368020760864032, 0.0000000000000000000 ) ) ;
#2899 = ORIENTED_EDGE ( 'NONE', *, *, #3866, .T. ) ;
#2900 = DIRECTION ( 'NONE',  ( -6.146657985744592340E-15, 1.000000000000000000, 0.0000000000000000000 ) ) ;
#2901 = EDGE_CURVE ( 'NONE', #2396, #1892, #3323, .T. ) ;
#2902 = ORIENTED_EDGE ( 'NONE', *, *, #4170, .F. ) ;
#2903 = ADVANCED_FACE ( 'NONE', ( #201 ), #1079, .T. ) ;
#2904 = FACE_OUTER_BOUND ( 'NONE', #2289, .T. ) ;
#2905 = DIRECTION ( 'NONE',  ( 0.06067819015337642952, 0.9981505144458124867, -0.003702398043258130992 ) ) ;
#2906 = CARTESIAN_POINT ( 'NONE',  ( 0.03615560063439472727, 0.02694987849186702977, -6.702898519610803170E-18 ) ) ;
#2907 = VERTEX_POINT ( 'NONE', #3602 ) ;
#2908 = CARTESIAN_POINT ( 'NONE',  ( 0.01226505031939183719, 0.006747340349842228212, 0.006249999999999976928 ) ) ;
#2909 = VERTEX_POINT ( 'NONE', #4261 ) ;
#2910 = AXIS2_PLACEMENT_3D ( 'NONE', #2775, #4434, #3086 ) ;
#2911 = AXIS2_PLACEMENT_3D ( 'NONE', #3838, #738, #4203 ) ;
#2912 = CARTESIAN_POINT ( 'NONE',  ( 0.05724304479806251872, 0.06750000000000001832, -0.02685009914286901403 ) ) ;
#2913 = CARTESIAN_POINT ( 'NONE',  ( 0.001644399365605460567, 0.02694987849186701589, -0.04450000000000001177 ) ) ;
#2914 =( BOUNDED_SURFACE ( )  B_SPLINE_SURFACE ( 3, 3, ( 
 ( #1364, #4091, #2651, #2988 ),
 ( #666, #2730, #3055, #4360 ),
 ( #1006, #2712, #4024, #2048 ),
 ( #942, #1987, #1432, #691 ) ),
 .UNSPECIFIED., .F., .F., .F. ) 
 B_SPLINE_SURFACE_WITH_KNOTS ( ( 4, 4 ),
 ( 4, 4 ),
 ( 0.0000000000000000000, 1.000000000000000000 ),
 ( 0.0000000000000000000, 1.000000000000000000 ),
 .UNSPECIFIED. ) 
 GEOMETRIC_REPRESENTATION_ITEM ( )  RATIONAL_B_SPLINE_SURFACE ( (
 ( 1.000000000000000000, 0.8056113254483424635, 0.8056113254483424635, 1.000000000000000000),
 ( 0.3333333333333332038, 0.2685371084827807286, 0.2685371084827807286, 0.3333333333333332038),
 ( 0.3333333333333332038, 0.2685371084827807286, 0.2685371084827807286, 0.3333333333333332038),
 ( 1.000000000000000000, 0.8056113254483424635, 0.8056113254483424635, 1.000000000000000000) ) ) 
 REPRESENTATION_ITEM ( '' )  SURFACE ( )  );
#2915 = CARTESIAN_POINT ( 'NONE',  ( 0.05828279716464875720, 0.02656923049056945929, -0.07150000000000000799 ) ) ;
#2916 = CARTESIAN_POINT ( 'NONE',  ( 0.04568279716464875712, 0.02656923049056946276, -0.07150000000000002187 ) ) ;
#2917 = CIRCLE ( 'NONE', #3777, 0.006249999999999996877 ) ;
#2918 = ORIENTED_EDGE ( 'NONE', *, *, #3072, .F. ) ;
#2919 = CARTESIAN_POINT ( 'NONE',  ( 0.03133619389039652564, 0.07373844071528636024, -0.04467304084490138216 ) ) ;
#2920 = AXIS2_PLACEMENT_3D ( 'NONE', #2452, #3144, #1055 ) ;
#2921 = DIRECTION ( 'NONE',  ( -0.06090368020761455226, 0.0000000000000000000, -0.9981436478469262186 ) ) ;
#2922 = CARTESIAN_POINT ( 'NONE',  ( 0.01209614759678908323, -0.006999693801638399299, -0.04449999999999998401 ) ) ;
#2923 = DIRECTION ( 'NONE',  ( 0.06090368020760870277, 0.9981436478469264406, 0.0000000000000000000 ) ) ;
#2924 = ORIENTED_EDGE ( 'NONE', *, *, #1536, .F. ) ;
#2925 = CARTESIAN_POINT ( 'NONE',  ( 0.05090385240321081833, -0.006999693801638287409, -0.007522600948905402984 ) ) ;
#2926 = ORIENTED_EDGE ( 'NONE', *, *, #787, .T. ) ;
#2927 = CARTESIAN_POINT ( 'NONE',  ( 0.0005038524032108300131, -0.006999693801638290011, -0.02699999999999997888 ) ) ;
#2928 = DIRECTION ( 'NONE',  ( -9.756599977372362721E-16, 1.905585933080539594E-18, -1.000000000000000000 ) ) ;
#2929 = EDGE_CURVE ( 'NONE', #3636, #3971, #237, .T. ) ;
#2930 = DIRECTION ( 'NONE',  ( 0.06067819015337710953, 0.9981505144458124867, -0.003702398043258130992 ) ) ;
#2931 = EDGE_CURVE ( 'NONE', #3548, #2558, #959, .T. ) ;
#2932 = EDGE_CURVE ( 'NONE', #4190, #343, #2041, .T. ) ;
#2933 = VERTEX_POINT ( 'NONE', #3923 ) ;
#2934 = DIRECTION ( 'NONE',  ( 0.0000000000000000000, 0.0000000000000000000, -1.000000000000000000 ) ) ;
#2935 = VERTEX_POINT ( 'NONE', #495 ) ;
#2936 = DIRECTION ( 'NONE',  ( -0.06090368020760787010, -0.9981436478469266627, 1.836970198721029688E-16 ) ) ;
#2937 = EDGE_CURVE ( 'NONE', #3673, #759, #309, .T. ) ;
#2938 = FACE_OUTER_BOUND ( 'NONE', #3270, .T. ) ;
#2939 = CARTESIAN_POINT ( 'NONE',  ( 0.04139768463988152680, 0.05272361310499348863, -0.06526155928471369383 ) ) ;
#2940 = EDGE_CURVE ( 'NONE', #3711, #2039, #3611, .T. ) ;
#2941 = CARTESIAN_POINT ( 'NONE',  ( 0.0000000000000000000, 0.0000000000000000000, -0.03575000000000000400 ) ) ;
#2942 = FACE_OUTER_BOUND ( 'NONE', #2706, .T. ) ;
#2943 = ORIENTED_EDGE ( 'NONE', *, *, #1090, .T. ) ;
#2944 = CARTESIAN_POINT ( 'NONE',  ( 0.003283853659209688344, 0.06005715346344553396, -0.07773844071528633604 ) ) ;
#2945 = CARTESIAN_POINT ( 'NONE',  ( 0.03754255640061593402, -0.005477101796448186760, -0.04450000000000001177 ) ) ;
#2946 = LINE ( 'NONE', #3983, #1 ) ;
#2947 = CARTESIAN_POINT ( 'NONE',  ( 0.03741935199870242285, 0.006238397799043293897, -0.02699999999999997888 ) ) ;
#2948 = ORIENTED_EDGE ( 'NONE', *, *, #2527, .T. ) ;
#2949 = DIRECTION ( 'NONE',  ( 0.06090368020759948098, -0.9981436478469269957, -4.883536246244055496E-16 ) ) ;
#2950 = CARTESIAN_POINT ( 'NONE',  ( 0.006463806109603958613, 0.07373844071528636024, -0.02682695915509865706 ) ) ;
#2951 = CIRCLE ( 'NONE', #1813, 0.03325000000000000872 ) ;
#2952 = SURFACE_STYLE_FILL_AREA ( #1566 ) ;
#2953 = DIRECTION ( 'NONE',  ( 9.756599977372362721E-16, -1.905585933080539594E-18, 1.000000000000000000 ) ) ;
#2954 = AXIS2_PLACEMENT_3D ( 'NONE', #1194, #3936, #3256 ) ;
#2955 = EDGE_CURVE ( 'NONE', #2558, #3172, #2401, .T. ) ;
#2956 = CIRCLE ( 'NONE', #3669, 0.006250000000000000347 ) ;
#2957 = VERTEX_POINT ( 'NONE', #886 ) ;
#2958 = CARTESIAN_POINT ( 'NONE',  ( 0.01944304479806252192, 0.06750000000000001832, -0.02685009914286900709 ) ) ;
#2959 = ORIENTED_EDGE ( 'NONE', *, *, #954, .F. ) ;
#2960 = EDGE_CURVE ( 'NONE', #2894, #291, #1534, .T. ) ;
#2961 = CARTESIAN_POINT ( 'NONE',  ( 0.01298064800129741965, -0.006238397799043276550, -0.007522600948905395178 ) ) ;
#2962 = CARTESIAN_POINT ( 'NONE',  ( 0.03818064800129743197, -0.006238397799043267009, -0.007522600948905394311 ) ) ;
#2963 = CIRCLE ( 'NONE', #2317, 0.006250000000000000347 ) ;
#2964 = CARTESIAN_POINT ( 'NONE',  ( 0.03043143645834467739, 0.06050167128807785316, -0.04538664886599659554 ) ) ;
#2965 = AXIS2_PLACEMENT_3D ( 'NONE', #1311, #2686, #4058 ) ;
#2966 = CARTESIAN_POINT ( 'NONE',  ( 0.02481935199870250602, -0.006238397799043297366, -0.06397739905109460501 ) ) ;
#2967 = VERTEX_POINT ( 'NONE', #376 ) ;
#2968 = EDGE_CURVE ( 'NONE', #485, #4419, #2542, .T. ) ;
#2969 = EDGE_CURVE ( 'NONE', #3726, #3341, #86, .T. ) ;
#2970 = CARTESIAN_POINT ( 'NONE',  ( 0.06338064800129743215, -0.006238397799043290427, -0.02699999999999998582 ) ) ;
#2971 = DIRECTION ( 'NONE',  ( 1.000000000000000000, 0.0000000000000000000, -5.576115842801316008E-16 ) ) ;
#2972 = CARTESIAN_POINT ( 'NONE',  ( 0.05014255640061597574, -0.005477101796448181556, -0.04450000000000000483 ) ) ;
#2973 = AXIS2_PLACEMENT_3D ( 'NONE', #2245, #3608, #186 ) ;
#2974 = DIRECTION ( 'NONE',  ( -4.878299988686181360E-16, 1.905585933080539594E-18, -1.000000000000000000 ) ) ;
#2975 = ORIENTED_EDGE ( 'NONE', *, *, #2500, .T. ) ;
#2976 = CARTESIAN_POINT ( 'NONE',  ( 0.05014255640061583003, 0.005477101796448303854, -0.01484493141924171644 ) ) ;
#2977 = DIRECTION ( 'NONE',  ( 0.0000000000000000000, 0.0000000000000000000, -1.000000000000000000 ) ) ;
#2978 = ORIENTED_EDGE ( 'NONE', *, *, #4094, .F. ) ;
#2979 = CARTESIAN_POINT ( 'NONE',  ( 0.02558064800129742147, -0.006238397799043273947, -0.007522600948905420332 ) ) ;
#2980 = ORIENTED_EDGE ( 'NONE', *, *, #2527, .F. ) ;
#2981 = CYLINDRICAL_SURFACE ( 'NONE', #3257, 0.006250000000000000347 ) ;
#2982 = CARTESIAN_POINT ( 'NONE',  ( 0.02570385240321086673, -0.006999693801638276133, -0.02699999999999996847 ) ) ;
#2983 = CARTESIAN_POINT ( 'NONE',  ( 0.03741935199870250611, -0.006238397799043306040, -0.06397739905109460501 ) ) ;
#2984 = EDGE_LOOP ( 'NONE', ( #271, #3288, #1882, #2203, #4108, #3414 ) ) ;
#2985 = CARTESIAN_POINT ( 'NONE',  ( 0.01310385240321099848, 0.006999693801638394962, -0.05665506858075827074 ) ) ;
#2986 = ORIENTED_EDGE ( 'NONE', *, *, #2969, .T. ) ;
#2987 = CARTESIAN_POINT ( 'NONE',  ( 0.07383239623248130656, 0.02771117449446203196, 0.006249999999999989071 ) ) ;
#2988 = CARTESIAN_POINT ( 'NONE',  ( 0.03494042837788620404, 0.04062676086936067854, -0.006238440715286324573 ) ) ;
#2989 = ADVANCED_FACE ( 'NONE', ( #3481 ), #1081, .T. ) ;
#2990 = CARTESIAN_POINT ( 'NONE',  ( 0.05142731535777488039, 0.01557867000143445257, -0.06525000000000003020 ) ) ;
#2991 = DIRECTION ( 'NONE',  ( 0.9981436478469266627, -0.06090368020760787010, 0.0000000000000000000 ) ) ;
#2992 = EDGE_CURVE ( 'NONE', #2777, #3848, #4332, .T. ) ;
#2993 = CIRCLE ( 'NONE', #1057, 0.006249999999999998612 ) ;
#2994 = EDGE_CURVE ( 'NONE', #1176, #1865, #1679, .T. ) ;
#2995 = DIRECTION ( 'NONE',  ( -3.450521692260709348E-17, 5.655021662317012109E-16, 1.000000000000000000 ) ) ;
#2996 = DIRECTION ( 'NONE',  ( 0.0000000000000000000, 1.000000000000000000, 1.012211148232467137E-15 ) ) ;
#2997 =( BOUNDED_SURFACE ( )  B_SPLINE_SURFACE ( 3, 3, ( 
 ( #3404, #2081, #633, #3374 ),
 ( #3442, #1638, #2061, #1699 ),
 ( #3001, #320, #2661, #957 ),
 ( #3694, #2015, #683, #2722 ) ),
 .UNSPECIFIED., .F., .F., .F. ) 
 B_SPLINE_SURFACE_WITH_KNOTS ( ( 4, 4 ),
 ( 4, 4 ),
 ( 0.0000000000000000000, 1.000000000000000000 ),
 ( 0.0000000000000000000, 1.000000000000000000 ),
 .UNSPECIFIED. ) 
 GEOMETRIC_REPRESENTATION_ITEM ( )  RATIONAL_B_SPLINE_SURFACE ( (
 ( 1.000000000000000000, 0.8047378541243649375, 0.8047378541243649375, 1.000000000000000000),
 ( 0.3333333333333327597, 0.2682459513747878499, 0.2682459513747878499, 0.3333333333333327597),
 ( 0.3333333333333327597, 0.2682459513747878499, 0.2682459513747878499, 0.3333333333333327597),
 ( 1.000000000000000000, 0.8047378541243649375, 0.8047378541243649375, 1.000000000000000000) ) ) 
 REPRESENTATION_ITEM ( '' )  SURFACE ( )  );
#2998 = CARTESIAN_POINT ( 'NONE',  ( 0.07559999999999991727, 2.561107494060246767E-17, -0.02700000000000000663 ) ) ;
#2999 = ORIENTED_EDGE ( 'NONE', *, *, #650, .F. ) ;
#3000 = ORIENTED_EDGE ( 'NONE', *, *, #4362, .T. ) ;
#3001 = CARTESIAN_POINT ( 'NONE',  ( 0.08643239623248133441, 0.02771117449446202849, 0.006249999999999982132 ) ) ;
#3002 = EDGE_LOOP ( 'NONE', ( #1135, #914, #1994, #2408, #1362, #2068 ) ) ;
#3003 = DIRECTION ( 'NONE',  ( -3.450521692260709348E-17, 5.655021662317012109E-16, 1.000000000000000000 ) ) ;
#3004 = FACE_OUTER_BOUND ( 'NONE', #864, .T. ) ;
#3005 = EDGE_LOOP ( 'NONE', ( #3529, #1333, #1792, #867, #4126, #2328 ) ) ;
#3006 = DIRECTION ( 'NONE',  ( 0.9981436478469266627, -0.06090368020760787010, 0.0000000000000000000 ) ) ;
#3007 = CARTESIAN_POINT ( 'NONE',  ( 0.002101094245196822013, 0.04067304084490137861, -0.07773844071528633604 ) ) ;
#3008 = DIRECTION ( 'NONE',  ( -1.000000000000000000, 0.0000000000000000000, 0.0000000000000000000 ) ) ;
#3009 = DIRECTION ( 'NONE',  ( 0.0000000000000000000, 1.905585933080539594E-18, -1.000000000000000000 ) ) ;
#3010 = EDGE_CURVE ( 'NONE', #3268, #3726, #2456, .T. ) ;
#3011 = ORIENTED_EDGE ( 'NONE', *, *, #3100, .T. ) ;
#3012 = PRODUCT_DEFINITION ( 'UNKNOWN', '', #4139, #3731 ) ;
#3013 = EDGE_CURVE ( 'NONE', #3605, #2644, #887, .T. ) ;
#3014 = CARTESIAN_POINT ( 'NONE',  ( 0.04355695520193793302, 0.06750000000000001832, -0.04464990085713104601 ) ) ;
#3015 = CARTESIAN_POINT ( 'NONE',  ( 0.05325957162211410190, 0.04062676086936067160, -0.06526155928471369383 ) ) ;
#3016 = PRESENTATION_STYLE_ASSIGNMENT (( #3625 ) ) ;
#3017 = ORIENTED_EDGE ( 'NONE', *, *, #3540, .T. ) ;
#3018 = ORIENTED_EDGE ( 'NONE', *, *, #4416, .T. ) ;
#3019 = CIRCLE ( 'NONE', #1662, 0.006249999999999996010 ) ;
#3020 = DIRECTION ( 'NONE',  ( 0.06090368020760786316, 0.9981436478469266627, 0.0000000000000000000 ) ) ;
#3021 = CIRCLE ( 'NONE', #3090, 0.006250000000000001214 ) ;
#3022 = ORIENTED_EDGE ( 'NONE', *, *, #1367, .T. ) ;
#3023 = CARTESIAN_POINT ( 'NONE',  ( 0.02469614759678900179, 0.006999693801638306491, -0.01484493141924170950 ) ) ;
#3024 = DIRECTION ( 'NONE',  ( 0.06090368020761641882, 0.0000000000000000000, 0.9981436478469261075 ) ) ;
#3025 = CARTESIAN_POINT ( 'NONE',  ( 0.03818064800129761238, 0.006238397799043284356, -0.04450000000000000483 ) ) ;
#3026 = AXIS2_PLACEMENT_3D ( 'NONE', #4400, #608, #3363 ) ;
#3027 = CIRCLE ( 'NONE', #2879, 0.02075000000000000455 ) ;
#3028 = CARTESIAN_POINT ( 'NONE',  ( 0.03990109424519684700, 0.04067304084490137861, -0.07773844071528633604 ) ) ;
#3029 = VERTEX_POINT ( 'NONE', #3795 ) ;
#3030 = AXIS2_PLACEMENT_3D ( 'NONE', #1256, #1624, #4021 ) ;
#3031 = CARTESIAN_POINT ( 'NONE',  ( 0.01298064800129759486, 0.006238397799043284356, -0.04450000000000000483 ) ) ;
#3032 = AXIS2_PLACEMENT_3D ( 'NONE', #1441, #4191, #107 ) ;
#3033 = CARTESIAN_POINT ( 'NONE',  ( 0.004953434476383558951, 0.07373844071528633248, -0.06405715346344556527 ) ) ;
#3034 = CARTESIAN_POINT ( 'NONE',  ( 0.06464439936560546773, 0.02694987849186700549, -0.07775000000000002742 ) ) ;
#3035 = CARTESIAN_POINT ( 'NONE',  ( 0.03242228348652108350, 0.06126155928471369028, -0.02687323913063936059 ) ) ;
#3036 = AXIS2_PLACEMENT_3D ( 'NONE', #358, #3852, #3176 ) ;
#3037 = ORIENTED_EDGE ( 'NONE', *, *, #570, .T. ) ;
#3038 = AXIS2_PLACEMENT_3D ( 'NONE', #4259, #1565, #198 ) ;
#3039 = CARTESIAN_POINT ( 'NONE',  ( 0.03779999999999993782, 0.0000000000000000000, -0.02699999999999997541 ) ) ;
#3040 = CARTESIAN_POINT ( 'NONE',  ( 0.06823143645834470195, 0.06050167128807785316, -0.04538664886599663023 ) ) ;
#3041 = AXIS2_PLACEMENT_3D ( 'NONE', #2572, #3967, #2884 ) ;
#3042 = FACE_OUTER_BOUND ( 'NONE', #1336, .T. ) ;
#3043 = ORIENTED_EDGE ( 'NONE', *, *, #3947, .T. ) ;
#3044 = CIRCLE ( 'NONE', #2044, 0.006250000000000002082 ) ;
#3045 = EDGE_CURVE ( 'NONE', #2201, #3939, #2141, .T. ) ;
#3046 = ORIENTED_EDGE ( 'NONE', *, *, #2874, .F. ) ;
#3047 = AXIS2_PLACEMENT_3D ( 'NONE', #3377, #3003, #299 ) ;
#3048 = LINE ( 'NONE', #4411, #150 ) ;
#3049 = VERTEX_POINT ( 'NONE', #715 ) ;
#3050 = CARTESIAN_POINT ( 'NONE',  ( 0.006250000000000048919, 0.0000000000000000000, -0.04449999999999999789 ) ) ;
#3051 = CARTESIAN_POINT ( 'NONE',  ( 0.05615695520193794005, 0.06750000000000001832, -0.04464990085713106682 ) ) ;
#3052 = CARTESIAN_POINT ( 'NONE',  ( 0.0009041109558614148292, 0.01481737399883936886, -0.06525000000000001632 ) ) ;
#3053 = ORIENTED_EDGE ( 'NONE', *, *, #536, .F. ) ;
#3054 = DIRECTION ( 'NONE',  ( 0.0000000000000000000, 0.0000000000000000000, -1.000000000000000000 ) ) ;
#3055 = CARTESIAN_POINT ( 'NONE',  ( 0.04665603530498425161, 0.05348350110162926330, -0.006998328711922285721 ) ) ;
#3056 = CARTESIAN_POINT ( 'NONE',  ( 0.04664193513461217799, 0.04103054885842858518, -0.07150000000000000799 ) ) ;
#3057 = CARTESIAN_POINT ( 'NONE',  ( 0.07712119496369210236, 0.02618858248927189922, -0.07774999999999999967 ) ) ;
#3058 = ORIENTED_EDGE ( 'NONE', *, *, #2901, .F. ) ;
#3059 = AXIS2_PLACEMENT_3D ( 'NONE', #3536, #2571, #845 ) ;
#3060 = CYLINDRICAL_SURFACE ( 'NONE', #1158, 0.006250000000000000347 ) ;
#3061 =( BOUNDED_SURFACE ( )  B_SPLINE_SURFACE ( 3, 3, ( 
 ( #574, #616, #1998, #3716 ),
 ( #3355, #274, #635, #3631 ),
 ( #1658, #553, #917, #3471 ),
 ( #2129, #3804, #4168, #684 ) ),
 .UNSPECIFIED., .F., .F., .F. ) 
 B_SPLINE_SURFACE_WITH_KNOTS ( ( 4, 4 ),
 ( 4, 4 ),
 ( 0.0000000000000000000, 1.000000000000000000 ),
 ( 0.0000000000000000000, 1.000000000000000000 ),
 .UNSPECIFIED. ) 
 GEOMETRIC_REPRESENTATION_ITEM ( )  RATIONAL_B_SPLINE_SURFACE ( (
 ( 1.000000000000000000, 0.8056113254483422415, 0.8056113254483422415, 1.000000000000000000),
 ( 0.3333333333333327597, 0.2685371084827802846, 0.2685371084827802846, 0.3333333333333327597),
 ( 0.3333333333333327597, 0.2685371084827802846, 0.2685371084827802846, 0.3333333333333327597),
 ( 1.000000000000000000, 0.8056113254483422415, 0.8056113254483422415, 1.000000000000000000) ) ) 
 REPRESENTATION_ITEM ( '' )  SURFACE ( )  );
#3062 = CARTESIAN_POINT ( 'NONE',  ( 0.05535343447638357145, 0.07373844071528633248, -0.06405715346344559302 ) ) ;
#3063 = CIRCLE ( 'NONE', #3347, 0.006250000000000000347 ) ;
#3064 = FACE_OUTER_BOUND ( 'NONE', #2772, .T. ) ;
#3065 = VERTEX_POINT ( 'NONE', #3436 ) ;
#3066 = VERTEX_POINT ( 'NONE', #3501 ) ;
#3067 = CARTESIAN_POINT ( 'NONE',  ( 0.05615695520193794005, 0.06750000000000001832, -0.04464990085713106682 ) ) ;
#3068 = EDGE_CURVE ( 'NONE', #661, #1581, #1248, .T. ) ;
#3069 = CARTESIAN_POINT ( 'NONE',  ( 0.02355560063439472024, 0.02694987849186702977, -2.377694848001244674E-17 ) ) ;
#3070 = CARTESIAN_POINT ( 'NONE',  ( 0.02519999999999990997, 1.497314146918034752E-17, -0.04450000000000001177 ) ) ;
#3071 = VERTEX_POINT ( 'NONE', #1371 ) ;
#3072 = EDGE_CURVE ( 'NONE', #1047, #1728, #3754, .T. ) ;
#3073 = ORIENTED_EDGE ( 'NONE', *, *, #2820, .T. ) ;
#3074 = LINE ( 'NONE', #369, #748 ) ;
#3075 = DIRECTION ( 'NONE',  ( -0.06090368020760786316, -0.9981436478469265516, 0.0000000000000000000 ) ) ;
#3076 = EDGE_CURVE ( 'NONE', #3711, #2746, #377, .T. ) ;
#3077 = DIRECTION ( 'NONE',  ( 0.0000000000000000000, 1.000000000000000000, 0.0000000000000000000 ) ) ;
#3078 = VERTEX_POINT ( 'NONE', #785 ) ;
#3079 = DIRECTION ( 'NONE',  ( -0.06090368020761624535, -0.0000000000000000000, -0.9981436478469261075 ) ) ;
#3080 = CARTESIAN_POINT ( 'NONE',  ( 0.03719535300098121555, 0.06750000000000001832, -0.04503054885842865812 ) ) ;
#3081 = CARTESIAN_POINT ( 'NONE',  ( 0.04502228348652106277, 0.06126155928471369028, -0.02687323913063935713 ) ) ;
#3082 = VERTEX_POINT ( 'NONE', #2096 ) ;
#3083 = PRODUCT_CONTEXT ( 'NONE', #4314, 'mechanical' ) ;
#3084 = ORIENTED_EDGE ( 'NONE', *, *, #3013, .F. ) ;
#3085 = DIRECTION ( 'NONE',  ( 0.06090368020760839746, 0.9981436478469266627, 0.0000000000000000000 ) ) ;
#3086 = DIRECTION ( 'NONE',  ( -1.000000000000000000, 1.776356839400250465E-15, 1.365923996832131412E-15 ) ) ;
#3087 = CARTESIAN_POINT ( 'NONE',  ( 0.007222283486521077246, 0.06126155928471369028, -0.02687323913063936059 ) ) ;
#3088 = EDGE_CURVE ( 'NONE', #2715, #4128, #2111, .T. ) ;
#3089 = CIRCLE ( 'NONE', #720, 0.02074999999999996292 ) ;
#3090 = AXIS2_PLACEMENT_3D ( 'NONE', #3039, #2741, #4119 ) ;
#3091 = ORIENTED_EDGE ( 'NONE', *, *, #2145, .F. ) ;
#3092 = ADVANCED_FACE ( 'NONE', ( #445 ), #2740, .T. ) ;
#3093 = CARTESIAN_POINT ( 'NONE',  ( 0.04393619389039654655, 0.07373844071528633248, -0.04467304084490140992 ) ) ;
#3094 = ORIENTED_EDGE ( 'NONE', *, *, #1759, .F. ) ;
#3095 = CARTESIAN_POINT ( 'NONE',  ( 0.06135560063439472744, 0.02694987849186702283, -1.523992349981162727E-17 ) ) ;
#3096 = DIRECTION ( 'NONE',  ( -4.878299988686181360E-16, 1.905585933080539594E-18, -1.000000000000000000 ) ) ;
#3097 = AXIS2_PLACEMENT_3D ( 'NONE', #624, #1281, #4092 ) ;
#3098 = DIRECTION ( 'NONE',  ( 0.0000000000000000000, 0.0000000000000000000, 1.000000000000000000 ) ) ;
#3099 = EDGE_CURVE ( 'NONE', #775, #3605, #1466, .T. ) ;
#3100 = EDGE_CURVE ( 'NONE', #2441, #407, #3254, .T. ) ;
#3101 = AXIS2_PLACEMENT_3D ( 'NONE', #3561, #479, #1864 ) ;
#3102 = AXIS2_PLACEMENT_3D ( 'NONE', #2254, #4228, #533 ) ;
#3103 = ORIENTED_EDGE ( 'NONE', *, *, #2635, .F. ) ;
#3104 = DIRECTION ( 'NONE',  ( -0.06090368020760839052, -0.9981436478469265516, -0.0000000000000000000 ) ) ;
#3105 = CIRCLE ( 'NONE', #2178, 0.006250000000000001214 ) ;
#3106 = LINE ( 'NONE', #4142, #2381 ) ;
#3107 = AXIS2_PLACEMENT_3D ( 'NONE', #1401, #2771, #1065 ) ;
#3108 = CIRCLE ( 'NONE', #3753, 0.006249999999999996877 ) ;
#3109 = DIRECTION ( 'NONE',  ( -0.06090368020761458001, 1.526556658859590243E-16, -0.9981436478469262186 ) ) ;
#3110 = EDGE_LOOP ( 'NONE', ( #2472, #4017, #1454, #458, #1829, #1471 ) ) ;
#3111 = ORIENTED_EDGE ( 'NONE', *, *, #541, .T. ) ;
#3112 = DIRECTION ( 'NONE',  ( 0.06090368020759979323, -0.9981436478469269957, -4.883536246244055496E-16 ) ) ;
#3113 = CIRCLE ( 'NONE', #2117, 0.006250000000000000347 ) ;
#3114 = CARTESIAN_POINT ( 'NONE',  ( 0.03166380610960396053, 0.07373844071528636024, -0.02682695915509865359 ) ) ;
#3115 = DIRECTION ( 'NONE',  ( -5.610044986989106297E-15, 0.0000000000000000000, 1.000000000000000000 ) ) ;
#3116 = AXIS2_PLACEMENT_3D ( 'NONE', #3143, #3497, #3162 ) ;
#3117 = VERTEX_POINT ( 'NONE', #33 ) ;
#3118 = SURFACE_STYLE_FILL_AREA ( #966 ) ;
#3119 = DIRECTION ( 'NONE',  ( -0.06090368020760870277, -0.9981436478469265516, -0.0000000000000000000 ) ) ;
#3120 = DIRECTION ( 'NONE',  ( -4.857225732735060850E-16, 1.012211148232467137E-15, -1.000000000000000000 ) ) ;
#3121 = DIRECTION ( 'NONE',  ( -0.06090368020759949486, 0.9981436478469272178, 4.883536246244056482E-16 ) ) ;
#3122 = PLANE ( 'NONE',  #439 ) ;
#3123 = ORIENTED_EDGE ( 'NONE', *, *, #2223, .T. ) ;
#3124 = CARTESIAN_POINT ( 'NONE',  ( 0.06251855740289466445, 0.06750000000000000444, -0.04426925285583344777 ) ) ;
#3125 = DIRECTION ( 'NONE',  ( -1.000000000000000000, 0.0000000000000000000, 6.829619984160657060E-16 ) ) ;
#3126 = EDGE_CURVE ( 'NONE', #4240, #1369, #312, .T. ) ;
#3127 = EDGE_CURVE ( 'NONE', #1780, #1222, #2476, .T. ) ;
#3128 = CARTESIAN_POINT ( 'NONE',  ( 0.04155806486538813488, 0.04103054885842852967, 0.0000000000000000000 ) ) ;
#3129 = EDGE_CURVE ( 'NONE', #1047, #1141, #142, .T. ) ;
#3130 = CARTESIAN_POINT ( 'NONE',  ( 0.03531966706634483838, 0.04064990085713104245, -8.537024980200822558E-18 ) ) ;
#3131 = VERTEX_POINT ( 'NONE', #2610 ) ;
#3132 = FILL_AREA_STYLE ('',( #2148 ) ) ;
#3133 = AXIS2_PLACEMENT_3D ( 'NONE', #2657, #974, #3990 ) ;
#3134 = ORIENTED_EDGE ( 'NONE', *, *, #1071, .T. ) ;
#3135 = CARTESIAN_POINT ( 'NONE',  ( 0.007960396504288586375, 0.06126155928471369722, -0.01477638689500654010 ) ) ;
#3136 = AXIS2_PLACEMENT_3D ( 'NONE', #651, #3397, #4428 ) ;
#3137 = CARTESIAN_POINT ( 'NONE',  ( 0.03284656552361696347, 0.07373844071528637412, -0.007442846536554512116 ) ) ;
#3138 = CARTESIAN_POINT ( 'NONE',  ( 0.03818064800129743197, -0.006238397799043286091, -0.02699999999999996847 ) ) ;
#3139 =( BOUNDED_SURFACE ( )  B_SPLINE_SURFACE ( 3, 3, ( 
 ( #1779, #1125, #1827, #2093 ),
 ( #1391, #1143, #3188, #100 ),
 ( #1484, #2851, #31, #2072 ),
 ( #2760, #2434, #1058, #3793 ) ),
 .UNSPECIFIED., .F., .F., .F. ) 
 B_SPLINE_SURFACE_WITH_KNOTS ( ( 4, 4 ),
 ( 4, 4 ),
 ( 0.0000000000000000000, 1.000000000000000000 ),
 ( 0.0000000000000000000, 1.000000000000000000 ),
 .UNSPECIFIED. ) 
 GEOMETRIC_REPRESENTATION_ITEM ( )  RATIONAL_B_SPLINE_SURFACE ( (
 ( 1.000000000000000000, 0.8056113254483423525, 0.8056113254483423525, 1.000000000000000000),
 ( 0.3333333333333333703, 0.2685371084827808397, 0.2685371084827808397, 0.3333333333333333703),
 ( 0.3333333333333333703, 0.2685371084827808397, 0.2685371084827808397, 0.3333333333333333703),
 ( 1.000000000000000000, 0.8056113254483423525, 0.8056113254483423525, 1.000000000000000000) ) ) 
 REPRESENTATION_ITEM ( '' )  SURFACE ( )  );
#3140 = VERTEX_POINT ( 'NONE', #2919 ) ;
#3141 = CARTESIAN_POINT ( 'NONE',  ( 0.01424439936560546217, 0.02694987849186701243, -0.07150000000000002187 ) ) ;
#3142 = ORIENTED_EDGE ( 'NONE', *, *, #1345, .F. ) ;
#3143 = CARTESIAN_POINT ( 'NONE',  ( 0.006843044798062518363, 0.06750000000000001832, -0.02685009914286900709 ) ) ;
#3144 = DIRECTION ( 'NONE',  ( -0.06090368020759949486, 0.9981436478469272178, 4.883536246244056482E-16 ) ) ;
#3145 = CARTESIAN_POINT ( 'NONE',  ( 0.02570385240321099163, 0.006999693801638401901, -0.04450000000000000483 ) ) ;
#3146 = DIRECTION ( 'NONE',  ( 1.000000000000000000, 0.0000000000000000000, -0.0000000000000000000 ) ) ;
#3147 = VERTEX_POINT ( 'NONE', #1893 ) ;
#3148 = DIRECTION ( 'NONE',  ( 0.06090368020759949486, -0.9981436478469272178, -4.883536246244056482E-16 ) ) ;
#3149 = CARTESIAN_POINT ( 'NONE',  ( 0.06548033293365546070, 0.04064990085713103551, -0.07150000000000000799 ) ) ;
#3150 = DIRECTION ( 'NONE',  ( 1.958811751810083382E-17, -3.210274815467008141E-16, 1.000000000000000000 ) ) ;
#3151 = ADVANCED_FACE ( 'NONE', ( #3979 ), #323, .T. ) ;
#3152 = ADVANCED_FACE ( 'NONE', ( #2273 ), #2209, .T. ) ;
#3153 = CARTESIAN_POINT ( 'NONE',  ( 0.06051966706634483162, 0.04064990085713101470, 0.0000000000000000000 ) ) ;
#3154 = ORIENTED_EDGE ( 'NONE', *, *, #1505, .F. ) ;
#3155 = CARTESIAN_POINT ( 'NONE',  ( 0.03508670843302084952, 0.03986687287272486918, -0.005478552718650357353 ) ) ;
#3156 = CARTESIAN_POINT ( 'NONE',  ( 0.06251855740289466445, 0.06750000000000000444, -0.04426925285583344083 ) ) ;
#3157 = FACE_OUTER_BOUND ( 'NONE', #2469, .T. ) ;
#3158 = CARTESIAN_POINT ( 'NONE',  ( 0.01424439936560545697, 0.02694987849186700549, -0.07775000000000001354 ) ) ;
#3159 = EDGE_LOOP ( 'NONE', ( #169, #2171, #3801, #232, #4036, #4392 ) ) ;
#3160 = CARTESIAN_POINT ( 'NONE',  ( 0.06837771651347933355, 0.06126155928471369028, -0.04462676086936068903 ) ) ;
#3161 = ORIENTED_EDGE ( 'NONE', *, *, #3756, .T. ) ;
#3162 = DIRECTION ( 'NONE',  ( 0.9981436478469261075, 0.0000000000000000000, -0.06090368020761613432 ) ) ;
#3163 = CARTESIAN_POINT ( 'NONE',  ( 0.04464304479806251863, 0.06750000000000001832, -0.02685009914286900015 ) ) ;
#3164 = LINE ( 'NONE', #3859, #3454 ) ;
#3165 = DIRECTION ( 'NONE',  ( -1.000000000000000000, 0.0000000000000000000, 6.829619984160657060E-16 ) ) ;
#3166 = ORIENTED_EDGE ( 'NONE', *, *, #2389, .F. ) ;
#3167 = CIRCLE ( 'NONE', #3663, 0.006250000000000006418 ) ;
#3168 = DIRECTION ( 'NONE',  ( -0.06090368020760787010, -0.9981436478469266627, 1.836970198721029688E-16 ) ) ;
#3169 = CARTESIAN_POINT ( 'NONE',  ( 0.07559999999999998666, 0.006249999999999864171, -0.03575000000000001094 ) ) ;
#3170 = CIRCLE ( 'NONE', #1237, 0.006250000000000002082 ) ;
#3171 = AXIS2_PLACEMENT_3D ( 'NONE', #99, #4306, #3565 ) ;
#3172 = VERTEX_POINT ( 'NONE', #102 ) ;
#3173 = CARTESIAN_POINT ( 'NONE',  ( 0.07096039650428859202, 0.06126155928471369028, -0.01477638689500655050 ) ) ;
#3174 = CIRCLE ( 'NONE', #2965, 0.006249999999999997745 ) ;
#3175 = ORIENTED_EDGE ( 'NONE', *, *, #2389, .T. ) ;
#3176 = DIRECTION ( 'NONE',  ( -0.9981436478469265516, 0.06090368020760861950, 1.365923996832131215E-15 ) ) ;
#3177 = LINE ( 'NONE', #1157, #1051 ) ;
#3178 = EDGE_CURVE ( 'NONE', #2113, #2598, #1539, .T. ) ;
#3179 = CARTESIAN_POINT ( 'NONE',  ( 0.0005038524032110115085, 0.006999693801638375013, -0.05665506858075829155 ) ) ;
#3180 = AXIS2_PLACEMENT_3D ( 'NONE', #4303, #2269, #2627 ) ;
#3181 = ADVANCED_FACE ( 'NONE', ( #1191 ), #4295, .T. ) ;
#3182 = ORIENTED_EDGE ( 'NONE', *, *, #4277, .T. ) ;
#3183 = AXIS2_PLACEMENT_3D ( 'NONE', #863, #4346, #2930 ) ;
#3184 = CARTESIAN_POINT ( 'NONE',  ( 0.06585957162211410199, 0.04062676086936067160, -0.06526155928471369383 ) ) ;
#3185 = ORIENTED_EDGE ( 'NONE', *, *, #2616, .T. ) ;
#3186 = CARTESIAN_POINT ( 'NONE',  ( 0.04393619389039653961, 0.07373844071528634636, -0.04467304084490142380 ) ) ;
#3187 = AXIS2_PLACEMENT_3D ( 'NONE', #28, #1409, #1363 ) ;
#3188 = CARTESIAN_POINT ( 'NONE',  ( -0.003137573604074622626, 0.05929726546680979399, 0.006998328711922273578 ) ) ;
#3189 = ORIENTED_EDGE ( 'NONE', *, *, #2874, .T. ) ;
#3190 = DIRECTION ( 'NONE',  ( 0.9962975955892292568, -0.06079103973086836393, -0.06079103973087373464 ) ) ;
#3191 = CARTESIAN_POINT ( 'NONE',  ( -1.971424352522367574E-31, 0.0000000000000000000, -0.03574999999999996930 ) ) ;
#3192 = CARTESIAN_POINT ( 'NONE',  ( 0.06135560063439472744, 0.02694987849186702283, -1.523992349981162727E-17 ) ) ;
#3193 = ORIENTED_EDGE ( 'NONE', *, *, #1340, .F. ) ;
#3194 = CARTESIAN_POINT ( 'NONE',  ( 0.08445603530498427269, 0.05348350110162923554, -0.006998328711922345569 ) ) ;
#3195 = ORIENTED_EDGE ( 'NONE', *, *, #3620, .T. ) ;
#3196 = DIRECTION ( 'NONE',  ( -0.06090368020759949486, 0.9981436478469272178, 4.883536246244056482E-16 ) ) ;
#3197 = CARTESIAN_POINT ( 'NONE',  ( 0.06274255640061586481, 0.005477101796448316864, -0.02699999999999999969 ) ) ;
#3198 = CARTESIAN_POINT ( 'NONE',  ( 0.04863239623248133414, 0.02771117449446202849, -0.006250000000000042848 ) ) ;
#3199 = CIRCLE ( 'NONE', #1557, 0.006250000000000005551 ) ;
#3200 = DIMENSIONAL_EXPONENTS ( 1.000000000000000000, 0.0000000000000000000, 0.0000000000000000000, 0.0000000000000000000, 0.0000000000000000000, 0.0000000000000000000, 0.0000000000000000000 ) ;
#3201 = EDGE_CURVE ( 'NONE', #1598, #349, #2329, .T. ) ;
#3202 = VERTEX_POINT ( 'NONE', #2229 ) ;
#3203 = LINE ( 'NONE', #1499, #1017 ) ;
#3204 = ORIENTED_EDGE ( 'NONE', *, *, #3701, .F. ) ;
#3205 = EDGE_CURVE ( 'NONE', #2094, #916, #4264, .T. ) ;
#3206 = CARTESIAN_POINT ( 'NONE',  ( 0.05563143645834470186, 0.06050167128807783928, -0.04538664886599663023 ) ) ;
#3207 = CARTESIAN_POINT ( 'NONE',  ( 0.06795343447638357848, 0.07373844071528633248, -0.06405715346344553751 ) ) ;
#3208 = ORIENTED_EDGE ( 'NONE', *, *, #4342, .T. ) ;
#3209 = EDGE_CURVE ( 'NONE', #2167, #2039, #3113, .T. ) ;
#3210 = DIRECTION ( 'NONE',  ( -0.06090368020760229123, 0.9981436478469271067, -6.192962809237202313E-16 ) ) ;
#3211 = CARTESIAN_POINT ( 'NONE',  ( 0.04080585167724873341, 0.04138664886599652259, -0.06450167128807776651 ) ) ;
#3212 = CARTESIAN_POINT ( 'NONE',  ( 0.06464439936560546773, 0.02694987849186702283, -0.07775000000000002742 ) ) ;
#3213 = CARTESIAN_POINT ( 'NONE',  ( 0.02234042837788620048, 0.04062676086936067854, -0.006238440715286341920 ) ) ;
#3214 = CARTESIAN_POINT ( 'NONE',  ( 0.03434859541525350085, 0.05196372510835772091, -0.005478552718650342608 ) ) ;
#3215 = ORIENTED_EDGE ( 'NONE', *, *, #4148, .T. ) ;
#3216 = CARTESIAN_POINT ( 'NONE',  ( -0.0003349496806081919513, 0.006747340349842216069, 0.006249999999999993408 ) ) ;
#3217 = CARTESIAN_POINT ( 'NONE',  ( 0.005756955201937926682, 0.06750000000000001832, -0.04464990085713105294 ) ) ;
#3218 = CARTESIAN_POINT ( 'NONE',  ( 0.05250109424519683321, 0.04067304084490138555, -0.07773844071528634991 ) ) ;
#3219 = EDGE_LOOP ( 'NONE', ( #2959, #1386, #2182, #3787, #2315, #1537 ) ) ;
#3220 = FACE_OUTER_BOUND ( 'NONE', #2194, .T. ) ;
#3221 = ORIENTED_EDGE ( 'NONE', *, *, #762, .T. ) ;
#3222 = PRESENTATION_STYLE_ASSIGNMENT (( #3580 ) ) ;
#3223 = ADVANCED_FACE ( 'NONE', ( #605 ), #1343, .T. ) ;
#3224 = CARTESIAN_POINT ( 'NONE',  ( 0.01259999999999992203, -8.537024980200822558E-18, -0.02699999999999998582 ) ) ;
#3225 = DIRECTION ( 'NONE',  ( -0.06090368020760839052, -0.9981436478469265516, -0.0000000000000000000 ) ) ;
#3226 = EDGE_CURVE ( 'NONE', #1428, #496, #2683, .T. ) ;
#3227 = ORIENTED_EDGE ( 'NONE', *, *, #682, .T. ) ;
#3228 = CARTESIAN_POINT ( 'NONE',  ( 0.06711864406779678716, 0.04054993610996308895, -0.04454993610996309250 ) ) ;
#3229 = CARTESIAN_POINT ( 'NONE',  ( 0.01285744359938418083, 0.005477101796448177219, -0.05665506858075827767 ) ) ;
#3230 = DIRECTION ( 'NONE',  ( -0.06090368020759980711, 0.9981436478469272178, 4.883536246244056482E-16 ) ) ;
#3231 = EDGE_CURVE ( 'NONE', #1660, #3630, #3688, .T. ) ;
#3232 = CIRCLE ( 'NONE', #3879, 0.006249999999999998612 ) ;
#3233 = AXIS2_PLACEMENT_3D ( 'NONE', #1284, #2654, #2716 ) ;
#3234 = CARTESIAN_POINT ( 'NONE',  ( 0.06051966706634483162, 0.04064990085713101470, 0.0000000000000000000 ) ) ;
#3235 = CARTESIAN_POINT ( 'NONE',  ( 0.05577771651347933346, 0.06126155928471369028, -0.04462676086936070985 ) ) ;
#3236 = AXIS2_PLACEMENT_3D ( 'NONE', #3817, #75, #4157 ) ;
#3237 = ORIENTED_EDGE ( 'NONE', *, *, #2580, .T. ) ;
#3238 = AXIS2_PLACEMENT_3D ( 'NONE', #183, #572, #2288 ) ;
#3239 = CARTESIAN_POINT ( 'NONE',  ( 0.06934999999999992559, 2.242636444994161324E-17, -0.03575000000000001094 ) ) ;
#3240 = DIRECTION ( 'NONE',  ( 0.9981436478469261075, 0.0000000000000000000, -0.06090368020761610657 ) ) ;
#3241 = CARTESIAN_POINT ( 'NONE',  ( 0.002101094245196822880, 0.04067304084490137861, -0.07773844071528634991 ) ) ;
#3242 = AXIS2_PLACEMENT_3D ( 'NONE', #4193, #4234, #1155 ) ;
#3243 = ORIENTED_EDGE ( 'NONE', *, *, #2364, .F. ) ;
#3244 = DIRECTION ( 'NONE',  ( 0.06090368020758950979, -0.9981436478469277729, 6.829619984160658046E-16 ) ) ;
#3245 = EDGE_LOOP ( 'NONE', ( #1257, #3398, #3053, #2754, #4081, #3364 ) ) ;
#3246 = AXIS2_PLACEMENT_3D ( 'NONE', #554, #1933, #208 ) ;
#3247 =( CONVERSION_BASED_UNIT ( 'INCH', #2890 ) LENGTH_UNIT ( ) NAMED_UNIT ( #3200 ) );
#3248 = DIRECTION ( 'NONE',  ( 0.06090368020761593310, 0.0000000000000000000, 0.9981436478469261075 ) ) ;
#3249 = AXIS2_PLACEMENT_3D ( 'NONE', #2305, #1907, #2218 ) ;
#3250 = DIRECTION ( 'NONE',  ( 0.06067819015337642952, 0.9981505144458124867, -0.003702398043258130992 ) ) ;
#3251 = ORIENTED_EDGE ( 'NONE', *, *, #1040, .T. ) ;
#3252 = CARTESIAN_POINT ( 'NONE',  ( -0.007500285468481802595, 0.07449832871192221817, -0.06329726546680963795 ) ) ;
#3253 = CARTESIAN_POINT ( 'NONE',  ( 0.03956760376751890934, 0.02771117449446210135, -0.07775000000000001354 ) ) ;
#3254 = CIRCLE ( 'NONE', #1250, 0.006250000000000001214 ) ;
#3255 = CARTESIAN_POINT ( 'NONE',  ( 0.04949588904413868007, 0.01481737399883939488, -0.006250000000000022898 ) ) ;
#3256 = DIRECTION ( 'NONE',  ( 0.9981436478469271067, 0.06090368020760045936, 0.0000000000000000000 ) ) ;
#3257 = AXIS2_PLACEMENT_3D ( 'NONE', #3291, #1932, #598 ) ;
#3258 = EDGE_CURVE ( 'NONE', #391, #3630, #2193, .T. ) ;
#3259 = EDGE_CURVE ( 'NONE', #1570, #1581, #242, .T. ) ;
#3260 = ADVANCED_FACE ( 'NONE', ( #3320 ), #292, .T. ) ;
#3261 = DIRECTION ( 'NONE',  ( -0.06090368020761453838, 0.0000000000000000000, -0.9981436478469262186 ) ) ;
#3262 =( CONVERSION_BASED_UNIT ( 'INCH', #539 ) LENGTH_UNIT ( ) NAMED_UNIT ( #442 ) );
#3263 = ADVANCED_FACE ( 'NONE', ( #1986 ), #279, .T. ) ;
#3264 = ORIENTED_EDGE ( 'NONE', *, *, #4121, .F. ) ;
#3265 = LINE ( 'NONE', #177, #2613 ) ;
#3266 = CARTESIAN_POINT ( 'NONE',  ( 0.06934999999999992559, 2.321003666492098691E-17, -0.02699999999999999969 ) ) ;
#3267 = CARTESIAN_POINT ( 'NONE',  ( 0.05986242639592546932, 0.05929726546680978705, 0.006998328711922217199 ) ) ;
#3268 = VERTEX_POINT ( 'NONE', #622 ) ;
#3269 = DIRECTION ( 'NONE',  ( 0.06090368020760870277, 0.9981436478469265516, 0.0000000000000000000 ) ) ;
#3270 = EDGE_LOOP ( 'NONE', ( #1540, #1354, #3586, #1330, #992, #1031 ) ) ;
#3271 = AXIS2_PLACEMENT_3D ( 'NONE', #3558, #1878, #2883 ) ;
#3272 = CARTESIAN_POINT ( 'NONE',  ( 0.06051966706634484550, 0.04064990085713102164, -8.537024980200822558E-18 ) ) ;
#3273 = DIRECTION ( 'NONE',  ( -1.000000000000000000, 0.0000000000000000000, 0.0000000000000000000 ) ) ;
#3274 = AXIS2_PLACEMENT_3D ( 'NONE', #2101, #3109, #2421 ) ;
#3275 = DIRECTION ( 'NONE',  ( 0.9981436478469261075, 0.0000000000000000000, -0.06090368020761614820 ) ) ;
#3276 = CARTESIAN_POINT ( 'NONE',  ( 0.06123239623248134811, 0.02771117449446200767, 0.006249999999999982132 ) ) ;
#3277 = CARTESIAN_POINT ( 'NONE',  ( 0.05085815408252163800, 0.007508636352437187030, -0.07775000000000001354 ) ) ;
#3278 = DIRECTION ( 'NONE',  ( -0.06090368020761594003, -0.0000000000000000000, -0.9981436478469261075 ) ) ;
#3279 = DIRECTION ( 'NONE',  ( -0.06090368020760870277, -0.9981436478469265516, -0.0000000000000000000 ) ) ;
#3280 = CARTESIAN_POINT ( 'NONE',  ( 0.06135560063439472744, 0.02694987849186702283, -0.02699999999999999969 ) ) ;
#3281 = CARTESIAN_POINT ( 'NONE',  ( 0.02730109424519682262, 0.04067304084490137861, -0.07773844071528634991 ) ) ;
#3282 = EDGE_CURVE ( 'NONE', #128, #3508, #3981, .T. ) ;
#3283 = ADVANCED_FACE ( 'NONE', ( #2669 ), #1568, .T. ) ;
#3284 = EDGE_LOOP ( 'NONE', ( #779, #1846, #2858, #1716, #4140 ) ) ;
#3285 = CYLINDRICAL_SURFACE ( 'NONE', #2255, 0.006249999999999998612 ) ;
#3286 = DIRECTION ( 'NONE',  ( 0.9981436478469261075, 0.0000000000000000000, -0.06090368020761680740 ) ) ;
#3287 = DIRECTION ( 'NONE',  ( 0.06090368020760839746, 0.9981436478469266627, 0.0000000000000000000 ) ) ;
#3288 = ORIENTED_EDGE ( 'NONE', *, *, #544, .T. ) ;
#3289 = CARTESIAN_POINT ( 'NONE',  ( 0.02848385365920969026, 0.06005715346344554784, -0.07773844071528636379 ) ) ;
#3290 = EDGE_LOOP ( 'NONE', ( #524, #4443, #3496, #273, #334, #109 ) ) ;
#3291 = CARTESIAN_POINT ( 'NONE',  ( 0.03779999999999992394, -3.468166398206584357E-18, -0.02699999999999997888 ) ) ;
#3292 = CARTESIAN_POINT ( 'NONE',  ( 0.02441909344605210433, 0.01405607799624439790, -0.006249999999999990806 ) ) ;
#3293 = CARTESIAN_POINT ( 'NONE',  ( 0.02969332344057717954, 0.06050167128807784622, -0.05748350110162941951 ) ) ;
#3294 = SURFACE_STYLE_FILL_AREA ( #3655 ) ;
#3295 = VERTEX_POINT ( 'NONE', #1600 ) ;
#3296 = CARTESIAN_POINT ( 'NONE',  ( 0.01305815408252162906, 0.007508636352437183560, -0.07775000000000001354 ) ) ;
#3297 = DIRECTION ( 'NONE',  ( 0.9981436478469266627, -0.06090368020760787010, 0.0000000000000000000 ) ) ;
#3298 = FACE_OUTER_BOUND ( 'NONE', #1590, .T. ) ;
#3299 = DIRECTION ( 'NONE',  ( 0.06067819015337549970, 0.9981505144458125978, -0.003702398043256770535 ) ) ;
#3300 = VERTEX_POINT ( 'NONE', #4336 ) ;
#3301 = CARTESIAN_POINT ( 'NONE',  ( 0.04887880503630812751, 0.02618858248927202065, 0.006249999999999988204 ) ) ;
#3302 = CARTESIAN_POINT ( 'NONE',  ( 0.04168126926730156279, 0.04026925285583351360, -7.771620730733726957E-18 ) ) ;
#3303 = AXIS2_PLACEMENT_3D ( 'NONE', #2941, #484, #2561 ) ;
#3304 = CARTESIAN_POINT ( 'NONE',  ( 0.07559999999999998666, -0.006250000000000090553, -0.07775000000000001354 ) ) ;
#3305 = CARTESIAN_POINT ( 'NONE',  ( 0.07559999999999991727, 2.242636444994161324E-17, -0.03575000000000001094 ) ) ;
#3306 =( GEOMETRIC_REPRESENTATION_CONTEXT ( 3 ) GLOBAL_UNCERTAINTY_ASSIGNED_CONTEXT ( ( #679 ) ) GLOBAL_UNIT_ASSIGNED_CONTEXT ( ( #939, #3585, #1294 ) ) REPRESENTATION_CONTEXT ( 'NONE', 'WORKASPACE' ) );
#3307 = MECHANICAL_DESIGN_GEOMETRIC_PRESENTATION_REPRESENTATION (  '', ( #1735 ), #2386 ) ;
#3308 = ORIENTED_EDGE ( 'NONE', *, *, #3539, .T. ) ;
#3309 = CARTESIAN_POINT ( 'NONE',  ( 0.001644399365605460350, 0.02694987849186701243, -0.07150000000000002187 ) ) ;
#3310 = ORIENTED_EDGE ( 'NONE', *, *, #1180, .T. ) ;
#3311 = CARTESIAN_POINT ( 'NONE',  ( 0.02343239623248130968, 0.02771117449446203890, 0.006249999999999983867 ) ) ;
#3312 = CARTESIAN_POINT ( 'NONE',  ( 0.02367880503630816896, 0.02618858248927204146, 0.006249999999999976928 ) ) ;
#3313 = EDGE_CURVE ( 'NONE', #47, #4215, #965, .T. ) ;
#3314 = CIRCLE ( 'NONE', #3603, 0.006249999999999993408 ) ;
#3315 = VECTOR ( 'NONE', #3975, 39.37007874015748143 ) ;
#3316 = CARTESIAN_POINT ( 'NONE',  ( 0.03944439936560547449, 0.02694987849186700549, -0.06525000000000001632 ) ) ;
#3317 = CIRCLE ( 'NONE', #3538, 0.006249999999999996010 ) ;
#3318 = ADVANCED_FACE ( 'NONE', ( #1456 ), #2729, .T. ) ;
#3319 = ORIENTED_EDGE ( 'NONE', *, *, #1593, .T. ) ;
#3320 = FACE_OUTER_BOUND ( 'NONE', #305, .T. ) ;
#3321 = CARTESIAN_POINT ( 'NONE',  ( -1.971424352522367574E-31, 0.0000000000000000000, -0.03574999999999996930 ) ) ;
#3322 = CARTESIAN_POINT ( 'NONE',  ( 0.02580464699901923245, 0.06750000000000001832, -0.02646945114157140191 ) ) ;
#3323 = CIRCLE ( 'NONE', #1612, 0.006250000000000001214 ) ;
#3324 = DIRECTION ( 'NONE',  ( 0.06090368020760774520, 0.9981436478469266627, 0.0000000000000000000 ) ) ;
#3325 = AXIS2_PLACEMENT_3D ( 'NONE', #2871, #1853, #191 ) ;
#3326 = LINE ( 'NONE', #3348, #139 ) ;
#3327 = CARTESIAN_POINT ( 'NONE',  ( 0.03779999999999992394, -3.434818644377674773E-18, -0.04450000000000001177 ) ) ;
#3328 = CARTESIAN_POINT ( 'NONE',  ( 0.006843044798062518363, 0.06750000000000001832, -0.02685009914286900709 ) ) ;
#3329 = CIRCLE ( 'NONE', #2548, 0.006250000000000001214 ) ;
#3330 = CARTESIAN_POINT ( 'NONE',  ( 0.008006001566562167410, 0.02733052649316456209, -0.07150000000000000799 ) ) ;
#3331 = CARTESIAN_POINT ( 'NONE',  ( 0.07022228348652108376, 0.06126155928471368334, -0.02687323913063935713 ) ) ;
#3332 = ORIENTED_EDGE ( 'NONE', *, *, #38, .F. ) ;
#3333 = DIRECTION ( 'NONE',  ( -0.06090368020760231899, 0.9981436478469271067, -1.068589661201713367E-15 ) ) ;
#3334 = ORIENTED_EDGE ( 'NONE', *, *, #3888, .F. ) ;
#3335 = DIRECTION ( 'NONE',  ( -1.000000000000000000, 0.0000000000000000000, 0.0000000000000000000 ) ) ;
#3336 = CARTESIAN_POINT ( 'NONE',  ( 0.002480332933655458958, 0.04064990085713102164, -0.07150000000000000799 ) ) ;
#3337 = CARTESIAN_POINT ( 'NONE',  ( -0.01285744359938408368, -0.005477101796448203240, -0.04449999999999998401 ) ) ;
#3338 = EDGE_CURVE ( 'NONE', #1821, #759, #3074, .T. ) ;
#3339 = AXIS2_PLACEMENT_3D ( 'NONE', #3770, #3432, #50 ) ;
#3340 = CARTESIAN_POINT ( 'NONE',  ( 0.02684439936560546400, 0.02694987849186700896, -0.06525000000000000244 ) ) ;
#3341 = VERTEX_POINT ( 'NONE', #3858 ) ;
#3342 = CARTESIAN_POINT ( 'NONE',  ( 0.07509614759678900908, 0.006999693801638298685, -0.02699999999999998235 ) ) ;
#3343 = CARTESIAN_POINT ( 'NONE',  ( 0.005377716513479323564, 0.06126155928471369028, -0.04462676086936068903 ) ) ;
#3344 = DIRECTION ( 'NONE',  ( 9.756599977372362721E-16, -1.905585933080539594E-18, 1.000000000000000000 ) ) ;
#3345 = VECTOR ( 'NONE', #3405, 39.37007874015748143 ) ;
#3346 = CARTESIAN_POINT ( 'NONE',  ( 0.06464439936560548161, 0.02694987849186700549, -0.07775000000000002742 ) ) ;
#3347 = AXIS2_PLACEMENT_3D ( 'NONE', #3130, #749, #4098 ) ;
#3348 = CARTESIAN_POINT ( 'NONE',  ( -0.006249999999999951775, 7.654042494670957930E-19, -0.04450000000000004646 ) ) ;
#3349 = CARTESIAN_POINT ( 'NONE',  ( 0.06495481419006220170, 0.03991315284826552068, -0.07849832871192226336 ) ) ;
#3350 = FACE_OUTER_BOUND ( 'NONE', #2234, .T. ) ;
#3351 = ORIENTED_EDGE ( 'NONE', *, *, #98, .T. ) ;
#3352 = EDGE_LOOP ( 'NONE', ( #1983, #1512, #1587, #3037, #3773, #4446 ) ) ;
#3353 = DIRECTION ( 'NONE',  ( -1.365923996832129440E-15, 0.0000000000000000000, -1.000000000000000000 ) ) ;
#3354 = ORIENTED_EDGE ( 'NONE', *, *, #4225, .T. ) ;
#3355 = CARTESIAN_POINT ( 'NONE',  ( 0.01484737430033144026, 0.04143292884153723654, -0.07697855271865045035 ) ) ;
#3356 = CARTESIAN_POINT ( 'NONE',  ( 0.01011966706634484341, 0.04064990085713102164, 0.0000000000000000000 ) ) ;
#3357 = CARTESIAN_POINT ( 'NONE',  ( 0.0003806480012975960148, 0.006238397799043274815, -0.05665506858075828461 ) ) ;
#3358 = DIRECTION ( 'NONE',  ( 0.06090368020759949486, -0.9981436478469272178, -4.883536246244056482E-16 ) ) ;
#3359 = EDGE_LOOP ( 'NONE', ( #794, #538, #3084, #1706, #3182 ) ) ;
#3360 = DIRECTION ( 'NONE',  ( 1.000000000000000000, 0.0000000000000000000, -0.0000000000000000000 ) ) ;
#3361 = CARTESIAN_POINT ( 'NONE',  ( 0.06261935199870251323, -0.006238397799043297366, -0.04450000000000001177 ) ) ;
#3362 = DIRECTION ( 'NONE',  ( -0.06090368020759949486, 0.9981436478469272178, 4.883536246244056482E-16 ) ) ;
#3363 = DIRECTION ( 'NONE',  ( -0.9981436478469265516, 0.06090368020760864032, 1.365923996832131609E-15 ) ) ;
#3364 = ORIENTED_EDGE ( 'NONE', *, *, #3231, .T. ) ;
#3365 = CARTESIAN_POINT ( 'NONE',  ( 0.03818064800129742503, -0.006238397799043294764, -0.02699999999999996847 ) ) ;
#3366 = ADVANCED_FACE ( 'NONE', ( #1707 ), #2496, .T. ) ;
#3367 =( BOUNDED_SURFACE ( )  B_SPLINE_SURFACE ( 3, 3, ( 
 ( #4217, #2532, #2490, #3853 ),
 ( #777, #1137, #494, #2151 ),
 ( #3510, #1517, #797, #3197 ),
 ( #2862, #111, #2842, #91 ) ),
 .UNSPECIFIED., .F., .F., .F. ) 
 B_SPLINE_SURFACE_WITH_KNOTS ( ( 4, 4 ),
 ( 4, 4 ),
 ( 0.0000000000000000000, 1.000000000000000000 ),
 ( 0.0000000000000000000, 1.000000000000000000 ),
 .UNSPECIFIED. ) 
 GEOMETRIC_REPRESENTATION_ITEM ( )  RATIONAL_B_SPLINE_SURFACE ( (
 ( 1.000000000000000000, 0.8047378541243649375, 0.8047378541243649375, 1.000000000000000000),
 ( 0.3333333333333342585, 0.2682459513747890711, 0.2682459513747890711, 0.3333333333333342585),
 ( 0.3333333333333342585, 0.2682459513747890711, 0.2682459513747890711, 0.3333333333333342585),
 ( 1.000000000000000000, 0.8047378541243649375, 0.8047378541243649375, 1.000000000000000000) ) ) 
 REPRESENTATION_ITEM ( '' )  SURFACE ( )  );
#3368 = EDGE_CURVE ( 'NONE', #2094, #3779, #3044, .T. ) ;
#3369 = SURFACE_SIDE_STYLE ('',( #4054 ) ) ;
#3370 = DIRECTION ( 'NONE',  ( 0.06067819015337634625, 0.9981505144458123757, -0.003702398043258136196 ) ) ;
#3371 = EDGE_LOOP ( 'NONE', ( #2524, #3782, #1053, #2926 ) ) ;
#3372 = ORIENTED_EDGE ( 'NONE', *, *, #1623, .T. ) ;
#3373 = CIRCLE ( 'NONE', #4447, 0.006250000000000009888 ) ;
#3374 = CARTESIAN_POINT ( 'NONE',  ( 0.07521935199870243005, 0.006238397799043313846, -0.02699999999999999969 ) ) ;
#3375 = CIRCLE ( 'NONE', #3233, 0.006250000000000002949 ) ;
#3376 = ORIENTED_EDGE ( 'NONE', *, *, #2551, .T. ) ;
#3377 = CARTESIAN_POINT ( 'NONE',  ( 0.06299999999999993106, 0.0000000000000000000, -0.02699999999999998582 ) ) ;
#3378 = DIRECTION ( 'NONE',  ( 0.06067819015337719973, 0.9981505144458123757, -0.003702398043258136196 ) ) ;
#3379 = FACE_OUTER_BOUND ( 'NONE', #656, .T. ) ;
#3380 = CIRCLE ( 'NONE', #3595, 0.006250000000000002082 ) ;
#3381 = CIRCLE ( 'NONE', #1521, 0.006249999999999998612 ) ;
#3382 = DIRECTION ( 'NONE',  ( -0.9981436478469265516, 0.06090368020760861950, 0.0000000000000000000 ) ) ;
#3383 = ORIENTED_EDGE ( 'NONE', *, *, #2257, .F. ) ;
#3384 = CIRCLE ( 'NONE', #4182, 0.006250000000000005551 ) ;
#3385 = DIRECTION ( 'NONE',  ( 0.0000000000000000000, 0.0000000000000000000, 1.000000000000000000 ) ) ;
#3386 = CIRCLE ( 'NONE', #1736, 0.006250000000000001214 ) ;
#3387 = CARTESIAN_POINT ( 'NONE',  ( 0.06345815408252163115, 0.007508636352437174886, -0.07775000000000002742 ) ) ;
#3388 = CARTESIAN_POINT ( 'NONE',  ( 0.07638090655394805251, 0.01405607799624428861, -0.06524999999999998856 ) ) ;
#3389 = CIRCLE ( 'NONE', #736, 0.006250000000000000347 ) ;
#3390 = ORIENTED_EDGE ( 'NONE', *, *, #3986, .T. ) ;
#3391 = CIRCLE ( 'NONE', #1966, 0.006249999999999997745 ) ;
#3392 = DIRECTION ( 'NONE',  ( -0.06090368020761463552, -7.316196259932183921E-16, -0.9981436478469262186 ) ) ;
#3393 = CARTESIAN_POINT ( 'NONE',  ( 0.01259999999999991682, -5.002163074336419227E-19, -0.04450000000000001177 ) ) ;
#3394 = EDGE_CURVE ( 'NONE', #2907, #2120, #2753, .T. ) ;
#3395 = CIRCLE ( 'NONE', #2190, 0.02074999999999999067 ) ;
#3396 = EDGE_CURVE ( 'NONE', #4134, #2623, #90, .T. ) ;
#3397 = DIRECTION ( 'NONE',  ( 0.06090368020759949486, -0.9981436478469272178, -4.883536246244056482E-16 ) ) ;
#3398 = ORIENTED_EDGE ( 'NONE', *, *, #4365, .F. ) ;
#3399 = EDGE_CURVE ( 'NONE', #3131, #1844, #1317, .T. ) ;
#3400 = DIRECTION ( 'NONE',  ( 0.0000000000000000000, 0.0000000000000000000, 1.000000000000000000 ) ) ;
#3401 = ORIENTED_EDGE ( 'NONE', *, *, #2994, .F. ) ;
#3402 = AXIS2_PLACEMENT_3D ( 'NONE', #1573, #2936, #4302 ) ;
#3403 = ADVANCED_FACE ( 'NONE', ( #2451 ), #2756, .T. ) ;
#3404 = CARTESIAN_POINT ( 'NONE',  ( 0.07395560063439472753, 0.02694987849186702283, -0.006250000000000026368 ) ) ;
#3405 = DIRECTION ( 'NONE',  ( 0.06090368020760870277, 0.9981436478469264406, 0.0000000000000000000 ) ) ;
#3406 = DIRECTION ( 'NONE',  ( -0.06090368020761467716, -1.399488164244289123E-15, -0.9981436478469262186 ) ) ;
#3407 = ORIENTED_EDGE ( 'NONE', *, *, #3088, .F. ) ;
#3408 = CARTESIAN_POINT ( 'NONE',  ( 0.05264737430033146481, 0.04143292884153723654, -0.07697855271865046423 ) ) ;
#3409 = ORIENTED_EDGE ( 'NONE', *, *, #1395, .T. ) ;
#3410 = DIRECTION ( 'NONE',  ( -0.9981436478469265516, 0.06090368020760861950, 0.0000000000000000000 ) ) ;
#3411 = CARTESIAN_POINT ( 'NONE',  ( 0.001644399365605460567, 0.02694987849186701243, -0.07775000000000001354 ) ) ;
#3412 = CARTESIAN_POINT ( 'NONE',  ( 0.06261935199870251323, -0.006238397799043300836, -0.04450000000000000483 ) ) ;
#3413 = DIRECTION ( 'NONE',  ( 0.9981436478469266627, -0.06090368020760787010, 0.0000000000000000000 ) ) ;
#3414 = ORIENTED_EDGE ( 'NONE', *, *, #60, .F. ) ;
#3415 = AXIS2_PLACEMENT_3D ( 'NONE', #3667, #178, #248 ) ;
#3416 = CIRCLE ( 'NONE', #980, 0.03325000000000000178 ) ;
#3417 = CARTESIAN_POINT ( 'NONE',  ( 0.03368135593220349805, 0.04054993610996308201, -0.02695006389003692243 ) ) ;
#3418 = ADVANCED_FACE ( 'NONE', ( #6 ), #2799, .T. ) ;
#3419 = UNCERTAINTY_MEASURE_WITH_UNIT (LENGTH_MEASURE( 1.000000000000000082E-05 ), #3262, 'distance_accuracy_value', 'NONE');
#3420 = ORIENTED_EDGE ( 'NONE', *, *, #4121, .T. ) ;
#3421 = EDGE_CURVE ( 'NONE', #1369, #3760, #1834, .T. ) ;
#3422 = ORIENTED_EDGE ( 'NONE', *, *, #97, .T. ) ;
#3423 =( BOUNDED_SURFACE ( )  B_SPLINE_SURFACE ( 3, 3, ( 
 ( #905, #3553, #4316, #4343 ),
 ( #2282, #1265, #1215, #470 ),
 ( #195, #1243, #3987, #4008 ),
 ( #1874, #173, #1857, #3213 ) ),
 .UNSPECIFIED., .F., .F., .F. ) 
 B_SPLINE_SURFACE_WITH_KNOTS ( ( 4, 4 ),
 ( 4, 4 ),
 ( 0.0000000000000000000, 1.000000000000000000 ),
 ( 0.0000000000000000000, 1.000000000000000000 ),
 .UNSPECIFIED. ) 
 GEOMETRIC_REPRESENTATION_ITEM ( )  RATIONAL_B_SPLINE_SURFACE ( (
 ( 1.000000000000000000, 0.8056113254483424635, 0.8056113254483424635, 1.000000000000000000),
 ( 0.3333333333333335369, 0.2685371084827810062, 0.2685371084827810062, 0.3333333333333335369),
 ( 0.3333333333333335369, 0.2685371084827810062, 0.2685371084827810062, 0.3333333333333335369),
 ( 1.000000000000000000, 0.8056113254483424635, 0.8056113254483424635, 1.000000000000000000) ) ) 
 REPRESENTATION_ITEM ( '' )  SURFACE ( )  );
#3424 = FACE_OUTER_BOUND ( 'NONE', #4015, .T. ) ;
#3425 = ORIENTED_EDGE ( 'NONE', *, *, #1945, .F. ) ;
#3426 = CARTESIAN_POINT ( 'NONE',  ( 0.03569890575480348660, 0.04067304084490140637, 0.006238440715286333246 ) ) ;
#3427 = CYLINDRICAL_SURFACE ( 'NONE', #2821, 0.006250000000000002949 ) ;
#3428 = EDGE_LOOP ( 'NONE', ( #1690, #4213, #151, #2528 ) ) ;
#3429 = CARTESIAN_POINT ( 'NONE',  ( 0.07311966706634485946, 0.04064990085713100776, -2.561107494060246767E-17 ) ) ;
#3430 = ORIENTED_EDGE ( 'NONE', *, *, #60, .T. ) ;
#3431 = DIRECTION ( 'NONE',  ( -0.06090368020760011242, 0.9981436478469272178, 4.883536246244056482E-16 ) ) ;
#3432 = DIRECTION ( 'NONE',  ( -0.06090368020759949486, 0.9981436478469272178, 4.883536246244056482E-16 ) ) ;
#3433 = DIRECTION ( 'NONE',  ( 0.9981436478469271067, 0.06090368020759977241, 0.0000000000000000000 ) ) ;
#3434 = CARTESIAN_POINT ( 'NONE',  ( 0.02519999999999992038, 1.493979371535143794E-17, -0.02699999999999998582 ) ) ;
#3435 = ORIENTED_EDGE ( 'NONE', *, *, #317, .F. ) ;
#3436 = CARTESIAN_POINT ( 'NONE',  ( 0.03779999999999992394, -0.006250000000000000347, -0.02699999999999996847 ) ) ;
#3437 = SURFACE_SIDE_STYLE ('',( #3482 ) ) ;
#3438 = CARTESIAN_POINT ( 'NONE',  ( 0.05653619389039654664, 0.07373844071528636024, -0.04467304084490145155 ) ) ;
#3439 = CARTESIAN_POINT ( 'NONE',  ( 0.05747600343138647289, 0.06202144728134941637, -0.02763312712727529832 ) ) ;
#3440 = ORIENTED_EDGE ( 'NONE', *, *, #3947, .F. ) ;
#3441 = ORIENTED_EDGE ( 'NONE', *, *, #570, .F. ) ;
#3442 = CARTESIAN_POINT ( 'NONE',  ( 0.08643239623248133441, 0.02771117449446202849, -0.006250000000000042848 ) ) ;
#3443 = CARTESIAN_POINT ( 'NONE',  ( 0.02355560063439471677, 0.02694987849186703324, -0.006250000000000025500 ) ) ;
#3444 = DIRECTION ( 'NONE',  ( 0.9981436478469261075, 1.365923996832132398E-15, -0.06090368020761618983 ) ) ;
#3445 =( BOUNDED_SURFACE ( )  B_SPLINE_SURFACE ( 3, 3, ( 
 ( #386, #3135, #2793, #3491 ),
 ( #410, #4320, #1943, #1268 ),
 ( #566, #1218, #929, #3624 ),
 ( #2950, #3989, #1245, #156 ) ),
 .UNSPECIFIED., .F., .F., .F. ) 
 B_SPLINE_SURFACE_WITH_KNOTS ( ( 4, 4 ),
 ( 4, 4 ),
 ( 0.0000000000000000000, 1.000000000000000000 ),
 ( 0.0000000000000000000, 1.000000000000000000 ),
 .UNSPECIFIED. ) 
 GEOMETRIC_REPRESENTATION_ITEM ( )  RATIONAL_B_SPLINE_SURFACE ( (
 ( 1.000000000000000000, 0.8056113254483423525, 0.8056113254483423525, 1.000000000000000000),
 ( 0.3333333333333333703, 0.2685371084827808397, 0.2685371084827808397, 0.3333333333333333703),
 ( 0.3333333333333333703, 0.2685371084827808397, 0.2685371084827808397, 0.3333333333333333703),
 ( 1.000000000000000000, 0.8056113254483423525, 0.8056113254483423525, 1.000000000000000000) ) ) 
 REPRESENTATION_ITEM ( '' )  SURFACE ( )  );
#3446 = AXIS2_PLACEMENT_3D ( 'NONE', #2766, #717, #3463 ) ;
#3447 = AXIS2_PLACEMENT_3D ( 'NONE', #3014, #609, #948 ) ;
#3448 = EDGE_LOOP ( 'NONE', ( #4436, #2147, #1169, #1080, #750, #3351 ) ) ;
#3449 = CARTESIAN_POINT ( 'NONE',  ( 0.03148247394553116418, 0.07449832871192221817, -0.04391315284826547566 ) ) ;
#3450 = ORIENTED_EDGE ( 'NONE', *, *, #902, .T. ) ;
#3451 = EDGE_CURVE ( 'NONE', #397, #2693, #823, .T. ) ;
#3452 = DIRECTION ( 'NONE',  ( 0.9981436478469261075, 0.0000000000000000000, -0.06090368020761550288 ) ) ;
#3453 = DIRECTION ( 'NONE',  ( -0.0000000000000000000, -1.905585933080539594E-18, 1.000000000000000000 ) ) ;
#3454 = VECTOR ( 'NONE', #1751, 39.37007874015748143 ) ;
#3455 = CARTESIAN_POINT ( 'NONE',  ( 0.05001935199870250620, -0.006238397799043297366, -0.06397739905109460501 ) ) ;
#3456 = FACE_OUTER_BOUND ( 'NONE', #1823, .T. ) ;
#3457 = ADVANCED_FACE ( 'NONE', ( #1075 ), #326, .T. ) ;
#3458 = DIMENSIONAL_EXPONENTS ( 1.000000000000000000, 0.0000000000000000000, 0.0000000000000000000, 0.0000000000000000000, 0.0000000000000000000, 0.0000000000000000000, 0.0000000000000000000 ) ;
#3459 = ORIENTED_EDGE ( 'NONE', *, *, #3421, .T. ) ;
#3460 = DIRECTION ( 'NONE',  ( 0.9981436478469261075, 0.0000000000000000000, -0.06090368020761541962 ) ) ;
#3461 = DIRECTION ( 'NONE',  ( 0.9981436478469271067, 0.06090368020759995282, 0.0000000000000000000 ) ) ;
#3462 = CIRCLE ( 'NONE', #3826, 0.006250000000000001214 ) ;
#3463 = DIRECTION ( 'NONE',  ( -1.000000000000000000, 0.0000000000000000000, 0.0000000000000000000 ) ) ;
#3464 = AXIS2_PLACEMENT_3D ( 'NONE', #1199, #1609, #2570 ) ;
#3465 = CARTESIAN_POINT ( 'NONE',  ( 0.06089890575480347290, 0.04067304084490136473, 0.006238440715286341920 ) ) ;
#3466 = ORIENTED_EDGE ( 'NONE', *, *, #1723, .T. ) ;
#3467 = CARTESIAN_POINT ( 'NONE',  ( 0.04711614634079077518, 0.06005715346344552702, 0.006238440715286353196 ) ) ;
#3468 = ORIENTED_EDGE ( 'NONE', *, *, #2872, .F. ) ;
#3469 = DIRECTION ( 'NONE',  ( -0.06090368020761630780, 0.0000000000000000000, -0.9981436478469262186 ) ) ;
#3470 = AXIS2_PLACEMENT_3D ( 'NONE', #1415, #3210, #1916 ) ;
#3471 = CARTESIAN_POINT ( 'NONE',  ( 0.01812399656861394398, 0.06202144728134955515, -0.04386687287272474783 ) ) ;
#3472 = DIRECTION ( 'NONE',  ( 0.06067819015337719973, 0.9981505144458123757, -0.003702398043256770101 ) ) ;
#3473 = ORIENTED_EDGE ( 'NONE', *, *, #2447, .F. ) ;
#3474 = CARTESIAN_POINT ( 'NONE',  ( 0.05592399656861395119, 0.06202144728134955515, -0.04386687287272477559 ) ) ;
#3475 = ORIENTED_EDGE ( 'NONE', *, *, #682, .F. ) ;
#3476 = DIRECTION ( 'NONE',  ( -1.000000000000000000, 0.0000000000000000000, 0.0000000000000000000 ) ) ;
#3477 = CARTESIAN_POINT ( 'NONE',  ( 0.03741935199870251305, -0.006238397799043302570, -0.04450000000000000483 ) ) ;
#3478 = CARTESIAN_POINT ( 'NONE',  ( 0.03555262569966887581, 0.04143292884153717409, 0.005478552718650373833 ) ) ;
#3479 = EDGE_CURVE ( 'NONE', #1788, #2812, #1178, .T. ) ;
#3480 = ORIENTED_EDGE ( 'NONE', *, *, #535, .T. ) ;
#3481 = FACE_OUTER_BOUND ( 'NONE', #2840, .T. ) ;
#3482 = SURFACE_STYLE_FILL_AREA ( #2481 ) ;
#3483 = EDGE_CURVE ( 'NONE', #385, #2715, #674, .T. ) ;
#3484 = AXIS2_PLACEMENT_3D ( 'NONE', #3069, #4082, #338 ) ;
#3485 = MECHANICAL_DESIGN_GEOMETRIC_PRESENTATION_REPRESENTATION (  '', ( #976 ), #3627 ) ;
#3486 = CARTESIAN_POINT ( 'NONE',  ( 0.02234042837788619701, 0.04062676086936067854, -0.006238440715286328909 ) ) ;
#3487 = ORIENTED_EDGE ( 'NONE', *, *, #3539, .F. ) ;
#3488 = CARTESIAN_POINT ( 'NONE',  ( 0.08519414832275161442, 0.04138664886599645321, -0.006998328711922334293 ) ) ;
#3489 = CIRCLE ( 'NONE', #1489, 0.006250000000000005551 ) ;
#3490 = ORIENTED_EDGE ( 'NONE', *, *, #125, .F. ) ;
#3491 = CARTESIAN_POINT ( 'NONE',  ( 0.009740428377886193451, 0.04062676086936067160, -0.006238440715286315899 ) ) ;
#3492 = CARTESIAN_POINT ( 'NONE',  ( 0.03316039650428859176, 0.06126155928471369722, -0.01477638689500654877 ) ) ;
#3493 = DIRECTION ( 'NONE',  ( -0.9981436478469265516, 0.06090368020760861950, -1.365923996832131215E-15 ) ) ;
#3494 = ORIENTED_EDGE ( 'NONE', *, *, #282, .F. ) ;
#3495 = DIRECTION ( 'NONE',  ( -0.06090368020761641882, -0.0000000000000000000, -0.9981436478469261075 ) ) ;
#3496 = ORIENTED_EDGE ( 'NONE', *, *, #1180, .F. ) ;
#3497 = DIRECTION ( 'NONE',  ( -0.06090368020761624535, -0.0000000000000000000, -0.9981436478469261075 ) ) ;
#3498 = CARTESIAN_POINT ( 'NONE',  ( 0.007882797164648751645, 0.02656923049056946276, -0.07150000000000000799 ) ) ;
#3499 = DIRECTION ( 'NONE',  ( -0.06090368020759980711, 0.9981436478469272178, 4.883536246244056482E-16 ) ) ;
#3500 = ORIENTED_EDGE ( 'NONE', *, *, #337, .T. ) ;
#3501 = CARTESIAN_POINT ( 'NONE',  ( 0.05428126926730154900, 0.04026925285583350667, -7.771620730733736202E-18 ) ) ;
#3502 = DIRECTION ( 'NONE',  ( -0.06090368020760787010, -0.9981436478469266627, 1.836970198721029688E-16 ) ) ;
#3503 = ADVANCED_FACE ( 'NONE', ( #1387 ), #2431, .T. ) ;
#3504 = CARTESIAN_POINT ( 'NONE',  ( 0.05204439936560547458, 0.02694987849186700896, -0.06525000000000000244 ) ) ;
#3505 = ORIENTED_EDGE ( 'NONE', *, *, #2306, .T. ) ;
#3506 = CARTESIAN_POINT ( 'NONE',  ( 0.08191752605446941948, 0.07449832871192210715, -0.02758684715173460172 ) ) ;
#3507 = ADVANCED_FACE ( 'NONE', ( #2577 ), #1847, .T. ) ;
#3508 = VERTEX_POINT ( 'NONE', #3907 ) ;
#3509 = LINE ( 'NONE', #1444, #2105 ) ;
#3510 = CARTESIAN_POINT ( 'NONE',  ( 0.06147880503630816923, 0.02618858248927202065, -0.006250000000000025500 ) ) ;
#3511 = CARTESIAN_POINT ( 'NONE',  ( 0.03095695520193792599, 0.06750000000000001832, -0.04464990085713105294 ) ) ;
#3512 = EDGE_LOOP ( 'NONE', ( #1492, #3435 ) ) ;
#3513 = DIRECTION ( 'NONE',  ( -0.06090368020760787010, -0.9981436478469266627, 1.836970198721029688E-16 ) ) ;
#3514 = VERTEX_POINT ( 'NONE', #1911 ) ;
#3515 = DIRECTION ( 'NONE',  ( 0.9981436478469261075, 0.0000000000000000000, -0.06090368020761610657 ) ) ;
#3516 = CARTESIAN_POINT ( 'NONE',  ( 0.05078064800129759859, 0.006238397799043286091, -0.04450000000000001177 ) ) ;
#3517 = CIRCLE ( 'NONE', #2236, 0.006249999999999996877 ) ;
#3518 = CARTESIAN_POINT ( 'NONE',  ( 0.0000000000000000000, 0.0000000000000000000, 0.006250000000000001214 ) ) ;
#3519 = ORIENTED_EDGE ( 'NONE', *, *, #952, .T. ) ;
#3520 = CIRCLE ( 'NONE', #4102, 0.006250000000000001214 ) ;
#3521 = DIRECTION ( 'NONE',  ( -0.06090368020761614820, 0.0000000000000000000, -0.9981436478469262186 ) ) ;
#3522 = DIRECTION ( 'NONE',  ( -0.06090368020760008466, 0.9981436478469271067, 0.0000000000000000000 ) ) ;
#3523 = DIRECTION ( 'NONE',  ( -0.06090368020760787010, -0.9981436478469266627, 1.836970198721029688E-16 ) ) ;
#3524 = AXIS2_PLACEMENT_3D ( 'NONE', #1163, #3905, #830 ) ;
#3525 = CIRCLE ( 'NONE', #875, 0.006250000000000006418 ) ;
#3526 = AXIS2_PLACEMENT_3D ( 'NONE', #2134, #733, #1772 ) ;
#3527 = DIRECTION ( 'NONE',  ( 0.06067819015337710953, 0.9981505144458124867, -0.003702398043258130992 ) ) ;
#3528 = MECHANICAL_DESIGN_GEOMETRIC_PRESENTATION_REPRESENTATION (  '', ( #149 ), #4250 ) ;
#3529 = ORIENTED_EDGE ( 'NONE', *, *, #227, .F. ) ;
#3530 = CARTESIAN_POINT ( 'NONE',  ( 0.07231614634079079618, 0.06005715346344556171, 0.006238440715286301154 ) ) ;
#3531 = EDGE_CURVE ( 'NONE', #2103, #1660, #894, .T. ) ;
#3532 = EDGE_CURVE ( 'NONE', #2110, #3049, #2758, .T. ) ;
#3533 = CIRCLE ( 'NONE', #4323, 0.006249999999999997745 ) ;
#3534 = EDGE_LOOP ( 'NONE', ( #1486, #2948, #2662, #2060, #2667, #2272 ) ) ;
#3535 = DIRECTION ( 'NONE',  ( 0.9962975955892297009, 0.06079103973086141810, -0.06079103973087533058 ) ) ;
#3536 = CARTESIAN_POINT ( 'NONE',  ( 0.02519999999999992385, 1.707404996040164512E-17, -0.02699999999999999276 ) ) ;
#3537 = CARTESIAN_POINT ( 'NONE',  ( 0.03615560063439472033, 0.02694987849186702977, -0.006250000000000017694 ) ) ;
#3538 = AXIS2_PLACEMENT_3D ( 'NONE', #575, #1954, #3444 ) ;
#3539 = EDGE_CURVE ( 'NONE', #3065, #190, #3329, .T. ) ;
#3540 = EDGE_CURVE ( 'NONE', #1838, #2967, #1397, .T. ) ;
#3541 = ORIENTED_EDGE ( 'NONE', *, *, #2424, .F. ) ;
#3542 = VECTOR ( 'NONE', #3115, 39.37007874015748143 ) ;
#3543 = DIRECTION ( 'NONE',  ( -0.9981436478469265516, 0.06090368020760861950, 0.0000000000000000000 ) ) ;
#3544 = ORIENTED_EDGE ( 'NONE', *, *, #2028, .T. ) ;
#3545 = SURFACE_SIDE_STYLE ('',( #135 ) ) ;
#3546 = DIRECTION ( 'NONE',  ( 0.06090368020759948098, -0.9981436478469269957, -4.883536246244055496E-16 ) ) ;
#3547 = CARTESIAN_POINT ( 'NONE',  ( 0.08040715442124891921, 0.07297855271865047455, -0.06481704146008145095 ) ) ;
#3548 = VERTEX_POINT ( 'NONE', #1482 ) ;
#3549 = DIRECTION ( 'NONE',  ( 0.06090368020760839052, 0.9981436478469265516, 0.0000000000000000000 ) ) ;
#3550 = CARTESIAN_POINT ( 'NONE',  ( 0.04004737430033147166, 0.04143292884153723654, -0.07697855271865043647 ) ) ;
#3551 = CARTESIAN_POINT ( 'NONE',  ( 0.04441008616473857834, 0.07297855271865059945, -0.02606707115846273667 ) ) ;
#3552 = AXIS2_PLACEMENT_3D ( 'NONE', #219, #1196, #3261 ) ;
#3553 = CARTESIAN_POINT ( 'NONE',  ( 0.02024656552361696338, 0.07373844071528637412, -0.007442846536554525126 ) ) ;
#3554 = CARTESIAN_POINT ( 'NONE',  ( 0.04544656552361697743, 0.07373844071528637412, -0.007442846536554479156 ) ) ;
#3555 = ORIENTED_EDGE ( 'NONE', *, *, #565, .T. ) ;
#3556 = CARTESIAN_POINT ( 'NONE',  ( 0.01214184591747839367, 0.007508636352437217387, 0.006249999999999992541 ) ) ;
#3557 = ADVANCED_FACE ( 'NONE', ( #2848 ), #4430, .T. ) ;
#3558 = CARTESIAN_POINT ( 'NONE',  ( 0.004118644067796765895, 0.04054993610996308895, -0.04454993610996309250 ) ) ;
#3559 = EDGE_CURVE ( 'NONE', #4324, #283, #4268, .T. ) ;
#3560 = ORIENTED_EDGE ( 'NONE', *, *, #1339, .F. ) ;
#3561 = CARTESIAN_POINT ( 'NONE',  ( 0.06299999999999993106, 0.0000000000000000000, -0.02699999999999998582 ) ) ;
#3562 = ORIENTED_EDGE ( 'NONE', *, *, #3099, .T. ) ;
#3563 = DIRECTION ( 'NONE',  ( 0.06067819015338399291, 0.003702398043255402706, 0.9981505144458120427 ) ) ;
#3564 = EDGE_CURVE ( 'NONE', #1222, #661, #166, .T. ) ;
#3565 = DIRECTION ( 'NONE',  ( 0.06067819015337642952, 0.9981505144458124867, -0.003702398043258130992 ) ) ;
#3566 = LINE ( 'NONE', #1551, #218 ) ;
#3567 = ORIENTED_EDGE ( 'NONE', *, *, #3226, .F. ) ;
#3568 = DIRECTION ( 'NONE',  ( 0.06090368020759906464, -0.9981436478469271067, 6.829619984160657060E-16 ) ) ;
#3569 = CARTESIAN_POINT ( 'NONE',  ( 0.01293494968060821676, 0.006747340349842083362, -0.07774999999999999967 ) ) ;
#3570 = CARTESIAN_POINT ( 'NONE',  ( 0.07395560063439472753, 0.02694987849186701243, -3.231397346021327238E-17 ) ) ;
#3571 = CARTESIAN_POINT ( 'NONE',  ( 0.06984304479806252575, 0.06750000000000000444, -0.02685009914286900015 ) ) ;
#3572 = DIRECTION ( 'NONE',  ( -0.9981436478469265516, 0.06090368020760864032, 0.0000000000000000000 ) ) ;
#3573 = VERTEX_POINT ( 'NONE', #1640 ) ;
#3574 = DIRECTION ( 'NONE',  ( 0.06067819015337642952, 0.9981505144458124867, -0.003702398043258130992 ) ) ;
#3575 = CARTESIAN_POINT ( 'NONE',  ( 0.003743964695016163777, 0.05348350110162934656, -0.06450167128807778039 ) ) ;
#3576 = CARTESIAN_POINT ( 'NONE',  ( 0.06028670843302089133, 0.03986687287272491081, -0.005478552718650348680 ) ) ;
#3577 = ORIENTED_EDGE ( 'NONE', *, *, #3564, .F. ) ;
#3578 = CARTESIAN_POINT ( 'NONE',  ( 0.04125140458474687438, 0.05196372510835763764, -0.06602144728134963503 ) ) ;
#3579 = ORIENTED_EDGE ( 'NONE', *, *, #2007, .F. ) ;
#3580 = SURFACE_STYLE_USAGE ( .BOTH. , #3545 ) ;
#3581 = CARTESIAN_POINT ( 'NONE',  ( 0.05638991383526190809, 0.07297855271865048843, -0.04543292884153733724 ) ) ;
#3582 = DIRECTION ( 'NONE',  ( -0.9981436478469265516, 0.06090368020760861950, 0.0000000000000000000 ) ) ;
#3583 = ADVANCED_FACE ( 'NONE', ( #960 ), #2981, .T. ) ;
#3584 = EDGE_CURVE ( 'NONE', #2629, #1720, #751, .T. ) ;
#3585 =( NAMED_UNIT ( * ) PLANE_ANGLE_UNIT ( ) SI_UNIT ( $, .RADIAN. ) );
#3586 = ORIENTED_EDGE ( 'NONE', *, *, #4206, .F. ) ;
#3587 = CARTESIAN_POINT ( 'NONE',  ( -0.009169866285655674937, 0.06081704146008139189, -0.07697855271865042259 ) ) ;
#3588 = CARTESIAN_POINT ( 'NONE',  ( 0.01209614759678908323, -0.006999693801638408840, -0.06397739905109460501 ) ) ;
#3589 = DIRECTION ( 'NONE',  ( 0.06090368020761623841, 0.0000000000000000000, 0.9981436478469261075 ) ) ;
#3590 = EDGE_CURVE ( 'NONE', #2598, #3268, #2479, .T. ) ;
#3591 =( BOUNDED_SURFACE ( )  B_SPLINE_SURFACE ( 3, 3, ( 
 ( #4356, #2966, #603, #211 ),
 ( #260, #557, #2314, #2293 ),
 ( #2608, #2985, #4308, #1982 ),
 ( #168, #896, #4044, #3340 ) ),
 .UNSPECIFIED., .F., .F., .F. ) 
 B_SPLINE_SURFACE_WITH_KNOTS ( ( 4, 4 ),
 ( 4, 4 ),
 ( 0.0000000000000000000, 1.000000000000000000 ),
 ( 0.0000000000000000000, 1.000000000000000000 ),
 .UNSPECIFIED. ) 
 GEOMETRIC_REPRESENTATION_ITEM ( )  RATIONAL_B_SPLINE_SURFACE ( (
 ( 1.000000000000000000, 0.8047378541243649375, 0.8047378541243649375, 1.000000000000000000),
 ( 0.3333333333333327597, 0.2682459513747878499, 0.2682459513747878499, 0.3333333333333327597),
 ( 0.3333333333333327597, 0.2682459513747878499, 0.2682459513747878499, 0.3333333333333327597),
 ( 1.000000000000000000, 0.8047378541243649375, 0.8047378541243649375, 1.000000000000000000) ) ) 
 REPRESENTATION_ITEM ( '' )  SURFACE ( )  );
#3592 = VECTOR ( 'NONE', #3589, 39.37007874015748143 ) ;
#3593 = STYLED_ITEM ( 'NONE', ( #4053 ), #200 ) ;
#3594 = VERTEX_POINT ( 'NONE', #1291 ) ;
#3595 = AXIS2_PLACEMENT_3D ( 'NONE', #310, #1366, #584 ) ;
#3596 = VECTOR ( 'NONE', #1797, 39.37007874015747433 ) ;
#3597 = ORIENTED_EDGE ( 'NONE', *, *, #1480, .T. ) ;
#3598 = AXIS2_PLACEMENT_3D ( 'NONE', #3767, #2067, #3699 ) ;
#3599 = CARTESIAN_POINT ( 'NONE',  ( -0.0002574435993841698417, 0.005477101796448298650, -0.02699999999999998929 ) ) ;
#3600 = CIRCLE ( 'NONE', #4112, 0.006250000000000000347 ) ;
#3601 = CARTESIAN_POINT ( 'NONE',  ( 0.01723960349571183187, 0.06126155928471369028, -0.05672361310499350606 ) ) ;
#3602 = CARTESIAN_POINT ( 'NONE',  ( 0.01095560063439472188, 0.02694987849186702630, 0.006249999999999993408 ) ) ;
#3603 = AXIS2_PLACEMENT_3D ( 'NONE', #2221, #2599, #2934 ) ;
#3604 = CARTESIAN_POINT ( 'NONE',  ( 0.02805957162211409131, 0.04062676086936065772, -0.06526155928471369383 ) ) ;
#3605 = VERTEX_POINT ( 'NONE', #3050 ) ;
#3606 = CIRCLE ( 'NONE', #741, 0.02074999999999999067 ) ;
#3607 =( LENGTH_UNIT ( ) NAMED_UNIT ( * ) SI_UNIT ( $, .METRE. ) );
#3608 = DIRECTION ( 'NONE',  ( 0.9962975955892292568, -0.06079103973086836393, -0.06079103973087373464 ) ) ;
#3609 = DIRECTION ( 'NONE',  ( 0.0000000000000000000, 0.0000000000000000000, 1.000000000000000000 ) ) ;
#3610 = CARTESIAN_POINT ( 'NONE',  ( 0.08083143645834471591, 0.06050167128807781847, -0.04538664886599658166 ) ) ;
#3611 = CIRCLE ( 'NONE', #1969, 0.03325000000000000178 ) ;
#3612 = DIRECTION ( 'NONE',  ( 0.06090368020759906464, -0.9981436478469271067, 0.0000000000000000000 ) ) ;
#3613 = ORIENTED_EDGE ( 'NONE', *, *, #2761, .T. ) ;
#3614 = DIRECTION ( 'NONE',  ( -3.450521692260709348E-17, 5.655021662317012109E-16, 1.000000000000000000 ) ) ;
#3615 = DIRECTION ( 'NONE',  ( -3.450521692260709348E-17, 5.655021662317012109E-16, 1.000000000000000000 ) ) ;
#3616 = CARTESIAN_POINT ( 'NONE',  ( -0.0003806480012975019603, -0.006238397799043310377, -0.06397739905109460501 ) ) ;
#3617 = DIRECTION ( 'NONE',  ( -0.06090368020760870277, -0.9981436478469265516, -0.0000000000000000000 ) ) ;
#3618 = CIRCLE ( 'NONE', #1485, 0.006249999999999998612 ) ;
#3619 = DIRECTION ( 'NONE',  ( 0.9962975955892297009, 0.06079103973086141810, -0.06079103973087533058 ) ) ;
#3620 = EDGE_CURVE ( 'NONE', #2167, #3636, #936, .T. ) ;
#3621 = CARTESIAN_POINT ( 'NONE',  ( 0.01797771651347932279, 0.06126155928471369028, -0.04462676086936068209 ) ) ;
#3622 =( BOUNDED_SURFACE ( )  B_SPLINE_SURFACE ( 3, 3, ( 
 ( #2275, #1872, #1213, #561 ),
 ( #2587, #145, #1939, #2873 ),
 ( #1532, #2897, #1855, #1192 ),
 ( #3956, #3255, #3935, #856 ) ),
 .UNSPECIFIED., .F., .F., .F. ) 
 B_SPLINE_SURFACE_WITH_KNOTS ( ( 4, 4 ),
 ( 4, 4 ),
 ( 0.0000000000000000000, 1.000000000000000000 ),
 ( 0.0000000000000000000, 1.000000000000000000 ),
 .UNSPECIFIED. ) 
 GEOMETRIC_REPRESENTATION_ITEM ( )  RATIONAL_B_SPLINE_SURFACE ( (
 ( 1.000000000000000000, 0.8047378541243652705, 0.8047378541243652705, 1.000000000000000000),
 ( 0.3333333333333335369, 0.2682459513747885715, 0.2682459513747885715, 0.3333333333333335369),
 ( 0.3333333333333335369, 0.2682459513747885715, 0.2682459513747885715, 0.3333333333333335369),
 ( 1.000000000000000000, 0.8047378541243652705, 0.8047378541243652705, 1.000000000000000000) ) ) 
 REPRESENTATION_ITEM ( '' )  SURFACE ( )  );
#3623 = ORIENTED_EDGE ( 'NONE', *, *, #3723, .F. ) ;
#3624 = CARTESIAN_POINT ( 'NONE',  ( 0.02295262569966886532, 0.04143292884153716021, 0.005478552718650408528 ) ) ;
#3625 = SURFACE_STYLE_USAGE ( .BOTH. , #3710 ) ;
#3626 = CARTESIAN_POINT ( 'NONE',  ( 0.008006001566562167410, 0.02733052649316456556, -0.07150000000000000799 ) ) ;
#3627 =( GEOMETRIC_REPRESENTATION_CONTEXT ( 3 ) GLOBAL_UNCERTAINTY_ASSIGNED_CONTEXT ( ( #996 ) ) GLOBAL_UNIT_ASSIGNED_CONTEXT ( ( #2038, #2703, #1697 ) ) REPRESENTATION_CONTEXT ( 'NONE', 'WORKASPACE' ) );
#3628 = ORIENTED_EDGE ( 'NONE', *, *, #3479, .T. ) ;
#3629 = CARTESIAN_POINT ( 'NONE',  ( 0.03057771651347932634, 0.06126155928471369722, -0.04462676086936067515 ) ) ;
#3630 = VERTEX_POINT ( 'NONE', #2645 ) ;
#3631 = CARTESIAN_POINT ( 'NONE',  ( 0.01888247394553115369, 0.07449832871192224593, -0.04391315284826544790 ) ) ;
#3632 = CARTESIAN_POINT ( 'NONE',  ( 0.02131873073269874991, 0.04026925285583347197, -0.07150000000000000799 ) ) ;
#3633 = CARTESIAN_POINT ( 'NONE',  ( 0.04989614759678906442, -0.006999693801638394094, -0.04450000000000001177 ) ) ;
#3634 = ORIENTED_EDGE ( 'NONE', *, *, #89, .F. ) ;
#3635 = CARTESIAN_POINT ( 'NONE',  ( 0.07559999999999991727, 2.561107494060246767E-17, -0.02700000000000000663 ) ) ;
#3636 = VERTEX_POINT ( 'NONE', #1591 ) ;
#3637 = DIRECTION ( 'NONE',  ( 0.06067819015338125899, 0.003702398043258134028, 0.9981505144458121537 ) ) ;
#3638 = AXIS2_PLACEMENT_3D ( 'NONE', #1687, #969, #1708 ) ;
#3639 = FACE_OUTER_BOUND ( 'NONE', #4297, .T. ) ;
#3640 = FACE_OUTER_BOUND ( 'NONE', #3002, .T. ) ;
#3641 = FACE_OUTER_BOUND ( 'NONE', #94, .T. ) ;
#3642 = ORIENTED_EDGE ( 'NONE', *, *, #2390, .T. ) ;
#3643 = DIRECTION ( 'NONE',  ( -0.06090368020760839052, -0.9981436478469265516, -0.0000000000000000000 ) ) ;
#3644 = EDGE_CURVE ( 'NONE', #1728, #1047, #3618, .T. ) ;
#3645 = EDGE_CURVE ( 'NONE', #2573, #4073, #3924, .T. ) ;
#3646 = DIRECTION ( 'NONE',  ( -0.9981436478469265516, 0.06090368020760793255, 0.0000000000000000000 ) ) ;
#3647 = UNCERTAINTY_MEASURE_WITH_UNIT (LENGTH_MEASURE( 1.000000000000000082E-05 ), #3788, 'distance_accuracy_value', 'NONE');
#3648 = CYLINDRICAL_SURFACE ( 'NONE', #1035, 0.006249999999999998612 ) ;
#3649 = VERTEX_POINT ( 'NONE', #2268 ) ;
#3650 = DIRECTION ( 'NONE',  ( -0.06090368020760787010, -0.9981436478469266627, 1.836970198721029688E-16 ) ) ;
#3651 = VERTEX_POINT ( 'NONE', #3652 ) ;
#3652 = CARTESIAN_POINT ( 'NONE',  ( 0.04414999999999990460, 4.285186367014866071E-18, -0.04450000000000000483 ) ) ;
#3653 = DIRECTION ( 'NONE',  ( 0.06090368020760786316, 0.9981436478469266627, 0.0000000000000000000 ) ) ;
#3654 = CARTESIAN_POINT ( 'NONE',  ( 0.03118991383526189404, 0.07297855271865051618, -0.04543292884153731642 ) ) ;
#3655 = FILL_AREA_STYLE ('',( #3951 ) ) ;
#3656 = ORIENTED_EDGE ( 'NONE', *, *, #1723, .F. ) ;
#3657 = CARTESIAN_POINT ( 'NONE',  ( 0.02553494968060821685, 0.006747340349842083362, -0.07774999999999999967 ) ) ;
#3658 = CARTESIAN_POINT ( 'NONE',  ( 0.04464304479806251863, 0.06750000000000001832, -0.02685009914286900015 ) ) ;
#3659 = CARTESIAN_POINT ( 'NONE',  ( 0.05216760376751893025, 0.02771117449446210482, -0.06525000000000004408 ) ) ;
#3660 = DIRECTION ( 'NONE',  ( -0.06090368020759949486, 0.9981436478469272178, 4.883536246244056482E-16 ) ) ;
#3661 = DIRECTION ( 'NONE',  ( 0.9981436478469261075, 0.0000000000000000000, -0.06090368020761613432 ) ) ;
#3662 = DIRECTION ( 'NONE',  ( -9.756599977372362721E-16, 1.905585933080539594E-18, -1.000000000000000000 ) ) ;
#3663 = AXIS2_PLACEMENT_3D ( 'NONE', #3570, #3660, #1856 ) ;
#3664 = AXIS2_PLACEMENT_3D ( 'NONE', #3689, #2299, #1967 ) ;
#3665 = DIRECTION ( 'NONE',  ( -0.06090368020760011242, 0.9981436478469272178, 4.883536246244056482E-16 ) ) ;
#3666 = AXIS2_PLACEMENT_3D ( 'NONE', #4424, #2050, #1299 ) ;
#3667 = CARTESIAN_POINT ( 'NONE',  ( 0.005756955201937926682, 0.06750000000000001832, -0.04464990085713105294 ) ) ;
#3668 = ADVANCED_FACE ( 'NONE', ( #2333 ), #3061, .T. ) ;
#3669 = AXIS2_PLACEMENT_3D ( 'NONE', #667, #2696, #2362 ) ;
#3670 = CARTESIAN_POINT ( 'NONE',  ( 0.06946380610960398161, 0.07373844071528634636, -0.02682695915509865706 ) ) ;
#3671 = ADVANCED_FACE ( 'NONE', ( #360 ), #1700, .T. ) ;
#3672 = COLOUR_RGB ( '',0.5372549019607842924, 0.3490196078431372362, 0.3372549019607843368 ) ;
#3673 = VERTEX_POINT ( 'NONE', #3443 ) ;
#3674 = CARTESIAN_POINT ( 'NONE',  ( 0.01310385240321086664, -0.006999693801638263990, -0.02699999999999999969 ) ) ;
#3675 = ORIENTED_EDGE ( 'NONE', *, *, #2424, .T. ) ;
#3676 = CARTESIAN_POINT ( 'NONE',  ( 0.02545744359938401091, -0.005477101796448291711, -0.02699999999999997888 ) ) ;
#3677 = CARTESIAN_POINT ( 'NONE',  ( 0.03734184591747840426, 0.007508636352437226061, 0.006249999999999994275 ) ) ;
#3678 = CIRCLE ( 'NONE', #4041, 0.006250000000000002082 ) ;
#3679 = EDGE_CURVE ( 'NONE', #4128, #1252, #175, .T. ) ;
#3680 = CIRCLE ( 'NONE', #2470, 0.02074999999999998027 ) ;
#3681 = CARTESIAN_POINT ( 'NONE',  ( 0.01835695520193792590, 0.06750000000000001832, -0.04464990085713103907 ) ) ;
#3682 = ORIENTED_EDGE ( 'NONE', *, *, #1621, .F. ) ;
#3683 = CARTESIAN_POINT ( 'NONE',  ( 0.07585744359938402515, -0.005477101796448288241, -0.007522600948905394311 ) ) ;
#3684 = CARTESIAN_POINT ( 'NONE',  ( 0.07559999999999991727, 2.242636444994161324E-17, -0.03575000000000001094 ) ) ;
#3685 = CARTESIAN_POINT ( 'NONE',  ( 0.05577771651347933346, 0.06126155928471368334, -0.04462676086936069597 ) ) ;
#3686 = AXIS2_PLACEMENT_3D ( 'NONE', #4141, #3190, #1039 ) ;
#3687 = DIRECTION ( 'NONE',  ( -0.06090368020760218715, 0.9981436478469269957, 1.152290068917594112E-15 ) ) ;
#3688 = CIRCLE ( 'NONE', #1393, 0.006250000000000009888 ) ;
#3689 = CARTESIAN_POINT ( 'NONE',  ( 0.04191864406779678698, 0.04054993610996308895, -0.04454993610996309250 ) ) ;
#3690 = CARTESIAN_POINT ( 'NONE',  ( 0.02060600156656216750, 0.02733052649316456556, -0.07150000000000000799 ) ) ;
#3691 = DIRECTION ( 'NONE',  ( 1.958811751810083382E-17, -3.210274815467008141E-16, 1.000000000000000000 ) ) ;
#3692 = VERTEX_POINT ( 'NONE', #2083 ) ;
#3693 = ORIENTED_EDGE ( 'NONE', *, *, #1203, .F. ) ;
#3694 = CARTESIAN_POINT ( 'NONE',  ( 0.07395560063439472753, 0.02694987849186702283, 0.006249999999999975193 ) ) ;
#3695 = ORIENTED_EDGE ( 'NONE', *, *, #899, .F. ) ;
#3696 = DIRECTION ( 'NONE',  ( 0.9981436478469261075, 0.0000000000000000000, -0.06090368020761682821 ) ) ;
#3697 = CARTESIAN_POINT ( 'NONE',  ( -0.01083239623248112397, 0.02771117449446211869, -0.07775000000000004130 ) ) ;
#3698 = AXIS2_PLACEMENT_3D ( 'NONE', #3163, #2070, #3813 ) ;
#3699 = DIRECTION ( 'NONE',  ( -1.000000000000000000, 0.0000000000000000000, 6.829619984160657060E-16 ) ) ;
#3700 = ORIENTED_EDGE ( 'NONE', *, *, #2659, .F. ) ;
#3701 = EDGE_CURVE ( 'NONE', #631, #3651, #255, .T. ) ;
#3702 = EDGE_CURVE ( 'NONE', #2726, #1958, #2344, .T. ) ;
#3703 = DIRECTION ( 'NONE',  ( 0.06090368020761594003, 0.0000000000000000000, 0.9981436478469261075 ) ) ;
#3704 = CARTESIAN_POINT ( 'NONE',  ( 0.01573757360407505509, 0.05929726546680966909, -0.07849832871192226336 ) ) ;
#3705 = AXIS2_PLACEMENT_3D ( 'NONE', #698, #2718, #1063 ) ;
#3706 = CARTESIAN_POINT ( 'NONE',  ( 0.07585744359938421943, 0.005477101796448212781, -0.04450000000000000483 ) ) ;
#3707 = ORIENTED_EDGE ( 'NONE', *, *, #1071, .F. ) ;
#3708 = AXIS2_PLACEMENT_3D ( 'NONE', #2836, #4337, #772 ) ;
#3709 = LENGTH_MEASURE_WITH_UNIT ( LENGTH_MEASURE( 0.02539999999999999897 ), #4402 );
#3710 = SURFACE_SIDE_STYLE ('',( #2952 ) ) ;
#3711 = VERTEX_POINT ( 'NONE', #3114 ) ;
#3712 = SURFACE_SIDE_STYLE ('',( #1046 ) ) ;
#3713 = ORIENTED_EDGE ( 'NONE', *, *, #4257, .T. ) ;
#3714 = CARTESIAN_POINT ( 'NONE',  ( 0.06299999999999993106, 0.006250000000000000347, -0.02699999999999999276 ) ) ;
#3715 = ORIENTED_EDGE ( 'NONE', *, *, #1449, .F. ) ;
#3716 = CARTESIAN_POINT ( 'NONE',  ( 0.03133619389039653952, 0.07373844071528636024, -0.04467304084490138216 ) ) ;
#3717 = FACE_OUTER_BOUND ( 'NONE', #1121, .T. ) ;
#3718 = CARTESIAN_POINT ( 'NONE',  ( 0.02865140458474687429, 0.05196372510835764458, -0.06602144728134962115 ) ) ;
#3719 = CARTESIAN_POINT ( 'NONE',  ( 0.04317771651347933337, 0.06126155928471368334, -0.04462676086936068209 ) ) ;
#3720 = ORIENTED_EDGE ( 'NONE', *, *, #2631, .F. ) ;
#3721 = CARTESIAN_POINT ( 'NONE',  ( 0.01424439936560545523, 0.02694987849186700549, -0.06525000000000000244 ) ) ;
#3722 = CARTESIAN_POINT ( 'NONE',  ( 4.802076551362962766E-17, -8.537024980200822558E-18, -0.04450000000000000483 ) ) ;
#3723 = EDGE_CURVE ( 'NONE', #2907, #489, #1993, .T. ) ;
#3724 = DIRECTION ( 'NONE',  ( -6.155188414296105405E-17, 1.008766990120902174E-15, 1.000000000000000000 ) ) ;
#3725 = DIRECTION ( 'NONE',  ( 0.06090368020760042467, -0.9981436478469269957, 0.0000000000000000000 ) ) ;
#3726 = VERTEX_POINT ( 'NONE', #1404 ) ;
#3727 = EDGE_CURVE ( 'NONE', #3514, #621, #2723, .T. ) ;
#3728 = DIRECTION ( 'NONE',  ( -5.610044986989106297E-15, 0.0000000000000000000, 1.000000000000000000 ) ) ;
#3729 = DIRECTION ( 'NONE',  ( 0.06090368020760808521, 0.9981436478469266627, 0.0000000000000000000 ) ) ;
#3730 = CARTESIAN_POINT ( 'NONE',  ( 0.05804656552361694977, 0.07373844071528638799, -0.007442846536554494769 ) ) ;
#3731 = PRODUCT_DEFINITION_CONTEXT ( 'detailed design', #4372, 'design' ) ;
#3732 = ORIENTED_EDGE ( 'NONE', *, *, #928, .T. ) ;
#3733 = STYLED_ITEM ( 'NONE', ( #4165 ), #910 ) ;
#3734 = ORIENTED_EDGE ( 'NONE', *, *, #3532, .F. ) ;
#3735 = VECTOR ( 'NONE', #1042, 39.37007874015748143 ) ;
#3736 = AXIS2_PLACEMENT_3D ( 'NONE', #2122, #3844, #4186 ) ;
#3737 = CARTESIAN_POINT ( 'NONE',  ( 0.06711864406779678716, 0.04054993610996308895, -0.04454993610996309250 ) ) ;
#3738 = CARTESIAN_POINT ( 'NONE',  ( 0.04355695520193794690, 0.06750000000000001832, -0.04464990085713105294 ) ) ;
#3739 = AXIS2_PLACEMENT_3D ( 'NONE', #971, #3009, #3077 ) ;
#3740 = AXIS2_PLACEMENT_3D ( 'NONE', #746, #1802, #422 ) ;
#3741 = ORIENTED_EDGE ( 'NONE', *, *, #4143, .F. ) ;
#3742 =( NAMED_UNIT ( * ) PLANE_ANGLE_UNIT ( ) SI_UNIT ( $, .RADIAN. ) );
#3743 = ORIENTED_EDGE ( 'NONE', *, *, #1808, .F. ) ;
#3744 = CARTESIAN_POINT ( 'NONE',  ( 0.02672119496369204650, 0.02618858248927190269, -0.07774999999999999967 ) ) ;
#3745 = VECTOR ( 'NONE', #3248, 39.37007874015748143 ) ;
#3746 = DIRECTION ( 'NONE',  ( -1.000000000000000000, 0.0000000000000000000, 6.829619984160657060E-16 ) ) ;
#3747 = FACE_OUTER_BOUND ( 'NONE', #2435, .T. ) ;
#3748 = CARTESIAN_POINT ( 'NONE',  ( 0.06261935199870251323, -0.006238397799043300836, -0.04450000000000000483 ) ) ;
#3749 = CIRCLE ( 'NONE', #1455, 0.03325000000000000178 ) ;
#3750 = ADVANCED_FACE ( 'NONE', ( #3157 ), #2488, .T. ) ;
#3751 = VERTEX_POINT ( 'NONE', #64 ) ;
#3752 = EDGE_CURVE ( 'NONE', #1865, #4429, #4065, .T. ) ;
#3753 = AXIS2_PLACEMENT_3D ( 'NONE', #3738, #339, #3378 ) ;
#3754 = CIRCLE ( 'NONE', #2327, 0.006249999999999998612 ) ;
#3755 = EDGE_CURVE ( 'NONE', #759, #1598, #540, .T. ) ;
#3756 = EDGE_CURVE ( 'NONE', #4367, #3779, #658, .T. ) ;
#3757 = CARTESIAN_POINT ( 'NONE',  ( 0.04544656552361697743, 0.07373844071528637412, -0.007442846536554479156 ) ) ;
#3758 = EDGE_LOOP ( 'NONE', ( #1119, #1085, #4095, #1639, #3505, #3906 ) ) ;
#3759 = AXIS2_PLACEMENT_3D ( 'NONE', #4439, #3790, #3410 ) ;
#3760 = VERTEX_POINT ( 'NONE', #321 ) ;
#3761 =( GEOMETRIC_REPRESENTATION_CONTEXT ( 3 ) GLOBAL_UNCERTAINTY_ASSIGNED_CONTEXT ( ( #825 ) ) GLOBAL_UNIT_ASSIGNED_CONTEXT ( ( #3247, #3929, #2224 ) ) REPRESENTATION_CONTEXT ( 'NONE', 'WORKASPACE' ) );
#3762 = CYLINDRICAL_SURFACE ( 'NONE', #512, 0.006250000000000002949 ) ;
#3763 = CARTESIAN_POINT ( 'NONE',  ( 0.01095560063439472188, 0.02694987849186702977, -6.702898519610803170E-18 ) ) ;
#3764 = CARTESIAN_POINT ( 'NONE',  ( 0.02108135593220349796, 0.04054993610996308201, -0.02695006389003692243 ) ) ;
#3765 =( BOUNDED_SURFACE ( )  B_SPLINE_SURFACE ( 3, 3, ( 
 ( #3015, #2011, #2717, #697 ),
 ( #1992, #2326, #4075, #3040 ),
 ( #3349, #2076, #994, #352 ),
 ( #2053, #314, #3062, #3438 ) ),
 .UNSPECIFIED., .F., .F., .F. ) 
 B_SPLINE_SURFACE_WITH_KNOTS ( ( 4, 4 ),
 ( 4, 4 ),
 ( 0.0000000000000000000, 1.000000000000000000 ),
 ( 0.0000000000000000000, 1.000000000000000000 ),
 .UNSPECIFIED. ) 
 GEOMETRIC_REPRESENTATION_ITEM ( )  RATIONAL_B_SPLINE_SURFACE ( (
 ( 1.000000000000000000, 0.8056113254483427966, 0.8056113254483427966, 1.000000000000000000),
 ( 0.3333333333333333703, 0.2685371084827809507, 0.2685371084827809507, 0.3333333333333333703),
 ( 0.3333333333333333703, 0.2685371084827809507, 0.2685371084827809507, 0.3333333333333333703),
 ( 1.000000000000000000, 0.8056113254483427966, 0.8056113254483427966, 1.000000000000000000) ) ) 
 REPRESENTATION_ITEM ( '' )  SURFACE ( )  );
#3766 = ORIENTED_EDGE ( 'NONE', *, *, #3313, .F. ) ;
#3767 = CARTESIAN_POINT ( 'NONE',  ( 0.05039999999999992403, 4.268512490100411279E-18, -0.02700000000000000316 ) ) ;
#3768 = VERTEX_POINT ( 'NONE', #2751 ) ;
#3769 = CARTESIAN_POINT ( 'NONE',  ( 0.06548033293365546070, 0.04064990085713103551, -0.07150000000000000799 ) ) ;
#3770 = CARTESIAN_POINT ( 'NONE',  ( 0.07395560063439472753, 0.02694987849186701243, -3.231397346021327238E-17 ) ) ;
#3771 = CARTESIAN_POINT ( 'NONE',  ( 0.03818064800129760544, 0.006238397799043278284, -0.05665506858075829155 ) ) ;
#3772 = CARTESIAN_POINT ( 'NONE',  ( 0.08184999999999992282, 2.318343176095148221E-17, -0.02700000000000000663 ) ) ;
#3773 = ORIENTED_EDGE ( 'NONE', *, *, #2440, .T. ) ;
#3774 = DIRECTION ( 'NONE',  ( -7.458549702254098961E-18, -1.222373423425001738E-16, -1.000000000000000000 ) ) ;
#3775 = AXIS2_PLACEMENT_3D ( 'NONE', #4260, #1182, #157 ) ;
#3776 = CARTESIAN_POINT ( 'NONE',  ( 0.008718730732698749819, 0.04026925285583347197, -0.07150000000000000799 ) ) ;
#3777 = AXIS2_PLACEMENT_3D ( 'NONE', #4405, #40, #3370 ) ;
#3778 = CARTESIAN_POINT ( 'NONE',  ( 0.04754042837788620413, 0.04062676086936063691, -0.006238440715286333246 ) ) ;
#3779 = VERTEX_POINT ( 'NONE', #1356 ) ;
#3780 = EDGE_CURVE ( 'NONE', #4166, #752, #2844, .T. ) ;
#3781 = ADVANCED_FACE ( 'NONE', ( #2176 ), #2026, .T. ) ;
#3782 = ORIENTED_EDGE ( 'NONE', *, *, #1479, .T. ) ;
#3783 = DIRECTION ( 'NONE',  ( 0.06067819015337710953, 0.9981505144458124867, -0.003702398043258130992 ) ) ;
#3784 = DIRECTION ( 'NONE',  ( 0.0000000000000000000, 1.905585933080539594E-18, -1.000000000000000000 ) ) ;
#3785 = CARTESIAN_POINT ( 'NONE',  ( 0.006250000000000049787, 0.0000000000000000000, -0.04449999999999997707 ) ) ;
#3786 = EDGE_CURVE ( 'NONE', #2087, #2558, #3199, .T. ) ;
#3787 = ORIENTED_EDGE ( 'NONE', *, *, #1175, .T. ) ;
#3788 =( CONVERSION_BASED_UNIT ( 'INCH', #2692 ) LENGTH_UNIT ( ) NAMED_UNIT ( #3458 ) );
#3789 = ORIENTED_EDGE ( 'NONE', *, *, #1535, .T. ) ;
#3790 = DIRECTION ( 'NONE',  ( 0.06090368020760870277, 0.9981436478469265516, 0.0000000000000000000 ) ) ;
#3791 = LINE ( 'NONE', #1123, #1562 ) ;
#3792 = CARTESIAN_POINT ( 'NONE',  ( 0.03840464699901923601, 0.06750000000000001832, -0.02646945114157139844 ) ) ;
#3793 = CARTESIAN_POINT ( 'NONE',  ( 0.009740428377886193451, 0.04062676086936067160, -0.006238440715286315899 ) ) ;
#3794 = ORIENTED_EDGE ( 'NONE', *, *, #3399, .T. ) ;
#3795 = CARTESIAN_POINT ( 'NONE',  ( 0.01545957162211409296, 0.04062676086936067854, -0.06526155928471367995 ) ) ;
#3796 = FILL_AREA_STYLE_COLOUR ( '', #805 ) ;
#3797 = CARTESIAN_POINT ( 'NONE',  ( 0.03779999999999992394, 0.006250000000000000347, -0.02699999999999997888 ) ) ;
#3798 = CARTESIAN_POINT ( 'NONE',  ( 0.05971614634079074058, 0.06005715346344556171, 0.006238440715286345389 ) ) ;
#3799 = ORIENTED_EDGE ( 'NONE', *, *, #4416, .F. ) ;
#3800 = DIRECTION ( 'NONE',  ( 0.06067819015337719973, 0.9981505144458123757, -0.003702398043258136196 ) ) ;
#3801 = ORIENTED_EDGE ( 'NONE', *, *, #677, .F. ) ;
#3802 = CYLINDRICAL_SURFACE ( 'NONE', #4116, 0.006250000000000004684 ) ;
#3803 = ADVANCED_FACE ( 'NONE', ( #519 ), #475, .T. ) ;
#3804 = CARTESIAN_POINT ( 'NONE',  ( 0.02879768463988151977, 0.05272361310499348863, -0.06526155928471369383 ) ) ;
#3805 = CARTESIAN_POINT ( 'NONE',  ( 0.01298064800129759486, 0.006238397799043284356, -0.04450000000000000483 ) ) ;
#3806 = EDGE_CURVE ( 'NONE', #4410, #349, #469, .T. ) ;
#3807 = CIRCLE ( 'NONE', #2164, 0.006250000000000002082 ) ;
#3808 =( GEOMETRIC_REPRESENTATION_CONTEXT ( 3 ) GLOBAL_UNCERTAINTY_ASSIGNED_CONTEXT ( ( #1672 ) ) GLOBAL_UNIT_ASSIGNED_CONTEXT ( ( #628, #1327, #2388 ) ) REPRESENTATION_CONTEXT ( 'NONE', 'WORKASPACE' ) );
#3809 = EDGE_LOOP ( 'NONE', ( #335, #3227, #2265, #2770, #3383, #834 ) ) ;
#3810 = FACE_OUTER_BOUND ( 'NONE', #1307, .T. ) ;
#3811 = VERTEX_POINT ( 'NONE', #3266 ) ;
#3812 = DIRECTION ( 'NONE',  ( 4.878299988686181360E-16, -1.905585933080539594E-18, 1.000000000000000000 ) ) ;
#3813 = DIRECTION ( 'NONE',  ( 0.9981436478469261075, 1.365923996832132398E-15, -0.06090368020761618983 ) ) ;
#3814 = ADVANCED_FACE ( 'NONE', ( #4195 ), #3367, .T. ) ;
#3815 = AXIS2_PLACEMENT_3D ( 'NONE', #3434, #1434, #3165 ) ;
#3816 = CIRCLE ( 'NONE', #505, 0.03324999999999998790 ) ;
#3817 = CARTESIAN_POINT ( 'NONE',  ( 0.01011966706634483647, 0.04064990085713103551, 0.0000000000000000000 ) ) ;
#3818 = DIRECTION ( 'NONE',  ( 0.06090368020759949486, -0.9981436478469272178, -4.883536246244056482E-16 ) ) ;
#3819 = MECHANICAL_DESIGN_GEOMETRIC_PRESENTATION_REPRESENTATION (  '', ( #362 ), #3306 ) ;
#3820 = AXIS2_PLACEMENT_3D ( 'NONE', #2247, #3609, #3273 ) ;
#3821 = EDGE_LOOP ( 'NONE', ( #1217, #252, #1936, #319, #436, #49 ) ) ;
#3822 = DIRECTION ( 'NONE',  ( -0.0000000000000000000, -1.905585933080539594E-18, 1.000000000000000000 ) ) ;
#3823 = CARTESIAN_POINT ( 'NONE',  ( 0.01211855740289463808, 0.06750000000000001832, -0.04426925285583344777 ) ) ;
#3824 = AXIS2_PLACEMENT_3D ( 'NONE', #1403, #3196, #2128 ) ;
#3825 = CARTESIAN_POINT ( 'NONE',  ( 0.04694859541525348012, 0.05196372510835771397, -0.005478552718650381639 ) ) ;
#3826 = AXIS2_PLACEMENT_3D ( 'NONE', #2285, #1860, #2881 ) ;
#3827 = ORIENTED_EDGE ( 'NONE', *, *, #1335, .T. ) ;
#3828 =( LENGTH_UNIT ( ) NAMED_UNIT ( * ) SI_UNIT ( $, .METRE. ) );
#3829 = AXIS2_PLACEMENT_3D ( 'NONE', #2833, #1130, #2502 ) ;
#3830 = EDGE_LOOP ( 'NONE', ( #3332, #2495, #2348, #3215, #2798, #2762 ) ) ;
#3831 = FACE_OUTER_BOUND ( 'NONE', #3352, .T. ) ;
#3832 = CARTESIAN_POINT ( 'NONE',  ( 0.02070667655942323715, 0.06050167128807792255, -0.01401649889837061277 ) ) ;
#3833 = CARTESIAN_POINT ( 'NONE',  ( 0.02481935199870249215, -0.006238397799043297366, -0.06397739905109460501 ) ) ;
#3834 = ORIENTED_EDGE ( 'NONE', *, *, #143, .T. ) ;
#3835 = CARTESIAN_POINT ( 'NONE',  ( 0.008841935134612165584, 0.04103054885842857824, -0.07150000000000000799 ) ) ;
#3836 = ORIENTED_EDGE ( 'NONE', *, *, #4333, .T. ) ;
#3837 = DIRECTION ( 'NONE',  ( 0.06090368020761594003, 0.0000000000000000000, 0.9981436478469261075 ) ) ;
#3838 = CARTESIAN_POINT ( 'NONE',  ( 0.03779999999999992394, -3.434818644377674773E-18, -0.04450000000000001177 ) ) ;
#3839 = CARTESIAN_POINT ( 'NONE',  ( 0.06249614759678909226, -0.006999693801638399299, -0.04450000000000000483 ) ) ;
#3840 = CARTESIAN_POINT ( 'NONE',  ( 0.03227600343138645883, 0.06202144728134943719, -0.02763312712727531220 ) ) ;
#3841 = EDGE_CURVE ( 'NONE', #3131, #2536, #3177, .T. ) ;
#3842 = ORIENTED_EDGE ( 'NONE', *, *, #1221, .T. ) ;
#3843 = DIRECTION ( 'NONE',  ( 0.9981436478469271067, 0.06090368020759908546, 0.0000000000000000000 ) ) ;
#3844 = DIRECTION ( 'NONE',  ( -9.756599977372362721E-16, 1.905585933080539594E-18, -1.000000000000000000 ) ) ;
#3845 = AXIS2_PLACEMENT_3D ( 'NONE', #711, #3120, #393 ) ;
#3846 = DIRECTION ( 'NONE',  ( 0.06090368020760802970, 0.9981436478469266627, 0.0000000000000000000 ) ) ;
#3847 = AXIS2_PLACEMENT_3D ( 'NONE', #2680, #2641, #268 ) ;
#3848 = VERTEX_POINT ( 'NONE', #1861 ) ;
#3849 = FACE_OUTER_BOUND ( 'NONE', #1392, .T. ) ;
#3850 = AXIS2_PLACEMENT_3D ( 'NONE', #4125, #353, #4076 ) ;
#3851 = ORIENTED_EDGE ( 'NONE', *, *, #4120, .F. ) ;
#3852 = DIRECTION ( 'NONE',  ( -0.06090368020760807827, -0.9981436478469265516, -0.0000000000000000000 ) ) ;
#3853 = CARTESIAN_POINT ( 'NONE',  ( 0.07598064800129741836, -0.006238397799043275682, -0.02699999999999999969 ) ) ;
#3854 = FACE_OUTER_BOUND ( 'NONE', #2517, .T. ) ;
#3855 = VERTEX_POINT ( 'NONE', #824 ) ;
#3856 = CARTESIAN_POINT ( 'NONE',  ( 0.02558064800129743188, -0.006238397799043273080, -0.02699999999999999969 ) ) ;
#3857 = ORIENTED_EDGE ( 'NONE', *, *, #202, .T. ) ;
#3858 = CARTESIAN_POINT ( 'NONE',  ( 0.06338064800129759868, 0.006238397799043288693, -0.04450000000000001177 ) ) ;
#3859 = CARTESIAN_POINT ( 'NONE',  ( 0.06239535300098122267, 0.06750000000000001832, -0.04503054885842865812 ) ) ;
#3860 = DIRECTION ( 'NONE',  ( -0.06090368020760870277, -0.9981436478469265516, -0.0000000000000000000 ) ) ;
#3861 = DIMENSIONAL_EXPONENTS ( 1.000000000000000000, 0.0000000000000000000, 0.0000000000000000000, 0.0000000000000000000, 0.0000000000000000000, 0.0000000000000000000, 0.0000000000000000000 ) ;
#3862 = ORIENTED_EDGE ( 'NONE', *, *, #1622, .F. ) ;
#3863 = CARTESIAN_POINT ( 'NONE',  ( 0.07311966706634487334, 0.04064990085713104245, 0.0000000000000000000 ) ) ;
#3864 = EDGE_CURVE ( 'NONE', #4056, #1838, #908, .T. ) ;
#3865 = SURFACE_STYLE_USAGE ( .BOTH. , #3437 ) ;
#3866 = EDGE_CURVE ( 'NONE', #2894, #1931, #34, .T. ) ;
#3867 = CARTESIAN_POINT ( 'NONE',  ( 0.04393619389039655349, 0.07373844071528634636, -0.04467304084490141686 ) ) ;
#3868 = EDGE_CURVE ( 'NONE', #979, #775, #1633, .T. ) ;
#3869 = FACE_OUTER_BOUND ( 'NONE', #1198, .T. ) ;
#3870 = ORIENTED_EDGE ( 'NONE', *, *, #2681, .F. ) ;
#3871 = FACE_OUTER_BOUND ( 'NONE', #3534, .T. ) ;
#3872 = ORIENTED_EDGE ( 'NONE', *, *, #3205, .F. ) ;
#3873 = DIRECTION ( 'NONE',  ( 0.06090368020759906464, -0.9981436478469271067, 0.0000000000000000000 ) ) ;
#3874 = CARTESIAN_POINT ( 'NONE',  ( 0.003005851677248735747, 0.04138664886599652953, -0.06450167128807776651 ) ) ;
#3875 = VERTEX_POINT ( 'NONE', #1543 ) ;
#3876 = LINE ( 'NONE', #48, #2391 ) ;
#3877 = ORIENTED_EDGE ( 'NONE', *, *, #1262, .F. ) ;
#3878 = CARTESIAN_POINT ( 'NONE',  ( 0.03779999999999993782, 0.0000000000000000000, -0.02699999999999997541 ) ) ;
#3879 = AXIS2_PLACEMENT_3D ( 'NONE', #1803, #4162, #56 ) ;
#3880 = CARTESIAN_POINT ( 'NONE',  ( -0.006250000000000000347, 7.654042494670988745E-19, -0.03575000000000000400 ) ) ;
#3881 = ORIENTED_EDGE ( 'NONE', *, *, #1750, .T. ) ;
#3882 = AXIS2_PLACEMENT_3D ( 'NONE', #2606, #1575, #4307 ) ;
#3883 = CARTESIAN_POINT ( 'NONE',  ( 0.06325744359938405281, -0.005477101796448279568, -0.007522600948905422066 ) ) ;
#3884 = CIRCLE ( 'NONE', #1809, 0.03325000000000000178 ) ;
#3885 = CARTESIAN_POINT ( 'NONE',  ( 0.05368385365920971125, 0.06005715346344550620, -0.07773844071528633604 ) ) ;
#3886 = CARTESIAN_POINT ( 'NONE',  ( 0.06089890575480349372, 0.04067304084490137167, 0.006238440715286341920 ) ) ;
#3887 = PRESENTATION_LAYER_ASSIGNMENT (  '', '', ( #1887 ) ) ;
#3888 = EDGE_CURVE ( 'NONE', #4367, #1369, #2562, .T. ) ;
#3889 = AXIS2_PLACEMENT_3D ( 'NONE', #1437, #2856, #770 ) ;
#3890 = EDGE_CURVE ( 'NONE', #916, #2201, #1331, .T. ) ;
#3891 = CIRCLE ( 'NONE', #1890, 0.03325000000000000872 ) ;
#3892 = AXIS2_PLACEMENT_3D ( 'NONE', #2878, #1493, #3800 ) ;
#3893 = ORIENTED_EDGE ( 'NONE', *, *, #2681, .T. ) ;
#3894 = CARTESIAN_POINT ( 'NONE',  ( 0.07022228348652108376, 0.06126155928471368334, -0.02687323913063935713 ) ) ;
#3895 = AXIS2_PLACEMENT_3D ( 'NONE', #590, #4288, #4329 ) ;
#3896 = ADVANCED_FACE ( 'NONE', ( #1927 ), #1219, .T. ) ;
#3897 = ORIENTED_EDGE ( 'NONE', *, *, #1569, .T. ) ;
#3898 = EDGE_CURVE ( 'NONE', #3811, #2396, #1971, .T. ) ;
#3899 = CARTESIAN_POINT ( 'NONE',  ( 0.02108135593220349796, 0.04054993610996308201, -0.02695006389003692243 ) ) ;
#3900 = CARTESIAN_POINT ( 'NONE',  ( 0.01873619389039652555, 0.07373844071528636024, -0.04467304084490140992 ) ) ;
#3901 = FACE_OUTER_BOUND ( 'NONE', #3448, .T. ) ;
#3902 = CIRCLE ( 'NONE', #745, 0.006250000000000001214 ) ;
#3903 = VERTEX_POINT ( 'NONE', #1246 ) ;
#3904 = AXIS2_PLACEMENT_3D ( 'NONE', #1730, #1781, #3460 ) ;
#3905 = DIRECTION ( 'NONE',  ( -0.0000000000000000000, -1.905585933080539594E-18, 1.000000000000000000 ) ) ;
#3906 = ORIENTED_EDGE ( 'NONE', *, *, #2937, .T. ) ;
#3907 = CARTESIAN_POINT ( 'NONE',  ( 0.01424439936560546217, 0.02694987849186701243, -0.07775000000000002742 ) ) ;
#3908 = CARTESIAN_POINT ( 'NONE',  ( 0.05353757360407507271, 0.05929726546680966909, -0.07849832871192226336 ) ) ;
#3909 = COLOUR_RGB ( '',0.8274509803921568096, 0.8392156862745098200, 0.8274509803921568096 ) ;
#3910 = CARTESIAN_POINT ( 'NONE',  ( 0.06464439936560546773, 0.02694987849186702283, -0.07150000000000002187 ) ) ;
#3911 = ORIENTED_EDGE ( 'NONE', *, *, #1335, .F. ) ;
#3912 = MECHANICAL_DESIGN_GEOMETRIC_PRESENTATION_REPRESENTATION (  '', ( #1542 ), #3761 ) ;
#3913 = CARTESIAN_POINT ( 'NONE',  ( -0.007076003431386038850, 0.06202144728134957596, -0.04386687287272476171 ) ) ;
#3914 = CARTESIAN_POINT ( 'NONE',  ( 0.02895806486538813826, 0.04103054885842855048, -1.707404996040162663E-17 ) ) ;
#3915 = DIRECTION ( 'NONE',  ( 0.06067819015338399291, 0.003702398043255402706, 0.9981505144458120427 ) ) ;
#3916 =( BOUNDED_SURFACE ( )  B_SPLINE_SURFACE ( 3, 3, ( 
 ( #4344, #3556, #474, #1515 ),
 ( #2235, #3216, #129, #2927 ),
 ( #1181, #3921, #493, #3599 ),
 ( #517, #235, #1641, #1574 ) ),
 .UNSPECIFIED., .F., .F., .F. ) 
 B_SPLINE_SURFACE_WITH_KNOTS ( ( 4, 4 ),
 ( 4, 4 ),
 ( 0.0000000000000000000, 1.000000000000000000 ),
 ( 0.0000000000000000000, 1.000000000000000000 ),
 .UNSPECIFIED. ) 
 GEOMETRIC_REPRESENTATION_ITEM ( )  RATIONAL_B_SPLINE_SURFACE ( (
 ( 1.000000000000000000, 0.8047378541243649375, 0.8047378541243649375, 1.000000000000000000),
 ( 0.3333333333333333703, 0.2682459513747883495, 0.2682459513747883495, 0.3333333333333333703),
 ( 0.3333333333333333703, 0.2682459513747883495, 0.2682459513747883495, 0.3333333333333333703),
 ( 1.000000000000000000, 0.8047378541243649375, 0.8047378541243649375, 1.000000000000000000) ) ) 
 REPRESENTATION_ITEM ( '' )  SURFACE ( )  );
#3917 = DIRECTION ( 'NONE',  ( 0.06067819015338399291, 0.003702398043256767933, 0.9981505144458120427 ) ) ;
#3918 =( NAMED_UNIT ( * ) SI_UNIT ( $, .STERADIAN. ) SOLID_ANGLE_UNIT ( ) );
#3919 = CIRCLE ( 'NONE', #3339, 0.006250000000000006418 ) ;
#3920 = ORIENTED_EDGE ( 'NONE', *, *, #1669, .F. ) ;
#3921 = CARTESIAN_POINT ( 'NONE',  ( -0.0007809065539479195924, 0.01405607799624439443, -0.006250000000000010755 ) ) ;
#3922 = CARTESIAN_POINT ( 'NONE',  ( 0.006282473945531172679, 0.07449832871192220429, -0.04391315284826547566 ) ) ;
#3923 = CARTESIAN_POINT ( 'NONE',  ( 0.006463806109603960348, 0.07373844071528636024, -0.02682695915509865359 ) ) ;
#3924 = CIRCLE ( 'NONE', #2207, 0.006250000000000000347 ) ;
#3925 = AXIS2_PLACEMENT_3D ( 'NONE', #3658, #1962, #241 ) ;
#3926 = ORIENTED_EDGE ( 'NONE', *, *, #3864, .F. ) ;
#3927 = CARTESIAN_POINT ( 'NONE',  ( 0.01181909344605210424, 0.01405607799624439443, -0.006250000000000001214 ) ) ;
#3928 = EDGE_LOOP ( 'NONE', ( #732, #2399, #4401, #689, #3937, #1859 ) ) ;
#3929 =( NAMED_UNIT ( * ) PLANE_ANGLE_UNIT ( ) SI_UNIT ( $, .RADIAN. ) );
#3930 = ADVANCED_FACE ( 'NONE', ( #3350 ), #930, .T. ) ;
#3931 = DIRECTION ( 'NONE',  ( 0.9981436478469261075, -1.365923996832132398E-15, -0.06090368020761618983 ) ) ;
#3932 = CYLINDRICAL_SURFACE ( 'NONE', #2313, 0.006250000000000002082 ) ;
#3933 = ORIENTED_EDGE ( 'NONE', *, *, #3620, .F. ) ;
#3934 = CARTESIAN_POINT ( 'NONE',  ( 0.006136193890396531535, 0.07373844071528636024, -0.04467304084490139604 ) ) ;
#3935 = CARTESIAN_POINT ( 'NONE',  ( 0.05001935199870242987, 0.006238397799043306040, -0.01484493141924173552 ) ) ;
#3936 = DIRECTION ( 'NONE',  ( 0.06090368020759980711, -0.9981436478469272178, -4.883536246244056482E-16 ) ) ;
#3937 = ORIENTED_EDGE ( 'NONE', *, *, #1368, .T. ) ;
#3938 = FACE_OUTER_BOUND ( 'NONE', #800, .T. ) ;
#3939 = VERTEX_POINT ( 'NONE', #2012 ) ;
#3940 = FACE_OUTER_BOUND ( 'NONE', #1685, .T. ) ;
#3941 = CARTESIAN_POINT ( 'NONE',  ( 0.005523996568613968178, 0.06202144728134956903, -0.04386687287272475477 ) ) ;
#3942 = DIRECTION ( 'NONE',  ( -0.06090368020761609269, 0.0000000000000000000, -0.9981436478469259965 ) ) ;
#3943 = ADVANCED_FACE ( 'NONE', ( #2304 ), #1653, .T. ) ;
#3944 = ORIENTED_EDGE ( 'NONE', *, *, #2736, .T. ) ;
#3945 = CYLINDRICAL_SURFACE ( 'NONE', #3238, 0.006250000000000000347 ) ;
#3946 = ORIENTED_EDGE ( 'NONE', *, *, #3590, .T. ) ;
#3947 = EDGE_CURVE ( 'NONE', #1583, #1794, #4417, .T. ) ;
#3948 = CARTESIAN_POINT ( 'NONE',  ( 0.01884999999999991890, 2.485140651189990786E-19, -0.04450000000000001177 ) ) ;
#3949 = CARTESIAN_POINT ( 'NONE',  ( 0.05520715442124893291, 0.07297855271865046067, -0.06481704146008146483 ) ) ;
#3950 = CARTESIAN_POINT ( 'NONE',  ( 0.06239535300098122267, 0.06750000000000001832, -0.04503054885842865812 ) ) ;
#3951 = FILL_AREA_STYLE_COLOUR ( '', #2737 ) ;
#3952 = VERTEX_POINT ( 'NONE', #3330 ) ;
#3953 = ADVANCED_FACE ( 'NONE', ( #224 ), #885, .T. ) ;
#3954 = CARTESIAN_POINT ( 'NONE',  ( 0.04949588904413866619, 0.01481737399883938794, -0.006250000000000034174 ) ) ;
#3955 = CARTESIAN_POINT ( 'NONE',  ( 0.02309890575480348998, 0.04067304084490140637, 0.006238440715286328909 ) ) ;
#3956 = CARTESIAN_POINT ( 'NONE',  ( 0.04875560063439473429, 0.02694987849186701243, -0.006250000000000017694 ) ) ;
#3957 = CARTESIAN_POINT ( 'NONE',  ( 0.07088279716464875035, 0.02656923049056945582, -0.07150000000000000799 ) ) ;
#3958 = AXIS2_PLACEMENT_3D ( 'NONE', #1131, #1062, #2144 ) ;
#3959 = CIRCLE ( 'NONE', #68, 0.006249999999999998612 ) ;
#3960 = DIRECTION ( 'NONE',  ( 0.9981436478469261075, 0.0000000000000000000, -0.06090368020761618983 ) ) ;
#3961 = AXIS2_PLACEMENT_3D ( 'NONE', #625, #2342, #4026 ) ;
#3962 = CARTESIAN_POINT ( 'NONE',  ( 0.02895806486538814520, 0.04103054885842851579, -1.707404996040164512E-17 ) ) ;
#3963 = VECTOR ( 'NONE', #1918, 39.37007874015748143 ) ;
#3964 = ORIENTED_EDGE ( 'NONE', *, *, #4010, .F. ) ;
#3965 = DIRECTION ( 'NONE',  ( -0.9981436478469265516, 0.06090368020760864032, 0.0000000000000000000 ) ) ;
#3966 = CIRCLE ( 'NONE', #1305, 0.006249999999999996010 ) ;
#3967 = DIRECTION ( 'NONE',  ( 0.9962975955892292568, -0.06079103973086836393, -0.06079103973087373464 ) ) ;
#3968 = AXIS2_PLACEMENT_3D ( 'NONE', #2841, #4216, #1136 ) ;
#3969 = ORIENTED_EDGE ( 'NONE', *, *, #1702, .F. ) ;
#3970 = CARTESIAN_POINT ( 'NONE',  ( 0.006349999999999920812, -5.335640612625514099E-19, -0.02699999999999997888 ) ) ;
#3971 = VERTEX_POINT ( 'NONE', #567 ) ;
#3972 = AXIS2_PLACEMENT_3D ( 'NONE', #2355, #4062, #2018 ) ;
#3973 = DIRECTION ( 'NONE',  ( 4.857225732735060850E-16, -1.012211148232467137E-15, 1.000000000000000000 ) ) ;
#3974 = DIRECTION ( 'NONE',  ( 0.9981436478469261075, -1.365923996832131215E-15, -0.06090368020761613432 ) ) ;
#3975 = DIRECTION ( 'NONE',  ( 0.06090368020760870277, 0.9981436478469264406, 0.0000000000000000000 ) ) ;
#3976 = CIRCLE ( 'NONE', #3249, 0.006250000000000002082 ) ;
#3977 = FACE_OUTER_BOUND ( 'NONE', #3219, .T. ) ;
#3978 = EDGE_LOOP ( 'NONE', ( #967, #2378, #1863, #1553, #3459, #4412 ) ) ;
#3979 = FACE_OUTER_BOUND ( 'NONE', #4192, .T. ) ;
#3980 = CARTESIAN_POINT ( 'NONE',  ( 0.03956760376751890934, 0.02771117449446211176, -0.06525000000000001632 ) ) ;
#3981 = CIRCLE ( 'NONE', #380, 0.03325000000000000872 ) ;
#3982 = EDGE_CURVE ( 'NONE', #1728, #3117, #1944, .T. ) ;
#3983 = CARTESIAN_POINT ( 'NONE',  ( -0.0004814425971053637996, 0.06750000000000001832, -0.04426925285583344777 ) ) ;
#3984 = CARTESIAN_POINT ( 'NONE',  ( 0.06875695520193794708, 0.06750000000000000444, -0.04464990085713104601 ) ) ;
#3985 = ADVANCED_FACE ( 'NONE', ( #678 ), #468, .T. ) ;
#3986 = EDGE_CURVE ( 'NONE', #228, #311, #2347, .T. ) ;
#3987 = CARTESIAN_POINT ( 'NONE',  ( 0.009148595415253483326, 0.05196372510835773478, -0.005478552718650406793 ) ) ;
#3988 = FACE_OUTER_BOUND ( 'NONE', #415, .T. ) ;
#3989 = CARTESIAN_POINT ( 'NONE',  ( 0.007646565523616959820, 0.07373844071528637412, -0.007442846536554499973 ) ) ;
#3990 = DIRECTION ( 'NONE',  ( 0.06067819015337584665, 0.9981505144458125978, -0.003702398043256770535 ) ) ;
#3991 = DIRECTION ( 'NONE',  ( 0.0000000000000000000, -1.000000000000000000, 0.0000000000000000000 ) ) ;
#3992 = EDGE_LOOP ( 'NONE', ( #2685, #1342, #3964, #20, #1440, #1164 ) ) ;
#3993 = CYLINDRICAL_SURFACE ( 'NONE', #2100, 0.006250000000000002082 ) ;
#3994 = ORIENTED_EDGE ( 'NONE', *, *, #706, .F. ) ;
#3995 = COLOUR_RGB ( '',0.8274509803921568096, 0.8392156862745098200, 0.8274509803921568096 ) ;
#3996 = CARTESIAN_POINT ( 'NONE',  ( 0.01835695520193792590, 0.06750000000000001832, -0.04464990085713103907 ) ) ;
#3997 = DIRECTION ( 'NONE',  ( -0.9981436478469265516, 0.06090368020760864032, 0.0000000000000000000 ) ) ;
#3998 = CARTESIAN_POINT ( 'NONE',  ( 0.05118090655394800376, 0.01405607799624426953, -0.06525000000000003020 ) ) ;
#3999 = AXIS2_PLACEMENT_3D ( 'NONE', #406, #506, #1894 ) ;
#4000 = DIRECTION ( 'NONE',  ( 1.958811751810083382E-17, -3.210274815467008141E-16, 1.000000000000000000 ) ) ;
#4001 = ORIENTED_EDGE ( 'NONE', *, *, #3205, .T. ) ;
#4002 = CARTESIAN_POINT ( 'NONE',  ( 0.02598090655394799317, 0.01405607799624427473, -0.06525000000000000244 ) ) ;
#4003 = CARTESIAN_POINT ( 'NONE',  ( 0.05001935199870250620, -0.006238397799043293029, -0.04450000000000000483 ) ) ;
#4004 = CARTESIAN_POINT ( 'NONE',  ( 0.06338064800129761256, 0.006238397799043280886, -0.05665506858075829155 ) ) ;
#4005 = DIRECTION ( 'NONE',  ( -0.06090368020759992507, 0.9981436478469272178, 0.0000000000000000000 ) ) ;
#4006 = EDGE_CURVE ( 'NONE', #1428, #2675, #2062, .T. ) ;
#4007 = ADVANCED_FACE ( 'NONE', ( #3064 ), #2316, .T. ) ;
#4008 = CARTESIAN_POINT ( 'NONE',  ( 0.009886708433020826789, 0.03986687287272491081, -0.005478552718650391180 ) ) ;
#4009 = CARTESIAN_POINT ( 'NONE',  ( 0.06135560063439472744, 0.02694987849186702630, -0.006250000000000017694 ) ) ;
#4010 = EDGE_CURVE ( 'NONE', #802, #916, #547, .T. ) ;
#4011 = DIRECTION ( 'NONE',  ( -0.06090368020760839052, -0.9981436478469265516, -0.0000000000000000000 ) ) ;
#4012 = EDGE_CURVE ( 'NONE', #1288, #2907, #2132, .T. ) ;
#4013 = DIRECTION ( 'NONE',  ( 0.06090368020761618290, 0.0000000000000000000, 0.9981436478469261075 ) ) ;
#4014 = DIRECTION ( 'NONE',  ( 0.0000000000000000000, 0.0000000000000000000, -1.000000000000000000 ) ) ;
#4015 = EDGE_LOOP ( 'NONE', ( #3877, #3642, #3354, #3466, #1106, #1852 ) ) ;
#4016 = CARTESIAN_POINT ( 'NONE',  ( 0.01107880503630816194, 0.02618858248927204146, 0.006249999999999967387 ) ) ;
#4017 = ORIENTED_EDGE ( 'NONE', *, *, #2306, .F. ) ;
#4018 = CARTESIAN_POINT ( 'NONE',  ( 0.02461864151556498320, 0.008269932355032217838, 0.006249999999999993408 ) ) ;
#4019 = CARTESIAN_POINT ( 'NONE',  ( 0.03689588904413867304, 0.01481737399883940702, -0.006250000000000012490 ) ) ;
#4020 = CARTESIAN_POINT ( 'NONE',  ( 0.01619768463988152316, 0.05272361310499348863, -0.06526155928471369383 ) ) ;
#4021 = DIRECTION ( 'NONE',  ( -2.731847993664258880E-15, 0.0000000000000000000, -1.000000000000000000 ) ) ;
#4022 = ORIENTED_EDGE ( 'NONE', *, *, #1818, .T. ) ;
#4023 = DIRECTION ( 'NONE',  ( -0.06090368020760787010, -0.9981436478469266627, 1.836970198721029688E-16 ) ) ;
#4024 = CARTESIAN_POINT ( 'NONE',  ( 0.04696986628565613664, 0.06081704146008133638, 0.005478552718650375568 ) ) ;
#4025 = CARTESIAN_POINT ( 'NONE',  ( 0.07395560063439472753, 0.02694987849186701243, -3.231397346021327238E-17 ) ) ;
#4026 = DIRECTION ( 'NONE',  ( -1.000000000000000000, 0.0000000000000000000, 0.0000000000000000000 ) ) ;
#4027 = CARTESIAN_POINT ( 'NONE',  ( 0.01221935199870250073, -0.006238397799043300836, -0.04450000000000001177 ) ) ;
#4028 = FACE_OUTER_BOUND ( 'NONE', #2359, .T. ) ;
#4029 = EDGE_CURVE ( 'NONE', #3768, #2675, #3063, .T. ) ;
#4030 = AXIS2_PLACEMENT_3D ( 'NONE', #925, #857, #3915 ) ;
#4031 = AXIS2_PLACEMENT_3D ( 'NONE', #3571, #2232, #3960 ) ;
#4032 = CIRCLE ( 'NONE', #3740, 0.02075000000000000455 ) ;
#4033 = ORIENTED_EDGE ( 'NONE', *, *, #425, .T. ) ;
#4034 = CIRCLE ( 'NONE', #148, 0.006250000000000004684 ) ;
#4035 = AXIS2_PLACEMENT_3D ( 'NONE', #2214, #1875, #882 ) ;
#4036 = ORIENTED_EDGE ( 'NONE', *, *, #3564, .T. ) ;
#4037 = CARTESIAN_POINT ( 'NONE',  ( 0.02355560063439471677, 0.02694987849186702977, -0.006250000000000026368 ) ) ;
#4038 = ORIENTED_EDGE ( 'NONE', *, *, #3890, .T. ) ;
#4039 = CARTESIAN_POINT ( 'NONE',  ( 0.02908126926730155229, 0.04026925285583352054, 7.654042494670956967E-19 ) ) ;
#4040 = CARTESIAN_POINT ( 'NONE',  ( 0.03818064800129743197, -0.006238397799043286091, -0.02699999999999996500 ) ) ;
#4041 = AXIS2_PLACEMENT_3D ( 'NONE', #1495, #44, #2150 ) ;
#4042 = CARTESIAN_POINT ( 'NONE',  ( 0.01588385365920968670, 0.06005715346344553396, -0.07773844071528634991 ) ) ;
#4043 = AXIS2_PLACEMENT_3D ( 'NONE', #1584, #843, #3574 ) ;
#4044 = CARTESIAN_POINT ( 'NONE',  ( 0.02610411095586142108, 0.01481737399883937926, -0.06525000000000000244 ) ) ;
#4045 = EDGE_LOOP ( 'NONE', ( #549, #1052, #3011, #3420, #688, #2815 ) ) ;
#4046 = DIRECTION ( 'NONE',  ( 0.9981436478469261075, 0.0000000000000000000, -0.06090368020761614820 ) ) ;
#4047 = DIRECTION ( 'NONE',  ( 1.000000000000000000, 0.0000000000000000000, 5.463695987328526437E-15 ) ) ;
#4048 = DIRECTION ( 'NONE',  ( -0.06090368020760870277, -0.9981436478469265516, -0.0000000000000000000 ) ) ;
#4049 = VECTOR ( 'NONE', #1801, 39.37007874015748143 ) ;
#4050 = DIRECTION ( 'NONE',  ( -0.06090368020761455226, 0.0000000000000000000, -0.9981436478469262186 ) ) ;
#4051 = ORIENTED_EDGE ( 'NONE', *, *, #3702, .F. ) ;
#4052 = VECTOR ( 'NONE', #1507, 39.37007874015748143 ) ;
#4053 = PRESENTATION_STYLE_ASSIGNMENT (( #1303 ) ) ;
#4054 = SURFACE_STYLE_FILL_AREA ( #2677 ) ;
#4055 = CIRCLE ( 'NONE', #3552, 0.02074999999999999414 ) ;
#4056 = VERTEX_POINT ( 'NONE', #1714 ) ;
#4057 = ORIENTED_EDGE ( 'NONE', *, *, #4365, .T. ) ;
#4058 = DIRECTION ( 'NONE',  ( 0.06067819015337821281, 0.9981505144458122647, -0.003702398043258135762 ) ) ;
#4059 = EDGE_CURVE ( 'NONE', #1931, #19, #2917, .T. ) ;
#4060 = ORIENTED_EDGE ( 'NONE', *, *, #4276, .T. ) ;
#4061 = DIRECTION ( 'NONE',  ( 0.06067819015338399291, 0.003702398043258134028, 0.9981505144458120427 ) ) ;
#4062 = DIRECTION ( 'NONE',  ( 1.958811751810083382E-17, -3.210274815467008141E-16, 1.000000000000000000 ) ) ;
#4063 = EDGE_CURVE ( 'NONE', #1581, #1780, #259, .T. ) ;
#4064 = CARTESIAN_POINT ( 'NONE',  ( 0.03000715442124892232, 0.07297855271865051618, -0.06481704146008146483 ) ) ;
#4065 = CIRCLE ( 'NONE', #1193, 0.006250000000000001214 ) ;
#4066 = SURFACE_STYLE_USAGE ( .BOTH. , #3 ) ;
#4067 = ADVANCED_FACE ( 'NONE', ( #3042 ), #995, .T. ) ;
#4068 = ORIENTED_EDGE ( 'NONE', *, *, #2932, .T. ) ;
#4069 = CARTESIAN_POINT ( 'NONE',  ( 0.01350411095586141232, 0.01481737399883937580, -0.06525000000000000244 ) ) ;
#4070 = DIRECTION ( 'NONE',  ( 5.610044986989106297E-15, -0.0000000000000000000, -1.000000000000000000 ) ) ;
#4071 = DIRECTION ( 'NONE',  ( 0.06067819015338331290, 0.003702398043258134028, 0.9981505144458120427 ) ) ;
#4072 = DIRECTION ( 'NONE',  ( 0.06067819015338262595, 0.003702398043255402706, 0.9981505144458120427 ) ) ;
#4073 = VERTEX_POINT ( 'NONE', #4445 ) ;
#4074 = CIRCLE ( 'NONE', #2138, 0.006250000000000001214 ) ;
#4075 = CARTESIAN_POINT ( 'NONE',  ( 0.06749332344057719368, 0.06050167128807781847, -0.05748350110162943338 ) ) ;
#4076 = DIRECTION ( 'NONE',  ( -0.9981436478469265516, 0.06090368020760861950, 0.0000000000000000000 ) ) ;
#4077 = EDGE_LOOP ( 'NONE', ( #1139, #1929, #3656, #542, #2343, #872 ) ) ;
#4078 =( LENGTH_UNIT ( ) NAMED_UNIT ( * ) SI_UNIT ( $, .METRE. ) );
#4079 = ORIENTED_EDGE ( 'NONE', *, *, #1623, .F. ) ;
#4080 = CYLINDRICAL_SURFACE ( 'NONE', #2249, 0.006249999999999998612 ) ;
#4081 = ORIENTED_EDGE ( 'NONE', *, *, #3531, .T. ) ;
#4082 = DIRECTION ( 'NONE',  ( -0.06090368020759949486, 0.9981436478469272178, 4.883536246244056482E-16 ) ) ;
#4083 = CARTESIAN_POINT ( 'NONE',  ( 0.04426380610960396755, 0.07373844071528636024, -0.02682695915509864318 ) ) ;
#4084 = ADVANCED_FACE ( 'NONE', ( #3869 ), #490, .T. ) ;
#4085 =( BOUNDED_SURFACE ( )  B_SPLINE_SURFACE ( 3, 3, ( 
 ( #1276, #4020, #1293, #2690 ),
 ( #962, #3718, #3293, #2964 ),
 ( #209, #2019, #4064, #3654 ),
 ( #1980, #4042, #637, #576 ) ),
 .UNSPECIFIED., .F., .F., .T. ) 
 B_SPLINE_SURFACE_WITH_KNOTS ( ( 4, 4 ),
 ( 4, 4 ),
 ( 0.0000000000000000000, 1.000000000000000000 ),
 ( 0.0000000000000000000, 1.000000000000000000 ),
 .UNSPECIFIED. ) 
 GEOMETRIC_REPRESENTATION_ITEM ( )  RATIONAL_B_SPLINE_SURFACE ( (
 ( 1.000000000000000000, 0.8056113254483424635, 0.8056113254483424635, 1.000000000000000000),
 ( 0.3333333333333335369, 0.2685371084827810062, 0.2685371084827810062, 0.3333333333333335369),
 ( 0.3333333333333335369, 0.2685371084827810062, 0.2685371084827810062, 0.3333333333333335369),
 ( 1.000000000000000000, 0.8056113254483424635, 0.8056113254483424635, 1.000000000000000000) ) ) 
 REPRESENTATION_ITEM ( '' )  SURFACE ( )  );
#4086 = ORIENTED_EDGE ( 'NONE', *, *, #2028, .F. ) ;
#4087 = EDGE_CURVE ( 'NONE', #4159, #1325, #1854, .T. ) ;
#4088 = DIRECTION ( 'NONE',  ( 0.9981436478469271067, 0.06090368020759908546, 0.0000000000000000000 ) ) ;
#4089 = ORIENTED_EDGE ( 'NONE', *, *, #2736, .F. ) ;
#4090 = CARTESIAN_POINT ( 'NONE',  ( 0.03944439936560546756, 0.02694987849186701243, -0.07150000000000002187 ) ) ;
#4091 = CARTESIAN_POINT ( 'NONE',  ( 0.03316039650428859176, 0.06126155928471369722, -0.01477638689500654877 ) ) ;
#4092 = DIRECTION ( 'NONE',  ( -0.9981436478469265516, 0.06090368020760864032, 0.0000000000000000000 ) ) ;
#4093 = CARTESIAN_POINT ( 'NONE',  ( 0.06464439936560548161, 0.02694987849186700549, -0.06525000000000001632 ) ) ;
#4094 = EDGE_CURVE ( 'NONE', #1074, #773, #1770, .T. ) ;
#4095 = ORIENTED_EDGE ( 'NONE', *, *, #535, .F. ) ;
#4096 = SURFACE_STYLE_FILL_AREA ( #4380 ) ;
#4097 = DIRECTION ( 'NONE',  ( 0.0000000000000000000, 0.0000000000000000000, -1.000000000000000000 ) ) ;
#4098 = DIRECTION ( 'NONE',  ( 0.06067819015338331290, 0.003702398043258134028, 0.9981505144458120427 ) ) ;
#4099 = ORIENTED_EDGE ( 'NONE', *, *, #2356, .T. ) ;
#4100 = CIRCLE ( 'NONE', #581, 0.006250000000000002082 ) ;
#4101 = ORIENTED_EDGE ( 'NONE', *, *, #1985, .F. ) ;
#4102 = AXIS2_PLACEMENT_3D ( 'NONE', #3910, #1167, #4269 ) ;
#4103 = CARTESIAN_POINT ( 'NONE',  ( 0.01234255640061586098, 0.005477101796448297782, -0.01484493141924172512 ) ) ;
#4104 = CIRCLE ( 'NONE', #3664, 0.03325000000000000178 ) ;
#4105 = CARTESIAN_POINT ( 'NONE',  ( 0.03242228348652108350, 0.06126155928471369028, -0.02687323913063936059 ) ) ;
#4106 = CARTESIAN_POINT ( 'NONE',  ( 0.06510109424519684718, 0.04067304084490138555, -0.07773844071528634991 ) ) ;
#4107 = CIRCLE ( 'NONE', #4386, 0.006250000000000002082 ) ;
#4108 = ORIENTED_EDGE ( 'NONE', *, *, #509, .F. ) ;
#4109 = CARTESIAN_POINT ( 'NONE',  ( 0.02820585167724871251, 0.04138664886599653647, -0.06450167128807778039 ) ) ;
#4110 = VERTEX_POINT ( 'NONE', #3486 ) ;
#4111 = DIRECTION ( 'NONE',  ( -1.000000000000000000, 0.0000000000000000000, 0.0000000000000000000 ) ) ;
#4112 = AXIS2_PLACEMENT_3D ( 'NONE', #1153, #1115, #721 ) ;
#4113 = LINE ( 'NONE', #2432, #181 ) ;
#4114 = CARTESIAN_POINT ( 'NONE',  ( 0.02622731535777480735, 0.01557867000143448033, -0.06524999999999998856 ) ) ;
#4115 = CARTESIAN_POINT ( 'NONE',  ( 0.03095695520193792599, 0.06750000000000001832, -0.04464990085713102519 ) ) ;
#4116 = AXIS2_PLACEMENT_3D ( 'NONE', #2530, #1089, #110 ) ;
#4117 = ORIENTED_EDGE ( 'NONE', *, *, #2364, .T. ) ;
#4118 = DIRECTION ( 'NONE',  ( 0.0000000000000000000, -1.000000000000000000, 0.0000000000000000000 ) ) ;
#4119 = DIRECTION ( 'NONE',  ( 0.06090368020757721407, -0.9981436478469285500, 6.829619984160657060E-16 ) ) ;
#4120 = EDGE_CURVE ( 'NONE', #2675, #2167, #2279, .T. ) ;
#4121 = EDGE_CURVE ( 'NONE', #407, #2120, #400, .T. ) ;
#4122 = CARTESIAN_POINT ( 'NONE',  ( 0.05204439936560547458, 0.02694987849186701243, -0.07150000000000002187 ) ) ;
#4123 = AXIS2_PLACEMENT_3D ( 'NONE', #2427, #3024, #3696 ) ;
#4124 = ADVANCED_FACE ( 'NONE', ( #3639 ), #1467, .F. ) ;
#4125 = CARTESIAN_POINT ( 'NONE',  ( 0.04028033293365546746, 0.04064990085713102164, -0.07150000000000002187 ) ) ;
#4126 = ORIENTED_EDGE ( 'NONE', *, *, #2447, .T. ) ;
#4127 = AXIS2_PLACEMENT_3D ( 'NONE', #1032, #1100, #2136 ) ;
#4128 = VERTEX_POINT ( 'NONE', #1805 ) ;
#4129 =( GEOMETRIC_REPRESENTATION_CONTEXT ( 3 ) GLOBAL_UNCERTAINTY_ASSIGNED_CONTEXT ( ( #2701 ) ) GLOBAL_UNIT_ASSIGNED_CONTEXT ( ( #185, #2184, #525 ) ) REPRESENTATION_CONTEXT ( 'NONE', 'WORKASPACE' ) );
#4130 = CARTESIAN_POINT ( 'NONE',  ( 0.04791966706634485235, 0.04064990085713100776, -8.537024980200822558E-18 ) ) ;
#4131 = CARTESIAN_POINT ( 'NONE',  ( 0.01011966706634483647, 0.04064990085713103551, 0.0000000000000000000 ) ) ;
#4132 = DIRECTION ( 'NONE',  ( -1.000000000000000000, 0.0000000000000000000, 1.365923996832131412E-15 ) ) ;
#4133 = ORIENTED_EDGE ( 'NONE', *, *, #2853, .T. ) ;
#4134 = VERTEX_POINT ( 'NONE', #1938 ) ;
#4135 = CARTESIAN_POINT ( 'NONE',  ( 0.0000000000000000000, 0.0000000000000000000, 0.006250000000000001214 ) ) ;
#4136 = CARTESIAN_POINT ( 'NONE',  ( 0.005377716513479324431, 0.06126155928471369028, -0.04462676086936067515 ) ) ;
#4137 = CARTESIAN_POINT ( 'NONE',  ( 0.05085815408252163800, 0.007508636352437187030, -0.07775000000000001354 ) ) ;
#4138 = CARTESIAN_POINT ( 'NONE',  ( 0.006250000000000000347, 7.654042494670957930E-19, 0.006250000000000001214 ) ) ;
#4139 = PRODUCT_DEFINITION_FORMATION_WITH_SPECIFIED_SOURCE ( 'ANY', '', #4255, .NOT_KNOWN. ) ;
#4140 = ORIENTED_EDGE ( 'NONE', *, *, #2901, .T. ) ;
#4141 = CARTESIAN_POINT ( 'NONE',  ( 0.05451864406779678707, 0.04054993610996308895, -0.04454993610996309250 ) ) ;
#4142 = CARTESIAN_POINT ( 'NONE',  ( 0.03320600156656217800, 0.02733052649316456209, -0.07150000000000002187 ) ) ;
#4143 = EDGE_CURVE ( 'NONE', #2721, #62, #913, .T. ) ;
#4144 = AXIS2_PLACEMENT_3D ( 'NONE', #1917, #3615, #4212 ) ;
#4145 = CARTESIAN_POINT ( 'NONE',  ( 0.07259414832275160046, 0.04138664886599640463, -0.006998328711922275312 ) ) ;
#4146 = ORIENTED_EDGE ( 'NONE', *, *, #2607, .F. ) ;
#4147 = VERTEX_POINT ( 'NONE', #790 ) ;
#4148 = EDGE_CURVE ( 'NONE', #743, #1720, #3416, .T. ) ;
#4149 = CARTESIAN_POINT ( 'NONE',  ( 0.05039999999999992403, 0.0000000000000000000, -0.02699999999999999623 ) ) ;
#4150 = DIRECTION ( 'NONE',  ( -0.06090368020759980711, 0.9981436478469272178, 4.883536246244056482E-16 ) ) ;
#4151 = CARTESIAN_POINT ( 'NONE',  ( 0.03932119496369206046, 0.02618858248927190616, -0.06525000000000000244 ) ) ;
#4152 = DIMENSIONAL_EXPONENTS ( 1.000000000000000000, 0.0000000000000000000, 0.0000000000000000000, 0.0000000000000000000, 0.0000000000000000000, 0.0000000000000000000, 0.0000000000000000000 ) ;
#4153 = ORIENTED_EDGE ( 'NONE', *, *, #676, .T. ) ;
#4154 = CARTESIAN_POINT ( 'NONE',  ( 0.06659768463988152698, 0.05272361310499348863, -0.06526155928471369383 ) ) ;
#4155 = VERTEX_POINT ( 'NONE', #2611 ) ;
#4156 = DIRECTION ( 'NONE',  ( -0.06090368020760787010, -0.9981436478469266627, 1.836970198721029688E-16 ) ) ;
#4157 = DIRECTION ( 'NONE',  ( 0.06067819015337716504, 0.003702398043258134028, 0.9981505144458124867 ) ) ;
#4158 = DIRECTION ( 'NONE',  ( -0.0000000000000000000, -0.0000000000000000000, -1.000000000000000000 ) ) ;
#4159 = VERTEX_POINT ( 'NONE', #532 ) ;
#4160 = DIRECTION ( 'NONE',  ( -0.9981436478469265516, 0.06090368020760864032, 0.0000000000000000000 ) ) ;
#4161 =( NAMED_UNIT ( * ) SI_UNIT ( $, .STERADIAN. ) SOLID_ANGLE_UNIT ( ) );
#4162 = DIRECTION ( 'NONE',  ( -0.06090368020759949486, 0.9981436478469272178, 4.883536246244056482E-16 ) ) ;
#4163 = CARTESIAN_POINT ( 'NONE',  ( 0.04829890575480350751, 0.04067304084490133698, 0.006238440715286333246 ) ) ;
#4164 = ORIENTED_EDGE ( 'NONE', *, *, #3679, .F. ) ;
#4165 = PRESENTATION_STYLE_ASSIGNMENT (( #2790 ) ) ;
#4166 = VERTEX_POINT ( 'NONE', #2810 ) ;
#4167 = CARTESIAN_POINT ( 'NONE',  ( 0.01508033293365545861, 0.04064990085713102164, -0.07150000000000000799 ) ) ;
#4168 = CARTESIAN_POINT ( 'NONE',  ( 0.02983960349571183890, 0.06126155928471369028, -0.05672361310499351300 ) ) ;
#4169 = CARTESIAN_POINT ( 'NONE',  ( 0.02768033293365545350, 0.04064990085713102164, -0.07150000000000000799 ) ) ;
#4170 = EDGE_CURVE ( 'NONE', #3848, #1673, #3489, .T. ) ;
#4171 = AXIS2_PLACEMENT_3D ( 'NONE', #508, #3617, #562 ) ;
#4172 = CIRCLE ( 'NONE', #4031, 0.006249999999999996010 ) ;
#4173 = ORIENTED_EDGE ( 'NONE', *, *, #2940, .F. ) ;
#4174 = CARTESIAN_POINT ( 'NONE',  ( 0.05518588355084647068, 0.06202144728134954821, -0.05596372510835759956 ) ) ;
#4175 = ORIENTED_EDGE ( 'NONE', *, *, #3209, .F. ) ;
#4176 = DIRECTION ( 'NONE',  ( -1.365923996832131412E-15, 0.0000000000000000000, -1.000000000000000000 ) ) ;
#4177 = CARTESIAN_POINT ( 'NONE',  ( 0.06299999999999993106, 6.936332796413168713E-18, -0.02699999999999997888 ) ) ;
#4178 = AXIS2_PLACEMENT_3D ( 'NONE', #4115, #2363, #1036 ) ;
#4179 = CIRCLE ( 'NONE', #950, 0.006250000000000002082 ) ;
#4180 = CARTESIAN_POINT ( 'NONE',  ( 0.03870411095586143158, 0.01481737399883936886, -0.06525000000000000244 ) ) ;
#4181 = CARTESIAN_POINT ( 'NONE',  ( 0.02024656552361696338, 0.07373844071528637412, -0.007442846536554525126 ) ) ;
#4182 = AXIS2_PLACEMENT_3D ( 'NONE', #390, #1453, #133 ) ;
#4183 = CIRCLE ( 'NONE', #2393, 0.006250000000000000347 ) ;
#4184 = ORIENTED_EDGE ( 'NONE', *, *, #1007, .F. ) ;
#4185 = DIRECTION ( 'NONE',  ( -0.06090368020760786316, -0.9981436478469265516, 0.0000000000000000000 ) ) ;
#4186 = DIRECTION ( 'NONE',  ( -1.000000000000000000, 0.0000000000000000000, 6.829619984160657060E-16 ) ) ;
#4187 = CARTESIAN_POINT ( 'NONE',  ( 0.02684439936560545706, 0.02694987849186700549, -0.07150000000000002187 ) ) ;
#4188 = AXIS2_PLACEMENT_3D ( 'NONE', #3328, #2578, #3974 ) ;
#4189 = DIRECTION ( 'NONE',  ( 0.06067819015338262595, 0.003702398043256767933, 0.9981505144458120427 ) ) ;
#4190 = VERTEX_POINT ( 'NONE', #3955 ) ;
#4191 = DIRECTION ( 'NONE',  ( 0.9981436478469271067, 0.06090368020759995282, 0.0000000000000000000 ) ) ;
#4192 = EDGE_LOOP ( 'NONE', ( #2924, #1635, #2847, #1098, #4408, #3243 ) ) ;
#4193 = CARTESIAN_POINT ( 'NONE',  ( 0.04028033293365546746, 0.04064990085713102164, -0.07150000000000002187 ) ) ;
#4194 = AXIS2_PLACEMENT_3D ( 'NONE', #4375, #3703, #262 ) ;
#4195 = FACE_OUTER_BOUND ( 'NONE', #2387, .T. ) ;
#4196 = CARTESIAN_POINT ( 'NONE',  ( 0.04580600156656217115, 0.02733052649316456556, -0.07150000000000000799 ) ) ;
#4197 = EDGE_CURVE ( 'NONE', #773, #2103, #180, .T. ) ;
#4198 = ORIENTED_EDGE ( 'NONE', *, *, #4010, .T. ) ;
#4199 = CARTESIAN_POINT ( 'NONE',  ( 0.02429588904413865907, 0.01481737399883940008, -0.006250000000000019429 ) ) ;
#4200 = ORIENTED_EDGE ( 'NONE', *, *, #4331, .F. ) ;
#4201 = EDGE_CURVE ( 'NONE', #2511, #4056, #2426, .T. ) ;
#4202 = FILL_AREA_STYLE_COLOUR ( '', #3909 ) ;
#4203 = DIRECTION ( 'NONE',  ( 0.0000000000000000000, 1.000000000000000000, 0.0000000000000000000 ) ) ;
#4204 = CARTESIAN_POINT ( 'NONE',  ( 0.05204439936560547458, 0.02694987849186700896, -0.07775000000000001354 ) ) ;
#4205 = DIRECTION ( 'NONE',  ( -0.9981436478469265516, 0.06090368020760861950, 0.0000000000000000000 ) ) ;
#4206 = EDGE_CURVE ( 'NONE', #3751, #3078, #108, .T. ) ;
#4207 = VERTEX_POINT ( 'NONE', #1112 ) ;
#4208 = ADVANCED_FACE ( 'NONE', ( #2484 ), #174, .T. ) ;
#4209 = DIRECTION ( 'NONE',  ( 0.0000000000000000000, 0.0000000000000000000, -1.000000000000000000 ) ) ;
#4210 = FACE_OUTER_BOUND ( 'NONE', #578, .T. ) ;
#4211 = CARTESIAN_POINT ( 'NONE',  ( 0.06014042837788621115, 0.04062676086936065772, -0.006238440715286315899 ) ) ;
#4212 = DIRECTION ( 'NONE',  ( 0.06090368020760179163, -0.9981436478469269957, 6.829619984160657060E-16 ) ) ;
#4213 = ORIENTED_EDGE ( 'NONE', *, *, #3072, .T. ) ;
#4214 = AXIS2_PLACEMENT_3D ( 'NONE', #1439, #2124, #2274 ) ;
#4215 = VERTEX_POINT ( 'NONE', #3411 ) ;
#4216 = DIRECTION ( 'NONE',  ( 0.06090368020759980711, -0.9981436478469272178, -4.883536246244056482E-16 ) ) ;
#4217 = CARTESIAN_POINT ( 'NONE',  ( 0.07395560063439471365, 0.02694987849186702283, 0.006249999999999975193 ) ) ;
#4218 = CARTESIAN_POINT ( 'NONE',  ( 0.03729614759678908514, -0.006999693801638389758, -0.04450000000000000483 ) ) ;
#4219 = EDGE_LOOP ( 'NONE', ( #2487, #2014, #4355, #1113, #1116, #1657 ) ) ;
#4220 = CARTESIAN_POINT ( 'NONE',  ( 0.06763960349571185304, 0.06126155928471367640, -0.05672361310499349218 ) ) ;
#4221 = ORIENTED_EDGE ( 'NONE', *, *, #2551, .F. ) ;
#4222 = EDGE_CURVE ( 'NONE', #3952, #3508, #1412, .T. ) ;
#4223 = LINE ( 'NONE', #2915, #3315 ) ;
#4224 = CARTESIAN_POINT ( 'NONE',  ( 0.008481355932203494402, 0.04054993610996308201, -0.02695006389003692243 ) ) ;
#4225 = EDGE_CURVE ( 'NONE', #1761, #4258, #2993, .T. ) ;
#4226 = VERTEX_POINT ( 'NONE', #1645 ) ;
#4227 = CARTESIAN_POINT ( 'NONE',  ( 0.04994184591747839741, 0.007508636352437196571, 0.006249999999999965652 ) ) ;
#4228 = DIRECTION ( 'NONE',  ( -0.06090368020760870277, -0.9981436478469265516, -0.0000000000000000000 ) ) ;
#4229 = CYLINDRICAL_SURFACE ( 'NONE', #3958, 0.006250000000000002082 ) ;
#4230 =( BOUNDED_SURFACE ( )  B_SPLINE_SURFACE ( 3, 3, ( 
 ( #4442, #265, #643, #4093 ),
 ( #3706, #2697, #3388, #1648 ),
 ( #1324, #2413, #2025, #3057 ),
 ( #3748, #1347, #4378, #3346 ) ),
 .UNSPECIFIED., .F., .F., .F. ) 
 B_SPLINE_SURFACE_WITH_KNOTS ( ( 4, 4 ),
 ( 4, 4 ),
 ( 0.0000000000000000000, 1.000000000000000000 ),
 ( 0.0000000000000000000, 1.000000000000000000 ),
 .UNSPECIFIED. ) 
 GEOMETRIC_REPRESENTATION_ITEM ( )  RATIONAL_B_SPLINE_SURFACE ( (
 ( 1.000000000000000000, 0.8047378541243649375, 0.8047378541243649375, 1.000000000000000000),
 ( 0.3333333333333324822, 0.2682459513747876279, 0.2682459513747876279, 0.3333333333333324822),
 ( 0.3333333333333324822, 0.2682459513747876279, 0.2682459513747876279, 0.3333333333333324822),
 ( 1.000000000000000000, 0.8047378541243649375, 0.8047378541243649375, 1.000000000000000000) ) ) 
 REPRESENTATION_ITEM ( '' )  SURFACE ( )  );
#4231 = VERTEX_POINT ( 'NONE', #2695 ) ;
#4232 = CARTESIAN_POINT ( 'NONE',  ( 0.06946380610960399549, 0.07373844071528634636, -0.02682695915509865706 ) ) ;
#4233 = ORIENTED_EDGE ( 'NONE', *, *, #2504, .F. ) ;
#4234 = DIRECTION ( 'NONE',  ( -0.06090368020760870277, -0.9981436478469265516, -0.0000000000000000000 ) ) ;
#4235 = CARTESIAN_POINT ( 'NONE',  ( 0.01797771651347932625, 0.06126155928471369722, -0.04462676086936068903 ) ) ;
#4236 = UNCERTAINTY_MEASURE_WITH_UNIT (LENGTH_MEASURE( 1.000000000000000082E-05 ), #2594, 'distance_accuracy_value', 'NONE');
#4237 = CARTESIAN_POINT ( 'NONE',  ( 0.03615560063439473421, 0.02694987849186704018, 0.006249999999999983867 ) ) ;
#4238 = ORIENTED_EDGE ( 'NONE', *, *, #985, .T. ) ;
#4239 = DIRECTION ( 'NONE',  ( 0.06090368020760870277, 0.9981436478469264406, 0.0000000000000000000 ) ) ;
#4240 = VERTEX_POINT ( 'NONE', #3361 ) ;
#4241 = FACE_OUTER_BOUND ( 'NONE', #613, .T. ) ;
#4242 = AXIS2_PLACEMENT_3D ( 'NONE', #949, #267, #4381 ) ;
#4243 = CARTESIAN_POINT ( 'NONE',  ( 0.07755481419006220178, 0.03991315284826552762, -0.07849832871192223560 ) ) ;
#4244 = ORIENTED_EDGE ( 'NONE', *, *, #1669, .T. ) ;
#4245 = AXIS2_PLACEMENT_3D ( 'NONE', #2673, #2653, #4050 ) ;
#4246 = CARTESIAN_POINT ( 'NONE',  ( -0.009594148322751270413, 0.04138664886599652259, -0.06450167128807778039 ) ) ;
#4247 = AXIS2_PLACEMENT_3D ( 'NONE', #2341, #2321, #3008 ) ;
#4248 = CARTESIAN_POINT ( 'NONE',  ( 0.04332399656861396497, 0.06202144728134956903, -0.04386687287272476865 ) ) ;
#4249 = CARTESIAN_POINT ( 'NONE',  ( 0.07395560063439472753, 0.02694987849186702283, -0.02699999999999999969 ) ) ;
#4250 =( GEOMETRIC_REPRESENTATION_CONTEXT ( 3 ) GLOBAL_UNCERTAINTY_ASSIGNED_CONTEXT ( ( #1544 ) ) GLOBAL_UNIT_ASSIGNED_CONTEXT ( ( #1667, #1328, #4427 ) ) REPRESENTATION_CONTEXT ( 'NONE', 'WORKASPACE' ) );
#4251 = EDGE_CURVE ( 'NONE', #62, #2016, #1636, .T. ) ;
#4252 = AXIS2_PLACEMENT_3D ( 'NONE', #3309, #3650, #2242 ) ;
#4253 = FACE_OUTER_BOUND ( 'NONE', #1870, .T. ) ;
#4254 = CARTESIAN_POINT ( 'NONE',  ( 0.07200231536011887645, 0.05272361310499348863, -0.006238440715286343655 ) ) ;
#4255 = PRODUCT ( 'B05A4DEE-D817-47BD-850A-0E00422F99F7', 'B05A4DEE-D817-47BD-850A-0E00422F99F7', '', ( #3083 ) ) ;
#4256 = CIRCLE ( 'NONE', #154, 0.006250000000000000347 ) ;
#4257 = EDGE_CURVE ( 'NONE', #1892, #2396, #2210, .T. ) ;
#4258 = VERTEX_POINT ( 'NONE', #327 ) ;
#4259 = CARTESIAN_POINT ( 'NONE',  ( 0.01944304479806252192, 0.06750000000000001832, -0.02685009914286900709 ) ) ;
#4260 = CARTESIAN_POINT ( 'NONE',  ( 4.802076551362962766E-17, -8.537024980200822558E-18, -0.04450000000000000483 ) ) ;
#4261 = CARTESIAN_POINT ( 'NONE',  ( 0.03320600156656217800, 0.02733052649316456209, -0.07150000000000002187 ) ) ;
#4262 = AXIS2_PLACEMENT_3D ( 'NONE', #3863, #1107, #421 ) ;
#4263 = ORIENTED_EDGE ( 'NONE', *, *, #1818, .F. ) ;
#4264 = CIRCLE ( 'NONE', #160, 0.02074999999999999414 ) ;
#4265 = FACE_OUTER_BOUND ( 'NONE', #2455, .T. ) ;
#4266 = ORIENTED_EDGE ( 'NONE', *, *, #1367, .F. ) ;
#4267 = DIRECTION ( 'NONE',  ( 0.06090368020761618290, 0.0000000000000000000, 0.9981436478469261075 ) ) ;
#4268 = CIRCLE ( 'NONE', #1981, 0.006250000000000004684 ) ;
#4269 = DIRECTION ( 'NONE',  ( 0.0000000000000000000, 0.0000000000000000000, -1.000000000000000000 ) ) ;
#4270 = ORIENTED_EDGE ( 'NONE', *, *, #2929, .F. ) ;
#4271 = DIRECTION ( 'NONE',  ( 0.9962975955892292568, -0.06079103973086836393, -0.06079103973087373464 ) ) ;
#4272 = CARTESIAN_POINT ( 'NONE',  ( 0.01412119496369204641, 0.02618858248927192003, -0.07775000000000004130 ) ) ;
#4273 = FACE_OUTER_BOUND ( 'NONE', #2294, .T. ) ;
#4274 = DIRECTION ( 'NONE',  ( -2.439149994343090680E-16, 1.905585933080539594E-18, -1.000000000000000000 ) ) ;
#4275 = DIRECTION ( 'NONE',  ( -1.000000000000000000, 1.776356839400250859E-15, 0.0000000000000000000 ) ) ;
#4276 = EDGE_CURVE ( 'NONE', #2644, #979, #1922, .T. ) ;
#4277 = EDGE_CURVE ( 'NONE', #3071, #1754, #2349, .T. ) ;
#4278 = ORIENTED_EDGE ( 'NONE', *, *, #424, .F. ) ;
#4279 = DIRECTION ( 'NONE',  ( 0.06090368020759980711, -0.9981436478469272178, -4.883536246244056482E-16 ) ) ;
#4280 = CARTESIAN_POINT ( 'NONE',  ( 0.01470109424519682080, 0.04067304084490137861, -0.07773844071528634991 ) ) ;
#4281 = CARTESIAN_POINT ( 'NONE',  ( 0.02355560063439472024, 0.02694987849186702977, -2.377694848001244674E-17 ) ) ;
#4282 = AXIS2_PLACEMENT_3D ( 'NONE', #2146, #2166, #1212 ) ;
#4283 = ADVANCED_FACE ( 'NONE', ( #989 ), #606, .T. ) ;
#4284 = AXIS2_PLACEMENT_3D ( 'NONE', #2091, #1776, #72 ) ;
#4285 = ORIENTED_EDGE ( 'NONE', *, *, #2992, .T. ) ;
#4286 = CARTESIAN_POINT ( 'NONE',  ( 0.04502228348652106277, 0.06126155928471369028, -0.02687323913063935366 ) ) ;
#4287 = VERTEX_POINT ( 'NONE', #1280 ) ;
#4288 = DIRECTION ( 'NONE',  ( 0.9981436478469271067, 0.06090368020759995282, 0.0000000000000000000 ) ) ;
#4289 = DIRECTION ( 'NONE',  ( 0.06090368020760007772, -0.9981436478469269957, 6.829619984160656074E-16 ) ) ;
#4290 = DIRECTION ( 'NONE',  ( -9.756599977372362721E-16, 1.905585933080539594E-18, -1.000000000000000000 ) ) ;
#4291 = EDGE_LOOP ( 'NONE', ( #552, #3500, #2576, #492, #3193, #2493 ) ) ;
#4292 = CARTESIAN_POINT ( 'NONE',  ( 0.06299999999999993106, 0.0000000000000000000, -0.02699999999999998582 ) ) ;
#4293 = CARTESIAN_POINT ( 'NONE',  ( 0.03830385240321102641, 0.006999693801638381084, -0.05665506858075827767 ) ) ;
#4294 = CYLINDRICAL_SURFACE ( 'NONE', #3739, 0.006250000000000001214 ) ;
#4295 =( BOUNDED_SURFACE ( )  B_SPLINE_SURFACE ( 3, 3, ( 
 ( #2895, #3954, #2564, #504 ),
 ( #486, #855, #531, #874 ),
 ( #3276, #2855, #3883, #1488 ),
 ( #811, #4227, #2189, #465 ) ),
 .UNSPECIFIED., .F., .F., .F. ) 
 B_SPLINE_SURFACE_WITH_KNOTS ( ( 4, 4 ),
 ( 4, 4 ),
 ( 0.0000000000000000000, 1.000000000000000000 ),
 ( 0.0000000000000000000, 1.000000000000000000 ),
 .UNSPECIFIED. ) 
 GEOMETRIC_REPRESENTATION_ITEM ( )  RATIONAL_B_SPLINE_SURFACE ( (
 ( 1.000000000000000000, 0.8047378541243651595, 0.8047378541243651595, 1.000000000000000000),
 ( 0.3333333333333327597, 0.2682459513747879054, 0.2682459513747879054, 0.3333333333333327597),
 ( 0.3333333333333327597, 0.2682459513747879054, 0.2682459513747879054, 0.3333333333333327597),
 ( 1.000000000000000000, 0.8047378541243651595, 0.8047378541243651595, 1.000000000000000000) ) ) 
 REPRESENTATION_ITEM ( '' )  SURFACE ( )  );
#4296 = CARTESIAN_POINT ( 'NONE',  ( 0.01259999999999992203, -5.335640612625514099E-19, -0.02699999999999997888 ) ) ;
#4297 = EDGE_LOOP ( 'NONE', ( #3058, #1997 ) ) ;
#4298 = DIRECTION ( 'NONE',  ( -0.06090368020759949486, 0.9981436478469272178, 4.883536246244056482E-16 ) ) ;
#4299 = ORIENTED_EDGE ( 'NONE', *, *, #152, .T. ) ;
#4300 = CARTESIAN_POINT ( 'NONE',  ( 0.04229332344057720044, 0.06050167128807786704, -0.05748350110162941951 ) ) ;
#4301 = ORIENTED_EDGE ( 'NONE', *, *, #89, .T. ) ;
#4302 = DIRECTION ( 'NONE',  ( 0.0000000000000000000, 0.0000000000000000000, -1.000000000000000000 ) ) ;
#4303 = CARTESIAN_POINT ( 'NONE',  ( 0.02768033293365545350, 0.04064990085713102164, -0.07150000000000000799 ) ) ;
#4304 = EDGE_CURVE ( 'NONE', #311, #356, #1703, .T. ) ;
#4305 = ADVANCED_FACE ( 'NONE', ( #263 ), #2914, .T. ) ;
#4306 = DIRECTION ( 'NONE',  ( -0.06090368020761460777, -2.823262457152253546E-16, -0.9981436478469262186 ) ) ;
#4307 = DIRECTION ( 'NONE',  ( 0.9981436478469271067, 0.06090368020759977241, 0.0000000000000000000 ) ) ;
#4308 = CARTESIAN_POINT ( 'NONE',  ( 0.01362731535777481073, 0.01557867000143447686, -0.06524999999999998856 ) ) ;
#4309 = ORIENTED_EDGE ( 'NONE', *, *, #2143, .T. ) ;
#4310 = CARTESIAN_POINT ( 'NONE',  ( 0.03531966706634483838, 0.04064990085713104245, -8.537024980200822558E-18 ) ) ;
#4311 = CARTESIAN_POINT ( 'NONE',  ( 0.03882731535777485948, 0.01557867000143447513, -0.06525000000000001632 ) ) ;
#4312 = CARTESIAN_POINT ( 'NONE',  ( 0.03818064800129760544, 0.006238397799043281754, -0.04450000000000001177 ) ) ;
#4313 = CARTESIAN_POINT ( 'NONE',  ( 0.005756955201937926682, 0.06750000000000001832, -0.04464990085713103907 ) ) ;
#4314 = APPLICATION_CONTEXT ( 'automotive_design' ) ;
#4315 = CIRCLE ( 'NONE', #2804, 0.006250000000000001214 ) ;
#4316 = CARTESIAN_POINT ( 'NONE',  ( 0.02191614634079076113, 0.06005715346344556171, 0.006238440715286295950 ) ) ;
#4317 = AXIS2_PLACEMENT_3D ( 'NONE', #330, #1710, #2714 ) ;
#4318 = CARTESIAN_POINT ( 'NONE',  ( 0.06209588904413867322, 0.01481737399883939661, -0.006250000000000014225 ) ) ;
#4319 = CIRCLE ( 'NONE', #653, 0.006250000000000001214 ) ;
#4320 = CARTESIAN_POINT ( 'NONE',  ( 0.02041411644915396006, 0.06202144728134947188, -0.01553627489164248129 ) ) ;
#4321 = CIRCLE ( 'NONE', #3107, 0.006250000000000002949 ) ;
#4322 = CARTESIAN_POINT ( 'NONE',  ( 0.05701008616473866863, 0.07297855271865057170, -0.02606707115846271586 ) ) ;
#4323 = AXIS2_PLACEMENT_3D ( 'NONE', #776, #2861, #88 ) ;
#4324 = VERTEX_POINT ( 'NONE', #8 ) ;
#4325 = DIRECTION ( 'NONE',  ( -0.0000000000000000000, -0.0000000000000000000, -1.000000000000000000 ) ) ;
#4326 = ORIENTED_EDGE ( 'NONE', *, *, #2575, .T. ) ;
#4327 = AXIS2_PLACEMENT_3D ( 'NONE', #3070, #361, #659 ) ;
#4328 = CARTESIAN_POINT ( 'NONE',  ( 0.07311966706634487334, 0.04064990085713104245, 0.0000000000000000000 ) ) ;
#4329 = DIRECTION ( 'NONE',  ( -0.06090368020759989731, 0.9981436478469272178, 0.0000000000000000000 ) ) ;
#4330 = CARTESIAN_POINT ( 'NONE',  ( 0.03818064800129760544, 0.006238397799043278284, -0.05665506858075829155 ) ) ;
#4331 = EDGE_CURVE ( 'NONE', #2159, #325, #983, .T. ) ;
#4332 = CIRCLE ( 'NONE', #3686, 0.03325000000000000178 ) ;
#4333 = EDGE_CURVE ( 'NONE', #182, #4287, #403, .T. ) ;
#4334 = DIRECTION ( 'NONE',  ( -1.000000000000000000, 0.0000000000000000000, 0.0000000000000000000 ) ) ;
#4335 = ORIENTED_EDGE ( 'NONE', *, *, #1152, .F. ) ;
#4336 = CARTESIAN_POINT ( 'NONE',  ( 0.03144999999999992940, 1.572187184173298833E-17, -0.02699999999999999276 ) ) ;
#4337 = DIRECTION ( 'NONE',  ( 0.9981436478469271067, 0.06090368020759995282, 0.0000000000000000000 ) ) ;
#4338 = AXIS2_PLACEMENT_3D ( 'NONE', #2069, #4156, #4176 ) ;
#4339 = CARTESIAN_POINT ( 'NONE',  ( 0.05399768463988154077, 0.05272361310499346781, -0.06526155928471367995 ) ) ;
#4340 = CARTESIAN_POINT ( 'NONE',  ( 0.02519999999999992385, 1.707404996040164512E-17, -0.02699999999999999276 ) ) ;
#4341 = EDGE_CURVE ( 'NONE', #935, #2573, #4113, .T. ) ;
#4342 = EDGE_CURVE ( 'NONE', #1583, #1892, #3791, .T. ) ;
#4343 = CARTESIAN_POINT ( 'NONE',  ( 0.02309890575480349345, 0.04067304084490140637, 0.006238440715286315899 ) ) ;
#4344 = CARTESIAN_POINT ( 'NONE',  ( 0.01095560063439472015, 0.02694987849186704018, 0.006249999999999983867 ) ) ;
#4345 = CARTESIAN_POINT ( 'NONE',  ( 0.06934999999999992559, 2.240969057302715998E-17, -0.02700000000000000316 ) ) ;
#4346 = DIRECTION ( 'NONE',  ( -0.06090368020761460777, -2.823262457152253546E-16, -0.9981436478469262186 ) ) ;
#4347 = EDGE_LOOP ( 'NONE', ( #3440, #3208, #3713, #4, #3103 ) ) ;
#4348 = CARTESIAN_POINT ( 'NONE',  ( 0.02558064800129742841, -0.006238397799043273080, -0.02699999999999999969 ) ) ;
#4349 = VERTEX_POINT ( 'NONE', #2781 ) ;
#4350 = AXIS2_PLACEMENT_3D ( 'NONE', #1269, #911, #2977 ) ;
#4351 = CARTESIAN_POINT ( 'NONE',  ( 0.01944304479806252192, 0.06750000000000001832, -0.02685009914286900709 ) ) ;
#4352 = CARTESIAN_POINT ( 'NONE',  ( 0.03615560063439472727, 0.02694987849186702977, -0.006250000000000017694 ) ) ;
#4353 = CARTESIAN_POINT ( 'NONE',  ( 0.03944439936560546756, 0.02694987849186700549, -0.07775000000000001354 ) ) ;
#4354 = AXIS2_PLACEMENT_3D ( 'NONE', #1238, #1132, #1259 ) ;
#4355 = ORIENTED_EDGE ( 'NONE', *, *, #98, .F. ) ;
#4356 = CARTESIAN_POINT ( 'NONE',  ( 0.02481935199870250602, -0.006238397799043293029, -0.04450000000000000483 ) ) ;
#4357 = ORIENTED_EDGE ( 'NONE', *, *, #210, .F. ) ;
#4358 = CARTESIAN_POINT ( 'NONE',  ( 0.07501864151556499050, 0.008269932355032202226, 0.006249999999999992541 ) ) ;
#4359 = EDGE_CURVE ( 'NONE', #2135, #4240, #4074, .T. ) ;
#4360 = CARTESIAN_POINT ( 'NONE',  ( 0.04739414832275158640, 0.04138664886599644627, -0.006998328711922275312 ) ) ;
#4361 = DIRECTION ( 'NONE',  ( -1.000000000000000000, 0.0000000000000000000, 1.365923996832131412E-15 ) ) ;
#4362 = EDGE_CURVE ( 'NONE', #621, #2721, #904, .T. ) ;
#4363 = DIRECTION ( 'NONE',  ( -8.963876229210874347E-16, 0.0000000000000000000, -1.000000000000000000 ) ) ;
#4364 = DIRECTION ( 'NONE',  ( 0.06090368020760007772, -0.9981436478469269957, 6.829619984160656074E-16 ) ) ;
#4365 = EDGE_CURVE ( 'NONE', #2376, #391, #250, .T. ) ;
#4366 =( LENGTH_UNIT ( ) NAMED_UNIT ( * ) SI_UNIT ( $, .METRE. ) );
#4367 = VERTEX_POINT ( 'NONE', #1033 ) ;
#4368 = ORIENTED_EDGE ( 'NONE', *, *, #2065, .F. ) ;
#4369 = CARTESIAN_POINT ( 'NONE',  ( 0.02481935199870242276, 0.006238397799043316448, -0.01484493141924173726 ) ) ;
#4370 = ORIENTED_EDGE ( 'NONE', *, *, #1511, .F. ) ;
#4371 = CARTESIAN_POINT ( 'NONE',  ( 0.01259999999999991682, -5.002163074336419227E-19, -0.04450000000000001177 ) ) ;
#4372 = APPLICATION_CONTEXT ( 'automotive_design' ) ;
#4373 = DIRECTION ( 'NONE',  ( 0.9981436478469271067, 0.06090368020760045936, 0.0000000000000000000 ) ) ;
#4374 = EDGE_LOOP ( 'NONE', ( #4086, #140, #2975, #409, #2106, #4370 ) ) ;
#4375 = CARTESIAN_POINT ( 'NONE',  ( 0.04355695520193793302, 0.06750000000000001832, -0.04464990085713104601 ) ) ;
#4376 = DIRECTION ( 'NONE',  ( -7.458549702254098961E-18, -1.222373423425001738E-16, -1.000000000000000000 ) ) ;
#4377 = DIRECTION ( 'NONE',  ( 0.9981436478469266627, -0.06090368020760787010, 0.0000000000000000000 ) ) ;
#4378 = CARTESIAN_POINT ( 'NONE',  ( 0.06345815408252165890, 0.007508636352437174886, -0.07775000000000002742 ) ) ;
#4379 = ORIENTED_EDGE ( 'NONE', *, *, #317, .T. ) ;
#4380 = FILL_AREA_STYLE ('',( #2366 ) ) ;
#4381 = DIRECTION ( 'NONE',  ( 0.9981436478469261075, 1.365923996832132398E-15, -0.06090368020761618983 ) ) ;
#4382 = CIRCLE ( 'NONE', #796, 0.006250000000000000347 ) ;
#4383 = EDGE_CURVE ( 'NONE', #1302, #427, #2420, .T. ) ;
#4384 = ADVANCED_FACE ( 'NONE', ( #2410 ), #2474, .T. ) ;
#4385 = VECTOR ( 'NONE', #4158, 39.37007874015748143 ) ;
#4386 = AXIS2_PLACEMENT_3D ( 'NONE', #583, #3724, #2713 ) ;
#4387 = ORIENTED_EDGE ( 'NONE', *, *, #2557, .F. ) ;
#4388 = PRESENTATION_LAYER_ASSIGNMENT (  '', '', ( #3733 ) ) ;
#4389 = FILL_AREA_STYLE ('',( #1022 ) ) ;
#4390 = ORIENTED_EDGE ( 'NONE', *, *, #2656, .T. ) ;
#4391 = CARTESIAN_POINT ( 'NONE',  ( 0.02908126926730155229, 0.04026925285583352748, 7.654042494670968523E-19 ) ) ;
#4392 = ORIENTED_EDGE ( 'NONE', *, *, #3068, .T. ) ;
#4393 = LINE ( 'NONE', #3785, #3542 ) ;
#4394 = CARTESIAN_POINT ( 'NONE',  ( 0.04989614759678905748, -0.006999693801638401033, -0.06397739905109461889 ) ) ;
#4395 = ORIENTED_EDGE ( 'NONE', *, *, #227, .T. ) ;
#4396 = CARTESIAN_POINT ( 'NONE',  ( 0.01298064800129759486, 0.006238397799043278284, -0.05665506858075829155 ) ) ;
#4397 = DIRECTION ( 'NONE',  ( -0.06090368020760787010, -0.9981436478469266627, 1.836970198721029688E-16 ) ) ;
#4398 = CARTESIAN_POINT ( 'NONE',  ( 0.06390411095586143175, 0.01481737399883936886, -0.06525000000000000244 ) ) ;
#4399 = AXIS2_PLACEMENT_3D ( 'NONE', #1060, #3148, #3843 ) ;
#4400 = CARTESIAN_POINT ( 'NONE',  ( 0.002480332933655458958, 0.04064990085713102164, -0.07150000000000000799 ) ) ;
#4401 = ORIENTED_EDGE ( 'NONE', *, *, #3076, .F. ) ;
#4402 =( LENGTH_UNIT ( ) NAMED_UNIT ( * ) SI_UNIT ( $, .METRE. ) );
#4403 =( LENGTH_UNIT ( ) NAMED_UNIT ( * ) SI_UNIT ( $, .METRE. ) );
#4404 = AXIS2_PLACEMENT_3D ( 'NONE', #3996, #2688, #1337 ) ;
#4405 = CARTESIAN_POINT ( 'NONE',  ( 0.005756955201937926682, 0.06750000000000001832, -0.04464990085713103907 ) ) ;
#4406 = EDGE_CURVE ( 'NONE', #4287, #664, #3919, .T. ) ;
#4407 = UNCERTAINTY_MEASURE_WITH_UNIT (LENGTH_MEASURE( 1.000000000000000082E-05 ), #1082, 'distance_accuracy_value', 'NONE');
#4408 = ORIENTED_EDGE ( 'NONE', *, *, #3866, .F. ) ;
#4409 = ADVANCED_FACE ( 'NONE', ( #2800 ), #2757, .T. ) ;
#4410 = VERTEX_POINT ( 'NONE', #29 ) ;
#4411 = CARTESIAN_POINT ( 'NONE',  ( -0.004593998433437830944, 0.02733052649316457250, -0.07150000000000000799 ) ) ;
#4412 = ORIENTED_EDGE ( 'NONE', *, *, #1037, .T. ) ;
#4413 = CARTESIAN_POINT ( 'NONE',  ( 0.01214184591747839367, 0.007508636352437217387, 0.006249999999999992541 ) ) ;
#4414 = CARTESIAN_POINT ( 'NONE',  ( 0.02481935199870250255, -0.006238397799043293897, -0.04450000000000001177 ) ) ;
#4415 = CARTESIAN_POINT ( 'NONE',  ( 0.07499535300098122970, 0.06750000000000000444, -0.04503054885842861649 ) ) ;
#4416 = EDGE_CURVE ( 'NONE', #3300, #2066, #761, .T. ) ;
#4417 = CIRCLE ( 'NONE', #2699, 0.006250000000000001214 ) ;
#4418 = CARTESIAN_POINT ( 'NONE',  ( 0.06913619389039654672, 0.07373844071528634636, -0.04467304084490140992 ) ) ;
#4419 = VERTEX_POINT ( 'NONE', #1410 ) ;
#4420 = CARTESIAN_POINT ( 'NONE',  ( 0.01221935199870249726, -0.006238397799043300836, -0.04450000000000000483 ) ) ;
#4421 = CARTESIAN_POINT ( 'NONE',  ( 0.01709332344057719680, 0.06050167128807783234, -0.05748350110162941951 ) ) ;
#4422 = CARTESIAN_POINT ( 'NONE',  ( 0.06464439936560546773, 0.02694987849186701589, -0.04450000000000001177 ) ) ;
#4423 = VECTOR ( 'NONE', #1610, 39.37007874015748143 ) ;
#4424 = CARTESIAN_POINT ( 'NONE',  ( 0.0000000000000000000, 0.0000000000000000000, 0.006250000000000001214 ) ) ;
#4425 = ORIENTED_EDGE ( 'NONE', *, *, #3584, .F. ) ;
#4426 = AXIS2_PLACEMENT_3D ( 'NONE', #3722, #4376, #3075 ) ;
#4427 =( NAMED_UNIT ( * ) SI_UNIT ( $, .STERADIAN. ) SOLID_ANGLE_UNIT ( ) );
#4428 = DIRECTION ( 'NONE',  ( 0.9981436478469271067, 0.06090368020759904383, 0.0000000000000000000 ) ) ;
#4429 = VERTEX_POINT ( 'NONE', #1388 ) ;
#4430 =( BOUNDED_SURFACE ( )  B_SPLINE_SURFACE ( 3, 3, ( 
 ( #1680, #2626, #256, #2290 ),
 ( #206, #234, #3023, #2663 ),
 ( #3311, #4018, #1253, #3676 ),
 ( #1952, #4413, #2961, #1274 ) ),
 .UNSPECIFIED., .F., .F., .F. ) 
 B_SPLINE_SURFACE_WITH_KNOTS ( ( 4, 4 ),
 ( 4, 4 ),
 ( 0.0000000000000000000, 1.000000000000000000 ),
 ( 0.0000000000000000000, 1.000000000000000000 ),
 .UNSPECIFIED. ) 
 GEOMETRIC_REPRESENTATION_ITEM ( )  RATIONAL_B_SPLINE_SURFACE ( (
 ( 1.000000000000000000, 0.8047378541243649375, 0.8047378541243649375, 1.000000000000000000),
 ( 0.3333333333333333703, 0.2682459513747883495, 0.2682459513747883495, 0.3333333333333333703),
 ( 0.3333333333333333703, 0.2682459513747883495, 0.2682459513747883495, 0.3333333333333333703),
 ( 1.000000000000000000, 0.8047378541243649375, 0.8047378541243649375, 1.000000000000000000) ) ) 
 REPRESENTATION_ITEM ( '' )  SURFACE ( )  );
#4431 = SURFACE_STYLE_USAGE ( .BOTH. , #3712 ) ;
#4432 = VERTEX_POINT ( 'NONE', #4136 ) ;
#4433 = CARTESIAN_POINT ( 'NONE',  ( 0.06585957162211410199, 0.04062676086936067854, -0.06526155928471367995 ) ) ;
#4434 = DIRECTION ( 'NONE',  ( 9.756599977372362721E-16, -1.905585933080539594E-18, 1.000000000000000000 ) ) ;
#4435 = FACE_OUTER_BOUND ( 'NONE', #2984, .T. ) ;
#4436 = ORIENTED_EDGE ( 'NONE', *, *, #4087, .F. ) ;
#4437 = CARTESIAN_POINT ( 'NONE',  ( 0.03029971453151819594, 0.07449832871192223205, -0.06329726546680962407 ) ) ;
#4438 = ORIENTED_EDGE ( 'NONE', *, *, #1263, .T. ) ;
#4439 = CARTESIAN_POINT ( 'NONE',  ( 0.03944439936560546756, 0.02694987849186700896, -0.07150000000000002187 ) ) ;
#4440 = CARTESIAN_POINT ( 'NONE',  ( 0.04191864406779678004, 0.04054993610996308895, -0.04454993610996309250 ) ) ;
#4441 = CARTESIAN_POINT ( 'NONE',  ( 0.03825815408252163097, 0.007508636352437183560, -0.07775000000000001354 ) ) ;
#4442 = CARTESIAN_POINT ( 'NONE',  ( 0.06338064800129761256, 0.006238397799043285223, -0.04450000000000000483 ) ) ;
#4443 = ORIENTED_EDGE ( 'NONE', *, *, #1358, .F. ) ;
#4444 = FACE_OUTER_BOUND ( 'NONE', #4347, .T. ) ;
#4445 = CARTESIAN_POINT ( 'NONE',  ( 0.01298064800129760006, 0.006238397799043284356, -0.04450000000000001177 ) ) ;
#4446 = ORIENTED_EDGE ( 'NONE', *, *, #4201, .T. ) ;
#4447 = AXIS2_PLACEMENT_3D ( 'NONE', #4122, #1015, #4097 ) ;
#4448 = ORIENTED_EDGE ( 'NONE', *, *, #2994, .T. ) ;
#4449 = CIRCLE ( 'NONE', #2731, 0.02074999999999999414 ) ;
#4450 = CARTESIAN_POINT ( 'NONE',  ( 0.02481935199870242276, 0.006238397799043316448, -0.02699999999999999969 ) ) ;
#4451 = CARTESIAN_POINT ( 'NONE',  ( 0.03779999999999992394, -3.468166398206584357E-18, -0.02699999999999997888 ) ) ;
#4452 = DIRECTION ( 'NONE',  ( 0.9981436478469261075, 0.0000000000000000000, -0.06090368020761610657 ) ) ;
#4453 =( GEOMETRIC_REPRESENTATION_CONTEXT ( 3 ) GLOBAL_UNCERTAINTY_ASSIGNED_CONTEXT ( ( #3647 ) ) GLOBAL_UNIT_ASSIGNED_CONTEXT ( ( #3788, #3742, #663 ) ) REPRESENTATION_CONTEXT ( 'NONE', 'WORKASPACE' ) );
ENDSEC;
END-ISO-10303-21;
