ISO-10303-21;
HEADER;
FILE_DESCRIPTION (( 'STEP AP214' ),
    '1' );
FILE_NAME ('SMA adapter male-male.STEP',
    '2025-05-29T07:38:40',
    ( '' ),
    ( '' ),
    'SwSTEP 2.0',
    'SolidWorks 2022',
    '' );
FILE_SCHEMA (( 'AUTOMOTIVE_DESIGN' ));
ENDSEC;

DATA;
#1 =( NAMED_UNIT ( * ) SI_UNIT ( $, .STERADIAN. ) SOLID_ANGLE_UNIT ( ) );
#2 = EDGE_CURVE ( 'NONE', #316, #395, #680, .T. ) ;
#3 = FACE_OUTER_BOUND ( 'NONE', #1577, .T. ) ;
#4 = VERTEX_POINT ( 'NONE', #1304 ) ;
#5 = B_SPLINE_CURVE_WITH_KNOTS ( 'NONE', 3,
 ( #1884, #2241, #1366, #495, #1538 ),
 .UNSPECIFIED., .F., .F.,
 ( 4, 1, 4 ),
 ( 2.309401076754191683E-07, 0.002309632016866181459, 0.004619033093624686816 ),
 .UNSPECIFIED. ) ;
#6 = PRESENTATION_STYLE_ASSIGNMENT (( #1618 ) ) ;
#7 = DIRECTION ( 'NONE',  ( 0.000000000000000000, 0.000000000000000000, 1.000000000000000000 ) ) ;
#8 = CARTESIAN_POINT ( 'NONE',  ( -14.52472286290786485, 0.000000000000000000, 0.4499999999999999556 ) ) ;
#9 = ORIENTED_EDGE ( 'NONE', *, *, #1544, .T. ) ;
#10 = CYLINDRICAL_SURFACE ( 'NONE', #1634, 2.750000000000000000 ) ;
#11 = ORIENTED_EDGE ( 'NONE', *, *, #2252, .F. ) ;
#12 = EDGE_CURVE ( 'NONE', #1984, #1769, #2071, .T. ) ;
#13 = CARTESIAN_POINT ( 'NONE',  ( 6.799999999999998934, 0.000000000000000000, 0.000000000000000000 ) ) ;
#14 = CARTESIAN_POINT ( 'NONE',  ( 7.499999999999998224, 0.000000000000000000, 0.000000000000000000 ) ) ;
#15 = STYLED_ITEM ( 'NONE', ( #1418 ), #1561 ) ;
#16 = MECHANICAL_DESIGN_GEOMETRIC_PRESENTATION_REPRESENTATION (  '', ( #1581 ), #1482 ) ;
#17 = MECHANICAL_DESIGN_GEOMETRIC_PRESENTATION_REPRESENTATION (  '', ( #283 ), #1113 ) ;
#18 = PLANE ( 'NONE',  #432 ) ;
#19 = STYLED_ITEM ( 'NONE', ( #519 ), #1099 ) ;
#20 = STYLED_ITEM ( 'NONE', ( #840 ), #428 ) ;
#21 = ORIENTED_EDGE ( 'NONE', *, *, #372, .T. ) ;
#22 = STYLED_ITEM ( 'NONE', ( #2188 ), #2111 ) ;
#23 =( GEOMETRIC_REPRESENTATION_CONTEXT ( 3 ) GLOBAL_UNCERTAINTY_ASSIGNED_CONTEXT ( ( #829 ) ) GLOBAL_UNIT_ASSIGNED_CONTEXT ( ( #1011, #500, #1726 ) ) REPRESENTATION_CONTEXT ( 'NONE', 'WORKASPACE' ) );
#24 = DIRECTION ( 'NONE',  ( -0.000000000000000000, 1.000000000000000000, 0.000000000000000000 ) ) ;
#25 =( NAMED_UNIT ( * ) SI_UNIT ( $, .STERADIAN. ) SOLID_ANGLE_UNIT ( ) );
#26 = ORIENTED_EDGE ( 'NONE', *, *, #1803, .F. ) ;
#27 = ADVANCED_FACE ( 'NONE', ( #1849, #269 ), #2169, .F. ) ;
#28 = LINE ( 'NONE', #725, #170 ) ;
#29 =( GEOMETRIC_REPRESENTATION_CONTEXT ( 3 ) GLOBAL_UNCERTAINTY_ASSIGNED_CONTEXT ( ( #637 ) ) GLOBAL_UNIT_ASSIGNED_CONTEXT ( ( #831, #1377, #491 ) ) REPRESENTATION_CONTEXT ( 'NONE', 'WORKASPACE' ) );
#30 = CARTESIAN_POINT ( 'NONE',  ( 10.29999999999999893, 3.980102097228903655E-16, 3.250000000000004441 ) ) ;
#31 = DIRECTION ( 'NONE',  ( -1.000000000000000000, -0.000000000000000000, -0.000000000000000000 ) ) ;
#32 = STYLED_ITEM ( 'NONE', ( #2072 ), #191 ) ;
#33 =( NAMED_UNIT ( * ) PLANE_ANGLE_UNIT ( ) SI_UNIT ( $, .RADIAN. ) );
#34 = SURFACE_SIDE_STYLE ('',( #1595 ) ) ;
#35 = ORIENTED_EDGE ( 'NONE', *, *, #1039, .T. ) ;
#36 = FILL_AREA_STYLE_COLOUR ( '', #1932 ) ;
#37 = ORIENTED_EDGE ( 'NONE', *, *, #644, .F. ) ;
#38 = ORIENTED_EDGE ( 'NONE', *, *, #939, .F. ) ;
#39 = FILL_AREA_STYLE ('',( #1592 ) ) ;
#40 = FILL_AREA_STYLE ('',( #1056 ) ) ;
#41 = VERTEX_POINT ( 'NONE', #2207 ) ;
#42 = CARTESIAN_POINT ( 'NONE',  ( -2.049999999999998046, 4.975442947536175492E-16, -3.500000000000000000 ) ) ;
#43 = ORIENTED_EDGE ( 'NONE', *, *, #1285, .F. ) ;
#44 = EDGE_CURVE ( 'NONE', #1770, #1872, #789, .T. ) ;
#45 = CARTESIAN_POINT ( 'NONE',  ( 7.700000000000158273, 8.685880746055440384E-15, 3.999999999999997335 ) ) ;
#46 = PRESENTATION_STYLE_ASSIGNMENT (( #1283 ) ) ;
#47 = EDGE_LOOP ( 'NONE', ( #117, #2116, #1719, #92, #1381, #1044 ) ) ;
#48 = DIRECTION ( 'NONE',  ( -1.000000000000000000, -0.000000000000000000, -0.000000000000000000 ) ) ;
#49 = DIRECTION ( 'NONE',  ( -1.000000000000000000, -0.000000000000000000, -0.000000000000000000 ) ) ;
#50 = ORIENTED_EDGE ( 'NONE', *, *, #1869, .F. ) ;
#51 = CARTESIAN_POINT ( 'NONE',  ( -2.273760430703398949, -4.618802153517005848, 5.841261628611900120E-17 ) ) ;
#52 = DIRECTION ( 'NONE',  ( -1.000000000000000000, -0.000000000000000000, -0.000000000000000000 ) ) ;
#53 = ORIENTED_EDGE ( 'NONE', *, *, #260, .T. ) ;
#54 = DIRECTION ( 'NONE',  ( 0.000000000000000000, 0.000000000000000000, -1.000000000000000000 ) ) ;
#55 = SURFACE_STYLE_USAGE ( .BOTH. , #805 ) ;
#56 = CYLINDRICAL_SURFACE ( 'NONE', #1225, 3.149999999999999911 ) ;
#57 = PRESENTATION_LAYER_ASSIGNMENT (  '', '', ( #1672 ) ) ;
#58 = VERTEX_POINT ( 'NONE', #1145 ) ;
#59 = AXIS2_PLACEMENT_3D ( 'NONE', #1913, #1217, #1707 ) ;
#60 = COLOUR_RGB ( '',0.9686274509803921573, 0.8784313725490195957, 0.5999999999999999778 ) ;
#61 = AXIS2_PLACEMENT_3D ( 'NONE', #732, #2132, #1971 ) ;
#62 = DIRECTION ( 'NONE',  ( 0.000000000000000000, 0.000000000000000000, -1.000000000000000000 ) ) ;
#63 = PRESENTATION_LAYER_ASSIGNMENT (  '', '', ( #2219 ) ) ;
#64 = ORIENTED_EDGE ( 'NONE', *, *, #1379, .T. ) ;
#65 =( GEOMETRIC_REPRESENTATION_CONTEXT ( 3 ) GLOBAL_UNCERTAINTY_ASSIGNED_CONTEXT ( ( #474 ) ) GLOBAL_UNIT_ASSIGNED_CONTEXT ( ( #1870, #1329, #216 ) ) REPRESENTATION_CONTEXT ( 'NONE', 'WORKASPACE' ) );
#66 = PRESENTATION_LAYER_ASSIGNMENT (  '', '', ( #392 ) ) ;
#67 = CARTESIAN_POINT ( 'NONE',  ( -10.29999999999999893, 0.000000000000000000, 0.000000000000000000 ) ) ;
#68 = FILL_AREA_STYLE_COLOUR ( '', #1586 ) ;
#69 = PRESENTATION_LAYER_ASSIGNMENT (  '', '', ( #574 ) ) ;
#70 = DIRECTION ( 'NONE',  ( 0.000000000000000000, 0.000000000000000000, 1.000000000000000000 ) ) ;
#71 =( NAMED_UNIT ( * ) PLANE_ANGLE_UNIT ( ) SI_UNIT ( $, .RADIAN. ) );
#72 = VERTEX_POINT ( 'NONE', #278 ) ;
#73 = FILL_AREA_STYLE_COLOUR ( '', #1485 ) ;
#74 =( LENGTH_UNIT ( ) NAMED_UNIT ( * ) SI_UNIT ( .MILLI., .METRE. ) );
#75 =( NAMED_UNIT ( * ) PLANE_ANGLE_UNIT ( ) SI_UNIT ( $, .RADIAN. ) );
#76 = ORIENTED_EDGE ( 'NONE', *, *, #1342, .F. ) ;
#77 = EDGE_CURVE ( 'NONE', #2084, #1454, #2000, .T. ) ;
#78 = FILL_AREA_STYLE ('',( #1146 ) ) ;
#79 = SURFACE_STYLE_USAGE ( .BOTH. , #2021 ) ;
#80 = UNCERTAINTY_MEASURE_WITH_UNIT (LENGTH_MEASURE( 1.000000000000000082E-05 ), #733, 'distance_accuracy_value', 'NONE');
#81 = EDGE_LOOP ( 'NONE', ( #345, #203, #1986, #1963, #37, #38, #1016 ) ) ;
#82 = SURFACE_STYLE_FILL_AREA ( #1649 ) ;
#83 = CARTESIAN_POINT ( 'NONE',  ( 9.799999999999991829, 0.000000000000000000, 0.000000000000000000 ) ) ;
#84 = ORIENTED_EDGE ( 'NONE', *, *, #2124, .F. ) ;
#85 = CARTESIAN_POINT ( 'NONE',  ( 7.653219605188634311, -4.233901974057254769, -0.6666666666666670737 ) ) ;
#86 =( NAMED_UNIT ( * ) SI_UNIT ( $, .STERADIAN. ) SOLID_ANGLE_UNIT ( ) );
#87 =( NAMED_UNIT ( * ) PLANE_ANGLE_UNIT ( ) SI_UNIT ( $, .RADIAN. ) );
#88 = PRESENTATION_STYLE_ASSIGNMENT (( #2018 ) ) ;
#89 = DIRECTION ( 'NONE',  ( -1.000000000000000000, 0.000000000000000000, -0.000000000000000000 ) ) ;
#90 = SURFACE_STYLE_FILL_AREA ( #78 ) ;
#91 = CARTESIAN_POINT ( 'NONE',  ( 2.049999999999998046, 0.000000000000000000, 0.000000000000000000 ) ) ;
#92 = ORIENTED_EDGE ( 'NONE', *, *, #459, .F. ) ;
#93 = SURFACE_STYLE_FILL_AREA ( #1128 ) ;
#94 = EDGE_CURVE ( 'NONE', #1182, #639, #274, .T. ) ;
#95 = SURFACE_STYLE_USAGE ( .BOTH. , #1982 ) ;
#96 = FACE_OUTER_BOUND ( 'NONE', #875, .T. ) ;
#97 = PRESENTATION_STYLE_ASSIGNMENT (( #922 ) ) ;
#98 = ORIENTED_EDGE ( 'NONE', *, *, #2078, .T. ) ;
#99 = FACE_OUTER_BOUND ( 'NONE', #1614, .T. ) ;
#100 = SURFACE_SIDE_STYLE ('',( #90 ) ) ;
#101 = PRESENTATION_STYLE_ASSIGNMENT (( #79 ) ) ;
#102 = UNCERTAINTY_MEASURE_WITH_UNIT (LENGTH_MEASURE( 1.000000000000000082E-05 ), #974, 'distance_accuracy_value', 'NONE');
#103 =( GEOMETRIC_REPRESENTATION_CONTEXT ( 3 ) GLOBAL_UNCERTAINTY_ASSIGNED_CONTEXT ( ( #280 ) ) GLOBAL_UNIT_ASSIGNED_CONTEXT ( ( #874, #1057, #516 ) ) REPRESENTATION_CONTEXT ( 'NONE', 'WORKASPACE' ) );
#104 = COLOUR_RGB ( '',0.9686274509803921573, 0.8784313725490195957, 0.5999999999999999778 ) ;
#105 = AXIS2_PLACEMENT_3D ( 'NONE', #819, #1364, #157 ) ;
#106 = AXIS2_PLACEMENT_3D ( 'NONE', #299, #1510, #1693 ) ;
#107 = CARTESIAN_POINT ( 'NONE',  ( -7.652981218165707311, 1.541984588067393469, -4.000000000000001776 ) ) ;
#108 = STYLED_ITEM ( 'NONE', ( #46 ), #1177 ) ;
#109 = CONICAL_SURFACE ( 'NONE', #894, 5.000000000000000000, 1.373400766945015894 ) ;
#110 = ADVANCED_FACE ( 'NONE', ( #1464 ), #607, .T. ) ;
#111 =( NAMED_UNIT ( * ) PLANE_ANGLE_UNIT ( ) SI_UNIT ( $, .RADIAN. ) );
#112 = AXIS2_PLACEMENT_3D ( 'NONE', #553, #1960, #1094 ) ;
#113 = CARTESIAN_POINT ( 'NONE',  ( -7.576239569296595810, 2.309401076758508253, 3.999999999999997335 ) ) ;
#114 = FILL_AREA_STYLE ('',( #1519 ) ) ;
#115 = CYLINDRICAL_SURFACE ( 'NONE', #626, 2.750000000000000000 ) ;
#116 = CARTESIAN_POINT ( 'NONE',  ( -2.196780394811365333, 2.694301256218255780, -3.333333333333334370 ) ) ;
#117 = ORIENTED_EDGE ( 'NONE', *, *, #1899, .T. ) ;
#118 =( LENGTH_UNIT ( ) NAMED_UNIT ( * ) SI_UNIT ( .MILLI., .METRE. ) );
#119 = SURFACE_STYLE_FILL_AREA ( #1697 ) ;
#120 = SURFACE_SIDE_STYLE ('',( #808 ) ) ;
#121 = UNCERTAINTY_MEASURE_WITH_UNIT (LENGTH_MEASURE( 1.000000000000000082E-05 ), #74, 'distance_accuracy_value', 'NONE');
#122 = DIRECTION ( 'NONE',  ( 0.000000000000000000, 1.000000000000000000, 0.000000000000000000 ) ) ;
#123 = UNCERTAINTY_MEASURE_WITH_UNIT (LENGTH_MEASURE( 1.000000000000000082E-05 ), #1812, 'distance_accuracy_value', 'NONE');
#124 = B_SPLINE_CURVE_WITH_KNOTS ( 'NONE', 3,
 ( #2099, #1229, #1071, #1935, #892 ),
 .UNSPECIFIED., .F., .F.,
 ( 4, 1, 4 ),
 ( 2.309401076759972154E-07, 0.002309632016866177556, 0.004619033093624679009 ),
 .UNSPECIFIED. ) ;
#125 = ORIENTED_EDGE ( 'NONE', *, *, #156, .T. ) ;
#126 =( NAMED_UNIT ( * ) SI_UNIT ( $, .STERADIAN. ) SOLID_ANGLE_UNIT ( ) );
#127 = CARTESIAN_POINT ( 'NONE',  ( 2.273760430703399393, 2.309401076758508253, 3.999999999999997335 ) ) ;
#128 =( NAMED_UNIT ( * ) PLANE_ANGLE_UNIT ( ) SI_UNIT ( $, .RADIAN. ) );
#129 = CARTESIAN_POINT ( 'NONE',  ( 7.746780394811365156, -3.464101615137753054, 1.999999999999997113 ) ) ;
#130 = EDGE_CURVE ( 'NONE', #4, #647, #1721, .T. ) ;
#131 = CARTESIAN_POINT ( 'NONE',  ( -14.52472286290786485, 4.592425496802573972E-16, -3.750000000000000000 ) ) ;
#132 = CARTESIAN_POINT ( 'NONE',  ( 2.049999999999999822, 3.149999999999999911, 0.000000000000000000 ) ) ;
#133 = VECTOR ( 'NONE', #189, 1000.000000000000000 ) ;
#134 = AXIS2_PLACEMENT_3D ( 'NONE', #933, #1635, #70 ) ;
#135 = CARTESIAN_POINT ( 'NONE',  ( 10.29999999999999893, 4.618802153517008513, 3.535788212355558521E-15 ) ) ;
#136 = FILL_AREA_STYLE ('',( #1151 ) ) ;
#137 = AXIS2_PLACEMENT_3D ( 'NONE', #412, #571, #2163 ) ;
#138 = VECTOR ( 'NONE', #1911, 1000.000000000000000 ) ;
#139 = CIRCLE ( 'NONE', #2012, 2.750000000000000000 ) ;
#140 = PRESENTATION_LAYER_ASSIGNMENT (  '', '', ( #326 ) ) ;
#141 =( NAMED_UNIT ( * ) SI_UNIT ( $, .STERADIAN. ) SOLID_ANGLE_UNIT ( ) );
#142 = SURFACE_STYLE_FILL_AREA ( #1518 ) ;
#143 = UNCERTAINTY_MEASURE_WITH_UNIT (LENGTH_MEASURE( 1.000000000000000082E-05 ), #593, 'distance_accuracy_value', 'NONE');
#144 = ORIENTED_EDGE ( 'NONE', *, *, #939, .T. ) ;
#145 = VECTOR ( 'NONE', #715, 1000.000000000000000 ) ;
#146 = CIRCLE ( 'NONE', #1648, 3.749999999999999556 ) ;
#147 = CARTESIAN_POINT ( 'NONE',  ( -7.799999999999998046, 3.500000000000000000, 0.000000000000000000 ) ) ;
#148 = ORIENTED_EDGE ( 'NONE', *, *, #1480, .T. ) ;
#149 = EDGE_CURVE ( 'NONE', #293, #2084, #146, .T. ) ;
#150 =( LENGTH_UNIT ( ) NAMED_UNIT ( * ) SI_UNIT ( .MILLI., .METRE. ) );
#151 =( NAMED_UNIT ( * ) SI_UNIT ( $, .STERADIAN. ) SOLID_ANGLE_UNIT ( ) );
#152 = FILL_AREA_STYLE_COLOUR ( '', #1832 ) ;
#153 = ORIENTED_EDGE ( 'NONE', *, *, #2179, .T. ) ;
#154 = DIRECTION ( 'NONE',  ( 0.000000000000000000, 0.000000000000000000, -1.000000000000000000 ) ) ;
#155 = CARTESIAN_POINT ( 'NONE',  ( -2.149999999999839595, -8.196021905759699736E-15, -4.000000000000000888 ) ) ;
#156 = EDGE_CURVE ( 'NONE', #738, #1182, #5, .T. ) ;
#157 = DIRECTION ( 'NONE',  ( 0.000000000000000000, 0.000000000000000000, 1.000000000000000000 ) ) ;
#158 = CARTESIAN_POINT ( 'NONE',  ( 2.196780394811363113, -2.694301256218254892, 3.333333333333326820 ) ) ;
#159 = DIRECTION ( 'NONE',  ( -1.000000000000000000, -0.000000000000000000, -0.000000000000000000 ) ) ;
#160 = CARTESIAN_POINT ( 'NONE',  ( 2.049999999999998046, 3.857637417314162689E-16, -3.149999999999999911 ) ) ;
#161 = ORIENTED_EDGE ( 'NONE', *, *, #44, .F. ) ;
#162 = VECTOR ( 'NONE', #2180, 1000.000000000000000 ) ;
#163 = FILL_AREA_STYLE_COLOUR ( '', #1009 ) ;
#164 = VERTEX_POINT ( 'NONE', #681 ) ;
#165 = CARTESIAN_POINT ( 'NONE',  ( -7.576239569296596699, -2.309401076758501592, -4.000000000000000888 ) ) ;
#166 = AXIS2_PLACEMENT_3D ( 'NONE', #1531, #2209, #1359 ) ;
#167 = COLOUR_RGB ( '',0.9686274509803921573, 0.8784313725490195957, 0.5999999999999999778 ) ;
#168 = ADVANCED_FACE ( 'NONE', ( #508 ), #1185, .T. ) ;
#169 =( GEOMETRIC_REPRESENTATION_CONTEXT ( 3 ) GLOBAL_UNCERTAINTY_ASSIGNED_CONTEXT ( ( #102 ) ) GLOBAL_UNIT_ASSIGNED_CONTEXT ( ( #974, #1623, #1796 ) ) REPRESENTATION_CONTEXT ( 'NONE', 'WORKASPACE' ) );
#170 = VECTOR ( 'NONE', #1417, 1000.000000000000000 ) ;
#171 = DIRECTION ( 'NONE',  ( 0.000000000000000000, -0.8660254037844384856, 0.5000000000000004441 ) ) ;
#172 = PRESENTATION_LAYER_ASSIGNMENT (  '', '', ( #1898 ) ) ;
#173 = FILL_AREA_STYLE ('',( #2114 ) ) ;
#174 = STYLED_ITEM ( 'NONE', ( #1490 ), #628 ) ;
#175 = ORIENTED_EDGE ( 'NONE', *, *, #1090, .T. ) ;
#176 =( NAMED_UNIT ( * ) PLANE_ANGLE_UNIT ( ) SI_UNIT ( $, .RADIAN. ) );
#177 = LINE ( 'NONE', #869, #475 ) ;
#178 = EDGE_LOOP ( 'NONE', ( #2165, #842, #1798, #76 ) ) ;
#179 = DIRECTION ( 'NONE',  ( 0.000000000000000000, 0.000000000000000000, 1.000000000000000000 ) ) ;
#180 = CARTESIAN_POINT ( 'NONE',  ( 10.29999999999999893, 2.309401076758508253, 3.999999999999997335 ) ) ;
#181 = EDGE_CURVE ( 'NONE', #368, #1436, #1874, .T. ) ;
#182 = CARTESIAN_POINT ( 'NONE',  ( 2.273760430703398949, -2.309401076758501592, -4.000000000000000888 ) ) ;
#183 = VERTEX_POINT ( 'NONE', #339 ) ;
#184 = CARTESIAN_POINT ( 'NONE',  ( -14.52472286290786485, 5.510910596163088939E-17, -0.4499999999999999556 ) ) ;
#185 = ORIENTED_EDGE ( 'NONE', *, *, #181, .F. ) ;
#186 = CARTESIAN_POINT ( 'NONE',  ( 7.499999999999998224, 6.123233995736766282E-16, -5.000000000000000000 ) ) ;
#187 = CARTESIAN_POINT ( 'NONE',  ( -2.149999999999997247, 0.7737349324472574397, -4.000000000000000888 ) ) ;
#188 = SURFACE_STYLE_FILL_AREA ( #40 ) ;
#189 = DIRECTION ( 'NONE',  ( -1.000000000000000000, -0.000000000000000000, -0.000000000000000000 ) ) ;
#190 = ORIENTED_EDGE ( 'NONE', *, *, #841, .T. ) ;
#191 = ADVANCED_FACE ( 'NONE', ( #1512 ), #1543, .T. ) ;
#192 = SURFACE_STYLE_FILL_AREA ( #912 ) ;
#193 = DIRECTION ( 'NONE',  ( -1.000000000000000000, 0.000000000000000000, -0.000000000000000000 ) ) ;
#194 = CARTESIAN_POINT ( 'NONE',  ( -14.52472286290786485, 0.000000000000000000, 3.750000000000000000 ) ) ;
#195 = SURFACE_STYLE_FILL_AREA ( #39 ) ;
#196 = VECTOR ( 'NONE', #846, 1000.000000000000000 ) ;
#197 = DIRECTION ( 'NONE',  ( 0.000000000000000000, -0.5000000000000003331, -0.8660254037844383745 ) ) ;
#198 = AXIS2_PLACEMENT_3D ( 'NONE', #522, #514, #560 ) ;
#199 = VECTOR ( 'NONE', #907, 1000.000000000000000 ) ;
#200 = AXIS2_PLACEMENT_3D ( 'NONE', #850, #493, #1017 ) ;
#201 =( GEOMETRIC_REPRESENTATION_CONTEXT ( 3 ) GLOBAL_UNCERTAINTY_ASSIGNED_CONTEXT ( ( #80 ) ) GLOBAL_UNIT_ASSIGNED_CONTEXT ( ( #733, #881, #1 ) ) REPRESENTATION_CONTEXT ( 'NONE', 'WORKASPACE' ) );
#202 =( NAMED_UNIT ( * ) SI_UNIT ( $, .STERADIAN. ) SOLID_ANGLE_UNIT ( ) );
#203 = ORIENTED_EDGE ( 'NONE', *, *, #302, .T. ) ;
#204 =( GEOMETRIC_REPRESENTATION_CONTEXT ( 3 ) GLOBAL_UNCERTAINTY_ASSIGNED_CONTEXT ( ( #1662 ) ) GLOBAL_UNIT_ASSIGNED_CONTEXT ( ( #968, #1123, #460 ) ) REPRESENTATION_CONTEXT ( 'NONE', 'WORKASPACE' ) );
#205 = CARTESIAN_POINT ( 'NONE',  ( 7.699999999999998401, 0.7679799128243807171, 3.999999999999997335 ) ) ;
#206 = ORIENTED_EDGE ( 'NONE', *, *, #1508, .T. ) ;
#207 = ADVANCED_FACE ( 'NONE', ( #2247, #687 ), #667, .T. ) ;
#208 = ORIENTED_EDGE ( 'NONE', *, *, #2206, .T. ) ;
#209 = SURFACE_STYLE_FILL_AREA ( #903 ) ;
#210 = DIRECTION ( 'NONE',  ( -1.000000000000000000, -0.000000000000000000, -0.000000000000000000 ) ) ;
#211 = ORIENTED_EDGE ( 'NONE', *, *, #1583, .F. ) ;
#212 = CARTESIAN_POINT ( 'NONE',  ( -14.52472286290786485, 0.000000000000000000, 2.750000000000000000 ) ) ;
#213 = ORIENTED_EDGE ( 'NONE', *, *, #848, .F. ) ;
#214 = STYLED_ITEM ( 'NONE', ( #1534 ), #207 ) ;
#215 = EDGE_CURVE ( 'NONE', #377, #1569, #1344, .T. ) ;
#216 =( NAMED_UNIT ( * ) SI_UNIT ( $, .STERADIAN. ) SOLID_ANGLE_UNIT ( ) );
#217 = CARTESIAN_POINT ( 'NONE',  ( -7.700000000000157385, -8.196021905759699736E-15, 3.999999999999997335 ) ) ;
#218 =( NAMED_UNIT ( * ) SI_UNIT ( $, .STERADIAN. ) SOLID_ANGLE_UNIT ( ) );
#219 = ORIENTED_EDGE ( 'NONE', *, *, #1285, .T. ) ;
#220 = FACE_OUTER_BOUND ( 'NONE', #1219, .T. ) ;
#221 = ORIENTED_EDGE ( 'NONE', *, *, #1603, .T. ) ;
#222 = ORIENTED_EDGE ( 'NONE', *, *, #2124, .T. ) ;
#223 = FACE_OUTER_BOUND ( 'NONE', #1666, .T. ) ;
#224 = CARTESIAN_POINT ( 'NONE',  ( 10.29999999999999893, 0.000000000000000000, 0.000000000000000000 ) ) ;
#225 = VERTEX_POINT ( 'NONE', #165 ) ;
#226 =( NAMED_UNIT ( * ) SI_UNIT ( $, .STERADIAN. ) SOLID_ANGLE_UNIT ( ) );
#227 = FACE_OUTER_BOUND ( 'NONE', #520, .T. ) ;
#228 = ORIENTED_EDGE ( 'NONE', *, *, #510, .F. ) ;
#229 = DIRECTION ( 'NONE',  ( -1.000000000000000000, -0.000000000000000000, -0.000000000000000000 ) ) ;
#230 = ORIENTED_EDGE ( 'NONE', *, *, #1828, .F. ) ;
#231 = CYLINDRICAL_SURFACE ( 'NONE', #2051, 3.750000000000000000 ) ;
#232 = ORIENTED_EDGE ( 'NONE', *, *, #12, .F. ) ;
#233 = ORIENTED_EDGE ( 'NONE', *, *, #1521, .F. ) ;
#234 =( LENGTH_UNIT ( ) NAMED_UNIT ( * ) SI_UNIT ( .MILLI., .METRE. ) );
#235 =( NAMED_UNIT ( * ) SI_UNIT ( $, .STERADIAN. ) SOLID_ANGLE_UNIT ( ) );
#236 = DIRECTION ( 'NONE',  ( 0.000000000000000000, 0.4999999999999998890, -0.8660254037844385966 ) ) ;
#237 = FILL_AREA_STYLE ('',( #972 ) ) ;
#238 = EDGE_LOOP ( 'NONE', ( #2005, #915, #1732, #2063 ) ) ;
#239 = EDGE_CURVE ( 'NONE', #395, #316, #803, .T. ) ;
#240 = SURFACE_STYLE_USAGE ( .BOTH. , #772 ) ;
#241 = DIRECTION ( 'NONE',  ( -1.000000000000000000, -0.000000000000000000, -0.000000000000000000 ) ) ;
#242 = PRESENTATION_LAYER_ASSIGNMENT (  '', '', ( #1220 ) ) ;
#243 = EDGE_LOOP ( 'NONE', ( #2134, #1584, #1354, #230, #683, #277, #591 ) ) ;
#244 = CIRCLE ( 'NONE', #530, 3.750000000000000000 ) ;
#245 = STYLED_ITEM ( 'NONE', ( #2232 ), #1756 ) ;
#246 = CARTESIAN_POINT ( 'NONE',  ( -2.273760430703370083, 2.309401076758519356, 3.999999999999997335 ) ) ;
#247 = CYLINDRICAL_SURFACE ( 'NONE', #166, 0.4499999999999999556 ) ;
#248 = PRESENTATION_LAYER_ASSIGNMENT (  '', '', ( #1335 ) ) ;
#249 = CIRCLE ( 'NONE', #2193, 2.750000000000000000 ) ;
#250 = ORIENTED_EDGE ( 'NONE', *, *, #1148, .F. ) ;
#251 = COLOUR_RGB ( '',0.9686274509803921573, 0.8784313725490195957, 0.5999999999999999778 ) ;
#252 = CARTESIAN_POINT ( 'NONE',  ( 10.29999999999999893, 0.000000000000000000, 3.749999999999999556 ) ) ;
#253 = CARTESIAN_POINT ( 'NONE',  ( 2.197018781834287449, -1.541984588067397022, 3.999999999999997335 ) ) ;
#254 = PRESENTATION_STYLE_ASSIGNMENT (( #413 ) ) ;
#255 = VERTEX_POINT ( 'NONE', #1086 ) ;
#256 = CARTESIAN_POINT ( 'NONE',  ( -6.799999999999998934, 0.000000000000000000, 0.000000000000000000 ) ) ;
#257 = EDGE_CURVE ( 'NONE', #1917, #225, #1184, .T. ) ;
#258 = FILL_AREA_STYLE ('',( #1827 ) ) ;
#259 = CARTESIAN_POINT ( 'NONE',  ( -7.576239569296596699, -4.618802153517005848, 4.207895684660582773E-17 ) ) ;
#260 = EDGE_CURVE ( 'NONE', #1212, #4, #1600, .T. ) ;
#261 = ORIENTED_EDGE ( 'NONE', *, *, #1603, .F. ) ;
#262 = PRESENTATION_STYLE_ASSIGNMENT (( #2189 ) ) ;
#263 = UNCERTAINTY_MEASURE_WITH_UNIT (LENGTH_MEASURE( 1.000000000000000082E-05 ), #712, 'distance_accuracy_value', 'NONE');
#264 = CARTESIAN_POINT ( 'NONE',  ( -14.52472286290786485, 4.592425496802573972E-16, -3.750000000000000000 ) ) ;
#265 = PLANE ( 'NONE',  #503 ) ;
#266 = ORIENTED_EDGE ( 'NONE', *, *, #1137, .T. ) ;
#267 = CARTESIAN_POINT ( 'NONE',  ( -9.299999999999998934, 0.000000000000000000, -2.755455298081544470E-17 ) ) ;
#268 = DIRECTION ( 'NONE',  ( 0.000000000000000000, 0.000000000000000000, 1.000000000000000000 ) ) ;
#269 = FACE_OUTER_BOUND ( 'NONE', #1371, .T. ) ;
#270 = B_SPLINE_CURVE_WITH_KNOTS ( 'NONE', 3,
 ( #877, #526, #2229, #1043 ),
 .UNSPECIFIED., .F., .F.,
 ( 4, 4 ),
 ( 0.006982912198564403608, 0.009276443998967556781 ),
 .UNSPECIFIED. ) ;
#271 = CARTESIAN_POINT ( 'NONE',  ( 7.799999999999999822, 0.000000000000000000, 3.500000000000000000 ) ) ;
#272 = DIRECTION ( 'NONE',  ( -1.000000000000000000, -0.000000000000000000, -0.000000000000000000 ) ) ;
#273 = EDGE_CURVE ( 'NONE', #2084, #293, #330, .T. ) ;
#274 = B_SPLINE_CURVE_WITH_KNOTS ( 'NONE', 3,
 ( #966, #1699, #2200, #1323, #113 ),
 .UNSPECIFIED., .F., .F.,
 ( 4, 1, 4 ),
 ( 2.309401076756883130E-07, 0.002309632016866175388, 0.004619033093624675540 ),
 .UNSPECIFIED. ) ;
#275 = DIRECTION ( 'NONE',  ( -1.000000000000000000, -0.000000000000000000, -0.000000000000000000 ) ) ;
#276 = FACE_BOUND ( 'NONE', #1552, .T. ) ;
#277 = ORIENTED_EDGE ( 'NONE', *, *, #562, .F. ) ;
#278 = CARTESIAN_POINT ( 'NONE',  ( 7.576239569296596699, -2.309401076758501592, -4.000000000000000888 ) ) ;
#279 = PRESENTATION_STYLE_ASSIGNMENT (( #1350 ) ) ;
#280 = UNCERTAINTY_MEASURE_WITH_UNIT (LENGTH_MEASURE( 1.000000000000000082E-05 ), #874, 'distance_accuracy_value', 'NONE');
#281 = AXIS2_PLACEMENT_3D ( 'NONE', #883, #1750, #1211 ) ;
#282 = VECTOR ( 'NONE', #1579, 1000.000000000000000 ) ;
#283 = STYLED_ITEM ( 'NONE', ( #1847 ), #1734 ) ;
#284 = CIRCLE ( 'NONE', #134, 3.250000000000004441 ) ;
#285 = AXIS2_PLACEMENT_3D ( 'NONE', #1203, #122, #2044 ) ;
#286 = CARTESIAN_POINT ( 'NONE',  ( 2.149999999999999023, 0.7679799128243816053, -4.000000000000001776 ) ) ;
#287 = UNCERTAINTY_MEASURE_WITH_UNIT (LENGTH_MEASURE( 1.000000000000000082E-05 ), #1187, 'distance_accuracy_value', 'NONE');
#288 = STYLED_ITEM ( 'NONE', ( #1214 ), #1167 ) ;
#289 = STYLED_ITEM ( 'NONE', ( #262 ), #346 ) ;
#290 = B_SPLINE_CURVE_WITH_KNOTS ( 'NONE', 3,
 ( #2123, #948, #547, #1238 ),
 .UNSPECIFIED., .F., .F.,
 ( 4, 4 ),
 ( 0.004672193333373868274, 0.006982912198564407945 ),
 .UNSPECIFIED. ) ;
#291 =( NAMED_UNIT ( * ) SI_UNIT ( $, .STERADIAN. ) SOLID_ANGLE_UNIT ( ) );
#292 = STYLED_ITEM ( 'NONE', ( #1347 ), #677 ) ;
#293 = VERTEX_POINT ( 'NONE', #887 ) ;
#294 = CARTESIAN_POINT ( 'NONE',  ( 7.653219605188631647, -2.694301256218251339, -3.333333333333333481 ) ) ;
#295 = CARTESIAN_POINT ( 'NONE',  ( -7.700000000000156497, 8.685880332465134107E-15, -4.000000000000001776 ) ) ;
#296 =( LENGTH_UNIT ( ) NAMED_UNIT ( * ) SI_UNIT ( .MILLI., .METRE. ) );
#297 = AXIS2_PLACEMENT_3D ( 'NONE', #918, #210, #1774 ) ;
#298 = LINE ( 'NONE', #1692, #1063 ) ;
#299 = CARTESIAN_POINT ( 'NONE',  ( 7.799999999999996270, 0.000000000000000000, 0.000000000000000000 ) ) ;
#300 = DIRECTION ( 'NONE',  ( -1.000000000000000000, -0.000000000000000000, -0.000000000000000000 ) ) ;
#301 = EDGE_LOOP ( 'NONE', ( #511, #1032, #98, #594 ) ) ;
#302 = EDGE_CURVE ( 'NONE', #164, #610, #1749, .T. ) ;
#303 = SURFACE_STYLE_USAGE ( .BOTH. , #1873 ) ;
#304 = PRESENTATION_STYLE_ASSIGNMENT (( #642 ) ) ;
#305 = FACE_OUTER_BOUND ( 'NONE', #1475, .T. ) ;
#306 = LINE ( 'NONE', #131, #935 ) ;
#307 =( LENGTH_UNIT ( ) NAMED_UNIT ( * ) SI_UNIT ( .MILLI., .METRE. ) );
#308 = UNCERTAINTY_MEASURE_WITH_UNIT (LENGTH_MEASURE( 1.000000000000000082E-05 ), #2217, 'distance_accuracy_value', 'NONE');
#309 = CARTESIAN_POINT ( 'NONE',  ( -2.197018781834288337, -1.541984588067396578, -4.000000000000000888 ) ) ;
#310 = ORIENTED_EDGE ( 'NONE', *, *, #1790, .T. ) ;
#311 = CARTESIAN_POINT ( 'NONE',  ( 7.576239569296596699, -4.618802153517005848, 4.207895684660582773E-17 ) ) ;
#312 =( NAMED_UNIT ( * ) PLANE_ANGLE_UNIT ( ) SI_UNIT ( $, .RADIAN. ) );
#313 = EDGE_CURVE ( 'NONE', #554, #1089, #1596, .T. ) ;
#314 = DIRECTION ( 'NONE',  ( -1.000000000000000000, -0.000000000000000000, -0.000000000000000000 ) ) ;
#315 = CARTESIAN_POINT ( 'NONE',  ( 7.653219605188634311, 2.694301256218255780, -3.333333333333335258 ) ) ;
#316 = VERTEX_POINT ( 'NONE', #1406 ) ;
#317 = STYLED_ITEM ( 'NONE', ( #2069 ), #1249 ) ;
#318 = MECHANICAL_DESIGN_GEOMETRIC_PRESENTATION_REPRESENTATION (  '', ( #15 ), #1404 ) ;
#319 = EDGE_CURVE ( 'NONE', #164, #1050, #2120, .T. ) ;
#320 =( GEOMETRIC_REPRESENTATION_CONTEXT ( 3 ) GLOBAL_UNCERTAINTY_ASSIGNED_CONTEXT ( ( #2226 ) ) GLOBAL_UNIT_ASSIGNED_CONTEXT ( ( #1761, #1748, #226 ) ) REPRESENTATION_CONTEXT ( 'NONE', 'WORKASPACE' ) );
#321 = COLOUR_RGB ( '',0.9686274509803921573, 0.8784313725490195957, 0.5999999999999999778 ) ;
#322 = PRESENTATION_LAYER_ASSIGNMENT (  '', '', ( #1405 ) ) ;
#323 = VECTOR ( 'NONE', #1686, 1000.000000000000000 ) ;
#324 = ORIENTED_EDGE ( 'NONE', *, *, #1274, .F. ) ;
#325 = AXIS2_PLACEMENT_3D ( 'NONE', #91, #2002, #450 ) ;
#326 = STYLED_ITEM ( 'NONE', ( #2001 ), #599 ) ;
#327 = DIRECTION ( 'NONE',  ( 0.000000000000000000, 0.000000000000000000, 1.000000000000000000 ) ) ;
#328 = UNCERTAINTY_MEASURE_WITH_UNIT (LENGTH_MEASURE( 1.000000000000000082E-05 ), #234, 'distance_accuracy_value', 'NONE');
#329 = ORIENTED_EDGE ( 'NONE', *, *, #1039, .F. ) ;
#330 = CIRCLE ( 'NONE', #481, 3.749999999999999556 ) ;
#331 = EDGE_CURVE ( 'NONE', #391, #1978, #1525, .T. ) ;
#332 = MECHANICAL_DESIGN_GEOMETRIC_PRESENTATION_REPRESENTATION (  '', ( #214 ), #29 ) ;
#333 =( LENGTH_UNIT ( ) NAMED_UNIT ( * ) SI_UNIT ( .MILLI., .METRE. ) );
#334 = SURFACE_STYLE_USAGE ( .BOTH. , #692 ) ;
#335 = DIRECTION ( 'NONE',  ( 0.000000000000000000, 0.000000000000000000, 1.000000000000000000 ) ) ;
#336 = EDGE_LOOP ( 'NONE', ( #1951, #356, #566, #1976 ) ) ;
#337 = FACE_OUTER_BOUND ( 'NONE', #1361, .T. ) ;
#338 = ADVANCED_FACE ( 'NONE', ( #879 ), #568, .T. ) ;
#339 = CARTESIAN_POINT ( 'NONE',  ( -7.799999999999998046, 0.000000000000000000, -3.500000000000000000 ) ) ;
#340 = DIRECTION ( 'NONE',  ( -1.000000000000000000, -0.000000000000000000, -0.000000000000000000 ) ) ;
#341 = MANIFOLD_SOLID_BREP ( 'Cut-Revolve1', #1669 ) ;
#342 = ORIENTED_EDGE ( 'NONE', *, *, #510, .T. ) ;
#343 = FILL_AREA_STYLE_COLOUR ( '', #1196 ) ;
#344 = FILL_AREA_STYLE ('',( #1241 ) ) ;
#345 = ORIENTED_EDGE ( 'NONE', *, *, #319, .F. ) ;
#346 = ADVANCED_FACE ( 'NONE', ( #1661 ), #1817, .T. ) ;
#347 = FILL_AREA_STYLE_COLOUR ( '', #1496 ) ;
#348 = MECHANICAL_DESIGN_GEOMETRIC_PRESENTATION_REPRESENTATION (  '', ( #1672 ), #1923 ) ;
#349 = VECTOR ( 'NONE', #670, 1000.000000000000000 ) ;
#350 = PRESENTATION_LAYER_ASSIGNMENT (  '', '', ( #890 ) ) ;
#351 = SURFACE_STYLE_USAGE ( .BOTH. , #380 ) ;
#352 = ADVANCED_FACE ( 'NONE', ( #1573 ), #109, .T. ) ;
#353 = MECHANICAL_DESIGN_GEOMETRIC_PRESENTATION_REPRESENTATION (  '', ( #1195 ), #537 ) ;
#354 = DIRECTION ( 'NONE',  ( 1.000000000000000000, 0.000000000000000000, 0.000000000000000000 ) ) ;
#355 = VECTOR ( 'NONE', #2170, 1000.000000000000000 ) ;
#356 = ORIENTED_EDGE ( 'NONE', *, *, #1885, .T. ) ;
#357 = FACE_OUTER_BOUND ( 'NONE', #301, .T. ) ;
#358 = ORIENTED_EDGE ( 'NONE', *, *, #2, .F. ) ;
#359 = MECHANICAL_DESIGN_GEOMETRIC_PRESENTATION_REPRESENTATION (  '', ( #1345 ), #1829 ) ;
#360 = DIRECTION ( 'NONE',  ( -1.000000000000000000, -0.000000000000000000, -0.000000000000000000 ) ) ;
#361 = COLOUR_RGB ( '',0.9686274509803921573, 0.8784313725490195957, 0.5999999999999999778 ) ;
#362 = DIRECTION ( 'NONE',  ( 0.000000000000000000, 0.000000000000000000, -1.000000000000000000 ) ) ;
#363 = CARTESIAN_POINT ( 'NONE',  ( 2.273760430703398949, -2.309401076758501592, -4.000000000000000888 ) ) ;
#364 = ADVANCED_FACE ( 'NONE', ( #938, #415 ), #387, .F. ) ;
#365 = ORIENTED_EDGE ( 'NONE', *, *, #257, .T. ) ;
#366 = FACE_OUTER_BOUND ( 'NONE', #1186, .T. ) ;
#367 = SURFACE_STYLE_FILL_AREA ( #1564 ) ;
#368 = VERTEX_POINT ( 'NONE', #1640 ) ;
#369 = SURFACE_STYLE_USAGE ( .BOTH. , #1933 ) ;
#370 = CARTESIAN_POINT ( 'NONE',  ( 10.29999999999999893, 3.980102097228903655E-16, 3.250000000000004441 ) ) ;
#371 = DIRECTION ( 'NONE',  ( 0.000000000000000000, 0.000000000000000000, 1.000000000000000000 ) ) ;
#372 = EDGE_CURVE ( 'NONE', #858, #1769, #1339, .T. ) ;
#373 = VERTEX_POINT ( 'NONE', #1607 ) ;
#374 = PRESENTATION_LAYER_ASSIGNMENT (  '', '', ( #1733 ) ) ;
#375 = CARTESIAN_POINT ( 'NONE',  ( 7.576239569296596699, 2.309401076758508253, 3.999999999999997335 ) ) ;
#376 = SURFACE_SIDE_STYLE ('',( #367 ) ) ;
#377 = VERTEX_POINT ( 'NONE', #595 ) ;
#378 = EDGE_CURVE ( 'NONE', #858, #1984, #505, .T. ) ;
#379 = ORIENTED_EDGE ( 'NONE', *, *, #94, .T. ) ;
#380 = SURFACE_SIDE_STYLE ('',( #1445 ) ) ;
#381 = DIRECTION ( 'NONE',  ( -1.000000000000000000, -0.000000000000000000, -0.000000000000000000 ) ) ;
#382 = COLOUR_RGB ( '',0.9686274509803921573, 0.8784313725490195957, 0.5999999999999999778 ) ;
#383 = LINE ( 'NONE', #727, #1582 ) ;
#384 = PRESENTATION_LAYER_ASSIGNMENT (  '', '', ( #245 ) ) ;
#385 = VECTOR ( 'NONE', #431, 1000.000000000000000 ) ;
#386 = STYLED_ITEM ( 'NONE', ( #1834 ), #873 ) ;
#387 = PLANE ( 'NONE',  #2192 ) ;
#388 = DIRECTION ( 'NONE',  ( 0.000000000000000000, 0.000000000000000000, 1.000000000000000000 ) ) ;
#389 = STYLED_ITEM ( 'NONE', ( #1318 ), #1083 ) ;
#390 = MECHANICAL_DESIGN_GEOMETRIC_PRESENTATION_REPRESENTATION (  '', ( #581 ), #65 ) ;
#391 = VERTEX_POINT ( 'NONE', #42 ) ;
#392 = STYLED_ITEM ( 'NONE', ( #1248 ), #557 ) ;
#393 = SURFACE_STYLE_USAGE ( .BOTH. , #1524 ) ;
#394 = ORIENTED_EDGE ( 'NONE', *, *, #1712, .T. ) ;
#395 = VERTEX_POINT ( 'NONE', #1462 ) ;
#396 = ADVANCED_FACE ( 'NONE', ( #1808, #736 ), #483, .F. ) ;
#397 = DIRECTION ( 'NONE',  ( 0.000000000000000000, 0.000000000000000000, 1.000000000000000000 ) ) ;
#398 = ORIENTED_EDGE ( 'NONE', *, *, #697, .F. ) ;
#399 = CARTESIAN_POINT ( 'NONE',  ( 7.799999999999996270, 0.000000000000000000, 0.000000000000000000 ) ) ;
#400 = PLANE ( 'NONE',  #979 ) ;
#401 = ORIENTED_EDGE ( 'NONE', *, *, #2173, .T. ) ;
#402 =( LENGTH_UNIT ( ) NAMED_UNIT ( * ) SI_UNIT ( .MILLI., .METRE. ) );
#403 = ORIENTED_EDGE ( 'NONE', *, *, #636, .F. ) ;
#404 = B_SPLINE_CURVE_WITH_KNOTS ( 'NONE', 3,
 ( #1188, #1895, #1169, #295 ),
 .UNSPECIFIED., .F., .F.,
 ( 4, 4 ),
 ( 0.004672193333373864804, 0.006982912198564397536 ),
 .UNSPECIFIED. ) ;
#405 = CARTESIAN_POINT ( 'NONE',  ( 7.652981218165709087, 1.541984588067397022, 3.999999999999997335 ) ) ;
#406 = DIRECTION ( 'NONE',  ( 0.000000000000000000, -0.4999999999999999445, 0.8660254037844387076 ) ) ;
#407 = ORIENTED_EDGE ( 'NONE', *, *, #1642, .F. ) ;
#408 = FACE_OUTER_BOUND ( 'NONE', #1811, .T. ) ;
#409 = FILL_AREA_STYLE ('',( #1275 ) ) ;
#410 = EDGE_CURVE ( 'NONE', #1058, #395, #1020, .T. ) ;
#411 = ORIENTED_EDGE ( 'NONE', *, *, #1148, .T. ) ;
#412 = CARTESIAN_POINT ( 'NONE',  ( -8.849999999999997868, 0.000000000000000000, 0.000000000000000000 ) ) ;
#413 = SURFACE_STYLE_USAGE ( .BOTH. , #2176 ) ;
#414 = VERTEX_POINT ( 'NONE', #1918 ) ;
#415 = FACE_OUTER_BOUND ( 'NONE', #492, .T. ) ;
#416 = CYLINDRICAL_SURFACE ( 'NONE', #1439, 3.750000000000000000 ) ;
#417 = CARTESIAN_POINT ( 'NONE',  ( -2.049999999999998046, 0.000000000000000000, 0.000000000000000000 ) ) ;
#418 = VERTEX_POINT ( 'NONE', #2246 ) ;
#419 = CARTESIAN_POINT ( 'NONE',  ( -6.799999999999998934, 0.000000000000000000, 0.4500000000000001221 ) ) ;
#420 = VERTEX_POINT ( 'NONE', #1183 ) ;
#421 = ORIENTED_EDGE ( 'NONE', *, *, #1048, .F. ) ;
#422 = SURFACE_STYLE_FILL_AREA ( #1630 ) ;
#423 = SURFACE_SIDE_STYLE ('',( #93 ) ) ;
#424 = ADVANCED_FACE ( 'NONE', ( #1555, #1563 ), #2064, .F. ) ;
#425 =( NAMED_UNIT ( * ) SI_UNIT ( $, .STERADIAN. ) SOLID_ANGLE_UNIT ( ) );
#426 = B_SPLINE_CURVE_WITH_KNOTS ( 'NONE', 3,
 ( #1754, #1778, #187, #2122 ),
 .UNSPECIFIED., .F., .F.,
 ( 4, 4 ),
 ( 0.004672193333373864804, 0.006982912198564399271 ),
 .UNSPECIFIED. ) ;
#427 = EDGE_LOOP ( 'NONE', ( #211, #527, #9, #1831 ) ) ;
#428 = ADVANCED_FACE ( 'NONE', ( #337 ), #1375, .T. ) ;
#429 = PRESENTATION_STYLE_ASSIGNMENT (( #1998 ) ) ;
#430 = FACE_OUTER_BOUND ( 'NONE', #563, .T. ) ;
#431 = DIRECTION ( 'NONE',  ( -1.000000000000000000, -0.000000000000000000, -0.000000000000000000 ) ) ;
#432 = AXIS2_PLACEMENT_3D ( 'NONE', #2103, #1049, #1250 ) ;
#433 = AXIS2_PLACEMENT_3D ( 'NONE', #570, #1591, #179 ) ;
#434 = AXIS2_PLACEMENT_3D ( 'NONE', #1820, #1944, #371 ) ;
#435 = DIRECTION ( 'NONE',  ( -0.000000000000000000, 0.8660254037844387076, 0.4999999999999999445 ) ) ;
#436 = AXIS2_PLACEMENT_3D ( 'NONE', #771, #439, #1065 ) ;
#437 = EDGE_LOOP ( 'NONE', ( #228, #2004, #2094 ) ) ;
#438 = AXIS2_PLACEMENT_3D ( 'NONE', #1132, #275, #1139 ) ;
#439 = DIRECTION ( 'NONE',  ( -1.000000000000000000, -0.000000000000000000, -0.000000000000000000 ) ) ;
#440 = DIRECTION ( 'NONE',  ( 0.000000000000000000, -0.8660254037844387076, -0.4999999999999999445 ) ) ;
#441 = CARTESIAN_POINT ( 'NONE',  ( 2.049999999999998046, 0.000000000000000000, -3.500000000000000000 ) ) ;
#442 = ORIENTED_EDGE ( 'NONE', *, *, #372, .F. ) ;
#443 = COLOUR_RGB ( '',0.7960784313725489669, 0.8235294117647058432, 0.9372549019607843146 ) ;
#444 = SURFACE_STYLE_USAGE ( .BOTH. , #2205 ) ;
#445 = DIRECTION ( 'NONE',  ( -1.000000000000000000, -0.000000000000000000, -0.000000000000000000 ) ) ;
#446 = DIRECTION ( 'NONE',  ( -1.000000000000000000, -0.000000000000000000, -0.000000000000000000 ) ) ;
#447 =( GEOMETRIC_REPRESENTATION_CONTEXT ( 3 ) GLOBAL_UNCERTAINTY_ASSIGNED_CONTEXT ( ( #2190 ) ) GLOBAL_UNIT_ASSIGNED_CONTEXT ( ( #1515, #1897, #141 ) ) REPRESENTATION_CONTEXT ( 'NONE', 'WORKASPACE' ) );
#448 = EDGE_CURVE ( 'NONE', #1769, #554, #1744, .T. ) ;
#449 = CARTESIAN_POINT ( 'NONE',  ( 2.196780394811364001, -4.233901974057253881, -0.6666666666666662966 ) ) ;
#450 = DIRECTION ( 'NONE',  ( 0.000000000000000000, 0.000000000000000000, -1.000000000000000000 ) ) ;
#451 = CARTESIAN_POINT ( 'NONE',  ( -10.29999999999999893, 0.000000000000000000, 0.000000000000000000 ) ) ;
#452 = UNCERTAINTY_MEASURE_WITH_UNIT (LENGTH_MEASURE( 1.000000000000000082E-05 ), #1968, 'distance_accuracy_value', 'NONE');
#453 = FILL_AREA_STYLE ('',( #801 ) ) ;
#454 = ORIENTED_EDGE ( 'NONE', *, *, #1594, .F. ) ;
#455 = CARTESIAN_POINT ( 'NONE',  ( -2.273760430703399837, 2.309401076758503812, -4.000000000000001776 ) ) ;
#456 = FILL_AREA_STYLE_COLOUR ( '', #60 ) ;
#457 = LINE ( 'NONE', #1848, #1926 ) ;
#458 = SURFACE_STYLE_FILL_AREA ( #2053 ) ;
#459 = EDGE_CURVE ( 'NONE', #377, #734, #1252, .T. ) ;
#460 =( NAMED_UNIT ( * ) SI_UNIT ( $, .STERADIAN. ) SOLID_ANGLE_UNIT ( ) );
#461 = PRODUCT ( 'SMA adapter male-male', 'SMA adapter male-male', '', ( #1268 ) ) ;
#462 = DIRECTION ( 'NONE',  ( 0.000000000000000000, 0.000000000000000000, 1.000000000000000000 ) ) ;
#463 = EDGE_CURVE ( 'NONE', #930, #41, #941, .T. ) ;
#464 = MECHANICAL_DESIGN_GEOMETRIC_PRESENTATION_REPRESENTATION (  '', ( #2245 ), #1542 ) ;
#465 = FILL_AREA_STYLE ('',( #2029 ) ) ;
#466 = PRESENTATION_STYLE_ASSIGNMENT (( #1682 ) ) ;
#467 = DIRECTION ( 'NONE',  ( 1.000000000000000000, 0.000000000000000000, -0.000000000000000000 ) ) ;
#468 = UNCERTAINTY_MEASURE_WITH_UNIT (LENGTH_MEASURE( 1.000000000000000082E-05 ), #573, 'distance_accuracy_value', 'NONE');
#469 = MECHANICAL_DESIGN_GEOMETRIC_PRESENTATION_REPRESENTATION (  '', ( #1955 ), #103 ) ;
#470 = VECTOR ( 'NONE', #2075, 1000.000000000000000 ) ;
#471 = MECHANICAL_DESIGN_GEOMETRIC_PRESENTATION_REPRESENTATION (  '', ( #1959 ), #1675 ) ;
#472 = CIRCLE ( 'NONE', #433, 3.500000000000000000 ) ;
#473 = CARTESIAN_POINT ( 'NONE',  ( 10.29999999999999893, -4.618802153517005848, 4.207895684660582773E-17 ) ) ;
#474 = UNCERTAINTY_MEASURE_WITH_UNIT (LENGTH_MEASURE( 1.000000000000000082E-05 ), #1870, 'distance_accuracy_value', 'NONE');
#475 = VECTOR ( 'NONE', #1930, 1000.000000000000000 ) ;
#476 = PRESENTATION_LAYER_ASSIGNMENT (  '', '', ( #1263 ) ) ;
#477 = CARTESIAN_POINT ( 'NONE',  ( 7.799999999999998046, 3.500000000000000000, 0.000000000000000000 ) ) ;
#478 = ORIENTED_EDGE ( 'NONE', *, *, #1353, .T. ) ;
#479 = SURFACE_STYLE_FILL_AREA ( #465 ) ;
#480 = CARTESIAN_POINT ( 'NONE',  ( 2.103219605188631380, -3.464101615137753942, 1.999999999999996225 ) ) ;
#481 = AXIS2_PLACEMENT_3D ( 'NONE', #224, #1588, #1759 ) ;
#482 = CARTESIAN_POINT ( 'NONE',  ( 10.29999999999999893, 2.309401076758503368, -4.000000000000001776 ) ) ;
#483 = PLANE ( 'NONE',  #799 ) ;
#484 = EDGE_CURVE ( 'NONE', #1569, #414, #1720, .T. ) ;
#485 = DIRECTION ( 'NONE',  ( -1.000000000000000000, 0.000000000000000000, 0.000000000000000000 ) ) ;
#486 = CARTESIAN_POINT ( 'NONE',  ( -2.273760430703369639, -2.309401076758512250, -4.000000000000000888 ) ) ;
#487 = CARTESIAN_POINT ( 'NONE',  ( -7.576239569296595810, 2.309401076758508253, 3.999999999999997335 ) ) ;
#488 = ORIENTED_EDGE ( 'NONE', *, *, #1215, .F. ) ;
#489 = SURFACE_STYLE_FILL_AREA ( #828 ) ;
#490 = UNCERTAINTY_MEASURE_WITH_UNIT (LENGTH_MEASURE( 1.000000000000000082E-05 ), #648, 'distance_accuracy_value', 'NONE');
#491 =( NAMED_UNIT ( * ) SI_UNIT ( $, .STERADIAN. ) SOLID_ANGLE_UNIT ( ) );
#492 = EDGE_LOOP ( 'NONE', ( #1269, #1786 ) ) ;
#493 = DIRECTION ( 'NONE',  ( -1.000000000000000000, -0.000000000000000000, -0.000000000000000000 ) ) ;
#494 = DIRECTION ( 'NONE',  ( 0.000000000000000000, 0.000000000000000000, 1.000000000000000000 ) ) ;
#495 = CARTESIAN_POINT ( 'NONE',  ( -7.653219605188633423, 4.233901974057258322, -0.6666666666666640761 ) ) ;
#496 = ADVANCED_FACE ( 'NONE', ( #366 ), #1784, .T. ) ;
#497 = FILL_AREA_STYLE_COLOUR ( '', #1110 ) ;
#498 = ORIENTED_EDGE ( 'NONE', *, *, #378, .T. ) ;
#499 = CIRCLE ( 'NONE', #1002, 0.4499999999999999556 ) ;
#500 =( NAMED_UNIT ( * ) PLANE_ANGLE_UNIT ( ) SI_UNIT ( $, .RADIAN. ) );
#501 = AXIS2_PLACEMENT_3D ( 'NONE', #866, #1427, #1567 ) ;
#502 = COLOUR_RGB ( '',0.9686274509803921573, 0.8784313725490195957, 0.5999999999999999778 ) ;
#503 = AXIS2_PLACEMENT_3D ( 'NONE', #2172, #2160, #611 ) ;
#504 = MECHANICAL_DESIGN_GEOMETRIC_PRESENTATION_REPRESENTATION (  '', ( #389 ), #1302 ) ;
#505 = CIRCLE ( 'NONE', #1637, 0.4500000000000000111 ) ;
#506 = CIRCLE ( 'NONE', #1010, 3.749999999999999556 ) ;
#507 = DIRECTION ( 'NONE',  ( 0.000000000000000000, 0.4999999999999997224, 0.8660254037844387076 ) ) ;
#508 = FACE_OUTER_BOUND ( 'NONE', #1025, .T. ) ;
#509 = CARTESIAN_POINT ( 'NONE',  ( 2.273760430703370083, 2.309401076758514026, -4.000000000000001776 ) ) ;
#510 = EDGE_CURVE ( 'NONE', #930, #1695, #2223, .T. ) ;
#511 = ORIENTED_EDGE ( 'NONE', *, *, #1885, .F. ) ;
#512 = DIRECTION ( 'NONE',  ( 0.000000000000000000, 0.000000000000000000, -1.000000000000000000 ) ) ;
#513 = SURFACE_SIDE_STYLE ('',( #521 ) ) ;
#514 = DIRECTION ( 'NONE',  ( -1.000000000000000000, -0.000000000000000000, -0.000000000000000000 ) ) ;
#515 = LINE ( 'NONE', #473, #323 ) ;
#516 =( NAMED_UNIT ( * ) SI_UNIT ( $, .STERADIAN. ) SOLID_ANGLE_UNIT ( ) );
#517 = ORIENTED_EDGE ( 'NONE', *, *, #1807, .F. ) ;
#518 = SURFACE_SIDE_STYLE ('',( #489 ) ) ;
#519 = PRESENTATION_STYLE_ASSIGNMENT (( #393 ) ) ;
#520 = EDGE_LOOP ( 'NONE', ( #1644, #787, #1310, #565 ) ) ;
#521 = SURFACE_STYLE_FILL_AREA ( #1178 ) ;
#522 = CARTESIAN_POINT ( 'NONE',  ( -6.799999999999998934, 0.000000000000000000, 0.000000000000000000 ) ) ;
#523 = APPLICATION_PROTOCOL_DEFINITION ( 'draft international standard', 'automotive_design', 1998, #1312 ) ;
#524 = ORIENTED_EDGE ( 'NONE', *, *, #1324, .F. ) ;
#525 =( NAMED_UNIT ( * ) SI_UNIT ( $, .STERADIAN. ) SOLID_ANGLE_UNIT ( ) );
#526 = CARTESIAN_POINT ( 'NONE',  ( -2.149999999999998135, 0.7679799128243831596, 3.999999999999997335 ) ) ;
#527 = ORIENTED_EDGE ( 'NONE', *, *, #2055, .F. ) ;
#528 = CARTESIAN_POINT ( 'NONE',  ( 7.799999999999999822, 0.000000000000000000, 0.000000000000000000 ) ) ;
#529 = EDGE_CURVE ( 'NONE', #1193, #1928, #1077, .T. ) ;
#530 = AXIS2_PLACEMENT_3D ( 'NONE', #1245, #1970, #362 ) ;
#531 =( GEOMETRIC_REPRESENTATION_CONTEXT ( 3 ) GLOBAL_UNCERTAINTY_ASSIGNED_CONTEXT ( ( #143 ) ) GLOBAL_UNIT_ASSIGNED_CONTEXT ( ( #593, #603, #1665 ) ) REPRESENTATION_CONTEXT ( 'NONE', 'WORKASPACE' ) );
#532 = AXIS2_PLACEMENT_3D ( 'NONE', #1782, #1810, #388 ) ;
#533 = FACE_OUTER_BOUND ( 'NONE', #81, .T. ) ;
#534 = STYLED_ITEM ( 'NONE', ( #1289 ), #364 ) ;
#535 = DIRECTION ( 'NONE',  ( -1.000000000000000000, -0.000000000000000000, -0.000000000000000000 ) ) ;
#536 = AXIS2_PLACEMENT_3D ( 'NONE', #2100, #961, #1972 ) ;
#537 =( GEOMETRIC_REPRESENTATION_CONTEXT ( 3 ) GLOBAL_UNCERTAINTY_ASSIGNED_CONTEXT ( ( #612 ) ) GLOBAL_UNIT_ASSIGNED_CONTEXT ( ( #812, #2014, #638 ) ) REPRESENTATION_CONTEXT ( 'NONE', 'WORKASPACE' ) );
#538 = PRESENTATION_LAYER_ASSIGNMENT (  '', '', ( #581 ) ) ;
#539 = SURFACE_STYLE_FILL_AREA ( #1031 ) ;
#540 = CARTESIAN_POINT ( 'NONE',  ( -9.799999999999990052, 0.000000000000000000, 0.000000000000000000 ) ) ;
#541 = FACE_OUTER_BOUND ( 'NONE', #1244, .T. ) ;
#542 = CARTESIAN_POINT ( 'NONE',  ( 2.103219605188633157, 3.464101615137757495, 2.000000000000000444 ) ) ;
#543 = PRESENTATION_LAYER_ASSIGNMENT (  '', '', ( #1345 ) ) ;
#544 = DIRECTION ( 'NONE',  ( -1.000000000000000000, -0.000000000000000000, -0.000000000000000000 ) ) ;
#545 = MECHANICAL_DESIGN_GEOMETRIC_PRESENTATION_REPRESENTATION (  '', ( #1937 ), #447 ) ;
#546 = CARTESIAN_POINT ( 'NONE',  ( 2.149999999999839595, 8.685880746055440384E-15, -4.000000000000001776 ) ) ;
#547 = CARTESIAN_POINT ( 'NONE',  ( -7.699999999999999289, 0.7737349324472625467, 3.999999999999997335 ) ) ;
#548 = LINE ( 'NONE', #1410, #791 ) ;
#549 = SHAPE_DEFINITION_REPRESENTATION ( #1886, #557 ) ;
#550 = PRESENTATION_STYLE_ASSIGNMENT (( #1397 ) ) ;
#551 = ORIENTED_EDGE ( 'NONE', *, *, #1230, .F. ) ;
#552 = ADVANCED_FACE ( 'NONE', ( #541 ), #231, .T. ) ;
#553 = CARTESIAN_POINT ( 'NONE',  ( -8.849999999999997868, 0.000000000000000000, 0.000000000000000000 ) ) ;
#554 = VERTEX_POINT ( 'NONE', #1501 ) ;
#555 = SURFACE_SIDE_STYLE ('',( #209 ) ) ;
#556 = DIRECTION ( 'NONE',  ( -0.1961161351381850992, 1.200864985790633912E-16, -0.9805806756909200006 ) ) ;
#557 = ADVANCED_BREP_SHAPE_REPRESENTATION ( 'SMA adapter male-male', ( #341, #1554 ), #2253 ) ;
#558 = ORIENTED_EDGE ( 'NONE', *, *, #378, .F. ) ;
#559 = CARTESIAN_POINT ( 'NONE',  ( 2.149999999999838707, -8.196021905759699736E-15, 3.999999999999997335 ) ) ;
#560 = DIRECTION ( 'NONE',  ( 0.000000000000000000, 0.000000000000000000, 1.000000000000000000 ) ) ;
#561 = DIRECTION ( 'NONE',  ( -0.1961161351381839890, 0.000000000000000000, 0.9805806756909202226 ) ) ;
#562 = EDGE_CURVE ( 'NONE', #2204, #1917, #1498, .T. ) ;
#563 = EDGE_LOOP ( 'NONE', ( #1806, #674, #1422, #1499 ) ) ;
#564 = CARTESIAN_POINT ( 'NONE',  ( 10.29999999999999893, -2.309401076758501592, -4.000000000000000888 ) ) ;
#565 = ORIENTED_EDGE ( 'NONE', *, *, #1671, .F. ) ;
#566 = ORIENTED_EDGE ( 'NONE', *, *, #848, .T. ) ;
#567 = CYLINDRICAL_SURFACE ( 'NONE', #436, 3.750000000000000000 ) ;
#568 = CYLINDRICAL_SURFACE ( 'NONE', #297, 3.149999999999999911 ) ;
#569 = VERTEX_POINT ( 'NONE', #1646 ) ;
#570 = CARTESIAN_POINT ( 'NONE',  ( -7.799999999999998046, 0.000000000000000000, 0.000000000000000000 ) ) ;
#571 = DIRECTION ( 'NONE',  ( 1.000000000000000000, 0.000000000000000000, 0.000000000000000000 ) ) ;
#572 = COLOUR_RGB ( '',0.9686274509803921573, 0.8784313725490195957, 0.5999999999999999778 ) ;
#573 =( LENGTH_UNIT ( ) NAMED_UNIT ( * ) SI_UNIT ( .MILLI., .METRE. ) );
#574 = STYLED_ITEM ( 'NONE', ( #729 ), #552 ) ;
#575 = PRESENTATION_LAYER_ASSIGNMENT (  '', '', ( #1547 ) ) ;
#576 = ORIENTED_EDGE ( 'NONE', *, *, #1622, .T. ) ;
#577 = AXIS2_PLACEMENT_3D ( 'NONE', #1952, #381, #1072 ) ;
#578 = STYLED_ITEM ( 'NONE', ( #1476 ), #2227 ) ;
#579 = CARTESIAN_POINT ( 'NONE',  ( 6.799999999999998934, 0.000000000000000000, 0.000000000000000000 ) ) ;
#580 = PRESENTATION_STYLE_ASSIGNMENT (( #2178 ) ) ;
#581 = STYLED_ITEM ( 'NONE', ( #2151 ), #352 ) ;
#582 = EDGE_LOOP ( 'NONE', ( #987, #310, #1265, #1042 ) ) ;
#583 = EDGE_CURVE ( 'NONE', #695, #2171, #2147, .T. ) ;
#584 = PRESENTATION_LAYER_ASSIGNMENT (  '', '', ( #292 ) ) ;
#585 = SURFACE_STYLE_USAGE ( .BOTH. , #1799 ) ;
#586 = DIRECTION ( 'NONE',  ( 0.1961161351381839890, 0.000000000000000000, -0.9805806756909202226 ) ) ;
#587 = ORIENTED_EDGE ( 'NONE', *, *, #562, .T. ) ;
#588 = ORIENTED_EDGE ( 'NONE', *, *, #784, .F. ) ;
#589 =( NAMED_UNIT ( * ) PLANE_ANGLE_UNIT ( ) SI_UNIT ( $, .RADIAN. ) );
#590 = CARTESIAN_POINT ( 'NONE',  ( -7.576239569296596699, -4.618802153517005848, 4.207895684660582773E-17 ) ) ;
#591 = ORIENTED_EDGE ( 'NONE', *, *, #2243, .F. ) ;
#592 = SURFACE_STYLE_FILL_AREA ( #2148 ) ;
#593 =( LENGTH_UNIT ( ) NAMED_UNIT ( * ) SI_UNIT ( .MILLI., .METRE. ) );
#594 = ORIENTED_EDGE ( 'NONE', *, *, #1003, .T. ) ;
#595 = CARTESIAN_POINT ( 'NONE',  ( 7.576239569296597587, -2.309401076758502036, 3.999999999999997335 ) ) ;
#596 = CARTESIAN_POINT ( 'NONE',  ( 2.149999999999996358, 0.7737349324472605483, 3.999999999999997335 ) ) ;
#597 = ORIENTED_EDGE ( 'NONE', *, *, #1360, .T. ) ;
#598 = DIRECTION ( 'NONE',  ( -1.000000000000000000, -0.000000000000000000, -0.000000000000000000 ) ) ;
#599 = ADVANCED_FACE ( 'NONE', ( #753 ), #2181, .T. ) ;
#600 = EDGE_LOOP ( 'NONE', ( #743, #1141, #1125, #2027 ) ) ;
#601 = SURFACE_STYLE_USAGE ( .BOTH. , #555 ) ;
#602 = PLANE ( 'NONE',  #1112 ) ;
#603 =( NAMED_UNIT ( * ) PLANE_ANGLE_UNIT ( ) SI_UNIT ( $, .RADIAN. ) );
#604 = ORIENTED_EDGE ( 'NONE', *, *, #1994, .T. ) ;
#605 = CARTESIAN_POINT ( 'NONE',  ( 8.849999999999997868, 0.000000000000000000, 0.000000000000000000 ) ) ;
#606 = PRESENTATION_STYLE_ASSIGNMENT (( #1983 ) ) ;
#607 = CYLINDRICAL_SURFACE ( 'NONE', #947, 0.4499999999999999556 ) ;
#608 = DIRECTION ( 'NONE',  ( 0.000000000000000000, 0.000000000000000000, 1.000000000000000000 ) ) ;
#609 = PRODUCT_DEFINITION_CONTEXT ( 'detailed design', #1312, 'design' ) ;
#610 = VERTEX_POINT ( 'NONE', #271 ) ;
#611 = DIRECTION ( 'NONE',  ( 0.000000000000000000, 1.000000000000000000, -1.877893248421449775E-16 ) ) ;
#612 = UNCERTAINTY_MEASURE_WITH_UNIT (LENGTH_MEASURE( 1.000000000000000082E-05 ), #812, 'distance_accuracy_value', 'NONE');
#613 = SURFACE_STYLE_FILL_AREA ( #2013 ) ;
#614 = EDGE_CURVE ( 'NONE', #72, #1872, #967, .T. ) ;
#615 = CARTESIAN_POINT ( 'NONE',  ( -2.273760430703399393, 4.618802153517007625, 3.079876084656988073E-15 ) ) ;
#616 =( LENGTH_UNIT ( ) NAMED_UNIT ( * ) SI_UNIT ( .MILLI., .METRE. ) );
#617 = ORIENTED_EDGE ( 'NONE', *, *, #1137, .F. ) ;
#618 =( GEOMETRIC_REPRESENTATION_CONTEXT ( 3 ) GLOBAL_UNCERTAINTY_ASSIGNED_CONTEXT ( ( #1005 ) ) GLOBAL_UNIT_ASSIGNED_CONTEXT ( ( #1715, #2235, #2082 ) ) REPRESENTATION_CONTEXT ( 'NONE', 'WORKASPACE' ) );
#619 = CARTESIAN_POINT ( 'NONE',  ( -2.149999999999996358, -0.7737349324472573286, 3.999999999999997335 ) ) ;
#620 = AXIS2_PLACEMENT_3D ( 'NONE', #1762, #1619, #1246 ) ;
#621 = MECHANICAL_DESIGN_GEOMETRIC_PRESENTATION_REPRESENTATION (  '', ( #245 ), #824 ) ;
#622 = FACE_OUTER_BOUND ( 'NONE', #1751, .T. ) ;
#623 = AXIS2_PLACEMENT_3D ( 'NONE', #605, #646, #1449 ) ;
#624 =( GEOMETRIC_REPRESENTATION_CONTEXT ( 3 ) GLOBAL_UNCERTAINTY_ASSIGNED_CONTEXT ( ( #328 ) ) GLOBAL_UNIT_ASSIGNED_CONTEXT ( ( #234, #1414, #931 ) ) REPRESENTATION_CONTEXT ( 'NONE', 'WORKASPACE' ) );
#625 = PRESENTATION_LAYER_ASSIGNMENT (  '', '', ( #897 ) ) ;
#626 = AXIS2_PLACEMENT_3D ( 'NONE', #1853, #159, #882 ) ;
#627 = VERTEX_POINT ( 'NONE', #246 ) ;
#628 = ADVANCED_FACE ( 'NONE', ( #634 ), #2020, .T. ) ;
#629 = VECTOR ( 'NONE', #556, 1000.000000000000000 ) ;
#630 = DIRECTION ( 'NONE',  ( -1.000000000000000000, -0.000000000000000000, -0.000000000000000000 ) ) ;
#631 = DIRECTION ( 'NONE',  ( 0.000000000000000000, 0.000000000000000000, 1.000000000000000000 ) ) ;
#632 = DIRECTION ( 'NONE',  ( 0.7071067811865493491, 0.000000000000000000, -0.7071067811865456854 ) ) ;
#633 = FILL_AREA_STYLE ('',( #1157 ) ) ;
#634 = FACE_OUTER_BOUND ( 'NONE', #178, .T. ) ;
#635 = UNCERTAINTY_MEASURE_WITH_UNIT (LENGTH_MEASURE( 1.000000000000000082E-05 ), #333, 'distance_accuracy_value', 'NONE');
#636 = EDGE_CURVE ( 'NONE', #58, #1390, #1198, .T. ) ;
#637 = UNCERTAINTY_MEASURE_WITH_UNIT (LENGTH_MEASURE( 1.000000000000000082E-05 ), #831, 'distance_accuracy_value', 'NONE');
#638 =( NAMED_UNIT ( * ) SI_UNIT ( $, .STERADIAN. ) SOLID_ANGLE_UNIT ( ) );
#639 = VERTEX_POINT ( 'NONE', #487 ) ;
#640 = FACE_OUTER_BOUND ( 'NONE', #705, .T. ) ;
#641 =( NAMED_UNIT ( * ) SI_UNIT ( $, .STERADIAN. ) SOLID_ANGLE_UNIT ( ) );
#642 = SURFACE_STYLE_USAGE ( .BOTH. , #2019 ) ;
#643 = DIRECTION ( 'NONE',  ( -1.000000000000000000, -0.000000000000000000, -0.000000000000000000 ) ) ;
#644 = EDGE_CURVE ( 'NONE', #722, #377, #1878, .T. ) ;
#645 = LINE ( 'NONE', #2202, #1587 ) ;
#646 = DIRECTION ( 'NONE',  ( -0.000000000000000000, 1.000000000000000000, 1.224646799147353207E-16 ) ) ;
#647 = VERTEX_POINT ( 'NONE', #837 ) ;
#648 =( LENGTH_UNIT ( ) NAMED_UNIT ( * ) SI_UNIT ( .MILLI., .METRE. ) );
#649 = CARTESIAN_POINT ( 'NONE',  ( -2.196780394811364445, -4.233901974057255657, -0.6666666666666658525 ) ) ;
#650 = CARTESIAN_POINT ( 'NONE',  ( 7.576239569296597587, -2.309401076758502036, 3.999999999999997335 ) ) ;
#651 = FILL_AREA_STYLE ('',( #497 ) ) ;
#652 = MECHANICAL_DESIGN_GEOMETRIC_PRESENTATION_REPRESENTATION (  '', ( #1220 ), #618 ) ;
#653 = VECTOR ( 'NONE', #872, 1000.000000000000000 ) ;
#654 = ADVANCED_FACE ( 'NONE', ( #820 ), #2234, .T. ) ;
#655 = PRESENTATION_LAYER_ASSIGNMENT (  '', '', ( #1296 ) ) ;
#656 = MECHANICAL_DESIGN_GEOMETRIC_PRESENTATION_REPRESENTATION (  '', ( #1633 ), #1553 ) ;
#657 = UNCERTAINTY_MEASURE_WITH_UNIT (LENGTH_MEASURE( 1.000000000000000082E-05 ), #1276, 'distance_accuracy_value', 'NONE');
#658 =( GEOMETRIC_REPRESENTATION_CONTEXT ( 3 ) GLOBAL_UNCERTAINTY_ASSIGNED_CONTEXT ( ( #452 ) ) GLOBAL_UNIT_ASSIGNED_CONTEXT ( ( #1968, #1393, #1477 ) ) REPRESENTATION_CONTEXT ( 'NONE', 'WORKASPACE' ) );
#659 = DIRECTION ( 'NONE',  ( 0.000000000000000000, 0.8660254037844388186, -0.4999999999999997780 ) ) ;
#660 = SURFACE_SIDE_STYLE ('',( #992 ) ) ;
#661 = AXIS2_PLACEMENT_3D ( 'NONE', #996, #2213, #1700 ) ;
#662 = EDGE_LOOP ( 'NONE', ( #1725, #153 ) ) ;
#663 = FACE_OUTER_BOUND ( 'NONE', #427, .T. ) ;
#664 =( LENGTH_UNIT ( ) NAMED_UNIT ( * ) SI_UNIT ( .MILLI., .METRE. ) );
#665 = CARTESIAN_POINT ( 'NONE',  ( 7.576239569296596699, 4.618802153517008513, 3.513977820763865804E-15 ) ) ;
#666 = DIRECTION ( 'NONE',  ( 1.000000000000000000, 0.000000000000000000, 0.000000000000000000 ) ) ;
#667 = PLANE ( 'NONE',  #2153 ) ;
#668 = LINE ( 'NONE', #564, #797 ) ;
#669 = ORIENTED_EDGE ( 'NONE', *, *, #273, .F. ) ;
#670 = DIRECTION ( 'NONE',  ( -1.000000000000000000, -0.000000000000000000, -0.000000000000000000 ) ) ;
#671 = CARTESIAN_POINT ( 'NONE',  ( 2.273760430703398949, -4.618802153517005848, 2.436725317657616096E-16 ) ) ;
#672 = DIRECTION ( 'NONE',  ( 0.000000000000000000, 0.000000000000000000, 1.000000000000000000 ) ) ;
#673 = SURFACE_SIDE_STYLE ('',( #142 ) ) ;
#674 = ORIENTED_EDGE ( 'NONE', *, *, #1315, .T. ) ;
#675 = CARTESIAN_POINT ( 'NONE',  ( -14.52472286290786485, 3.367778697655221012E-16, -2.750000000000000000 ) ) ;
#676 = ORIENTED_EDGE ( 'NONE', *, *, #2243, .T. ) ;
#677 = ADVANCED_FACE ( 'NONE', ( #305 ), #1883, .T. ) ;
#678 = PRESENTATION_STYLE_ASSIGNMENT (( #1893 ) ) ;
#679 = PLANE ( 'NONE',  #684 ) ;
#680 = CIRCLE ( 'NONE', #1850, 2.750000000000000000 ) ;
#681 = CARTESIAN_POINT ( 'NONE',  ( 7.799999999999999822, 4.975442947536171548E-16, -3.500000000000000000 ) ) ;
#682 = CARTESIAN_POINT ( 'NONE',  ( -2.273760430703370083, 2.309401076758519356, 3.999999999999997335 ) ) ;
#683 = ORIENTED_EDGE ( 'NONE', *, *, #257, .F. ) ;
#684 = AXIS2_PLACEMENT_3D ( 'NONE', #2240, #1365, #507 ) ;
#685 = CIRCLE ( 'NONE', #137, 0.4499999999999999556 ) ;
#686 = COLOUR_RGB ( '',0.9686274509803921573, 0.8784313725490195957, 0.5999999999999999778 ) ;
#687 = FACE_OUTER_BOUND ( 'NONE', #2016, .T. ) ;
#688 = CIRCLE ( 'NONE', #1120, 2.750000000000000000 ) ;
#689 = PRESENTATION_LAYER_ASSIGNMENT (  '', '', ( #534 ) ) ;
#690 = SURFACE_STYLE_USAGE ( .BOTH. , #513 ) ;
#691 = CARTESIAN_POINT ( 'NONE',  ( -2.273760430703398949, -4.618802153517005848, 5.841261628611900120E-17 ) ) ;
#692 = SURFACE_SIDE_STYLE ('',( #1456 ) ) ;
#693 = LINE ( 'NONE', #1389, #822 ) ;
#694 = UNCERTAINTY_MEASURE_WITH_UNIT (LENGTH_MEASURE( 1.000000000000000082E-05 ), #1306, 'distance_accuracy_value', 'NONE');
#695 = VERTEX_POINT ( 'NONE', #843 ) ;
#696 = ORIENTED_EDGE ( 'NONE', *, *, #1803, .T. ) ;
#697 = EDGE_CURVE ( 'NONE', #373, #1050, #830, .T. ) ;
#698 = DIRECTION ( 'NONE',  ( 0.000000000000000000, 0.000000000000000000, 1.000000000000000000 ) ) ;
#699 = CARTESIAN_POINT ( 'NONE',  ( -9.799999999999990052, 3.367778697655221012E-16, -2.750000000000000000 ) ) ;
#700 =( NAMED_UNIT ( * ) SI_UNIT ( $, .STERADIAN. ) SOLID_ANGLE_UNIT ( ) );
#701 = ORIENTED_EDGE ( 'NONE', *, *, #1760, .T. ) ;
#702 = EDGE_CURVE ( 'NONE', #950, #738, #1208, .T. ) ;
#703 =( NAMED_UNIT ( * ) PLANE_ANGLE_UNIT ( ) SI_UNIT ( $, .RADIAN. ) );
#704 = DIRECTION ( 'NONE',  ( -0.000000000000000000, 0.000000000000000000, 1.000000000000000000 ) ) ;
#705 = EDGE_LOOP ( 'NONE', ( #1428, #927 ) ) ;
#706 =( NAMED_UNIT ( * ) SI_UNIT ( $, .STERADIAN. ) SOLID_ANGLE_UNIT ( ) );
#707 = CARTESIAN_POINT ( 'NONE',  ( 7.576239569296596699, 2.309401076758508253, 3.999999999999997335 ) ) ;
#708 = SURFACE_SIDE_STYLE ('',( #1560 ) ) ;
#709 = FACE_OUTER_BOUND ( 'NONE', #1956, .T. ) ;
#710 = ORIENTED_EDGE ( 'NONE', *, *, #1199, .T. ) ;
#711 = PRESENTATION_STYLE_ASSIGNMENT (( #585 ) ) ;
#712 =( LENGTH_UNIT ( ) NAMED_UNIT ( * ) SI_UNIT ( .MILLI., .METRE. ) );
#713 = EDGE_CURVE ( 'NONE', #373, #1193, #1537, .T. ) ;
#714 = VERTEX_POINT ( 'NONE', #994 ) ;
#715 = DIRECTION ( 'NONE',  ( -1.000000000000000000, -0.000000000000000000, -0.000000000000000000 ) ) ;
#716 = AXIS2_PLACEMENT_3D ( 'NONE', #1290, #241, #1999 ) ;
#717 = COLOUR_RGB ( '',0.9686274509803921573, 0.8784313725490195957, 0.5999999999999999778 ) ;
#718 = DIRECTION ( 'NONE',  ( 0.1961161351381839890, 0.000000000000000000, -0.9805806756909202226 ) ) ;
#719 = PRESENTATION_LAYER_ASSIGNMENT (  '', '', ( #1962 ) ) ;
#720 = AXIS2_PLACEMENT_3D ( 'NONE', #1987, #1305, #467 ) ;
#721 = LINE ( 'NONE', #1946, #1704 ) ;
#722 = VERTEX_POINT ( 'NONE', #311 ) ;
#723 = CARTESIAN_POINT ( 'NONE',  ( -8.849999999999997868, 0.000000000000000000, 0.000000000000000000 ) ) ;
#724 = CARTESIAN_POINT ( 'NONE',  ( 2.196780394811364889, 4.233901974057256545, 0.6666666666666694052 ) ) ;
#725 = CARTESIAN_POINT ( 'NONE',  ( 2.049999999999998046, 4.286263797015736595E-16, 3.500000000000000000 ) ) ;
#726 = ADVANCED_FACE ( 'NONE', ( #2222 ), #1696, .F. ) ;
#727 = CARTESIAN_POINT ( 'NONE',  ( -14.52472286290786485, 3.367778697655221012E-16, -2.750000000000000000 ) ) ;
#728 = ORIENTED_EDGE ( 'NONE', *, *, #804, .T. ) ;
#729 = PRESENTATION_STYLE_ASSIGNMENT (( #2139 ) ) ;
#730 = ORIENTED_EDGE ( 'NONE', *, *, #1029, .T. ) ;
#731 = EDGE_LOOP ( 'NONE', ( #1536, #125, #329, #1746 ) ) ;
#732 = CARTESIAN_POINT ( 'NONE',  ( 8.849999999999997868, 0.000000000000000000, 0.000000000000000000 ) ) ;
#733 =( LENGTH_UNIT ( ) NAMED_UNIT ( * ) SI_UNIT ( .MILLI., .METRE. ) );
#734 = VERTEX_POINT ( 'NONE', #2066 ) ;
#735 = EDGE_CURVE ( 'NONE', #420, #769, #1927, .T. ) ;
#736 = FACE_OUTER_BOUND ( 'NONE', #1288, .T. ) ;
#737 = ORIENTED_EDGE ( 'NONE', *, *, #1841, .T. ) ;
#738 = VERTEX_POINT ( 'NONE', #1514 ) ;
#739 = DIRECTION ( 'NONE',  ( 0.000000000000000000, 0.000000000000000000, 1.000000000000000000 ) ) ;
#740 = FILL_AREA_STYLE_COLOUR ( '', #717 ) ;
#741 = DIRECTION ( 'NONE',  ( 1.000000000000000000, -0.000000000000000000, -0.000000000000000000 ) ) ;
#742 = MECHANICAL_DESIGN_GEOMETRIC_PRESENTATION_REPRESENTATION (  '', ( #292 ), #1034 ) ;
#743 = ORIENTED_EDGE ( 'NONE', *, *, #410, .F. ) ;
#744 = PRESENTATION_LAYER_ASSIGNMENT (  '', '', ( #1581 ) ) ;
#745 = COLOUR_RGB ( '',0.9686274509803921573, 0.8784313725490195957, 0.5999999999999999778 ) ;
#746 =( LENGTH_UNIT ( ) NAMED_UNIT ( * ) SI_UNIT ( .MILLI., .METRE. ) );
#747 = ADVANCED_FACE ( 'NONE', ( #663 ), #2249, .F. ) ;
#748 = LINE ( 'NONE', #2168, #385 ) ;
#749 = PRESENTATION_LAYER_ASSIGNMENT (  '', '', ( #288 ) ) ;
#750 = COLOUR_RGB ( '',0.9686274509803921573, 0.8784313725490195957, 0.5999999999999999778 ) ;
#751 = EDGE_LOOP ( 'NONE', ( #1204, #1106 ) ) ;
#752 =( GEOMETRIC_REPRESENTATION_CONTEXT ( 3 ) GLOBAL_UNCERTAINTY_ASSIGNED_CONTEXT ( ( #1511 ) ) GLOBAL_UNIT_ASSIGNED_CONTEXT ( ( #1851, #1865, #1316 ) ) REPRESENTATION_CONTEXT ( 'NONE', 'WORKASPACE' ) );
#753 = FACE_OUTER_BOUND ( 'NONE', #47, .T. ) ;
#754 = EDGE_CURVE ( 'NONE', #183, #714, #472, .T. ) ;
#755 = CARTESIAN_POINT ( 'NONE',  ( -6.799999999999998934, 0.000000000000000000, 2.750000000000000000 ) ) ;
#756 = ORIENTED_EDGE ( 'NONE', *, *, #814, .T. ) ;
#757 = FILL_AREA_STYLE ('',( #1440 ) ) ;
#758 =( NAMED_UNIT ( * ) PLANE_ANGLE_UNIT ( ) SI_UNIT ( $, .RADIAN. ) );
#759 =( LENGTH_UNIT ( ) NAMED_UNIT ( * ) SI_UNIT ( .MILLI., .METRE. ) );
#760 = AXIS2_PLACEMENT_3D ( 'NONE', #528, #49, #1943 ) ;
#761 = SURFACE_STYLE_FILL_AREA ( #453 ) ;
#762 = ORIENTED_EDGE ( 'NONE', *, *, #463, .F. ) ;
#763 = CARTESIAN_POINT ( 'NONE',  ( 10.29999999999999893, -4.618802153517005848, 4.207895684660582773E-17 ) ) ;
#764 = FILL_AREA_STYLE ('',( #73 ) ) ;
#765 = FACE_OUTER_BOUND ( 'NONE', #2244, .T. ) ;
#766 =( NAMED_UNIT ( * ) PLANE_ANGLE_UNIT ( ) SI_UNIT ( $, .RADIAN. ) );
#767 =( NAMED_UNIT ( * ) PLANE_ANGLE_UNIT ( ) SI_UNIT ( $, .RADIAN. ) );
#768 = VERTEX_POINT ( 'NONE', #51 ) ;
#769 = VERTEX_POINT ( 'NONE', #370 ) ;
#770 = ADVANCED_FACE ( 'NONE', ( #533 ), #1222, .T. ) ;
#771 = CARTESIAN_POINT ( 'NONE',  ( -14.52472286290786485, 0.000000000000000000, 0.000000000000000000 ) ) ;
#772 = SURFACE_SIDE_STYLE ('',( #82 ) ) ;
#773 = CARTESIAN_POINT ( 'NONE',  ( 9.299999999999998934, 0.000000000000000000, 2.755455298081544470E-17 ) ) ;
#774 = FACE_OUTER_BOUND ( 'NONE', #1989, .T. ) ;
#775 = ORIENTED_EDGE ( 'NONE', *, *, #636, .T. ) ;
#776 = FACE_BOUND ( 'NONE', #1780, .T. ) ;
#777 = SURFACE_STYLE_FILL_AREA ( #790 ) ;
#778 = CARTESIAN_POINT ( 'NONE',  ( 2.273760430703398949, -2.309401076758501592, -4.000000000000000888 ) ) ;
#779 = CARTESIAN_POINT ( 'NONE',  ( -7.576239569296595810, 4.618802153517007625, 3.116079441291487618E-15 ) ) ;
#780 = UNCERTAINTY_MEASURE_WITH_UNIT (LENGTH_MEASURE( 1.000000000000000082E-05 ), #1348, 'distance_accuracy_value', 'NONE');
#781 = VERTEX_POINT ( 'NONE', #546 ) ;
#782 = SURFACE_STYLE_USAGE ( .BOTH. , #2024 ) ;
#783 = DIRECTION ( 'NONE',  ( 0.000000000000000000, 0.000000000000000000, -1.000000000000000000 ) ) ;
#784 = EDGE_CURVE ( 'NONE', #768, #569, #124, .T. ) ;
#785 = UNCERTAINTY_MEASURE_WITH_UNIT (LENGTH_MEASURE( 1.000000000000000082E-05 ), #296, 'distance_accuracy_value', 'NONE');
#786 = FILL_AREA_STYLE ('',( #1793 ) ) ;
#787 = ORIENTED_EDGE ( 'NONE', *, *, #410, .T. ) ;
#788 = CARTESIAN_POINT ( 'NONE',  ( 9.799999999999991829, 0.000000000000000000, 0.000000000000000000 ) ) ;
#789 = B_SPLINE_CURVE_WITH_KNOTS ( 'NONE', 3,
 ( #1864, #449, #1122, #1875, #778 ),
 .UNSPECIFIED., .F., .F.,
 ( 4, 1, 4 ),
 ( 2.309401076747457506E-07, 0.002309632016866178424, 0.004619033093624681612 ),
 .UNSPECIFIED. ) ;
#790 = FILL_AREA_STYLE ('',( #1313 ) ) ;
#791 = VECTOR ( 'NONE', #340, 1000.000000000000000 ) ;
#792 = CARTESIAN_POINT ( 'NONE',  ( 10.29999999999999893, -2.309401076758502036, 3.999999999999997335 ) ) ;
#793 = AXIS2_PLACEMENT_3D ( 'NONE', #1143, #1470, #631 ) ;
#794 = PRODUCT_DEFINITION ( 'UNKNOWN', '', #2195, #609 ) ;
#795 =( NAMED_UNIT ( * ) PLANE_ANGLE_UNIT ( ) SI_UNIT ( $, .RADIAN. ) );
#796 = MECHANICAL_DESIGN_GEOMETRIC_PRESENTATION_REPRESENTATION (  '', ( #1962 ), #1859 ) ;
#797 = VECTOR ( 'NONE', #1949, 1000.000000000000000 ) ;
#798 = CARTESIAN_POINT ( 'NONE',  ( -7.653219605188631647, -2.694301256218252227, 3.333333333333331261 ) ) ;
#799 = AXIS2_PLACEMENT_3D ( 'NONE', #868, #666, #1382 ) ;
#800 = SURFACE_STYLE_USAGE ( .BOTH. , #959 ) ;
#801 = FILL_AREA_STYLE_COLOUR ( '', #2073 ) ;
#802 = ORIENTED_EDGE ( 'NONE', *, *, #1165, .T. ) ;
#803 = CIRCLE ( 'NONE', #1455, 2.750000000000000000 ) ;
#804 = EDGE_CURVE ( 'NONE', #418, #1777, #28, .T. ) ;
#805 = SURFACE_SIDE_STYLE ('',( #777 ) ) ;
#806 = DIRECTION ( 'NONE',  ( 0.000000000000000000, 0.000000000000000000, 1.000000000000000000 ) ) ;
#807 = SURFACE_STYLE_FILL_AREA ( #1626 ) ;
#808 = SURFACE_STYLE_FILL_AREA ( #114 ) ;
#809 = UNCERTAINTY_MEASURE_WITH_UNIT (LENGTH_MEASURE( 1.000000000000000082E-05 ), #1486, 'distance_accuracy_value', 'NONE');
#810 =( LENGTH_UNIT ( ) NAMED_UNIT ( * ) SI_UNIT ( .MILLI., .METRE. ) );
#811 = UNCERTAINTY_MEASURE_WITH_UNIT (LENGTH_MEASURE( 1.000000000000000082E-05 ), #1825, 'distance_accuracy_value', 'NONE');
#812 =( LENGTH_UNIT ( ) NAMED_UNIT ( * ) SI_UNIT ( .MILLI., .METRE. ) );
#813 = FACE_OUTER_BOUND ( 'NONE', #2070, .T. ) ;
#814 = EDGE_CURVE ( 'NONE', #950, #368, #426, .T. ) ;
#815 =( NAMED_UNIT ( * ) SI_UNIT ( $, .STERADIAN. ) SOLID_ANGLE_UNIT ( ) );
#816 = SURFACE_STYLE_USAGE ( .BOTH. , #673 ) ;
#817 =( LENGTH_UNIT ( ) NAMED_UNIT ( * ) SI_UNIT ( .MILLI., .METRE. ) );
#818 = FACE_BOUND ( 'NONE', #1293, .T. ) ;
#819 = CARTESIAN_POINT ( 'NONE',  ( -14.52472286290786485, 0.000000000000000000, 0.000000000000000000 ) ) ;
#820 = FACE_OUTER_BOUND ( 'NONE', #1126, .T. ) ;
#821 = DIRECTION ( 'NONE',  ( -1.000000000000000000, -0.000000000000000000, -0.000000000000000000 ) ) ;
#822 = VECTOR ( 'NONE', #561, 1000.000000000000000 ) ;
#823 = COLOUR_RGB ( '',0.9686274509803921573, 0.8784313725490195957, 0.5999999999999999778 ) ;
#824 =( GEOMETRIC_REPRESENTATION_CONTEXT ( 3 ) GLOBAL_UNCERTAINTY_ASSIGNED_CONTEXT ( ( #635 ) ) GLOBAL_UNIT_ASSIGNED_CONTEXT ( ( #333, #1722, #151 ) ) REPRESENTATION_CONTEXT ( 'NONE', 'WORKASPACE' ) );
#825 = AXIS2_PLACEMENT_3D ( 'NONE', #417, #229, #1487 ) ;
#826 = MECHANICAL_DESIGN_GEOMETRIC_PRESENTATION_REPRESENTATION (  '', ( #1405 ), #1447 ) ;
#827 = MECHANICAL_DESIGN_GEOMETRIC_PRESENTATION_REPRESENTATION (  '', ( #22 ), #1372 ) ;
#828 = FILL_AREA_STYLE ('',( #163 ) ) ;
#829 = UNCERTAINTY_MEASURE_WITH_UNIT (LENGTH_MEASURE( 1.000000000000000082E-05 ), #1011, 'distance_accuracy_value', 'NONE');
#830 = B_SPLINE_CURVE_WITH_KNOTS ( 'NONE', 3,
 ( #865, #1921, #2087, #2231 ),
 .UNSPECIFIED., .F., .F.,
 ( 4, 4 ),
 ( 0.004672193333373864804, 0.006982912198564398404 ),
 .UNSPECIFIED. ) ;
#831 =( LENGTH_UNIT ( ) NAMED_UNIT ( * ) SI_UNIT ( .MILLI., .METRE. ) );
#832 = SURFACE_STYLE_FILL_AREA ( #136 ) ;
#833 = ORIENTED_EDGE ( 'NONE', *, *, #971, .F. ) ;
#834 = CARTESIAN_POINT ( 'NONE',  ( 2.273760430703398949, -4.618802153517005848, 2.436725317657616096E-16 ) ) ;
#835 = DIRECTION ( 'NONE',  ( 0.000000000000000000, 0.000000000000000000, 1.000000000000000000 ) ) ;
#836 = MECHANICAL_DESIGN_GEOMETRIC_PRESENTATION_REPRESENTATION (  '', ( #32 ), #2022 ) ;
#837 = CARTESIAN_POINT ( 'NONE',  ( -10.29999999999999893, 4.592425496802572986E-16, -3.749999999999999556 ) ) ;
#838 = FACE_OUTER_BOUND ( 'NONE', #902, .T. ) ;
#839 = ORIENTED_EDGE ( 'NONE', *, *, #1854, .F. ) ;
#840 = PRESENTATION_STYLE_ASSIGNMENT (( #1903 ) ) ;
#841 = EDGE_CURVE ( 'NONE', #1212, #2097, #244, .T. ) ;
#842 = ORIENTED_EDGE ( 'NONE', *, *, #1559, .T. ) ;
#843 = CARTESIAN_POINT ( 'NONE',  ( -2.049999999999998046, 0.000000000000000000, 3.149999999999999911 ) ) ;
#844 = SURFACE_STYLE_USAGE ( .BOTH. , #1023 ) ;
#845 = DIRECTION ( 'NONE',  ( -1.000000000000000000, -0.000000000000000000, -0.000000000000000000 ) ) ;
#846 = DIRECTION ( 'NONE',  ( -0.7071067811865493491, 0.000000000000000000, 0.7071067811865456854 ) ) ;
#847 = ORIENTED_EDGE ( 'NONE', *, *, #1947, .F. ) ;
#848 = EDGE_CURVE ( 'NONE', #1435, #255, #1815, .T. ) ;
#849 = FILL_AREA_STYLE_COLOUR ( '', #361 ) ;
#850 = CARTESIAN_POINT ( 'NONE',  ( 10.29999999999999893, 0.000000000000000000, 0.000000000000000000 ) ) ;
#851 = CARTESIAN_POINT ( 'NONE',  ( 2.196780394811364889, -4.233901974057254769, 0.6666666666666660745 ) ) ;
#852 = PRESENTATION_LAYER_ASSIGNMENT (  '', '', ( #2245 ) ) ;
#853 = CARTESIAN_POINT ( 'NONE',  ( 2.149999999999839595, 8.685880746055440384E-15, -4.000000000000001776 ) ) ;
#854 = EDGE_CURVE ( 'NONE', #2097, #647, #1819, .T. ) ;
#855 = VERTEX_POINT ( 'NONE', #1993 ) ;
#856 = PRESENTATION_LAYER_ASSIGNMENT (  '', '', ( #1855 ) ) ;
#857 = VECTOR ( 'NONE', #876, 1000.000000000000000 ) ;
#858 = VERTEX_POINT ( 'NONE', #773 ) ;
#859 = CIRCLE ( 'NONE', #1709, 3.750000000000000000 ) ;
#860 = MECHANICAL_DESIGN_GEOMETRIC_PRESENTATION_REPRESENTATION (  '', ( #386 ), #1961 ) ;
#861 = PRESENTATION_LAYER_ASSIGNMENT (  '', '', ( #578 ) ) ;
#862 = DIRECTION ( 'NONE',  ( -1.000000000000000000, 0.000000000000000000, 0.000000000000000000 ) ) ;
#863 = CONICAL_SURFACE ( 'NONE', #2251, 2.750000000000000000, 0.7853981633974457255 ) ;
#864 = COLOUR_RGB ( '',0.9686274509803921573, 0.8784313725490195957, 0.5999999999999999778 ) ;
#865 = CARTESIAN_POINT ( 'NONE',  ( 7.576239569296596699, 2.309401076758503368, -4.000000000000001776 ) ) ;
#866 = CARTESIAN_POINT ( 'NONE',  ( -7.799999999999998046, 0.000000000000000000, 0.000000000000000000 ) ) ;
#867 = ORIENTED_EDGE ( 'NONE', *, *, #1165, .F. ) ;
#868 = CARTESIAN_POINT ( 'NONE',  ( -6.799999999999998934, 2.750000000000000000, 0.000000000000000000 ) ) ;
#869 = CARTESIAN_POINT ( 'NONE',  ( 10.29999999999999893, 2.309401076758508253, 3.999999999999997335 ) ) ;
#870 = SURFACE_STYLE_USAGE ( .BOTH. , #904 ) ;
#871 = SURFACE_STYLE_FILL_AREA ( #1237 ) ;
#872 = DIRECTION ( 'NONE',  ( -0.7071067811865493491, 8.659560562354909439E-17, -0.7071067811865456854 ) ) ;
#873 = ADVANCED_FACE ( 'NONE', ( #958 ), #602, .T. ) ;
#874 =( LENGTH_UNIT ( ) NAMED_UNIT ( * ) SI_UNIT ( .MILLI., .METRE. ) );
#875 = EDGE_LOOP ( 'NONE', ( #1384, #1625, #488, #324 ) ) ;
#876 = DIRECTION ( 'NONE',  ( -1.000000000000000000, -0.000000000000000000, -0.000000000000000000 ) ) ;
#877 = CARTESIAN_POINT ( 'NONE',  ( -2.149999999999838707, 8.685880746055440384E-15, 3.999999999999997335 ) ) ;
#878 = ORIENTED_EDGE ( 'NONE', *, *, #1583, .T. ) ;
#879 = FACE_OUTER_BOUND ( 'NONE', #1411, .T. ) ;
#880 = DIRECTION ( 'NONE',  ( 1.000000000000000000, -0.000000000000000000, -0.000000000000000000 ) ) ;
#881 =( NAMED_UNIT ( * ) PLANE_ANGLE_UNIT ( ) SI_UNIT ( $, .RADIAN. ) );
#882 = DIRECTION ( 'NONE',  ( 0.000000000000000000, 0.000000000000000000, 1.000000000000000000 ) ) ;
#883 = CARTESIAN_POINT ( 'NONE',  ( 10.29999999999999893, 0.000000000000000000, 0.000000000000000000 ) ) ;
#884 = EDGE_LOOP ( 'NONE', ( #1678, #737, #1902, #64 ) ) ;
#885 = DIRECTION ( 'NONE',  ( 0.000000000000000000, 1.000000000000000000, -1.224646799147353207E-16 ) ) ;
#886 = VECTOR ( 'NONE', #586, 1000.000000000000000 ) ;
#887 = CARTESIAN_POINT ( 'NONE',  ( 10.29999999999999893, 4.592425496802572986E-16, -3.749999999999999556 ) ) ;
#888 = CIRCLE ( 'NONE', #434, 3.500000000000000000 ) ;
#889 = AXIS2_PLACEMENT_3D ( 'NONE', #763, #1153, #1300 ) ;
#890 = STYLED_ITEM ( 'NONE', ( #1395 ), #1934 ) ;
#891 =( GEOMETRIC_REPRESENTATION_CONTEXT ( 3 ) GLOBAL_UNCERTAINTY_ASSIGNED_CONTEXT ( ( #490 ) ) GLOBAL_UNIT_ASSIGNED_CONTEXT ( ( #648, #963, #2197 ) ) REPRESENTATION_CONTEXT ( 'NONE', 'WORKASPACE' ) );
#892 = CARTESIAN_POINT ( 'NONE',  ( -2.273760430703398949, -2.309401076758502036, 3.999999999999997335 ) ) ;
#893 = FACE_OUTER_BOUND ( 'NONE', #1889, .T. ) ;
#894 = AXIS2_PLACEMENT_3D ( 'NONE', #932, #1267, #1795 ) ;
#895 = FACE_OUTER_BOUND ( 'NONE', #243, .T. ) ;
#896 = VECTOR ( 'NONE', #48, 1000.000000000000000 ) ;
#897 = STYLED_ITEM ( 'NONE', ( #101 ), #1189 ) ;
#898 = CARTESIAN_POINT ( 'NONE',  ( 2.049999999999998046, 0.000000000000000000, 0.000000000000000000 ) ) ;
#899 = EDGE_LOOP ( 'NONE', ( #1611, #1450, #1973, #833, #588, #26, #185 ) ) ;
#900 = CARTESIAN_POINT ( 'NONE',  ( 2.273760430703399837, 4.618802153517008513, 3.549081453648186073E-15 ) ) ;
#901 =( NAMED_UNIT ( * ) SI_UNIT ( $, .STERADIAN. ) SOLID_ANGLE_UNIT ( ) );
#902 = EDGE_LOOP ( 'NONE', ( #1891, #1254, #261, #1783, #944, #1104, #847 ) ) ;
#903 = FILL_AREA_STYLE ('',( #2145 ) ) ;
#904 = SURFACE_SIDE_STYLE ('',( #1258 ) ) ;
#905 = EDGE_CURVE ( 'NONE', #769, #420, #284, .T. ) ;
#906 = EDGE_LOOP ( 'NONE', ( #1096, #576 ) ) ;
#907 = DIRECTION ( 'NONE',  ( -1.000000000000000000, -0.000000000000000000, -0.000000000000000000 ) ) ;
#908 = ORIENTED_EDGE ( 'NONE', *, *, #1698, .F. ) ;
#909 = DIRECTION ( 'NONE',  ( -1.000000000000000000, -0.000000000000000000, -0.000000000000000000 ) ) ;
#910 = ORIENTED_EDGE ( 'NONE', *, *, #44, .T. ) ;
#911 = B_SPLINE_CURVE_WITH_KNOTS ( 'NONE', 3,
 ( #1140, #1651, #1836, #2026 ),
 .UNSPECIFIED., .F., .F.,
 ( 4, 4 ),
 ( 0.006982912198564398404, 0.009276443998967539434 ),
 .UNSPECIFIED. ) ;
#912 = FILL_AREA_STYLE ('',( #36 ) ) ;
#913 = CARTESIAN_POINT ( 'NONE',  ( -14.52472286290786485, 0.000000000000000000, 0.000000000000000000 ) ) ;
#914 = EDGE_LOOP ( 'NONE', ( #35, #379, #250, #1909 ) ) ;
#915 = ORIENTED_EDGE ( 'NONE', *, *, #1698, .T. ) ;
#916 = B_SPLINE_CURVE_WITH_KNOTS ( 'NONE', 3,
 ( #707, #2096, #1605, #1945, #1755 ),
 .UNSPECIFIED., .F., .F.,
 ( 4, 1, 4 ),
 ( 2.309401076754191683E-07, 0.002309632016866176255, 0.004619033093624676407 ),
 .UNSPECIFIED. ) ;
#917 = CARTESIAN_POINT ( 'NONE',  ( 9.799999999999991829, 0.000000000000000000, 2.750000000000000000 ) ) ;
#918 = CARTESIAN_POINT ( 'NONE',  ( -14.52472286290786485, 0.000000000000000000, 0.000000000000000000 ) ) ;
#919 = ORIENTED_EDGE ( 'NONE', *, *, #920, .F. ) ;
#920 = EDGE_CURVE ( 'NONE', #2131, #1102, #1551, .T. ) ;
#921 = DIRECTION ( 'NONE',  ( 0.000000000000000000, 0.000000000000000000, -1.000000000000000000 ) ) ;
#922 = SURFACE_STYLE_USAGE ( .BOTH. , #2133 ) ;
#923 = ORIENTED_EDGE ( 'NONE', *, *, #2215, .T. ) ;
#924 = FILL_AREA_STYLE_COLOUR ( '', #750 ) ;
#925 = CYLINDRICAL_SURFACE ( 'NONE', #793, 2.750000000000000000 ) ;
#926 =( LENGTH_UNIT ( ) NAMED_UNIT ( * ) SI_UNIT ( .MILLI., .METRE. ) );
#927 = ORIENTED_EDGE ( 'NONE', *, *, #331, .F. ) ;
#928 =( NAMED_UNIT ( * ) PLANE_ANGLE_UNIT ( ) SI_UNIT ( $, .RADIAN. ) );
#929 = CARTESIAN_POINT ( 'NONE',  ( -10.29999999999999893, 0.000000000000000000, 0.000000000000000000 ) ) ;
#930 = VERTEX_POINT ( 'NONE', #267 ) ;
#931 =( NAMED_UNIT ( * ) SI_UNIT ( $, .STERADIAN. ) SOLID_ANGLE_UNIT ( ) );
#932 = CARTESIAN_POINT ( 'NONE',  ( -2.349999999999997868, 0.000000000000000000, 0.000000000000000000 ) ) ;
#933 = CARTESIAN_POINT ( 'NONE',  ( 10.29999999999999893, 0.000000000000000000, 0.000000000000000000 ) ) ;
#934 =( NAMED_UNIT ( * ) SI_UNIT ( $, .STERADIAN. ) SOLID_ANGLE_UNIT ( ) );
#935 = VECTOR ( 'NONE', #821, 1000.000000000000000 ) ;
#936 = FACE_OUTER_BOUND ( 'NONE', #1758, .T. ) ;
#937 = STYLED_ITEM ( 'NONE', ( #995 ), #1844 ) ;
#938 = FACE_BOUND ( 'NONE', #662, .T. ) ;
#939 = EDGE_CURVE ( 'NONE', #72, #722, #1910, .T. ) ;
#940 = ORIENTED_EDGE ( 'NONE', *, *, #1274, .T. ) ;
#941 = CIRCLE ( 'NONE', #1821, 0.4500000000000000111 ) ;
#942 = DIRECTION ( 'NONE',  ( 0.000000000000000000, 0.000000000000000000, 1.000000000000000000 ) ) ;
#943 = FILL_AREA_STYLE ('',( #1670 ) ) ;
#944 = ORIENTED_EDGE ( 'NONE', *, *, #156, .F. ) ;
#945 = FACE_OUTER_BOUND ( 'NONE', #1969, .T. ) ;
#946 =( NAMED_UNIT ( * ) PLANE_ANGLE_UNIT ( ) SI_UNIT ( $, .RADIAN. ) );
#947 = AXIS2_PLACEMENT_3D ( 'NONE', #1723, #2233, #672 ) ;
#948 = CARTESIAN_POINT ( 'NONE',  ( -7.652882080288427424, 1.542975966840203217, 3.999999999999997335 ) ) ;
#949 = SURFACE_STYLE_FILL_AREA ( #786 ) ;
#950 = VERTEX_POINT ( 'NONE', #455 ) ;
#951 = DIRECTION ( 'NONE',  ( 1.000000000000000000, 0.000000000000000000, 0.000000000000000000 ) ) ;
#952 = SURFACE_STYLE_USAGE ( .BOTH. , #1680 ) ;
#953 = CARTESIAN_POINT ( 'NONE',  ( 6.799999999999998934, 3.367778697655221012E-16, -2.750000000000000000 ) ) ;
#954 = SURFACE_STYLE_USAGE ( .BOTH. , #1282 ) ;
#955 =( NAMED_UNIT ( * ) SI_UNIT ( $, .STERADIAN. ) SOLID_ANGLE_UNIT ( ) );
#956 = ORIENTED_EDGE ( 'NONE', *, *, #529, .F. ) ;
#957 = DIRECTION ( 'NONE',  ( 0.000000000000000000, 0.000000000000000000, 1.000000000000000000 ) ) ;
#958 = FACE_OUTER_BOUND ( 'NONE', #2150, .T. ) ;
#959 = SURFACE_SIDE_STYLE ('',( #832 ) ) ;
#960 = ADVANCED_FACE ( 'NONE', ( #2049 ), #1639, .T. ) ;
#961 = DIRECTION ( 'NONE',  ( -1.000000000000000000, -0.000000000000000000, -0.000000000000000000 ) ) ;
#962 = ORIENTED_EDGE ( 'NONE', *, *, #1392, .F. ) ;
#963 =( NAMED_UNIT ( * ) PLANE_ANGLE_UNIT ( ) SI_UNIT ( $, .RADIAN. ) );
#964 = FACE_OUTER_BOUND ( 'NONE', #731, .T. ) ;
#965 =( NAMED_UNIT ( * ) SI_UNIT ( $, .STERADIAN. ) SOLID_ANGLE_UNIT ( ) );
#966 = CARTESIAN_POINT ( 'NONE',  ( -7.576239569296595810, 4.618802153517007625, 3.116079441291487618E-15 ) ) ;
#967 = LINE ( 'NONE', #2032, #355 ) ;
#968 =( LENGTH_UNIT ( ) NAMED_UNIT ( * ) SI_UNIT ( .MILLI., .METRE. ) );
#969 = COLOUR_RGB ( '',0.9686274509803921573, 0.8784313725490195957, 0.5999999999999999778 ) ;
#970 = UNCERTAINTY_MEASURE_WITH_UNIT (LENGTH_MEASURE( 1.000000000000000082E-05 ), #1270, 'distance_accuracy_value', 'NONE');
#971 = EDGE_CURVE ( 'NONE', #569, #1320, #980, .T. ) ;
#972 = FILL_AREA_STYLE_COLOUR ( '', #1336 ) ;
#973 = CIRCLE ( 'NONE', #2184, 3.250000000000006217 ) ;
#974 =( LENGTH_UNIT ( ) NAMED_UNIT ( * ) SI_UNIT ( .MILLI., .METRE. ) );
#975 = VECTOR ( 'NONE', #1922, 1000.000000000000000 ) ;
#976 = COLOUR_RGB ( '',0.9686274509803921573, 0.8784313725490195957, 0.5999999999999999778 ) ;
#977 = SURFACE_SIDE_STYLE ('',( #1471 ) ) ;
#978 = COLOUR_RGB ( '',0.9686274509803921573, 0.8784313725490195957, 0.5999999999999999778 ) ;
#979 = AXIS2_PLACEMENT_3D ( 'NONE', #1111, #1264, #1822 ) ;
#980 = B_SPLINE_CURVE_WITH_KNOTS ( 'NONE', 3,
 ( #1461, #1321, #619, #1653 ),
 .UNSPECIFIED., .F., .F.,
 ( 4, 4 ),
 ( 0.004672193333373869141, 0.006982912198564403608 ),
 .UNSPECIFIED. ) ;
#981 = CARTESIAN_POINT ( 'NONE',  ( -14.52472286290786485, 0.000000000000000000, 0.000000000000000000 ) ) ;
#982 = MECHANICAL_DESIGN_GEOMETRIC_PRESENTATION_REPRESENTATION (  '', ( #534 ), #1038 ) ;
#983 = COLOUR_RGB ( '',0.7960784313725489669, 0.8235294117647058432, 0.9372549019607843146 ) ;
#984 =( GEOMETRIC_REPRESENTATION_CONTEXT ( 3 ) GLOBAL_UNCERTAINTY_ASSIGNED_CONTEXT ( ( #1868 ) ) GLOBAL_UNIT_ASSIGNED_CONTEXT ( ( #664, #1180, #1714 ) ) REPRESENTATION_CONTEXT ( 'NONE', 'WORKASPACE' ) );
#985 = ADVANCED_FACE ( 'NONE', ( #776, #640 ), #1838, .F. ) ;
#986 = CARTESIAN_POINT ( 'NONE',  ( -9.799999999999990052, 0.000000000000000000, 0.000000000000000000 ) ) ;
#987 = ORIENTED_EDGE ( 'NONE', *, *, #459, .T. ) ;
#988 = SURFACE_STYLE_USAGE ( .BOTH. , #1667 ) ;
#989 = CARTESIAN_POINT ( 'NONE',  ( -7.700000000000156497, 8.685880332465134107E-15, -4.000000000000001776 ) ) ;
#990 = UNCERTAINTY_MEASURE_WITH_UNIT (LENGTH_MEASURE( 1.000000000000000082E-05 ), #759, 'distance_accuracy_value', 'NONE');
#991 = SURFACE_SIDE_STYLE ('',( #1694 ) ) ;
#992 = SURFACE_STYLE_FILL_AREA ( #1166 ) ;
#993 = EDGE_CURVE ( 'NONE', #1224, #1058, #688, .T. ) ;
#994 = CARTESIAN_POINT ( 'NONE',  ( -7.799999999999998046, 4.975442947536172534E-16, 3.500000000000000000 ) ) ;
#995 = PRESENTATION_STYLE_ASSIGNMENT (( #303 ) ) ;
#996 = CARTESIAN_POINT ( 'NONE',  ( 2.049999999999998046, 0.000000000000000000, 0.000000000000000000 ) ) ;
#997 =( NAMED_UNIT ( * ) PLANE_ANGLE_UNIT ( ) SI_UNIT ( $, .RADIAN. ) );
#998 = SURFACE_STYLE_USAGE ( .BOTH. , #1015 ) ;
#999 = SURFACE_STYLE_FILL_AREA ( #2239 ) ;
#1000 = DIRECTION ( 'NONE',  ( -1.000000000000000000, -0.000000000000000000, -0.000000000000000000 ) ) ;
#1001 = SURFACE_STYLE_FILL_AREA ( #1529 ) ;
#1002 = AXIS2_PLACEMENT_3D ( 'NONE', #1576, #1908, #1730 ) ;
#1003 = EDGE_CURVE ( 'NONE', #255, #1435, #139, .T. ) ;
#1004 = CARTESIAN_POINT ( 'NONE',  ( 7.576239569296596699, 2.309401076758503368, -4.000000000000001776 ) ) ;
#1005 = UNCERTAINTY_MEASURE_WITH_UNIT (LENGTH_MEASURE( 1.000000000000000082E-05 ), #1715, 'distance_accuracy_value', 'NONE');
#1006 = ORIENTED_EDGE ( 'NONE', *, *, #1958, .T. ) ;
#1007 =( GEOMETRIC_REPRESENTATION_CONTEXT ( 3 ) GLOBAL_UNCERTAINTY_ASSIGNED_CONTEXT ( ( #780 ) ) GLOBAL_UNIT_ASSIGNED_CONTEXT ( ( #1348, #312, #1737 ) ) REPRESENTATION_CONTEXT ( 'NONE', 'WORKASPACE' ) );
#1008 = MECHANICAL_DESIGN_GEOMETRIC_PRESENTATION_REPRESENTATION (  '', ( #1296 ), #2104 ) ;
#1009 = COLOUR_RGB ( '',0.9686274509803921573, 0.8784313725490195957, 0.5999999999999999778 ) ;
#1010 = AXIS2_PLACEMENT_3D ( 'NONE', #67, #1788, #957 ) ;
#1011 =( LENGTH_UNIT ( ) NAMED_UNIT ( * ) SI_UNIT ( .MILLI., .METRE. ) );
#1012 = AXIS2_PLACEMENT_3D ( 'NONE', #1205, #1026, #2257 ) ;
#1013 =( GEOMETRIC_REPRESENTATION_CONTEXT ( 3 ) GLOBAL_UNCERTAINTY_ASSIGNED_CONTEXT ( ( #694 ) ) GLOBAL_UNIT_ASSIGNED_CONTEXT ( ( #1306, #1341, #1493 ) ) REPRESENTATION_CONTEXT ( 'NONE', 'WORKASPACE' ) );
#1014 = ORIENTED_EDGE ( 'NONE', *, *, #1480, .F. ) ;
#1015 = SURFACE_SIDE_STYLE ('',( #1175 ) ) ;
#1016 = ORIENTED_EDGE ( 'NONE', *, *, #2043, .F. ) ;
#1017 = DIRECTION ( 'NONE',  ( 0.000000000000000000, 0.000000000000000000, 1.000000000000000000 ) ) ;
#1018 = PRESENTATION_LAYER_ASSIGNMENT (  '', '', ( #214 ) ) ;
#1019 = ORIENTED_EDGE ( 'NONE', *, *, #2173, .F. ) ;
#1020 = LINE ( 'NONE', #675, #138 ) ;
#1021 = CARTESIAN_POINT ( 'NONE',  ( -2.149999999999999023, -0.7679799128243808282, -4.000000000000000888 ) ) ;
#1022 = EDGE_CURVE ( 'NONE', #610, #1569, #2025, .T. ) ;
#1023 = SURFACE_SIDE_STYLE ('',( #119 ) ) ;
#1024 = DIRECTION ( 'NONE',  ( -0.1961161351381839890, 1.200864985790634159E-16, -0.9805806756909202226 ) ) ;
#1025 = EDGE_LOOP ( 'NONE', ( #1533, #2158, #1019, #1093 ) ) ;
#1026 = DIRECTION ( 'NONE',  ( -1.000000000000000000, -0.000000000000000000, -0.000000000000000000 ) ) ;
#1027 = VERTEX_POINT ( 'NONE', #2175 ) ;
#1028 = CARTESIAN_POINT ( 'NONE',  ( 7.700000000000158273, 8.685880746055440384E-15, 3.999999999999997335 ) ) ;
#1029 = EDGE_CURVE ( 'NONE', #714, #183, #2048, .T. ) ;
#1030 = FILL_AREA_STYLE ('',( #1915 ) ) ;
#1031 = FILL_AREA_STYLE ('',( #1916 ) ) ;
#1032 = ORIENTED_EDGE ( 'NONE', *, *, #2055, .T. ) ;
#1033 =( GEOMETRIC_REPRESENTATION_CONTEXT ( 3 ) GLOBAL_UNCERTAINTY_ASSIGNED_CONTEXT ( ( #1658 ) ) GLOBAL_UNIT_ASSIGNED_CONTEXT ( ( #817, #997, #1326 ) ) REPRESENTATION_CONTEXT ( 'NONE', 'WORKASPACE' ) );
#1034 =( GEOMETRIC_REPRESENTATION_CONTEXT ( 3 ) GLOBAL_UNCERTAINTY_ASSIGNED_CONTEXT ( ( #1702 ) ) GLOBAL_UNIT_ASSIGNED_CONTEXT ( ( #150, #1200, #1545 ) ) REPRESENTATION_CONTEXT ( 'NONE', 'WORKASPACE' ) );
#1035 = MECHANICAL_DESIGN_GEOMETRIC_PRESENTATION_REPRESENTATION (  '', ( #890 ), #201 ) ;
#1036 = MECHANICAL_DESIGN_GEOMETRIC_PRESENTATION_REPRESENTATION (  '', ( #578 ), #1013 ) ;
#1037 = SURFACE_STYLE_USAGE ( .BOTH. , #2095 ) ;
#1038 =( GEOMETRIC_REPRESENTATION_CONTEXT ( 3 ) GLOBAL_UNCERTAINTY_ASSIGNED_CONTEXT ( ( #1843 ) ) GLOBAL_UNIT_ASSIGNED_CONTEXT ( ( #746, #1974, #86 ) ) REPRESENTATION_CONTEXT ( 'NONE', 'WORKASPACE' ) );
#1039 = EDGE_CURVE ( 'NONE', #1027, #1182, #2036, .T. ) ;
#1040 =( NAMED_UNIT ( * ) PLANE_ANGLE_UNIT ( ) SI_UNIT ( $, .RADIAN. ) );
#1041 = FACE_OUTER_BOUND ( 'NONE', #899, .T. ) ;
#1042 = ORIENTED_EDGE ( 'NONE', *, *, #644, .T. ) ;
#1043 = CARTESIAN_POINT ( 'NONE',  ( -2.273760430703370083, 2.309401076758519356, 3.999999999999997335 ) ) ;
#1044 = ORIENTED_EDGE ( 'NONE', *, *, #484, .T. ) ;
#1045 = FILL_AREA_STYLE ('',( #2109 ) ) ;
#1046 = PRESENTATION_STYLE_ASSIGNMENT (( #351 ) ) ;
#1047 = LINE ( 'NONE', #180, #975 ) ;
#1048 = EDGE_CURVE ( 'NONE', #1027, #950, #1070, .T. ) ;
#1049 = DIRECTION ( 'NONE',  ( 0.000000000000000000, -0.8660254037844387076, -0.4999999999999999445 ) ) ;
#1050 = VERTEX_POINT ( 'NONE', #2218 ) ;
#1051 = SURFACE_STYLE_FILL_AREA ( #1233 ) ;
#1052 =( LENGTH_UNIT ( ) NAMED_UNIT ( * ) SI_UNIT ( .MILLI., .METRE. ) );
#1053 = ORIENTED_EDGE ( 'NONE', *, *, #971, .T. ) ;
#1054 = DIRECTION ( 'NONE',  ( -1.000000000000000000, -0.000000000000000000, -0.000000000000000000 ) ) ;
#1055 = CARTESIAN_POINT ( 'NONE',  ( 2.273760430703369195, -2.309401076758512694, 3.999999999999997335 ) ) ;
#1056 = FILL_AREA_STYLE_COLOUR ( '', #1857 ) ;
#1057 =( NAMED_UNIT ( * ) PLANE_ANGLE_UNIT ( ) SI_UNIT ( $, .RADIAN. ) );
#1058 = VERTEX_POINT ( 'NONE', #1513 ) ;
#1059 = ADVANCED_FACE ( 'NONE', ( #96 ), #863, .F. ) ;
#1060 = CARTESIAN_POINT ( 'NONE',  ( 2.196780394811365333, 4.233901974057257434, -0.6666666666666632990 ) ) ;
#1061 = CARTESIAN_POINT ( 'NONE',  ( 2.196780394811364889, 2.694301256218258889, 3.333333333333333037 ) ) ;
#1062 = ORIENTED_EDGE ( 'NONE', *, *, #713, .F. ) ;
#1063 = VECTOR ( 'NONE', #1539, 1000.000000000000000 ) ;
#1064 = CONICAL_SURFACE ( 'NONE', #716, 5.000000000000000000, 1.373400766945014784 ) ;
#1065 = DIRECTION ( 'NONE',  ( 0.000000000000000000, 0.000000000000000000, 1.000000000000000000 ) ) ;
#1066 = CIRCLE ( 'NONE', #620, 3.750000000000000000 ) ;
#1067 = ORIENTED_EDGE ( 'NONE', *, *, #854, .F. ) ;
#1068 = AXIS2_PLACEMENT_3D ( 'NONE', #1108, #2174, #1663 ) ;
#1069 = AXIS2_PLACEMENT_3D ( 'NONE', #451, #1907, #1739 ) ;
#1070 = B_SPLINE_CURVE_WITH_KNOTS ( 'NONE', 3,
 ( #615, #2057, #1176, #116, #1688 ),
 .UNSPECIFIED., .F., .F.,
 ( 4, 1, 4 ),
 ( 2.309401076766274079E-07, 0.002309632016866181893, 0.004619033093624687683 ),
 .UNSPECIFIED. ) ;
#1071 = CARTESIAN_POINT ( 'NONE',  ( -2.103219605188631824, -3.464101615137753054, 1.999999999999997113 ) ) ;
#1072 = DIRECTION ( 'NONE',  ( 0.000000000000000000, 0.000000000000000000, 1.000000000000000000 ) ) ;
#1073 =( GEOMETRIC_REPRESENTATION_CONTEXT ( 3 ) GLOBAL_UNCERTAINTY_ASSIGNED_CONTEXT ( ( #1150 ) ) GLOBAL_UNIT_ASSIGNED_CONTEXT ( ( #307, #176, #1213 ) ) REPRESENTATION_CONTEXT ( 'NONE', 'WORKASPACE' ) );
#1074 = CARTESIAN_POINT ( 'NONE',  ( 2.273760430703399837, 4.618802153517008513, 3.549081453648186073E-15 ) ) ;
#1075 = VERTEX_POINT ( 'NONE', #441 ) ;
#1076 = PRESENTATION_LAYER_ASSIGNMENT (  '', '', ( #2083 ) ) ;
#1077 = B_SPLINE_CURVE_WITH_KNOTS ( 'NONE', 3,
 ( #1767, #1412, #1612, #1060, #900 ),
 .UNSPECIFIED., .F., .F.,
 ( 4, 1, 4 ),
 ( 2.309401076804759815E-07, 0.002309632016866183628, 0.004619033093624686816 ),
 .UNSPECIFIED. ) ;
#1078 = CARTESIAN_POINT ( 'NONE',  ( -10.29999999999999893, 3.749999999999999556, 0.000000000000000000 ) ) ;
#1079 = CARTESIAN_POINT ( 'NONE',  ( 0.000000000000000000, 0.000000000000000000, 0.000000000000000000 ) ) ;
#1080 = CARTESIAN_POINT ( 'NONE',  ( 2.197117919711568224, 1.542975966840200996, 3.999999999999997335 ) ) ;
#1081 = EDGE_LOOP ( 'NONE', ( #1931, #2091, #2142, #1403 ) ) ;
#1082 = ORIENTED_EDGE ( 'NONE', *, *, #149, .F. ) ;
#1083 = ADVANCED_FACE ( 'NONE', ( #818, #1703 ), #2045, .T. ) ;
#1084 = ORIENTED_EDGE ( 'NONE', *, *, #1298, .F. ) ;
#1085 = PRESENTATION_LAYER_ASSIGNMENT (  '', '', ( #1495 ) ) ;
#1086 = CARTESIAN_POINT ( 'NONE',  ( 6.799999999999998934, 0.000000000000000000, 2.750000000000000000 ) ) ;
#1087 = ORIENTED_EDGE ( 'NONE', *, *, #583, .T. ) ;
#1088 = SURFACE_SIDE_STYLE ('',( #871 ) ) ;
#1089 = VERTEX_POINT ( 'NONE', #1400 ) ;
#1090 = EDGE_CURVE ( 'NONE', #1928, #1801, #2028, .T. ) ;
#1091 = DIRECTION ( 'NONE',  ( 0.000000000000000000, 0.000000000000000000, 1.000000000000000000 ) ) ;
#1092 = CARTESIAN_POINT ( 'NONE',  ( -14.52472286290786485, 0.000000000000000000, 0.000000000000000000 ) ) ;
#1093 = ORIENTED_EDGE ( 'NONE', *, *, #1324, .T. ) ;
#1094 = DIRECTION ( 'NONE',  ( 0.000000000000000000, 0.000000000000000000, -1.000000000000000000 ) ) ;
#1095 = CARTESIAN_POINT ( 'NONE',  ( 2.049999999999998046, 0.000000000000000000, -3.500000000000000000 ) ) ;
#1096 = ORIENTED_EDGE ( 'NONE', *, *, #1807, .T. ) ;
#1097 = PRESENTATION_STYLE_ASSIGNMENT (( #870 ) ) ;
#1098 = ORIENTED_EDGE ( 'NONE', *, *, #697, .T. ) ;
#1099 = ADVANCED_FACE ( 'NONE', ( #220 ), #1929, .F. ) ;
#1100 = DIRECTION ( 'NONE',  ( 0.000000000000000000, 0.000000000000000000, -1.000000000000000000 ) ) ;
#1101 = SURFACE_STYLE_USAGE ( .BOTH. , #2164 ) ;
#1102 = VERTEX_POINT ( 'NONE', #1221 ) ;
#1103 = DIRECTION ( 'NONE',  ( 0.000000000000000000, 0.000000000000000000, -1.000000000000000000 ) ) ;
#1104 = ORIENTED_EDGE ( 'NONE', *, *, #2206, .F. ) ;
#1105 = FACE_OUTER_BOUND ( 'NONE', #884, .T. ) ;
#1106 = ORIENTED_EDGE ( 'NONE', *, *, #905, .T. ) ;
#1107 = CARTESIAN_POINT ( 'NONE',  ( -14.52472286290786485, 0.000000000000000000, 2.750000000000000000 ) ) ;
#1108 = CARTESIAN_POINT ( 'NONE',  ( 6.799999999999998934, 0.000000000000000000, 0.000000000000000000 ) ) ;
#1109 = DIRECTION ( 'NONE',  ( 0.7071067811865493491, 8.659560562354909439E-17, 0.7071067811865456854 ) ) ;
#1110 = COLOUR_RGB ( '',0.9686274509803921573, 0.8784313725490195957, 0.5999999999999999778 ) ;
#1111 = CARTESIAN_POINT ( 'NONE',  ( 6.799999999999998934, 2.750000000000000000, 0.000000000000000000 ) ) ;
#1112 = AXIS2_PLACEMENT_3D ( 'NONE', #1804, #440, #236 ) ;
#1113 =( GEOMETRIC_REPRESENTATION_CONTEXT ( 3 ) GLOBAL_UNCERTAINTY_ASSIGNED_CONTEXT ( ( #121 ) ) GLOBAL_UNIT_ASSIGNED_CONTEXT ( ( #74, #2039, #641 ) ) REPRESENTATION_CONTEXT ( 'NONE', 'WORKASPACE' ) );
#1114 = ORIENTED_EDGE ( 'NONE', *, *, #448, .T. ) ;
#1115 = EDGE_CURVE ( 'NONE', #714, #1251, #1572, .T. ) ;
#1116 = AXIS2_PLACEMENT_3D ( 'NONE', #1636, #1458, #1100 ) ;
#1117 = CARTESIAN_POINT ( 'NONE',  ( 7.576239569296596699, -2.309401076758501592, -4.000000000000000888 ) ) ;
#1118 = COLOUR_RGB ( '',0.9686274509803921573, 0.8784313725490195957, 0.5999999999999999778 ) ;
#1119 = CYLINDRICAL_SURFACE ( 'NONE', #532, 3.750000000000000000 ) ;
#1120 = AXIS2_PLACEMENT_3D ( 'NONE', #256, #630, #1311 ) ;
#1121 =( GEOMETRIC_REPRESENTATION_CONTEXT ( 3 ) GLOBAL_UNCERTAINTY_ASSIGNED_CONTEXT ( ( #1494 ) ) GLOBAL_UNIT_ASSIGNED_CONTEXT ( ( #2128, #703, #525 ) ) REPRESENTATION_CONTEXT ( 'NONE', 'WORKASPACE' ) );
#1122 = CARTESIAN_POINT ( 'NONE',  ( 2.103219605188631824, -3.464101615137754386, -2.000000000000000000 ) ) ;
#1123 =( NAMED_UNIT ( * ) PLANE_ANGLE_UNIT ( ) SI_UNIT ( $, .RADIAN. ) );
#1124 = UNCERTAINTY_MEASURE_WITH_UNIT (LENGTH_MEASURE( 1.000000000000000082E-05 ), #1802, 'distance_accuracy_value', 'NONE');
#1125 = ORIENTED_EDGE ( 'NONE', *, *, #1671, .T. ) ;
#1126 = EDGE_LOOP ( 'NONE', ( #802, #1460, #208, #1424, #756, #1950 ) ) ;
#1127 = PRESENTATION_STYLE_ASSIGNMENT (( #601 ) ) ;
#1128 = FILL_AREA_STYLE ('',( #1992 ) ) ;
#1129 = UNCERTAINTY_MEASURE_WITH_UNIT (LENGTH_MEASURE( 1.000000000000000082E-05 ), #1052, 'distance_accuracy_value', 'NONE');
#1130 = FILL_AREA_STYLE_COLOUR ( '', #823 ) ;
#1131 = PRESENTATION_LAYER_ASSIGNMENT (  '', '', ( #1937 ) ) ;
#1132 = CARTESIAN_POINT ( 'NONE',  ( -7.799999999999998046, 0.000000000000000000, 0.000000000000000000 ) ) ;
#1133 = ORIENTED_EDGE ( 'NONE', *, *, #1869, .T. ) ;
#1134 = DIRECTION ( 'NONE',  ( -1.000000000000000000, -0.000000000000000000, -0.000000000000000000 ) ) ;
#1135 = CARTESIAN_POINT ( 'NONE',  ( -14.52472286290786485, 0.000000000000000000, 3.750000000000000000 ) ) ;
#1136 = CARTESIAN_POINT ( 'NONE',  ( -7.576239569296596699, -2.309401076758502480, 3.999999999999997335 ) ) ;
#1137 = EDGE_CURVE ( 'NONE', #1320, #627, #270, .T. ) ;
#1138 = FACE_OUTER_BOUND ( 'NONE', #600, .T. ) ;
#1139 = DIRECTION ( 'NONE',  ( 0.000000000000000000, 0.000000000000000000, 1.000000000000000000 ) ) ;
#1140 = CARTESIAN_POINT ( 'NONE',  ( 7.700000000000157385, -8.196021905759699736E-15, -4.000000000000000888 ) ) ;
#1141 = ORIENTED_EDGE ( 'NONE', *, *, #993, .F. ) ;
#1142 =( NAMED_UNIT ( * ) SI_UNIT ( $, .STERADIAN. ) SOLID_ANGLE_UNIT ( ) );
#1143 = CARTESIAN_POINT ( 'NONE',  ( -14.52472286290786485, 0.000000000000000000, 0.000000000000000000 ) ) ;
#1144 = CARTESIAN_POINT ( 'NONE',  ( -6.799999999999998934, 5.510910596163091404E-17, -0.4500000000000001776 ) ) ;
#1145 = CARTESIAN_POINT ( 'NONE',  ( 2.049999999999998046, 0.000000000000000000, 3.149999999999999911 ) ) ;
#1146 = FILL_AREA_STYLE_COLOUR ( '', #1163 ) ;
#1147 = CARTESIAN_POINT ( 'NONE',  ( 2.273760430703370083, 2.309401076758514026, -4.000000000000001776 ) ) ;
#1148 = EDGE_CURVE ( 'NONE', #627, #639, #177, .T. ) ;
#1149 = AXIS2_PLACEMENT_3D ( 'NONE', #1170, #89, #1668 ) ;
#1150 = UNCERTAINTY_MEASURE_WITH_UNIT (LENGTH_MEASURE( 1.000000000000000082E-05 ), #307, 'distance_accuracy_value', 'NONE');
#1151 = FILL_AREA_STYLE_COLOUR ( '', #1818 ) ;
#1152 = COLOUR_RGB ( '',0.9686274509803921573, 0.8784313725490195957, 0.5999999999999999778 ) ;
#1153 = DIRECTION ( 'NONE',  ( 0.000000000000000000, -0.8660254037844384856, 0.5000000000000004441 ) ) ;
#1154 = STYLED_ITEM ( 'NONE', ( #678 ), #726 ) ;
#1155 = DIRECTION ( 'NONE',  ( 0.000000000000000000, 0.000000000000000000, 1.000000000000000000 ) ) ;
#1156 = VECTOR ( 'NONE', #1134, 1000.000000000000000 ) ;
#1157 = FILL_AREA_STYLE_COLOUR ( '', #1430 ) ;
#1158 = AXIS2_PLACEMENT_3D ( 'NONE', #1791, #880, #921 ) ;
#1159 = COLOUR_RGB ( '',0.9686274509803921573, 0.8784313725490195957, 0.5999999999999999778 ) ;
#1160 = COLOUR_RGB ( '',0.9686274509803921573, 0.8784313725490195957, 0.5999999999999999778 ) ;
#1161 = COLOUR_RGB ( '',0.9686274509803921573, 0.8784313725490195957, 0.5999999999999999778 ) ;
#1162 = MECHANICAL_DESIGN_GEOMETRIC_PRESENTATION_REPRESENTATION (  '', ( #392 ), #1966 ) ;
#1163 = COLOUR_RGB ( '',0.9686274509803921573, 0.8784313725490195957, 0.5999999999999999778 ) ;
#1164 =( NAMED_UNIT ( * ) SI_UNIT ( $, .STERADIAN. ) SOLID_ANGLE_UNIT ( ) );
#1165 = EDGE_CURVE ( 'NONE', #1436, #225, #668, .T. ) ;
#1166 = FILL_AREA_STYLE ('',( #1309 ) ) ;
#1167 = ADVANCED_FACE ( 'NONE', ( #357 ), #10, .F. ) ;
#1168 = CARTESIAN_POINT ( 'NONE',  ( 7.746780394811365156, -3.464101615137753054, -1.999999999999999556 ) ) ;
#1169 = CARTESIAN_POINT ( 'NONE',  ( -7.699999999999998401, -0.7737349324472576617, -4.000000000000001776 ) ) ;
#1170 = CARTESIAN_POINT ( 'NONE',  ( 10.29999999999999893, 3.749999999999999556, 0.000000000000000000 ) ) ;
#1171 = DIRECTION ( 'NONE',  ( 0.000000000000000000, -1.877893248421449775E-16, -1.000000000000000000 ) ) ;
#1172 = DIRECTION ( 'NONE',  ( 0.000000000000000000, 0.000000000000000000, -1.000000000000000000 ) ) ;
#1173 = SURFACE_STYLE_USAGE ( .BOTH. , #2092 ) ;
#1174 = UNCERTAINTY_MEASURE_WITH_UNIT (LENGTH_MEASURE( 1.000000000000000082E-05 ), #1489, 'distance_accuracy_value', 'NONE');
#1175 = SURFACE_STYLE_FILL_AREA ( #1523 ) ;
#1176 = CARTESIAN_POINT ( 'NONE',  ( -2.103219605188631824, 3.464101615137756607, -2.000000000000000000 ) ) ;
#1177 = ADVANCED_FACE ( 'NONE', ( #622 ), #1775, .T. ) ;
#1178 = FILL_AREA_STYLE ('',( #1736 ) ) ;
#1179 = CARTESIAN_POINT ( 'NONE',  ( 10.29999999999999893, 0.000000000000000000, 0.000000000000000000 ) ) ;
#1180 =( NAMED_UNIT ( * ) PLANE_ANGLE_UNIT ( ) SI_UNIT ( $, .RADIAN. ) );
#1181 = CARTESIAN_POINT ( 'NONE',  ( -7.700000000000157385, -8.196021905759699736E-15, 3.999999999999997335 ) ) ;
#1182 = VERTEX_POINT ( 'NONE', #779 ) ;
#1183 = CARTESIAN_POINT ( 'NONE',  ( 10.29999999999999893, 0.000000000000000000, -3.250000000000004441 ) ) ;
#1184 = B_SPLINE_CURVE_WITH_KNOTS ( 'NONE', 3,
 ( #590, #2130, #1753, #1236, #1617 ),
 .UNSPECIFIED., .F., .F.,
 ( 4, 1, 4 ),
 ( 2.309401076748767231E-07, 0.002309632016866177990, 0.004619033093624681612 ),
 .UNSPECIFIED. ) ;
#1185 = PLANE ( 'NONE',  #1346 ) ;
#1186 = EDGE_LOOP ( 'NONE', ( #762, #342, #2127 ) ) ;
#1187 =( LENGTH_UNIT ( ) NAMED_UNIT ( * ) SI_UNIT ( .MILLI., .METRE. ) );
#1188 = CARTESIAN_POINT ( 'NONE',  ( -7.576239569296596699, -2.309401076758501592, -4.000000000000000888 ) ) ;
#1189 = ADVANCED_FACE ( 'NONE', ( #1434 ), #1453, .T. ) ;
#1190 = PRESENTATION_STYLE_ASSIGNMENT (( #2068 ) ) ;
#1191 = VECTOR ( 'NONE', #1109, 1000.000000000000114 ) ;
#1192 = MECHANICAL_DESIGN_GEOMETRIC_PRESENTATION_REPRESENTATION (  '', ( #2046 ), #891 ) ;
#1193 = VERTEX_POINT ( 'NONE', #1147 ) ;
#1194 = VECTOR ( 'NONE', #31, 1000.000000000000000 ) ;
#1195 = STYLED_ITEM ( 'NONE', ( #1881 ), #1059 ) ;
#1196 = COLOUR_RGB ( '',0.9686274509803921573, 0.8784313725490195957, 0.5999999999999999778 ) ;
#1197 = MECHANICAL_DESIGN_GEOMETRIC_PRESENTATION_REPRESENTATION (  '', ( #897 ), #204 ) ;
#1198 = CIRCLE ( 'NONE', #661, 3.149999999999999911 ) ;
#1199 = EDGE_CURVE ( 'NONE', #1075, #781, #2140, .T. ) ;
#1200 =( NAMED_UNIT ( * ) PLANE_ANGLE_UNIT ( ) SI_UNIT ( $, .RADIAN. ) );
#1201 = CARTESIAN_POINT ( 'NONE',  ( -2.049999999999998046, 0.000000000000000000, 0.000000000000000000 ) ) ;
#1202 =( GEOMETRIC_REPRESENTATION_CONTEXT ( 3 ) GLOBAL_UNCERTAINTY_ASSIGNED_CONTEXT ( ( #785 ) ) GLOBAL_UNIT_ASSIGNED_CONTEXT ( ( #296, #1691, #815 ) ) REPRESENTATION_CONTEXT ( 'NONE', 'WORKASPACE' ) );
#1203 = CARTESIAN_POINT ( 'NONE',  ( 8.849999999999997868, 0.000000000000000000, 0.000000000000000000 ) ) ;
#1204 = ORIENTED_EDGE ( 'NONE', *, *, #735, .T. ) ;
#1205 = CARTESIAN_POINT ( 'NONE',  ( -14.52472286290786485, 0.000000000000000000, 0.000000000000000000 ) ) ;
#1206 = CARTESIAN_POINT ( 'NONE',  ( 7.576239569296597587, -2.309401076758502036, 3.999999999999997335 ) ) ;
#1207 = B_SPLINE_CURVE_WITH_KNOTS ( 'NONE', 3,
 ( #559, #1262, #253, #1055 ),
 .UNSPECIFIED., .F., .F.,
 ( 4, 4 ),
 ( 0.006982912198564407945, 0.009276443998967556781 ),
 .UNSPECIFIED. ) ;
#1208 = LINE ( 'NONE', #1355, #470 ) ;
#1209 = CARTESIAN_POINT ( 'NONE',  ( -2.049999999999998046, 0.000000000000000000, 3.500000000000000000 ) ) ;
#1210 = CARTESIAN_POINT ( 'NONE',  ( -7.576239569296595810, 2.309401076758503812, -4.000000000000001776 ) ) ;
#1211 = DIRECTION ( 'NONE',  ( 0.000000000000000000, 0.000000000000000000, -1.000000000000000000 ) ) ;
#1212 = VERTEX_POINT ( 'NONE', #1271 ) ;
#1213 =( NAMED_UNIT ( * ) SI_UNIT ( $, .STERADIAN. ) SOLID_ANGLE_UNIT ( ) );
#1214 = PRESENTATION_STYLE_ASSIGNMENT (( #1383 ) ) ;
#1215 = EDGE_CURVE ( 'NONE', #2238, #855, #973, .T. ) ;
#1216 = DIRECTION ( 'NONE',  ( 0.000000000000000000, 0.4999999999999997224, 0.8660254037844387076 ) ) ;
#1217 = DIRECTION ( 'NONE',  ( -0.000000000000000000, 0.8660254037844387076, 0.4999999999999999445 ) ) ;
#1218 = SURFACE_SIDE_STYLE ('',( #188 ) ) ;
#1219 = EDGE_LOOP ( 'NONE', ( #1705, #358, #940, #1415 ) ) ;
#1220 = STYLED_ITEM ( 'NONE', ( #279 ), #1239 ) ;
#1221 = CARTESIAN_POINT ( 'NONE',  ( 9.799999999999991829, 3.367778697655221012E-16, -2.750000000000000000 ) ) ;
#1222 = CONICAL_SURFACE ( 'NONE', #1632, 5.000000000000000000, 1.373400766945014784 ) ;
#1223 = CIRCLE ( 'NONE', #1674, 3.500000000000000000 ) ;
#1224 = VERTEX_POINT ( 'NONE', #755 ) ;
#1225 = AXIS2_PLACEMENT_3D ( 'NONE', #1092, #446, #2152 ) ;
#1226 =( GEOMETRIC_REPRESENTATION_CONTEXT ( 3 ) GLOBAL_UNCERTAINTY_ASSIGNED_CONTEXT ( ( #657 ) ) GLOBAL_UNIT_ASSIGNED_CONTEXT ( ( #1276, #1040, #1426 ) ) REPRESENTATION_CONTEXT ( 'NONE', 'WORKASPACE' ) );
#1227 = PRESENTATION_STYLE_ASSIGNMENT (( #369 ) ) ;
#1228 = PRESENTATION_LAYER_ASSIGNMENT (  '', '', ( #19 ) ) ;
#1229 = CARTESIAN_POINT ( 'NONE',  ( -2.196780394811364001, -4.233901974057254769, 0.6666666666666659635 ) ) ;
#1230 = EDGE_CURVE ( 'NONE', #1235, #1540, #1814, .T. ) ;
#1231 = CARTESIAN_POINT ( 'NONE',  ( 2.197117919711568668, -1.542975966840195667, -4.000000000000000888 ) ) ;
#1232 = DIRECTION ( 'NONE',  ( -1.000000000000000000, 0.000000000000000000, 0.000000000000000000 ) ) ;
#1233 = FILL_AREA_STYLE ('',( #1599 ) ) ;
#1234 = DIRECTION ( 'NONE',  ( -1.000000000000000000, 0.000000000000000000, 0.000000000000000000 ) ) ;
#1235 = VERTEX_POINT ( 'NONE', #419 ) ;
#1236 = CARTESIAN_POINT ( 'NONE',  ( -7.653219605188634311, -2.694301256218252227, -3.333333333333336146 ) ) ;
#1237 = FILL_AREA_STYLE ('',( #1602 ) ) ;
#1238 = CARTESIAN_POINT ( 'NONE',  ( -7.700000000000157385, -8.196021905759699736E-15, 3.999999999999997335 ) ) ;
#1239 = ADVANCED_FACE ( 'NONE', ( #1105 ), #247, .T. ) ;
#1240 = ORIENTED_EDGE ( 'NONE', *, *, #1022, .F. ) ;
#1241 = FILL_AREA_STYLE_COLOUR ( '', #1160 ) ;
#1242 = PRESENTATION_STYLE_ASSIGNMENT (( #1773 ) ) ;
#1243 = CARTESIAN_POINT ( 'NONE',  ( -2.049999999999998046, 0.000000000000000000, 0.000000000000000000 ) ) ;
#1244 = EDGE_LOOP ( 'NONE', ( #407, #1281, #1964, #2185 ) ) ;
#1245 = CARTESIAN_POINT ( 'NONE',  ( -7.799999999999998046, 0.000000000000000000, 0.000000000000000000 ) ) ;
#1246 = DIRECTION ( 'NONE',  ( 0.000000000000000000, 0.000000000000000000, -1.000000000000000000 ) ) ;
#1247 = CARTESIAN_POINT ( 'NONE',  ( -14.52472286290786485, 0.000000000000000000, 3.149999999999999911 ) ) ;
#1248 = PRESENTATION_STYLE_ASSIGNMENT (( #1924 ) ) ;
#1249 = ADVANCED_FACE ( 'NONE', ( #838 ), #2136, .T. ) ;
#1250 = DIRECTION ( 'NONE',  ( 0.000000000000000000, 0.4999999999999998890, -0.8660254037844385966 ) ) ;
#1251 = VERTEX_POINT ( 'NONE', #1181 ) ;
#1252 = LINE ( 'NONE', #2107, #282 ) ;
#1253 = CARTESIAN_POINT ( 'NONE',  ( 2.273760430703399837, 4.618802153517008513, 3.549081453648186073E-15 ) ) ;
#1254 = ORIENTED_EDGE ( 'NONE', *, *, #1115, .T. ) ;
#1255 = PRESENTATION_LAYER_ASSIGNMENT (  '', '', ( #1955 ) ) ;
#1256 = VECTOR ( 'NONE', #718, 1000.000000000000000 ) ;
#1257 = CARTESIAN_POINT ( 'NONE',  ( 8.849999999999997868, 0.000000000000000000, 0.000000000000000000 ) ) ;
#1258 = SURFACE_STYLE_FILL_AREA ( #409 ) ;
#1259 = CIRCLE ( 'NONE', #825, 3.500000000000000000 ) ;
#1260 = MECHANICAL_DESIGN_GEOMETRIC_PRESENTATION_REPRESENTATION (  '', ( #2219 ), #320 ) ;
#1261 = COLOUR_RGB ( '',0.9686274509803921573, 0.8784313725490195957, 0.5999999999999999778 ) ;
#1262 = CARTESIAN_POINT ( 'NONE',  ( 2.149999999999998135, -0.7679799128243799400, 3.999999999999997335 ) ) ;
#1263 = STYLED_ITEM ( 'NONE', ( #1522 ), #424 ) ;
#1264 = DIRECTION ( 'NONE',  ( -1.000000000000000000, 0.000000000000000000, -0.000000000000000000 ) ) ;
#1265 = ORIENTED_EDGE ( 'NONE', *, *, #2159, .F. ) ;
#1266 = COLOUR_RGB ( '',0.9686274509803921573, 0.8784313725490195957, 0.5999999999999999778 ) ;
#1267 = DIRECTION ( 'NONE',  ( -1.000000000000000000, -0.000000000000000000, -0.000000000000000000 ) ) ;
#1268 = PRODUCT_CONTEXT ( 'NONE', #1673, 'mechanical' ) ;
#1269 = ORIENTED_EDGE ( 'NONE', *, *, #130, .T. ) ;
#1270 =( LENGTH_UNIT ( ) NAMED_UNIT ( * ) SI_UNIT ( .MILLI., .METRE. ) );
#1271 = CARTESIAN_POINT ( 'NONE',  ( -7.799999999999998046, 0.000000000000000000, 3.750000000000000000 ) ) ;
#1272 = EDGE_LOOP ( 'NONE', ( #206, #597, #1742, #421, #1084, #617, #1823 ) ) ;
#1273 = AXIS2_PLACEMENT_3D ( 'NONE', #1243, #360, #739 ) ;
#1274 = EDGE_CURVE ( 'NONE', #316, #2238, #1369, .T. ) ;
#1275 = FILL_AREA_STYLE_COLOUR ( '', #443 ) ;
#1276 =( LENGTH_UNIT ( ) NAMED_UNIT ( * ) SI_UNIT ( .MILLI., .METRE. ) );
#1277 = SURFACE_SIDE_STYLE ('',( #592 ) ) ;
#1278 = ORIENTED_EDGE ( 'NONE', *, *, #1642, .T. ) ;
#1279 = DIRECTION ( 'NONE',  ( 0.000000000000000000, -1.000000000000000000, 0.000000000000000000 ) ) ;
#1280 = CARTESIAN_POINT ( 'NONE',  ( 7.799999999999996270, 4.592425496802573972E-16, -3.750000000000000000 ) ) ;
#1281 = ORIENTED_EDGE ( 'NONE', *, *, #854, .T. ) ;
#1282 = SURFACE_SIDE_STYLE ('',( #807 ) ) ;
#1283 = SURFACE_STYLE_USAGE ( .BOTH. , #1613 ) ;
#1284 =( LENGTH_UNIT ( ) NAMED_UNIT ( * ) SI_UNIT ( .MILLI., .METRE. ) );
#1285 = EDGE_CURVE ( 'NONE', #1390, #2171, #298, .T. ) ;
#1286 = DIRECTION ( 'NONE',  ( -1.000000000000000000, -0.000000000000000000, -0.000000000000000000 ) ) ;
#1287 =( LENGTH_UNIT ( ) NAMED_UNIT ( * ) SI_UNIT ( .MILLI., .METRE. ) );
#1288 = EDGE_LOOP ( 'NONE', ( #1948, #1006 ) ) ;
#1289 = PRESENTATION_STYLE_ASSIGNMENT (( #1953 ) ) ;
#1290 = CARTESIAN_POINT ( 'NONE',  ( 7.499999999999998224, 0.000000000000000000, 0.000000000000000000 ) ) ;
#1291 = FACE_OUTER_BOUND ( 'NONE', #1081, .T. ) ;
#1292 = CARTESIAN_POINT ( 'NONE',  ( -7.653219605188633423, -4.233901974057256545, 0.6666666666666662966 ) ) ;
#1293 = EDGE_LOOP ( 'NONE', ( #2196, #1787 ) ) ;
#1294 = AXIS2_PLACEMENT_3D ( 'NONE', #1491, #435, #406 ) ;
#1295 = DIRECTION ( 'NONE',  ( -1.000000000000000000, -0.000000000000000000, -0.000000000000000000 ) ) ;
#1296 = STYLED_ITEM ( 'NONE', ( #580 ), #1451 ) ;
#1297 = MECHANICAL_DESIGN_GEOMETRIC_PRESENTATION_REPRESENTATION (  '', ( #19 ), #1771 ) ;
#1298 = EDGE_CURVE ( 'NONE', #627, #1027, #1387, .T. ) ;
#1299 = MECHANICAL_DESIGN_GEOMETRIC_PRESENTATION_REPRESENTATION (  '', ( #20 ), #23 ) ;
#1300 = DIRECTION ( 'NONE',  ( 0.000000000000000000, -0.5000000000000003331, -0.8660254037844383745 ) ) ;
#1301 = CONICAL_SURFACE ( 'NONE', #536, 5.000000000000000000, 1.373400766945015894 ) ;
#1302 =( GEOMETRIC_REPRESENTATION_CONTEXT ( 3 ) GLOBAL_UNCERTAINTY_ASSIGNED_CONTEXT ( ( #1307 ) ) GLOBAL_UNIT_ASSIGNED_CONTEXT ( ( #1504, #111, #291 ) ) REPRESENTATION_CONTEXT ( 'NONE', 'WORKASPACE' ) );
#1303 = STYLED_ITEM ( 'NONE', ( #711 ), #496 ) ;
#1304 = CARTESIAN_POINT ( 'NONE',  ( -10.29999999999999893, 0.000000000000000000, 3.749999999999999556 ) ) ;
#1305 = DIRECTION ( 'NONE',  ( 0.000000000000000000, 0.000000000000000000, 1.000000000000000000 ) ) ;
#1306 =( LENGTH_UNIT ( ) NAMED_UNIT ( * ) SI_UNIT ( .MILLI., .METRE. ) );
#1307 = UNCERTAINTY_MEASURE_WITH_UNIT (LENGTH_MEASURE( 1.000000000000000082E-05 ), #1504, 'distance_accuracy_value', 'NONE');
#1308 = AXIS2_PLACEMENT_3D ( 'NONE', #1728, #698, #1920 ) ;
#1309 = FILL_AREA_STYLE_COLOUR ( '', #1860 ) ;
#1310 = ORIENTED_EDGE ( 'NONE', *, *, #239, .T. ) ;
#1311 = DIRECTION ( 'NONE',  ( 0.000000000000000000, 0.000000000000000000, 1.000000000000000000 ) ) ;
#1312 = APPLICATION_CONTEXT ( 'automotive_design' ) ;
#1313 = FILL_AREA_STYLE_COLOUR ( '', #104 ) ;
#1314 = LINE ( 'NONE', #2030, #1550 ) ;
#1315 = EDGE_CURVE ( 'NONE', #293, #1465, #306, .T. ) ;
#1316 =( NAMED_UNIT ( * ) SI_UNIT ( $, .STERADIAN. ) SOLID_ANGLE_UNIT ( ) );
#1317 =( NAMED_UNIT ( * ) PLANE_ANGLE_UNIT ( ) SI_UNIT ( $, .RADIAN. ) );
#1318 = PRESENTATION_STYLE_ASSIGNMENT (( #800 ) ) ;
#1319 =( NAMED_UNIT ( * ) PLANE_ANGLE_UNIT ( ) SI_UNIT ( $, .RADIAN. ) );
#1320 = VERTEX_POINT ( 'NONE', #2224 ) ;
#1321 = CARTESIAN_POINT ( 'NONE',  ( -2.197117919711567779, -1.542975966840196334, 3.999999999999997335 ) ) ;
#1322 = B_SPLINE_CURVE_WITH_KNOTS ( 'NONE', 3,
 ( #989, #2089, #107, #1210 ),
 .UNSPECIFIED., .F., .F.,
 ( 4, 4 ),
 ( 0.006982912198564397536, 0.009276443998967539434 ),
 .UNSPECIFIED. ) ;
#1323 = CARTESIAN_POINT ( 'NONE',  ( -7.653219605188634311, 2.694301256218257556, 3.333333333333333037 ) ) ;
#1324 = EDGE_CURVE ( 'NONE', #1765, #373, #1610, .T. ) ;
#1325 = DIRECTION ( 'NONE',  ( -1.000000000000000000, -0.000000000000000000, -0.000000000000000000 ) ) ;
#1326 =( NAMED_UNIT ( * ) SI_UNIT ( $, .STERADIAN. ) SOLID_ANGLE_UNIT ( ) );
#1327 = B_SPLINE_CURVE_WITH_KNOTS ( 'NONE', 3,
 ( #486, #2050, #1356, #649, #691 ),
 .UNSPECIFIED., .F., .F.,
 ( 4, 1, 4 ),
 ( 2.309401076804760079E-07, 0.002309632016866182327, 0.004619033093624683346 ),
 .UNSPECIFIED. ) ;
#1328 = UNCERTAINTY_MEASURE_WITH_UNIT (LENGTH_MEASURE( 1.000000000000000082E-05 ), #2146, 'distance_accuracy_value', 'NONE');
#1329 =( NAMED_UNIT ( * ) PLANE_ANGLE_UNIT ( ) SI_UNIT ( $, .RADIAN. ) );
#1330 = ORIENTED_EDGE ( 'NONE', *, *, #1544, .F. ) ;
#1331 = DIRECTION ( 'NONE',  ( 0.000000000000000000, 0.000000000000000000, 1.000000000000000000 ) ) ;
#1332 = SURFACE_STYLE_FILL_AREA ( #2211 ) ;
#1333 = AXIS2_PLACEMENT_3D ( 'NONE', #1690, #1000, #327 ) ;
#1334 = PRESENTATION_LAYER_ASSIGNMENT (  '', '', ( #2009 ) ) ;
#1335 = STYLED_ITEM ( 'NONE', ( #1046 ), #770 ) ;
#1336 = COLOUR_RGB ( '',1.000000000000000000, 1.000000000000000000, 1.000000000000000000 ) ;
#1337 =( GEOMETRIC_REPRESENTATION_CONTEXT ( 3 ) GLOBAL_UNCERTAINTY_ASSIGNED_CONTEXT ( ( #263 ) ) GLOBAL_UNIT_ASSIGNED_CONTEXT ( ( #712, #1580, #25 ) ) REPRESENTATION_CONTEXT ( 'NONE', 'WORKASPACE' ) );
#1338 = CARTESIAN_POINT ( 'NONE',  ( -2.196780394811365777, 4.233901974057260098, 0.6666666666666688501 ) ) ;
#1339 = CIRCLE ( 'NONE', #623, 0.4500000000000000111 ) ;
#1340 = AXIS2_PLACEMENT_3D ( 'NONE', #1830, #1325, #942 ) ;
#1341 =( NAMED_UNIT ( * ) PLANE_ANGLE_UNIT ( ) SI_UNIT ( $, .RADIAN. ) );
#1342 = EDGE_CURVE ( 'NONE', #1235, #41, #2254, .T. ) ;
#1343 = SURFACE_STYLE_USAGE ( .BOTH. , #660 ) ;
#1344 = B_SPLINE_CURVE_WITH_KNOTS ( 'NONE', 3,
 ( #1206, #1385, #1912, #1028 ),
 .UNSPECIFIED., .F., .F.,
 ( 4, 4 ),
 ( 0.004672193333373870008, 0.006982912198564403608 ),
 .UNSPECIFIED. ) ;
#1345 = STYLED_ITEM ( 'NONE', ( #1227 ), #338 ) ;
#1346 = AXIS2_PLACEMENT_3D ( 'NONE', #135, #659, #1216 ) ;
#1347 = PRESENTATION_STYLE_ASSIGNMENT (( #690 ) ) ;
#1348 =( LENGTH_UNIT ( ) NAMED_UNIT ( * ) SI_UNIT ( .MILLI., .METRE. ) );
#1349 = FILL_AREA_STYLE_COLOUR ( '', #1776 ) ;
#1350 = SURFACE_STYLE_USAGE ( .BOTH. , #1877 ) ;
#1351 = FILL_AREA_STYLE ('',( #343 ) ) ;
#1352 = UNCERTAINTY_MEASURE_WITH_UNIT (LENGTH_MEASURE( 1.000000000000000082E-05 ), #118, 'distance_accuracy_value', 'NONE');
#1353 = EDGE_CURVE ( 'NONE', #610, #164, #1478, .T. ) ;
#1354 = ORIENTED_EDGE ( 'NONE', *, *, #1947, .T. ) ;
#1355 = CARTESIAN_POINT ( 'NONE',  ( 10.29999999999999893, 2.309401076758503368, -4.000000000000001776 ) ) ;
#1356 = CARTESIAN_POINT ( 'NONE',  ( -2.103219605188632269, -3.464101615137754830, -1.999999999999998224 ) ) ;
#1357 = SURFACE_SIDE_STYLE ('',( #1001 ) ) ;
#1358 = PRESENTATION_STYLE_ASSIGNMENT (( #816 ) ) ;
#1359 = DIRECTION ( 'NONE',  ( 0.000000000000000000, 0.000000000000000000, 1.000000000000000000 ) ) ;
#1360 = EDGE_CURVE ( 'NONE', #391, #368, #721, .T. ) ;
#1361 = EDGE_LOOP ( 'NONE', ( #1468, #1114, #1794, #2105 ) ) ;
#1362 = CARTESIAN_POINT ( 'NONE',  ( -9.799999999999990052, 0.000000000000000000, 0.000000000000000000 ) ) ;
#1363 = ORIENTED_EDGE ( 'NONE', *, *, #2252, .T. ) ;
#1364 = DIRECTION ( 'NONE',  ( -1.000000000000000000, -0.000000000000000000, -0.000000000000000000 ) ) ;
#1365 = DIRECTION ( 'NONE',  ( 0.000000000000000000, 0.8660254037844388186, -0.4999999999999997780 ) ) ;
#1366 = CARTESIAN_POINT ( 'NONE',  ( -7.746780394811363379, 3.464101615137754830, -1.999999999999999112 ) ) ;
#1367 = EDGE_CURVE ( 'NONE', #1978, #1320, #693, .T. ) ;
#1368 = CIRCLE ( 'NONE', #1766, 3.149999999999999911 ) ;
#1369 = LINE ( 'NONE', #1866, #196 ) ;
#1370 = VECTOR ( 'NONE', #1286, 1000.000000000000000 ) ;
#1371 = EDGE_LOOP ( 'NONE', ( #669, #1082 ) ) ;
#1372 =( GEOMETRIC_REPRESENTATION_CONTEXT ( 3 ) GLOBAL_UNCERTAINTY_ASSIGNED_CONTEXT ( ( #2225 ) ) GLOBAL_UNIT_ASSIGNED_CONTEXT ( ( #810, #1317, #1164 ) ) REPRESENTATION_CONTEXT ( 'NONE', 'WORKASPACE' ) );
#1373 = MECHANICAL_DESIGN_GEOMETRIC_PRESENTATION_REPRESENTATION (  '', ( #108 ), #1589 ) ;
#1374 = PRESENTATION_LAYER_ASSIGNMENT (  '', '', ( #289 ) ) ;
#1375 = CYLINDRICAL_SURFACE ( 'NONE', #1012, 0.4499999999999999556 ) ;
#1376 = MECHANICAL_DESIGN_GEOMETRIC_PRESENTATION_REPRESENTATION (  '', ( #2083 ), #984 ) ;
#1377 =( NAMED_UNIT ( * ) PLANE_ANGLE_UNIT ( ) SI_UNIT ( $, .RADIAN. ) );
#1378 = CARTESIAN_POINT ( 'NONE',  ( 2.197018781834289225, 1.541984588067398798, -4.000000000000001776 ) ) ;
#1379 = EDGE_CURVE ( 'NONE', #41, #1695, #499, .T. ) ;
#1380 = CARTESIAN_POINT ( 'NONE',  ( 2.149999999999839595, 8.685880746055440384E-15, -4.000000000000001776 ) ) ;
#1381 = ORIENTED_EDGE ( 'NONE', *, *, #215, .T. ) ;
#1382 = DIRECTION ( 'NONE',  ( 0.000000000000000000, 0.000000000000000000, -1.000000000000000000 ) ) ;
#1383 = SURFACE_STYLE_USAGE ( .BOTH. , #376 ) ;
#1384 = ORIENTED_EDGE ( 'NONE', *, *, #239, .F. ) ;
#1385 = CARTESIAN_POINT ( 'NONE',  ( 7.652882080288429201, -1.542975966840195445, 3.999999999999997335 ) ) ;
#1386 = FILL_AREA_STYLE_COLOUR ( '', #167 ) ;
#1387 = B_SPLINE_CURVE_WITH_KNOTS ( 'NONE', 3,
 ( #682, #1509, #2214, #1338, #2054 ),
 .UNSPECIFIED., .F., .F.,
 ( 4, 1, 4 ),
 ( 2.309401076804759815E-07, 0.002309632016866177123, 0.004619033093624673805 ),
 .UNSPECIFIED. ) ;
#1388 = APPLICATION_PROTOCOL_DEFINITION ( 'draft international standard', 'automotive_design', 1998, #1673 ) ;
#1389 = CARTESIAN_POINT ( 'NONE',  ( -2.349999999999997868, 0.000000000000000000, 5.000000000000000000 ) ) ;
#1390 = VERTEX_POINT ( 'NONE', #160 ) ;
#1391 = DIRECTION ( 'NONE',  ( 0.1961161351381839890, 1.200864985790634159E-16, 0.9805806756909202226 ) ) ;
#1392 = EDGE_CURVE ( 'NONE', #1872, #781, #1615, .T. ) ;
#1393 =( NAMED_UNIT ( * ) PLANE_ANGLE_UNIT ( ) SI_UNIT ( $, .RADIAN. ) );
#1394 = FILL_AREA_STYLE ('',( #2110 ) ) ;
#1395 = PRESENTATION_STYLE_ASSIGNMENT (( #1419 ) ) ;
#1396 =( LENGTH_UNIT ( ) NAMED_UNIT ( * ) SI_UNIT ( .MILLI., .METRE. ) );
#1397 = SURFACE_STYLE_USAGE ( .BOTH. , #1421 ) ;
#1398 = CONICAL_SURFACE ( 'NONE', #281, 3.250000000000004441, 0.7853981633974456145 ) ;
#1399 = DIRECTION ( 'NONE',  ( 0.000000000000000000, 0.000000000000000000, -1.000000000000000000 ) ) ;
#1400 = CARTESIAN_POINT ( 'NONE',  ( 6.799999999999998934, 0.000000000000000000, 0.4500000000000001221 ) ) ;
#1401 = AXIS2_PLACEMENT_3D ( 'NONE', #788, #1469, #1331 ) ;
#1402 = MECHANICAL_DESIGN_GEOMETRIC_PRESENTATION_REPRESENTATION (  '', ( #937 ), #1007 ) ;
#1403 = ORIENTED_EDGE ( 'NONE', *, *, #1712, .F. ) ;
#1404 =( GEOMETRIC_REPRESENTATION_CONTEXT ( 3 ) GLOBAL_UNCERTAINTY_ASSIGNED_CONTEXT ( ( #2242 ) ) GLOBAL_UNIT_ASSIGNED_CONTEXT ( ( #1287, #71, #934 ) ) REPRESENTATION_CONTEXT ( 'NONE', 'WORKASPACE' ) );
#1405 = STYLED_ITEM ( 'NONE', ( #429 ), #396 ) ;
#1406 = CARTESIAN_POINT ( 'NONE',  ( -9.799999999999990052, 0.000000000000000000, 2.750000000000000000 ) ) ;
#1407 = ADVANCED_FACE ( 'NONE', ( #3 ), #1398, .F. ) ;
#1408 = MECHANICAL_DESIGN_GEOMETRIC_PRESENTATION_REPRESENTATION (  '', ( #326 ), #1488 ) ;
#1409 = DIRECTION ( 'NONE',  ( 0.000000000000000000, 0.000000000000000000, 1.000000000000000000 ) ) ;
#1410 = CARTESIAN_POINT ( 'NONE',  ( 10.29999999999999893, -4.618802153517005848, 4.207895684660582773E-17 ) ) ;
#1411 = EDGE_LOOP ( 'NONE', ( #43, #1363, #1133, #1718 ) ) ;
#1412 = CARTESIAN_POINT ( 'NONE',  ( 2.196780394811364445, 2.694301256218256224, -3.333333333333330373 ) ) ;
#1413 = ORIENTED_EDGE ( 'NONE', *, *, #1660, .T. ) ;
#1414 =( NAMED_UNIT ( * ) PLANE_ANGLE_UNIT ( ) SI_UNIT ( $, .RADIAN. ) );
#1415 = ORIENTED_EDGE ( 'NONE', *, *, #2179, .F. ) ;
#1416 = ADVANCED_FACE ( 'NONE', ( #709 ), #18, .T. ) ;
#1417 = DIRECTION ( 'NONE',  ( 0.1961161351381839890, 1.200864985790634159E-16, 0.9805806756909202226 ) ) ;
#1418 = PRESENTATION_STYLE_ASSIGNMENT (( #1650 ) ) ;
#1419 = SURFACE_STYLE_USAGE ( .BOTH. , #1218 ) ;
#1420 = CARTESIAN_POINT ( 'NONE',  ( -7.576239569296596699, -2.309401076758502480, 3.999999999999997335 ) ) ;
#1421 = SURFACE_SIDE_STYLE ('',( #539 ) ) ;
#1422 = ORIENTED_EDGE ( 'NONE', *, *, #2215, .F. ) ;
#1423 = ADVANCED_FACE ( 'NONE', ( #1291 ), #1119, .T. ) ;
#1424 = ORIENTED_EDGE ( 'NONE', *, *, #702, .F. ) ;
#1425 = B_SPLINE_CURVE_WITH_KNOTS ( 'NONE', 3,
 ( #853, #286, #1378, #509 ),
 .UNSPECIFIED., .F., .F.,
 ( 4, 4 ),
 ( 0.006982912198564397536, 0.009276443998967546373 ),
 .UNSPECIFIED. ) ;
#1426 =( NAMED_UNIT ( * ) SI_UNIT ( $, .STERADIAN. ) SOLID_ANGLE_UNIT ( ) );
#1427 = DIRECTION ( 'NONE',  ( 1.000000000000000000, 0.000000000000000000, 0.000000000000000000 ) ) ;
#1428 = ORIENTED_EDGE ( 'NONE', *, *, #1508, .F. ) ;
#1429 = FILL_AREA_STYLE ('',( #924 ) ) ;
#1430 = COLOUR_RGB ( '',0.9686274509803921573, 0.8784313725490195957, 0.5999999999999999778 ) ;
#1431 =( LENGTH_UNIT ( ) NAMED_UNIT ( * ) SI_UNIT ( .MILLI., .METRE. ) );
#1432 = ORIENTED_EDGE ( 'NONE', *, *, #2108, .F. ) ;
#1433 = SURFACE_SIDE_STYLE ('',( #1051 ) ) ;
#1434 = FACE_OUTER_BOUND ( 'NONE', #914, .T. ) ;
#1435 = VERTEX_POINT ( 'NONE', #953 ) ;
#1436 = VERTEX_POINT ( 'NONE', #1609 ) ;
#1437 = AXIS2_PLACEMENT_3D ( 'NONE', #2156, #598, #1988 ) ;
#1438 = MECHANICAL_DESIGN_GEOMETRIC_PRESENTATION_REPRESENTATION (  '', ( #1154 ), #1676 ) ;
#1439 = AXIS2_PLACEMENT_3D ( 'NONE', #2017, #445, #268 ) ;
#1440 = FILL_AREA_STYLE_COLOUR ( '', #686 ) ;
#1441 = SURFACE_STYLE_FILL_AREA ( #1045 ) ;
#1442 = PRESENTATION_LAYER_ASSIGNMENT (  '', '', ( #1959 ) ) ;
#1443 = MECHANICAL_DESIGN_GEOMETRIC_PRESENTATION_REPRESENTATION (  '', ( #1711 ), #624 ) ;
#1444 = VECTOR ( 'NONE', #1295, 1000.000000000000000 ) ;
#1445 = SURFACE_STYLE_FILL_AREA ( #1394 ) ;
#1446 = CARTESIAN_POINT ( 'NONE',  ( 7.700000000000158273, 8.685880746055440384E-15, 3.999999999999997335 ) ) ;
#1447 =( GEOMETRIC_REPRESENTATION_CONTEXT ( 3 ) GLOBAL_UNCERTAINTY_ASSIGNED_CONTEXT ( ( #811 ) ) GLOBAL_UNIT_ASSIGNED_CONTEXT ( ( #1825, #128, #2237 ) ) REPRESENTATION_CONTEXT ( 'NONE', 'WORKASPACE' ) );
#1448 = MECHANICAL_DESIGN_GEOMETRIC_PRESENTATION_REPRESENTATION (  '', ( #1303 ), #1856 ) ;
#1449 = DIRECTION ( 'NONE',  ( 0.000000000000000000, -1.224646799147352961E-16, 1.000000000000000000 ) ) ;
#1450 = ORIENTED_EDGE ( 'NONE', *, *, #331, .T. ) ;
#1451 = ADVANCED_FACE ( 'NONE', ( #765 ), #56, .T. ) ;
#1452 = DIRECTION ( 'NONE',  ( -1.000000000000000000, -0.000000000000000000, -0.000000000000000000 ) ) ;
#1453 = PLANE ( 'NONE',  #1294 ) ;
#1454 = VERTEX_POINT ( 'NONE', #1797 ) ;
#1455 = AXIS2_PLACEMENT_3D ( 'NONE', #1362, #862, #1789 ) ;
#1456 = SURFACE_STYLE_FILL_AREA ( #757 ) ;
#1457 = CARTESIAN_POINT ( 'NONE',  ( -8.849999999999997868, 0.000000000000000000, 0.000000000000000000 ) ) ;
#1458 = DIRECTION ( 'NONE',  ( 1.000000000000000000, 0.000000000000000000, 0.000000000000000000 ) ) ;
#1459 =( NAMED_UNIT ( * ) PLANE_ANGLE_UNIT ( ) SI_UNIT ( $, .RADIAN. ) );
#1460 = ORIENTED_EDGE ( 'NONE', *, *, #1828, .T. ) ;
#1461 = CARTESIAN_POINT ( 'NONE',  ( -2.273760430703398949, -2.309401076758502036, 3.999999999999997335 ) ) ;
#1462 = CARTESIAN_POINT ( 'NONE',  ( -9.799999999999990052, 3.367778697655221012E-16, -2.750000000000000000 ) ) ;
#1463 = SURFACE_STYLE_FILL_AREA ( #258 ) ;
#1464 = FACE_OUTER_BOUND ( 'NONE', #238, .T. ) ;
#1465 = VERTEX_POINT ( 'NONE', #1280 ) ;
#1466 = CARTESIAN_POINT ( 'NONE',  ( -7.799999999999998046, 4.592425496802573972E-16, -3.750000000000000000 ) ) ;
#1467 = LINE ( 'NONE', #30, #1191 ) ;
#1468 = ORIENTED_EDGE ( 'NONE', *, *, #12, .T. ) ;
#1469 = DIRECTION ( 'NONE',  ( 1.000000000000000000, -0.000000000000000000, -0.000000000000000000 ) ) ;
#1470 = DIRECTION ( 'NONE',  ( -1.000000000000000000, -0.000000000000000000, -0.000000000000000000 ) ) ;
#1471 = SURFACE_STYLE_FILL_AREA ( #633 ) ;
#1472 = AXIS2_PLACEMENT_3D ( 'NONE', #2212, #1840, #806 ) ;
#1473 = DIRECTION ( 'NONE',  ( 0.000000000000000000, 0.000000000000000000, 1.000000000000000000 ) ) ;
#1474 = SURFACE_STYLE_FILL_AREA ( #943 ) ;
#1475 = EDGE_LOOP ( 'NONE', ( #401, #175, #1981, #2228 ) ) ;
#1476 = PRESENTATION_STYLE_ASSIGNMENT (( #782 ) ) ;
#1477 =( NAMED_UNIT ( * ) SI_UNIT ( $, .STERADIAN. ) SOLID_ANGLE_UNIT ( ) );
#1478 = CIRCLE ( 'NONE', #1628, 3.500000000000000000 ) ;
#1479 = CONICAL_SURFACE ( 'NONE', #501, 3.500000000000000000, 1.373400766945015894 ) ;
#1480 = EDGE_CURVE ( 'NONE', #569, #2204, #1985, .T. ) ;
#1481 = CIRCLE ( 'NONE', #61, 0.4499999999999999556 ) ;
#1482 =( GEOMETRIC_REPRESENTATION_CONTEXT ( 3 ) GLOBAL_UNCERTAINTY_ASSIGNED_CONTEXT ( ( #1352 ) ) GLOBAL_UNIT_ASSIGNED_CONTEXT ( ( #118, #1679, #1142 ) ) REPRESENTATION_CONTEXT ( 'NONE', 'WORKASPACE' ) );
#1483 = PRESENTATION_LAYER_ASSIGNMENT (  '', '', ( #283 ) ) ;
#1484 = PRESENTATION_LAYER_ASSIGNMENT (  '', '', ( #389 ) ) ;
#1485 = COLOUR_RGB ( '',1.000000000000000000, 1.000000000000000000, 1.000000000000000000 ) ;
#1486 =( LENGTH_UNIT ( ) NAMED_UNIT ( * ) SI_UNIT ( .MILLI., .METRE. ) );
#1487 = DIRECTION ( 'NONE',  ( 0.000000000000000000, 0.000000000000000000, 1.000000000000000000 ) ) ;
#1488 =( GEOMETRIC_REPRESENTATION_CONTEXT ( 3 ) GLOBAL_UNCERTAINTY_ASSIGNED_CONTEXT ( ( #123 ) ) GLOBAL_UNIT_ASSIGNED_CONTEXT ( ( #1812, #766, #1683 ) ) REPRESENTATION_CONTEXT ( 'NONE', 'WORKASPACE' ) );
#1489 =( LENGTH_UNIT ( ) NAMED_UNIT ( * ) SI_UNIT ( .MILLI., .METRE. ) );
#1490 = PRESENTATION_STYLE_ASSIGNMENT (( #954 ) ) ;
#1491 = CARTESIAN_POINT ( 'NONE',  ( 10.29999999999999893, 2.309401076758508253, 3.999999999999997335 ) ) ;
#1492 = UNCERTAINTY_MEASURE_WITH_UNIT (LENGTH_MEASURE( 1.000000000000000082E-05 ), #926, 'distance_accuracy_value', 'NONE');
#1493 =( NAMED_UNIT ( * ) SI_UNIT ( $, .STERADIAN. ) SOLID_ANGLE_UNIT ( ) );
#1494 = UNCERTAINTY_MEASURE_WITH_UNIT (LENGTH_MEASURE( 1.000000000000000082E-05 ), #2128, 'distance_accuracy_value', 'NONE');
#1495 = STYLED_ITEM ( 'NONE', ( #1097 ), #341 ) ;
#1496 = COLOUR_RGB ( '',0.9686274509803921573, 0.8784313725490195957, 0.5999999999999999778 ) ;
#1497 =( NAMED_UNIT ( * ) SI_UNIT ( $, .STERADIAN. ) SOLID_ANGLE_UNIT ( ) );
#1498 = B_SPLINE_CURVE_WITH_KNOTS ( 'NONE', 3,
 ( #1136, #798, #2208, #1292, #259 ),
 .UNSPECIFIED., .F., .F.,
 ( 4, 1, 4 ),
 ( 2.309401076754191948E-07, 0.002309632016866177556, 0.004619033093624679877 ),
 .UNSPECIFIED. ) ;
#1499 = ORIENTED_EDGE ( 'NONE', *, *, #77, .F. ) ;
#1500 = PRESENTATION_STYLE_ASSIGNMENT (( #444 ) ) ;
#1501 = CARTESIAN_POINT ( 'NONE',  ( 6.799999999999998934, 5.510910596163091404E-17, -0.4500000000000001776 ) ) ;
#1502 = SPHERICAL_SURFACE ( 'NONE', #285, 0.4500000000000000111 ) ;
#1503 = CARTESIAN_POINT ( 'NONE',  ( 8.849999999999997868, 0.000000000000000000, 0.000000000000000000 ) ) ;
#1504 =( LENGTH_UNIT ( ) NAMED_UNIT ( * ) SI_UNIT ( .MILLI., .METRE. ) );
#1505 = SURFACE_STYLE_FILL_AREA ( #2166 ) ;
#1506 = PLANE ( 'NONE',  #2216 ) ;
#1507 = CARTESIAN_POINT ( 'NONE',  ( 7.653219605188634311, -2.694301256218253116, 3.333333333333331705 ) ) ;
#1508 = EDGE_CURVE ( 'NONE', #1978, #391, #1259, .T. ) ;
#1509 = CARTESIAN_POINT ( 'NONE',  ( -2.196780394811364001, 2.694301256218259777, 3.333333333333327708 ) ) ;
#1510 = DIRECTION ( 'NONE',  ( -1.000000000000000000, -0.000000000000000000, -0.000000000000000000 ) ) ;
#1511 = UNCERTAINTY_MEASURE_WITH_UNIT (LENGTH_MEASURE( 1.000000000000000082E-05 ), #1851, 'distance_accuracy_value', 'NONE');
#1512 = FACE_OUTER_BOUND ( 'NONE', #2059, .T. ) ;
#1513 = CARTESIAN_POINT ( 'NONE',  ( -6.799999999999998934, 3.367778697655221012E-16, -2.750000000000000000 ) ) ;
#1514 = CARTESIAN_POINT ( 'NONE',  ( -7.576239569296595810, 2.309401076758503812, -4.000000000000001776 ) ) ;
#1515 =( LENGTH_UNIT ( ) NAMED_UNIT ( * ) SI_UNIT ( .MILLI., .METRE. ) );
#1516 = CIRCLE ( 'NONE', #106, 3.750000000000000000 ) ;
#1517 = PRESENTATION_LAYER_ASSIGNMENT (  '', '', ( #108 ) ) ;
#1518 = FILL_AREA_STYLE ('',( #1349 ) ) ;
#1519 = FILL_AREA_STYLE_COLOUR ( '', #1890 ) ;
#1520 = AXIS2_PLACEMENT_3D ( 'NONE', #1457, #2161, #783 ) ;
#1521 = EDGE_CURVE ( 'NONE', #1801, #1777, #2042, .T. ) ;
#1522 = PRESENTATION_STYLE_ASSIGNMENT (( #1173 ) ) ;
#1523 = FILL_AREA_STYLE ('',( #347 ) ) ;
#1524 = SURFACE_SIDE_STYLE ('',( #1745 ) ) ;
#1525 = CIRCLE ( 'NONE', #1273, 3.500000000000000000 ) ;
#1526 = MECHANICAL_DESIGN_GEOMETRIC_PRESENTATION_REPRESENTATION (  '', ( #1733 ), #1202 ) ;
#1527 =( NAMED_UNIT ( * ) PLANE_ANGLE_UNIT ( ) SI_UNIT ( $, .RADIAN. ) );
#1528 = CARTESIAN_POINT ( 'NONE',  ( 8.849999999999997868, 5.510910596163088939E-17, -0.4500000000000000111 ) ) ;
#1529 = FILL_AREA_STYLE ('',( #152 ) ) ;
#1530 = CARTESIAN_POINT ( 'NONE',  ( 7.653219605188631647, -4.233901974057254769, 0.6666666666666659635 ) ) ;
#1531 = CARTESIAN_POINT ( 'NONE',  ( -14.52472286290786485, 0.000000000000000000, 0.000000000000000000 ) ) ;
#1532 = UNCERTAINTY_MEASURE_WITH_UNIT (LENGTH_MEASURE( 1.000000000000000082E-05 ), #616, 'distance_accuracy_value', 'NONE');
#1533 = ORIENTED_EDGE ( 'NONE', *, *, #713, .T. ) ;
#1534 = PRESENTATION_STYLE_ASSIGNMENT (( #998 ) ) ;
#1535 = EDGE_CURVE ( 'NONE', #1984, #1089, #748, .T. ) ;
#1536 = ORIENTED_EDGE ( 'NONE', *, *, #702, .T. ) ;
#1537 = LINE ( 'NONE', #2060, #349 ) ;
#1538 = CARTESIAN_POINT ( 'NONE',  ( -7.576239569296595810, 4.618802153517007625, 3.116079441291487618E-15 ) ) ;
#1539 = DIRECTION ( 'NONE',  ( -1.000000000000000000, -0.000000000000000000, -0.000000000000000000 ) ) ;
#1540 = VERTEX_POINT ( 'NONE', #1144 ) ;
#1541 = DIRECTION ( 'NONE',  ( 1.000000000000000000, 0.000000000000000000, 0.000000000000000000 ) ) ;
#1542 =( GEOMETRIC_REPRESENTATION_CONTEXT ( 3 ) GLOBAL_UNCERTAINTY_ASSIGNED_CONTEXT ( ( #1174 ) ) GLOBAL_UNIT_ASSIGNED_CONTEXT ( ( #1489, #795, #2040 ) ) REPRESENTATION_CONTEXT ( 'NONE', 'WORKASPACE' ) );
#1543 = PLANE ( 'NONE',  #1308 ) ;
#1544 = EDGE_CURVE ( 'NONE', #1102, #420, #457, .T. ) ;
#1545 =( NAMED_UNIT ( * ) SI_UNIT ( $, .STERADIAN. ) SOLID_ANGLE_UNIT ( ) );
#1546 = CARTESIAN_POINT ( 'NONE',  ( 7.576239569296596699, 4.618802153517008513, 3.513977820763865804E-15 ) ) ;
#1547 = STYLED_ITEM ( 'NONE', ( #1620 ), #2033 ) ;
#1548 = DIRECTION ( 'NONE',  ( -1.000000000000000000, -0.000000000000000000, -0.000000000000000000 ) ) ;
#1549 = FILL_AREA_STYLE ('',( #1939 ) ) ;
#1550 = VECTOR ( 'NONE', #1805, 1000.000000000000000 ) ;
#1551 = CIRCLE ( 'NONE', #1401, 2.750000000000000000 ) ;
#1552 = EDGE_LOOP ( 'NONE', ( #1413, #1597 ) ) ;
#1553 =( GEOMETRIC_REPRESENTATION_CONTEXT ( 3 ) GLOBAL_UNCERTAINTY_ASSIGNED_CONTEXT ( ( #1124 ) ) GLOBAL_UNIT_ASSIGNED_CONTEXT ( ( #1802, #589, #2008 ) ) REPRESENTATION_CONTEXT ( 'NONE', 'WORKASPACE' ) );
#1554 = AXIS2_PLACEMENT_3D ( 'NONE', #1079, #1091, #354 ) ;
#1555 = FACE_BOUND ( 'NONE', #1882, .T. ) ;
#1556 = MECHANICAL_DESIGN_GEOMETRIC_PRESENTATION_REPRESENTATION (  '', ( #174 ), #752 ) ;
#1557 = SURFACE_SIDE_STYLE ('',( #999 ) ) ;
#1558 = LINE ( 'NONE', #699, #653 ) ;
#1559 = EDGE_CURVE ( 'NONE', #1540, #1695, #1314, .T. ) ;
#1560 = SURFACE_STYLE_FILL_AREA ( #173 ) ;
#1561 = ADVANCED_FACE ( 'NONE', ( #893 ), #1892, .T. ) ;
#1562 = ORIENTED_EDGE ( 'NONE', *, *, #583, .F. ) ;
#1563 = FACE_OUTER_BOUND ( 'NONE', #906, .T. ) ;
#1564 = FILL_AREA_STYLE ('',( #2093 ) ) ;
#1565 = ORIENTED_EDGE ( 'NONE', *, *, #841, .F. ) ;
#1566 =( NAMED_UNIT ( * ) PLANE_ANGLE_UNIT ( ) SI_UNIT ( $, .RADIAN. ) );
#1567 = DIRECTION ( 'NONE',  ( 0.000000000000000000, 0.000000000000000000, -1.000000000000000000 ) ) ;
#1568 =( LENGTH_UNIT ( ) NAMED_UNIT ( * ) SI_UNIT ( .MILLI., .METRE. ) );
#1569 = VERTEX_POINT ( 'NONE', #1446 ) ;
#1570 = EDGE_CURVE ( 'NONE', #1695, #41, #685, .T. ) ;
#1571 = DIRECTION ( 'NONE',  ( 0.000000000000000000, 1.224646799147352961E-16, 1.000000000000000000 ) ) ;
#1572 = LINE ( 'NONE', #2129, #2220 ) ;
#1573 = FACE_OUTER_BOUND ( 'NONE', #1272, .T. ) ;
#1574 = CARTESIAN_POINT ( 'NONE',  ( -7.799999999999998046, 0.000000000000000000, -3.500000000000000000 ) ) ;
#1575 =( NAMED_UNIT ( * ) PLANE_ANGLE_UNIT ( ) SI_UNIT ( $, .RADIAN. ) );
#1576 = CARTESIAN_POINT ( 'NONE',  ( -8.849999999999997868, 0.000000000000000000, 0.000000000000000000 ) ) ;
#1577 = EDGE_LOOP ( 'NONE', ( #919, #878, #1990, #1330 ) ) ;
#1578 =( GEOMETRIC_REPRESENTATION_CONTEXT ( 3 ) GLOBAL_UNCERTAINTY_ASSIGNED_CONTEXT ( ( #1685 ) ) GLOBAL_UNIT_ASSIGNED_CONTEXT ( ( #1431, #75, #965 ) ) REPRESENTATION_CONTEXT ( 'NONE', 'WORKASPACE' ) );
#1579 = DIRECTION ( 'NONE',  ( -1.000000000000000000, -0.000000000000000000, -0.000000000000000000 ) ) ;
#1580 =( NAMED_UNIT ( * ) PLANE_ANGLE_UNIT ( ) SI_UNIT ( $, .RADIAN. ) );
#1581 = STYLED_ITEM ( 'NONE', ( #1500 ), #960 ) ;
#1582 = VECTOR ( 'NONE', #535, 1000.000000000000000 ) ;
#1583 = EDGE_CURVE ( 'NONE', #2131, #769, #1467, .T. ) ;
#1584 = ORIENTED_EDGE ( 'NONE', *, *, #754, .F. ) ;
#1585 = AXIS2_PLACEMENT_3D ( 'NONE', #1785, #1234, #2118 ) ;
#1586 = COLOUR_RGB ( '',0.9686274509803921573, 0.8784313725490195957, 0.5999999999999999778 ) ;
#1587 = VECTOR ( 'NONE', #1548, 1000.000000000000000 ) ;
#1588 = DIRECTION ( 'NONE',  ( -1.000000000000000000, -0.000000000000000000, -0.000000000000000000 ) ) ;
#1589 =( GEOMETRIC_REPRESENTATION_CONTEXT ( 3 ) GLOBAL_UNCERTAINTY_ASSIGNED_CONTEXT ( ( #1687 ) ) GLOBAL_UNIT_ASSIGNED_CONTEXT ( ( #1977, #767, #955 ) ) REPRESENTATION_CONTEXT ( 'NONE', 'WORKASPACE' ) );
#1590 = AXIS2_PLACEMENT_3D ( 'NONE', #723, #24, #1399 ) ;
#1591 = DIRECTION ( 'NONE',  ( -1.000000000000000000, -0.000000000000000000, -0.000000000000000000 ) ) ;
#1592 = FILL_AREA_STYLE_COLOUR ( '', #976 ) ;
#1593 = LINE ( 'NONE', #1574, #1256 ) ;
#1594 = EDGE_CURVE ( 'NONE', #1777, #734, #1207, .T. ) ;
#1595 = SURFACE_STYLE_FILL_AREA ( #1549 ) ;
#1596 = CIRCLE ( 'NONE', #1645, 0.4500000000000001221 ) ;
#1597 = ORIENTED_EDGE ( 'NONE', *, *, #313, .T. ) ;
#1598 = AXIS2_PLACEMENT_3D ( 'NONE', #1710, #845, #835 ) ;
#1599 = FILL_AREA_STYLE_COLOUR ( '', #864 ) ;
#1600 = LINE ( 'NONE', #194, #145 ) ;
#1601 = ORIENTED_EDGE ( 'NONE', *, *, #614, .T. ) ;
#1602 = FILL_AREA_STYLE_COLOUR ( '', #978 ) ;
#1603 = EDGE_CURVE ( 'NONE', #639, #1251, #290, .T. ) ;
#1604 = CARTESIAN_POINT ( 'NONE',  ( -8.849999999999997868, 5.510910596163088939E-17, -0.4499999999999999556 ) ) ;
#1605 = CARTESIAN_POINT ( 'NONE',  ( 7.746780394811363379, 3.464101615137759715, 1.999999999999999556 ) ) ;
#1606 = ORIENTED_EDGE ( 'NONE', *, *, #754, .T. ) ;
#1607 = CARTESIAN_POINT ( 'NONE',  ( 7.576239569296596699, 2.309401076758503368, -4.000000000000001776 ) ) ;
#1608 = CARTESIAN_POINT ( 'NONE',  ( -7.652981218165708199, -1.541984588067391249, 3.999999999999997335 ) ) ;
#1609 = CARTESIAN_POINT ( 'NONE',  ( -2.273760430703369639, -2.309401076758512250, -4.000000000000000888 ) ) ;
#1610 = B_SPLINE_CURVE_WITH_KNOTS ( 'NONE', 3,
 ( #665, #2062, #1888, #315, #1004 ),
 .UNSPECIFIED., .F., .F.,
 ( 4, 1, 4 ),
 ( 2.309401076759970565E-07, 0.002309632016866181459, 0.004619033093624686816 ),
 .UNSPECIFIED. ) ;
#1611 = ORIENTED_EDGE ( 'NONE', *, *, #1360, .F. ) ;
#1612 = CARTESIAN_POINT ( 'NONE',  ( 2.103219605188630936, 3.464101615137757495, -1.999999999999996225 ) ) ;
#1613 = SURFACE_SIDE_STYLE ('',( #1800 ) ) ;
#1614 = EDGE_LOOP ( 'NONE', ( #478, #2154, #398, #524, #839, #2119, #1240 ) ) ;
#1615 = B_SPLINE_CURVE_WITH_KNOTS ( 'NONE', 3,
 ( #182, #1231, #1925, #1380 ),
 .UNSPECIFIED., .F., .F.,
 ( 4, 4 ),
 ( 0.004672193333373863937, 0.006982912198564397536 ),
 .UNSPECIFIED. ) ;
#1616 = SPHERICAL_SURFACE ( 'NONE', #2141, 0.4500000000000000111 ) ;
#1617 = CARTESIAN_POINT ( 'NONE',  ( -7.576239569296596699, -2.309401076758501592, -4.000000000000000888 ) ) ;
#1618 = SURFACE_STYLE_USAGE ( .BOTH. , #1088 ) ;
#1619 = DIRECTION ( 'NONE',  ( 1.000000000000000000, 0.000000000000000000, 0.000000000000000000 ) ) ;
#1620 = PRESENTATION_STYLE_ASSIGNMENT (( #1101 ) ) ;
#1621 = ORIENTED_EDGE ( 'NONE', *, *, #1994, .F. ) ;
#1622 = EDGE_CURVE ( 'NONE', #418, #1075, #888, .T. ) ;
#1623 =( NAMED_UNIT ( * ) PLANE_ANGLE_UNIT ( ) SI_UNIT ( $, .RADIAN. ) );
#1624 = SURFACE_STYLE_FILL_AREA ( #2199 ) ;
#1625 = ORIENTED_EDGE ( 'NONE', *, *, #2023, .T. ) ;
#1626 = FILL_AREA_STYLE ('',( #1842 ) ) ;
#1627 = DIRECTION ( 'NONE',  ( 1.000000000000000000, 0.000000000000000000, 0.000000000000000000 ) ) ;
#1628 = AXIS2_PLACEMENT_3D ( 'NONE', #2126, #2115, #335 ) ;
#1629 = CIRCLE ( 'NONE', #198, 2.750000000000000000 ) ;
#1630 = FILL_AREA_STYLE ('',( #1991 ) ) ;
#1631 = COLOUR_RGB ( '',0.9686274509803921573, 0.8784313725490195957, 0.5999999999999999778 ) ;
#1632 = AXIS2_PLACEMENT_3D ( 'NONE', #14, #1054, #1409 ) ;
#1633 = STYLED_ITEM ( 'NONE', ( #1127 ), #2085 ) ;
#1634 = AXIS2_PLACEMENT_3D ( 'NONE', #913, #272, #608 ) ;
#1635 = DIRECTION ( 'NONE',  ( -1.000000000000000000, -0.000000000000000000, -0.000000000000000000 ) ) ;
#1636 = CARTESIAN_POINT ( 'NONE',  ( 2.049999999999998046, 0.000000000000000000, 0.000000000000000000 ) ) ;
#1637 = AXIS2_PLACEMENT_3D ( 'NONE', #1503, #1279, #1103 ) ;
#1638 = AXIS2_PLACEMENT_3D ( 'NONE', #981, #1452, #2155 ) ;
#1639 = PLANE ( 'NONE',  #889 ) ;
#1640 = CARTESIAN_POINT ( 'NONE',  ( -2.149999999999839595, -8.196021905759699736E-15, -4.000000000000000888 ) ) ;
#1641 =( NAMED_UNIT ( * ) SI_UNIT ( $, .STERADIAN. ) SOLID_ANGLE_UNIT ( ) );
#1642 = EDGE_CURVE ( 'NONE', #2097, #1212, #1066, .T. ) ;
#1643 = CARTESIAN_POINT ( 'NONE',  ( 2.149999999999838707, -8.196021905759699736E-15, 3.999999999999997335 ) ) ;
#1644 = ORIENTED_EDGE ( 'NONE', *, *, #1958, .F. ) ;
#1645 = AXIS2_PLACEMENT_3D ( 'NONE', #13, #544, #1980 ) ;
#1646 = CARTESIAN_POINT ( 'NONE',  ( -2.273760430703398949, -2.309401076758502036, 3.999999999999997335 ) ) ;
#1647 = ORIENTED_EDGE ( 'NONE', *, *, #614, .F. ) ;
#1648 = AXIS2_PLACEMENT_3D ( 'NONE', #1179, #314, #2080 ) ;
#1649 = FILL_AREA_STYLE ('',( #68 ) ) ;
#1650 = SURFACE_STYLE_USAGE ( .BOTH. , #1995 ) ;
#1651 = CARTESIAN_POINT ( 'NONE',  ( 7.699999999999997513, -0.7679799128243782746, -4.000000000000000888 ) ) ;
#1652 = EDGE_LOOP ( 'NONE', ( #551, #1752 ) ) ;
#1653 = CARTESIAN_POINT ( 'NONE',  ( -2.149999999999838707, 8.685880746055440384E-15, 3.999999999999997335 ) ) ;
#1654 = SURFACE_STYLE_FILL_AREA ( #764 ) ;
#1655 = PRESENTATION_STYLE_ASSIGNMENT (( #55 ) ) ;
#1656 = SURFACE_SIDE_STYLE ('',( #1463 ) ) ;
#1657 = SURFACE_STYLE_USAGE ( .BOTH. , #100 ) ;
#1658 = UNCERTAINTY_MEASURE_WITH_UNIT (LENGTH_MEASURE( 1.000000000000000082E-05 ), #817, 'distance_accuracy_value', 'NONE');
#1659 = ORIENTED_EDGE ( 'NONE', *, *, #784, .T. ) ;
#1660 = EDGE_CURVE ( 'NONE', #1089, #554, #2186, .T. ) ;
#1661 = FACE_OUTER_BOUND ( 'NONE', #437, .T. ) ;
#1662 = UNCERTAINTY_MEASURE_WITH_UNIT (LENGTH_MEASURE( 1.000000000000000082E-05 ), #968, 'distance_accuracy_value', 'NONE');
#1663 = DIRECTION ( 'NONE',  ( 0.000000000000000000, 0.000000000000000000, 1.000000000000000000 ) ) ;
#1664 = CARTESIAN_POINT ( 'NONE',  ( 7.499999999999998224, 0.000000000000000000, 5.000000000000000000 ) ) ;
#1665 =( NAMED_UNIT ( * ) SI_UNIT ( $, .STERADIAN. ) SOLID_ANGLE_UNIT ( ) );
#1666 = EDGE_LOOP ( 'NONE', ( #442, #498, #908 ) ) ;
#1667 = SURFACE_SIDE_STYLE ('',( #1505 ) ) ;
#1668 = DIRECTION ( 'NONE',  ( -0.000000000000000000, 0.000000000000000000, 1.000000000000000000 ) ) ;
#1669 = CLOSED_SHELL ( 'NONE', ( #1734, #1407, #726, #428, #2098, #1727, #1177, #1451, #352, #1249, #346, #1059, #628, #1717, #552, #2085, #364, #2227, #396, #1239, #1099, #496, #207, #1934, #1844, #191, #1189, #1756, #654, #873, #2033, #985, #338, #424, #1561, #1416, #2065, #168, #677, #599, #960, #1083, #770, #2111, #110, #2058, #1167, #747, #27, #1423 ) ) ;
#1670 = FILL_AREA_STYLE_COLOUR ( '', #2194 ) ;
#1671 = EDGE_CURVE ( 'NONE', #1224, #316, #1779, .T. ) ;
#1672 = STYLED_ITEM ( 'NONE', ( #550 ), #1416 ) ;
#1673 = APPLICATION_CONTEXT ( 'automotive_design' ) ;
#1674 = AXIS2_PLACEMENT_3D ( 'NONE', #2067, #1863, #494 ) ;
#1675 =( GEOMETRIC_REPRESENTATION_CONTEXT ( 3 ) GLOBAL_UNCERTAINTY_ASSIGNED_CONTEXT ( ( #809 ) ) GLOBAL_UNIT_ASSIGNED_CONTEXT ( ( #1486, #87, #1641 ) ) REPRESENTATION_CONTEXT ( 'NONE', 'WORKASPACE' ) );
#1676 =( GEOMETRIC_REPRESENTATION_CONTEXT ( 3 ) GLOBAL_UNCERTAINTY_ASSIGNED_CONTEXT ( ( #287 ) ) GLOBAL_UNIT_ASSIGNED_CONTEXT ( ( #1187, #1527, #126 ) ) REPRESENTATION_CONTEXT ( 'NONE', 'WORKASPACE' ) );
#1677 = MECHANICAL_DESIGN_GEOMETRIC_PRESENTATION_REPRESENTATION (  '', ( #1898 ), #2077 ) ;
#1678 = ORIENTED_EDGE ( 'NONE', *, *, #1559, .F. ) ;
#1679 =( NAMED_UNIT ( * ) PLANE_ANGLE_UNIT ( ) SI_UNIT ( $, .RADIAN. ) );
#1680 = SURFACE_SIDE_STYLE ('',( #1826 ) ) ;
#1681 = PRODUCT_RELATED_PRODUCT_CATEGORY ( 'part', '', ( #461 ) ) ;
#1682 = SURFACE_STYLE_USAGE ( .BOTH. , #977 ) ;
#1683 =( NAMED_UNIT ( * ) SI_UNIT ( $, .STERADIAN. ) SOLID_ANGLE_UNIT ( ) );
#1684 = SURFACE_STYLE_FILL_AREA ( #651 ) ;
#1685 = UNCERTAINTY_MEASURE_WITH_UNIT (LENGTH_MEASURE( 1.000000000000000082E-05 ), #1431, 'distance_accuracy_value', 'NONE');
#1686 = DIRECTION ( 'NONE',  ( -1.000000000000000000, -0.000000000000000000, -0.000000000000000000 ) ) ;
#1687 = UNCERTAINTY_MEASURE_WITH_UNIT (LENGTH_MEASURE( 1.000000000000000082E-05 ), #1977, 'distance_accuracy_value', 'NONE');
#1688 = CARTESIAN_POINT ( 'NONE',  ( -2.273760430703399837, 2.309401076758503812, -4.000000000000001776 ) ) ;
#1689 = PRESENTATION_STYLE_ASSIGNMENT (( #988 ) ) ;
#1690 = CARTESIAN_POINT ( 'NONE',  ( -6.799999999999998934, 0.000000000000000000, 0.000000000000000000 ) ) ;
#1691 =( NAMED_UNIT ( * ) PLANE_ANGLE_UNIT ( ) SI_UNIT ( $, .RADIAN. ) );
#1692 = CARTESIAN_POINT ( 'NONE',  ( -14.52472286290786485, 3.857637417314162689E-16, -3.149999999999999911 ) ) ;
#1693 = DIRECTION ( 'NONE',  ( 0.000000000000000000, 0.000000000000000000, 1.000000000000000000 ) ) ;
#1694 = SURFACE_STYLE_FILL_AREA ( #1429 ) ;
#1695 = VERTEX_POINT ( 'NONE', #1604 ) ;
#1696 = CYLINDRICAL_SURFACE ( 'NONE', #105, 2.750000000000000000 ) ;
#1697 = FILL_AREA_STYLE ('',( #2076 ) ) ;
#1698 = EDGE_CURVE ( 'NONE', #1769, #1984, #1481, .T. ) ;
#1699 = CARTESIAN_POINT ( 'NONE',  ( -7.653219605188629870, 4.233901974057257434, 0.6666666666666688501 ) ) ;
#1700 = DIRECTION ( 'NONE',  ( 0.000000000000000000, 0.000000000000000000, 1.000000000000000000 ) ) ;
#1701 = DIRECTION ( 'NONE',  ( 1.000000000000000000, 0.000000000000000000, 0.000000000000000000 ) ) ;
#1702 = UNCERTAINTY_MEASURE_WITH_UNIT (LENGTH_MEASURE( 1.000000000000000082E-05 ), #150, 'distance_accuracy_value', 'NONE');
#1703 = FACE_OUTER_BOUND ( 'NONE', #1716, .T. ) ;
#1704 = VECTOR ( 'NONE', #1024, 1000.000000000000000 ) ;
#1705 = ORIENTED_EDGE ( 'NONE', *, *, #2023, .F. ) ;
#1706 = MECHANICAL_DESIGN_GEOMETRIC_PRESENTATION_REPRESENTATION (  '', ( #1855 ), #1578 ) ;
#1707 = DIRECTION ( 'NONE',  ( 0.000000000000000000, -0.4999999999999999445, 0.8660254037844387076 ) ) ;
#1708 = COLOUR_RGB ( '',0.9686274509803921573, 0.8784313725490195957, 0.5999999999999999778 ) ;
#1709 = AXIS2_PLACEMENT_3D ( 'NONE', #399, #52, #1792 ) ;
#1710 = CARTESIAN_POINT ( 'NONE',  ( -10.29999999999999893, 0.000000000000000000, 0.000000000000000000 ) ) ;
#1711 = STYLED_ITEM ( 'NONE', ( #1242 ), #2098 ) ;
#1712 = EDGE_CURVE ( 'NONE', #1465, #1454, #859, .T. ) ;
#1713 = PRESENTATION_LAYER_ASSIGNMENT (  '', '', ( #1195 ) ) ;
#1714 =( NAMED_UNIT ( * ) SI_UNIT ( $, .STERADIAN. ) SOLID_ANGLE_UNIT ( ) );
#1715 =( LENGTH_UNIT ( ) NAMED_UNIT ( * ) SI_UNIT ( .MILLI., .METRE. ) );
#1716 = EDGE_LOOP ( 'NONE', ( #923, #394 ) ) ;
#1717 = ADVANCED_FACE ( 'NONE', ( #227 ), #925, .F. ) ;
#1718 = ORIENTED_EDGE ( 'NONE', *, *, #1760, .F. ) ;
#1719 = ORIENTED_EDGE ( 'NONE', *, *, #1594, .T. ) ;
#1720 = B_SPLINE_CURVE_WITH_KNOTS ( 'NONE', 3,
 ( #45, #205, #405, #375 ),
 .UNSPECIFIED., .F., .F.,
 ( 4, 4 ),
 ( 0.006982912198564403608, 0.009276443998967549842 ),
 .UNSPECIFIED. ) ;
#1721 = CIRCLE ( 'NONE', #1598, 3.749999999999999556 ) ;
#1722 =( NAMED_UNIT ( * ) PLANE_ANGLE_UNIT ( ) SI_UNIT ( $, .RADIAN. ) );
#1723 = CARTESIAN_POINT ( 'NONE',  ( -14.52472286290786485, 0.000000000000000000, 0.000000000000000000 ) ) ;
#1724 = CARTESIAN_POINT ( 'NONE',  ( -7.799999999999998046, 0.000000000000000000, 0.000000000000000000 ) ) ;
#1725 = ORIENTED_EDGE ( 'NONE', *, *, #1215, .T. ) ;
#1726 =( NAMED_UNIT ( * ) SI_UNIT ( $, .STERADIAN. ) SOLID_ANGLE_UNIT ( ) );
#1727 = ADVANCED_FACE ( 'NONE', ( #99 ), #1064, .T. ) ;
#1728 = CARTESIAN_POINT ( 'NONE',  ( 10.29999999999999893, -2.309401076758502036, 3.999999999999997335 ) ) ;
#1729 = CARTESIAN_POINT ( 'NONE',  ( 2.273760430703369195, -2.309401076758512694, 3.999999999999997335 ) ) ;
#1730 = DIRECTION ( 'NONE',  ( 0.000000000000000000, 0.000000000000000000, 1.000000000000000000 ) ) ;
#1731 = VERTEX_POINT ( 'NONE', #2198 ) ;
#1732 = ORIENTED_EDGE ( 'NONE', *, *, #1535, .T. ) ;
#1733 = STYLED_ITEM ( 'NONE', ( #466 ), #110 ) ;
#1734 = ADVANCED_FACE ( 'NONE', ( #430 ), #416, .T. ) ;
#1735 = CARTESIAN_POINT ( 'NONE',  ( -2.273760430703369639, -2.309401076758512250, -4.000000000000000888 ) ) ;
#1736 = FILL_AREA_STYLE_COLOUR ( '', #1266 ) ;
#1737 =( NAMED_UNIT ( * ) SI_UNIT ( $, .STERADIAN. ) SOLID_ANGLE_UNIT ( ) );
#1738 = PRESENTATION_LAYER_ASSIGNMENT (  '', '', ( #937 ) ) ;
#1739 = DIRECTION ( 'NONE',  ( 0.000000000000000000, 0.000000000000000000, -1.000000000000000000 ) ) ;
#1740 =( NAMED_UNIT ( * ) PLANE_ANGLE_UNIT ( ) SI_UNIT ( $, .RADIAN. ) );
#1741 = COLOUR_RGB ( '',0.9686274509803921573, 0.8784313725490195957, 0.5999999999999999778 ) ;
#1742 = ORIENTED_EDGE ( 'NONE', *, *, #814, .F. ) ;
#1743 = MECHANICAL_DESIGN_GEOMETRIC_PRESENTATION_REPRESENTATION (  '', ( #1495 ), #658 ) ;
#1744 = LINE ( 'NONE', #184, #857 ) ;
#1745 = SURFACE_STYLE_FILL_AREA ( #344 ) ;
#1746 = ORIENTED_EDGE ( 'NONE', *, *, #1048, .T. ) ;
#1747 = PRESENTATION_LAYER_ASSIGNMENT (  '', '', ( #1303 ) ) ;
#1748 =( NAMED_UNIT ( * ) PLANE_ANGLE_UNIT ( ) SI_UNIT ( $, .RADIAN. ) );
#1749 = CIRCLE ( 'NONE', #760, 3.500000000000000000 ) ;
#1750 = DIRECTION ( 'NONE',  ( 1.000000000000000000, -0.000000000000000000, -0.000000000000000000 ) ) ;
#1751 = EDGE_LOOP ( 'NONE', ( #2256, #728, #233, #2177, #956, #84, #2236 ) ) ;
#1752 = ORIENTED_EDGE ( 'NONE', *, *, #1841, .F. ) ;
#1753 = CARTESIAN_POINT ( 'NONE',  ( -7.746780394811363379, -3.464101615137754386, -2.000000000000000000 ) ) ;
#1754 = CARTESIAN_POINT ( 'NONE',  ( -2.273760430703399837, 2.309401076758503812, -4.000000000000001776 ) ) ;
#1755 = CARTESIAN_POINT ( 'NONE',  ( 7.576239569296596699, 4.618802153517008513, 3.513977820763865804E-15 ) ) ;
#1756 = ADVANCED_FACE ( 'NONE', ( #964 ), #679, .T. ) ;
#1757 = PRESENTATION_STYLE_ASSIGNMENT (( #2090 ) ) ;
#1758 = EDGE_LOOP ( 'NONE', ( #1813, #213 ) ) ;
#1759 = DIRECTION ( 'NONE',  ( 0.000000000000000000, 0.000000000000000000, 1.000000000000000000 ) ) ;
#1760 = EDGE_CURVE ( 'NONE', #2171, #695, #1368, .T. ) ;
#1761 =( LENGTH_UNIT ( ) NAMED_UNIT ( * ) SI_UNIT ( .MILLI., .METRE. ) );
#1762 = CARTESIAN_POINT ( 'NONE',  ( -7.799999999999998046, 0.000000000000000000, 0.000000000000000000 ) ) ;
#1763 = CARTESIAN_POINT ( 'NONE',  ( 10.29999999999999893, -4.618802153517005848, 4.207895684660582773E-17 ) ) ;
#1764 = MECHANICAL_DESIGN_GEOMETRIC_PRESENTATION_REPRESENTATION (  '', ( #317 ), #1033 ) ;
#1765 = VERTEX_POINT ( 'NONE', #1546 ) ;
#1766 = AXIS2_PLACEMENT_3D ( 'NONE', #1201, #2088, #1155 ) ;
#1767 = CARTESIAN_POINT ( 'NONE',  ( 2.273760430703370083, 2.309401076758514026, -4.000000000000001776 ) ) ;
#1768 = COLOUR_RGB ( '',0.9686274509803921573, 0.8784313725490195957, 0.5999999999999999778 ) ;
#1769 = VERTEX_POINT ( 'NONE', #1528 ) ;
#1770 = VERTEX_POINT ( 'NONE', #834 ) ;
#1771 =( GEOMETRIC_REPRESENTATION_CONTEXT ( 3 ) GLOBAL_UNCERTAINTY_ASSIGNED_CONTEXT ( ( #1129 ) ) GLOBAL_UNIT_ASSIGNED_CONTEXT ( ( #1052, #1942, #901 ) ) REPRESENTATION_CONTEXT ( 'NONE', 'WORKASPACE' ) );
#1772 = CIRCLE ( 'NONE', #1069, 3.250000000000006217 ) ;
#1773 = SURFACE_STYLE_USAGE ( .BOTH. , #1833 ) ;
#1774 = DIRECTION ( 'NONE',  ( 0.000000000000000000, 0.000000000000000000, 1.000000000000000000 ) ) ;
#1775 = CONICAL_SURFACE ( 'NONE', #325, 3.500000000000000000, 1.373400766945015894 ) ;
#1776 = COLOUR_RGB ( '',0.9686274509803921573, 0.8784313725490195957, 0.5999999999999999778 ) ;
#1777 = VERTEX_POINT ( 'NONE', #1906 ) ;
#1778 = CARTESIAN_POINT ( 'NONE',  ( -2.197117919711568668, 1.542975966840197222, -4.000000000000001776 ) ) ;
#1779 = LINE ( 'NONE', #212, #199 ) ;
#1780 = EDGE_LOOP ( 'NONE', ( #1087, #701 ) ) ;
#1781 = CARTESIAN_POINT ( 'NONE',  ( -10.29999999999999893, 0.000000000000000000, 3.250000000000006217 ) ) ;
#1782 = CARTESIAN_POINT ( 'NONE',  ( -14.52472286290786485, 0.000000000000000000, 0.000000000000000000 ) ) ;
#1783 = ORIENTED_EDGE ( 'NONE', *, *, #94, .F. ) ;
#1784 = SPHERICAL_SURFACE ( 'NONE', #1590, 0.4500000000000000111 ) ;
#1785 = CARTESIAN_POINT ( 'NONE',  ( -9.799999999999990052, 0.000000000000000000, 0.000000000000000000 ) ) ;
#1786 = ORIENTED_EDGE ( 'NONE', *, *, #2108, .T. ) ;
#1787 = ORIENTED_EDGE ( 'NONE', *, *, #302, .F. ) ;
#1788 = DIRECTION ( 'NONE',  ( -1.000000000000000000, -0.000000000000000000, -0.000000000000000000 ) ) ;
#1789 = DIRECTION ( 'NONE',  ( 0.000000000000000000, 0.000000000000000000, -1.000000000000000000 ) ) ;
#1790 = EDGE_CURVE ( 'NONE', #734, #1770, #2052, .T. ) ;
#1791 = CARTESIAN_POINT ( 'NONE',  ( 10.29999999999999893, 0.000000000000000000, 0.000000000000000000 ) ) ;
#1792 = DIRECTION ( 'NONE',  ( 0.000000000000000000, 0.000000000000000000, 1.000000000000000000 ) ) ;
#1793 = FILL_AREA_STYLE_COLOUR ( '', #1159 ) ;
#1794 = ORIENTED_EDGE ( 'NONE', *, *, #1660, .F. ) ;
#1795 = DIRECTION ( 'NONE',  ( 0.000000000000000000, 0.000000000000000000, 1.000000000000000000 ) ) ;
#1796 =( NAMED_UNIT ( * ) SI_UNIT ( $, .STERADIAN. ) SOLID_ANGLE_UNIT ( ) );
#1797 = CARTESIAN_POINT ( 'NONE',  ( 7.799999999999996270, 0.000000000000000000, 3.750000000000000000 ) ) ;
#1798 = ORIENTED_EDGE ( 'NONE', *, *, #1570, .T. ) ;
#1799 = SURFACE_SIDE_STYLE ('',( #192 ) ) ;
#1800 = SURFACE_STYLE_FILL_AREA ( #1852 ) ;
#1801 = VERTEX_POINT ( 'NONE', #127 ) ;
#1802 =( LENGTH_UNIT ( ) NAMED_UNIT ( * ) SI_UNIT ( .MILLI., .METRE. ) );
#1803 = EDGE_CURVE ( 'NONE', #1436, #768, #1327, .T. ) ;
#1804 = CARTESIAN_POINT ( 'NONE',  ( 10.29999999999999893, -2.309401076758501592, -4.000000000000000888 ) ) ;
#1805 = DIRECTION ( 'NONE',  ( -1.000000000000000000, -0.000000000000000000, -0.000000000000000000 ) ) ;
#1806 = ORIENTED_EDGE ( 'NONE', *, *, #273, .T. ) ;
#1807 = EDGE_CURVE ( 'NONE', #1075, #418, #1223, .T. ) ;
#1808 = FACE_BOUND ( 'NONE', #1652, .T. ) ;
#1809 = FILL_AREA_STYLE ('',( #456 ) ) ;
#1810 = DIRECTION ( 'NONE',  ( -1.000000000000000000, -0.000000000000000000, -0.000000000000000000 ) ) ;
#1811 = EDGE_LOOP ( 'NONE', ( #558, #21, #232 ) ) ;
#1812 =( LENGTH_UNIT ( ) NAMED_UNIT ( * ) SI_UNIT ( .MILLI., .METRE. ) );
#1813 = ORIENTED_EDGE ( 'NONE', *, *, #1003, .F. ) ;
#1814 = CIRCLE ( 'NONE', #1437, 0.4500000000000001221 ) ;
#1815 = CIRCLE ( 'NONE', #1068, 2.750000000000000000 ) ;
#1816 = MECHANICAL_DESIGN_GEOMETRIC_PRESENTATION_REPRESENTATION (  '', ( #1547 ), #531 ) ;
#1817 = SPHERICAL_SURFACE ( 'NONE', #1520, 0.4500000000000000111 ) ;
#1818 = COLOUR_RGB ( '',0.9686274509803921573, 0.8784313725490195957, 0.5999999999999999778 ) ;
#1819 = LINE ( 'NONE', #264, #1370 ) ;
#1820 = CARTESIAN_POINT ( 'NONE',  ( 2.049999999999998046, 0.000000000000000000, 0.000000000000000000 ) ) ;
#1821 = AXIS2_PLACEMENT_3D ( 'NONE', #1941, #885, #1571 ) ;
#1822 = DIRECTION ( 'NONE',  ( -0.000000000000000000, 0.000000000000000000, 1.000000000000000000 ) ) ;
#1823 = ORIENTED_EDGE ( 'NONE', *, *, #1367, .F. ) ;
#1824 = DIRECTION ( 'NONE',  ( -0.000000000000000000, 0.000000000000000000, 1.000000000000000000 ) ) ;
#1825 =( LENGTH_UNIT ( ) NAMED_UNIT ( * ) SI_UNIT ( .MILLI., .METRE. ) );
#1826 = SURFACE_STYLE_FILL_AREA ( #1809 ) ;
#1827 = FILL_AREA_STYLE_COLOUR ( '', #1631 ) ;
#1828 = EDGE_CURVE ( 'NONE', #225, #1731, #404, .T. ) ;
#1829 =( GEOMETRIC_REPRESENTATION_CONTEXT ( 3 ) GLOBAL_UNCERTAINTY_ASSIGNED_CONTEXT ( ( #1328 ) ) GLOBAL_UNIT_ASSIGNED_CONTEXT ( ( #2146, #1566, #706 ) ) REPRESENTATION_CONTEXT ( 'NONE', 'WORKASPACE' ) );
#1830 = CARTESIAN_POINT ( 'NONE',  ( -2.049999999999998046, 0.000000000000000000, 0.000000000000000000 ) ) ;
#1831 = ORIENTED_EDGE ( 'NONE', *, *, #905, .F. ) ;
#1832 = COLOUR_RGB ( '',0.9686274509803921573, 0.8784313725490195957, 0.5999999999999999778 ) ;
#1833 = SURFACE_SIDE_STYLE ('',( #422 ) ) ;
#1834 = PRESENTATION_STYLE_ASSIGNMENT (( #95 ) ) ;
#1835 = DIRECTION ( 'NONE',  ( 0.000000000000000000, 0.000000000000000000, 1.000000000000000000 ) ) ;
#1836 = CARTESIAN_POINT ( 'NONE',  ( 7.652981218165708199, -1.541984588067391915, -4.000000000000000888 ) ) ;
#1837 = ORIENTED_EDGE ( 'NONE', *, *, #1392, .T. ) ;
#1838 = PLANE ( 'NONE',  #1896 ) ;
#1839 = CARTESIAN_POINT ( 'NONE',  ( 2.273760430703399393, 2.309401076758508253, 3.999999999999997335 ) ) ;
#1840 = DIRECTION ( 'NONE',  ( -1.000000000000000000, -0.000000000000000000, -0.000000000000000000 ) ) ;
#1841 = EDGE_CURVE ( 'NONE', #1540, #1235, #2102, .T. ) ;
#1842 = FILL_AREA_STYLE_COLOUR ( '', #2015 ) ;
#1843 = UNCERTAINTY_MEASURE_WITH_UNIT (LENGTH_MEASURE( 1.000000000000000082E-05 ), #746, 'distance_accuracy_value', 'NONE');
#1844 = ADVANCED_FACE ( 'NONE', ( #813 ), #1506, .T. ) ;
#1845 = DIRECTION ( 'NONE',  ( 0.000000000000000000, 0.000000000000000000, 1.000000000000000000 ) ) ;
#1846 = DIRECTION ( 'NONE',  ( -1.000000000000000000, 0.000000000000000000, -0.000000000000000000 ) ) ;
#1847 = PRESENTATION_STYLE_ASSIGNMENT (( #952 ) ) ;
#1848 = CARTESIAN_POINT ( 'NONE',  ( 10.29999999999999893, 0.000000000000000000, -3.250000000000004441 ) ) ;
#1849 = FACE_BOUND ( 'NONE', #751, .T. ) ;
#1850 = AXIS2_PLACEMENT_3D ( 'NONE', #540, #1232, #1940 ) ;
#1851 =( LENGTH_UNIT ( ) NAMED_UNIT ( * ) SI_UNIT ( .MILLI., .METRE. ) );
#1852 = FILL_AREA_STYLE ('',( #2182 ) ) ;
#1853 = CARTESIAN_POINT ( 'NONE',  ( -14.52472286290786485, 0.000000000000000000, 0.000000000000000000 ) ) ;
#1854 = EDGE_CURVE ( 'NONE', #414, #1765, #916, .T. ) ;
#1855 = STYLED_ITEM ( 'NONE', ( #88 ), #1423 ) ;
#1856 =( GEOMETRIC_REPRESENTATION_CONTEXT ( 3 ) GLOBAL_UNCERTAINTY_ASSIGNED_CONTEXT ( ( #970 ) ) GLOBAL_UNIT_ASSIGNED_CONTEXT ( ( #1270, #928, #2117 ) ) REPRESENTATION_CONTEXT ( 'NONE', 'WORKASPACE' ) );
#1857 = COLOUR_RGB ( '',0.9686274509803921573, 0.8784313725490195957, 0.5999999999999999778 ) ;
#1858 = PRESENTATION_LAYER_ASSIGNMENT (  '', '', ( #386 ) ) ;
#1859 =( GEOMETRIC_REPRESENTATION_CONTEXT ( 3 ) GLOBAL_UNCERTAINTY_ASSIGNED_CONTEXT ( ( #468 ) ) GLOBAL_UNIT_ASSIGNED_CONTEXT ( ( #573, #1459, #425 ) ) REPRESENTATION_CONTEXT ( 'NONE', 'WORKASPACE' ) );
#1860 = COLOUR_RGB ( '',0.9686274509803921573, 0.8784313725490195957, 0.5999999999999999778 ) ;
#1861 = PRESENTATION_LAYER_ASSIGNMENT (  '', '', ( #20 ) ) ;
#1862 = FILL_AREA_STYLE_COLOUR ( '', #2007 ) ;
#1863 = DIRECTION ( 'NONE',  ( -1.000000000000000000, -0.000000000000000000, -0.000000000000000000 ) ) ;
#1864 = CARTESIAN_POINT ( 'NONE',  ( 2.273760430703398949, -4.618802153517005848, 2.436725317657616096E-16 ) ) ;
#1865 =( NAMED_UNIT ( * ) PLANE_ANGLE_UNIT ( ) SI_UNIT ( $, .RADIAN. ) );
#1866 = CARTESIAN_POINT ( 'NONE',  ( -9.799999999999990052, 0.000000000000000000, 2.750000000000000000 ) ) ;
#1867 = CARTESIAN_POINT ( 'NONE',  ( -7.576239569296596699, -2.309401076758502480, 3.999999999999997335 ) ) ;
#1868 = UNCERTAINTY_MEASURE_WITH_UNIT (LENGTH_MEASURE( 1.000000000000000082E-05 ), #664, 'distance_accuracy_value', 'NONE');
#1869 = EDGE_CURVE ( 'NONE', #58, #695, #1936, .T. ) ;
#1870 =( LENGTH_UNIT ( ) NAMED_UNIT ( * ) SI_UNIT ( .MILLI., .METRE. ) );
#1871 = CARTESIAN_POINT ( 'NONE',  ( 10.29999999999999893, 4.618802153517008513, 3.535788212355558521E-15 ) ) ;
#1872 = VERTEX_POINT ( 'NONE', #363 ) ;
#1873 = SURFACE_SIDE_STYLE ('',( #1332 ) ) ;
#1874 = B_SPLINE_CURVE_WITH_KNOTS ( 'NONE', 3,
 ( #155, #1021, #309, #1735 ),
 .UNSPECIFIED., .F., .F.,
 ( 4, 4 ),
 ( 0.006982912198564399271, 0.009276443998967546373 ),
 .UNSPECIFIED. ) ;
#1875 = CARTESIAN_POINT ( 'NONE',  ( 2.196780394811364445, -2.694301256218252227, -3.333333333333336146 ) ) ;
#1876 = DIRECTION ( 'NONE',  ( 0.000000000000000000, 1.000000000000000000, -1.877893248421449775E-16 ) ) ;
#1877 = SURFACE_SIDE_STYLE ('',( #1684 ) ) ;
#1878 = B_SPLINE_CURVE_WITH_KNOTS ( 'NONE', 3,
 ( #1887, #1530, #129, #1507, #650 ),
 .UNSPECIFIED., .F., .F.,
 ( 4, 1, 4 ),
 ( 2.309401076760120120E-07, 0.002309632016866177556, 0.004619033093624679009 ),
 .UNSPECIFIED. ) ;
#1879 = SURFACE_STYLE_FILL_AREA ( #1351 ) ;
#1880 = SURFACE_STYLE_FILL_AREA ( #2056 ) ;
#1881 = PRESENTATION_STYLE_ASSIGNMENT (( #1343 ) ) ;
#1882 = EDGE_LOOP ( 'NONE', ( #403, #11 ) ) ;
#1883 = PLANE ( 'NONE',  #59 ) ;
#1884 = CARTESIAN_POINT ( 'NONE',  ( -7.576239569296595810, 2.309401076758503812, -4.000000000000001776 ) ) ;
#1885 = EDGE_CURVE ( 'NONE', #1102, #1435, #383, .T. ) ;
#1886 = PRODUCT_DEFINITION_SHAPE ( 'NONE', 'NONE',  #794 ) ;
#1887 = CARTESIAN_POINT ( 'NONE',  ( 7.576239569296596699, -4.618802153517005848, 4.207895684660582773E-17 ) ) ;
#1888 = CARTESIAN_POINT ( 'NONE',  ( 7.746780394811365156, 3.464101615137756607, -1.999999999999998668 ) ) ;
#1889 = EDGE_LOOP ( 'NONE', ( #2230, #517, #710, #962, #161, #2121, #454 ) ) ;
#1890 = COLOUR_RGB ( '',0.9686274509803921573, 0.8784313725490195957, 0.5999999999999999778 ) ;
#1891 = ORIENTED_EDGE ( 'NONE', *, *, #1029, .F. ) ;
#1892 = CONICAL_SURFACE ( 'NONE', #1116, 3.500000000000000000, 1.373400766945015894 ) ;
#1893 = SURFACE_STYLE_USAGE ( .BOTH. , #1557 ) ;
#1894 = MECHANICAL_DESIGN_GEOMETRIC_PRESENTATION_REPRESENTATION (  '', ( #1335 ), #1226 ) ;
#1895 = CARTESIAN_POINT ( 'NONE',  ( -7.652882080288427424, -1.542975966840195889, -4.000000000000000888 ) ) ;
#1896 = AXIS2_PLACEMENT_3D ( 'NONE', #1997, #1846, #1824 ) ;
#1897 =( NAMED_UNIT ( * ) PLANE_ANGLE_UNIT ( ) SI_UNIT ( $, .RADIAN. ) );
#1898 = STYLED_ITEM ( 'NONE', ( #254 ), #2065 ) ;
#1899 = EDGE_CURVE ( 'NONE', #414, #1801, #1047, .T. ) ;
#1900 = PRESENTATION_LAYER_ASSIGNMENT (  '', '', ( #174 ) ) ;
#1901 = CIRCLE ( 'NONE', #2144, 3.149999999999999911 ) ;
#1902 = ORIENTED_EDGE ( 'NONE', *, *, #1342, .T. ) ;
#1903 = SURFACE_STYLE_USAGE ( .BOTH. , #518 ) ;
#1904 =( NAMED_UNIT ( * ) PLANE_ANGLE_UNIT ( ) SI_UNIT ( $, .RADIAN. ) );
#1905 = COLOUR_RGB ( '',0.9686274509803921573, 0.8784313725490195957, 0.5999999999999999778 ) ;
#1906 = CARTESIAN_POINT ( 'NONE',  ( 2.149999999999838707, -8.196021905759699736E-15, 3.999999999999997335 ) ) ;
#1907 = DIRECTION ( 'NONE',  ( 1.000000000000000000, 0.000000000000000000, 0.000000000000000000 ) ) ;
#1908 = DIRECTION ( 'NONE',  ( 1.000000000000000000, 0.000000000000000000, 0.000000000000000000 ) ) ;
#1909 = ORIENTED_EDGE ( 'NONE', *, *, #1298, .T. ) ;
#1910 = B_SPLINE_CURVE_WITH_KNOTS ( 'NONE', 3,
 ( #1117, #294, #1168, #85, #2037 ),
 .UNSPECIFIED., .F., .F.,
 ( 4, 1, 4 ),
 ( 2.309401076754191683E-07, 0.002309632016866178857, 0.004619033093624682479 ),
 .UNSPECIFIED. ) ;
#1911 = DIRECTION ( 'NONE',  ( -1.000000000000000000, -0.000000000000000000, -0.000000000000000000 ) ) ;
#1912 = CARTESIAN_POINT ( 'NONE',  ( 7.700000000000000178, -0.7737349324472575507, 3.999999999999997335 ) ) ;
#1913 = CARTESIAN_POINT ( 'NONE',  ( 10.29999999999999893, 2.309401076758508253, 3.999999999999997335 ) ) ;
#1914 = CARTESIAN_POINT ( 'NONE',  ( 8.849999999999997868, 0.000000000000000000, 0.4500000000000000111 ) ) ;
#1915 = FILL_AREA_STYLE_COLOUR ( '', #745 ) ;
#1916 = FILL_AREA_STYLE_COLOUR ( '', #382 ) ;
#1917 = VERTEX_POINT ( 'NONE', #2112 ) ;
#1918 = CARTESIAN_POINT ( 'NONE',  ( 7.576239569296596699, 2.309401076758508253, 3.999999999999997335 ) ) ;
#1919 = CARTESIAN_POINT ( 'NONE',  ( 2.273760430703399393, 2.309401076758508253, 3.999999999999997335 ) ) ;
#1920 = DIRECTION ( 'NONE',  ( 1.000000000000000000, 0.000000000000000000, -0.000000000000000000 ) ) ;
#1921 = CARTESIAN_POINT ( 'NONE',  ( 7.652882080288428313, 1.542975966840197222, -4.000000000000001776 ) ) ;
#1922 = DIRECTION ( 'NONE',  ( -1.000000000000000000, -0.000000000000000000, -0.000000000000000000 ) ) ;
#1923 =( GEOMETRIC_REPRESENTATION_CONTEXT ( 3 ) GLOBAL_UNCERTAINTY_ASSIGNED_CONTEXT ( ( #2003 ) ) GLOBAL_UNIT_ASSIGNED_CONTEXT ( ( #1568, #1740, #202 ) ) REPRESENTATION_CONTEXT ( 'NONE', 'WORKASPACE' ) );
#1924 = SURFACE_STYLE_USAGE ( .BOTH. , #708 ) ;
#1925 = CARTESIAN_POINT ( 'NONE',  ( 2.149999999999997247, -0.7737349324472571066, -4.000000000000001776 ) ) ;
#1926 = VECTOR ( 'NONE', #632, 1000.000000000000114 ) ;
#1927 = CIRCLE ( 'NONE', #200, 3.250000000000004441 ) ;
#1928 = VERTEX_POINT ( 'NONE', #1074 ) ;
#1929 = CONICAL_SURFACE ( 'NONE', #1585, 2.750000000000000000, 0.7853981633974457255 ) ;
#1930 = DIRECTION ( 'NONE',  ( -1.000000000000000000, -0.000000000000000000, -0.000000000000000000 ) ) ;
#1931 = ORIENTED_EDGE ( 'NONE', *, *, #1315, .F. ) ;
#1932 = COLOUR_RGB ( '',0.9686274509803921573, 0.8784313725490195957, 0.5999999999999999778 ) ;
#1933 = SURFACE_SIDE_STYLE ('',( #1441 ) ) ;
#1934 = ADVANCED_FACE ( 'NONE', ( #895 ), #1479, .T. ) ;
#1935 = CARTESIAN_POINT ( 'NONE',  ( -2.196780394811364889, -2.694301256218253116, 3.333333333333331705 ) ) ;
#1936 = LINE ( 'NONE', #1247, #1194 ) ;
#1937 = STYLED_ITEM ( 'NONE', ( #1190 ), #168 ) ;
#1938 = CARTESIAN_POINT ( 'NONE',  ( -7.699999999999997513, -0.7679799128243761652, 3.999999999999997335 ) ) ;
#1939 = FILL_AREA_STYLE_COLOUR ( '', #1152 ) ;
#1940 = DIRECTION ( 'NONE',  ( 0.000000000000000000, 0.000000000000000000, -1.000000000000000000 ) ) ;
#1941 = CARTESIAN_POINT ( 'NONE',  ( -8.849999999999997868, 0.000000000000000000, 0.000000000000000000 ) ) ;
#1942 =( NAMED_UNIT ( * ) PLANE_ANGLE_UNIT ( ) SI_UNIT ( $, .RADIAN. ) );
#1943 = DIRECTION ( 'NONE',  ( 0.000000000000000000, 0.000000000000000000, 1.000000000000000000 ) ) ;
#1944 = DIRECTION ( 'NONE',  ( -1.000000000000000000, -0.000000000000000000, -0.000000000000000000 ) ) ;
#1945 = CARTESIAN_POINT ( 'NONE',  ( 7.653219605188629870, 4.233901974057258322, 0.6666666666666671848 ) ) ;
#1946 = CARTESIAN_POINT ( 'NONE',  ( -2.349999999999997868, 6.123233995736766282E-16, -5.000000000000000000 ) ) ;
#1947 = EDGE_CURVE ( 'NONE', #183, #1731, #1593, .T. ) ;
#1948 = ORIENTED_EDGE ( 'NONE', *, *, #993, .T. ) ;
#1949 = DIRECTION ( 'NONE',  ( -1.000000000000000000, -0.000000000000000000, -0.000000000000000000 ) ) ;
#1950 = ORIENTED_EDGE ( 'NONE', *, *, #181, .T. ) ;
#1951 = ORIENTED_EDGE ( 'NONE', *, *, #920, .T. ) ;
#1952 = CARTESIAN_POINT ( 'NONE',  ( 6.799999999999998934, 0.000000000000000000, 0.000000000000000000 ) ) ;
#1953 = SURFACE_STYLE_USAGE ( .BOTH. , #991 ) ;
#1954 = SURFACE_SIDE_STYLE ('',( #1624 ) ) ;
#1955 = STYLED_ITEM ( 'NONE', ( #1757 ), #1407 ) ;
#1956 = EDGE_LOOP ( 'NONE', ( #2038, #910, #1647, #144 ) ) ;
#1957 = B_SPLINE_CURVE_WITH_KNOTS ( 'NONE', 3,
 ( #217, #1938, #1608, #1420 ),
 .UNSPECIFIED., .F., .F.,
 ( 4, 4 ),
 ( 0.006982912198564407945, 0.009276443998967551577 ),
 .UNSPECIFIED. ) ;
#1958 = EDGE_CURVE ( 'NONE', #1058, #1224, #1629, .T. ) ;
#1959 = STYLED_ITEM ( 'NONE', ( #1655 ), #1727 ) ;
#1960 = DIRECTION ( 'NONE',  ( 0.000000000000000000, -1.000000000000000000, 0.000000000000000000 ) ) ;
#1961 =( GEOMETRIC_REPRESENTATION_CONTEXT ( 3 ) GLOBAL_UNCERTAINTY_ASSIGNED_CONTEXT ( ( #990 ) ) GLOBAL_UNIT_ASSIGNED_CONTEXT ( ( #759, #946, #2162 ) ) REPRESENTATION_CONTEXT ( 'NONE', 'WORKASPACE' ) );
#1962 = STYLED_ITEM ( 'NONE', ( #97 ), #2058 ) ;
#1963 = ORIENTED_EDGE ( 'NONE', *, *, #215, .F. ) ;
#1964 = ORIENTED_EDGE ( 'NONE', *, *, #130, .F. ) ;
#1965 =( GEOMETRIC_REPRESENTATION_CONTEXT ( 3 ) GLOBAL_UNCERTAINTY_ASSIGNED_CONTEXT ( ( #2035 ) ) GLOBAL_UNIT_ASSIGNED_CONTEXT ( ( #1284, #758, #235 ) ) REPRESENTATION_CONTEXT ( 'NONE', 'WORKASPACE' ) );
#1966 =( GEOMETRIC_REPRESENTATION_CONTEXT ( 3 ) GLOBAL_UNCERTAINTY_ASSIGNED_CONTEXT ( ( #2183 ) ) GLOBAL_UNIT_ASSIGNED_CONTEXT ( ( #1396, #1575, #700 ) ) REPRESENTATION_CONTEXT ( 'NONE', 'WORKASPACE' ) );
#1967 = DIRECTION ( 'NONE',  ( 0.000000000000000000, 1.000000000000000000, 0.000000000000000000 ) ) ;
#1968 =( LENGTH_UNIT ( ) NAMED_UNIT ( * ) SI_UNIT ( .MILLI., .METRE. ) );
#1969 = EDGE_LOOP ( 'NONE', ( #1067, #1565, #53, #1432 ) ) ;
#1970 = DIRECTION ( 'NONE',  ( 1.000000000000000000, 0.000000000000000000, 0.000000000000000000 ) ) ;
#1971 = DIRECTION ( 'NONE',  ( 0.000000000000000000, 0.000000000000000000, 1.000000000000000000 ) ) ;
#1972 = DIRECTION ( 'NONE',  ( 0.000000000000000000, 0.000000000000000000, 1.000000000000000000 ) ) ;
#1973 = ORIENTED_EDGE ( 'NONE', *, *, #1367, .T. ) ;
#1974 =( NAMED_UNIT ( * ) PLANE_ANGLE_UNIT ( ) SI_UNIT ( $, .RADIAN. ) );
#1975 =( NAMED_UNIT ( * ) PLANE_ANGLE_UNIT ( ) SI_UNIT ( $, .RADIAN. ) );
#1976 = ORIENTED_EDGE ( 'NONE', *, *, #2078, .F. ) ;
#1977 =( LENGTH_UNIT ( ) NAMED_UNIT ( * ) SI_UNIT ( .MILLI., .METRE. ) );
#1978 = VERTEX_POINT ( 'NONE', #1209 ) ;
#1979 = LINE ( 'NONE', #1107, #896 ) ;
#1980 = DIRECTION ( 'NONE',  ( 0.000000000000000000, 0.000000000000000000, 1.000000000000000000 ) ) ;
#1981 = ORIENTED_EDGE ( 'NONE', *, *, #1899, .F. ) ;
#1982 = SURFACE_SIDE_STYLE ('',( #613 ) ) ;
#1983 = SURFACE_STYLE_USAGE ( .BOTH. , #1277 ) ;
#1984 = VERTEX_POINT ( 'NONE', #1914 ) ;
#1985 = LINE ( 'NONE', #792, #1156 ) ;
#1986 = ORIENTED_EDGE ( 'NONE', *, *, #1022, .T. ) ;
#1987 = CARTESIAN_POINT ( 'NONE',  ( 10.29999999999999893, -2.309401076758502036, 3.999999999999997335 ) ) ;
#1988 = DIRECTION ( 'NONE',  ( 0.000000000000000000, 0.000000000000000000, 1.000000000000000000 ) ) ;
#1989 = EDGE_LOOP ( 'NONE', ( #1601, #1837, #222, #1062, #1098, #2137 ) ) ;
#1990 = ORIENTED_EDGE ( 'NONE', *, *, #735, .F. ) ;
#1991 = FILL_AREA_STYLE_COLOUR ( '', #1768 ) ;
#1992 = FILL_AREA_STYLE_COLOUR ( '', #1161 ) ;
#1993 = CARTESIAN_POINT ( 'NONE',  ( -10.29999999999999893, 3.980102097228905627E-16, -3.250000000000006217 ) ) ;
#1994 = EDGE_CURVE ( 'NONE', #768, #1917, #548, .T. ) ;
#1995 = SURFACE_SIDE_STYLE ('',( #195 ) ) ;
#1996 = EDGE_LOOP ( 'NONE', ( #1606, #730 ) ) ;
#1997 = CARTESIAN_POINT ( 'NONE',  ( -2.049999999999998046, 3.149999999999999911, 0.000000000000000000 ) ) ;
#1998 = SURFACE_STYLE_USAGE ( .BOTH. , #2167 ) ;
#1999 = DIRECTION ( 'NONE',  ( 0.000000000000000000, 0.000000000000000000, 1.000000000000000000 ) ) ;
#2000 = LINE ( 'NONE', #1135, #162 ) ;
#2001 = PRESENTATION_STYLE_ASSIGNMENT (( #1657 ) ) ;
#2002 = DIRECTION ( 'NONE',  ( 1.000000000000000000, 0.000000000000000000, 0.000000000000000000 ) ) ;
#2003 = UNCERTAINTY_MEASURE_WITH_UNIT (LENGTH_MEASURE( 1.000000000000000082E-05 ), #1568, 'distance_accuracy_value', 'NONE');
#2004 = ORIENTED_EDGE ( 'NONE', *, *, #463, .T. ) ;
#2005 = ORIENTED_EDGE ( 'NONE', *, *, #448, .F. ) ;
#2006 = MECHANICAL_DESIGN_GEOMETRIC_PRESENTATION_REPRESENTATION (  '', ( #2009 ), #169 ) ;
#2007 = COLOUR_RGB ( '',0.9686274509803921573, 0.8784313725490195957, 0.5999999999999999778 ) ;
#2008 =( NAMED_UNIT ( * ) SI_UNIT ( $, .STERADIAN. ) SOLID_ANGLE_UNIT ( ) );
#2009 = STYLED_ITEM ( 'NONE', ( #606 ), #1717 ) ;
#2010 = AXIS2_PLACEMENT_3D ( 'NONE', #132, #1541, #154 ) ;
#2011 = PRESENTATION_LAYER_ASSIGNMENT (  '', '', ( #1711 ) ) ;
#2012 = AXIS2_PLACEMENT_3D ( 'NONE', #579, #300, #1835 ) ;
#2013 = FILL_AREA_STYLE ('',( #1130 ) ) ;
#2014 =( NAMED_UNIT ( * ) PLANE_ANGLE_UNIT ( ) SI_UNIT ( $, .RADIAN. ) );
#2015 = COLOUR_RGB ( '',0.9686274509803921573, 0.8784313725490195957, 0.5999999999999999778 ) ;
#2016 = EDGE_LOOP ( 'NONE', ( #190, #1278 ) ) ;
#2017 = CARTESIAN_POINT ( 'NONE',  ( -14.52472286290786485, 0.000000000000000000, 0.000000000000000000 ) ) ;
#2018 = SURFACE_STYLE_USAGE ( .BOTH. , #1954 ) ;
#2019 = SURFACE_SIDE_STYLE ('',( #458 ) ) ;
#2020 = CYLINDRICAL_SURFACE ( 'NONE', #1638, 0.4499999999999999556 ) ;
#2021 = SURFACE_SIDE_STYLE ('',( #1474 ) ) ;
#2022 =( GEOMETRIC_REPRESENTATION_CONTEXT ( 3 ) GLOBAL_UNCERTAINTY_ASSIGNED_CONTEXT ( ( #308 ) ) GLOBAL_UNIT_ASSIGNED_CONTEXT ( ( #2217, #1904, #2258 ) ) REPRESENTATION_CONTEXT ( 'NONE', 'WORKASPACE' ) );
#2023 = EDGE_CURVE ( 'NONE', #395, #855, #1558, .T. ) ;
#2024 = SURFACE_SIDE_STYLE ('',( #2034 ) ) ;
#2025 = LINE ( 'NONE', #1664, #2191 ) ;
#2026 = CARTESIAN_POINT ( 'NONE',  ( 7.576239569296596699, -2.309401076758501592, -4.000000000000000888 ) ) ;
#2027 = ORIENTED_EDGE ( 'NONE', *, *, #2, .T. ) ;
#2028 = B_SPLINE_CURVE_WITH_KNOTS ( 'NONE', 3,
 ( #1253, #724, #542, #1061, #1919 ),
 .UNSPECIFIED., .F., .F.,
 ( 4, 1, 4 ),
 ( 2.309401076756442938E-07, 0.002309632016866175822, 0.004619033093624675540 ),
 .UNSPECIFIED. ) ;
#2029 = FILL_AREA_STYLE_COLOUR ( '', #1741 ) ;
#2030 = CARTESIAN_POINT ( 'NONE',  ( -14.52472286290786485, 5.510910596163088939E-17, -0.4499999999999999556 ) ) ;
#2031 = FILL_AREA_STYLE_COLOUR ( '', #969 ) ;
#2032 = CARTESIAN_POINT ( 'NONE',  ( 10.29999999999999893, -2.309401076758501592, -4.000000000000000888 ) ) ;
#2033 = ADVANCED_FACE ( 'NONE', ( #1041 ), #1301, .T. ) ;
#2034 = SURFACE_STYLE_FILL_AREA ( #1030 ) ;
#2035 = UNCERTAINTY_MEASURE_WITH_UNIT (LENGTH_MEASURE( 1.000000000000000082E-05 ), #1284, 'distance_accuracy_value', 'NONE');
#2036 = LINE ( 'NONE', #1871, #1444 ) ;
#2037 = CARTESIAN_POINT ( 'NONE',  ( 7.576239569296596699, -4.618802153517005848, 4.207895684660582773E-17 ) ) ;
#2038 = ORIENTED_EDGE ( 'NONE', *, *, #2159, .T. ) ;
#2039 =( NAMED_UNIT ( * ) PLANE_ANGLE_UNIT ( ) SI_UNIT ( $, .RADIAN. ) );
#2040 =( NAMED_UNIT ( * ) SI_UNIT ( $, .STERADIAN. ) SOLID_ANGLE_UNIT ( ) );
#2041 = SURFACE_STYLE_USAGE ( .BOTH. , #120 ) ;
#2042 = B_SPLINE_CURVE_WITH_KNOTS ( 'NONE', 3,
 ( #1839, #1080, #596, #1643 ),
 .UNSPECIFIED., .F., .F.,
 ( 4, 4 ),
 ( 0.004672193333373869141, 0.006982912198564407945 ),
 .UNSPECIFIED. ) ;
#2043 = EDGE_CURVE ( 'NONE', #1050, #72, #911, .T. ) ;
#2044 = DIRECTION ( 'NONE',  ( 0.000000000000000000, 0.000000000000000000, 1.000000000000000000 ) ) ;
#2045 = PLANE ( 'NONE',  #2143 ) ;
#2046 = STYLED_ITEM ( 'NONE', ( #1689 ), #985 ) ;
#2047 = PRESENTATION_LAYER_ASSIGNMENT (  '', '', ( #22 ) ) ;
#2048 = CIRCLE ( 'NONE', #438, 3.500000000000000000 ) ;
#2049 = FACE_OUTER_BOUND ( 'NONE', #582, .T. ) ;
#2050 = CARTESIAN_POINT ( 'NONE',  ( -2.196780394811364445, -2.694301256218254448, -3.333333333333331261 ) ) ;
#2051 = AXIS2_PLACEMENT_3D ( 'NONE', #2201, #643, #1473 ) ;
#2052 = B_SPLINE_CURVE_WITH_KNOTS ( 'NONE', 3,
 ( #1729, #158, #480, #851, #671 ),
 .UNSPECIFIED., .F., .F.,
 ( 4, 1, 4 ),
 ( 2.309401076804760344E-07, 0.002309632016866180158, 0.004619033093624679877 ),
 .UNSPECIFIED. ) ;
#2053 = FILL_AREA_STYLE ('',( #2031 ) ) ;
#2054 = CARTESIAN_POINT ( 'NONE',  ( -2.273760430703399393, 4.618802153517007625, 3.079876084656988073E-15 ) ) ;
#2055 = EDGE_CURVE ( 'NONE', #1102, #2131, #249, .T. ) ;
#2056 = FILL_AREA_STYLE ('',( #849 ) ) ;
#2057 = CARTESIAN_POINT ( 'NONE',  ( -2.196780394811365333, 4.233901974057256545, -0.6666666666666646313 ) ) ;
#2058 = ADVANCED_FACE ( 'NONE', ( #936, #276 ), #400, .F. ) ;
#2059 = EDGE_LOOP ( 'NONE', ( #411, #221, #676, #1014, #1053, #266 ) ) ;
#2060 = CARTESIAN_POINT ( 'NONE',  ( 10.29999999999999893, 2.309401076758503368, -4.000000000000001776 ) ) ;
#2061 = FILL_AREA_STYLE_COLOUR ( '', #321 ) ;
#2062 = CARTESIAN_POINT ( 'NONE',  ( 7.653219605188631647, 4.233901974057256545, -0.6666666666666640761 ) ) ;
#2063 = ORIENTED_EDGE ( 'NONE', *, *, #313, .F. ) ;
#2064 = PLANE ( 'NONE',  #2010 ) ;
#2065 = ADVANCED_FACE ( 'NONE', ( #774 ), #265, .T. ) ;
#2066 = CARTESIAN_POINT ( 'NONE',  ( 2.273760430703369195, -2.309401076758512694, 3.999999999999997335 ) ) ;
#2067 = CARTESIAN_POINT ( 'NONE',  ( 2.049999999999998046, 0.000000000000000000, 0.000000000000000000 ) ) ;
#2068 = SURFACE_STYLE_USAGE ( .BOTH. , #1357 ) ;
#2069 = PRESENTATION_STYLE_ASSIGNMENT (( #2041 ) ) ;
#2070 = EDGE_LOOP ( 'NONE', ( #148, #587, #1621, #1659 ) ) ;
#2071 = CIRCLE ( 'NONE', #1472, 0.4499999999999999556 ) ;
#2072 = PRESENTATION_STYLE_ASSIGNMENT (( #1037 ) ) ;
#2073 = COLOUR_RGB ( '',0.9686274509803921573, 0.8784313725490195957, 0.5999999999999999778 ) ;
#2074 = PRESENTATION_LAYER_ASSIGNMENT (  '', '', ( #15 ) ) ;
#2075 = DIRECTION ( 'NONE',  ( -1.000000000000000000, -0.000000000000000000, -0.000000000000000000 ) ) ;
#2076 = FILL_AREA_STYLE_COLOUR ( '', #1708 ) ;
#2077 =( GEOMETRIC_REPRESENTATION_CONTEXT ( 3 ) GLOBAL_UNCERTAINTY_ASSIGNED_CONTEXT ( ( #1532 ) ) GLOBAL_UNIT_ASSIGNED_CONTEXT ( ( #616, #1319, #1497 ) ) REPRESENTATION_CONTEXT ( 'NONE', 'WORKASPACE' ) );
#2078 = EDGE_CURVE ( 'NONE', #2131, #255, #1979, .T. ) ;
#2079 = MECHANICAL_DESIGN_GEOMETRIC_PRESENTATION_REPRESENTATION (  '', ( #288 ), #1337 ) ;
#2080 = DIRECTION ( 'NONE',  ( 0.000000000000000000, 0.000000000000000000, 1.000000000000000000 ) ) ;
#2081 = MECHANICAL_DESIGN_GEOMETRIC_PRESENTATION_REPRESENTATION (  '', ( #1263 ), #1073 ) ;
#2082 =( NAMED_UNIT ( * ) SI_UNIT ( $, .STERADIAN. ) SOLID_ANGLE_UNIT ( ) );
#2083 = STYLED_ITEM ( 'NONE', ( #1358 ), #654 ) ;
#2084 = VERTEX_POINT ( 'NONE', #252 ) ;
#2085 = ADVANCED_FACE ( 'NONE', ( #945 ), #567, .T. ) ;
#2086 = DIRECTION ( 'NONE',  ( 1.000000000000000000, 0.000000000000000000, 0.000000000000000000 ) ) ;
#2087 = CARTESIAN_POINT ( 'NONE',  ( 7.699999999999999289, 0.7737349324472583278, -4.000000000000000888 ) ) ;
#2088 = DIRECTION ( 'NONE',  ( -1.000000000000000000, -0.000000000000000000, -0.000000000000000000 ) ) ;
#2089 = CARTESIAN_POINT ( 'NONE',  ( -7.699999999999996625, 0.7679799128243783857, -4.000000000000001776 ) ) ;
#2090 = SURFACE_STYLE_USAGE ( .BOTH. , #34 ) ;
#2091 = ORIENTED_EDGE ( 'NONE', *, *, #149, .T. ) ;
#2092 = SURFACE_SIDE_STYLE ('',( #1879 ) ) ;
#2093 = FILL_AREA_STYLE_COLOUR ( '', #1261 ) ;
#2094 = ORIENTED_EDGE ( 'NONE', *, *, #1570, .F. ) ;
#2095 = SURFACE_SIDE_STYLE ('',( #1880 ) ) ;
#2096 = CARTESIAN_POINT ( 'NONE',  ( 7.653219605188634311, 2.694301256218258445, 3.333333333333332593 ) ) ;
#2097 = VERTEX_POINT ( 'NONE', #1466 ) ;
#2098 = ADVANCED_FACE ( 'NONE', ( #408 ), #1616, .T. ) ;
#2099 = CARTESIAN_POINT ( 'NONE',  ( -2.273760430703398949, -4.618802153517005848, 5.841261628611900120E-17 ) ) ;
#2100 = CARTESIAN_POINT ( 'NONE',  ( -2.349999999999997868, 0.000000000000000000, 0.000000000000000000 ) ) ;
#2101 = AXIS2_PLACEMENT_3D ( 'NONE', #1724, #1701, #1172 ) ;
#2102 = CIRCLE ( 'NONE', #1333, 0.4500000000000001221 ) ;
#2103 = CARTESIAN_POINT ( 'NONE',  ( 10.29999999999999893, -2.309401076758501592, -4.000000000000000888 ) ) ;
#2104 =( GEOMETRIC_REPRESENTATION_CONTEXT ( 3 ) GLOBAL_UNCERTAINTY_ASSIGNED_CONTEXT ( ( #1492 ) ) GLOBAL_UNIT_ASSIGNED_CONTEXT ( ( #926, #1975, #218 ) ) REPRESENTATION_CONTEXT ( 'NONE', 'WORKASPACE' ) );
#2105 = ORIENTED_EDGE ( 'NONE', *, *, #1535, .F. ) ;
#2106 = MECHANICAL_DESIGN_GEOMETRIC_PRESENTATION_REPRESENTATION (  '', ( #574 ), #1121 ) ;
#2107 = CARTESIAN_POINT ( 'NONE',  ( 10.29999999999999893, -2.309401076758502036, 3.999999999999997335 ) ) ;
#2108 = EDGE_CURVE ( 'NONE', #647, #4, #506, .T. ) ;
#2109 = FILL_AREA_STYLE_COLOUR ( '', #1905 ) ;
#2110 = FILL_AREA_STYLE_COLOUR ( '', #502 ) ;
#2111 = ADVANCED_FACE ( 'NONE', ( #223 ), #1502, .T. ) ;
#2112 = CARTESIAN_POINT ( 'NONE',  ( -7.576239569296596699, -4.618802153517005848, 4.207895684660582773E-17 ) ) ;
#2113 = PRESENTATION_LAYER_ASSIGNMENT (  '', '', ( #32 ) ) ;
#2114 = FILL_AREA_STYLE_COLOUR ( '', #983 ) ;
#2115 = DIRECTION ( 'NONE',  ( -1.000000000000000000, -0.000000000000000000, -0.000000000000000000 ) ) ;
#2116 = ORIENTED_EDGE ( 'NONE', *, *, #1521, .T. ) ;
#2117 =( NAMED_UNIT ( * ) SI_UNIT ( $, .STERADIAN. ) SOLID_ANGLE_UNIT ( ) );
#2118 = DIRECTION ( 'NONE',  ( 0.000000000000000000, 0.000000000000000000, 1.000000000000000000 ) ) ;
#2119 = ORIENTED_EDGE ( 'NONE', *, *, #484, .F. ) ;
#2120 = LINE ( 'NONE', #186, #629 ) ;
#2121 = ORIENTED_EDGE ( 'NONE', *, *, #1790, .F. ) ;
#2122 = CARTESIAN_POINT ( 'NONE',  ( -2.149999999999839595, -8.196021905759699736E-15, -4.000000000000000888 ) ) ;
#2123 = CARTESIAN_POINT ( 'NONE',  ( -7.576239569296595810, 2.309401076758508253, 3.999999999999997335 ) ) ;
#2124 = EDGE_CURVE ( 'NONE', #781, #1193, #1425, .T. ) ;
#2125 =( NAMED_UNIT ( * ) SI_UNIT ( $, .STERADIAN. ) SOLID_ANGLE_UNIT ( ) );
#2126 = CARTESIAN_POINT ( 'NONE',  ( 7.799999999999999822, 0.000000000000000000, 0.000000000000000000 ) ) ;
#2127 = ORIENTED_EDGE ( 'NONE', *, *, #1379, .F. ) ;
#2128 =( LENGTH_UNIT ( ) NAMED_UNIT ( * ) SI_UNIT ( .MILLI., .METRE. ) );
#2129 = CARTESIAN_POINT ( 'NONE',  ( -7.799999999999998046, 4.286263797015736595E-16, 3.500000000000000000 ) ) ;
#2130 = CARTESIAN_POINT ( 'NONE',  ( -7.653219605188631647, -4.233901974057253881, -0.6666666666666661856 ) ) ;
#2131 = VERTEX_POINT ( 'NONE', #917 ) ;
#2132 = DIRECTION ( 'NONE',  ( -1.000000000000000000, -0.000000000000000000, -0.000000000000000000 ) ) ;
#2133 = SURFACE_SIDE_STYLE ('',( #2149 ) ) ;
#2134 = ORIENTED_EDGE ( 'NONE', *, *, #1115, .F. ) ;
#2135 = FILL_AREA_STYLE_COLOUR ( '', #572 ) ;
#2136 = CONICAL_SURFACE ( 'NONE', #2101, 3.500000000000000000, 1.373400766945015894 ) ;
#2137 = ORIENTED_EDGE ( 'NONE', *, *, #2043, .T. ) ;
#2138 = PRESENTATION_LAYER_ASSIGNMENT (  '', '', ( #1154 ) ) ;
#2139 = SURFACE_STYLE_USAGE ( .BOTH. , #1433 ) ;
#2140 = LINE ( 'NONE', #1095, #886 ) ;
#2141 = AXIS2_PLACEMENT_3D ( 'NONE', #1257, #1967, #397 ) ;
#2142 = ORIENTED_EDGE ( 'NONE', *, *, #77, .T. ) ;
#2143 = AXIS2_PLACEMENT_3D ( 'NONE', #477, #193, #704 ) ;
#2144 = AXIS2_PLACEMENT_3D ( 'NONE', #898, #909, #7 ) ;
#2145 = FILL_AREA_STYLE_COLOUR ( '', #1118 ) ;
#2146 =( LENGTH_UNIT ( ) NAMED_UNIT ( * ) SI_UNIT ( .MILLI., .METRE. ) );
#2147 = CIRCLE ( 'NONE', #1340, 3.149999999999999911 ) ;
#2148 = FILL_AREA_STYLE ('',( #740 ) ) ;
#2149 = SURFACE_STYLE_FILL_AREA ( #237 ) ;
#2150 = EDGE_LOOP ( 'NONE', ( #604, #365, #867, #696 ) ) ;
#2151 = PRESENTATION_STYLE_ASSIGNMENT (( #240 ) ) ;
#2152 = DIRECTION ( 'NONE',  ( 0.000000000000000000, 0.000000000000000000, 1.000000000000000000 ) ) ;
#2153 = AXIS2_PLACEMENT_3D ( 'NONE', #147, #2086, #512 ) ;
#2154 = ORIENTED_EDGE ( 'NONE', *, *, #319, .T. ) ;
#2155 = DIRECTION ( 'NONE',  ( 0.000000000000000000, 0.000000000000000000, 1.000000000000000000 ) ) ;
#2156 = CARTESIAN_POINT ( 'NONE',  ( -6.799999999999998934, 0.000000000000000000, 0.000000000000000000 ) ) ;
#2157 = UNCERTAINTY_MEASURE_WITH_UNIT (LENGTH_MEASURE( 1.000000000000000082E-05 ), #402, 'distance_accuracy_value', 'NONE');
#2158 = ORIENTED_EDGE ( 'NONE', *, *, #529, .T. ) ;
#2159 = EDGE_CURVE ( 'NONE', #722, #1770, #515, .T. ) ;
#2160 = DIRECTION ( 'NONE',  ( 0.000000000000000000, -1.877893248421449775E-16, -1.000000000000000000 ) ) ;
#2161 = DIRECTION ( 'NONE',  ( -0.000000000000000000, 1.000000000000000000, 0.000000000000000000 ) ) ;
#2162 =( NAMED_UNIT ( * ) SI_UNIT ( $, .STERADIAN. ) SOLID_ANGLE_UNIT ( ) );
#2163 = DIRECTION ( 'NONE',  ( 0.000000000000000000, 0.000000000000000000, 1.000000000000000000 ) ) ;
#2164 = SURFACE_SIDE_STYLE ('',( #761 ) ) ;
#2165 = ORIENTED_EDGE ( 'NONE', *, *, #1230, .T. ) ;
#2166 = FILL_AREA_STYLE ('',( #1862 ) ) ;
#2167 = SURFACE_SIDE_STYLE ('',( #1654 ) ) ;
#2168 = CARTESIAN_POINT ( 'NONE',  ( -14.52472286290786485, 0.000000000000000000, 0.4499999999999999556 ) ) ;
#2169 = PLANE ( 'NONE',  #1149 ) ;
#2170 = DIRECTION ( 'NONE',  ( -1.000000000000000000, -0.000000000000000000, -0.000000000000000000 ) ) ;
#2171 = VERTEX_POINT ( 'NONE', #2210 ) ;
#2172 = CARTESIAN_POINT ( 'NONE',  ( 10.29999999999999893, 2.309401076758503368, -4.000000000000001776 ) ) ;
#2173 = EDGE_CURVE ( 'NONE', #1765, #1928, #645, .T. ) ;
#2174 = DIRECTION ( 'NONE',  ( -1.000000000000000000, -0.000000000000000000, -0.000000000000000000 ) ) ;
#2175 = CARTESIAN_POINT ( 'NONE',  ( -2.273760430703399393, 4.618802153517007625, 3.079876084656988073E-15 ) ) ;
#2176 = SURFACE_SIDE_STYLE ('',( #949 ) ) ;
#2177 = ORIENTED_EDGE ( 'NONE', *, *, #1090, .F. ) ;
#2178 = SURFACE_STYLE_USAGE ( .BOTH. , #1656 ) ;
#2179 = EDGE_CURVE ( 'NONE', #855, #2238, #1772, .T. ) ;
#2180 = DIRECTION ( 'NONE',  ( -1.000000000000000000, -0.000000000000000000, -0.000000000000000000 ) ) ;
#2181 = PLANE ( 'NONE',  #720 ) ;
#2182 = FILL_AREA_STYLE_COLOUR ( '', #251 ) ;
#2183 = UNCERTAINTY_MEASURE_WITH_UNIT (LENGTH_MEASURE( 1.000000000000000082E-05 ), #1396, 'distance_accuracy_value', 'NONE');
#2184 = AXIS2_PLACEMENT_3D ( 'NONE', #929, #1627, #62 ) ;
#2185 = ORIENTED_EDGE ( 'NONE', *, *, #260, .F. ) ;
#2186 = CIRCLE ( 'NONE', #577, 0.4500000000000001221 ) ;
#2187 = PRESENTATION_LAYER_ASSIGNMENT (  '', '', ( #2046 ) ) ;
#2188 = PRESENTATION_STYLE_ASSIGNMENT (( #334 ) ) ;
#2189 = SURFACE_STYLE_USAGE ( .BOTH. , #423 ) ;
#2190 = UNCERTAINTY_MEASURE_WITH_UNIT (LENGTH_MEASURE( 1.000000000000000082E-05 ), #1515, 'distance_accuracy_value', 'NONE');
#2191 = VECTOR ( 'NONE', #2203, 1000.000000000000000 ) ;
#2192 = AXIS2_PLACEMENT_3D ( 'NONE', #1078, #951, #54 ) ;
#2193 = AXIS2_PLACEMENT_3D ( 'NONE', #83, #741, #1845 ) ;
#2194 = COLOUR_RGB ( '',0.9686274509803921573, 0.8784313725490195957, 0.5999999999999999778 ) ;
#2195 = PRODUCT_DEFINITION_FORMATION_WITH_SPECIFIED_SOURCE ( 'ANY', '', #461, .NOT_KNOWN. ) ;
#2196 = ORIENTED_EDGE ( 'NONE', *, *, #1353, .F. ) ;
#2197 =( NAMED_UNIT ( * ) SI_UNIT ( $, .STERADIAN. ) SOLID_ANGLE_UNIT ( ) );
#2198 = CARTESIAN_POINT ( 'NONE',  ( -7.700000000000156497, 8.685880332465134107E-15, -4.000000000000001776 ) ) ;
#2199 = FILL_AREA_STYLE ('',( #2135 ) ) ;
#2200 = CARTESIAN_POINT ( 'NONE',  ( -7.746780394811364268, 3.464101615137758383, 1.999999999999999556 ) ) ;
#2201 = CARTESIAN_POINT ( 'NONE',  ( -14.52472286290786485, 0.000000000000000000, 0.000000000000000000 ) ) ;
#2202 = CARTESIAN_POINT ( 'NONE',  ( 10.29999999999999893, 4.618802153517008513, 3.535788212355558521E-15 ) ) ;
#2203 = DIRECTION ( 'NONE',  ( -0.1961161351381850992, 0.000000000000000000, 0.9805806756909200006 ) ) ;
#2204 = VERTEX_POINT ( 'NONE', #1867 ) ;
#2205 = SURFACE_SIDE_STYLE ('',( #479 ) ) ;
#2206 = EDGE_CURVE ( 'NONE', #1731, #738, #1322, .T. ) ;
#2207 = CARTESIAN_POINT ( 'NONE',  ( -8.849999999999997868, 0.000000000000000000, 0.4499999999999999556 ) ) ;
#2208 = CARTESIAN_POINT ( 'NONE',  ( -7.746780394811365156, -3.464101615137754830, 1.999999999999997780 ) ) ;
#2209 = DIRECTION ( 'NONE',  ( -1.000000000000000000, -0.000000000000000000, -0.000000000000000000 ) ) ;
#2210 = CARTESIAN_POINT ( 'NONE',  ( -2.049999999999998046, 3.857637417314162689E-16, -3.149999999999999911 ) ) ;
#2211 = FILL_AREA_STYLE ('',( #2061 ) ) ;
#2212 = CARTESIAN_POINT ( 'NONE',  ( 8.849999999999997868, 0.000000000000000000, 0.000000000000000000 ) ) ;
#2213 = DIRECTION ( 'NONE',  ( -1.000000000000000000, -0.000000000000000000, -0.000000000000000000 ) ) ;
#2214 = CARTESIAN_POINT ( 'NONE',  ( -2.103219605188632713, 3.464101615137758383, 1.999999999999999112 ) ) ;
#2215 = EDGE_CURVE ( 'NONE', #1454, #1465, #1516, .T. ) ;
#2216 = AXIS2_PLACEMENT_3D ( 'NONE', #1763, #171, #197 ) ;
#2217 =( LENGTH_UNIT ( ) NAMED_UNIT ( * ) SI_UNIT ( .MILLI., .METRE. ) );
#2218 = CARTESIAN_POINT ( 'NONE',  ( 7.700000000000157385, -8.196021905759699736E-15, -4.000000000000000888 ) ) ;
#2219 = STYLED_ITEM ( 'NONE', ( #6 ), #747 ) ;
#2220 = VECTOR ( 'NONE', #1391, 1000.000000000000000 ) ;
#2221 = MECHANICAL_DESIGN_GEOMETRIC_PRESENTATION_REPRESENTATION (  '', ( #289 ), #1965 ) ;
#2222 = FACE_OUTER_BOUND ( 'NONE', #336, .T. ) ;
#2223 = CIRCLE ( 'NONE', #112, 0.4500000000000000111 ) ;
#2224 = CARTESIAN_POINT ( 'NONE',  ( -2.149999999999838707, 8.685880746055440384E-15, 3.999999999999997335 ) ) ;
#2225 = UNCERTAINTY_MEASURE_WITH_UNIT (LENGTH_MEASURE( 1.000000000000000082E-05 ), #810, 'distance_accuracy_value', 'NONE');
#2226 = UNCERTAINTY_MEASURE_WITH_UNIT (LENGTH_MEASURE( 1.000000000000000082E-05 ), #1761, 'distance_accuracy_value', 'NONE');
#2227 = ADVANCED_FACE ( 'NONE', ( #1138 ), #115, .F. ) ;
#2228 = ORIENTED_EDGE ( 'NONE', *, *, #1854, .T. ) ;
#2229 = CARTESIAN_POINT ( 'NONE',  ( -2.197018781834287893, 1.541984588067401685, 3.999999999999997335 ) ) ;
#2230 = ORIENTED_EDGE ( 'NONE', *, *, #804, .F. ) ;
#2231 = CARTESIAN_POINT ( 'NONE',  ( 7.700000000000157385, -8.196021905759699736E-15, -4.000000000000000888 ) ) ;
#2232 = PRESENTATION_STYLE_ASSIGNMENT (( #844 ) ) ;
#2233 = DIRECTION ( 'NONE',  ( -1.000000000000000000, -0.000000000000000000, -0.000000000000000000 ) ) ;
#2234 = PLANE ( 'NONE',  #2255 ) ;
#2235 =( NAMED_UNIT ( * ) PLANE_ANGLE_UNIT ( ) SI_UNIT ( $, .RADIAN. ) );
#2236 = ORIENTED_EDGE ( 'NONE', *, *, #1199, .F. ) ;
#2237 =( NAMED_UNIT ( * ) SI_UNIT ( $, .STERADIAN. ) SOLID_ANGLE_UNIT ( ) );
#2238 = VERTEX_POINT ( 'NONE', #1781 ) ;
#2239 = FILL_AREA_STYLE ('',( #1386 ) ) ;
#2240 = CARTESIAN_POINT ( 'NONE',  ( 10.29999999999999893, 4.618802153517008513, 3.535788212355558521E-15 ) ) ;
#2241 = CARTESIAN_POINT ( 'NONE',  ( -7.653219605188631647, 2.694301256218254448, -3.333333333333334814 ) ) ;
#2242 = UNCERTAINTY_MEASURE_WITH_UNIT (LENGTH_MEASURE( 1.000000000000000082E-05 ), #1287, 'distance_accuracy_value', 'NONE');
#2243 = EDGE_CURVE ( 'NONE', #1251, #2204, #1957, .T. ) ;
#2244 = EDGE_LOOP ( 'NONE', ( #775, #219, #1562, #50 ) ) ;
#2245 = STYLED_ITEM ( 'NONE', ( #304 ), #27 ) ;
#2246 = CARTESIAN_POINT ( 'NONE',  ( 2.049999999999998046, 4.975442947536176478E-16, 3.500000000000000000 ) ) ;
#2247 = FACE_BOUND ( 'NONE', #1996, .T. ) ;
#2248 = PRESENTATION_LAYER_ASSIGNMENT (  '', '', ( #317 ) ) ;
#2249 = CONICAL_SURFACE ( 'NONE', #1158, 3.250000000000004441, 0.7853981633974456145 ) ;
#2250 = PRESENTATION_LAYER_ASSIGNMENT (  '', '', ( #1633 ) ) ;
#2251 = AXIS2_PLACEMENT_3D ( 'NONE', #986, #485, #462 ) ;
#2252 = EDGE_CURVE ( 'NONE', #1390, #58, #1901, .T. ) ;
#2253 =( GEOMETRIC_REPRESENTATION_CONTEXT ( 3 ) GLOBAL_UNCERTAINTY_ASSIGNED_CONTEXT ( ( #2157 ) ) GLOBAL_UNIT_ASSIGNED_CONTEXT ( ( #402, #33, #2125 ) ) REPRESENTATION_CONTEXT ( 'NONE', 'WORKASPACE' ) );
#2254 = LINE ( 'NONE', #8, #133 ) ;
#2255 = AXIS2_PLACEMENT_3D ( 'NONE', #482, #1171, #1876 ) ;
#2256 = ORIENTED_EDGE ( 'NONE', *, *, #1622, .F. ) ;
#2257 = DIRECTION ( 'NONE',  ( 0.000000000000000000, 0.000000000000000000, 1.000000000000000000 ) ) ;
#2258 =( NAMED_UNIT ( * ) SI_UNIT ( $, .STERADIAN. ) SOLID_ANGLE_UNIT ( ) );
ENDSEC;
END-ISO-10303-21;
