  0
SECTION
  2
HEADER
  9
$ACADVER
  1
AC1027
  9
$ACADMAINTVER
 70
   105
  9
$DWGCODEPAGE
  3
ANSI_1252
  9
$LASTSAVEDBY
  1
Admin
  9
$REQUIREDVERSIONS
160
                 0
  9
$INSBASE
 10
0.0
 20
0.0
 30
0.0
  9
$EXTMIN
 10
1.000000000000000E+20
 20
1.000000000000000E+20
 30
1.000000000000000E+20
  9
$EXTMAX
 10
-1.000000000000000E+20
 20
-1.000000000000000E+20
 30
-1.000000000000000E+20
  9
$LIMMIN
 10
-20.58408126
 20
-20.56642318
  9
$LIMMAX
 10
63.55542788
 20
47.3657676
  9
$ORTHOMODE
 70
     0
  9
$REGENMODE
 70
     1
  9
$FILLMODE
 70
     1
  9
$QTEXTMODE
 70
     0
  9
$MIRRTEXT
 70
     1
  9
$LTSCALE
 40
1.0
  9
$ATTMODE
 70
     1
  9
$TEXTSIZE
 40
0.2
  9
$TRACEWID
 40
0.05
  9
$TEXTSTYLE
  7
Standard
  9
$CLAYER
  8
0
  9
$CELTYPE
  6
ByLayer
  9
$CECOLOR
 62
   256
  9
$CELTSCALE
 40
1.0
  9
$DISPSILH
 70
     0
  9
$DIMSCALE
 40
1.0
  9
$DIMASZ
 40
0.18
  9
$DIMEXO
 40
0.0625
  9
$DIMDLI
 40
0.38
  9
$DIMRND
 40
0.0
  9
$DIMDLE
 40
0.0
  9
$DIMEXE
 40
0.18
  9
$DIMTP
 40
0.0
  9
$DIMTM
 40
0.0
  9
$DIMTXT
 40
0.18
  9
$DIMCEN
 40
0.09
  9
$DIMTSZ
 40
0.0
  9
$DIMTOL
 70
     0
  9
$DIMLIM
 70
     0
  9
$DIMTIH
 70
     1
  9
$DIMTOH
 70
     1
  9
$DIMSE1
 70
     0
  9
$DIMSE2
 70
     0
  9
$DIMTAD
 70
     0
  9
$DIMZIN
 70
     0
  9
$DIMBLK
  1

  9
$DIMASO
 70
     1
  9
$DIMSHO
 70
     1
  9
$DIMPOST
  1

  9
$DIMAPOST
  1

  9
$DIMALT
 70
     0
  9
$DIMALTD
 70
     2
  9
$DIMALTF
 40
25.4
  9
$DIMLFAC
 40
1.0
  9
$DIMTOFL
 70
     0
  9
$DIMTVP
 40
0.0
  9
$DIMTIX
 70
     0
  9
$DIMSOXD
 70
     0
  9
$DIMSAH
 70
     0
  9
$DIMBLK1
  1

  9
$DIMBLK2
  1

  9
$DIMSTYLE
  2
Standard
  9
$DIMCLRD
 70
     0
  9
$DIMCLRE
 70
     0
  9
$DIMCLRT
 70
     0
  9
$DIMTFAC
 40
1.0
  9
$DIMGAP
 40
0.09
  9
$DIMJUST
 70
     0
  9
$DIMSD1
 70
     0
  9
$DIMSD2
 70
     0
  9
$DIMTOLJ
 70
     1
  9
$DIMTZIN
 70
     0
  9
$DIMALTZ
 70
     0
  9
$DIMALTTZ
 70
     0
  9
$DIMUPT
 70
     0
  9
$DIMDEC
 70
     4
  9
$DIMTDEC
 70
     4
  9
$DIMALTU
 70
     2
  9
$DIMALTTD
 70
     2
  9
$DIMTXSTY
  7
Standard
  9
$DIMAUNIT
 70
     0
  9
$DIMADEC
 70
     0
  9
$DIMALTRND
 40
0.0
  9
$DIMAZIN
 70
     0
  9
$DIMDSEP
 70
    46
  9
$DIMATFIT
 70
     3
  9
$DIMFRAC
 70
     0
  9
$DIMLDRBLK
  1

  9
$DIMLUNIT
 70
     2
  9
$DIMLWD
 70
    -2
  9
$DIMLWE
 70
    -2
  9
$DIMTMOVE
 70
     0
  9
$DIMFXL
 40
1.0
  9
$DIMFXLON
 70
     0
  9
$DIMJOGANG
 40
0.7853981633974483
  9
$DIMTFILL
 70
     0
  9
$DIMTFILLCLR
 70
     0
  9
$DIMARCSYM
 70
     0
  9
$DIMLTYPE
  6

  9
$DIMLTEX1
  6

  9
$DIMLTEX2
  6

  9
$DIMTXTDIRECTION
 70
     0
  9
$LUNITS
 70
     2
  9
$LUPREC
 70
     4
  9
$SKETCHINC
 40
0.1
  9
$FILLETRAD
 40
0.0
  9
$AUNITS
 70
     0
  9
$AUPREC
 70
     0
  9
$MENU
  1
.
  9
$ELEVATION
 40
0.0
  9
$PELEVATION
 40
0.0
  9
$THICKNESS
 40
0.0
  9
$LIMCHECK
 70
     0
  9
$CHAMFERA
 40
0.0
  9
$CHAMFERB
 40
0.0
  9
$CHAMFERC
 40
0.0
  9
$CHAMFERD
 40
0.0
  9
$SKPOLY
 70
     0
  9
$TDCREATE
 40
2460489.68635397
  9
$TDUCREATE
 40
2460489.603020636
  9
$TDUPDATE
 40
2460489.686354942
  9
$TDUUPDATE
 40
2460489.603021609
  9
$TDINDWG
 40
0.0000000116
  9
$TDUSRTIMER
 40
0.0000000116
  9
$USRTIMER
 70
     1
  9
$ANGBASE
 50
0.0
  9
$ANGDIR
 70
     0
  9
$PDMODE
 70
     0
  9
$PDSIZE
 40
0.0
  9
$PLINEWID
 40
0.0
  9
$SPLFRAME
 70
     0
  9
$SPLINETYPE
 70
     6
  9
$SPLINESEGS
 70
     8
  9
$HANDSEED
  5
3E0
  9
$SURFTAB1
 70
     6
  9
$SURFTAB2
 70
     6
  9
$SURFTYPE
 70
     6
  9
$SURFU
 70
     6
  9
$SURFV
 70
     6
  9
$UCSBASE
  2

  9
$UCSNAME
  2

  9
$UCSORG
 10
0.0
 20
0.0
 30
0.0
  9
$UCSXDIR
 10
1.0
 20
0.0
 30
0.0
  9
$UCSYDIR
 10
0.0
 20
1.0
 30
0.0
  9
$UCSORTHOREF
  2

  9
$UCSORTHOVIEW
 70
     0
  9
$UCSORGTOP
 10
0.0
 20
0.0
 30
0.0
  9
$UCSORGBOTTOM
 10
0.0
 20
0.0
 30
0.0
  9
$UCSORGLEFT
 10
0.0
 20
0.0
 30
0.0
  9
$UCSORGRIGHT
 10
0.0
 20
0.0
 30
0.0
  9
$UCSORGFRONT
 10
0.0
 20
0.0
 30
0.0
  9
$UCSORGBACK
 10
0.0
 20
0.0
 30
0.0
  9
$PUCSBASE
  2

  9
$PUCSNAME
  2

  9
$PUCSORG
 10
0.0
 20
0.0
 30
0.0
  9
$PUCSXDIR
 10
1.0
 20
0.0
 30
0.0
  9
$PUCSYDIR
 10
0.0
 20
1.0
 30
0.0
  9
$PUCSORTHOREF
  2

  9
$PUCSORTHOVIEW
 70
     0
  9
$PUCSORGTOP
 10
0.0
 20
0.0
 30
0.0
  9
$PUCSORGBOTTOM
 10
0.0
 20
0.0
 30
0.0
  9
$PUCSORGLEFT
 10
0.0
 20
0.0
 30
0.0
  9
$PUCSORGRIGHT
 10
0.0
 20
0.0
 30
0.0
  9
$PUCSORGFRONT
 10
0.0
 20
0.0
 30
0.0
  9
$PUCSORGBACK
 10
0.0
 20
0.0
 30
0.0
  9
$USERI1
 70
     0
  9
$USERI2
 70
     0
  9
$USERI3
 70
     0
  9
$USERI4
 70
     0
  9
$USERI5
 70
     0
  9
$USERR1
 40
0.0
  9
$USERR2
 40
0.0
  9
$USERR3
 40
0.0
  9
$USERR4
 40
0.0
  9
$USERR5
 40
0.0
  9
$WORLDVIEW
 70
     1
  9
$SHADEDGE
 70
     3
  9
$SHADEDIF
 70
    70
  9
$TILEMODE
 70
     1
  9
$MAXACTVP
 70
    64
  9
$PINSBASE
 10
0.0
 20
0.0
 30
0.0
  9
$PLIMCHECK
 70
     0
  9
$PEXTMIN
 10
1.000000000000000E+20
 20
1.000000000000000E+20
 30
1.000000000000000E+20
  9
$PEXTMAX
 10
-1.000000000000000E+20
 20
-1.000000000000000E+20
 30
-1.000000000000000E+20
  9
$PLIMMIN
 10
0.0
 20
0.0
  9
$PLIMMAX
 10
12.0
 20
9.0
  9
$UNITMODE
 70
     0
  9
$VISRETAIN
 70
     1
  9
$PLINEGEN
 70
     0
  9
$PSLTSCALE
 70
     1
  9
$TREEDEPTH
 70
  3020
  9
$CMLSTYLE
  2
Standard
  9
$CMLJUST
 70
     0
  9
$CMLSCALE
 40
1.0
  9
$PROXYGRAPHICS
 70
     1
  9
$MEASUREMENT
 70
     1
  9
$CELWEIGHT
370
    -1
  9
$ENDCAPS
280
     0
  9
$JOINSTYLE
280
     0
  9
$LWDISPLAY
290
     0
  9
$INSUNITS
 70
     1
  9
$HYPERLINKBASE
  1

  9
$STYLESHEET
  1

  9
$XEDIT
290
     1
  9
$CEPSNTYPE
380
     0
  9
$PSTYLEMODE
290
     1
  9
$FINGERPRINTGUID
  2
{41592b4f-edd1-4214-9a9b-fb6a8a8e1f8a}
  9
$VERSIONGUID
  2
{FAEB1C32-E019-11D5-929B-00C0DF256EC4}
  9
$EXTNAMES
290
     1
  9
$PSVPSCALE
 40
0.0
  9
$OLESTARTUP
290
     0
  9
$SORTENTS
280
   127
  9
$INDEXCTL
280
     0
  9
$HIDETEXT
280
     1
  9
$XCLIPFRAME
280
     2
  9
$HALOGAP
280
     0
  9
$OBSCOLOR
 70
   257
  9
$OBSLTYPE
280
     0
  9
$INTERSECTIONDISPLAY
280
     0
  9
$INTERSECTIONCOLOR
 70
   257
  9
$DIMASSOC
280
     2
  9
$PROJECTNAME
  1

  9
$CAMERADISPLAY
290
     0
  9
$LENSLENGTH
 40
50.0
  9
$CAMERAHEIGHT
 40
0.0
  9
$STEPSPERSEC
 40
2.0
  9
$STEPSIZE
 40
6.0
  9
$3DDWFPREC
 40
2.0
  9
$PSOLWIDTH
 40
0.25
  9
$PSOLHEIGHT
 40
4.0
  9
$LOFTANG1
 40
1.570796326794897
  9
$LOFTANG2
 40
1.570796326794897
  9
$LOFTMAG1
 40
0.0
  9
$LOFTMAG2
 40
0.0
  9
$LOFTPARAM
 70
     7
  9
$LOFTNORMALS
280
     1
  9
$LATITUDE
 40
37.795
  9
$LONGITUDE
 40
-122.394
  9
$NORTHDIRECTION
 40
0.0
  9
$TIMEZONE
 70
 -8000
  9
$LIGHTGLYPHDISPLAY
280
     1
  9
$TILEMODELIGHTSYNCH
280
     1
  9
$CMATERIAL
347
44
  9
$SOLIDHIST
280
     0
  9
$SHOWHIST
280
     1
  9
$DWFFRAME
280
     2
  9
$DGNFRAME
280
     2
  9
$REALWORLDSCALE
290
     1
  9
$INTERFERECOLOR
 62
   256
  9
$CSHADOW
280
     0
  9
$SHADOWPLANELOCATION
 40
0.0
  0
ENDSEC
  0
SECTION
  2
CLASSES
  0
CLASS
  1
ACDBDICTIONARYWDFLT
  2
AcDbDictionaryWithDefault
  3
ObjectDBX Classes
 90
        0
 91
        3
280
     0
281
     0
  0
CLASS
  1
VISUALSTYLE
  2
AcDbVisualStyle
  3
ObjectDBX Classes
 90
     4095
 91
        3
280
     0
281
     0
  0
CLASS
  1
MATERIAL
  2
AcDbMaterial
  3
ObjectDBX Classes
 90
     1153
 91
        3
280
     0
281
     0
  0
CLASS
  1
SCALE
  2
AcDbScale
  3
ObjectDBX Classes
 90
     1153
 91
        3
280
     0
281
     0
  0
CLASS
  1
TABLESTYLE
  2
AcDbTableStyle
  3
ObjectDBX Classes
 90
     4095
 91
        3
280
     0
281
     0
  0
CLASS
  1
MLEADERSTYLE
  2
AcDbMLeaderStyle
  3
ACDB_MLEADERSTYLE_CLASS
 90
     4095
 91
        3
280
     0
281
     0
  0
CLASS
  1
SUN
  2
AcDbSun
  3
SCENEOE
 90
     1153
 91
        3
280
     0
281
     0
  0
CLASS
  1
DICTIONARYVAR
  2
AcDbDictionaryVar
  3
ObjectDBX Classes
 90
        0
 91
        3
280
     0
281
     0
  0
CLASS
  1
CELLSTYLEMAP
  2
AcDbCellStyleMap
  3
ObjectDBX Classes
 90
     1152
 91
        3
280
     0
281
     0
  0
ENDSEC
  0
SECTION
  2
TABLES
  0
TABLE
  2
VPORT
  5
8
330
0
100
AcDbSymbolTable
 70
     1
  0
VPORT
  5
29
330
8
100
AcDbSymbolTableRecord
100
AcDbViewportTableRecord
  2
*Active
 70
     0
 10
0.0
 20
0.0
 11
1.0
 21
1.0
 12
10.42990654205607
 22
4.5
 13
0.0
 23
0.0
 14
0.5
 24
0.5
 15
0.5
 25
0.5
 16
0.0
 26
0.0
 36
1.0
 17
0.0
 27
0.0
 37
0.0
 40
9.0
 41
1.972972972850329
 42
50.0
 43
0.0
 44
0.0
 50
0.0
 51
0.0
 71
     0
 72
   100
 73
     1
 74
     3
 75
     0
 76
     0
 77
     0
 78
     0
281
     0
 65
     1
110
0.0
120
0.0
130
0.0
111
1.0
121
0.0
131
0.0
112
0.0
122
1.0
132
0.0
 79
     0
146
0.0
348
2F
 60
     3
 61
     5
292
     1
282
     1
141
0.0
142
0.0
 63
   250
361
5D
  0
ENDTAB
  0
TABLE
  2
LTYPE
  5
5
330
0
100
AcDbSymbolTable
 70
     1
  0
LTYPE
  5
14
330
5
100
AcDbSymbolTableRecord
100
AcDbLinetypeTableRecord
  2
ByBlock
 70
     0
  3

 72
    65
 73
     0
 40
0.0
  0
LTYPE
  5
15
330
5
100
AcDbSymbolTableRecord
100
AcDbLinetypeTableRecord
  2
ByLayer
 70
     0
  3

 72
    65
 73
     0
 40
0.0
  0
LTYPE
  5
16
330
5
100
AcDbSymbolTableRecord
100
AcDbLinetypeTableRecord
  2
Continuous
 70
     0
  3
Solid line
 72
    65
 73
     0
 40
0.0
  0
ENDTAB
  0
TABLE
  2
LAYER
  5
2
330
0
100
AcDbSymbolTable
 70
     4
  0
LAYER
  5
10
330
2
100
AcDbSymbolTableRecord
100
AcDbLayerTableRecord
  2
0
 70
     0
 62
     7
  6
Continuous
370
    -3
390
F
347
46
348
0
  0
LAYER
  5
5E
330
2
100
AcDbSymbolTableRecord
100
AcDbLayerTableRecord
  2
Top Solder
 70
     0
 62
   216
  6
Continuous
370
    -3
390
F
347
46
348
0
  0
LAYER
  5
5F
330
2
100
AcDbSymbolTableRecord
100
AcDbLayerTableRecord
  2
Pad Holes
 70
     0
 62
   156
  6
Continuous
370
    -3
390
F
347
46
348
0
  0
LAYER
  5
60
330
2
100
AcDbSymbolTableRecord
100
AcDbLayerTableRecord
  2
Via Holes
 70
     0
 62
    16
  6
Continuous
370
    -3
390
F
347
46
348
0
  0
ENDTAB
  0
TABLE
  2
STYLE
  5
3
330
0
100
AcDbSymbolTable
 70
     1
  0
STYLE
  5
11
330
3
100
AcDbSymbolTableRecord
100
AcDbTextStyleTableRecord
  2
Standard
 70
     0
 40
0.0
 41
1.0
 50
0.0
 71
     0
 42
0.2
  3
txt
  4

  0
ENDTAB
  0
TABLE
  2
VIEW
  5
6
330
0
100
AcDbSymbolTable
 70
     0
  0
ENDTAB
  0
TABLE
  2
UCS
  5
7
330
0
100
AcDbSymbolTable
 70
     0
  0
ENDTAB
  0
TABLE
  2
APPID
  5
9
330
0
100
AcDbSymbolTable
 70
     1
  0
APPID
  5
12
330
9
100
AcDbSymbolTableRecord
100
AcDbRegAppTableRecord
  2
ACAD
 70
     0
  0
ENDTAB
  0
TABLE
  2
DIMSTYLE
  5
A
330
0
100
AcDbSymbolTable
 70
     1
100
AcDbDimStyleTable
  0
DIMSTYLE
105
27
330
A
100
AcDbSymbolTableRecord
100
AcDbDimStyleTableRecord
  2
Standard
 70
     0
178
     0
340
11
  0
ENDTAB
  0
TABLE
  2
BLOCK_RECORD
  5
1
330
0
100
AcDbSymbolTable
 70
    48
  0
BLOCK_RECORD
  5
1F
330
1
100
AcDbSymbolTableRecord
100
AcDbBlockTableRecord
  2
*Model_Space
340
22
 70
     0
280
     1
281
     0
  0
BLOCK_RECORD
  5
1B
330
1
100
AcDbSymbolTableRecord
100
AcDbBlockTableRecord
  2
*Paper_Space
340
1E
 70
     0
280
     1
281
     0
  0
BLOCK_RECORD
  5
23
330
1
100
AcDbSymbolTableRecord
100
AcDbBlockTableRecord
  2
*Paper_Space0
340
26
 70
     0
280
     1
281
     0
  0
BLOCK_RECORD
  5
F3
330
1
100
AcDbSymbolTableRecord
100
AcDbBlockTableRecord
  2
RES_0402_3527
340
0
102
{BLKREFS
331
F8
102
}
 70
     0
280
     1
281
     0
  0
BLOCK_RECORD
  5
F9
330
1
100
AcDbSymbolTableRecord
100
AcDbBlockTableRecord
  2
RES_0402_3528
340
0
102
{BLKREFS
331
FE
102
}
 70
     0
280
     1
281
     0
  0
BLOCK_RECORD
  5
FF
330
1
100
AcDbSymbolTableRecord
100
AcDbBlockTableRecord
  2
RES_0402_3529
340
0
102
{BLKREFS
331
104
102
}
 70
     0
280
     1
281
     0
  0
BLOCK_RECORD
  5
105
330
1
100
AcDbSymbolTableRecord
100
AcDbBlockTableRecord
  2
TP_1_00MM_B_3530
340
0
102
{BLKREFS
331
106
102
}
 70
     0
280
     1
281
     0
  0
BLOCK_RECORD
  5
107
330
1
100
AcDbSymbolTableRecord
100
AcDbBlockTableRecord
  2
TP_1_00MM_B_3531
340
0
102
{BLKREFS
331
108
102
}
 70
     0
280
     1
281
     0
  0
BLOCK_RECORD
  5
109
330
1
100
AcDbSymbolTableRecord
100
AcDbBlockTableRecord
  2
TP_1_00MM_B_3532
340
0
102
{BLKREFS
331
10A
102
}
 70
     0
280
     1
281
     0
  0
BLOCK_RECORD
  5
10B
330
1
100
AcDbSymbolTableRecord
100
AcDbBlockTableRecord
  2
TP_1_00MM_B_3533
340
0
102
{BLKREFS
331
10C
102
}
 70
     0
280
     1
281
     0
  0
BLOCK_RECORD
  5
10D
330
1
100
AcDbSymbolTableRecord
100
AcDbBlockTableRecord
  2
TP_1_00MM_B_3534
340
0
102
{BLKREFS
331
10E
102
}
 70
     0
280
     1
281
     0
  0
BLOCK_RECORD
  5
10F
330
1
100
AcDbSymbolTableRecord
100
AcDbBlockTableRecord
  2
TP_1_00MM_B_3535
340
0
102
{BLKREFS
331
110
102
}
 70
     0
280
     1
281
     0
  0
BLOCK_RECORD
  5
111
330
1
100
AcDbSymbolTableRecord
100
AcDbBlockTableRecord
  2
TP_1_00MM_B_3536
340
0
102
{BLKREFS
331
112
102
}
 70
     0
280
     1
281
     0
  0
BLOCK_RECORD
  5
113
330
1
100
AcDbSymbolTableRecord
100
AcDbBlockTableRecord
  2
TP_1_00MM_B_3537
340
0
102
{BLKREFS
331
114
102
}
 70
     0
280
     1
281
     0
  0
BLOCK_RECORD
  5
115
330
1
100
AcDbSymbolTableRecord
100
AcDbBlockTableRecord
  2
TP_1_00MM_B_3538
340
0
102
{BLKREFS
331
116
102
}
 70
     0
280
     1
281
     0
  0
BLOCK_RECORD
  5
117
330
1
100
AcDbSymbolTableRecord
100
AcDbBlockTableRecord
  2
TP_1_00MM_B_3539
340
0
102
{BLKREFS
331
118
102
}
 70
     0
280
     1
281
     0
  0
BLOCK_RECORD
  5
119
330
1
100
AcDbSymbolTableRecord
100
AcDbBlockTableRecord
  2
TP_1_00MM_B_3540
340
0
102
{BLKREFS
331
11A
102
}
 70
     0
280
     1
281
     0
  0
BLOCK_RECORD
  5
11B
330
1
100
AcDbSymbolTableRecord
100
AcDbBlockTableRecord
  2
TP_1_00MM_B_3541
340
0
102
{BLKREFS
331
11C
102
}
 70
     0
280
     1
281
     0
  0
BLOCK_RECORD
  5
11D
330
1
100
AcDbSymbolTableRecord
100
AcDbBlockTableRecord
  2
TP_1_00MM_B_3542
340
0
102
{BLKREFS
331
11E
102
}
 70
     0
280
     1
281
     0
  0
BLOCK_RECORD
  5
11F
330
1
100
AcDbSymbolTableRecord
100
AcDbBlockTableRecord
  2
TP_1_00MM_B_3543
340
0
102
{BLKREFS
331
120
102
}
 70
     0
280
     1
281
     0
  0
BLOCK_RECORD
  5
121
330
1
100
AcDbSymbolTableRecord
100
AcDbBlockTableRecord
  2
F_____________1___F_________1_3544
340
0
102
{BLKREFS
331
124
102
}
 70
     0
280
     1
281
     0
  0
BLOCK_RECORD
  5
125
330
1
100
AcDbSymbolTableRecord
100
AcDbBlockTableRecord
  2
F_____________1___F_________1_3545
340
0
102
{BLKREFS
331
128
102
}
 70
     0
280
     1
281
     0
  0
BLOCK_RECORD
  5
129
330
1
100
AcDbSymbolTableRecord
100
AcDbBlockTableRecord
  2
F_____________1___F_________1_3546
340
0
102
{BLKREFS
331
12C
102
}
 70
     0
280
     1
281
     0
  0
BLOCK_RECORD
  5
12D
330
1
100
AcDbSymbolTableRecord
100
AcDbBlockTableRecord
  2
CAP_0603_3547
340
0
102
{BLKREFS
331
132
102
}
 70
     0
280
     1
281
     0
  0
BLOCK_RECORD
  5
133
330
1
100
AcDbSymbolTableRecord
100
AcDbBlockTableRecord
  2
CAP_0402_3548
340
0
102
{BLKREFS
331
138
102
}
 70
     0
280
     1
281
     0
  0
BLOCK_RECORD
  5
139
330
1
100
AcDbSymbolTableRecord
100
AcDbBlockTableRecord
  2
RES_0402_3549
340
0
102
{BLKREFS
331
13E
102
}
 70
     0
280
     1
281
     0
  0
BLOCK_RECORD
  5
13F
330
1
100
AcDbSymbolTableRecord
100
AcDbBlockTableRecord
  2
RES_0402_3550
340
0
102
{BLKREFS
331
144
102
}
 70
     0
280
     1
281
     0
  0
BLOCK_RECORD
  5
145
330
1
100
AcDbSymbolTableRecord
100
AcDbBlockTableRecord
  2
RES_0402_3551
340
0
102
{BLKREFS
331
14A
102
}
 70
     0
280
     1
281
     0
  0
BLOCK_RECORD
  5
14B
330
1
100
AcDbSymbolTableRecord
100
AcDbBlockTableRecord
  2
RES_0402_3552
340
0
102
{BLKREFS
331
150
102
}
 70
     0
280
     1
281
     0
  0
BLOCK_RECORD
  5
151
330
1
100
AcDbSymbolTableRecord
100
AcDbBlockTableRecord
  2
RES_0402_3553
340
0
102
{BLKREFS
331
156
102
}
 70
     0
280
     1
281
     0
  0
BLOCK_RECORD
  5
157
330
1
100
AcDbSymbolTableRecord
100
AcDbBlockTableRecord
  2
RES_0402_3554
340
0
102
{BLKREFS
331
15C
102
}
 70
     0
280
     1
281
     0
  0
BLOCK_RECORD
  5
15D
330
1
100
AcDbSymbolTableRecord
100
AcDbBlockTableRecord
  2
UFQFPN20_3555
340
0
102
{BLKREFS
331
2BE
102
}
 70
     0
280
     1
281
     0
  0
BLOCK_RECORD
  5
2BF
330
1
100
AcDbSymbolTableRecord
100
AcDbBlockTableRecord
  2
RES_0402_3556
340
0
102
{BLKREFS
331
2C4
102
}
 70
     0
280
     1
281
     0
  0
BLOCK_RECORD
  5
2C5
330
1
100
AcDbSymbolTableRecord
100
AcDbBlockTableRecord
  2
RES_0402_3557
340
0
102
{BLKREFS
331
2CA
102
}
 70
     0
280
     1
281
     0
  0
BLOCK_RECORD
  5
2CB
330
1
100
AcDbSymbolTableRecord
100
AcDbBlockTableRecord
  2
SM04B_SRSS_TB_LF__SN__F_________1_3558
340
0
102
{BLKREFS
331
2D8
102
}
 70
     0
280
     1
281
     0
  0
BLOCK_RECORD
  5
2D9
330
1
100
AcDbSymbolTableRecord
100
AcDbBlockTableRecord
  2
SM04B_SRSS_TB_LF__SN__F_________1_3559
340
0
102
{BLKREFS
331
2E6
102
}
 70
     0
280
     1
281
     0
  0
BLOCK_RECORD
  5
2E7
330
1
100
AcDbSymbolTableRecord
100
AcDbBlockTableRecord
  2
LEDC1608X80N_AK_3560
340
0
102
{BLKREFS
331
2EC
102
}
 70
     0
280
     1
281
     0
  0
BLOCK_RECORD
  5
2ED
330
1
100
AcDbSymbolTableRecord
100
AcDbBlockTableRecord
  2
RES_0402_3561
340
0
102
{BLKREFS
331
2F2
102
}
 70
     0
280
     1
281
     0
  0
BLOCK_RECORD
  5
2F3
330
1
100
AcDbSymbolTableRecord
100
AcDbBlockTableRecord
  2
TP_1_00MM_B_3562
340
0
102
{BLKREFS
331
2F4
102
}
 70
     0
280
     1
281
     0
  0
BLOCK_RECORD
  5
2F5
330
1
100
AcDbSymbolTableRecord
100
AcDbBlockTableRecord
  2
LEDC1608X80N_AK_3563
340
0
102
{BLKREFS
331
2FA
102
}
 70
     0
280
     1
281
     0
  0
BLOCK_RECORD
  5
2FB
330
1
100
AcDbSymbolTableRecord
100
AcDbBlockTableRecord
  2
TS42_3564
340
0
102
{BLKREFS
331
306
102
}
 70
     0
280
     1
281
     0
  0
BLOCK_RECORD
  5
307
330
1
100
AcDbSymbolTableRecord
100
AcDbBlockTableRecord
  2
PIN_HEADER_2_54___VERT__1_4POS_F_________1_3565
340
0
102
{BLKREFS
331
318
102
}
 70
     0
280
     1
281
     0
  0
BLOCK_RECORD
  5
319
330
1
100
AcDbSymbolTableRecord
100
AcDbBlockTableRecord
  2
LEDC1608X80N_AK_3566
340
0
102
{BLKREFS
331
31E
102
}
 70
     0
280
     1
281
     0
  0
BLOCK_RECORD
  5
31F
330
1
100
AcDbSymbolTableRecord
100
AcDbBlockTableRecord
  2
PIN_HEADER_2_54___VERT__1_10POS_3567
340
0
102
{BLKREFS
331
348
102
}
 70
     0
280
     1
281
     0
  0
BLOCK_RECORD
  5
349
330
1
100
AcDbSymbolTableRecord
100
AcDbBlockTableRecord
  2
TS42_3568
340
0
102
{BLKREFS
331
354
102
}
 70
     0
280
     1
281
     0
  0
BLOCK_RECORD
  5
355
330
1
100
AcDbSymbolTableRecord
100
AcDbBlockTableRecord
  2
RES_0402_3569
340
0
102
{BLKREFS
331
35A
102
}
 70
     0
280
     1
281
     0
  0
BLOCK_RECORD
  5
35B
330
1
100
AcDbSymbolTableRecord
100
AcDbBlockTableRecord
  2
LEDC1608X80N_AK_3570
340
0
102
{BLKREFS
331
360
102
}
 70
     0
280
     1
281
     0
  0
BLOCK_RECORD
  5
361
330
1
100
AcDbSymbolTableRecord
100
AcDbBlockTableRecord
  2
TS42_3571
340
0
102
{BLKREFS
331
36C
102
}
 70
     0
280
     1
281
     0
  0
BLOCK_RECORD
  5
36D
330
1
100
AcDbSymbolTableRecord
100
AcDbBlockTableRecord
  2
RES_0402_3572
340
0
102
{BLKREFS
331
372
102
}
 70
     0
280
     1
281
     0
  0
BLOCK_RECORD
  5
373
330
1
100
AcDbSymbolTableRecord
100
AcDbBlockTableRecord
  2
RES_0402_3573
340
0
102
{BLKREFS
331
378
102
}
 70
     0
280
     1
281
     0
  0
ENDTAB
  0
ENDSEC
  0
SECTION
  2
BLOCKS
  0
BLOCK
  5
20
330
1F
100
AcDbEntity
  8
0
100
AcDbBlockBegin
  2
*Model_Space
 70
     0
 10
0.0
 20
0.0
 30
0.0
  3
*Model_Space
  1

  0
ENDBLK
  5
21
330
1F
100
AcDbEntity
  8
0
100
AcDbBlockEnd
  0
BLOCK
  5
1C
330
1B
100
AcDbEntity
 67
     1
  8
0
100
AcDbBlockBegin
  2
*Paper_Space
 70
     0
 10
0.0
 20
0.0
 30
0.0
  3
*Paper_Space
  1

  0
ENDBLK
  5
1D
330
1B
100
AcDbEntity
 67
     1
  8
0
100
AcDbBlockEnd
  0
BLOCK
  5
24
330
23
100
AcDbEntity
  8
0
100
AcDbBlockBegin
  2
*Paper_Space0
 70
     0
 10
0.0
 20
0.0
 30
0.0
  3
*Paper_Space0
  1

  0
ENDBLK
  5
25
330
23
100
AcDbEntity
  8
0
100
AcDbBlockEnd
  0
BLOCK
  5
379
330
F3
100
AcDbEntity
  8
0
100
AcDbBlockBegin
  2
RES_0402_3527
 70
     0
 10
0.0
 20
0.0
 30
0.0
  3
RES_0402_3527
  1

  0
REGION
  5
F4
102
{ACAD_REACTORS
330
F5
102
}
330
F3
100
AcDbEntity
  8
Top Solder
 62
   216
100
AcDbModelerGeometry
290
     1
  2
{8b2613b0-b753-4608-b7ec-f787fdc2faff}
  0
HATCH
  5
F5
330
F3
100
AcDbEntity
  8
Top Solder
 62
   216
100
AcDbHatch
 10
0.0
 20
0.0
 30
0.0
210
0.0
220
0.0
230
1.0
  2
SOLID
 70
     1
 71
     1
 91
        1
 92
        1
 93
        8
 72
     2
 10
-0.34025205
 20
-0.14975078
 40
0.19024854
 50
270.0
 51
360.0
 73
     1
 72
     1
 10
-0.15000351
 20
-0.14975078
 11
-0.15000351
 21
0.14975078
 72
     2
 10
-0.34025205
 20
0.14975078
 40
0.19024854
 50
0.0
 51
90.0
 73
     1
 72
     1
 10
-0.34025205
 20
0.33999932
 11
-0.60975367
 21
0.33999932
 72
     2
 10
-0.60975367
 20
0.14975078
 40
0.19024854
 50
90.0
 51
180.0
 73
     1
 72
     1
 10
-0.80000221
 20
0.1497507800000001
 11
-0.80000221
 21
-0.1497507799999999
 72
     2
 10
-0.60975367
 20
-0.14975078
 40
0.19024854
 50
180.0
 51
270.0
 73
     1
 72
     1
 10
-0.60975367
 20
-0.33999932
 11
-0.34025205
 21
-0.33999932
 97
        1
330
F4
 75
     0
 76
     1
 98
        0
  0
REGION
  5
F6
102
{ACAD_REACTORS
330
F7
102
}
330
F3
100
AcDbEntity
  8
Top Solder
 62
   216
100
AcDbModelerGeometry
290
     1
  2
{0dbd315a-2357-4235-84c7-b11a1485d4c9}
  0
HATCH
  5
F7
330
F3
100
AcDbEntity
  8
Top Solder
 62
   216
100
AcDbHatch
 10
0.0
 20
0.0
 30
0.0
210
0.0
220
0.0
230
1.0
  2
SOLID
 70
     1
 71
     1
 91
        1
 92
        1
 93
        8
 72
     2
 10
0.34025205
 20
0.14975078
 40
0.19024854
 50
90.0
 51
180.0
 73
     1
 72
     1
 10
0.15000351
 20
0.14975078
 11
0.15000351
 21
-0.14975078
 72
     2
 10
0.34025205
 20
-0.14975078
 40
0.19024854
 50
180.0
 51
270.0
 73
     1
 72
     1
 10
0.3402520499999999
 20
-0.33999932
 11
0.60975367
 21
-0.33999932
 72
     2
 10
0.60975367
 20
-0.14975078
 40
0.19024854
 50
270.0
 51
360.0
 73
     1
 72
     1
 10
0.80000221
 20
-0.14975078
 11
0.80000221
 21
0.14975078
 72
     2
 10
0.60975367
 20
0.14975078
 40
0.19024854
 50
0.0
 51
90.0
 73
     1
 72
     1
 10
0.60975367
 20
0.33999932
 11
0.34025205
 21
0.33999932
 97
        1
330
F6
 75
     0
 76
     1
 98
        0
  0
ENDBLK
  5
37A
330
F3
100
AcDbEntity
  8
0
100
AcDbBlockEnd
  0
BLOCK
  5
37B
330
F9
100
AcDbEntity
  8
0
100
AcDbBlockBegin
  2
RES_0402_3528
 70
     0
 10
0.0
 20
0.0
 30
0.0
  3
RES_0402_3528
  1

  0
REGION
  5
FA
102
{ACAD_REACTORS
330
FB
102
}
330
F9
100
AcDbEntity
  8
Top Solder
 62
   216
100
AcDbModelerGeometry
290
     1
  2
{284756f6-420f-4e9e-8336-94a11eb98f5f}
  0
HATCH
  5
FB
330
F9
100
AcDbEntity
  8
Top Solder
 62
   216
100
AcDbHatch
 10
0.0
 20
0.0
 30
0.0
210
0.0
220
0.0
230
1.0
  2
SOLID
 70
     1
 71
     1
 91
        1
 92
        1
 93
        8
 72
     2
 10
-0.34025205
 20
-0.14975078
 40
0.19024854
 50
270.0
 51
360.0
 73
     1
 72
     1
 10
-0.15000351
 20
-0.14975078
 11
-0.15000351
 21
0.14975078
 72
     2
 10
-0.34025205
 20
0.14975078
 40
0.19024854
 50
0.0
 51
90.0
 73
     1
 72
     1
 10
-0.34025205
 20
0.33999932
 11
-0.60975367
 21
0.33999932
 72
     2
 10
-0.60975367
 20
0.14975078
 40
0.19024854
 50
90.0
 51
180.0
 73
     1
 72
     1
 10
-0.80000221
 20
0.14975078
 11
-0.80000221
 21
-0.14975078
 72
     2
 10
-0.60975367
 20
-0.14975078
 40
0.19024854
 50
180.0
 51
270.0
 73
     1
 72
     1
 10
-0.60975367
 20
-0.33999932
 11
-0.34025205
 21
-0.33999932
 97
        1
330
FA
 75
     0
 76
     1
 98
        0
  0
REGION
  5
FC
102
{ACAD_REACTORS
330
FD
102
}
330
F9
100
AcDbEntity
  8
Top Solder
 62
   216
100
AcDbModelerGeometry
290
     1
  2
{8bf5847a-1c4b-43c6-a55b-4966d8a47bc2}
  0
HATCH
  5
FD
330
F9
100
AcDbEntity
  8
Top Solder
 62
   216
100
AcDbHatch
 10
0.0
 20
0.0
 30
0.0
210
0.0
220
0.0
230
1.0
  2
SOLID
 70
     1
 71
     1
 91
        1
 92
        1
 93
        8
 72
     2
 10
0.34025205
 20
0.14975078
 40
0.19024854
 50
90.0
 51
180.0
 73
     1
 72
     1
 10
0.15000351
 20
0.14975078
 11
0.15000351
 21
-0.14975078
 72
     2
 10
0.34025205
 20
-0.14975078
 40
0.19024854
 50
180.0
 51
270.0
 73
     1
 72
     1
 10
0.3402520499999999
 20
-0.33999932
 11
0.60975367
 21
-0.33999932
 72
     2
 10
0.60975367
 20
-0.14975078
 40
0.19024854
 50
270.0
 51
360.0
 73
     1
 72
     1
 10
0.80000221
 20
-0.14975078
 11
0.80000221
 21
0.14975078
 72
     2
 10
0.60975367
 20
0.14975078
 40
0.19024854
 50
0.0
 51
90.0
 73
     1
 72
     1
 10
0.60975367
 20
0.33999932
 11
0.34025205
 21
0.33999932
 97
        1
330
FC
 75
     0
 76
     1
 98
        0
  0
ENDBLK
  5
37C
330
F9
100
AcDbEntity
  8
0
100
AcDbBlockEnd
  0
BLOCK
  5
37D
330
FF
100
AcDbEntity
  8
0
100
AcDbBlockBegin
  2
RES_0402_3529
 70
     0
 10
0.0
 20
0.0
 30
0.0
  3
RES_0402_3529
  1

  0
REGION
  5
100
102
{ACAD_REACTORS
330
101
102
}
330
FF
100
AcDbEntity
  8
Top Solder
 62
   216
100
AcDbModelerGeometry
290
     1
  2
{4e6e2605-9f23-40d7-8390-4c2f22cfe116}
  0
HATCH
  5
101
330
FF
100
AcDbEntity
  8
Top Solder
 62
   216
100
AcDbHatch
 10
0.0
 20
0.0
 30
0.0
210
0.0
220
0.0
230
1.0
  2
SOLID
 70
     1
 71
     1
 91
        1
 92
        1
 93
        8
 72
     2
 10
-0.34025205
 20
-0.14975078
 40
0.19024854
 50
270.0
 51
360.0
 73
     1
 72
     1
 10
-0.15000351
 20
-0.14975078
 11
-0.15000351
 21
0.14975078
 72
     2
 10
-0.34025205
 20
0.14975078
 40
0.19024854
 50
0.0
 51
90.0
 73
     1
 72
     1
 10
-0.34025205
 20
0.33999932
 11
-0.60975367
 21
0.33999932
 72
     2
 10
-0.60975367
 20
0.14975078
 40
0.19024854
 50
90.0
 51
180.0
 73
     1
 72
     1
 10
-0.80000221
 20
0.1497507800000001
 11
-0.80000221
 21
-0.1497507799999999
 72
     2
 10
-0.60975367
 20
-0.14975078
 40
0.19024854
 50
180.0
 51
270.0
 73
     1
 72
     1
 10
-0.60975367
 20
-0.33999932
 11
-0.34025205
 21
-0.33999932
 97
        1
330
100
 75
     0
 76
     1
 98
        0
  0
REGION
  5
102
102
{ACAD_REACTORS
330
103
102
}
330
FF
100
AcDbEntity
  8
Top Solder
 62
   216
100
AcDbModelerGeometry
290
     1
  2
{00737b49-1ce6-4296-8db8-e35e096d54fa}
  0
HATCH
  5
103
330
FF
100
AcDbEntity
  8
Top Solder
 62
   216
100
AcDbHatch
 10
0.0
 20
0.0
 30
0.0
210
0.0
220
0.0
230
1.0
  2
SOLID
 70
     1
 71
     1
 91
        1
 92
        1
 93
        8
 72
     2
 10
0.34025205
 20
0.14975078
 40
0.19024854
 50
90.0
 51
180.0
 73
     1
 72
     1
 10
0.15000351
 20
0.14975078
 11
0.15000351
 21
-0.14975078
 72
     2
 10
0.34025205
 20
-0.14975078
 40
0.19024854
 50
180.0
 51
270.0
 73
     1
 72
     1
 10
0.3402520499999999
 20
-0.33999932
 11
0.60975367
 21
-0.33999932
 72
     2
 10
0.60975367
 20
-0.14975078
 40
0.19024854
 50
270.0
 51
360.0
 73
     1
 72
     1
 10
0.80000221
 20
-0.14975078
 11
0.80000221
 21
0.14975078
 72
     2
 10
0.60975367
 20
0.14975078
 40
0.19024854
 50
0.0
 51
90.0
 73
     1
 72
     1
 10
0.60975367
 20
0.33999932
 11
0.34025205
 21
0.33999932
 97
        1
330
102
 75
     0
 76
     1
 98
        0
  0
ENDBLK
  5
37E
330
FF
100
AcDbEntity
  8
0
100
AcDbBlockEnd
  0
BLOCK
  5
37F
330
105
100
AcDbEntity
  8
0
100
AcDbBlockBegin
  2
TP_1_00MM_B_3530
 70
     0
 10
0.0
 20
0.0
 30
0.0
  3
TP_1_00MM_B_3530
  1

  0
ENDBLK
  5
380
330
105
100
AcDbEntity
  8
0
100
AcDbBlockEnd
  0
BLOCK
  5
381
330
107
100
AcDbEntity
  8
0
100
AcDbBlockBegin
  2
TP_1_00MM_B_3531
 70
     0
 10
0.0
 20
0.0
 30
0.0
  3
TP_1_00MM_B_3531
  1

  0
ENDBLK
  5
382
330
107
100
AcDbEntity
  8
0
100
AcDbBlockEnd
  0
BLOCK
  5
383
330
109
100
AcDbEntity
  8
0
100
AcDbBlockBegin
  2
TP_1_00MM_B_3532
 70
     0
 10
0.0
 20
0.0
 30
0.0
  3
TP_1_00MM_B_3532
  1

  0
ENDBLK
  5
384
330
109
100
AcDbEntity
  8
0
100
AcDbBlockEnd
  0
BLOCK
  5
385
330
10B
100
AcDbEntity
  8
0
100
AcDbBlockBegin
  2
TP_1_00MM_B_3533
 70
     0
 10
0.0
 20
0.0
 30
0.0
  3
TP_1_00MM_B_3533
  1

  0
ENDBLK
  5
386
330
10B
100
AcDbEntity
  8
0
100
AcDbBlockEnd
  0
BLOCK
  5
387
330
10D
100
AcDbEntity
  8
0
100
AcDbBlockBegin
  2
TP_1_00MM_B_3534
 70
     0
 10
0.0
 20
0.0
 30
0.0
  3
TP_1_00MM_B_3534
  1

  0
ENDBLK
  5
388
330
10D
100
AcDbEntity
  8
0
100
AcDbBlockEnd
  0
BLOCK
  5
389
330
10F
100
AcDbEntity
  8
0
100
AcDbBlockBegin
  2
TP_1_00MM_B_3535
 70
     0
 10
0.0
 20
0.0
 30
0.0
  3
TP_1_00MM_B_3535
  1

  0
ENDBLK
  5
38A
330
10F
100
AcDbEntity
  8
0
100
AcDbBlockEnd
  0
BLOCK
  5
38B
330
111
100
AcDbEntity
  8
0
100
AcDbBlockBegin
  2
TP_1_00MM_B_3536
 70
     0
 10
0.0
 20
0.0
 30
0.0
  3
TP_1_00MM_B_3536
  1

  0
ENDBLK
  5
38C
330
111
100
AcDbEntity
  8
0
100
AcDbBlockEnd
  0
BLOCK
  5
38D
330
113
100
AcDbEntity
  8
0
100
AcDbBlockBegin
  2
TP_1_00MM_B_3537
 70
     0
 10
0.0
 20
0.0
 30
0.0
  3
TP_1_00MM_B_3537
  1

  0
ENDBLK
  5
38E
330
113
100
AcDbEntity
  8
0
100
AcDbBlockEnd
  0
BLOCK
  5
38F
330
115
100
AcDbEntity
  8
0
100
AcDbBlockBegin
  2
TP_1_00MM_B_3538
 70
     0
 10
0.0
 20
0.0
 30
0.0
  3
TP_1_00MM_B_3538
  1

  0
ENDBLK
  5
390
330
115
100
AcDbEntity
  8
0
100
AcDbBlockEnd
  0
BLOCK
  5
391
330
117
100
AcDbEntity
  8
0
100
AcDbBlockBegin
  2
TP_1_00MM_B_3539
 70
     0
 10
0.0
 20
0.0
 30
0.0
  3
TP_1_00MM_B_3539
  1

  0
ENDBLK
  5
392
330
117
100
AcDbEntity
  8
0
100
AcDbBlockEnd
  0
BLOCK
  5
393
330
119
100
AcDbEntity
  8
0
100
AcDbBlockBegin
  2
TP_1_00MM_B_3540
 70
     0
 10
0.0
 20
0.0
 30
0.0
  3
TP_1_00MM_B_3540
  1

  0
ENDBLK
  5
394
330
119
100
AcDbEntity
  8
0
100
AcDbBlockEnd
  0
BLOCK
  5
395
330
11B
100
AcDbEntity
  8
0
100
AcDbBlockBegin
  2
TP_1_00MM_B_3541
 70
     0
 10
0.0
 20
0.0
 30
0.0
  3
TP_1_00MM_B_3541
  1

  0
ENDBLK
  5
396
330
11B
100
AcDbEntity
  8
0
100
AcDbBlockEnd
  0
BLOCK
  5
397
330
11D
100
AcDbEntity
  8
0
100
AcDbBlockBegin
  2
TP_1_00MM_B_3542
 70
     0
 10
0.0
 20
0.0
 30
0.0
  3
TP_1_00MM_B_3542
  1

  0
ENDBLK
  5
398
330
11D
100
AcDbEntity
  8
0
100
AcDbBlockEnd
  0
BLOCK
  5
399
330
11F
100
AcDbEntity
  8
0
100
AcDbBlockBegin
  2
TP_1_00MM_B_3543
 70
     0
 10
0.0
 20
0.0
 30
0.0
  3
TP_1_00MM_B_3543
  1

  0
ENDBLK
  5
39A
330
11F
100
AcDbEntity
  8
0
100
AcDbBlockEnd
  0
BLOCK
  5
39B
330
121
100
AcDbEntity
  8
0
100
AcDbBlockBegin
  2
F_____________1___F_________1_3544
 70
     0
 10
0.0
 20
0.0
 30
0.0
  3
F_____________1___F_________1_3544
  1

  0
REGION
  5
122
102
{ACAD_REACTORS
330
123
102
}
330
121
100
AcDbEntity
  8
Top Solder
 62
   216
100
AcDbModelerGeometry
290
     1
  2
{4949d3be-0106-4e3b-9219-b06b4cd4325b}
  0
HATCH
  5
123
330
121
100
AcDbEntity
  8
Top Solder
 62
   216
100
AcDbHatch
 10
0.0
 20
0.0
 30
0.0
210
0.0
220
0.0
230
1.0
  2
SOLID
 70
     1
 71
     1
 91
        1
 92
        1
 93
        1
 72
     2
 10
0.0
 20
0.0
 40
0.999998
 50
0.0
 51
360.0
 73
     1
 97
        1
330
122
 75
     0
 76
     1
 98
        0
  0
ENDBLK
  5
39C
330
121
100
AcDbEntity
  8
0
100
AcDbBlockEnd
  0
BLOCK
  5
39D
330
125
100
AcDbEntity
  8
0
100
AcDbBlockBegin
  2
F_____________1___F_________1_3545
 70
     0
 10
0.0
 20
0.0
 30
0.0
  3
F_____________1___F_________1_3545
  1

  0
REGION
  5
126
102
{ACAD_REACTORS
330
127
102
}
330
125
100
AcDbEntity
  8
Top Solder
 62
   216
100
AcDbModelerGeometry
290
     1
  2
{e232931f-554c-40ed-9d64-fe6f574e813c}
  0
HATCH
  5
127
330
125
100
AcDbEntity
  8
Top Solder
 62
   216
100
AcDbHatch
 10
0.0
 20
0.0
 30
0.0
210
0.0
220
0.0
230
1.0
  2
SOLID
 70
     1
 71
     1
 91
        1
 92
        1
 93
        1
 72
     2
 10
0.0
 20
0.0
 40
0.999998
 50
0.0
 51
360.0
 73
     1
 97
        1
330
126
 75
     0
 76
     1
 98
        0
  0
ENDBLK
  5
39E
330
125
100
AcDbEntity
  8
0
100
AcDbBlockEnd
  0
BLOCK
  5
39F
330
129
100
AcDbEntity
  8
0
100
AcDbBlockBegin
  2
F_____________1___F_________1_3546
 70
     0
 10
0.0
 20
0.0
 30
0.0
  3
F_____________1___F_________1_3546
  1

  0
REGION
  5
12A
102
{ACAD_REACTORS
330
12B
102
}
330
129
100
AcDbEntity
  8
Top Solder
 62
   216
100
AcDbModelerGeometry
290
     1
  2
{564c7f0a-e390-4f32-af75-d0f416537fbd}
  0
HATCH
  5
12B
330
129
100
AcDbEntity
  8
Top Solder
 62
   216
100
AcDbHatch
 10
0.0
 20
0.0
 30
0.0
210
0.0
220
0.0
230
1.0
  2
SOLID
 70
     1
 71
     1
 91
        1
 92
        1
 93
        1
 72
     2
 10
0.0
 20
0.0
 40
0.999998
 50
0.0
 51
360.0
 73
     1
 97
        1
330
12A
 75
     0
 76
     1
 98
        0
  0
ENDBLK
  5
3A0
330
129
100
AcDbEntity
  8
0
100
AcDbBlockEnd
  0
BLOCK
  5
3A1
330
12D
100
AcDbEntity
  8
0
100
AcDbBlockBegin
  2
CAP_0603_3547
 70
     0
 10
0.0
 20
0.0
 30
0.0
  3
CAP_0603_3547
  1

  0
REGION
  5
12E
102
{ACAD_REACTORS
330
12F
102
}
330
12D
100
AcDbEntity
  8
Top Solder
 62
   216
100
AcDbModelerGeometry
290
     1
  2
{5448ac02-fe1f-47ab-8668-1135f560a122}
  0
HATCH
  5
12F
330
12D
100
AcDbEntity
  8
Top Solder
 62
   216
100
AcDbHatch
 10
0.0
 20
0.0
 30
0.0
210
0.0
220
0.0
230
1.0
  2
SOLID
 70
     1
 71
     1
 91
        1
 92
        1
 93
        8
 72
     2
 10
0.53685186
 20
0.26314908
 40
0.27185112
 50
90.0
 51
180.0
 73
     1
 72
     1
 10
0.26500074
 20
0.26314908
 11
0.26500074
 21
-0.2631490799999999
 72
     2
 10
0.53685186
 20
-0.26314908
 40
0.27185112
 50
180.0
 51
270.0
 73
     1
 72
     1
 10
0.53685186
 20
-0.5350002
 11
0.9631502200000001
 21
-0.5350002
 72
     2
 10
0.9631502200000001
 20
-0.26314908
 40
0.27185112
 50
270.0
 51
360.0
 73
     1
 72
     1
 10
1.23500134
 20
-0.26314908
 11
1.23500134
 21
0.26314908
 72
     2
 10
0.9631502200000001
 20
0.26314908
 40
0.27185112
 50
0.0
 51
90.0
 73
     1
 72
     1
 10
0.9631502200000001
 20
0.5350002
 11
0.53685186
 21
0.5350002
 97
        1
330
12E
 75
     0
 76
     1
 98
        0
  0
REGION
  5
130
102
{ACAD_REACTORS
330
131
102
}
330
12D
100
AcDbEntity
  8
Top Solder
 62
   216
100
AcDbModelerGeometry
290
     1
  2
{d3a01b42-254e-4e9e-a0cf-a7e172fbee99}
  0
HATCH
  5
131
330
12D
100
AcDbEntity
  8
Top Solder
 62
   216
100
AcDbHatch
 10
0.0
 20
0.0
 30
0.0
210
0.0
220
0.0
230
1.0
  2
SOLID
 70
     1
 71
     1
 91
        1
 92
        1
 93
        8
 72
     2
 10
-0.53685186
 20
-0.26314908
 40
0.27185112
 50
270.0
 51
360.0
 73
     1
 72
     1
 10
-0.26500074
 20
-0.26314908
 11
-0.26500074
 21
0.2631490799999999
 72
     2
 10
-0.53685186
 20
0.2631490799999999
 40
0.27185112
 50
0.0
 51
90.0
 73
     1
 72
     1
 10
-0.53685186
 20
0.5350001999999999
 11
-0.9631502200000001
 21
0.5350002
 72
     2
 10
-0.9631502200000001
 20
0.26314908
 40
0.27185112
 50
90.0
 51
180.0
 73
     1
 72
     1
 10
-1.23500134
 20
0.2631490800000001
 11
-1.23500134
 21
-0.2631490799999999
 72
     2
 10
-0.9631502200000001
 20
-0.2631490799999999
 40
0.27185112
 50
180.0
 51
270.0
 73
     1
 72
     1
 10
-0.9631502200000001
 20
-0.5350001999999999
 11
-0.53685186
 21
-0.5350002
 97
        1
330
130
 75
     0
 76
     1
 98
        0
  0
ENDBLK
  5
3A2
330
12D
100
AcDbEntity
  8
0
100
AcDbBlockEnd
  0
BLOCK
  5
3A3
330
133
100
AcDbEntity
  8
0
100
AcDbBlockBegin
  2
CAP_0402_3548
 70
     0
 10
0.0
 20
0.0
 30
0.0
  3
CAP_0402_3548
  1

  0
REGION
  5
134
102
{ACAD_REACTORS
330
135
102
}
330
133
100
AcDbEntity
  8
Top Solder
 62
   216
100
AcDbModelerGeometry
290
     1
  2
{7017f938-63cd-4689-97a4-0bdc4fd6a55e}
  0
HATCH
  5
135
330
133
100
AcDbEntity
  8
Top Solder
 62
   216
100
AcDbHatch
 10
0.0
 20
0.0
 30
0.0
210
0.0
220
0.0
230
1.0
  2
SOLID
 70
     1
 71
     1
 91
        1
 92
        1
 93
        8
 72
     2
 10
0.27080083
 20
0.13919962
 40
0.2007997
 50
90.0
 51
180.0
 73
     1
 72
     1
 10
0.07000113
 20
0.13919962
 11
0.07000113
 21
-0.1391996199999999
 72
     2
 10
0.27080083
 20
-0.13919962
 40
0.2007997
 50
180.0
 51
270.0
 73
     1
 72
     1
 10
0.2708008299999999
 20
-0.3399993199999999
 11
0.5991999699999999
 21
-0.3399993199999999
 72
     2
 10
0.5991999699999999
 20
-0.13919962
 40
0.2007997
 50
270.0
 51
360.0
 73
     1
 72
     1
 10
0.7999996699999998
 20
-0.13919962
 11
0.7999996699999998
 21
0.13919962
 72
     2
 10
0.5991999699999999
 20
0.13919962
 40
0.2007997
 50
0.0
 51
90.0
 73
     1
 72
     1
 10
0.5991999699999999
 20
0.3399993199999999
 11
0.27080083
 21
0.3399993199999999
 97
        1
330
134
 75
     0
 76
     1
 98
        0
  0
REGION
  5
136
102
{ACAD_REACTORS
330
137
102
}
330
133
100
AcDbEntity
  8
Top Solder
 62
   216
100
AcDbModelerGeometry
290
     1
  2
{208b56cb-e1f5-4512-9f11-e4360b08884a}
  0
HATCH
  5
137
330
133
100
AcDbEntity
  8
Top Solder
 62
   216
100
AcDbHatch
 10
0.0
 20
0.0
 30
0.0
210
0.0
220
0.0
230
1.0
  2
SOLID
 70
     1
 71
     1
 91
        1
 92
        1
 93
        8
 72
     2
 10
-0.27080083
 20
-0.13919962
 40
0.2007997
 50
270.0
 51
360.0
 73
     1
 72
     1
 10
-0.07000113
 20
-0.13919962
 11
-0.07000113
 21
0.13919962
 72
     2
 10
-0.27080083
 20
0.13919962
 40
0.2007997
 50
0.0
 51
90.0
 73
     1
 72
     1
 10
-0.27080083
 20
0.33999932
 11
-0.5991999699999999
 21
0.3399993199999999
 72
     2
 10
-0.5991999699999999
 20
0.13919962
 40
0.2007997
 50
90.0
 51
180.0
 73
     1
 72
     1
 10
-0.7999996699999998
 20
0.13919962
 11
-0.7999996699999998
 21
-0.1391996199999999
 72
     2
 10
-0.5991999699999999
 20
-0.13919962
 40
0.2007997
 50
180.0
 51
270.0
 73
     1
 72
     1
 10
-0.5991999699999999
 20
-0.33999932
 11
-0.27080083
 21
-0.3399993199999999
 97
        1
330
136
 75
     0
 76
     1
 98
        0
  0
ENDBLK
  5
3A4
330
133
100
AcDbEntity
  8
0
100
AcDbBlockEnd
  0
BLOCK
  5
3A5
330
139
100
AcDbEntity
  8
0
100
AcDbBlockBegin
  2
RES_0402_3549
 70
     0
 10
0.0
 20
0.0
 30
0.0
  3
RES_0402_3549
  1

  0
REGION
  5
13A
102
{ACAD_REACTORS
330
13B
102
}
330
139
100
AcDbEntity
  8
Top Solder
 62
   216
100
AcDbModelerGeometry
290
     1
  2
{5078d256-8bb9-4cfe-9d8d-c96d3877cc6c}
  0
HATCH
  5
13B
330
139
100
AcDbEntity
  8
Top Solder
 62
   216
100
AcDbHatch
 10
0.0
 20
0.0
 30
0.0
210
0.0
220
0.0
230
1.0
  2
SOLID
 70
     1
 71
     1
 91
        1
 92
        1
 93
        8
 72
     2
 10
0.34025205
 20
0.14975078
 40
0.19024854
 50
90.0
 51
180.0
 73
     1
 72
     1
 10
0.15000351
 20
0.14975078
 11
0.15000351
 21
-0.14975078
 72
     2
 10
0.34025205
 20
-0.14975078
 40
0.19024854
 50
180.0
 51
270.0
 73
     1
 72
     1
 10
0.3402520499999999
 20
-0.33999932
 11
0.60975367
 21
-0.33999932
 72
     2
 10
0.60975367
 20
-0.14975078
 40
0.19024854
 50
270.0
 51
360.0
 73
     1
 72
     1
 10
0.80000221
 20
-0.14975078
 11
0.80000221
 21
0.14975078
 72
     2
 10
0.60975367
 20
0.14975078
 40
0.19024854
 50
0.0
 51
90.0
 73
     1
 72
     1
 10
0.60975367
 20
0.33999932
 11
0.34025205
 21
0.33999932
 97
        1
330
13A
 75
     0
 76
     1
 98
        0
  0
REGION
  5
13C
102
{ACAD_REACTORS
330
13D
102
}
330
139
100
AcDbEntity
  8
Top Solder
 62
   216
100
AcDbModelerGeometry
290
     1
  2
{468f6a47-685e-4648-9cdb-627ea3284d12}
  0
HATCH
  5
13D
330
139
100
AcDbEntity
  8
Top Solder
 62
   216
100
AcDbHatch
 10
0.0
 20
0.0
 30
0.0
210
0.0
220
0.0
230
1.0
  2
SOLID
 70
     1
 71
     1
 91
        1
 92
        1
 93
        8
 72
     2
 10
-0.34025205
 20
-0.14975078
 40
0.19024854
 50
270.0
 51
360.0
 73
     1
 72
     1
 10
-0.15000351
 20
-0.14975078
 11
-0.15000351
 21
0.14975078
 72
     2
 10
-0.34025205
 20
0.14975078
 40
0.19024854
 50
0.0
 51
90.0
 73
     1
 72
     1
 10
-0.34025205
 20
0.33999932
 11
-0.60975367
 21
0.33999932
 72
     2
 10
-0.60975367
 20
0.14975078
 40
0.19024854
 50
90.0
 51
180.0
 73
     1
 72
     1
 10
-0.80000221
 20
0.1497507800000001
 11
-0.80000221
 21
-0.1497507799999999
 72
     2
 10
-0.60975367
 20
-0.14975078
 40
0.19024854
 50
180.0
 51
270.0
 73
     1
 72
     1
 10
-0.60975367
 20
-0.33999932
 11
-0.34025205
 21
-0.33999932
 97
        1
330
13C
 75
     0
 76
     1
 98
        0
  0
ENDBLK
  5
3A6
330
139
100
AcDbEntity
  8
0
100
AcDbBlockEnd
  0
BLOCK
  5
3A7
330
13F
100
AcDbEntity
  8
0
100
AcDbBlockBegin
  2
RES_0402_3550
 70
     0
 10
0.0
 20
0.0
 30
0.0
  3
RES_0402_3550
  1

  0
REGION
  5
140
102
{ACAD_REACTORS
330
141
102
}
330
13F
100
AcDbEntity
  8
Top Solder
 62
   216
100
AcDbModelerGeometry
290
     1
  2
{600b8abc-0109-4914-8379-1f7217b8430f}
  0
HATCH
  5
141
330
13F
100
AcDbEntity
  8
Top Solder
 62
   216
100
AcDbHatch
 10
0.0
 20
0.0
 30
0.0
210
0.0
220
0.0
230
1.0
  2
SOLID
 70
     1
 71
     1
 91
        1
 92
        1
 93
        8
 72
     2
 10
0.34025205
 20
0.14975078
 40
0.19024854
 50
90.0
 51
180.0
 73
     1
 72
     1
 10
0.15000351
 20
0.14975078
 11
0.15000351
 21
-0.14975078
 72
     2
 10
0.34025205
 20
-0.14975078
 40
0.19024854
 50
180.0
 51
270.0
 73
     1
 72
     1
 10
0.3402520499999999
 20
-0.33999932
 11
0.60975367
 21
-0.33999932
 72
     2
 10
0.60975367
 20
-0.14975078
 40
0.19024854
 50
270.0
 51
360.0
 73
     1
 72
     1
 10
0.80000221
 20
-0.14975078
 11
0.80000221
 21
0.14975078
 72
     2
 10
0.60975367
 20
0.14975078
 40
0.19024854
 50
0.0
 51
90.0
 73
     1
 72
     1
 10
0.60975367
 20
0.33999932
 11
0.34025205
 21
0.33999932
 97
        1
330
140
 75
     0
 76
     1
 98
        0
  0
REGION
  5
142
102
{ACAD_REACTORS
330
143
102
}
330
13F
100
AcDbEntity
  8
Top Solder
 62
   216
100
AcDbModelerGeometry
290
     1
  2
{9ea8b902-8a59-4db9-aad6-8d2f8f047395}
  0
HATCH
  5
143
330
13F
100
AcDbEntity
  8
Top Solder
 62
   216
100
AcDbHatch
 10
0.0
 20
0.0
 30
0.0
210
0.0
220
0.0
230
1.0
  2
SOLID
 70
     1
 71
     1
 91
        1
 92
        1
 93
        8
 72
     2
 10
-0.34025205
 20
-0.14975078
 40
0.19024854
 50
270.0
 51
360.0
 73
     1
 72
     1
 10
-0.15000351
 20
-0.14975078
 11
-0.15000351
 21
0.14975078
 72
     2
 10
-0.34025205
 20
0.14975078
 40
0.19024854
 50
0.0
 51
90.0
 73
     1
 72
     1
 10
-0.34025205
 20
0.33999932
 11
-0.60975367
 21
0.33999932
 72
     2
 10
-0.60975367
 20
0.14975078
 40
0.19024854
 50
90.0
 51
180.0
 73
     1
 72
     1
 10
-0.80000221
 20
0.1497507800000001
 11
-0.80000221
 21
-0.1497507799999999
 72
     2
 10
-0.60975367
 20
-0.14975078
 40
0.19024854
 50
180.0
 51
270.0
 73
     1
 72
     1
 10
-0.60975367
 20
-0.33999932
 11
-0.34025205
 21
-0.33999932
 97
        1
330
142
 75
     0
 76
     1
 98
        0
  0
ENDBLK
  5
3A8
330
13F
100
AcDbEntity
  8
0
100
AcDbBlockEnd
  0
BLOCK
  5
3A9
330
145
100
AcDbEntity
  8
0
100
AcDbBlockBegin
  2
RES_0402_3551
 70
     0
 10
0.0
 20
0.0
 30
0.0
  3
RES_0402_3551
  1

  0
REGION
  5
146
102
{ACAD_REACTORS
330
147
102
}
330
145
100
AcDbEntity
  8
Top Solder
 62
   216
100
AcDbModelerGeometry
290
     1
  2
{4fdc3673-b3b5-4f10-941b-3fd934e9b4c2}
  0
HATCH
  5
147
330
145
100
AcDbEntity
  8
Top Solder
 62
   216
100
AcDbHatch
 10
0.0
 20
0.0
 30
0.0
210
0.0
220
0.0
230
1.0
  2
SOLID
 70
     1
 71
     1
 91
        1
 92
        1
 93
        8
 72
     2
 10
0.34025205
 20
0.14974824
 40
0.19024854
 50
90.0
 51
180.0
 73
     1
 72
     1
 10
0.15000351
 20
0.14974824
 11
0.15000351
 21
-0.14975332
 72
     2
 10
0.34025205
 20
-0.14975332
 40
0.19024854
 50
180.0
 51
270.0
 73
     1
 72
     1
 10
0.3402520499999999
 20
-0.34000186
 11
0.60975367
 21
-0.34000186
 72
     2
 10
0.60975367
 20
-0.14975332
 40
0.19024854
 50
270.0
 51
360.0
 73
     1
 72
     1
 10
0.80000221
 20
-0.14975332
 11
0.80000221
 21
0.14974824
 72
     2
 10
0.60975367
 20
0.14974824
 40
0.19024854
 50
0.0
 51
90.0
 73
     1
 72
     1
 10
0.60975367
 20
0.33999678
 11
0.34025205
 21
0.33999678
 97
        1
330
146
 75
     0
 76
     1
 98
        0
  0
REGION
  5
148
102
{ACAD_REACTORS
330
149
102
}
330
145
100
AcDbEntity
  8
Top Solder
 62
   216
100
AcDbModelerGeometry
290
     1
  2
{eaca63cc-9b1e-4925-9d26-61478450367d}
  0
HATCH
  5
149
330
145
100
AcDbEntity
  8
Top Solder
 62
   216
100
AcDbHatch
 10
0.0
 20
0.0
 30
0.0
210
0.0
220
0.0
230
1.0
  2
SOLID
 70
     1
 71
     1
 91
        1
 92
        1
 93
        8
 72
     2
 10
-0.34025205
 20
-0.14975332
 40
0.19024854
 50
270.0
 51
360.0
 73
     1
 72
     1
 10
-0.15000351
 20
-0.14975332
 11
-0.15000351
 21
0.1497482399999999
 72
     2
 10
-0.34025205
 20
0.14974824
 40
0.19024854
 50
0.0
 51
90.0
 73
     1
 72
     1
 10
-0.34025205
 20
0.33999678
 11
-0.60975367
 21
0.33999678
 72
     2
 10
-0.60975367
 20
0.14974824
 40
0.19024854
 50
90.0
 51
180.0
 73
     1
 72
     1
 10
-0.80000221
 20
0.14974824
 11
-0.80000221
 21
-0.14975332
 72
     2
 10
-0.60975367
 20
-0.14975332
 40
0.19024854
 50
180.0
 51
270.0
 73
     1
 72
     1
 10
-0.60975367
 20
-0.34000186
 11
-0.34025205
 21
-0.34000186
 97
        1
330
148
 75
     0
 76
     1
 98
        0
  0
ENDBLK
  5
3AA
330
145
100
AcDbEntity
  8
0
100
AcDbBlockEnd
  0
BLOCK
  5
3AB
330
14B
100
AcDbEntity
  8
0
100
AcDbBlockBegin
  2
RES_0402_3552
 70
     0
 10
0.0
 20
0.0
 30
0.0
  3
RES_0402_3552
  1

  0
REGION
  5
14C
102
{ACAD_REACTORS
330
14D
102
}
330
14B
100
AcDbEntity
  8
Top Solder
 62
   216
100
AcDbModelerGeometry
290
     1
  2
{35595cb1-403b-4ca7-8d10-1d3227fd8d39}
  0
HATCH
  5
14D
330
14B
100
AcDbEntity
  8
Top Solder
 62
   216
100
AcDbHatch
 10
0.0
 20
0.0
 30
0.0
210
0.0
220
0.0
230
1.0
  2
SOLID
 70
     1
 71
     1
 91
        1
 92
        1
 93
        8
 72
     2
 10
0.34025205
 20
0.14975078
 40
0.19024854
 50
90.0
 51
180.0
 73
     1
 72
     1
 10
0.15000351
 20
0.14975078
 11
0.15000351
 21
-0.14975078
 72
     2
 10
0.34025205
 20
-0.14975078
 40
0.19024854
 50
180.0
 51
270.0
 73
     1
 72
     1
 10
0.3402520499999999
 20
-0.33999932
 11
0.60975367
 21
-0.33999932
 72
     2
 10
0.60975367
 20
-0.14975078
 40
0.19024854
 50
270.0
 51
360.0
 73
     1
 72
     1
 10
0.80000221
 20
-0.14975078
 11
0.80000221
 21
0.14975078
 72
     2
 10
0.60975367
 20
0.14975078
 40
0.19024854
 50
0.0
 51
90.0
 73
     1
 72
     1
 10
0.60975367
 20
0.33999932
 11
0.34025205
 21
0.33999932
 97
        1
330
14C
 75
     0
 76
     1
 98
        0
  0
REGION
  5
14E
102
{ACAD_REACTORS
330
14F
102
}
330
14B
100
AcDbEntity
  8
Top Solder
 62
   216
100
AcDbModelerGeometry
290
     1
  2
{03e37174-e66a-48bd-bb92-64e7d1592570}
  0
HATCH
  5
14F
330
14B
100
AcDbEntity
  8
Top Solder
 62
   216
100
AcDbHatch
 10
0.0
 20
0.0
 30
0.0
210
0.0
220
0.0
230
1.0
  2
SOLID
 70
     1
 71
     1
 91
        1
 92
        1
 93
        8
 72
     2
 10
-0.34025205
 20
-0.14975078
 40
0.19024854
 50
270.0
 51
360.0
 73
     1
 72
     1
 10
-0.15000351
 20
-0.14975078
 11
-0.15000351
 21
0.14975078
 72
     2
 10
-0.34025205
 20
0.14975078
 40
0.19024854
 50
0.0
 51
90.0
 73
     1
 72
     1
 10
-0.34025205
 20
0.33999932
 11
-0.60975367
 21
0.33999932
 72
     2
 10
-0.60975367
 20
0.14975078
 40
0.19024854
 50
90.0
 51
180.0
 73
     1
 72
     1
 10
-0.80000221
 20
0.1497507800000001
 11
-0.80000221
 21
-0.1497507799999999
 72
     2
 10
-0.60975367
 20
-0.14975078
 40
0.19024854
 50
180.0
 51
270.0
 73
     1
 72
     1
 10
-0.60975367
 20
-0.33999932
 11
-0.34025205
 21
-0.33999932
 97
        1
330
14E
 75
     0
 76
     1
 98
        0
  0
ENDBLK
  5
3AC
330
14B
100
AcDbEntity
  8
0
100
AcDbBlockEnd
  0
BLOCK
  5
3AD
330
151
100
AcDbEntity
  8
0
100
AcDbBlockBegin
  2
RES_0402_3553
 70
     0
 10
0.0
 20
0.0
 30
0.0
  3
RES_0402_3553
  1

  0
REGION
  5
152
102
{ACAD_REACTORS
330
153
102
}
330
151
100
AcDbEntity
  8
Top Solder
 62
   216
100
AcDbModelerGeometry
290
     1
  2
{8488a903-d42f-4e90-a4aa-09e0d4793211}
  0
HATCH
  5
153
330
151
100
AcDbEntity
  8
Top Solder
 62
   216
100
AcDbHatch
 10
0.0
 20
0.0
 30
0.0
210
0.0
220
0.0
230
1.0
  2
SOLID
 70
     1
 71
     1
 91
        1
 92
        1
 93
        8
 72
     2
 10
0.34025205
 20
0.14975332
 40
0.19024854
 50
90.0
 51
180.0
 73
     1
 72
     1
 10
0.15000351
 20
0.14975332
 11
0.15000351
 21
-0.14974824
 72
     2
 10
0.34025205
 20
-0.14974824
 40
0.19024854
 50
180.0
 51
270.0
 73
     1
 72
     1
 10
0.3402520499999999
 20
-0.33999678
 11
0.60975367
 21
-0.33999678
 72
     2
 10
0.60975367
 20
-0.14974824
 40
0.19024854
 50
270.0
 51
360.0
 73
     1
 72
     1
 10
0.80000221
 20
-0.14974824
 11
0.80000221
 21
0.14975332
 72
     2
 10
0.60975367
 20
0.14975332
 40
0.19024854
 50
0.0
 51
90.0
 73
     1
 72
     1
 10
0.60975367
 20
0.34000186
 11
0.34025205
 21
0.34000186
 97
        1
330
152
 75
     0
 76
     1
 98
        0
  0
REGION
  5
154
102
{ACAD_REACTORS
330
155
102
}
330
151
100
AcDbEntity
  8
Top Solder
 62
   216
100
AcDbModelerGeometry
290
     1
  2
{2d98b99e-93a2-4b24-b5a5-2a61789ed495}
  0
HATCH
  5
155
330
151
100
AcDbEntity
  8
Top Solder
 62
   216
100
AcDbHatch
 10
0.0
 20
0.0
 30
0.0
210
0.0
220
0.0
230
1.0
  2
SOLID
 70
     1
 71
     1
 91
        1
 92
        1
 93
        8
 72
     2
 10
-0.34025205
 20
-0.14974824
 40
0.19024854
 50
270.0
 51
360.0
 73
     1
 72
     1
 10
-0.15000351
 20
-0.14974824
 11
-0.15000351
 21
0.14975332
 72
     2
 10
-0.34025205
 20
0.14975332
 40
0.19024854
 50
0.0
 51
90.0
 73
     1
 72
     1
 10
-0.34025205
 20
0.34000186
 11
-0.60975367
 21
0.34000186
 72
     2
 10
-0.60975367
 20
0.14975332
 40
0.19024854
 50
90.0
 51
180.0
 73
     1
 72
     1
 10
-0.80000221
 20
0.14975332
 11
-0.80000221
 21
-0.1497482399999999
 72
     2
 10
-0.60975367
 20
-0.14974824
 40
0.19024854
 50
180.0
 51
270.0
 73
     1
 72
     1
 10
-0.60975367
 20
-0.33999678
 11
-0.34025205
 21
-0.33999678
 97
        1
330
154
 75
     0
 76
     1
 98
        0
  0
ENDBLK
  5
3AE
330
151
100
AcDbEntity
  8
0
100
AcDbBlockEnd
  0
BLOCK
  5
3AF
330
157
100
AcDbEntity
  8
0
100
AcDbBlockBegin
  2
RES_0402_3554
 70
     0
 10
0.0
 20
0.0
 30
0.0
  3
RES_0402_3554
  1

  0
REGION
  5
158
102
{ACAD_REACTORS
330
159
102
}
330
157
100
AcDbEntity
  8
Top Solder
 62
   216
100
AcDbModelerGeometry
290
     1
  2
{b01656fc-6166-4a7a-9069-95e45d595ef5}
  0
HATCH
  5
159
330
157
100
AcDbEntity
  8
Top Solder
 62
   216
100
AcDbHatch
 10
0.0
 20
0.0
 30
0.0
210
0.0
220
0.0
230
1.0
  2
SOLID
 70
     1
 71
     1
 91
        1
 92
        1
 93
        8
 72
     2
 10
0.34025205
 20
0.14975078
 40
0.19024854
 50
90.0
 51
180.0
 73
     1
 72
     1
 10
0.15000351
 20
0.14975078
 11
0.15000351
 21
-0.14975078
 72
     2
 10
0.34025205
 20
-0.14975078
 40
0.19024854
 50
180.0
 51
270.0
 73
     1
 72
     1
 10
0.3402520499999999
 20
-0.33999932
 11
0.60975367
 21
-0.33999932
 72
     2
 10
0.60975367
 20
-0.14975078
 40
0.19024854
 50
270.0
 51
360.0
 73
     1
 72
     1
 10
0.80000221
 20
-0.14975078
 11
0.80000221
 21
0.14975078
 72
     2
 10
0.60975367
 20
0.14975078
 40
0.19024854
 50
0.0
 51
90.0
 73
     1
 72
     1
 10
0.60975367
 20
0.33999932
 11
0.34025205
 21
0.33999932
 97
        1
330
158
 75
     0
 76
     1
 98
        0
  0
REGION
  5
15A
102
{ACAD_REACTORS
330
15B
102
}
330
157
100
AcDbEntity
  8
Top Solder
 62
   216
100
AcDbModelerGeometry
290
     1
  2
{d6557e88-62b6-40b8-bc95-9b528db588ed}
  0
HATCH
  5
15B
330
157
100
AcDbEntity
  8
Top Solder
 62
   216
100
AcDbHatch
 10
0.0
 20
0.0
 30
0.0
210
0.0
220
0.0
230
1.0
  2
SOLID
 70
     1
 71
     1
 91
        1
 92
        1
 93
        8
 72
     2
 10
-0.34025205
 20
-0.14975078
 40
0.19024854
 50
270.0
 51
360.0
 73
     1
 72
     1
 10
-0.15000351
 20
-0.14975078
 11
-0.15000351
 21
0.14975078
 72
     2
 10
-0.34025205
 20
0.14975078
 40
0.19024854
 50
0.0
 51
90.0
 73
     1
 72
     1
 10
-0.34025205
 20
0.33999932
 11
-0.60975367
 21
0.33999932
 72
     2
 10
-0.60975367
 20
0.14975078
 40
0.19024854
 50
90.0
 51
180.0
 73
     1
 72
     1
 10
-0.80000221
 20
0.1497507800000001
 11
-0.80000221
 21
-0.1497507799999999
 72
     2
 10
-0.60975367
 20
-0.14975078
 40
0.19024854
 50
180.0
 51
270.0
 73
     1
 72
     1
 10
-0.60975367
 20
-0.33999932
 11
-0.34025205
 21
-0.33999932
 97
        1
330
15A
 75
     0
 76
     1
 98
        0
  0
ENDBLK
  5
3B0
330
157
100
AcDbEntity
  8
0
100
AcDbBlockEnd
  0
BLOCK
  5
3B1
330
15D
100
AcDbEntity
  8
0
100
AcDbBlockBegin
  2
UFQFPN20_3555
 70
     0
 10
0.0
 20
0.0
 30
0.0
  3
UFQFPN20_3555
  1

  0
LINE
  5
15E
330
15D
100
AcDbEntity
  8
Top Solder
100
AcDbLine
 10
-0.8500008399999999
 20
-1.09975904
 30
0.0
 11
-0.84019898
 21
-1.10072424
 31
0.0
  0
LINE
  5
15F
330
15D
100
AcDbEntity
  8
Top Solder
100
AcDbLine
 10
-0.84019898
 20
-1.10072424
 30
0.0
 11
-0.83077558
 21
-1.10358428
 31
0.0
  0
LINE
  5
160
330
15D
100
AcDbEntity
  8
Top Solder
100
AcDbLine
 10
-0.83077558
 20
-1.10358428
 30
0.0
 11
-0.8220887799999999
 21
-1.1082274
 31
0.0
  0
LINE
  5
161
330
15D
100
AcDbEntity
  8
Top Solder
100
AcDbLine
 10
-0.8220887799999999
 20
-1.1082274
 30
0.0
 11
-0.81447386
 21
-1.11447326
 31
0.0
  0
LINE
  5
162
330
15D
100
AcDbEntity
  8
Top Solder
100
AcDbLine
 10
-0.81447386
 20
-1.11447326
 30
0.0
 11
-0.808228
 21
-1.12208818
 31
0.0
  0
LINE
  5
163
330
15D
100
AcDbEntity
  8
Top Solder
100
AcDbLine
 10
-0.808228
 20
-1.12208818
 30
0.0
 11
-0.8035848799999998
 21
-1.13077498
 31
0.0
  0
LINE
  5
164
330
15D
100
AcDbEntity
  8
Top Solder
100
AcDbLine
 10
-0.8035848799999998
 20
-1.13077498
 30
0.0
 11
-0.80072484
 21
-1.14019838
 31
0.0
  0
LINE
  5
165
330
15D
100
AcDbEntity
  8
Top Solder
100
AcDbLine
 10
-0.80072484
 20
-1.14019838
 30
0.0
 11
-0.7997596399999999
 21
-1.15000024
 31
0.0
  0
LINE
  5
166
330
15D
100
AcDbEntity
  8
Top Solder
100
AcDbLine
 10
-0.7997596399999999
 20
-1.15000024
 30
0.0
 11
-0.7997596399999999
 21
-1.64999924
 31
0.0
  0
LINE
  5
167
330
15D
100
AcDbEntity
  8
Top Solder
100
AcDbLine
 10
-0.7997596399999999
 20
-1.64999924
 30
0.0
 11
-0.80072484
 21
-1.6598011
 31
0.0
  0
LINE
  5
168
330
15D
100
AcDbEntity
  8
Top Solder
100
AcDbLine
 10
-0.80072484
 20
-1.6598011
 30
0.0
 11
-0.8035848799999998
 21
-1.6692245
 31
0.0
  0
LINE
  5
169
330
15D
100
AcDbEntity
  8
Top Solder
100
AcDbLine
 10
-0.8035848799999998
 20
-1.6692245
 30
0.0
 11
-0.808228
 21
-1.6779113
 31
0.0
  0
LINE
  5
16A
330
15D
100
AcDbEntity
  8
Top Solder
100
AcDbLine
 10
-0.808228
 20
-1.6779113
 30
0.0
 11
-0.81447386
 21
-1.68552622
 31
0.0
  0
LINE
  5
16B
330
15D
100
AcDbEntity
  8
Top Solder
100
AcDbLine
 10
-0.81447386
 20
-1.68552622
 30
0.0
 11
-0.8220887799999999
 21
-1.69177208
 31
0.0
  0
LINE
  5
16C
330
15D
100
AcDbEntity
  8
Top Solder
100
AcDbLine
 10
-0.8220887799999999
 20
-1.69177208
 30
0.0
 11
-0.83077558
 21
-1.6964152
 31
0.0
  0
LINE
  5
16D
330
15D
100
AcDbEntity
  8
Top Solder
100
AcDbLine
 10
-0.83077558
 20
-1.6964152
 30
0.0
 11
-0.84019898
 21
-1.69927524
 31
0.0
  0
LINE
  5
16E
330
15D
100
AcDbEntity
  8
Top Solder
100
AcDbLine
 10
-0.84019898
 20
-1.69927524
 30
0.0
 11
-0.8500008399999999
 21
-1.70024044
 31
0.0
  0
LINE
  5
16F
330
15D
100
AcDbEntity
  8
Top Solder
100
AcDbLine
 10
-0.8500008399999999
 20
-1.70024044
 30
0.0
 11
-1.15000024
 21
-1.70024044
 31
0.0
  0
LINE
  5
170
330
15D
100
AcDbEntity
  8
Top Solder
100
AcDbLine
 10
-1.15000024
 20
-1.70024044
 30
0.0
 11
-1.1598021
 21
-1.69927524
 31
0.0
  0
LINE
  5
171
330
15D
100
AcDbEntity
  8
Top Solder
100
AcDbLine
 10
-1.1598021
 20
-1.69927524
 30
0.0
 11
-1.1692255
 21
-1.6964152
 31
0.0
  0
LINE
  5
172
330
15D
100
AcDbEntity
  8
Top Solder
100
AcDbLine
 10
-1.1692255
 20
-1.6964152
 30
0.0
 11
-1.1779123
 21
-1.69177208
 31
0.0
  0
LINE
  5
173
330
15D
100
AcDbEntity
  8
Top Solder
100
AcDbLine
 10
-1.1779123
 20
-1.69177208
 30
0.0
 11
-1.18552722
 21
-1.68552622
 31
0.0
  0
LINE
  5
174
330
15D
100
AcDbEntity
  8
Top Solder
100
AcDbLine
 10
-1.18552722
 20
-1.68552622
 30
0.0
 11
-1.19177308
 21
-1.6779113
 31
0.0
  0
LINE
  5
175
330
15D
100
AcDbEntity
  8
Top Solder
100
AcDbLine
 10
-1.19177308
 20
-1.6779113
 30
0.0
 11
-1.1964162
 21
-1.6692245
 31
0.0
  0
LINE
  5
176
330
15D
100
AcDbEntity
  8
Top Solder
100
AcDbLine
 10
-1.1964162
 20
-1.6692245
 30
0.0
 11
-1.19927624
 21
-1.6598011
 31
0.0
  0
LINE
  5
177
330
15D
100
AcDbEntity
  8
Top Solder
100
AcDbLine
 10
-1.19927624
 20
-1.6598011
 30
0.0
 11
-1.20024144
 21
-1.64999924
 31
0.0
  0
LINE
  5
178
330
15D
100
AcDbEntity
  8
Top Solder
100
AcDbLine
 10
-1.20024144
 20
-1.64999924
 30
0.0
 11
-1.20024144
 21
-1.30002534
 31
0.0
  0
LINE
  5
179
330
15D
100
AcDbEntity
  8
Top Solder
100
AcDbLine
 10
-1.20024144
 20
-1.30002534
 30
0.0
 11
-1.20024398
 21
-1.29999994
 31
0.0
  0
LINE
  5
17A
330
15D
100
AcDbEntity
  8
Top Solder
100
AcDbLine
 10
-1.20024398
 20
-1.29999994
 30
0.0
 11
-1.19975884
 21
-1.29510028
 31
0.0
  0
LINE
  5
17B
330
15D
100
AcDbEntity
  8
Top Solder
100
AcDbLine
 10
-1.19975884
 20
-1.29510028
 30
0.0
 11
-1.19927624
 21
-1.29019808
 31
0.0
  0
LINE
  5
17C
330
15D
100
AcDbEntity
  8
Top Solder
100
AcDbLine
 10
-1.19927624
 20
-1.29019808
 30
0.0
 11
-1.19708168
 21
-1.2829667
 31
0.0
  0
LINE
  5
17D
330
15D
100
AcDbEntity
  8
Top Solder
100
AcDbLine
 10
-1.19708168
 20
-1.2829667
 30
0.0
 11
-1.1964162
 21
-1.28077214
 31
0.0
  0
LINE
  5
17E
330
15D
100
AcDbEntity
  8
Top Solder
100
AcDbLine
 10
-1.1964162
 20
-1.28077214
 30
0.0
 11
-1.19177562
 21
-1.27208788
 31
0.0
  0
LINE
  5
17F
330
15D
100
AcDbEntity
  8
Top Solder
100
AcDbLine
 10
-1.19177562
 20
-1.27208788
 30
0.0
 11
-1.18552722
 21
-1.26447296
 31
0.0
  0
LINE
  5
180
330
15D
100
AcDbEntity
  8
Top Solder
100
AcDbLine
 10
-1.18552722
 20
-1.26447296
 30
0.0
 11
-1.03554022
 21
-1.1144885
 31
0.0
  0
LINE
  5
181
330
15D
100
AcDbEntity
  8
Top Solder
100
AcDbLine
 10
-1.03554022
 20
-1.1144885
 30
0.0
 11
-1.03552752
 21
-1.11447326
 31
0.0
  0
LINE
  5
182
330
15D
100
AcDbEntity
  8
Top Solder
100
AcDbLine
 10
-1.03552752
 20
-1.11447326
 30
0.0
 11
-1.0279126
 21
-1.1082274
 31
0.0
  0
LINE
  5
183
330
15D
100
AcDbEntity
  8
Top Solder
100
AcDbLine
 10
-1.0279126
 20
-1.1082274
 30
0.0
 11
-1.0192258
 21
-1.10358428
 31
0.0
  0
LINE
  5
184
330
15D
100
AcDbEntity
  8
Top Solder
100
AcDbLine
 10
-1.0192258
 20
-1.10358428
 30
0.0
 11
-1.0098024
 21
-1.10072424
 31
0.0
  0
LINE
  5
185
330
15D
100
AcDbEntity
  8
Top Solder
100
AcDbLine
 10
-1.0098024
 20
-1.10072424
 30
0.0
 11
-1.00000054
 21
-1.09975904
 31
0.0
  0
LINE
  5
186
330
15D
100
AcDbEntity
  8
Top Solder
100
AcDbLine
 10
-1.00000054
 20
-1.09975904
 30
0.0
 11
-0.8500008399999999
 21
-1.09975904
 31
0.0
  0
REGION
  5
187
102
{ACAD_REACTORS
330
188
102
}
330
15D
100
AcDbEntity
  8
Top Solder
 62
   216
100
AcDbModelerGeometry
290
     1
  2
{af2e9ef1-1f9e-4e29-a91d-49016ce60042}
  0
HATCH
  5
188
330
15D
100
AcDbEntity
  8
Top Solder
 62
   216
100
AcDbHatch
 10
0.0
 20
0.0
 30
0.0
210
0.0
220
0.0
230
1.0
  2
SOLID
 70
     1
 71
     1
 91
        1
 92
        1
 93
        4
 72
     1
 10
-0.6999985999999999
 20
-0.8999994699999999
 11
-0.2999994
 21
-0.8999994699999999
 72
     1
 10
-0.2999994
 20
-0.8999994699999999
 11
-0.2999994
 21
-1.70000041
 72
     1
 10
-0.2999994
 20
-1.70000041
 11
-0.6999985999999999
 21
-1.70000041
 72
     1
 10
-0.6999985999999999
 20
-1.70000041
 11
-0.6999985999999999
 21
-0.8999994699999999
 97
        1
330
187
 75
     0
 76
     1
 98
        0
  0
LINE
  5
189
330
15D
100
AcDbEntity
  8
Top Solder
100
AcDbLine
 10
-1.15000024
 20
-0.7997596399999999
 30
0.0
 11
-1.14019838
 21
-0.80072484
 31
0.0
  0
LINE
  5
18A
330
15D
100
AcDbEntity
  8
Top Solder
100
AcDbLine
 10
-1.14019838
 20
-0.80072484
 30
0.0
 11
-1.13077498
 21
-0.8035848799999998
 31
0.0
  0
LINE
  5
18B
330
15D
100
AcDbEntity
  8
Top Solder
100
AcDbLine
 10
-1.13077498
 20
-0.8035848799999998
 30
0.0
 11
-1.12208818
 21
-0.808228
 31
0.0
  0
LINE
  5
18C
330
15D
100
AcDbEntity
  8
Top Solder
100
AcDbLine
 10
-1.12208818
 20
-0.808228
 30
0.0
 11
-1.11447326
 21
-0.81447386
 31
0.0
  0
LINE
  5
18D
330
15D
100
AcDbEntity
  8
Top Solder
100
AcDbLine
 10
-1.11447326
 20
-0.81447386
 30
0.0
 11
-1.1082274
 21
-0.8220887799999999
 31
0.0
  0
LINE
  5
18E
330
15D
100
AcDbEntity
  8
Top Solder
100
AcDbLine
 10
-1.1082274
 20
-0.8220887799999999
 30
0.0
 11
-1.10358428
 21
-0.83077558
 31
0.0
  0
LINE
  5
18F
330
15D
100
AcDbEntity
  8
Top Solder
100
AcDbLine
 10
-1.10358428
 20
-0.83077558
 30
0.0
 11
-1.10072424
 21
-0.84019898
 31
0.0
  0
LINE
  5
190
330
15D
100
AcDbEntity
  8
Top Solder
100
AcDbLine
 10
-1.10072424
 20
-0.84019898
 30
0.0
 11
-1.09975904
 21
-0.8500008399999999
 31
0.0
  0
LINE
  5
191
330
15D
100
AcDbEntity
  8
Top Solder
100
AcDbLine
 10
-1.09975904
 20
-0.8500008399999999
 30
0.0
 11
-1.09975904
 21
-1.00000054
 31
0.0
  0
LINE
  5
192
330
15D
100
AcDbEntity
  8
Top Solder
100
AcDbLine
 10
-1.09975904
 20
-1.00000054
 30
0.0
 11
-1.10072424
 21
-1.0098024
 31
0.0
  0
LINE
  5
193
330
15D
100
AcDbEntity
  8
Top Solder
100
AcDbLine
 10
-1.10072424
 20
-1.0098024
 30
0.0
 11
-1.10358428
 21
-1.0192258
 31
0.0
  0
LINE
  5
194
330
15D
100
AcDbEntity
  8
Top Solder
100
AcDbLine
 10
-1.10358428
 20
-1.0192258
 30
0.0
 11
-1.1082274
 21
-1.0279126
 31
0.0
  0
LINE
  5
195
330
15D
100
AcDbEntity
  8
Top Solder
100
AcDbLine
 10
-1.1082274
 20
-1.0279126
 30
0.0
 11
-1.11447326
 21
-1.03552752
 31
0.0
  0
LINE
  5
196
330
15D
100
AcDbEntity
  8
Top Solder
100
AcDbLine
 10
-1.11447326
 20
-1.03552752
 30
0.0
 11
-1.1144885
 21
-1.03554022
 31
0.0
  0
LINE
  5
197
330
15D
100
AcDbEntity
  8
Top Solder
100
AcDbLine
 10
-1.1144885
 20
-1.03554022
 30
0.0
 11
-1.26447296
 21
-1.18552722
 31
0.0
  0
LINE
  5
198
330
15D
100
AcDbEntity
  8
Top Solder
100
AcDbLine
 10
-1.26447296
 20
-1.18552722
 30
0.0
 11
-1.27208788
 21
-1.19177562
 31
0.0
  0
LINE
  5
199
330
15D
100
AcDbEntity
  8
Top Solder
100
AcDbLine
 10
-1.27208788
 20
-1.19177562
 30
0.0
 11
-1.28077214
 21
-1.1964162
 31
0.0
  0
LINE
  5
19A
330
15D
100
AcDbEntity
  8
Top Solder
100
AcDbLine
 10
-1.28077214
 20
-1.1964162
 30
0.0
 11
-1.2829667
 21
-1.19708168
 31
0.0
  0
LINE
  5
19B
330
15D
100
AcDbEntity
  8
Top Solder
100
AcDbLine
 10
-1.2829667
 20
-1.19708168
 30
0.0
 11
-1.29019808
 21
-1.19927624
 31
0.0
  0
LINE
  5
19C
330
15D
100
AcDbEntity
  8
Top Solder
100
AcDbLine
 10
-1.29019808
 20
-1.19927624
 30
0.0
 11
-1.29510028
 21
-1.19975884
 31
0.0
  0
LINE
  5
19D
330
15D
100
AcDbEntity
  8
Top Solder
100
AcDbLine
 10
-1.29510028
 20
-1.19975884
 30
0.0
 11
-1.29999994
 21
-1.20024398
 31
0.0
  0
LINE
  5
19E
330
15D
100
AcDbEntity
  8
Top Solder
100
AcDbLine
 10
-1.29999994
 20
-1.20024398
 30
0.0
 11
-1.30002534
 21
-1.20024144
 31
0.0
  0
LINE
  5
19F
330
15D
100
AcDbEntity
  8
Top Solder
100
AcDbLine
 10
-1.30002534
 20
-1.20024144
 30
0.0
 11
-1.64999924
 21
-1.20024144
 31
0.0
  0
LINE
  5
1A0
330
15D
100
AcDbEntity
  8
Top Solder
100
AcDbLine
 10
-1.64999924
 20
-1.20024144
 30
0.0
 11
-1.6598011
 21
-1.19927624
 31
0.0
  0
LINE
  5
1A1
330
15D
100
AcDbEntity
  8
Top Solder
100
AcDbLine
 10
-1.6598011
 20
-1.19927624
 30
0.0
 11
-1.6692245
 21
-1.1964162
 31
0.0
  0
LINE
  5
1A2
330
15D
100
AcDbEntity
  8
Top Solder
100
AcDbLine
 10
-1.6692245
 20
-1.1964162
 30
0.0
 11
-1.6779113
 21
-1.19177308
 31
0.0
  0
LINE
  5
1A3
330
15D
100
AcDbEntity
  8
Top Solder
100
AcDbLine
 10
-1.6779113
 20
-1.19177308
 30
0.0
 11
-1.68552622
 21
-1.18552722
 31
0.0
  0
LINE
  5
1A4
330
15D
100
AcDbEntity
  8
Top Solder
100
AcDbLine
 10
-1.68552622
 20
-1.18552722
 30
0.0
 11
-1.69177208
 21
-1.1779123
 31
0.0
  0
LINE
  5
1A5
330
15D
100
AcDbEntity
  8
Top Solder
100
AcDbLine
 10
-1.69177208
 20
-1.1779123
 30
0.0
 11
-1.6964152
 21
-1.1692255
 31
0.0
  0
LINE
  5
1A6
330
15D
100
AcDbEntity
  8
Top Solder
100
AcDbLine
 10
-1.6964152
 20
-1.1692255
 30
0.0
 11
-1.69927524
 21
-1.1598021
 31
0.0
  0
LINE
  5
1A7
330
15D
100
AcDbEntity
  8
Top Solder
100
AcDbLine
 10
-1.69927524
 20
-1.1598021
 30
0.0
 11
-1.70024044
 21
-1.15000024
 31
0.0
  0
LINE
  5
1A8
330
15D
100
AcDbEntity
  8
Top Solder
100
AcDbLine
 10
-1.70024044
 20
-1.15000024
 30
0.0
 11
-1.70024044
 21
-0.8500008399999999
 31
0.0
  0
LINE
  5
1A9
330
15D
100
AcDbEntity
  8
Top Solder
100
AcDbLine
 10
-1.70024044
 20
-0.8500008399999999
 30
0.0
 11
-1.69927524
 21
-0.84019898
 31
0.0
  0
LINE
  5
1AA
330
15D
100
AcDbEntity
  8
Top Solder
100
AcDbLine
 10
-1.69927524
 20
-0.84019898
 30
0.0
 11
-1.6964152
 21
-0.83077558
 31
0.0
  0
LINE
  5
1AB
330
15D
100
AcDbEntity
  8
Top Solder
100
AcDbLine
 10
-1.6964152
 20
-0.83077558
 30
0.0
 11
-1.69177208
 21
-0.8220887799999999
 31
0.0
  0
LINE
  5
1AC
330
15D
100
AcDbEntity
  8
Top Solder
100
AcDbLine
 10
-1.69177208
 20
-0.8220887799999999
 30
0.0
 11
-1.68552622
 21
-0.81447386
 31
0.0
  0
LINE
  5
1AD
330
15D
100
AcDbEntity
  8
Top Solder
100
AcDbLine
 10
-1.68552622
 20
-0.81447386
 30
0.0
 11
-1.6779113
 21
-0.808228
 31
0.0
  0
LINE
  5
1AE
330
15D
100
AcDbEntity
  8
Top Solder
100
AcDbLine
 10
-1.6779113
 20
-0.808228
 30
0.0
 11
-1.6692245
 21
-0.8035848799999998
 31
0.0
  0
LINE
  5
1AF
330
15D
100
AcDbEntity
  8
Top Solder
100
AcDbLine
 10
-1.6692245
 20
-0.8035848799999998
 30
0.0
 11
-1.6598011
 21
-0.80072484
 31
0.0
  0
LINE
  5
1B0
330
15D
100
AcDbEntity
  8
Top Solder
100
AcDbLine
 10
-1.6598011
 20
-0.80072484
 30
0.0
 11
-1.64999924
 21
-0.7997596399999999
 31
0.0
  0
LINE
  5
1B1
330
15D
100
AcDbEntity
  8
Top Solder
100
AcDbLine
 10
-1.64999924
 20
-0.7997596399999999
 30
0.0
 11
-1.15000024
 21
-0.7997596399999999
 31
0.0
  0
REGION
  5
1B2
102
{ACAD_REACTORS
330
1B3
102
}
330
15D
100
AcDbEntity
  8
Top Solder
 62
   216
100
AcDbModelerGeometry
290
     1
  2
{6499a290-db8d-453c-912f-1f97c0eb3de5}
  0
HATCH
  5
1B3
330
15D
100
AcDbEntity
  8
Top Solder
 62
   216
100
AcDbHatch
 10
0.0
 20
0.0
 30
0.0
210
0.0
220
0.0
230
1.0
  2
SOLID
 70
     1
 71
     1
 91
        1
 92
        1
 93
        4
 72
     1
 10
-1.70000041
 20
0.2999994
 11
-1.70000041
 21
0.6999985999999999
 72
     1
 10
-1.70000041
 20
0.6999985999999999
 11
-0.8999994699999999
 21
0.6999985999999999
 72
     1
 10
-0.8999994699999999
 20
0.6999985999999999
 11
-0.8999994699999999
 21
0.2999994
 72
     1
 10
-0.8999994699999999
 20
0.2999994
 11
-1.70000041
 21
0.2999994
 97
        1
330
1B2
 75
     0
 76
     1
 98
        0
  0
REGION
  5
1B4
102
{ACAD_REACTORS
330
1B5
102
}
330
15D
100
AcDbEntity
  8
Top Solder
 62
   216
100
AcDbModelerGeometry
290
     1
  2
{764dbbdc-3501-400d-904e-7f91e3033142}
  0
HATCH
  5
1B5
330
15D
100
AcDbEntity
  8
Top Solder
 62
   216
100
AcDbHatch
 10
0.0
 20
0.0
 30
0.0
210
0.0
220
0.0
230
1.0
  2
SOLID
 70
     1
 71
     1
 91
        1
 92
        1
 93
        4
 72
     1
 10
-1.70000041
 20
-0.1999996
 11
-1.70000041
 21
0.1999996
 72
     1
 10
-1.70000041
 20
0.1999996
 11
-0.8999994699999999
 21
0.1999996
 72
     1
 10
-0.8999994699999999
 20
0.1999996
 11
-0.8999994699999999
 21
-0.1999996
 72
     1
 10
-0.8999994699999999
 20
-0.1999996
 11
-1.70000041
 21
-0.1999996
 97
        1
330
1B4
 75
     0
 76
     1
 98
        0
  0
REGION
  5
1B6
102
{ACAD_REACTORS
330
1B7
102
}
330
15D
100
AcDbEntity
  8
Top Solder
 62
   216
100
AcDbModelerGeometry
290
     1
  2
{bf7d0cd2-0f65-4296-b09b-c371c573d246}
  0
HATCH
  5
1B7
330
15D
100
AcDbEntity
  8
Top Solder
 62
   216
100
AcDbHatch
 10
0.0
 20
0.0
 30
0.0
210
0.0
220
0.0
230
1.0
  2
SOLID
 70
     1
 71
     1
 91
        1
 92
        1
 93
        4
 72
     1
 10
-1.70000041
 20
-0.6999985999999999
 11
-1.70000041
 21
-0.2999994
 72
     1
 10
-1.70000041
 20
-0.2999994
 11
-0.8999994699999999
 21
-0.2999994
 72
     1
 10
-0.8999994699999999
 20
-0.2999994
 11
-0.8999994699999999
 21
-0.6999985999999999
 72
     1
 10
-0.8999994699999999
 20
-0.6999985999999999
 11
-1.70000041
 21
-0.6999985999999999
 97
        1
330
1B6
 75
     0
 76
     1
 98
        0
  0
REGION
  5
1B8
102
{ACAD_REACTORS
330
1B9
102
}
330
15D
100
AcDbEntity
  8
Top Solder
 62
   216
100
AcDbModelerGeometry
290
     1
  2
{2a3c2f74-1bcd-4045-a336-c09c79d31aa3}
  0
HATCH
  5
1B9
330
15D
100
AcDbEntity
  8
Top Solder
 62
   216
100
AcDbHatch
 10
0.0
 20
0.0
 30
0.0
210
0.0
220
0.0
230
1.0
  2
SOLID
 70
     1
 71
     1
 91
        1
 92
        1
 93
        4
 72
     1
 10
-0.1999996
 20
-0.8999994699999999
 11
0.1999996
 21
-0.8999994699999999
 72
     1
 10
0.1999996
 20
-0.8999994699999999
 11
0.1999996
 21
-1.70000041
 72
     1
 10
0.1999996
 20
-1.70000041
 11
-0.1999996
 21
-1.70000041
 72
     1
 10
-0.1999996
 20
-1.70000041
 11
-0.1999996
 21
-0.8999994699999999
 97
        1
330
1B8
 75
     0
 76
     1
 98
        0
  0
REGION
  5
1BA
102
{ACAD_REACTORS
330
1BB
102
}
330
15D
100
AcDbEntity
  8
Top Solder
 62
   216
100
AcDbModelerGeometry
290
     1
  2
{48dfd535-2549-48d7-b2f1-4dff989d8f7c}
  0
HATCH
  5
1BB
330
15D
100
AcDbEntity
  8
Top Solder
 62
   216
100
AcDbHatch
 10
0.0
 20
0.0
 30
0.0
210
0.0
220
0.0
230
1.0
  2
SOLID
 70
     1
 71
     1
 91
        1
 92
        1
 93
        4
 72
     1
 10
0.2999994
 20
-0.8999994699999999
 11
0.6999985999999999
 21
-0.8999994699999999
 72
     1
 10
0.6999985999999999
 20
-0.8999994699999999
 11
0.6999985999999999
 21
-1.70000041
 72
     1
 10
0.6999985999999999
 20
-1.70000041
 11
0.2999994
 21
-1.70000041
 72
     1
 10
0.2999994
 20
-1.70000041
 11
0.2999994
 21
-0.8999994699999999
 97
        1
330
1BA
 75
     0
 76
     1
 98
        0
  0
LINE
  5
1BC
330
15D
100
AcDbEntity
  8
Top Solder
100
AcDbLine
 10
1.00000054
 20
-1.0997565
 30
0.0
 11
1.0049002
 21
-1.10024164
 31
0.0
  0
LINE
  5
1BD
330
15D
100
AcDbEntity
  8
Top Solder
100
AcDbLine
 10
1.0049002
 20
-1.10024164
 30
0.0
 11
1.0098024
 21
-1.10072424
 31
0.0
  0
LINE
  5
1BE
330
15D
100
AcDbEntity
  8
Top Solder
100
AcDbLine
 10
1.0098024
 20
-1.10072424
 30
0.0
 11
1.01703378
 21
-1.1029188
 31
0.0
  0
LINE
  5
1BF
330
15D
100
AcDbEntity
  8
Top Solder
100
AcDbLine
 10
1.01703378
 20
-1.1029188
 30
0.0
 11
1.01922834
 21
-1.10358428
 31
0.0
  0
LINE
  5
1C0
330
15D
100
AcDbEntity
  8
Top Solder
100
AcDbLine
 10
1.01922834
 20
-1.10358428
 30
0.0
 11
1.0279126
 21
-1.10822486
 31
0.0
  0
LINE
  5
1C1
330
15D
100
AcDbEntity
  8
Top Solder
100
AcDbLine
 10
1.0279126
 20
-1.10822486
 30
0.0
 11
1.03552752
 21
-1.11447326
 31
0.0
  0
LINE
  5
1C2
330
15D
100
AcDbEntity
  8
Top Solder
100
AcDbLine
 10
1.03552752
 20
-1.11447326
 30
0.0
 11
1.18551198
 21
-1.26446026
 31
0.0
  0
LINE
  5
1C3
330
15D
100
AcDbEntity
  8
Top Solder
100
AcDbLine
 10
1.18551198
 20
-1.26446026
 30
0.0
 11
1.18552722
 21
-1.26447296
 31
0.0
  0
LINE
  5
1C4
330
15D
100
AcDbEntity
  8
Top Solder
100
AcDbLine
 10
1.18552722
 20
-1.26447296
 30
0.0
 11
1.19177308
 21
-1.27208788
 31
0.0
  0
LINE
  5
1C5
330
15D
100
AcDbEntity
  8
Top Solder
100
AcDbLine
 10
1.19177308
 20
-1.27208788
 30
0.0
 11
1.1964162
 21
-1.28077468
 31
0.0
  0
LINE
  5
1C6
330
15D
100
AcDbEntity
  8
Top Solder
100
AcDbLine
 10
1.1964162
 20
-1.28077468
 30
0.0
 11
1.19927624
 21
-1.29019808
 31
0.0
  0
LINE
  5
1C7
330
15D
100
AcDbEntity
  8
Top Solder
100
AcDbLine
 10
1.19927624
 20
-1.29019808
 30
0.0
 11
1.20024144
 21
-1.29999994
 31
0.0
  0
LINE
  5
1C8
330
15D
100
AcDbEntity
  8
Top Solder
100
AcDbLine
 10
1.20024144
 20
-1.29999994
 30
0.0
 11
1.20024144
 21
-1.64999924
 31
0.0
  0
LINE
  5
1C9
330
15D
100
AcDbEntity
  8
Top Solder
100
AcDbLine
 10
1.20024144
 20
-1.64999924
 30
0.0
 11
1.19927624
 21
-1.6598011
 31
0.0
  0
LINE
  5
1CA
330
15D
100
AcDbEntity
  8
Top Solder
100
AcDbLine
 10
1.19927624
 20
-1.6598011
 30
0.0
 11
1.1964162
 21
-1.6692245
 31
0.0
  0
LINE
  5
1CB
330
15D
100
AcDbEntity
  8
Top Solder
100
AcDbLine
 10
1.1964162
 20
-1.6692245
 30
0.0
 11
1.19177308
 21
-1.6779113
 31
0.0
  0
LINE
  5
1CC
330
15D
100
AcDbEntity
  8
Top Solder
100
AcDbLine
 10
1.19177308
 20
-1.6779113
 30
0.0
 11
1.18552722
 21
-1.68552622
 31
0.0
  0
LINE
  5
1CD
330
15D
100
AcDbEntity
  8
Top Solder
100
AcDbLine
 10
1.18552722
 20
-1.68552622
 30
0.0
 11
1.1779123
 21
-1.69177208
 31
0.0
  0
LINE
  5
1CE
330
15D
100
AcDbEntity
  8
Top Solder
100
AcDbLine
 10
1.1779123
 20
-1.69177208
 30
0.0
 11
1.1692255
 21
-1.6964152
 31
0.0
  0
LINE
  5
1CF
330
15D
100
AcDbEntity
  8
Top Solder
100
AcDbLine
 10
1.1692255
 20
-1.6964152
 30
0.0
 11
1.1598021
 21
-1.69927524
 31
0.0
  0
LINE
  5
1D0
330
15D
100
AcDbEntity
  8
Top Solder
100
AcDbLine
 10
1.1598021
 20
-1.69927524
 30
0.0
 11
1.15000024
 21
-1.70024044
 31
0.0
  0
LINE
  5
1D1
330
15D
100
AcDbEntity
  8
Top Solder
100
AcDbLine
 10
1.15000024
 20
-1.70024044
 30
0.0
 11
0.8500008399999999
 21
-1.70024044
 31
0.0
  0
LINE
  5
1D2
330
15D
100
AcDbEntity
  8
Top Solder
100
AcDbLine
 10
0.8500008399999999
 20
-1.70024044
 30
0.0
 11
0.84019898
 21
-1.69927524
 31
0.0
  0
LINE
  5
1D3
330
15D
100
AcDbEntity
  8
Top Solder
100
AcDbLine
 10
0.84019898
 20
-1.69927524
 30
0.0
 11
0.83077558
 21
-1.6964152
 31
0.0
  0
LINE
  5
1D4
330
15D
100
AcDbEntity
  8
Top Solder
100
AcDbLine
 10
0.83077558
 20
-1.6964152
 30
0.0
 11
0.8220887799999999
 21
-1.69177208
 31
0.0
  0
LINE
  5
1D5
330
15D
100
AcDbEntity
  8
Top Solder
100
AcDbLine
 10
0.8220887799999999
 20
-1.69177208
 30
0.0
 11
0.81447386
 21
-1.68552622
 31
0.0
  0
LINE
  5
1D6
330
15D
100
AcDbEntity
  8
Top Solder
100
AcDbLine
 10
0.81447386
 20
-1.68552622
 30
0.0
 11
0.808228
 21
-1.6779113
 31
0.0
  0
LINE
  5
1D7
330
15D
100
AcDbEntity
  8
Top Solder
100
AcDbLine
 10
0.808228
 20
-1.6779113
 30
0.0
 11
0.8035848799999998
 21
-1.6692245
 31
0.0
  0
LINE
  5
1D8
330
15D
100
AcDbEntity
  8
Top Solder
100
AcDbLine
 10
0.8035848799999998
 20
-1.6692245
 30
0.0
 11
0.80072484
 21
-1.6598011
 31
0.0
  0
LINE
  5
1D9
330
15D
100
AcDbEntity
  8
Top Solder
100
AcDbLine
 10
0.80072484
 20
-1.6598011
 30
0.0
 11
0.7997596399999999
 21
-1.64999924
 31
0.0
  0
LINE
  5
1DA
330
15D
100
AcDbEntity
  8
Top Solder
100
AcDbLine
 10
0.7997596399999999
 20
-1.64999924
 30
0.0
 11
0.7997596399999999
 21
-1.15000024
 31
0.0
  0
LINE
  5
1DB
330
15D
100
AcDbEntity
  8
Top Solder
100
AcDbLine
 10
0.7997596399999999
 20
-1.15000024
 30
0.0
 11
0.80072484
 21
-1.14019838
 31
0.0
  0
LINE
  5
1DC
330
15D
100
AcDbEntity
  8
Top Solder
100
AcDbLine
 10
0.80072484
 20
-1.14019838
 30
0.0
 11
0.8035848799999998
 21
-1.13077498
 31
0.0
  0
LINE
  5
1DD
330
15D
100
AcDbEntity
  8
Top Solder
100
AcDbLine
 10
0.8035848799999998
 20
-1.13077498
 30
0.0
 11
0.808228
 21
-1.12208818
 31
0.0
  0
LINE
  5
1DE
330
15D
100
AcDbEntity
  8
Top Solder
100
AcDbLine
 10
0.808228
 20
-1.12208818
 30
0.0
 11
0.81447386
 21
-1.11447326
 31
0.0
  0
LINE
  5
1DF
330
15D
100
AcDbEntity
  8
Top Solder
100
AcDbLine
 10
0.81447386
 20
-1.11447326
 30
0.0
 11
0.8220887799999999
 21
-1.1082274
 31
0.0
  0
LINE
  5
1E0
330
15D
100
AcDbEntity
  8
Top Solder
100
AcDbLine
 10
0.8220887799999999
 20
-1.1082274
 30
0.0
 11
0.83077558
 21
-1.10358428
 31
0.0
  0
LINE
  5
1E1
330
15D
100
AcDbEntity
  8
Top Solder
100
AcDbLine
 10
0.83077558
 20
-1.10358428
 30
0.0
 11
0.84019898
 21
-1.10072424
 31
0.0
  0
LINE
  5
1E2
330
15D
100
AcDbEntity
  8
Top Solder
100
AcDbLine
 10
0.84019898
 20
-1.10072424
 30
0.0
 11
0.8500008399999999
 21
-1.09975904
 31
0.0
  0
LINE
  5
1E3
330
15D
100
AcDbEntity
  8
Top Solder
100
AcDbLine
 10
0.8500008399999999
 20
-1.09975904
 30
0.0
 11
0.9999751399999999
 21
-1.09975904
 31
0.0
  0
LINE
  5
1E4
330
15D
100
AcDbEntity
  8
Top Solder
100
AcDbLine
 10
0.9999751399999999
 20
-1.09975904
 30
0.0
 11
1.00000054
 21
-1.0997565
 31
0.0
  0
REGION
  5
1E5
102
{ACAD_REACTORS
330
1E6
102
}
330
15D
100
AcDbEntity
  8
Top Solder
 62
   216
100
AcDbModelerGeometry
290
     1
  2
{33ce64d8-22cd-44c6-a063-8657d88de7fe}
  0
HATCH
  5
1E6
330
15D
100
AcDbEntity
  8
Top Solder
 62
   216
100
AcDbHatch
 10
0.0
 20
0.0
 30
0.0
210
0.0
220
0.0
230
1.0
  2
SOLID
 70
     1
 71
     1
 91
        1
 92
        1
 93
        4
 72
     1
 10
0.8999994699999999
 20
0.2999994
 11
0.8999994699999999
 21
0.6999985999999999
 72
     1
 10
0.8999994699999999
 20
0.6999985999999999
 11
1.70000041
 21
0.6999985999999999
 72
     1
 10
1.70000041
 20
0.6999985999999999
 11
1.70000041
 21
0.2999994
 72
     1
 10
1.70000041
 20
0.2999994
 11
0.8999994699999999
 21
0.2999994
 97
        1
330
1E5
 75
     0
 76
     1
 98
        0
  0
LINE
  5
1E7
330
15D
100
AcDbEntity
  8
Top Solder
100
AcDbLine
 10
1.64999924
 20
1.20024144
 30
0.0
 11
1.6598011
 21
1.19927624
 31
0.0
  0
LINE
  5
1E8
330
15D
100
AcDbEntity
  8
Top Solder
100
AcDbLine
 10
1.6598011
 20
1.19927624
 30
0.0
 11
1.6692245
 21
1.1964162
 31
0.0
  0
LINE
  5
1E9
330
15D
100
AcDbEntity
  8
Top Solder
100
AcDbLine
 10
1.6692245
 20
1.1964162
 30
0.0
 11
1.6779113
 21
1.19177308
 31
0.0
  0
LINE
  5
1EA
330
15D
100
AcDbEntity
  8
Top Solder
100
AcDbLine
 10
1.6779113
 20
1.19177308
 30
0.0
 11
1.68552622
 21
1.18552722
 31
0.0
  0
LINE
  5
1EB
330
15D
100
AcDbEntity
  8
Top Solder
100
AcDbLine
 10
1.68552622
 20
1.18552722
 30
0.0
 11
1.69177208
 21
1.1779123
 31
0.0
  0
LINE
  5
1EC
330
15D
100
AcDbEntity
  8
Top Solder
100
AcDbLine
 10
1.69177208
 20
1.1779123
 30
0.0
 11
1.6964152
 21
1.1692255
 31
0.0
  0
LINE
  5
1ED
330
15D
100
AcDbEntity
  8
Top Solder
100
AcDbLine
 10
1.6964152
 20
1.1692255
 30
0.0
 11
1.69927524
 21
1.1598021
 31
0.0
  0
LINE
  5
1EE
330
15D
100
AcDbEntity
  8
Top Solder
100
AcDbLine
 10
1.69927524
 20
1.1598021
 30
0.0
 11
1.70024044
 21
1.15000024
 31
0.0
  0
LINE
  5
1EF
330
15D
100
AcDbEntity
  8
Top Solder
100
AcDbLine
 10
1.70024044
 20
1.15000024
 30
0.0
 11
1.70024044
 21
0.8500008399999999
 31
0.0
  0
LINE
  5
1F0
330
15D
100
AcDbEntity
  8
Top Solder
100
AcDbLine
 10
1.70024044
 20
0.8500008399999999
 30
0.0
 11
1.69927524
 21
0.84019898
 31
0.0
  0
LINE
  5
1F1
330
15D
100
AcDbEntity
  8
Top Solder
100
AcDbLine
 10
1.69927524
 20
0.84019898
 30
0.0
 11
1.6964152
 21
0.83077558
 31
0.0
  0
LINE
  5
1F2
330
15D
100
AcDbEntity
  8
Top Solder
100
AcDbLine
 10
1.6964152
 20
0.83077558
 30
0.0
 11
1.69177208
 21
0.8220887799999999
 31
0.0
  0
LINE
  5
1F3
330
15D
100
AcDbEntity
  8
Top Solder
100
AcDbLine
 10
1.69177208
 20
0.8220887799999999
 30
0.0
 11
1.68552622
 21
0.81447386
 31
0.0
  0
LINE
  5
1F4
330
15D
100
AcDbEntity
  8
Top Solder
100
AcDbLine
 10
1.68552622
 20
0.81447386
 30
0.0
 11
1.6779113
 21
0.808228
 31
0.0
  0
LINE
  5
1F5
330
15D
100
AcDbEntity
  8
Top Solder
100
AcDbLine
 10
1.6779113
 20
0.808228
 30
0.0
 11
1.6692245
 21
0.8035848799999998
 31
0.0
  0
LINE
  5
1F6
330
15D
100
AcDbEntity
  8
Top Solder
100
AcDbLine
 10
1.6692245
 20
0.8035848799999998
 30
0.0
 11
1.6598011
 21
0.80072484
 31
0.0
  0
LINE
  5
1F7
330
15D
100
AcDbEntity
  8
Top Solder
100
AcDbLine
 10
1.6598011
 20
0.80072484
 30
0.0
 11
1.64999924
 21
0.7997596399999999
 31
0.0
  0
LINE
  5
1F8
330
15D
100
AcDbEntity
  8
Top Solder
100
AcDbLine
 10
1.64999924
 20
0.7997596399999999
 30
0.0
 11
1.15000024
 21
0.7997596399999999
 31
0.0
  0
LINE
  5
1F9
330
15D
100
AcDbEntity
  8
Top Solder
100
AcDbLine
 10
1.15000024
 20
0.7997596399999999
 30
0.0
 11
1.14019838
 21
0.80072484
 31
0.0
  0
LINE
  5
1FA
330
15D
100
AcDbEntity
  8
Top Solder
100
AcDbLine
 10
1.14019838
 20
0.80072484
 30
0.0
 11
1.13077498
 21
0.8035848799999998
 31
0.0
  0
LINE
  5
1FB
330
15D
100
AcDbEntity
  8
Top Solder
100
AcDbLine
 10
1.13077498
 20
0.8035848799999998
 30
0.0
 11
1.12208818
 21
0.808228
 31
0.0
  0
LINE
  5
1FC
330
15D
100
AcDbEntity
  8
Top Solder
100
AcDbLine
 10
1.12208818
 20
0.808228
 30
0.0
 11
1.11447326
 21
0.81447386
 31
0.0
  0
LINE
  5
1FD
330
15D
100
AcDbEntity
  8
Top Solder
100
AcDbLine
 10
1.11447326
 20
0.81447386
 30
0.0
 11
1.1082274
 21
0.8220887799999999
 31
0.0
  0
LINE
  5
1FE
330
15D
100
AcDbEntity
  8
Top Solder
100
AcDbLine
 10
1.1082274
 20
0.8220887799999999
 30
0.0
 11
1.10358428
 21
0.83077558
 31
0.0
  0
LINE
  5
1FF
330
15D
100
AcDbEntity
  8
Top Solder
100
AcDbLine
 10
1.10358428
 20
0.83077558
 30
0.0
 11
1.10072424
 21
0.84019898
 31
0.0
  0
LINE
  5
200
330
15D
100
AcDbEntity
  8
Top Solder
100
AcDbLine
 10
1.10072424
 20
0.84019898
 30
0.0
 11
1.09975904
 21
0.8500008399999999
 31
0.0
  0
LINE
  5
201
330
15D
100
AcDbEntity
  8
Top Solder
100
AcDbLine
 10
1.09975904
 20
0.8500008399999999
 30
0.0
 11
1.09975904
 21
0.9999751399999999
 31
0.0
  0
LINE
  5
202
330
15D
100
AcDbEntity
  8
Top Solder
100
AcDbLine
 10
1.09975904
 20
0.9999751399999999
 30
0.0
 11
1.0997565
 21
1.00000054
 31
0.0
  0
LINE
  5
203
330
15D
100
AcDbEntity
  8
Top Solder
100
AcDbLine
 10
1.0997565
 20
1.00000054
 30
0.0
 11
1.10024164
 21
1.0049002
 31
0.0
  0
LINE
  5
204
330
15D
100
AcDbEntity
  8
Top Solder
100
AcDbLine
 10
1.10024164
 20
1.0049002
 30
0.0
 11
1.10072424
 21
1.0098024
 31
0.0
  0
LINE
  5
205
330
15D
100
AcDbEntity
  8
Top Solder
100
AcDbLine
 10
1.10072424
 20
1.0098024
 30
0.0
 11
1.1029188
 21
1.01703378
 31
0.0
  0
LINE
  5
206
330
15D
100
AcDbEntity
  8
Top Solder
100
AcDbLine
 10
1.1029188
 20
1.01703378
 30
0.0
 11
1.10358428
 21
1.01922834
 31
0.0
  0
LINE
  5
207
330
15D
100
AcDbEntity
  8
Top Solder
100
AcDbLine
 10
1.10358428
 20
1.01922834
 30
0.0
 11
1.10822486
 21
1.0279126
 31
0.0
  0
LINE
  5
208
330
15D
100
AcDbEntity
  8
Top Solder
100
AcDbLine
 10
1.10822486
 20
1.0279126
 30
0.0
 11
1.11447326
 21
1.03552752
 31
0.0
  0
LINE
  5
209
330
15D
100
AcDbEntity
  8
Top Solder
100
AcDbLine
 10
1.11447326
 20
1.03552752
 30
0.0
 11
1.26446026
 21
1.18551198
 31
0.0
  0
LINE
  5
20A
330
15D
100
AcDbEntity
  8
Top Solder
100
AcDbLine
 10
1.26446026
 20
1.18551198
 30
0.0
 11
1.26447296
 21
1.18552722
 31
0.0
  0
LINE
  5
20B
330
15D
100
AcDbEntity
  8
Top Solder
100
AcDbLine
 10
1.26447296
 20
1.18552722
 30
0.0
 11
1.27208788
 21
1.19177308
 31
0.0
  0
LINE
  5
20C
330
15D
100
AcDbEntity
  8
Top Solder
100
AcDbLine
 10
1.27208788
 20
1.19177308
 30
0.0
 11
1.28077468
 21
1.1964162
 31
0.0
  0
LINE
  5
20D
330
15D
100
AcDbEntity
  8
Top Solder
100
AcDbLine
 10
1.28077468
 20
1.1964162
 30
0.0
 11
1.29019808
 21
1.19927624
 31
0.0
  0
LINE
  5
20E
330
15D
100
AcDbEntity
  8
Top Solder
100
AcDbLine
 10
1.29019808
 20
1.19927624
 30
0.0
 11
1.29999994
 21
1.20024144
 31
0.0
  0
LINE
  5
20F
330
15D
100
AcDbEntity
  8
Top Solder
100
AcDbLine
 10
1.29999994
 20
1.20024144
 30
0.0
 11
1.64999924
 21
1.20024144
 31
0.0
  0
LINE
  5
210
330
15D
100
AcDbEntity
  8
Top Solder
100
AcDbLine
 10
1.15000024
 20
1.70024044
 30
0.0
 11
1.1598021
 21
1.69927524
 31
0.0
  0
LINE
  5
211
330
15D
100
AcDbEntity
  8
Top Solder
100
AcDbLine
 10
1.1598021
 20
1.69927524
 30
0.0
 11
1.1692255
 21
1.6964152
 31
0.0
  0
LINE
  5
212
330
15D
100
AcDbEntity
  8
Top Solder
100
AcDbLine
 10
1.1692255
 20
1.6964152
 30
0.0
 11
1.1779123
 21
1.69177208
 31
0.0
  0
LINE
  5
213
330
15D
100
AcDbEntity
  8
Top Solder
100
AcDbLine
 10
1.1779123
 20
1.69177208
 30
0.0
 11
1.18552722
 21
1.68552622
 31
0.0
  0
LINE
  5
214
330
15D
100
AcDbEntity
  8
Top Solder
100
AcDbLine
 10
1.18552722
 20
1.68552622
 30
0.0
 11
1.19177308
 21
1.6779113
 31
0.0
  0
LINE
  5
215
330
15D
100
AcDbEntity
  8
Top Solder
100
AcDbLine
 10
1.19177308
 20
1.6779113
 30
0.0
 11
1.1964162
 21
1.6692245
 31
0.0
  0
LINE
  5
216
330
15D
100
AcDbEntity
  8
Top Solder
100
AcDbLine
 10
1.1964162
 20
1.6692245
 30
0.0
 11
1.19927624
 21
1.6598011
 31
0.0
  0
LINE
  5
217
330
15D
100
AcDbEntity
  8
Top Solder
100
AcDbLine
 10
1.19927624
 20
1.6598011
 30
0.0
 11
1.20024144
 21
1.64999924
 31
0.0
  0
LINE
  5
218
330
15D
100
AcDbEntity
  8
Top Solder
100
AcDbLine
 10
1.20024144
 20
1.64999924
 30
0.0
 11
1.20024144
 21
1.30002534
 31
0.0
  0
LINE
  5
219
330
15D
100
AcDbEntity
  8
Top Solder
100
AcDbLine
 10
1.20024144
 20
1.30002534
 30
0.0
 11
1.20024398
 21
1.29999994
 31
0.0
  0
LINE
  5
21A
330
15D
100
AcDbEntity
  8
Top Solder
100
AcDbLine
 10
1.20024398
 20
1.29999994
 30
0.0
 11
1.19975884
 21
1.29510028
 31
0.0
  0
LINE
  5
21B
330
15D
100
AcDbEntity
  8
Top Solder
100
AcDbLine
 10
1.19975884
 20
1.29510028
 30
0.0
 11
1.19927624
 21
1.29019808
 31
0.0
  0
LINE
  5
21C
330
15D
100
AcDbEntity
  8
Top Solder
100
AcDbLine
 10
1.19927624
 20
1.29019808
 30
0.0
 11
1.19708168
 21
1.2829667
 31
0.0
  0
LINE
  5
21D
330
15D
100
AcDbEntity
  8
Top Solder
100
AcDbLine
 10
1.19708168
 20
1.2829667
 30
0.0
 11
1.1964162
 21
1.28077214
 31
0.0
  0
LINE
  5
21E
330
15D
100
AcDbEntity
  8
Top Solder
100
AcDbLine
 10
1.1964162
 20
1.28077214
 30
0.0
 11
1.19177562
 21
1.27208788
 31
0.0
  0
LINE
  5
21F
330
15D
100
AcDbEntity
  8
Top Solder
100
AcDbLine
 10
1.19177562
 20
1.27208788
 30
0.0
 11
1.18552722
 21
1.26447296
 31
0.0
  0
LINE
  5
220
330
15D
100
AcDbEntity
  8
Top Solder
100
AcDbLine
 10
1.18552722
 20
1.26447296
 30
0.0
 11
1.03554022
 21
1.1144885
 31
0.0
  0
LINE
  5
221
330
15D
100
AcDbEntity
  8
Top Solder
100
AcDbLine
 10
1.03554022
 20
1.1144885
 30
0.0
 11
1.03552752
 21
1.11447326
 31
0.0
  0
LINE
  5
222
330
15D
100
AcDbEntity
  8
Top Solder
100
AcDbLine
 10
1.03552752
 20
1.11447326
 30
0.0
 11
1.0279126
 21
1.1082274
 31
0.0
  0
LINE
  5
223
330
15D
100
AcDbEntity
  8
Top Solder
100
AcDbLine
 10
1.0279126
 20
1.1082274
 30
0.0
 11
1.0192258
 21
1.10358428
 31
0.0
  0
LINE
  5
224
330
15D
100
AcDbEntity
  8
Top Solder
100
AcDbLine
 10
1.0192258
 20
1.10358428
 30
0.0
 11
1.0098024
 21
1.10072424
 31
0.0
  0
LINE
  5
225
330
15D
100
AcDbEntity
  8
Top Solder
100
AcDbLine
 10
1.0098024
 20
1.10072424
 30
0.0
 11
1.00000054
 21
1.09975904
 31
0.0
  0
LINE
  5
226
330
15D
100
AcDbEntity
  8
Top Solder
100
AcDbLine
 10
1.00000054
 20
1.09975904
 30
0.0
 11
0.8500008399999999
 21
1.09975904
 31
0.0
  0
LINE
  5
227
330
15D
100
AcDbEntity
  8
Top Solder
100
AcDbLine
 10
0.8500008399999999
 20
1.09975904
 30
0.0
 11
0.84019898
 21
1.10072424
 31
0.0
  0
LINE
  5
228
330
15D
100
AcDbEntity
  8
Top Solder
100
AcDbLine
 10
0.84019898
 20
1.10072424
 30
0.0
 11
0.83077558
 21
1.10358428
 31
0.0
  0
LINE
  5
229
330
15D
100
AcDbEntity
  8
Top Solder
100
AcDbLine
 10
0.83077558
 20
1.10358428
 30
0.0
 11
0.8220887799999999
 21
1.1082274
 31
0.0
  0
LINE
  5
22A
330
15D
100
AcDbEntity
  8
Top Solder
100
AcDbLine
 10
0.8220887799999999
 20
1.1082274
 30
0.0
 11
0.81447386
 21
1.11447326
 31
0.0
  0
LINE
  5
22B
330
15D
100
AcDbEntity
  8
Top Solder
100
AcDbLine
 10
0.81447386
 20
1.11447326
 30
0.0
 11
0.808228
 21
1.12208818
 31
0.0
  0
LINE
  5
22C
330
15D
100
AcDbEntity
  8
Top Solder
100
AcDbLine
 10
0.808228
 20
1.12208818
 30
0.0
 11
0.8035848799999998
 21
1.13077498
 31
0.0
  0
LINE
  5
22D
330
15D
100
AcDbEntity
  8
Top Solder
100
AcDbLine
 10
0.8035848799999998
 20
1.13077498
 30
0.0
 11
0.80072484
 21
1.14019838
 31
0.0
  0
LINE
  5
22E
330
15D
100
AcDbEntity
  8
Top Solder
100
AcDbLine
 10
0.80072484
 20
1.14019838
 30
0.0
 11
0.7997596399999999
 21
1.15000024
 31
0.0
  0
LINE
  5
22F
330
15D
100
AcDbEntity
  8
Top Solder
100
AcDbLine
 10
0.7997596399999999
 20
1.15000024
 30
0.0
 11
0.7997596399999999
 21
1.64999924
 31
0.0
  0
LINE
  5
230
330
15D
100
AcDbEntity
  8
Top Solder
100
AcDbLine
 10
0.7997596399999999
 20
1.64999924
 30
0.0
 11
0.80072484
 21
1.6598011
 31
0.0
  0
LINE
  5
231
330
15D
100
AcDbEntity
  8
Top Solder
100
AcDbLine
 10
0.80072484
 20
1.6598011
 30
0.0
 11
0.8035848799999998
 21
1.6692245
 31
0.0
  0
LINE
  5
232
330
15D
100
AcDbEntity
  8
Top Solder
100
AcDbLine
 10
0.8035848799999998
 20
1.6692245
 30
0.0
 11
0.808228
 21
1.6779113
 31
0.0
  0
LINE
  5
233
330
15D
100
AcDbEntity
  8
Top Solder
100
AcDbLine
 10
0.808228
 20
1.6779113
 30
0.0
 11
0.81447386
 21
1.68552622
 31
0.0
  0
LINE
  5
234
330
15D
100
AcDbEntity
  8
Top Solder
100
AcDbLine
 10
0.81447386
 20
1.68552622
 30
0.0
 11
0.8220887799999999
 21
1.69177208
 31
0.0
  0
LINE
  5
235
330
15D
100
AcDbEntity
  8
Top Solder
100
AcDbLine
 10
0.8220887799999999
 20
1.69177208
 30
0.0
 11
0.83077558
 21
1.6964152
 31
0.0
  0
LINE
  5
236
330
15D
100
AcDbEntity
  8
Top Solder
100
AcDbLine
 10
0.83077558
 20
1.6964152
 30
0.0
 11
0.84019898
 21
1.69927524
 31
0.0
  0
LINE
  5
237
330
15D
100
AcDbEntity
  8
Top Solder
100
AcDbLine
 10
0.84019898
 20
1.69927524
 30
0.0
 11
0.8500008399999999
 21
1.70024044
 31
0.0
  0
LINE
  5
238
330
15D
100
AcDbEntity
  8
Top Solder
100
AcDbLine
 10
0.8500008399999999
 20
1.70024044
 30
0.0
 11
1.15000024
 21
1.70024044
 31
0.0
  0
REGION
  5
239
102
{ACAD_REACTORS
330
23A
102
}
330
15D
100
AcDbEntity
  8
Top Solder
 62
   216
100
AcDbModelerGeometry
290
     1
  2
{58c0be25-5238-4659-9a67-c3787d100500}
  0
HATCH
  5
23A
330
15D
100
AcDbEntity
  8
Top Solder
 62
   216
100
AcDbHatch
 10
0.0
 20
0.0
 30
0.0
210
0.0
220
0.0
230
1.0
  2
SOLID
 70
     1
 71
     1
 91
        1
 92
        1
 93
        4
 72
     1
 10
0.2999994
 20
1.70000041
 11
0.6999985999999999
 21
1.70000041
 72
     1
 10
0.6999985999999999
 20
1.70000041
 11
0.6999985999999999
 21
0.8999994699999999
 72
     1
 10
0.6999985999999999
 20
0.8999994699999999
 11
0.2999994
 21
0.8999994699999999
 72
     1
 10
0.2999994
 20
0.8999994699999999
 11
0.2999994
 21
1.70000041
 97
        1
330
239
 75
     0
 76
     1
 98
        0
  0
REGION
  5
23B
102
{ACAD_REACTORS
330
23C
102
}
330
15D
100
AcDbEntity
  8
Top Solder
 62
   216
100
AcDbModelerGeometry
290
     1
  2
{f9cde26c-413c-477e-b6e4-5128303be586}
  0
HATCH
  5
23C
330
15D
100
AcDbEntity
  8
Top Solder
 62
   216
100
AcDbHatch
 10
0.0
 20
0.0
 30
0.0
210
0.0
220
0.0
230
1.0
  2
SOLID
 70
     1
 71
     1
 91
        1
 92
        1
 93
        4
 72
     1
 10
-0.1999996
 20
1.70000041
 11
0.1999996
 21
1.70000041
 72
     1
 10
0.1999996
 20
1.70000041
 11
0.1999996
 21
0.8999994699999999
 72
     1
 10
0.1999996
 20
0.8999994699999999
 11
-0.1999996
 21
0.8999994699999999
 72
     1
 10
-0.1999996
 20
0.8999994699999999
 11
-0.1999996
 21
1.70000041
 97
        1
330
23B
 75
     0
 76
     1
 98
        0
  0
REGION
  5
23D
102
{ACAD_REACTORS
330
23E
102
}
330
15D
100
AcDbEntity
  8
Top Solder
 62
   216
100
AcDbModelerGeometry
290
     1
  2
{59343898-a5d3-45fe-9350-632845946a1b}
  0
HATCH
  5
23E
330
15D
100
AcDbEntity
  8
Top Solder
 62
   216
100
AcDbHatch
 10
0.0
 20
0.0
 30
0.0
210
0.0
220
0.0
230
1.0
  2
SOLID
 70
     1
 71
     1
 91
        1
 92
        1
 93
        4
 72
     1
 10
-0.6999985999999999
 20
1.70000041
 11
-0.2999994
 21
1.70000041
 72
     1
 10
-0.2999994
 20
1.70000041
 11
-0.2999994
 21
0.8999994699999999
 72
     1
 10
-0.2999994
 20
0.8999994699999999
 11
-0.6999985999999999
 21
0.8999994699999999
 72
     1
 10
-0.6999985999999999
 20
0.8999994699999999
 11
-0.6999985999999999
 21
1.70000041
 97
        1
330
23D
 75
     0
 76
     1
 98
        0
  0
LINE
  5
23F
330
15D
100
AcDbEntity
  8
Top Solder
100
AcDbLine
 10
-1.29999994
 20
1.20024398
 30
0.0
 11
-1.29510028
 21
1.19975884
 31
0.0
  0
LINE
  5
240
330
15D
100
AcDbEntity
  8
Top Solder
100
AcDbLine
 10
-1.29510028
 20
1.19975884
 30
0.0
 11
-1.29019808
 21
1.19927624
 31
0.0
  0
LINE
  5
241
330
15D
100
AcDbEntity
  8
Top Solder
100
AcDbLine
 10
-1.29019808
 20
1.19927624
 30
0.0
 11
-1.2829667
 21
1.19708168
 31
0.0
  0
LINE
  5
242
330
15D
100
AcDbEntity
  8
Top Solder
100
AcDbLine
 10
-1.2829667
 20
1.19708168
 30
0.0
 11
-1.28077214
 21
1.1964162
 31
0.0
  0
LINE
  5
243
330
15D
100
AcDbEntity
  8
Top Solder
100
AcDbLine
 10
-1.28077214
 20
1.1964162
 30
0.0
 11
-1.27208788
 21
1.19177562
 31
0.0
  0
LINE
  5
244
330
15D
100
AcDbEntity
  8
Top Solder
100
AcDbLine
 10
-1.27208788
 20
1.19177562
 30
0.0
 11
-1.26447296
 21
1.18552722
 31
0.0
  0
LINE
  5
245
330
15D
100
AcDbEntity
  8
Top Solder
100
AcDbLine
 10
-1.26447296
 20
1.18552722
 30
0.0
 11
-1.1144885
 21
1.03554022
 31
0.0
  0
LINE
  5
246
330
15D
100
AcDbEntity
  8
Top Solder
100
AcDbLine
 10
-1.1144885
 20
1.03554022
 30
0.0
 11
-1.11447326
 21
1.03552752
 31
0.0
  0
LINE
  5
247
330
15D
100
AcDbEntity
  8
Top Solder
100
AcDbLine
 10
-1.11447326
 20
1.03552752
 30
0.0
 11
-1.1082274
 21
1.0279126
 31
0.0
  0
LINE
  5
248
330
15D
100
AcDbEntity
  8
Top Solder
100
AcDbLine
 10
-1.1082274
 20
1.0279126
 30
0.0
 11
-1.10358428
 21
1.0192258
 31
0.0
  0
LINE
  5
249
330
15D
100
AcDbEntity
  8
Top Solder
100
AcDbLine
 10
-1.10358428
 20
1.0192258
 30
0.0
 11
-1.10072424
 21
1.0098024
 31
0.0
  0
LINE
  5
24A
330
15D
100
AcDbEntity
  8
Top Solder
100
AcDbLine
 10
-1.10072424
 20
1.0098024
 30
0.0
 11
-1.09975904
 21
1.00000054
 31
0.0
  0
LINE
  5
24B
330
15D
100
AcDbEntity
  8
Top Solder
100
AcDbLine
 10
-1.09975904
 20
1.00000054
 30
0.0
 11
-1.09975904
 21
0.8500008399999999
 31
0.0
  0
LINE
  5
24C
330
15D
100
AcDbEntity
  8
Top Solder
100
AcDbLine
 10
-1.09975904
 20
0.8500008399999999
 30
0.0
 11
-1.10072424
 21
0.84019898
 31
0.0
  0
LINE
  5
24D
330
15D
100
AcDbEntity
  8
Top Solder
100
AcDbLine
 10
-1.10072424
 20
0.84019898
 30
0.0
 11
-1.10358428
 21
0.83077558
 31
0.0
  0
LINE
  5
24E
330
15D
100
AcDbEntity
  8
Top Solder
100
AcDbLine
 10
-1.10358428
 20
0.83077558
 30
0.0
 11
-1.1082274
 21
0.8220887799999999
 31
0.0
  0
LINE
  5
24F
330
15D
100
AcDbEntity
  8
Top Solder
100
AcDbLine
 10
-1.1082274
 20
0.8220887799999999
 30
0.0
 11
-1.11447326
 21
0.81447386
 31
0.0
  0
LINE
  5
250
330
15D
100
AcDbEntity
  8
Top Solder
100
AcDbLine
 10
-1.11447326
 20
0.81447386
 30
0.0
 11
-1.12208818
 21
0.808228
 31
0.0
  0
LINE
  5
251
330
15D
100
AcDbEntity
  8
Top Solder
100
AcDbLine
 10
-1.12208818
 20
0.808228
 30
0.0
 11
-1.13077498
 21
0.8035848799999998
 31
0.0
  0
LINE
  5
252
330
15D
100
AcDbEntity
  8
Top Solder
100
AcDbLine
 10
-1.13077498
 20
0.8035848799999998
 30
0.0
 11
-1.14019838
 21
0.80072484
 31
0.0
  0
LINE
  5
253
330
15D
100
AcDbEntity
  8
Top Solder
100
AcDbLine
 10
-1.14019838
 20
0.80072484
 30
0.0
 11
-1.15000024
 21
0.7997596399999999
 31
0.0
  0
LINE
  5
254
330
15D
100
AcDbEntity
  8
Top Solder
100
AcDbLine
 10
-1.15000024
 20
0.7997596399999999
 30
0.0
 11
-1.64999924
 21
0.7997596399999999
 31
0.0
  0
LINE
  5
255
330
15D
100
AcDbEntity
  8
Top Solder
100
AcDbLine
 10
-1.64999924
 20
0.7997596399999999
 30
0.0
 11
-1.6598011
 21
0.80072484
 31
0.0
  0
LINE
  5
256
330
15D
100
AcDbEntity
  8
Top Solder
100
AcDbLine
 10
-1.6598011
 20
0.80072484
 30
0.0
 11
-1.6692245
 21
0.8035848799999998
 31
0.0
  0
LINE
  5
257
330
15D
100
AcDbEntity
  8
Top Solder
100
AcDbLine
 10
-1.6692245
 20
0.8035848799999998
 30
0.0
 11
-1.6779113
 21
0.808228
 31
0.0
  0
LINE
  5
258
330
15D
100
AcDbEntity
  8
Top Solder
100
AcDbLine
 10
-1.6779113
 20
0.808228
 30
0.0
 11
-1.68552622
 21
0.81447386
 31
0.0
  0
LINE
  5
259
330
15D
100
AcDbEntity
  8
Top Solder
100
AcDbLine
 10
-1.68552622
 20
0.81447386
 30
0.0
 11
-1.69177208
 21
0.8220887799999999
 31
0.0
  0
LINE
  5
25A
330
15D
100
AcDbEntity
  8
Top Solder
100
AcDbLine
 10
-1.69177208
 20
0.8220887799999999
 30
0.0
 11
-1.6964152
 21
0.83077558
 31
0.0
  0
LINE
  5
25B
330
15D
100
AcDbEntity
  8
Top Solder
100
AcDbLine
 10
-1.6964152
 20
0.83077558
 30
0.0
 11
-1.69927524
 21
0.84019898
 31
0.0
  0
LINE
  5
25C
330
15D
100
AcDbEntity
  8
Top Solder
100
AcDbLine
 10
-1.69927524
 20
0.84019898
 30
0.0
 11
-1.70024044
 21
0.8500008399999999
 31
0.0
  0
LINE
  5
25D
330
15D
100
AcDbEntity
  8
Top Solder
100
AcDbLine
 10
-1.70024044
 20
0.8500008399999999
 30
0.0
 11
-1.70024044
 21
1.15000024
 31
0.0
  0
LINE
  5
25E
330
15D
100
AcDbEntity
  8
Top Solder
100
AcDbLine
 10
-1.70024044
 20
1.15000024
 30
0.0
 11
-1.69927524
 21
1.1598021
 31
0.0
  0
LINE
  5
25F
330
15D
100
AcDbEntity
  8
Top Solder
100
AcDbLine
 10
-1.69927524
 20
1.1598021
 30
0.0
 11
-1.6964152
 21
1.1692255
 31
0.0
  0
LINE
  5
260
330
15D
100
AcDbEntity
  8
Top Solder
100
AcDbLine
 10
-1.6964152
 20
1.1692255
 30
0.0
 11
-1.69177208
 21
1.1779123
 31
0.0
  0
LINE
  5
261
330
15D
100
AcDbEntity
  8
Top Solder
100
AcDbLine
 10
-1.69177208
 20
1.1779123
 30
0.0
 11
-1.68552622
 21
1.18552722
 31
0.0
  0
LINE
  5
262
330
15D
100
AcDbEntity
  8
Top Solder
100
AcDbLine
 10
-1.68552622
 20
1.18552722
 30
0.0
 11
-1.6779113
 21
1.19177308
 31
0.0
  0
LINE
  5
263
330
15D
100
AcDbEntity
  8
Top Solder
100
AcDbLine
 10
-1.6779113
 20
1.19177308
 30
0.0
 11
-1.6692245
 21
1.1964162
 31
0.0
  0
LINE
  5
264
330
15D
100
AcDbEntity
  8
Top Solder
100
AcDbLine
 10
-1.6692245
 20
1.1964162
 30
0.0
 11
-1.6598011
 21
1.19927624
 31
0.0
  0
LINE
  5
265
330
15D
100
AcDbEntity
  8
Top Solder
100
AcDbLine
 10
-1.6598011
 20
1.19927624
 30
0.0
 11
-1.64999924
 21
1.20024144
 31
0.0
  0
LINE
  5
266
330
15D
100
AcDbEntity
  8
Top Solder
100
AcDbLine
 10
-1.64999924
 20
1.20024144
 30
0.0
 11
-1.30002534
 21
1.20024144
 31
0.0
  0
LINE
  5
267
330
15D
100
AcDbEntity
  8
Top Solder
100
AcDbLine
 10
-1.30002534
 20
1.20024144
 30
0.0
 11
-1.29999994
 21
1.20024398
 31
0.0
  0
LINE
  5
268
330
15D
100
AcDbEntity
  8
Top Solder
100
AcDbLine
 10
-0.8500008399999999
 20
1.70024044
 30
0.0
 11
-0.84019898
 21
1.69927524
 31
0.0
  0
LINE
  5
269
330
15D
100
AcDbEntity
  8
Top Solder
100
AcDbLine
 10
-0.84019898
 20
1.69927524
 30
0.0
 11
-0.83077558
 21
1.6964152
 31
0.0
  0
LINE
  5
26A
330
15D
100
AcDbEntity
  8
Top Solder
100
AcDbLine
 10
-0.83077558
 20
1.6964152
 30
0.0
 11
-0.8220887799999999
 21
1.69177208
 31
0.0
  0
LINE
  5
26B
330
15D
100
AcDbEntity
  8
Top Solder
100
AcDbLine
 10
-0.8220887799999999
 20
1.69177208
 30
0.0
 11
-0.81447386
 21
1.68552622
 31
0.0
  0
LINE
  5
26C
330
15D
100
AcDbEntity
  8
Top Solder
100
AcDbLine
 10
-0.81447386
 20
1.68552622
 30
0.0
 11
-0.808228
 21
1.6779113
 31
0.0
  0
LINE
  5
26D
330
15D
100
AcDbEntity
  8
Top Solder
100
AcDbLine
 10
-0.808228
 20
1.6779113
 30
0.0
 11
-0.8035848799999998
 21
1.6692245
 31
0.0
  0
LINE
  5
26E
330
15D
100
AcDbEntity
  8
Top Solder
100
AcDbLine
 10
-0.8035848799999998
 20
1.6692245
 30
0.0
 11
-0.80072484
 21
1.6598011
 31
0.0
  0
LINE
  5
26F
330
15D
100
AcDbEntity
  8
Top Solder
100
AcDbLine
 10
-0.80072484
 20
1.6598011
 30
0.0
 11
-0.7997596399999999
 21
1.64999924
 31
0.0
  0
LINE
  5
270
330
15D
100
AcDbEntity
  8
Top Solder
100
AcDbLine
 10
-0.7997596399999999
 20
1.64999924
 30
0.0
 11
-0.7997596399999999
 21
1.15000024
 31
0.0
  0
LINE
  5
271
330
15D
100
AcDbEntity
  8
Top Solder
100
AcDbLine
 10
-0.7997596399999999
 20
1.15000024
 30
0.0
 11
-0.80072484
 21
1.14019838
 31
0.0
  0
LINE
  5
272
330
15D
100
AcDbEntity
  8
Top Solder
100
AcDbLine
 10
-0.80072484
 20
1.14019838
 30
0.0
 11
-0.8035848799999998
 21
1.13077498
 31
0.0
  0
LINE
  5
273
330
15D
100
AcDbEntity
  8
Top Solder
100
AcDbLine
 10
-0.8035848799999998
 20
1.13077498
 30
0.0
 11
-0.808228
 21
1.12208818
 31
0.0
  0
LINE
  5
274
330
15D
100
AcDbEntity
  8
Top Solder
100
AcDbLine
 10
-0.808228
 20
1.12208818
 30
0.0
 11
-0.81447386
 21
1.11447326
 31
0.0
  0
LINE
  5
275
330
15D
100
AcDbEntity
  8
Top Solder
100
AcDbLine
 10
-0.81447386
 20
1.11447326
 30
0.0
 11
-0.8220887799999999
 21
1.1082274
 31
0.0
  0
LINE
  5
276
330
15D
100
AcDbEntity
  8
Top Solder
100
AcDbLine
 10
-0.8220887799999999
 20
1.1082274
 30
0.0
 11
-0.83077558
 21
1.10358428
 31
0.0
  0
LINE
  5
277
330
15D
100
AcDbEntity
  8
Top Solder
100
AcDbLine
 10
-0.83077558
 20
1.10358428
 30
0.0
 11
-0.84019898
 21
1.10072424
 31
0.0
  0
LINE
  5
278
330
15D
100
AcDbEntity
  8
Top Solder
100
AcDbLine
 10
-0.84019898
 20
1.10072424
 30
0.0
 11
-0.8500008399999999
 21
1.09975904
 31
0.0
  0
LINE
  5
279
330
15D
100
AcDbEntity
  8
Top Solder
100
AcDbLine
 10
-0.8500008399999999
 20
1.09975904
 30
0.0
 11
-1.00000054
 21
1.09975904
 31
0.0
  0
LINE
  5
27A
330
15D
100
AcDbEntity
  8
Top Solder
100
AcDbLine
 10
-1.00000054
 20
1.09975904
 30
0.0
 11
-1.0098024
 21
1.10072424
 31
0.0
  0
LINE
  5
27B
330
15D
100
AcDbEntity
  8
Top Solder
100
AcDbLine
 10
-1.0098024
 20
1.10072424
 30
0.0
 11
-1.0192258
 21
1.10358428
 31
0.0
  0
LINE
  5
27C
330
15D
100
AcDbEntity
  8
Top Solder
100
AcDbLine
 10
-1.0192258
 20
1.10358428
 30
0.0
 11
-1.0279126
 21
1.1082274
 31
0.0
  0
LINE
  5
27D
330
15D
100
AcDbEntity
  8
Top Solder
100
AcDbLine
 10
-1.0279126
 20
1.1082274
 30
0.0
 11
-1.03552752
 21
1.11447326
 31
0.0
  0
LINE
  5
27E
330
15D
100
AcDbEntity
  8
Top Solder
100
AcDbLine
 10
-1.03552752
 20
1.11447326
 30
0.0
 11
-1.03554022
 21
1.1144885
 31
0.0
  0
LINE
  5
27F
330
15D
100
AcDbEntity
  8
Top Solder
100
AcDbLine
 10
-1.03554022
 20
1.1144885
 30
0.0
 11
-1.18552722
 21
1.26447296
 31
0.0
  0
LINE
  5
280
330
15D
100
AcDbEntity
  8
Top Solder
100
AcDbLine
 10
-1.18552722
 20
1.26447296
 30
0.0
 11
-1.19177562
 21
1.27208788
 31
0.0
  0
LINE
  5
281
330
15D
100
AcDbEntity
  8
Top Solder
100
AcDbLine
 10
-1.19177562
 20
1.27208788
 30
0.0
 11
-1.1964162
 21
1.28077214
 31
0.0
  0
LINE
  5
282
330
15D
100
AcDbEntity
  8
Top Solder
100
AcDbLine
 10
-1.1964162
 20
1.28077214
 30
0.0
 11
-1.19708168
 21
1.2829667
 31
0.0
  0
LINE
  5
283
330
15D
100
AcDbEntity
  8
Top Solder
100
AcDbLine
 10
-1.19708168
 20
1.2829667
 30
0.0
 11
-1.19927624
 21
1.29019808
 31
0.0
  0
LINE
  5
284
330
15D
100
AcDbEntity
  8
Top Solder
100
AcDbLine
 10
-1.19927624
 20
1.29019808
 30
0.0
 11
-1.19975884
 21
1.29510028
 31
0.0
  0
LINE
  5
285
330
15D
100
AcDbEntity
  8
Top Solder
100
AcDbLine
 10
-1.19975884
 20
1.29510028
 30
0.0
 11
-1.20024398
 21
1.29999994
 31
0.0
  0
LINE
  5
286
330
15D
100
AcDbEntity
  8
Top Solder
100
AcDbLine
 10
-1.20024398
 20
1.29999994
 30
0.0
 11
-1.20024144
 21
1.30002534
 31
0.0
  0
LINE
  5
287
330
15D
100
AcDbEntity
  8
Top Solder
100
AcDbLine
 10
-1.20024144
 20
1.30002534
 30
0.0
 11
-1.20024144
 21
1.64999924
 31
0.0
  0
LINE
  5
288
330
15D
100
AcDbEntity
  8
Top Solder
100
AcDbLine
 10
-1.20024144
 20
1.64999924
 30
0.0
 11
-1.19927624
 21
1.6598011
 31
0.0
  0
LINE
  5
289
330
15D
100
AcDbEntity
  8
Top Solder
100
AcDbLine
 10
-1.19927624
 20
1.6598011
 30
0.0
 11
-1.1964162
 21
1.6692245
 31
0.0
  0
LINE
  5
28A
330
15D
100
AcDbEntity
  8
Top Solder
100
AcDbLine
 10
-1.1964162
 20
1.6692245
 30
0.0
 11
-1.19177308
 21
1.6779113
 31
0.0
  0
LINE
  5
28B
330
15D
100
AcDbEntity
  8
Top Solder
100
AcDbLine
 10
-1.19177308
 20
1.6779113
 30
0.0
 11
-1.18552722
 21
1.68552622
 31
0.0
  0
LINE
  5
28C
330
15D
100
AcDbEntity
  8
Top Solder
100
AcDbLine
 10
-1.18552722
 20
1.68552622
 30
0.0
 11
-1.1779123
 21
1.69177208
 31
0.0
  0
LINE
  5
28D
330
15D
100
AcDbEntity
  8
Top Solder
100
AcDbLine
 10
-1.1779123
 20
1.69177208
 30
0.0
 11
-1.1692255
 21
1.6964152
 31
0.0
  0
LINE
  5
28E
330
15D
100
AcDbEntity
  8
Top Solder
100
AcDbLine
 10
-1.1692255
 20
1.6964152
 30
0.0
 11
-1.1598021
 21
1.69927524
 31
0.0
  0
LINE
  5
28F
330
15D
100
AcDbEntity
  8
Top Solder
100
AcDbLine
 10
-1.1598021
 20
1.69927524
 30
0.0
 11
-1.15000024
 21
1.70024044
 31
0.0
  0
LINE
  5
290
330
15D
100
AcDbEntity
  8
Top Solder
100
AcDbLine
 10
-1.15000024
 20
1.70024044
 30
0.0
 11
-0.8500008399999999
 21
1.70024044
 31
0.0
  0
REGION
  5
291
102
{ACAD_REACTORS
330
292
102
}
330
15D
100
AcDbEntity
  8
Top Solder
 62
   216
100
AcDbModelerGeometry
290
     1
  2
{30a32997-4cf8-4cad-b553-6a9c577831a6}
  0
HATCH
  5
292
330
15D
100
AcDbEntity
  8
Top Solder
 62
   216
100
AcDbHatch
 10
0.0
 20
0.0
 30
0.0
210
0.0
220
0.0
230
1.0
  2
SOLID
 70
     1
 71
     1
 91
        1
 92
        1
 93
        4
 72
     1
 10
0.8999994699999999
 20
-0.1999996
 11
0.8999994699999999
 21
0.1999996
 72
     1
 10
0.8999994699999999
 20
0.1999996
 11
1.70000041
 21
0.1999996
 72
     1
 10
1.70000041
 20
0.1999996
 11
1.70000041
 21
-0.1999996
 72
     1
 10
1.70000041
 20
-0.1999996
 11
0.8999994699999999
 21
-0.1999996
 97
        1
330
291
 75
     0
 76
     1
 98
        0
  0
REGION
  5
293
102
{ACAD_REACTORS
330
294
102
}
330
15D
100
AcDbEntity
  8
Top Solder
 62
   216
100
AcDbModelerGeometry
290
     1
  2
{b2561a9c-f773-4d68-aaba-2c3c17b09b99}
  0
HATCH
  5
294
330
15D
100
AcDbEntity
  8
Top Solder
 62
   216
100
AcDbHatch
 10
0.0
 20
0.0
 30
0.0
210
0.0
220
0.0
230
1.0
  2
SOLID
 70
     1
 71
     1
 91
        1
 92
        1
 93
        4
 72
     1
 10
0.8999994699999999
 20
-0.6999985999999999
 11
0.8999994699999999
 21
-0.2999994
 72
     1
 10
0.8999994699999999
 20
-0.2999994
 11
1.70000041
 21
-0.2999994
 72
     1
 10
1.70000041
 20
-0.2999994
 11
1.70000041
 21
-0.6999985999999999
 72
     1
 10
1.70000041
 20
-0.6999985999999999
 11
0.8999994699999999
 21
-0.6999985999999999
 97
        1
330
293
 75
     0
 76
     1
 98
        0
  0
LINE
  5
295
330
15D
100
AcDbEntity
  8
Top Solder
100
AcDbLine
 10
1.64999924
 20
-0.7997596399999999
 30
0.0
 11
1.6598011
 21
-0.80072484
 31
0.0
  0
LINE
  5
296
330
15D
100
AcDbEntity
  8
Top Solder
100
AcDbLine
 10
1.6598011
 20
-0.80072484
 30
0.0
 11
1.6692245
 21
-0.8035848799999998
 31
0.0
  0
LINE
  5
297
330
15D
100
AcDbEntity
  8
Top Solder
100
AcDbLine
 10
1.6692245
 20
-0.8035848799999998
 30
0.0
 11
1.6779113
 21
-0.808228
 31
0.0
  0
LINE
  5
298
330
15D
100
AcDbEntity
  8
Top Solder
100
AcDbLine
 10
1.6779113
 20
-0.808228
 30
0.0
 11
1.68552622
 21
-0.81447386
 31
0.0
  0
LINE
  5
299
330
15D
100
AcDbEntity
  8
Top Solder
100
AcDbLine
 10
1.68552622
 20
-0.81447386
 30
0.0
 11
1.69177208
 21
-0.8220887799999999
 31
0.0
  0
LINE
  5
29A
330
15D
100
AcDbEntity
  8
Top Solder
100
AcDbLine
 10
1.69177208
 20
-0.8220887799999999
 30
0.0
 11
1.6964152
 21
-0.83077558
 31
0.0
  0
LINE
  5
29B
330
15D
100
AcDbEntity
  8
Top Solder
100
AcDbLine
 10
1.6964152
 20
-0.83077558
 30
0.0
 11
1.69927524
 21
-0.84019898
 31
0.0
  0
LINE
  5
29C
330
15D
100
AcDbEntity
  8
Top Solder
100
AcDbLine
 10
1.69927524
 20
-0.84019898
 30
0.0
 11
1.70024044
 21
-0.8500008399999999
 31
0.0
  0
LINE
  5
29D
330
15D
100
AcDbEntity
  8
Top Solder
100
AcDbLine
 10
1.70024044
 20
-0.8500008399999999
 30
0.0
 11
1.70024044
 21
-1.15000024
 31
0.0
  0
LINE
  5
29E
330
15D
100
AcDbEntity
  8
Top Solder
100
AcDbLine
 10
1.70024044
 20
-1.15000024
 30
0.0
 11
1.69927524
 21
-1.1598021
 31
0.0
  0
LINE
  5
29F
330
15D
100
AcDbEntity
  8
Top Solder
100
AcDbLine
 10
1.69927524
 20
-1.1598021
 30
0.0
 11
1.6964152
 21
-1.1692255
 31
0.0
  0
LINE
  5
2A0
330
15D
100
AcDbEntity
  8
Top Solder
100
AcDbLine
 10
1.6964152
 20
-1.1692255
 30
0.0
 11
1.69177208
 21
-1.1779123
 31
0.0
  0
LINE
  5
2A1
330
15D
100
AcDbEntity
  8
Top Solder
100
AcDbLine
 10
1.69177208
 20
-1.1779123
 30
0.0
 11
1.68552622
 21
-1.18552722
 31
0.0
  0
LINE
  5
2A2
330
15D
100
AcDbEntity
  8
Top Solder
100
AcDbLine
 10
1.68552622
 20
-1.18552722
 30
0.0
 11
1.6779113
 21
-1.19177308
 31
0.0
  0
LINE
  5
2A3
330
15D
100
AcDbEntity
  8
Top Solder
100
AcDbLine
 10
1.6779113
 20
-1.19177308
 30
0.0
 11
1.6692245
 21
-1.1964162
 31
0.0
  0
LINE
  5
2A4
330
15D
100
AcDbEntity
  8
Top Solder
100
AcDbLine
 10
1.6692245
 20
-1.1964162
 30
0.0
 11
1.6598011
 21
-1.19927624
 31
0.0
  0
LINE
  5
2A5
330
15D
100
AcDbEntity
  8
Top Solder
100
AcDbLine
 10
1.6598011
 20
-1.19927624
 30
0.0
 11
1.64999924
 21
-1.20024144
 31
0.0
  0
LINE
  5
2A6
330
15D
100
AcDbEntity
  8
Top Solder
100
AcDbLine
 10
1.64999924
 20
-1.20024144
 30
0.0
 11
1.30002534
 21
-1.20024144
 31
0.0
  0
LINE
  5
2A7
330
15D
100
AcDbEntity
  8
Top Solder
100
AcDbLine
 10
1.30002534
 20
-1.20024144
 30
0.0
 11
1.29999994
 21
-1.20024398
 31
0.0
  0
LINE
  5
2A8
330
15D
100
AcDbEntity
  8
Top Solder
100
AcDbLine
 10
1.29999994
 20
-1.20024398
 30
0.0
 11
1.29510028
 21
-1.19975884
 31
0.0
  0
LINE
  5
2A9
330
15D
100
AcDbEntity
  8
Top Solder
100
AcDbLine
 10
1.29510028
 20
-1.19975884
 30
0.0
 11
1.29019808
 21
-1.19927624
 31
0.0
  0
LINE
  5
2AA
330
15D
100
AcDbEntity
  8
Top Solder
100
AcDbLine
 10
1.29019808
 20
-1.19927624
 30
0.0
 11
1.2829667
 21
-1.19708168
 31
0.0
  0
LINE
  5
2AB
330
15D
100
AcDbEntity
  8
Top Solder
100
AcDbLine
 10
1.2829667
 20
-1.19708168
 30
0.0
 11
1.28077214
 21
-1.1964162
 31
0.0
  0
LINE
  5
2AC
330
15D
100
AcDbEntity
  8
Top Solder
100
AcDbLine
 10
1.28077214
 20
-1.1964162
 30
0.0
 11
1.27208788
 21
-1.19177562
 31
0.0
  0
LINE
  5
2AD
330
15D
100
AcDbEntity
  8
Top Solder
100
AcDbLine
 10
1.27208788
 20
-1.19177562
 30
0.0
 11
1.26447296
 21
-1.18552722
 31
0.0
  0
LINE
  5
2AE
330
15D
100
AcDbEntity
  8
Top Solder
100
AcDbLine
 10
1.26447296
 20
-1.18552722
 30
0.0
 11
1.1144885
 21
-1.03554022
 31
0.0
  0
LINE
  5
2AF
330
15D
100
AcDbEntity
  8
Top Solder
100
AcDbLine
 10
1.1144885
 20
-1.03554022
 30
0.0
 11
1.11447326
 21
-1.03552752
 31
0.0
  0
LINE
  5
2B0
330
15D
100
AcDbEntity
  8
Top Solder
100
AcDbLine
 10
1.11447326
 20
-1.03552752
 30
0.0
 11
1.1082274
 21
-1.0279126
 31
0.0
  0
LINE
  5
2B1
330
15D
100
AcDbEntity
  8
Top Solder
100
AcDbLine
 10
1.1082274
 20
-1.0279126
 30
0.0
 11
1.10358428
 21
-1.0192258
 31
0.0
  0
LINE
  5
2B2
330
15D
100
AcDbEntity
  8
Top Solder
100
AcDbLine
 10
1.10358428
 20
-1.0192258
 30
0.0
 11
1.10072424
 21
-1.0098024
 31
0.0
  0
LINE
  5
2B3
330
15D
100
AcDbEntity
  8
Top Solder
100
AcDbLine
 10
1.10072424
 20
-1.0098024
 30
0.0
 11
1.09975904
 21
-1.00000054
 31
0.0
  0
LINE
  5
2B4
330
15D
100
AcDbEntity
  8
Top Solder
100
AcDbLine
 10
1.09975904
 20
-1.00000054
 30
0.0
 11
1.09975904
 21
-0.8500008399999999
 31
0.0
  0
LINE
  5
2B5
330
15D
100
AcDbEntity
  8
Top Solder
100
AcDbLine
 10
1.09975904
 20
-0.8500008399999999
 30
0.0
 11
1.10072424
 21
-0.84019898
 31
0.0
  0
LINE
  5
2B6
330
15D
100
AcDbEntity
  8
Top Solder
100
AcDbLine
 10
1.10072424
 20
-0.84019898
 30
0.0
 11
1.10358428
 21
-0.83077558
 31
0.0
  0
LINE
  5
2B7
330
15D
100
AcDbEntity
  8
Top Solder
100
AcDbLine
 10
1.10358428
 20
-0.83077558
 30
0.0
 11
1.1082274
 21
-0.8220887799999999
 31
0.0
  0
LINE
  5
2B8
330
15D
100
AcDbEntity
  8
Top Solder
100
AcDbLine
 10
1.1082274
 20
-0.8220887799999999
 30
0.0
 11
1.11447326
 21
-0.81447386
 31
0.0
  0
LINE
  5
2B9
330
15D
100
AcDbEntity
  8
Top Solder
100
AcDbLine
 10
1.11447326
 20
-0.81447386
 30
0.0
 11
1.12208818
 21
-0.808228
 31
0.0
  0
LINE
  5
2BA
330
15D
100
AcDbEntity
  8
Top Solder
100
AcDbLine
 10
1.12208818
 20
-0.808228
 30
0.0
 11
1.13077498
 21
-0.8035848799999998
 31
0.0
  0
LINE
  5
2BB
330
15D
100
AcDbEntity
  8
Top Solder
100
AcDbLine
 10
1.13077498
 20
-0.8035848799999998
 30
0.0
 11
1.14019838
 21
-0.80072484
 31
0.0
  0
LINE
  5
2BC
330
15D
100
AcDbEntity
  8
Top Solder
100
AcDbLine
 10
1.14019838
 20
-0.80072484
 30
0.0
 11
1.15000024
 21
-0.7997596399999999
 31
0.0
  0
LINE
  5
2BD
330
15D
100
AcDbEntity
  8
Top Solder
100
AcDbLine
 10
1.15000024
 20
-0.7997596399999999
 30
0.0
 11
1.64999924
 21
-0.7997596399999999
 31
0.0
  0
ENDBLK
  5
3B2
330
15D
100
AcDbEntity
  8
0
100
AcDbBlockEnd
  0
BLOCK
  5
3B3
330
2BF
100
AcDbEntity
  8
0
100
AcDbBlockBegin
  2
RES_0402_3556
 70
     0
 10
0.0
 20
0.0
 30
0.0
  3
RES_0402_3556
  1

  0
REGION
  5
2C0
102
{ACAD_REACTORS
330
2C1
102
}
330
2BF
100
AcDbEntity
  8
Top Solder
 62
   216
100
AcDbModelerGeometry
290
     1
  2
{ad430a02-4bce-441f-9bee-7daf1bd6d346}
  0
HATCH
  5
2C1
330
2BF
100
AcDbEntity
  8
Top Solder
 62
   216
100
AcDbHatch
 10
0.0
 20
0.0
 30
0.0
210
0.0
220
0.0
230
1.0
  2
SOLID
 70
     1
 71
     1
 91
        1
 92
        1
 93
        8
 72
     2
 10
-0.34025205
 20
-0.14975078
 40
0.19024854
 50
270.0
 51
360.0
 73
     1
 72
     1
 10
-0.15000351
 20
-0.14975078
 11
-0.15000351
 21
0.14975078
 72
     2
 10
-0.34025205
 20
0.14975078
 40
0.19024854
 50
0.0
 51
90.0
 73
     1
 72
     1
 10
-0.34025205
 20
0.33999932
 11
-0.60975367
 21
0.33999932
 72
     2
 10
-0.60975367
 20
0.14975078
 40
0.19024854
 50
90.0
 51
180.0
 73
     1
 72
     1
 10
-0.80000221
 20
0.14975078
 11
-0.80000221
 21
-0.14975078
 72
     2
 10
-0.60975367
 20
-0.14975078
 40
0.19024854
 50
180.0
 51
270.0
 73
     1
 72
     1
 10
-0.60975367
 20
-0.33999932
 11
-0.34025205
 21
-0.33999932
 97
        1
330
2C0
 75
     0
 76
     1
 98
        0
  0
REGION
  5
2C2
102
{ACAD_REACTORS
330
2C3
102
}
330
2BF
100
AcDbEntity
  8
Top Solder
 62
   216
100
AcDbModelerGeometry
290
     1
  2
{49e4ce82-0596-453e-b22f-4f620dd8f4aa}
  0
HATCH
  5
2C3
330
2BF
100
AcDbEntity
  8
Top Solder
 62
   216
100
AcDbHatch
 10
0.0
 20
0.0
 30
0.0
210
0.0
220
0.0
230
1.0
  2
SOLID
 70
     1
 71
     1
 91
        1
 92
        1
 93
        8
 72
     2
 10
0.34025205
 20
0.14975078
 40
0.19024854
 50
90.0
 51
180.0
 73
     1
 72
     1
 10
0.15000351
 20
0.14975078
 11
0.15000351
 21
-0.14975078
 72
     2
 10
0.34025205
 20
-0.14975078
 40
0.19024854
 50
180.0
 51
270.0
 73
     1
 72
     1
 10
0.3402520499999999
 20
-0.33999932
 11
0.60975367
 21
-0.33999932
 72
     2
 10
0.60975367
 20
-0.14975078
 40
0.19024854
 50
270.0
 51
360.0
 73
     1
 72
     1
 10
0.80000221
 20
-0.14975078
 11
0.80000221
 21
0.14975078
 72
     2
 10
0.60975367
 20
0.14975078
 40
0.19024854
 50
0.0
 51
90.0
 73
     1
 72
     1
 10
0.60975367
 20
0.33999932
 11
0.34025205
 21
0.33999932
 97
        1
330
2C2
 75
     0
 76
     1
 98
        0
  0
ENDBLK
  5
3B4
330
2BF
100
AcDbEntity
  8
0
100
AcDbBlockEnd
  0
BLOCK
  5
3B5
330
2C5
100
AcDbEntity
  8
0
100
AcDbBlockBegin
  2
RES_0402_3557
 70
     0
 10
0.0
 20
0.0
 30
0.0
  3
RES_0402_3557
  1

  0
REGION
  5
2C6
102
{ACAD_REACTORS
330
2C7
102
}
330
2C5
100
AcDbEntity
  8
Top Solder
 62
   216
100
AcDbModelerGeometry
290
     1
  2
{b597ba8a-e6e3-4cdb-93f9-e80b88f6aedd}
  0
HATCH
  5
2C7
330
2C5
100
AcDbEntity
  8
Top Solder
 62
   216
100
AcDbHatch
 10
0.0
 20
0.0
 30
0.0
210
0.0
220
0.0
230
1.0
  2
SOLID
 70
     1
 71
     1
 91
        1
 92
        1
 93
        8
 72
     2
 10
-0.34025205
 20
-0.14975078
 40
0.19024854
 50
270.0
 51
360.0
 73
     1
 72
     1
 10
-0.15000351
 20
-0.14975078
 11
-0.15000351
 21
0.14975078
 72
     2
 10
-0.34025205
 20
0.14975078
 40
0.19024854
 50
0.0
 51
90.0
 73
     1
 72
     1
 10
-0.34025205
 20
0.33999932
 11
-0.60975367
 21
0.33999932
 72
     2
 10
-0.60975367
 20
0.14975078
 40
0.19024854
 50
90.0
 51
180.0
 73
     1
 72
     1
 10
-0.80000221
 20
0.14975078
 11
-0.80000221
 21
-0.14975078
 72
     2
 10
-0.60975367
 20
-0.14975078
 40
0.19024854
 50
180.0
 51
270.0
 73
     1
 72
     1
 10
-0.60975367
 20
-0.33999932
 11
-0.34025205
 21
-0.33999932
 97
        1
330
2C6
 75
     0
 76
     1
 98
        0
  0
REGION
  5
2C8
102
{ACAD_REACTORS
330
2C9
102
}
330
2C5
100
AcDbEntity
  8
Top Solder
 62
   216
100
AcDbModelerGeometry
290
     1
  2
{e062447f-ef31-468a-a762-19752f07f978}
  0
HATCH
  5
2C9
330
2C5
100
AcDbEntity
  8
Top Solder
 62
   216
100
AcDbHatch
 10
0.0
 20
0.0
 30
0.0
210
0.0
220
0.0
230
1.0
  2
SOLID
 70
     1
 71
     1
 91
        1
 92
        1
 93
        8
 72
     2
 10
0.34025205
 20
0.14975078
 40
0.19024854
 50
90.0
 51
180.0
 73
     1
 72
     1
 10
0.15000351
 20
0.14975078
 11
0.15000351
 21
-0.14975078
 72
     2
 10
0.34025205
 20
-0.14975078
 40
0.19024854
 50
180.0
 51
270.0
 73
     1
 72
     1
 10
0.3402520499999999
 20
-0.33999932
 11
0.60975367
 21
-0.33999932
 72
     2
 10
0.60975367
 20
-0.14975078
 40
0.19024854
 50
270.0
 51
360.0
 73
     1
 72
     1
 10
0.80000221
 20
-0.14975078
 11
0.80000221
 21
0.14975078
 72
     2
 10
0.60975367
 20
0.14975078
 40
0.19024854
 50
0.0
 51
90.0
 73
     1
 72
     1
 10
0.60975367
 20
0.33999932
 11
0.34025205
 21
0.33999932
 97
        1
330
2C8
 75
     0
 76
     1
 98
        0
  0
ENDBLK
  5
3B6
330
2C5
100
AcDbEntity
  8
0
100
AcDbBlockEnd
  0
BLOCK
  5
3B7
330
2CB
100
AcDbEntity
  8
0
100
AcDbBlockBegin
  2
SM04B_SRSS_TB_LF__SN__F_________1_3558
 70
     0
 10
0.0
 20
0.0
 30
0.0
  3
SM04B_SRSS_TB_LF__SN__F_________1_3558
  1

  0
REGION
  5
2CC
102
{ACAD_REACTORS
330
2CD
102
}
330
2CB
100
AcDbEntity
  8
Top Solder
 62
   216
100
AcDbModelerGeometry
290
     1
  2
{e6e86b0a-6e3d-4c2a-90e6-ccb270caa17a}
  0
HATCH
  5
2CD
330
2CB
100
AcDbEntity
  8
Top Solder
 62
   216
100
AcDbHatch
 10
0.0
 20
0.0
 30
0.0
210
0.0
220
0.0
230
1.0
  2
SOLID
 70
     1
 71
     1
 91
        1
 92
        1
 93
        4
 72
     1
 10
-3.449996909999999
 20
2.887501209999999
 11
-2.14999697
 21
2.887501209999999
 72
     1
 10
-2.14999697
 20
2.887501209999999
 11
-2.14999697
 21
0.9875024699999999
 72
     1
 10
-2.14999697
 20
0.9875024699999999
 11
-3.449996909999999
 21
0.9875024699999999
 72
     1
 10
-3.449996909999999
 20
0.9875024699999999
 11
-3.449996909999999
 21
2.887501209999999
 97
        1
330
2CC
 75
     0
 76
     1
 98
        0
  0
REGION
  5
2CE
102
{ACAD_REACTORS
330
2CF
102
}
330
2CB
100
AcDbEntity
  8
Top Solder
 62
   216
100
AcDbModelerGeometry
290
     1
  2
{74085fe5-9972-4770-8b0c-ca744620447f}
  0
HATCH
  5
2CF
330
2CB
100
AcDbEntity
  8
Top Solder
 62
   216
100
AcDbHatch
 10
0.0
 20
0.0
 30
0.0
210
0.0
220
0.0
230
1.0
  2
SOLID
 70
     1
 71
     1
 91
        1
 92
        1
 93
        4
 72
     1
 10
2.15000205
 20
2.887501209999999
 11
3.45000199
 21
2.887501209999999
 72
     1
 10
3.45000199
 20
2.887501209999999
 11
3.45000199
 21
0.9875024699999999
 72
     1
 10
3.45000199
 20
0.9875024699999999
 11
2.15000205
 21
0.9875024699999999
 72
     1
 10
2.15000205
 20
0.9875024699999999
 11
2.15000205
 21
2.887501209999999
 97
        1
330
2CE
 75
     0
 76
     1
 98
        0
  0
REGION
  5
2D0
102
{ACAD_REACTORS
330
2D1
102
}
330
2CB
100
AcDbEntity
  8
Top Solder
 62
   216
100
AcDbModelerGeometry
290
     1
  2
{51a33fec-1113-4c15-9b97-638dbb030b49}
  0
HATCH
  5
2D1
330
2CB
100
AcDbEntity
  8
Top Solder
 62
   216
100
AcDbHatch
 10
0.0
 20
0.0
 30
0.0
210
0.0
220
0.0
230
1.0
  2
SOLID
 70
     1
 71
     1
 91
        1
 92
        1
 93
        4
 72
     1
 10
-0.8499983
 20
-1.11249968
 11
-0.1499997
 21
-1.11249968
 72
     1
 10
-0.1499997
 20
-1.11249968
 11
-0.1499997
 21
-2.76249892
 72
     1
 10
-0.1499997
 20
-2.76249892
 11
-0.8499983
 21
-2.76249892
 72
     1
 10
-0.8499983
 20
-2.76249892
 11
-0.8499983
 21
-1.11249968
 97
        1
330
2D0
 75
     0
 76
     1
 98
        0
  0
REGION
  5
2D2
102
{ACAD_REACTORS
330
2D3
102
}
330
2CB
100
AcDbEntity
  8
Top Solder
 62
   216
100
AcDbModelerGeometry
290
     1
  2
{0d2e88ac-ff0e-4247-b14e-c483ad530299}
  0
HATCH
  5
2D3
330
2CB
100
AcDbEntity
  8
Top Solder
 62
   216
100
AcDbHatch
 10
0.0
 20
0.0
 30
0.0
210
0.0
220
0.0
230
1.0
  2
SOLID
 70
     1
 71
     1
 91
        1
 92
        1
 93
        4
 72
     1
 10
0.15000478
 20
-1.11249968
 11
0.85000338
 21
-1.11249968
 72
     1
 10
0.85000338
 20
-1.11249968
 11
0.85000338
 21
-2.76249892
 72
     1
 10
0.85000338
 20
-2.76249892
 11
0.1500047799999999
 21
-2.76249892
 72
     1
 10
0.15000478
 20
-2.76249892
 11
0.15000478
 21
-1.11249968
 97
        1
330
2D2
 75
     0
 76
     1
 98
        0
  0
REGION
  5
2D4
102
{ACAD_REACTORS
330
2D5
102
}
330
2CB
100
AcDbEntity
  8
Top Solder
 62
   216
100
AcDbModelerGeometry
290
     1
  2
{2bb51694-e191-4be3-8d80-67e246e6558a}
  0
HATCH
  5
2D5
330
2CB
100
AcDbEntity
  8
Top Solder
 62
   216
100
AcDbHatch
 10
0.0
 20
0.0
 30
0.0
210
0.0
220
0.0
230
1.0
  2
SOLID
 70
     1
 71
     1
 91
        1
 92
        1
 93
        4
 72
     1
 10
1.15000532
 20
-1.11249968
 11
1.85000392
 21
-1.11249968
 72
     1
 10
1.85000392
 20
-1.11249968
 11
1.85000392
 21
-2.76249892
 72
     1
 10
1.85000392
 20
-2.76249892
 11
1.15000532
 21
-2.76249892
 72
     1
 10
1.15000532
 20
-2.76249892
 11
1.15000532
 21
-1.11249968
 97
        1
330
2D4
 75
     0
 76
     1
 98
        0
  0
REGION
  5
2D6
102
{ACAD_REACTORS
330
2D7
102
}
330
2CB
100
AcDbEntity
  8
Top Solder
 62
   216
100
AcDbModelerGeometry
290
     1
  2
{9e282e2f-1d27-41b8-9db8-750a9cd81c98}
  0
HATCH
  5
2D7
330
2CB
100
AcDbEntity
  8
Top Solder
 62
   216
100
AcDbHatch
 10
0.0
 20
0.0
 30
0.0
210
0.0
220
0.0
230
1.0
  2
SOLID
 70
     1
 71
     1
 91
        1
 92
        1
 93
        4
 72
     1
 10
-1.8499963
 20
-1.11249968
 11
-1.1499977
 21
-1.11249968
 72
     1
 10
-1.1499977
 20
-1.11249968
 11
-1.1499977
 21
-2.76249892
 72
     1
 10
-1.1499977
 20
-2.76249892
 11
-1.8499963
 21
-2.76249892
 72
     1
 10
-1.8499963
 20
-2.76249892
 11
-1.8499963
 21
-1.11249968
 97
        1
330
2D6
 75
     0
 76
     1
 98
        0
  0
ENDBLK
  5
3B8
330
2CB
100
AcDbEntity
  8
0
100
AcDbBlockEnd
  0
BLOCK
  5
3B9
330
2D9
100
AcDbEntity
  8
0
100
AcDbBlockBegin
  2
SM04B_SRSS_TB_LF__SN__F_________1_3559
 70
     0
 10
0.0
 20
0.0
 30
0.0
  3
SM04B_SRSS_TB_LF__SN__F_________1_3559
  1

  0
REGION
  5
2DA
102
{ACAD_REACTORS
330
2DB
102
}
330
2D9
100
AcDbEntity
  8
Top Solder
 62
   216
100
AcDbModelerGeometry
290
     1
  2
{74dc99c6-2347-4100-9f05-049181921823}
  0
HATCH
  5
2DB
330
2D9
100
AcDbEntity
  8
Top Solder
 62
   216
100
AcDbHatch
 10
0.0
 20
0.0
 30
0.0
210
0.0
220
0.0
230
1.0
  2
SOLID
 70
     1
 71
     1
 91
        1
 92
        1
 93
        4
 72
     1
 10
-3.449996909999999
 20
2.887501209999999
 11
-2.14999697
 21
2.887501209999999
 72
     1
 10
-2.14999697
 20
2.887501209999999
 11
-2.14999697
 21
0.9875024699999999
 72
     1
 10
-2.14999697
 20
0.9875024699999999
 11
-3.449996909999999
 21
0.9875024699999999
 72
     1
 10
-3.449996909999999
 20
0.9875024699999999
 11
-3.449996909999999
 21
2.887501209999999
 97
        1
330
2DA
 75
     0
 76
     1
 98
        0
  0
REGION
  5
2DC
102
{ACAD_REACTORS
330
2DD
102
}
330
2D9
100
AcDbEntity
  8
Top Solder
 62
   216
100
AcDbModelerGeometry
290
     1
  2
{3b342109-5f4b-41fa-a892-f883c7e6a0ec}
  0
HATCH
  5
2DD
330
2D9
100
AcDbEntity
  8
Top Solder
 62
   216
100
AcDbHatch
 10
0.0
 20
0.0
 30
0.0
210
0.0
220
0.0
230
1.0
  2
SOLID
 70
     1
 71
     1
 91
        1
 92
        1
 93
        4
 72
     1
 10
2.15000205
 20
2.887501209999999
 11
3.45000199
 21
2.887501209999999
 72
     1
 10
3.45000199
 20
2.887501209999999
 11
3.45000199
 21
0.9875024699999999
 72
     1
 10
3.45000199
 20
0.9875024699999999
 11
2.15000205
 21
0.9875024699999999
 72
     1
 10
2.15000205
 20
0.9875024699999999
 11
2.15000205
 21
2.887501209999999
 97
        1
330
2DC
 75
     0
 76
     1
 98
        0
  0
REGION
  5
2DE
102
{ACAD_REACTORS
330
2DF
102
}
330
2D9
100
AcDbEntity
  8
Top Solder
 62
   216
100
AcDbModelerGeometry
290
     1
  2
{9f8cfa84-0434-47e6-b977-3cc44a56e9b9}
  0
HATCH
  5
2DF
330
2D9
100
AcDbEntity
  8
Top Solder
 62
   216
100
AcDbHatch
 10
0.0
 20
0.0
 30
0.0
210
0.0
220
0.0
230
1.0
  2
SOLID
 70
     1
 71
     1
 91
        1
 92
        1
 93
        4
 72
     1
 10
-0.8499983
 20
-1.11249968
 11
-0.1499997
 21
-1.11249968
 72
     1
 10
-0.1499997
 20
-1.11249968
 11
-0.1499997
 21
-2.76249892
 72
     1
 10
-0.1499997
 20
-2.76249892
 11
-0.8499983
 21
-2.76249892
 72
     1
 10
-0.8499983
 20
-2.76249892
 11
-0.8499983
 21
-1.11249968
 97
        1
330
2DE
 75
     0
 76
     1
 98
        0
  0
REGION
  5
2E0
102
{ACAD_REACTORS
330
2E1
102
}
330
2D9
100
AcDbEntity
  8
Top Solder
 62
   216
100
AcDbModelerGeometry
290
     1
  2
{b6928c74-84cc-4853-9768-922872a9f5ee}
  0
HATCH
  5
2E1
330
2D9
100
AcDbEntity
  8
Top Solder
 62
   216
100
AcDbHatch
 10
0.0
 20
0.0
 30
0.0
210
0.0
220
0.0
230
1.0
  2
SOLID
 70
     1
 71
     1
 91
        1
 92
        1
 93
        4
 72
     1
 10
0.15000478
 20
-1.11249968
 11
0.85000338
 21
-1.11249968
 72
     1
 10
0.85000338
 20
-1.11249968
 11
0.85000338
 21
-2.76249892
 72
     1
 10
0.85000338
 20
-2.76249892
 11
0.1500047799999999
 21
-2.76249892
 72
     1
 10
0.15000478
 20
-2.76249892
 11
0.15000478
 21
-1.11249968
 97
        1
330
2E0
 75
     0
 76
     1
 98
        0
  0
REGION
  5
2E2
102
{ACAD_REACTORS
330
2E3
102
}
330
2D9
100
AcDbEntity
  8
Top Solder
 62
   216
100
AcDbModelerGeometry
290
     1
  2
{2a4ed652-ef60-432b-93f6-704420eee69a}
  0
HATCH
  5
2E3
330
2D9
100
AcDbEntity
  8
Top Solder
 62
   216
100
AcDbHatch
 10
0.0
 20
0.0
 30
0.0
210
0.0
220
0.0
230
1.0
  2
SOLID
 70
     1
 71
     1
 91
        1
 92
        1
 93
        4
 72
     1
 10
1.15000532
 20
-1.11249968
 11
1.85000392
 21
-1.11249968
 72
     1
 10
1.85000392
 20
-1.11249968
 11
1.85000392
 21
-2.76249892
 72
     1
 10
1.85000392
 20
-2.76249892
 11
1.15000532
 21
-2.76249892
 72
     1
 10
1.15000532
 20
-2.76249892
 11
1.15000532
 21
-1.11249968
 97
        1
330
2E2
 75
     0
 76
     1
 98
        0
  0
REGION
  5
2E4
102
{ACAD_REACTORS
330
2E5
102
}
330
2D9
100
AcDbEntity
  8
Top Solder
 62
   216
100
AcDbModelerGeometry
290
     1
  2
{ecaef014-721e-418f-b1a9-3a0fe98a962d}
  0
HATCH
  5
2E5
330
2D9
100
AcDbEntity
  8
Top Solder
 62
   216
100
AcDbHatch
 10
0.0
 20
0.0
 30
0.0
210
0.0
220
0.0
230
1.0
  2
SOLID
 70
     1
 71
     1
 91
        1
 92
        1
 93
        4
 72
     1
 10
-1.8499963
 20
-1.11249968
 11
-1.1499977
 21
-1.11249968
 72
     1
 10
-1.1499977
 20
-1.11249968
 11
-1.1499977
 21
-2.76249892
 72
     1
 10
-1.1499977
 20
-2.76249892
 11
-1.8499963
 21
-2.76249892
 72
     1
 10
-1.8499963
 20
-2.76249892
 11
-1.8499963
 21
-1.11249968
 97
        1
330
2E4
 75
     0
 76
     1
 98
        0
  0
ENDBLK
  5
3BA
330
2D9
100
AcDbEntity
  8
0
100
AcDbBlockEnd
  0
BLOCK
  5
3BB
330
2E7
100
AcDbEntity
  8
0
100
AcDbBlockBegin
  2
LEDC1608X80N_AK_3560
 70
     0
 10
0.0
 20
0.0
 30
0.0
  3
LEDC1608X80N_AK_3560
  1

  0
REGION
  5
2E8
102
{ACAD_REACTORS
330
2E9
102
}
330
2E7
100
AcDbEntity
  8
Top Solder
 62
   216
100
AcDbModelerGeometry
290
     1
  2
{2b417e35-e9bb-4f2e-9b2b-02546c2f58e0}
  0
HATCH
  5
2E9
330
2E7
100
AcDbEntity
  8
Top Solder
 62
   216
100
AcDbHatch
 10
0.0
 20
0.0
 30
0.0
210
0.0
220
0.0
230
1.0
  2
SOLID
 70
     1
 71
     1
 91
        1
 92
        1
 93
        8
 72
     2
 10
-0.54499891
 20
-0.2549982199999999
 40
0.22999954
 50
270.0
 51
360.0
 73
     1
 72
     1
 10
-0.31499937
 20
-0.2549982199999999
 11
-0.31499937
 21
0.2550033
 72
     2
 10
-0.54499891
 20
0.2550033
 40
0.22999954
 50
0.0
 51
90.0
 73
     1
 72
     1
 10
-0.54499891
 20
0.48500284
 11
-0.9050007299999999
 21
0.4850028399999999
 72
     2
 10
-0.9050007299999999
 20
0.2550032999999999
 40
0.22999954
 50
90.0
 51
180.0
 73
     1
 72
     1
 10
-1.13500027
 20
0.2550033
 11
-1.13500027
 21
-0.2549982199999999
 72
     2
 10
-0.9050007299999999
 20
-0.25499822
 40
0.22999954
 50
180.0
 51
270.0
 73
     1
 72
     1
 10
-0.9050007299999999
 20
-0.4849977599999999
 11
-0.54499891
 21
-0.4849977599999999
 97
        1
330
2E8
 75
     0
 76
     1
 98
        0
  0
REGION
  5
2EA
102
{ACAD_REACTORS
330
2EB
102
}
330
2E7
100
AcDbEntity
  8
Top Solder
 62
   216
100
AcDbModelerGeometry
290
     1
  2
{7b99472d-a8ea-4acc-a401-1a40d5f926e8}
  0
HATCH
  5
2EB
330
2E7
100
AcDbEntity
  8
Top Solder
 62
   216
100
AcDbHatch
 10
0.0
 20
0.0
 30
0.0
210
0.0
220
0.0
230
1.0
  2
SOLID
 70
     1
 71
     1
 91
        1
 92
        1
 93
        8
 72
     2
 10
0.54499891
 20
0.2549982199999999
 40
0.22999954
 50
90.0
 51
180.0
 73
     1
 72
     1
 10
0.31499937
 20
0.25499822
 11
0.31499937
 21
-0.2550032999999999
 72
     2
 10
0.54499891
 20
-0.2550033
 40
0.22999954
 50
180.0
 51
270.0
 73
     1
 72
     1
 10
0.54499891
 20
-0.4850028399999999
 11
0.9050007299999999
 21
-0.4850028399999999
 72
     2
 10
0.9050007299999999
 20
-0.2550033
 40
0.22999954
 50
270.0
 51
360.0
 73
     1
 72
     1
 10
1.13500027
 20
-0.2550033
 11
1.13500027
 21
0.2549982199999999
 72
     2
 10
0.9050007299999999
 20
0.2549982199999999
 40
0.22999954
 50
0.0
 51
90.0
 73
     1
 72
     1
 10
0.9050007299999999
 20
0.4849977599999999
 11
0.54499891
 21
0.4849977599999999
 97
        1
330
2EA
 75
     0
 76
     1
 98
        0
  0
ENDBLK
  5
3BC
330
2E7
100
AcDbEntity
  8
0
100
AcDbBlockEnd
  0
BLOCK
  5
3BD
330
2ED
100
AcDbEntity
  8
0
100
AcDbBlockBegin
  2
RES_0402_3561
 70
     0
 10
0.0
 20
0.0
 30
0.0
  3
RES_0402_3561
  1

  0
REGION
  5
2EE
102
{ACAD_REACTORS
330
2EF
102
}
330
2ED
100
AcDbEntity
  8
Top Solder
 62
   216
100
AcDbModelerGeometry
290
     1
  2
{0d0d3dcf-2cc6-4379-8781-8967e18665db}
  0
HATCH
  5
2EF
330
2ED
100
AcDbEntity
  8
Top Solder
 62
   216
100
AcDbHatch
 10
0.0
 20
0.0
 30
0.0
210
0.0
220
0.0
230
1.0
  2
SOLID
 70
     1
 71
     1
 91
        1
 92
        1
 93
        8
 72
     2
 10
0.34024697
 20
0.14974824
 40
0.19024854
 50
90.0
 51
180.0
 73
     1
 72
     1
 10
0.14999843
 20
0.14974824
 11
0.14999843
 21
-0.14975332
 72
     2
 10
0.34024697
 20
-0.14975332
 40
0.19024854
 50
180.0
 51
270.0
 73
     1
 72
     1
 10
0.3402469699999999
 20
-0.34000186
 11
0.6097485899999999
 21
-0.34000186
 72
     2
 10
0.6097485899999999
 20
-0.14975332
 40
0.19024854
 50
270.0
 51
360.0
 73
     1
 72
     1
 10
0.79999713
 20
-0.14975332
 11
0.79999713
 21
0.14974824
 72
     2
 10
0.6097485899999999
 20
0.14974824
 40
0.19024854
 50
0.0
 51
90.0
 73
     1
 72
     1
 10
0.6097485899999999
 20
0.33999678
 11
0.34024697
 21
0.33999678
 97
        1
330
2EE
 75
     0
 76
     1
 98
        0
  0
REGION
  5
2F0
102
{ACAD_REACTORS
330
2F1
102
}
330
2ED
100
AcDbEntity
  8
Top Solder
 62
   216
100
AcDbModelerGeometry
290
     1
  2
{dcd09d94-9b7c-47df-9d31-cc18de7997a0}
  0
HATCH
  5
2F1
330
2ED
100
AcDbEntity
  8
Top Solder
 62
   216
100
AcDbHatch
 10
0.0
 20
0.0
 30
0.0
210
0.0
220
0.0
230
1.0
  2
SOLID
 70
     1
 71
     1
 91
        1
 92
        1
 93
        8
 72
     2
 10
-0.34025205
 20
-0.14975078
 40
0.19024854
 50
270.0
 51
360.0
 73
     1
 72
     1
 10
-0.15000351
 20
-0.14975078
 11
-0.15000351
 21
0.14975078
 72
     2
 10
-0.34025205
 20
0.14975078
 40
0.19024854
 50
0.0
 51
90.0
 73
     1
 72
     1
 10
-0.34025205
 20
0.33999932
 11
-0.60975367
 21
0.33999932
 72
     2
 10
-0.60975367
 20
0.14975078
 40
0.19024854
 50
90.0
 51
180.0
 73
     1
 72
     1
 10
-0.80000221
 20
0.14975078
 11
-0.80000221
 21
-0.14975078
 72
     2
 10
-0.60975367
 20
-0.14975078
 40
0.19024854
 50
180.0
 51
270.0
 73
     1
 72
     1
 10
-0.60975367
 20
-0.33999932
 11
-0.34025205
 21
-0.33999932
 97
        1
330
2F0
 75
     0
 76
     1
 98
        0
  0
ENDBLK
  5
3BE
330
2ED
100
AcDbEntity
  8
0
100
AcDbBlockEnd
  0
BLOCK
  5
3BF
330
2F3
100
AcDbEntity
  8
0
100
AcDbBlockBegin
  2
TP_1_00MM_B_3562
 70
     0
 10
0.0
 20
0.0
 30
0.0
  3
TP_1_00MM_B_3562
  1

  0
ENDBLK
  5
3C0
330
2F3
100
AcDbEntity
  8
0
100
AcDbBlockEnd
  0
BLOCK
  5
3C1
330
2F5
100
AcDbEntity
  8
0
100
AcDbBlockBegin
  2
LEDC1608X80N_AK_3563
 70
     0
 10
0.0
 20
0.0
 30
0.0
  3
LEDC1608X80N_AK_3563
  1

  0
REGION
  5
2F6
102
{ACAD_REACTORS
330
2F7
102
}
330
2F5
100
AcDbEntity
  8
Top Solder
 62
   216
100
AcDbModelerGeometry
290
     1
  2
{c4cf1784-0070-4439-bca7-2bc5a0642a6d}
  0
HATCH
  5
2F7
330
2F5
100
AcDbEntity
  8
Top Solder
 62
   216
100
AcDbHatch
 10
0.0
 20
0.0
 30
0.0
210
0.0
220
0.0
230
1.0
  2
SOLID
 70
     1
 71
     1
 91
        1
 92
        1
 93
        8
 72
     2
 10
0.54500145
 20
0.25500076
 40
0.22999954
 50
90.0
 51
180.0
 73
     1
 72
     1
 10
0.31500191
 20
0.25500076
 11
0.31500191
 21
-0.2550007599999999
 72
     2
 10
0.54500145
 20
-0.25500076
 40
0.22999954
 50
180.0
 51
270.0
 73
     1
 72
     1
 10
0.54500145
 20
-0.4850002999999999
 11
0.90500327
 21
-0.4850002999999999
 72
     2
 10
0.90500327
 20
-0.25500076
 40
0.22999954
 50
270.0
 51
360.0
 73
     1
 72
     1
 10
1.13500281
 20
-0.25500076
 11
1.13500281
 21
0.25500076
 72
     2
 10
0.90500327
 20
0.25500076
 40
0.22999954
 50
0.0
 51
90.0
 73
     1
 72
     1
 10
0.90500327
 20
0.4850002999999999
 11
0.54500145
 21
0.4850002999999999
 97
        1
330
2F6
 75
     0
 76
     1
 98
        0
  0
REGION
  5
2F8
102
{ACAD_REACTORS
330
2F9
102
}
330
2F5
100
AcDbEntity
  8
Top Solder
 62
   216
100
AcDbModelerGeometry
290
     1
  2
{cf01ea60-372e-4aef-a31c-338ca378fcb7}
  0
HATCH
  5
2F9
330
2F5
100
AcDbEntity
  8
Top Solder
 62
   216
100
AcDbHatch
 10
0.0
 20
0.0
 30
0.0
210
0.0
220
0.0
230
1.0
  2
SOLID
 70
     1
 71
     1
 91
        1
 92
        1
 93
        8
 72
     2
 10
-0.54500145
 20
-0.25500076
 40
0.22999954
 50
270.0
 51
360.0
 73
     1
 72
     1
 10
-0.31500191
 20
-0.25500076
 11
-0.31500191
 21
0.2550007599999999
 72
     2
 10
-0.54500145
 20
0.2550007599999999
 40
0.22999954
 50
0.0
 51
90.0
 73
     1
 72
     1
 10
-0.54500145
 20
0.4850002999999999
 11
-0.90500327
 21
0.4850003000000001
 72
     2
 10
-0.90500327
 20
0.25500076
 40
0.22999954
 50
90.0
 51
180.0
 73
     1
 72
     1
 10
-1.13500281
 20
0.2550007600000001
 11
-1.13500281
 21
-0.2550007599999999
 72
     2
 10
-0.90500327
 20
-0.2550007599999999
 40
0.22999954
 50
180.0
 51
270.0
 73
     1
 72
     1
 10
-0.90500327
 20
-0.4850002999999999
 11
-0.54500145
 21
-0.4850003000000001
 97
        1
330
2F8
 75
     0
 76
     1
 98
        0
  0
ENDBLK
  5
3C2
330
2F5
100
AcDbEntity
  8
0
100
AcDbBlockEnd
  0
BLOCK
  5
3C3
330
2FB
100
AcDbEntity
  8
0
100
AcDbBlockBegin
  2
TS42_3564
 70
     0
 10
0.0
 20
0.0
 30
0.0
  3
TS42_3564
  1

  0
REGION
  5
2FC
102
{ACAD_REACTORS
330
2FD
102
}
330
2FB
100
AcDbEntity
  8
Top Solder
 62
   216
100
AcDbModelerGeometry
290
     1
  2
{9469318f-dc96-42c6-84ce-100c71bbb25f}
  0
HATCH
  5
2FD
330
2FB
100
AcDbEntity
  8
Top Solder
 62
   216
100
AcDbHatch
 10
0.0
 20
0.0
 30
0.0
210
0.0
220
0.0
230
1.0
  2
SOLID
 70
     1
 71
     1
 91
        1
 92
        1
 93
        8
 72
     2
 10
4.8948594
 20
-0.5950204
 40
0.1550035
 50
270.0
 51
360.0
 73
     1
 72
     1
 10
5.0498629
 20
-0.5950204
 11
5.0498629
 21
0.5950203999999998
 72
     2
 10
4.8948594
 20
0.5950203999999999
 40
0.1550035
 50
0.0
 51
90.0
 73
     1
 72
     1
 10
4.8948594
 20
0.7500238999999999
 11
3.5049206
 21
0.7500239
 72
     2
 10
3.5049206
 20
0.5950204
 40
0.1550035
 50
90.0
 51
180.0
 73
     1
 72
     1
 10
3.3499171
 20
0.5950204
 11
3.3499171
 21
-0.5950203999999998
 72
     2
 10
3.5049206
 20
-0.5950203999999999
 40
0.1550035
 50
180.0
 51
270.0
 73
     1
 72
     1
 10
3.5049206
 20
-0.7500238999999999
 11
4.8948594
 21
-0.7500239
 97
        1
330
2FC
 75
     0
 76
     1
 98
        0
  0
REGION
  5
2FE
102
{ACAD_REACTORS
330
2FF
102
}
330
2FB
100
AcDbEntity
  8
Top Solder
 62
   216
100
AcDbModelerGeometry
290
     1
  2
{04ca6919-54f0-4aa7-a44b-36905de7944c}
  0
HATCH
  5
2FF
330
2FB
100
AcDbEntity
  8
Top Solder
 62
   216
100
AcDbHatch
 10
0.0
 20
0.0
 30
0.0
210
0.0
220
0.0
230
1.0
  2
SOLID
 70
     1
 71
     1
 91
        1
 92
        1
 93
        8
 72
     2
 10
-3.5049206
 20
1.6549116
 40
0.1550035
 50
270.0
 51
360.0
 73
     1
 72
     1
 10
-3.3499171
 20
1.6549116
 11
-3.3499171
 21
2.844952399999999
 72
     2
 10
-3.5049206
 20
2.844952399999999
 40
0.1550035
 50
0.0
 51
90.0
 73
     1
 72
     1
 10
-3.5049206
 20
2.999955899999999
 11
-4.8948594
 21
2.999955899999999
 72
     2
 10
-4.8948594
 20
2.844952399999999
 40
0.1550035
 50
90.0
 51
180.0
 73
     1
 72
     1
 10
-5.0498629
 20
2.844952399999999
 11
-5.0498629
 21
1.6549116
 72
     2
 10
-4.8948594
 20
1.6549116
 40
0.1550035
 50
180.0
 51
270.0
 73
     1
 72
     1
 10
-4.8948594
 20
1.4999081
 11
-3.5049206
 21
1.4999081
 97
        1
330
2FE
 75
     0
 76
     1
 98
        0
  0
REGION
  5
300
102
{ACAD_REACTORS
330
301
102
}
330
2FB
100
AcDbEntity
  8
Top Solder
 62
   216
100
AcDbModelerGeometry
290
     1
  2
{5c01d528-7a50-4a05-983e-df5139bc404b}
  0
HATCH
  5
301
330
2FB
100
AcDbEntity
  8
Top Solder
 62
   216
100
AcDbHatch
 10
0.0
 20
0.0
 30
0.0
210
0.0
220
0.0
230
1.0
  2
SOLID
 70
     1
 71
     1
 91
        1
 92
        1
 93
        8
 72
     2
 10
4.8948594
 20
1.6549116
 40
0.1550035
 50
270.0
 51
360.0
 73
     1
 72
     1
 10
5.0498629
 20
1.6549116
 11
5.0498629
 21
2.844952399999999
 72
     2
 10
4.8948594
 20
2.844952399999999
 40
0.1550035
 50
0.0
 51
90.0
 73
     1
 72
     1
 10
4.8948594
 20
2.999955899999999
 11
3.5049206
 21
2.999955899999999
 72
     2
 10
3.5049206
 20
2.844952399999999
 40
0.1550035
 50
90.0
 51
180.0
 73
     1
 72
     1
 10
3.3499171
 20
2.844952399999999
 11
3.3499171
 21
1.6549116
 72
     2
 10
3.5049206
 20
1.6549116
 40
0.1550035
 50
180.0
 51
270.0
 73
     1
 72
     1
 10
3.5049206
 20
1.4999081
 11
4.8948594
 21
1.4999081
 97
        1
330
300
 75
     0
 76
     1
 98
        0
  0
REGION
  5
302
102
{ACAD_REACTORS
330
303
102
}
330
2FB
100
AcDbEntity
  8
Top Solder
 62
   216
100
AcDbModelerGeometry
290
     1
  2
{1424d522-5ca0-4b7b-a613-93bd1ec8ed89}
  0
HATCH
  5
303
330
2FB
100
AcDbEntity
  8
Top Solder
 62
   216
100
AcDbHatch
 10
0.0
 20
0.0
 30
0.0
210
0.0
220
0.0
230
1.0
  2
SOLID
 70
     1
 71
     1
 91
        1
 92
        1
 93
        8
 72
     2
 10
-3.5049206
 20
-2.844952399999999
 40
0.1550035
 50
270.0
 51
360.0
 73
     1
 72
     1
 10
-3.3499171
 20
-2.844952399999999
 11
-3.3499171
 21
-1.6549116
 72
     2
 10
-3.5049206
 20
-1.6549116
 40
0.1550035
 50
0.0
 51
90.0
 73
     1
 72
     1
 10
-3.5049206
 20
-1.4999081
 11
-4.8948594
 21
-1.4999081
 72
     2
 10
-4.8948594
 20
-1.6549116
 40
0.1550035
 50
90.0
 51
180.0
 73
     1
 72
     1
 10
-5.0498629
 20
-1.6549116
 11
-5.0498629
 21
-2.844952399999999
 72
     2
 10
-4.8948594
 20
-2.844952399999999
 40
0.1550035
 50
180.0
 51
270.0
 73
     1
 72
     1
 10
-4.8948594
 20
-2.999955899999999
 11
-3.5049206
 21
-2.999955899999999
 97
        1
330
302
 75
     0
 76
     1
 98
        0
  0
REGION
  5
304
102
{ACAD_REACTORS
330
305
102
}
330
2FB
100
AcDbEntity
  8
Top Solder
 62
   216
100
AcDbModelerGeometry
290
     1
  2
{70452ada-6c4c-45e1-bb71-d8be154c27e2}
  0
HATCH
  5
305
330
2FB
100
AcDbEntity
  8
Top Solder
 62
   216
100
AcDbHatch
 10
0.0
 20
0.0
 30
0.0
210
0.0
220
0.0
230
1.0
  2
SOLID
 70
     1
 71
     1
 91
        1
 92
        1
 93
        8
 72
     2
 10
4.8948594
 20
-2.844952399999999
 40
0.1550035
 50
270.0
 51
360.0
 73
     1
 72
     1
 10
5.0498629
 20
-2.844952399999999
 11
5.0498629
 21
-1.6549116
 72
     2
 10
4.8948594
 20
-1.6549116
 40
0.1550035
 50
0.0
 51
90.0
 73
     1
 72
     1
 10
4.8948594
 20
-1.4999081
 11
3.5049206
 21
-1.4999081
 72
     2
 10
3.5049206
 20
-1.6549116
 40
0.1550035
 50
90.0
 51
180.0
 73
     1
 72
     1
 10
3.3499171
 20
-1.6549116
 11
3.3499171
 21
-2.844952399999999
 72
     2
 10
3.5049206
 20
-2.844952399999999
 40
0.1550035
 50
180.0
 51
270.0
 73
     1
 72
     1
 10
3.5049206
 20
-2.999955899999999
 11
4.8948594
 21
-2.999955899999999
 97
        1
330
304
 75
     0
 76
     1
 98
        0
  0
ENDBLK
  5
3C4
330
2FB
100
AcDbEntity
  8
0
100
AcDbBlockEnd
  0
BLOCK
  5
3C5
330
307
100
AcDbEntity
  8
0
100
AcDbBlockBegin
  2
PIN_HEADER_2_54___VERT__1_4POS_F_________1_3565
 70
     0
 10
0.0
 20
0.0
 30
0.0
  3
PIN_HEADER_2_54___VERT__1_4POS_F_________1_3565
  1

  0
REGION
  5
308
102
{ACAD_REACTORS
330
309
102
}
330
307
100
AcDbEntity
  8
Top Solder
 62
   216
100
AcDbModelerGeometry
290
     1
  2
{b3f4c473-1176-44ee-8ed0-734d7be37f2a}
  0
HATCH
  5
309
330
307
100
AcDbEntity
  8
Top Solder
 62
   216
100
AcDbHatch
 10
0.0
 20
0.0
 30
0.0
210
0.0
220
0.0
230
1.0
  2
SOLID
 70
     1
 71
     1
 91
        1
 92
        1
 93
        1
 72
     2
 10
-3.81
 20
0.0
 40
0.9499980999999998
 50
0.0
 51
360.0
 73
     1
 97
        1
330
308
 75
     0
 76
     1
 98
        0
  0
REGION
  5
30A
102
{ACAD_REACTORS
330
30B
102
}
330
307
100
AcDbEntity
  8
Pad Holes
 62
     7
100
AcDbModelerGeometry
290
     1
  2
{3a1683aa-acb1-46f9-8c18-7a3558e271ff}
  0
HATCH
  5
30B
330
307
100
AcDbEntity
  8
Pad Holes
 62
     7
100
AcDbHatch
 10
0.0
 20
0.0
 30
0.0
210
0.0
220
0.0
230
1.0
  2
SOLID
 70
     1
 71
     1
 91
        1
 92
        1
 93
        1
 72
     2
 10
-3.81
 20
0.0
 40
0.499999
 50
0.0
 51
360.0
 73
     1
 97
        1
330
30A
 75
     0
 76
     1
 98
        0
  0
REGION
  5
30C
102
{ACAD_REACTORS
330
30D
102
}
330
307
100
AcDbEntity
  8
Top Solder
 62
   216
100
AcDbModelerGeometry
290
     1
  2
{e4a13270-9961-4362-9eae-761348d10eb6}
  0
HATCH
  5
30D
330
307
100
AcDbEntity
  8
Top Solder
 62
   216
100
AcDbHatch
 10
0.0
 20
0.0
 30
0.0
210
0.0
220
0.0
230
1.0
  2
SOLID
 70
     1
 71
     1
 91
        1
 92
        1
 93
        1
 72
     2
 10
-1.27
 20
0.0
 40
0.9499980999999998
 50
0.0
 51
360.0
 73
     1
 97
        1
330
30C
 75
     0
 76
     1
 98
        0
  0
REGION
  5
30E
102
{ACAD_REACTORS
330
30F
102
}
330
307
100
AcDbEntity
  8
Pad Holes
 62
     7
100
AcDbModelerGeometry
290
     1
  2
{d54cd8a0-a6e1-48d7-90b7-9b258f3682e7}
  0
HATCH
  5
30F
330
307
100
AcDbEntity
  8
Pad Holes
 62
     7
100
AcDbHatch
 10
0.0
 20
0.0
 30
0.0
210
0.0
220
0.0
230
1.0
  2
SOLID
 70
     1
 71
     1
 91
        1
 92
        1
 93
        1
 72
     2
 10
-1.27
 20
0.0
 40
0.499999
 50
0.0
 51
360.0
 73
     1
 97
        1
330
30E
 75
     0
 76
     1
 98
        0
  0
REGION
  5
310
102
{ACAD_REACTORS
330
311
102
}
330
307
100
AcDbEntity
  8
Top Solder
 62
   216
100
AcDbModelerGeometry
290
     1
  2
{b27fabb7-efa2-42df-9a19-2657db9d97e2}
  0
HATCH
  5
311
330
307
100
AcDbEntity
  8
Top Solder
 62
   216
100
AcDbHatch
 10
0.0
 20
0.0
 30
0.0
210
0.0
220
0.0
230
1.0
  2
SOLID
 70
     1
 71
     1
 91
        1
 92
        1
 93
        1
 72
     2
 10
1.27
 20
0.0
 40
0.9499980999999998
 50
0.0
 51
360.0
 73
     1
 97
        1
330
310
 75
     0
 76
     1
 98
        0
  0
REGION
  5
312
102
{ACAD_REACTORS
330
313
102
}
330
307
100
AcDbEntity
  8
Pad Holes
 62
     7
100
AcDbModelerGeometry
290
     1
  2
{314bdae1-bc2f-4df5-b318-c88197b69c0d}
  0
HATCH
  5
313
330
307
100
AcDbEntity
  8
Pad Holes
 62
     7
100
AcDbHatch
 10
0.0
 20
0.0
 30
0.0
210
0.0
220
0.0
230
1.0
  2
SOLID
 70
     1
 71
     1
 91
        1
 92
        1
 93
        1
 72
     2
 10
1.27
 20
0.0
 40
0.499999
 50
0.0
 51
360.0
 73
     1
 97
        1
330
312
 75
     0
 76
     1
 98
        0
  0
REGION
  5
314
102
{ACAD_REACTORS
330
315
102
}
330
307
100
AcDbEntity
  8
Top Solder
 62
   216
100
AcDbModelerGeometry
290
     1
  2
{fba0db50-9a5b-4cb8-9266-e53c73f87770}
  0
HATCH
  5
315
330
307
100
AcDbEntity
  8
Top Solder
 62
   216
100
AcDbHatch
 10
0.0
 20
0.0
 30
0.0
210
0.0
220
0.0
230
1.0
  2
SOLID
 70
     1
 71
     1
 91
        1
 92
        1
 93
        1
 72
     2
 10
3.81
 20
0.0
 40
0.9499980999999998
 50
0.0
 51
360.0
 73
     1
 97
        1
330
314
 75
     0
 76
     1
 98
        0
  0
REGION
  5
316
102
{ACAD_REACTORS
330
317
102
}
330
307
100
AcDbEntity
  8
Pad Holes
 62
     7
100
AcDbModelerGeometry
290
     1
  2
{f104d11b-044d-4147-906b-cf5a85cc6a81}
  0
HATCH
  5
317
330
307
100
AcDbEntity
  8
Pad Holes
 62
     7
100
AcDbHatch
 10
0.0
 20
0.0
 30
0.0
210
0.0
220
0.0
230
1.0
  2
SOLID
 70
     1
 71
     1
 91
        1
 92
        1
 93
        1
 72
     2
 10
3.81
 20
0.0
 40
0.499999
 50
0.0
 51
360.0
 73
     1
 97
        1
330
316
 75
     0
 76
     1
 98
        0
  0
ENDBLK
  5
3C6
330
307
100
AcDbEntity
  8
0
100
AcDbBlockEnd
  0
BLOCK
  5
3C7
330
319
100
AcDbEntity
  8
0
100
AcDbBlockBegin
  2
LEDC1608X80N_AK_3566
 70
     0
 10
0.0
 20
0.0
 30
0.0
  3
LEDC1608X80N_AK_3566
  1

  0
REGION
  5
31A
102
{ACAD_REACTORS
330
31B
102
}
330
319
100
AcDbEntity
  8
Top Solder
 62
   216
100
AcDbModelerGeometry
290
     1
  2
{4b55ee13-5586-499c-a67d-04ee8fcc7430}
  0
HATCH
  5
31B
330
319
100
AcDbEntity
  8
Top Solder
 62
   216
100
AcDbHatch
 10
0.0
 20
0.0
 30
0.0
210
0.0
220
0.0
230
1.0
  2
SOLID
 70
     1
 71
     1
 91
        1
 92
        1
 93
        8
 72
     2
 10
-0.54499891
 20
-0.2550007599999999
 40
0.22999954
 50
270.0
 51
360.0
 73
     1
 72
     1
 10
-0.31499937
 20
-0.2550007599999999
 11
-0.31499937
 21
0.25500076
 72
     2
 10
-0.54499891
 20
0.25500076
 40
0.22999954
 50
0.0
 51
90.0
 73
     1
 72
     1
 10
-0.54499891
 20
0.4850003000000001
 11
-0.9050007299999999
 21
0.4850002999999999
 72
     2
 10
-0.9050007299999999
 20
0.2550007599999999
 40
0.22999954
 50
90.0
 51
180.0
 73
     1
 72
     1
 10
-1.13500027
 20
0.25500076
 11
-1.13500027
 21
-0.25500076
 72
     2
 10
-0.9050007299999999
 20
-0.25500076
 40
0.22999954
 50
180.0
 51
270.0
 73
     1
 72
     1
 10
-0.9050007299999999
 20
-0.4850003000000001
 11
-0.54499891
 21
-0.4850002999999999
 97
        1
330
31A
 75
     0
 76
     1
 98
        0
  0
REGION
  5
31C
102
{ACAD_REACTORS
330
31D
102
}
330
319
100
AcDbEntity
  8
Top Solder
 62
   216
100
AcDbModelerGeometry
290
     1
  2
{e801d029-087c-47a9-97c1-4758a5fe9a64}
  0
HATCH
  5
31D
330
319
100
AcDbEntity
  8
Top Solder
 62
   216
100
AcDbHatch
 10
0.0
 20
0.0
 30
0.0
210
0.0
220
0.0
230
1.0
  2
SOLID
 70
     1
 71
     1
 91
        1
 92
        1
 93
        8
 72
     2
 10
0.54499891
 20
0.25500076
 40
0.22999954
 50
90.0
 51
180.0
 73
     1
 72
     1
 10
0.31499937
 20
0.25500076
 11
0.31499937
 21
-0.2550007599999999
 72
     2
 10
0.54499891
 20
-0.25500076
 40
0.22999954
 50
180.0
 51
270.0
 73
     1
 72
     1
 10
0.54499891
 20
-0.4850002999999999
 11
0.9050007299999999
 21
-0.4850002999999999
 72
     2
 10
0.9050007299999999
 20
-0.25500076
 40
0.22999954
 50
270.0
 51
360.0
 73
     1
 72
     1
 10
1.13500027
 20
-0.25500076
 11
1.13500027
 21
0.25500076
 72
     2
 10
0.9050007299999999
 20
0.25500076
 40
0.22999954
 50
0.0
 51
90.0
 73
     1
 72
     1
 10
0.9050007299999999
 20
0.4850002999999999
 11
0.54499891
 21
0.4850002999999999
 97
        1
330
31C
 75
     0
 76
     1
 98
        0
  0
ENDBLK
  5
3C8
330
319
100
AcDbEntity
  8
0
100
AcDbBlockEnd
  0
BLOCK
  5
3C9
330
31F
100
AcDbEntity
  8
0
100
AcDbBlockBegin
  2
PIN_HEADER_2_54___VERT__1_10POS_3567
 70
     0
 10
0.0
 20
0.0
 30
0.0
  3
PIN_HEADER_2_54___VERT__1_10POS_3567
  1

  0
REGION
  5
320
102
{ACAD_REACTORS
330
321
102
}
330
31F
100
AcDbEntity
  8
Top Solder
 62
   216
100
AcDbModelerGeometry
290
     1
  2
{1cb1ce3f-6655-4f67-8726-304c6659f63e}
  0
HATCH
  5
321
330
31F
100
AcDbEntity
  8
Top Solder
 62
   216
100
AcDbHatch
 10
0.0
 20
0.0
 30
0.0
210
0.0
220
0.0
230
1.0
  2
SOLID
 70
     1
 71
     1
 91
        1
 92
        1
 93
        1
 72
     2
 10
-1.27
 20
0.0
 40
0.9499980999999998
 50
0.0
 51
360.0
 73
     1
 97
        1
330
320
 75
     0
 76
     1
 98
        0
  0
REGION
  5
322
102
{ACAD_REACTORS
330
323
102
}
330
31F
100
AcDbEntity
  8
Pad Holes
 62
     7
100
AcDbModelerGeometry
290
     1
  2
{b84fcbcf-f6a1-4401-8b51-58f3c9bf3f57}
  0
HATCH
  5
323
330
31F
100
AcDbEntity
  8
Pad Holes
 62
     7
100
AcDbHatch
 10
0.0
 20
0.0
 30
0.0
210
0.0
220
0.0
230
1.0
  2
SOLID
 70
     1
 71
     1
 91
        1
 92
        1
 93
        1
 72
     2
 10
-1.27
 20
0.0
 40
0.499999
 50
0.0
 51
360.0
 73
     1
 97
        1
330
322
 75
     0
 76
     1
 98
        0
  0
REGION
  5
324
102
{ACAD_REACTORS
330
325
102
}
330
31F
100
AcDbEntity
  8
Top Solder
 62
   216
100
AcDbModelerGeometry
290
     1
  2
{9c378727-230c-4a38-bf0b-6d0ed99c2575}
  0
HATCH
  5
325
330
31F
100
AcDbEntity
  8
Top Solder
 62
   216
100
AcDbHatch
 10
0.0
 20
0.0
 30
0.0
210
0.0
220
0.0
230
1.0
  2
SOLID
 70
     1
 71
     1
 91
        1
 92
        1
 93
        1
 72
     2
 10
-3.81
 20
0.0
 40
0.9499980999999998
 50
0.0
 51
360.0
 73
     1
 97
        1
330
324
 75
     0
 76
     1
 98
        0
  0
REGION
  5
326
102
{ACAD_REACTORS
330
327
102
}
330
31F
100
AcDbEntity
  8
Pad Holes
 62
     7
100
AcDbModelerGeometry
290
     1
  2
{7aa20a6d-1ad0-48c3-a1a7-7320877fc46a}
  0
HATCH
  5
327
330
31F
100
AcDbEntity
  8
Pad Holes
 62
     7
100
AcDbHatch
 10
0.0
 20
0.0
 30
0.0
210
0.0
220
0.0
230
1.0
  2
SOLID
 70
     1
 71
     1
 91
        1
 92
        1
 93
        1
 72
     2
 10
-3.81
 20
0.0
 40
0.499999
 50
0.0
 51
360.0
 73
     1
 97
        1
330
326
 75
     0
 76
     1
 98
        0
  0
REGION
  5
328
102
{ACAD_REACTORS
330
329
102
}
330
31F
100
AcDbEntity
  8
Top Solder
 62
   216
100
AcDbModelerGeometry
290
     1
  2
{48edd821-c67d-4ea7-8727-b9dd4d4564c7}
  0
HATCH
  5
329
330
31F
100
AcDbEntity
  8
Top Solder
 62
   216
100
AcDbHatch
 10
0.0
 20
0.0
 30
0.0
210
0.0
220
0.0
230
1.0
  2
SOLID
 70
     1
 71
     1
 91
        1
 92
        1
 93
        1
 72
     2
 10
-6.35
 20
0.0
 40
0.9499980999999998
 50
0.0
 51
360.0
 73
     1
 97
        1
330
328
 75
     0
 76
     1
 98
        0
  0
REGION
  5
32A
102
{ACAD_REACTORS
330
32B
102
}
330
31F
100
AcDbEntity
  8
Pad Holes
 62
     7
100
AcDbModelerGeometry
290
     1
  2
{63c42565-7ca6-442e-b890-52394f3288ac}
  0
HATCH
  5
32B
330
31F
100
AcDbEntity
  8
Pad Holes
 62
     7
100
AcDbHatch
 10
0.0
 20
0.0
 30
0.0
210
0.0
220
0.0
230
1.0
  2
SOLID
 70
     1
 71
     1
 91
        1
 92
        1
 93
        1
 72
     2
 10
-6.35
 20
0.0
 40
0.499999
 50
0.0
 51
360.0
 73
     1
 97
        1
330
32A
 75
     0
 76
     1
 98
        0
  0
REGION
  5
32C
102
{ACAD_REACTORS
330
32D
102
}
330
31F
100
AcDbEntity
  8
Top Solder
 62
   216
100
AcDbModelerGeometry
290
     1
  2
{b4ebac96-253a-4129-8ff4-83cdad584ff3}
  0
HATCH
  5
32D
330
31F
100
AcDbEntity
  8
Top Solder
 62
   216
100
AcDbHatch
 10
0.0
 20
0.0
 30
0.0
210
0.0
220
0.0
230
1.0
  2
SOLID
 70
     1
 71
     1
 91
        1
 92
        1
 93
        1
 72
     2
 10
-8.889999999999999
 20
0.0
 40
0.9499980999999998
 50
0.0
 51
360.0
 73
     1
 97
        1
330
32C
 75
     0
 76
     1
 98
        0
  0
REGION
  5
32E
102
{ACAD_REACTORS
330
32F
102
}
330
31F
100
AcDbEntity
  8
Pad Holes
 62
     7
100
AcDbModelerGeometry
290
     1
  2
{c83515a6-85e3-4de3-8da5-5d8391607851}
  0
HATCH
  5
32F
330
31F
100
AcDbEntity
  8
Pad Holes
 62
     7
100
AcDbHatch
 10
0.0
 20
0.0
 30
0.0
210
0.0
220
0.0
230
1.0
  2
SOLID
 70
     1
 71
     1
 91
        1
 92
        1
 93
        1
 72
     2
 10
-8.889999999999999
 20
0.0
 40
0.499999
 50
0.0
 51
360.0
 73
     1
 97
        1
330
32E
 75
     0
 76
     1
 98
        0
  0
REGION
  5
330
102
{ACAD_REACTORS
330
331
102
}
330
31F
100
AcDbEntity
  8
Top Solder
 62
   216
100
AcDbModelerGeometry
290
     1
  2
{8a37f821-81f2-417e-ab14-66e1e11e4b36}
  0
HATCH
  5
331
330
31F
100
AcDbEntity
  8
Top Solder
 62
   216
100
AcDbHatch
 10
0.0
 20
0.0
 30
0.0
210
0.0
220
0.0
230
1.0
  2
SOLID
 70
     1
 71
     1
 91
        1
 92
        1
 93
        1
 72
     2
 10
-11.43
 20
0.0
 40
0.9499980999999998
 50
0.0
 51
360.0
 73
     1
 97
        1
330
330
 75
     0
 76
     1
 98
        0
  0
REGION
  5
332
102
{ACAD_REACTORS
330
333
102
}
330
31F
100
AcDbEntity
  8
Pad Holes
 62
     7
100
AcDbModelerGeometry
290
     1
  2
{c95b2e89-9bf0-4423-81d2-83be4f37237c}
  0
HATCH
  5
333
330
31F
100
AcDbEntity
  8
Pad Holes
 62
     7
100
AcDbHatch
 10
0.0
 20
0.0
 30
0.0
210
0.0
220
0.0
230
1.0
  2
SOLID
 70
     1
 71
     1
 91
        1
 92
        1
 93
        1
 72
     2
 10
-11.43
 20
0.0
 40
0.499999
 50
0.0
 51
360.0
 73
     1
 97
        1
330
332
 75
     0
 76
     1
 98
        0
  0
REGION
  5
334
102
{ACAD_REACTORS
330
335
102
}
330
31F
100
AcDbEntity
  8
Top Solder
 62
   216
100
AcDbModelerGeometry
290
     1
  2
{e9ee5900-e91e-483a-b39b-18f687a52486}
  0
HATCH
  5
335
330
31F
100
AcDbEntity
  8
Top Solder
 62
   216
100
AcDbHatch
 10
0.0
 20
0.0
 30
0.0
210
0.0
220
0.0
230
1.0
  2
SOLID
 70
     1
 71
     1
 91
        1
 92
        1
 93
        1
 72
     2
 10
1.27
 20
0.0
 40
0.9499980999999998
 50
0.0
 51
360.0
 73
     1
 97
        1
330
334
 75
     0
 76
     1
 98
        0
  0
REGION
  5
336
102
{ACAD_REACTORS
330
337
102
}
330
31F
100
AcDbEntity
  8
Pad Holes
 62
     7
100
AcDbModelerGeometry
290
     1
  2
{278b98e5-c808-449a-8fef-77f83239b7b1}
  0
HATCH
  5
337
330
31F
100
AcDbEntity
  8
Pad Holes
 62
     7
100
AcDbHatch
 10
0.0
 20
0.0
 30
0.0
210
0.0
220
0.0
230
1.0
  2
SOLID
 70
     1
 71
     1
 91
        1
 92
        1
 93
        1
 72
     2
 10
1.27
 20
0.0
 40
0.499999
 50
0.0
 51
360.0
 73
     1
 97
        1
330
336
 75
     0
 76
     1
 98
        0
  0
REGION
  5
338
102
{ACAD_REACTORS
330
339
102
}
330
31F
100
AcDbEntity
  8
Top Solder
 62
   216
100
AcDbModelerGeometry
290
     1
  2
{187a6050-b28b-400f-a603-9c51c9e37f8b}
  0
HATCH
  5
339
330
31F
100
AcDbEntity
  8
Top Solder
 62
   216
100
AcDbHatch
 10
0.0
 20
0.0
 30
0.0
210
0.0
220
0.0
230
1.0
  2
SOLID
 70
     1
 71
     1
 91
        1
 92
        1
 93
        1
 72
     2
 10
3.81
 20
0.0
 40
0.9499980999999998
 50
0.0
 51
360.0
 73
     1
 97
        1
330
338
 75
     0
 76
     1
 98
        0
  0
REGION
  5
33A
102
{ACAD_REACTORS
330
33B
102
}
330
31F
100
AcDbEntity
  8
Pad Holes
 62
     7
100
AcDbModelerGeometry
290
     1
  2
{9f3f49a8-fac4-462c-ae04-abe2bf2913e3}
  0
HATCH
  5
33B
330
31F
100
AcDbEntity
  8
Pad Holes
 62
     7
100
AcDbHatch
 10
0.0
 20
0.0
 30
0.0
210
0.0
220
0.0
230
1.0
  2
SOLID
 70
     1
 71
     1
 91
        1
 92
        1
 93
        1
 72
     2
 10
3.81
 20
0.0
 40
0.499999
 50
0.0
 51
360.0
 73
     1
 97
        1
330
33A
 75
     0
 76
     1
 98
        0
  0
REGION
  5
33C
102
{ACAD_REACTORS
330
33D
102
}
330
31F
100
AcDbEntity
  8
Top Solder
 62
   216
100
AcDbModelerGeometry
290
     1
  2
{f202a297-ef5e-4354-94f3-13f346b46604}
  0
HATCH
  5
33D
330
31F
100
AcDbEntity
  8
Top Solder
 62
   216
100
AcDbHatch
 10
0.0
 20
0.0
 30
0.0
210
0.0
220
0.0
230
1.0
  2
SOLID
 70
     1
 71
     1
 91
        1
 92
        1
 93
        1
 72
     2
 10
6.35
 20
0.0
 40
0.9499980999999998
 50
0.0
 51
360.0
 73
     1
 97
        1
330
33C
 75
     0
 76
     1
 98
        0
  0
REGION
  5
33E
102
{ACAD_REACTORS
330
33F
102
}
330
31F
100
AcDbEntity
  8
Pad Holes
 62
     7
100
AcDbModelerGeometry
290
     1
  2
{228687a9-fe09-4144-92b6-8151a5e01f22}
  0
HATCH
  5
33F
330
31F
100
AcDbEntity
  8
Pad Holes
 62
     7
100
AcDbHatch
 10
0.0
 20
0.0
 30
0.0
210
0.0
220
0.0
230
1.0
  2
SOLID
 70
     1
 71
     1
 91
        1
 92
        1
 93
        1
 72
     2
 10
6.35
 20
0.0
 40
0.499999
 50
0.0
 51
360.0
 73
     1
 97
        1
330
33E
 75
     0
 76
     1
 98
        0
  0
REGION
  5
340
102
{ACAD_REACTORS
330
341
102
}
330
31F
100
AcDbEntity
  8
Top Solder
 62
   216
100
AcDbModelerGeometry
290
     1
  2
{c85245f5-5894-466a-b51e-4ed9fb60c41e}
  0
HATCH
  5
341
330
31F
100
AcDbEntity
  8
Top Solder
 62
   216
100
AcDbHatch
 10
0.0
 20
0.0
 30
0.0
210
0.0
220
0.0
230
1.0
  2
SOLID
 70
     1
 71
     1
 91
        1
 92
        1
 93
        1
 72
     2
 10
8.889999999999999
 20
0.0
 40
0.9499980999999998
 50
0.0
 51
360.0
 73
     1
 97
        1
330
340
 75
     0
 76
     1
 98
        0
  0
REGION
  5
342
102
{ACAD_REACTORS
330
343
102
}
330
31F
100
AcDbEntity
  8
Pad Holes
 62
     7
100
AcDbModelerGeometry
290
     1
  2
{5d6aba70-5f1c-48a4-b7c0-76c54838bd9c}
  0
HATCH
  5
343
330
31F
100
AcDbEntity
  8
Pad Holes
 62
     7
100
AcDbHatch
 10
0.0
 20
0.0
 30
0.0
210
0.0
220
0.0
230
1.0
  2
SOLID
 70
     1
 71
     1
 91
        1
 92
        1
 93
        1
 72
     2
 10
8.889999999999999
 20
0.0
 40
0.499999
 50
0.0
 51
360.0
 73
     1
 97
        1
330
342
 75
     0
 76
     1
 98
        0
  0
REGION
  5
344
102
{ACAD_REACTORS
330
345
102
}
330
31F
100
AcDbEntity
  8
Top Solder
 62
   216
100
AcDbModelerGeometry
290
     1
  2
{813efbb8-0f31-426e-85dc-f85c7e94705e}
  0
HATCH
  5
345
330
31F
100
AcDbEntity
  8
Top Solder
 62
   216
100
AcDbHatch
 10
0.0
 20
0.0
 30
0.0
210
0.0
220
0.0
230
1.0
  2
SOLID
 70
     1
 71
     1
 91
        1
 92
        1
 93
        1
 72
     2
 10
11.43
 20
0.0
 40
0.9499980999999998
 50
0.0
 51
360.0
 73
     1
 97
        1
330
344
 75
     0
 76
     1
 98
        0
  0
REGION
  5
346
102
{ACAD_REACTORS
330
347
102
}
330
31F
100
AcDbEntity
  8
Pad Holes
 62
     7
100
AcDbModelerGeometry
290
     1
  2
{58f5e48b-e2d3-436e-bf92-994e9b4316c9}
  0
HATCH
  5
347
330
31F
100
AcDbEntity
  8
Pad Holes
 62
     7
100
AcDbHatch
 10
0.0
 20
0.0
 30
0.0
210
0.0
220
0.0
230
1.0
  2
SOLID
 70
     1
 71
     1
 91
        1
 92
        1
 93
        1
 72
     2
 10
11.43
 20
0.0
 40
0.499999
 50
0.0
 51
360.0
 73
     1
 97
        1
330
346
 75
     0
 76
     1
 98
        0
  0
ENDBLK
  5
3CA
330
31F
100
AcDbEntity
  8
0
100
AcDbBlockEnd
  0
BLOCK
  5
3CB
330
349
100
AcDbEntity
  8
0
100
AcDbBlockBegin
  2
TS42_3568
 70
     0
 10
0.0
 20
0.0
 30
0.0
  3
TS42_3568
  1

  0
REGION
  5
34A
102
{ACAD_REACTORS
330
34B
102
}
330
349
100
AcDbEntity
  8
Top Solder
 62
   216
100
AcDbModelerGeometry
290
     1
  2
{15612cee-b4be-483b-8175-e85c176ab648}
  0
HATCH
  5
34B
330
349
100
AcDbEntity
  8
Top Solder
 62
   216
100
AcDbHatch
 10
0.0
 20
0.0
 30
0.0
210
0.0
220
0.0
230
1.0
  2
SOLID
 70
     1
 71
     1
 91
        1
 92
        1
 93
        8
 72
     2
 10
4.8948594
 20
-0.5950204
 40
0.1550035
 50
270.0
 51
360.0
 73
     1
 72
     1
 10
5.0498629
 20
-0.5950204
 11
5.0498629
 21
0.5950203999999998
 72
     2
 10
4.8948594
 20
0.5950203999999999
 40
0.1550035
 50
0.0
 51
90.0
 73
     1
 72
     1
 10
4.8948594
 20
0.7500238999999999
 11
3.5049206
 21
0.7500239
 72
     2
 10
3.5049206
 20
0.5950204
 40
0.1550035
 50
90.0
 51
180.0
 73
     1
 72
     1
 10
3.3499171
 20
0.5950204
 11
3.3499171
 21
-0.5950203999999998
 72
     2
 10
3.5049206
 20
-0.5950203999999999
 40
0.1550035
 50
180.0
 51
270.0
 73
     1
 72
     1
 10
3.5049206
 20
-0.7500238999999999
 11
4.8948594
 21
-0.7500239
 97
        1
330
34A
 75
     0
 76
     1
 98
        0
  0
REGION
  5
34C
102
{ACAD_REACTORS
330
34D
102
}
330
349
100
AcDbEntity
  8
Top Solder
 62
   216
100
AcDbModelerGeometry
290
     1
  2
{b0a3641e-e1e6-4182-b7ba-5b0a251f09d3}
  0
HATCH
  5
34D
330
349
100
AcDbEntity
  8
Top Solder
 62
   216
100
AcDbHatch
 10
0.0
 20
0.0
 30
0.0
210
0.0
220
0.0
230
1.0
  2
SOLID
 70
     1
 71
     1
 91
        1
 92
        1
 93
        8
 72
     2
 10
-3.5049206
 20
1.6549116
 40
0.1550035
 50
270.0
 51
360.0
 73
     1
 72
     1
 10
-3.3499171
 20
1.6549116
 11
-3.3499171
 21
2.844952399999999
 72
     2
 10
-3.5049206
 20
2.844952399999999
 40
0.1550035
 50
0.0
 51
90.0
 73
     1
 72
     1
 10
-3.5049206
 20
2.999955899999999
 11
-4.8948594
 21
2.999955899999999
 72
     2
 10
-4.8948594
 20
2.844952399999999
 40
0.1550035
 50
90.0
 51
180.0
 73
     1
 72
     1
 10
-5.0498629
 20
2.844952399999999
 11
-5.0498629
 21
1.6549116
 72
     2
 10
-4.8948594
 20
1.6549116
 40
0.1550035
 50
180.0
 51
270.0
 73
     1
 72
     1
 10
-4.8948594
 20
1.4999081
 11
-3.5049206
 21
1.4999081
 97
        1
330
34C
 75
     0
 76
     1
 98
        0
  0
REGION
  5
34E
102
{ACAD_REACTORS
330
34F
102
}
330
349
100
AcDbEntity
  8
Top Solder
 62
   216
100
AcDbModelerGeometry
290
     1
  2
{61cb06f0-c105-45cd-9084-c175b9113c4c}
  0
HATCH
  5
34F
330
349
100
AcDbEntity
  8
Top Solder
 62
   216
100
AcDbHatch
 10
0.0
 20
0.0
 30
0.0
210
0.0
220
0.0
230
1.0
  2
SOLID
 70
     1
 71
     1
 91
        1
 92
        1
 93
        8
 72
     2
 10
4.8948594
 20
1.6549116
 40
0.1550035
 50
270.0
 51
360.0
 73
     1
 72
     1
 10
5.0498629
 20
1.6549116
 11
5.0498629
 21
2.844952399999999
 72
     2
 10
4.8948594
 20
2.844952399999999
 40
0.1550035
 50
0.0
 51
90.0
 73
     1
 72
     1
 10
4.8948594
 20
2.999955899999999
 11
3.5049206
 21
2.999955899999999
 72
     2
 10
3.5049206
 20
2.844952399999999
 40
0.1550035
 50
90.0
 51
180.0
 73
     1
 72
     1
 10
3.3499171
 20
2.844952399999999
 11
3.3499171
 21
1.6549116
 72
     2
 10
3.5049206
 20
1.6549116
 40
0.1550035
 50
180.0
 51
270.0
 73
     1
 72
     1
 10
3.5049206
 20
1.4999081
 11
4.8948594
 21
1.4999081
 97
        1
330
34E
 75
     0
 76
     1
 98
        0
  0
REGION
  5
350
102
{ACAD_REACTORS
330
351
102
}
330
349
100
AcDbEntity
  8
Top Solder
 62
   216
100
AcDbModelerGeometry
290
     1
  2
{2cecd170-c74e-42e7-bf5c-0893967a4975}
  0
HATCH
  5
351
330
349
100
AcDbEntity
  8
Top Solder
 62
   216
100
AcDbHatch
 10
0.0
 20
0.0
 30
0.0
210
0.0
220
0.0
230
1.0
  2
SOLID
 70
     1
 71
     1
 91
        1
 92
        1
 93
        8
 72
     2
 10
-3.5049206
 20
-2.844952399999999
 40
0.1550035
 50
270.0
 51
360.0
 73
     1
 72
     1
 10
-3.3499171
 20
-2.844952399999999
 11
-3.3499171
 21
-1.6549116
 72
     2
 10
-3.5049206
 20
-1.6549116
 40
0.1550035
 50
0.0
 51
90.0
 73
     1
 72
     1
 10
-3.5049206
 20
-1.4999081
 11
-4.8948594
 21
-1.4999081
 72
     2
 10
-4.8948594
 20
-1.6549116
 40
0.1550035
 50
90.0
 51
180.0
 73
     1
 72
     1
 10
-5.0498629
 20
-1.6549116
 11
-5.0498629
 21
-2.844952399999999
 72
     2
 10
-4.8948594
 20
-2.844952399999999
 40
0.1550035
 50
180.0
 51
270.0
 73
     1
 72
     1
 10
-4.8948594
 20
-2.999955899999999
 11
-3.5049206
 21
-2.999955899999999
 97
        1
330
350
 75
     0
 76
     1
 98
        0
  0
REGION
  5
352
102
{ACAD_REACTORS
330
353
102
}
330
349
100
AcDbEntity
  8
Top Solder
 62
   216
100
AcDbModelerGeometry
290
     1
  2
{626ff691-d61f-43d7-950f-3ab7383f1699}
  0
HATCH
  5
353
330
349
100
AcDbEntity
  8
Top Solder
 62
   216
100
AcDbHatch
 10
0.0
 20
0.0
 30
0.0
210
0.0
220
0.0
230
1.0
  2
SOLID
 70
     1
 71
     1
 91
        1
 92
        1
 93
        8
 72
     2
 10
4.8948594
 20
-2.844952399999999
 40
0.1550035
 50
270.0
 51
360.0
 73
     1
 72
     1
 10
5.0498629
 20
-2.844952399999999
 11
5.0498629
 21
-1.6549116
 72
     2
 10
4.8948594
 20
-1.6549116
 40
0.1550035
 50
0.0
 51
90.0
 73
     1
 72
     1
 10
4.8948594
 20
-1.4999081
 11
3.5049206
 21
-1.4999081
 72
     2
 10
3.5049206
 20
-1.6549116
 40
0.1550035
 50
90.0
 51
180.0
 73
     1
 72
     1
 10
3.3499171
 20
-1.6549116
 11
3.3499171
 21
-2.844952399999999
 72
     2
 10
3.5049206
 20
-2.844952399999999
 40
0.1550035
 50
180.0
 51
270.0
 73
     1
 72
     1
 10
3.5049206
 20
-2.999955899999999
 11
4.8948594
 21
-2.999955899999999
 97
        1
330
352
 75
     0
 76
     1
 98
        0
  0
ENDBLK
  5
3CC
330
349
100
AcDbEntity
  8
0
100
AcDbBlockEnd
  0
BLOCK
  5
3CD
330
355
100
AcDbEntity
  8
0
100
AcDbBlockBegin
  2
RES_0402_3569
 70
     0
 10
0.0
 20
0.0
 30
0.0
  3
RES_0402_3569
  1

  0
REGION
  5
356
102
{ACAD_REACTORS
330
357
102
}
330
355
100
AcDbEntity
  8
Top Solder
 62
   216
100
AcDbModelerGeometry
290
     1
  2
{cc335adb-fccc-4ed5-aafc-87673b33dcb1}
  0
HATCH
  5
357
330
355
100
AcDbEntity
  8
Top Solder
 62
   216
100
AcDbHatch
 10
0.0
 20
0.0
 30
0.0
210
0.0
220
0.0
230
1.0
  2
SOLID
 70
     1
 71
     1
 91
        1
 92
        1
 93
        8
 72
     2
 10
0.34024951
 20
0.14975078
 40
0.19024854
 50
90.0
 51
180.0
 73
     1
 72
     1
 10
0.15000097
 20
0.14975078
 11
0.15000097
 21
-0.14975078
 72
     2
 10
0.34024951
 20
-0.14975078
 40
0.19024854
 50
180.0
 51
270.0
 73
     1
 72
     1
 10
0.3402495099999999
 20
-0.33999932
 11
0.60975113
 21
-0.33999932
 72
     2
 10
0.60975113
 20
-0.14975078
 40
0.19024854
 50
270.0
 51
360.0
 73
     1
 72
     1
 10
0.79999967
 20
-0.14975078
 11
0.79999967
 21
0.14975078
 72
     2
 10
0.60975113
 20
0.14975078
 40
0.19024854
 50
0.0
 51
90.0
 73
     1
 72
     1
 10
0.60975113
 20
0.33999932
 11
0.34024951
 21
0.33999932
 97
        1
330
356
 75
     0
 76
     1
 98
        0
  0
REGION
  5
358
102
{ACAD_REACTORS
330
359
102
}
330
355
100
AcDbEntity
  8
Top Solder
 62
   216
100
AcDbModelerGeometry
290
     1
  2
{afe36719-22fe-47e6-9671-9718c9753b35}
  0
HATCH
  5
359
330
355
100
AcDbEntity
  8
Top Solder
 62
   216
100
AcDbHatch
 10
0.0
 20
0.0
 30
0.0
210
0.0
220
0.0
230
1.0
  2
SOLID
 70
     1
 71
     1
 91
        1
 92
        1
 93
        8
 72
     2
 10
-0.34024951
 20
-0.14975078
 40
0.19024854
 50
270.0
 51
360.0
 73
     1
 72
     1
 10
-0.15000097
 20
-0.14975078
 11
-0.15000097
 21
0.14975078
 72
     2
 10
-0.34024951
 20
0.14975078
 40
0.19024854
 50
0.0
 51
90.0
 73
     1
 72
     1
 10
-0.34024951
 20
0.33999932
 11
-0.60975113
 21
0.33999932
 72
     2
 10
-0.60975113
 20
0.14975078
 40
0.19024854
 50
90.0
 51
180.0
 73
     1
 72
     1
 10
-0.79999967
 20
0.14975078
 11
-0.79999967
 21
-0.14975078
 72
     2
 10
-0.60975113
 20
-0.14975078
 40
0.19024854
 50
180.0
 51
270.0
 73
     1
 72
     1
 10
-0.60975113
 20
-0.33999932
 11
-0.34024951
 21
-0.33999932
 97
        1
330
358
 75
     0
 76
     1
 98
        0
  0
ENDBLK
  5
3CE
330
355
100
AcDbEntity
  8
0
100
AcDbBlockEnd
  0
BLOCK
  5
3CF
330
35B
100
AcDbEntity
  8
0
100
AcDbBlockBegin
  2
LEDC1608X80N_AK_3570
 70
     0
 10
0.0
 20
0.0
 30
0.0
  3
LEDC1608X80N_AK_3570
  1

  0
REGION
  5
35C
102
{ACAD_REACTORS
330
35D
102
}
330
35B
100
AcDbEntity
  8
Top Solder
 62
   216
100
AcDbModelerGeometry
290
     1
  2
{0e128acf-3086-42d8-9ed9-758e70a0e124}
  0
HATCH
  5
35D
330
35B
100
AcDbEntity
  8
Top Solder
 62
   216
100
AcDbHatch
 10
0.0
 20
0.0
 30
0.0
210
0.0
220
0.0
230
1.0
  2
SOLID
 70
     1
 71
     1
 91
        1
 92
        1
 93
        8
 72
     2
 10
-0.54499891
 20
-0.2550007599999999
 40
0.22999954
 50
270.0
 51
360.0
 73
     1
 72
     1
 10
-0.31499937
 20
-0.2550007599999999
 11
-0.31499937
 21
0.25500076
 72
     2
 10
-0.54499891
 20
0.25500076
 40
0.22999954
 50
0.0
 51
90.0
 73
     1
 72
     1
 10
-0.54499891
 20
0.4850003000000001
 11
-0.9050007299999999
 21
0.4850002999999999
 72
     2
 10
-0.9050007299999999
 20
0.2550007599999999
 40
0.22999954
 50
90.0
 51
180.0
 73
     1
 72
     1
 10
-1.13500027
 20
0.25500076
 11
-1.13500027
 21
-0.25500076
 72
     2
 10
-0.9050007299999999
 20
-0.25500076
 40
0.22999954
 50
180.0
 51
270.0
 73
     1
 72
     1
 10
-0.9050007299999999
 20
-0.4850003000000001
 11
-0.54499891
 21
-0.4850002999999999
 97
        1
330
35C
 75
     0
 76
     1
 98
        0
  0
REGION
  5
35E
102
{ACAD_REACTORS
330
35F
102
}
330
35B
100
AcDbEntity
  8
Top Solder
 62
   216
100
AcDbModelerGeometry
290
     1
  2
{a03e1951-645a-4c3e-ab1e-9917fc2b906e}
  0
HATCH
  5
35F
330
35B
100
AcDbEntity
  8
Top Solder
 62
   216
100
AcDbHatch
 10
0.0
 20
0.0
 30
0.0
210
0.0
220
0.0
230
1.0
  2
SOLID
 70
     1
 71
     1
 91
        1
 92
        1
 93
        8
 72
     2
 10
0.54499891
 20
0.25500076
 40
0.22999954
 50
90.0
 51
180.0
 73
     1
 72
     1
 10
0.31499937
 20
0.25500076
 11
0.31499937
 21
-0.2550007599999999
 72
     2
 10
0.54499891
 20
-0.25500076
 40
0.22999954
 50
180.0
 51
270.0
 73
     1
 72
     1
 10
0.54499891
 20
-0.4850002999999999
 11
0.9050007299999999
 21
-0.4850002999999999
 72
     2
 10
0.9050007299999999
 20
-0.25500076
 40
0.22999954
 50
270.0
 51
360.0
 73
     1
 72
     1
 10
1.13500027
 20
-0.25500076
 11
1.13500027
 21
0.25500076
 72
     2
 10
0.9050007299999999
 20
0.25500076
 40
0.22999954
 50
0.0
 51
90.0
 73
     1
 72
     1
 10
0.9050007299999999
 20
0.4850002999999999
 11
0.54499891
 21
0.4850002999999999
 97
        1
330
35E
 75
     0
 76
     1
 98
        0
  0
ENDBLK
  5
3D0
330
35B
100
AcDbEntity
  8
0
100
AcDbBlockEnd
  0
BLOCK
  5
3D1
330
361
100
AcDbEntity
  8
0
100
AcDbBlockBegin
  2
TS42_3571
 70
     0
 10
0.0
 20
0.0
 30
0.0
  3
TS42_3571
  1

  0
REGION
  5
362
102
{ACAD_REACTORS
330
363
102
}
330
361
100
AcDbEntity
  8
Top Solder
 62
   216
100
AcDbModelerGeometry
290
     1
  2
{bc2c52ec-eee2-46bf-959a-893152f3ec2f}
  0
HATCH
  5
363
330
361
100
AcDbEntity
  8
Top Solder
 62
   216
100
AcDbHatch
 10
0.0
 20
0.0
 30
0.0
210
0.0
220
0.0
230
1.0
  2
SOLID
 70
     1
 71
     1
 91
        1
 92
        1
 93
        8
 72
     2
 10
4.8948594
 20
-0.5950204
 40
0.1550035
 50
270.0
 51
360.0
 73
     1
 72
     1
 10
5.0498629
 20
-0.5950204
 11
5.0498629
 21
0.5950203999999998
 72
     2
 10
4.8948594
 20
0.5950203999999999
 40
0.1550035
 50
0.0
 51
90.0
 73
     1
 72
     1
 10
4.8948594
 20
0.7500238999999999
 11
3.5049206
 21
0.7500239
 72
     2
 10
3.5049206
 20
0.5950204
 40
0.1550035
 50
90.0
 51
180.0
 73
     1
 72
     1
 10
3.3499171
 20
0.5950204
 11
3.3499171
 21
-0.5950203999999998
 72
     2
 10
3.5049206
 20
-0.5950203999999999
 40
0.1550035
 50
180.0
 51
270.0
 73
     1
 72
     1
 10
3.5049206
 20
-0.7500238999999999
 11
4.8948594
 21
-0.7500239
 97
        1
330
362
 75
     0
 76
     1
 98
        0
  0
REGION
  5
364
102
{ACAD_REACTORS
330
365
102
}
330
361
100
AcDbEntity
  8
Top Solder
 62
   216
100
AcDbModelerGeometry
290
     1
  2
{5a88aed6-c1e9-4c86-9a5e-881967cbd1d9}
  0
HATCH
  5
365
330
361
100
AcDbEntity
  8
Top Solder
 62
   216
100
AcDbHatch
 10
0.0
 20
0.0
 30
0.0
210
0.0
220
0.0
230
1.0
  2
SOLID
 70
     1
 71
     1
 91
        1
 92
        1
 93
        8
 72
     2
 10
-3.5049206
 20
1.6549116
 40
0.1550035
 50
270.0
 51
360.0
 73
     1
 72
     1
 10
-3.3499171
 20
1.6549116
 11
-3.3499171
 21
2.844952399999999
 72
     2
 10
-3.5049206
 20
2.844952399999999
 40
0.1550035
 50
0.0
 51
90.0
 73
     1
 72
     1
 10
-3.5049206
 20
2.999955899999999
 11
-4.8948594
 21
2.999955899999999
 72
     2
 10
-4.8948594
 20
2.844952399999999
 40
0.1550035
 50
90.0
 51
180.0
 73
     1
 72
     1
 10
-5.0498629
 20
2.844952399999999
 11
-5.0498629
 21
1.6549116
 72
     2
 10
-4.8948594
 20
1.6549116
 40
0.1550035
 50
180.0
 51
270.0
 73
     1
 72
     1
 10
-4.8948594
 20
1.4999081
 11
-3.5049206
 21
1.4999081
 97
        1
330
364
 75
     0
 76
     1
 98
        0
  0
REGION
  5
366
102
{ACAD_REACTORS
330
367
102
}
330
361
100
AcDbEntity
  8
Top Solder
 62
   216
100
AcDbModelerGeometry
290
     1
  2
{40a30c21-4292-4305-add3-6ebea32e5eca}
  0
HATCH
  5
367
330
361
100
AcDbEntity
  8
Top Solder
 62
   216
100
AcDbHatch
 10
0.0
 20
0.0
 30
0.0
210
0.0
220
0.0
230
1.0
  2
SOLID
 70
     1
 71
     1
 91
        1
 92
        1
 93
        8
 72
     2
 10
4.8948594
 20
1.6549116
 40
0.1550035
 50
270.0
 51
360.0
 73
     1
 72
     1
 10
5.0498629
 20
1.6549116
 11
5.0498629
 21
2.844952399999999
 72
     2
 10
4.8948594
 20
2.844952399999999
 40
0.1550035
 50
0.0
 51
90.0
 73
     1
 72
     1
 10
4.8948594
 20
2.999955899999999
 11
3.5049206
 21
2.999955899999999
 72
     2
 10
3.5049206
 20
2.844952399999999
 40
0.1550035
 50
90.0
 51
180.0
 73
     1
 72
     1
 10
3.3499171
 20
2.844952399999999
 11
3.3499171
 21
1.6549116
 72
     2
 10
3.5049206
 20
1.6549116
 40
0.1550035
 50
180.0
 51
270.0
 73
     1
 72
     1
 10
3.5049206
 20
1.4999081
 11
4.8948594
 21
1.4999081
 97
        1
330
366
 75
     0
 76
     1
 98
        0
  0
REGION
  5
368
102
{ACAD_REACTORS
330
369
102
}
330
361
100
AcDbEntity
  8
Top Solder
 62
   216
100
AcDbModelerGeometry
290
     1
  2
{36f52a71-ec13-4784-af34-d9de7e53de08}
  0
HATCH
  5
369
330
361
100
AcDbEntity
  8
Top Solder
 62
   216
100
AcDbHatch
 10
0.0
 20
0.0
 30
0.0
210
0.0
220
0.0
230
1.0
  2
SOLID
 70
     1
 71
     1
 91
        1
 92
        1
 93
        8
 72
     2
 10
-3.5049206
 20
-2.844952399999999
 40
0.1550035
 50
270.0
 51
360.0
 73
     1
 72
     1
 10
-3.3499171
 20
-2.844952399999999
 11
-3.3499171
 21
-1.6549116
 72
     2
 10
-3.5049206
 20
-1.6549116
 40
0.1550035
 50
0.0
 51
90.0
 73
     1
 72
     1
 10
-3.5049206
 20
-1.4999081
 11
-4.8948594
 21
-1.4999081
 72
     2
 10
-4.8948594
 20
-1.6549116
 40
0.1550035
 50
90.0
 51
180.0
 73
     1
 72
     1
 10
-5.0498629
 20
-1.6549116
 11
-5.0498629
 21
-2.844952399999999
 72
     2
 10
-4.8948594
 20
-2.844952399999999
 40
0.1550035
 50
180.0
 51
270.0
 73
     1
 72
     1
 10
-4.8948594
 20
-2.999955899999999
 11
-3.5049206
 21
-2.999955899999999
 97
        1
330
368
 75
     0
 76
     1
 98
        0
  0
REGION
  5
36A
102
{ACAD_REACTORS
330
36B
102
}
330
361
100
AcDbEntity
  8
Top Solder
 62
   216
100
AcDbModelerGeometry
290
     1
  2
{46ec3cc9-61a3-48b6-b8b5-4eeff2873b0e}
  0
HATCH
  5
36B
330
361
100
AcDbEntity
  8
Top Solder
 62
   216
100
AcDbHatch
 10
0.0
 20
0.0
 30
0.0
210
0.0
220
0.0
230
1.0
  2
SOLID
 70
     1
 71
     1
 91
        1
 92
        1
 93
        8
 72
     2
 10
4.8948594
 20
-2.844952399999999
 40
0.1550035
 50
270.0
 51
360.0
 73
     1
 72
     1
 10
5.0498629
 20
-2.844952399999999
 11
5.0498629
 21
-1.6549116
 72
     2
 10
4.8948594
 20
-1.6549116
 40
0.1550035
 50
0.0
 51
90.0
 73
     1
 72
     1
 10
4.8948594
 20
-1.4999081
 11
3.5049206
 21
-1.4999081
 72
     2
 10
3.5049206
 20
-1.6549116
 40
0.1550035
 50
90.0
 51
180.0
 73
     1
 72
     1
 10
3.3499171
 20
-1.6549116
 11
3.3499171
 21
-2.844952399999999
 72
     2
 10
3.5049206
 20
-2.844952399999999
 40
0.1550035
 50
180.0
 51
270.0
 73
     1
 72
     1
 10
3.5049206
 20
-2.999955899999999
 11
4.8948594
 21
-2.999955899999999
 97
        1
330
36A
 75
     0
 76
     1
 98
        0
  0
ENDBLK
  5
3D2
330
361
100
AcDbEntity
  8
0
100
AcDbBlockEnd
  0
BLOCK
  5
3D3
330
36D
100
AcDbEntity
  8
0
100
AcDbBlockBegin
  2
RES_0402_3572
 70
     0
 10
0.0
 20
0.0
 30
0.0
  3
RES_0402_3572
  1

  0
REGION
  5
36E
102
{ACAD_REACTORS
330
36F
102
}
330
36D
100
AcDbEntity
  8
Top Solder
 62
   216
100
AcDbModelerGeometry
290
     1
  2
{745f96d6-7708-4d81-a714-f05e22c2dcdb}
  0
HATCH
  5
36F
330
36D
100
AcDbEntity
  8
Top Solder
 62
   216
100
AcDbHatch
 10
0.0
 20
0.0
 30
0.0
210
0.0
220
0.0
230
1.0
  2
SOLID
 70
     1
 71
     1
 91
        1
 92
        1
 93
        8
 72
     2
 10
0.34024951
 20
0.14975078
 40
0.19024854
 50
90.0
 51
180.0
 73
     1
 72
     1
 10
0.15000097
 20
0.14975078
 11
0.15000097
 21
-0.14975078
 72
     2
 10
0.34024951
 20
-0.14975078
 40
0.19024854
 50
180.0
 51
270.0
 73
     1
 72
     1
 10
0.3402495099999999
 20
-0.33999932
 11
0.60975113
 21
-0.33999932
 72
     2
 10
0.60975113
 20
-0.14975078
 40
0.19024854
 50
270.0
 51
360.0
 73
     1
 72
     1
 10
0.79999967
 20
-0.14975078
 11
0.79999967
 21
0.14975078
 72
     2
 10
0.60975113
 20
0.14975078
 40
0.19024854
 50
0.0
 51
90.0
 73
     1
 72
     1
 10
0.60975113
 20
0.33999932
 11
0.34024951
 21
0.33999932
 97
        1
330
36E
 75
     0
 76
     1
 98
        0
  0
REGION
  5
370
102
{ACAD_REACTORS
330
371
102
}
330
36D
100
AcDbEntity
  8
Top Solder
 62
   216
100
AcDbModelerGeometry
290
     1
  2
{a06aeda5-e0bc-477c-a1c1-ed55c0d564b3}
  0
HATCH
  5
371
330
36D
100
AcDbEntity
  8
Top Solder
 62
   216
100
AcDbHatch
 10
0.0
 20
0.0
 30
0.0
210
0.0
220
0.0
230
1.0
  2
SOLID
 70
     1
 71
     1
 91
        1
 92
        1
 93
        8
 72
     2
 10
-0.34024951
 20
-0.14975078
 40
0.19024854
 50
270.0
 51
360.0
 73
     1
 72
     1
 10
-0.15000097
 20
-0.14975078
 11
-0.15000097
 21
0.14975078
 72
     2
 10
-0.34024951
 20
0.14975078
 40
0.19024854
 50
0.0
 51
90.0
 73
     1
 72
     1
 10
-0.34024951
 20
0.33999932
 11
-0.60975113
 21
0.33999932
 72
     2
 10
-0.60975113
 20
0.14975078
 40
0.19024854
 50
90.0
 51
180.0
 73
     1
 72
     1
 10
-0.79999967
 20
0.14975078
 11
-0.79999967
 21
-0.14975078
 72
     2
 10
-0.60975113
 20
-0.14975078
 40
0.19024854
 50
180.0
 51
270.0
 73
     1
 72
     1
 10
-0.60975113
 20
-0.33999932
 11
-0.34024951
 21
-0.33999932
 97
        1
330
370
 75
     0
 76
     1
 98
        0
  0
ENDBLK
  5
3D4
330
36D
100
AcDbEntity
  8
0
100
AcDbBlockEnd
  0
BLOCK
  5
3D5
330
373
100
AcDbEntity
  8
0
100
AcDbBlockBegin
  2
RES_0402_3573
 70
     0
 10
0.0
 20
0.0
 30
0.0
  3
RES_0402_3573
  1

  0
REGION
  5
374
102
{ACAD_REACTORS
330
375
102
}
330
373
100
AcDbEntity
  8
Top Solder
 62
   216
100
AcDbModelerGeometry
290
     1
  2
{d4f0bc68-096a-41c6-925f-b4fe0ac97c3c}
  0
HATCH
  5
375
330
373
100
AcDbEntity
  8
Top Solder
 62
   216
100
AcDbHatch
 10
0.0
 20
0.0
 30
0.0
210
0.0
220
0.0
230
1.0
  2
SOLID
 70
     1
 71
     1
 91
        1
 92
        1
 93
        8
 72
     2
 10
0.34025205
 20
0.14975078
 40
0.19024854
 50
90.0
 51
180.0
 73
     1
 72
     1
 10
0.15000351
 20
0.14975078
 11
0.15000351
 21
-0.14975078
 72
     2
 10
0.34025205
 20
-0.14975078
 40
0.19024854
 50
180.0
 51
270.0
 73
     1
 72
     1
 10
0.3402520499999999
 20
-0.33999932
 11
0.60975367
 21
-0.33999932
 72
     2
 10
0.60975367
 20
-0.14975078
 40
0.19024854
 50
270.0
 51
360.0
 73
     1
 72
     1
 10
0.80000221
 20
-0.14975078
 11
0.80000221
 21
0.14975078
 72
     2
 10
0.60975367
 20
0.14975078
 40
0.19024854
 50
0.0
 51
90.0
 73
     1
 72
     1
 10
0.60975367
 20
0.33999932
 11
0.34025205
 21
0.33999932
 97
        1
330
374
 75
     0
 76
     1
 98
        0
  0
REGION
  5
376
102
{ACAD_REACTORS
330
377
102
}
330
373
100
AcDbEntity
  8
Top Solder
 62
   216
100
AcDbModelerGeometry
290
     1
  2
{5cbf143e-24ca-4578-8b99-a2ca8ae0abc9}
  0
HATCH
  5
377
330
373
100
AcDbEntity
  8
Top Solder
 62
   216
100
AcDbHatch
 10
0.0
 20
0.0
 30
0.0
210
0.0
220
0.0
230
1.0
  2
SOLID
 70
     1
 71
     1
 91
        1
 92
        1
 93
        8
 72
     2
 10
-0.34025205
 20
-0.14975078
 40
0.19024854
 50
270.0
 51
360.0
 73
     1
 72
     1
 10
-0.15000351
 20
-0.14975078
 11
-0.15000351
 21
0.14975078
 72
     2
 10
-0.34025205
 20
0.14975078
 40
0.19024854
 50
0.0
 51
90.0
 73
     1
 72
     1
 10
-0.34025205
 20
0.33999932
 11
-0.60975367
 21
0.33999932
 72
     2
 10
-0.60975367
 20
0.14975078
 40
0.19024854
 50
90.0
 51
180.0
 73
     1
 72
     1
 10
-0.80000221
 20
0.1497507800000001
 11
-0.80000221
 21
-0.1497507799999999
 72
     2
 10
-0.60975367
 20
-0.14975078
 40
0.19024854
 50
180.0
 51
270.0
 73
     1
 72
     1
 10
-0.60975367
 20
-0.33999932
 11
-0.34025205
 21
-0.33999932
 97
        1
330
376
 75
     0
 76
     1
 98
        0
  0
ENDBLK
  5
3D6
330
373
100
AcDbEntity
  8
0
100
AcDbBlockEnd
  0
ENDSEC
  0
SECTION
  2
ENTITIES
  0
REGION
  5
61
102
{ACAD_REACTORS
330
62
102
}
330
1F
100
AcDbEntity
  8
Via Holes
 62
     7
100
AcDbModelerGeometry
290
     1
  2
{dbebb474-805e-4602-a5c2-96e266315666}
  0
HATCH
  5
62
330
1F
100
AcDbEntity
  8
Via Holes
 62
     7
100
AcDbHatch
 10
0.0
 20
0.0
 30
0.0
210
0.0
220
0.0
230
1.0
  2
SOLID
 70
     1
 71
     1
 91
        1
 92
        1
 93
        1
 72
     2
 10
6.4442467
 20
14.16637248
 40
0.1499997
 50
0.0
 51
360.0
 73
     1
 97
        1
330
61
 75
     0
 76
     1
 98
        0
  0
REGION
  5
63
102
{ACAD_REACTORS
330
64
102
}
330
1F
100
AcDbEntity
  8
Via Holes
 62
     7
100
AcDbModelerGeometry
290
     1
  2
{0958d2e6-ab7f-4646-af8a-4290e7ae662a}
  0
HATCH
  5
64
330
1F
100
AcDbEntity
  8
Via Holes
 62
     7
100
AcDbHatch
 10
0.0
 20
0.0
 30
0.0
210
0.0
220
0.0
230
1.0
  2
SOLID
 70
     1
 71
     1
 91
        1
 92
        1
 93
        1
 72
     2
 10
6.60713944
 20
15.31000494
 40
0.1499997
 50
0.0
 51
360.0
 73
     1
 97
        1
330
63
 75
     0
 76
     1
 98
        0
  0
REGION
  5
65
102
{ACAD_REACTORS
330
66
102
}
330
1F
100
AcDbEntity
  8
Via Holes
 62
     7
100
AcDbModelerGeometry
290
     1
  2
{ee448fe2-655c-4926-adc0-ea11b56d666b}
  0
HATCH
  5
66
330
1F
100
AcDbEntity
  8
Via Holes
 62
     7
100
AcDbHatch
 10
0.0
 20
0.0
 30
0.0
210
0.0
220
0.0
230
1.0
  2
SOLID
 70
     1
 71
     1
 91
        1
 92
        1
 93
        1
 72
     2
 10
8.254812040000001
 20
7.155558459999999
 40
0.1499997
 50
0.0
 51
360.0
 73
     1
 97
        1
330
65
 75
     0
 76
     1
 98
        0
  0
REGION
  5
67
102
{ACAD_REACTORS
330
68
102
}
330
1F
100
AcDbEntity
  8
Via Holes
 62
     7
100
AcDbModelerGeometry
290
     1
  2
{6d37572b-51d4-4cc1-a15a-e2f37bddf619}
  0
HATCH
  5
68
330
1F
100
AcDbEntity
  8
Via Holes
 62
     7
100
AcDbHatch
 10
0.0
 20
0.0
 30
0.0
210
0.0
220
0.0
230
1.0
  2
SOLID
 70
     1
 71
     1
 91
        1
 92
        1
 93
        1
 72
     2
 10
10.3673656
 20
13.31182504
 40
0.1499997
 50
0.0
 51
360.0
 73
     1
 97
        1
330
67
 75
     0
 76
     1
 98
        0
  0
REGION
  5
69
102
{ACAD_REACTORS
330
6A
102
}
330
1F
100
AcDbEntity
  8
Via Holes
 62
     7
100
AcDbModelerGeometry
290
     1
  2
{d6d9ba2b-32d6-4097-ab83-d450eefc0ca2}
  0
HATCH
  5
6A
330
1F
100
AcDbEntity
  8
Via Holes
 62
     7
100
AcDbHatch
 10
0.0
 20
0.0
 30
0.0
210
0.0
220
0.0
230
1.0
  2
SOLID
 70
     1
 71
     1
 91
        1
 92
        1
 93
        1
 72
     2
 10
12.74995672
 20
7.04995542
 40
0.1499997
 50
0.0
 51
360.0
 73
     1
 97
        1
330
69
 75
     0
 76
     1
 98
        0
  0
REGION
  5
6B
102
{ACAD_REACTORS
330
6C
102
}
330
1F
100
AcDbEntity
  8
Via Holes
 62
     7
100
AcDbModelerGeometry
290
     1
  2
{81d4557a-dc2f-44a4-8938-7daf81c80247}
  0
HATCH
  5
6C
330
1F
100
AcDbEntity
  8
Via Holes
 62
     7
100
AcDbHatch
 10
0.0
 20
0.0
 30
0.0
210
0.0
220
0.0
230
1.0
  2
SOLID
 70
     1
 71
     1
 91
        1
 92
        1
 93
        1
 72
     2
 10
26.73273292
 20
18.81405178
 40
0.1499997
 50
0.0
 51
360.0
 73
     1
 97
        1
330
6B
 75
     0
 76
     1
 98
        0
  0
REGION
  5
6D
102
{ACAD_REACTORS
330
6E
102
}
330
1F
100
AcDbEntity
  8
Via Holes
 62
     7
100
AcDbModelerGeometry
290
     1
  2
{f7062769-9896-4629-85a8-5951b7c27a04}
  0
HATCH
  5
6E
330
1F
100
AcDbEntity
  8
Via Holes
 62
     7
100
AcDbHatch
 10
0.0
 20
0.0
 30
0.0
210
0.0
220
0.0
230
1.0
  2
SOLID
 70
     1
 71
     1
 91
        1
 92
        1
 93
        1
 72
     2
 10
12.77502906
 20
14.33000944
 40
0.1499997
 50
0.0
 51
360.0
 73
     1
 97
        1
330
6D
 75
     0
 76
     1
 98
        0
  0
REGION
  5
6F
102
{ACAD_REACTORS
330
70
102
}
330
1F
100
AcDbEntity
  8
Via Holes
 62
     7
100
AcDbModelerGeometry
290
     1
  2
{57f533d0-90a5-4d91-9d6f-4a331401446f}
  0
HATCH
  5
70
330
1F
100
AcDbEntity
  8
Via Holes
 62
     7
100
AcDbHatch
 10
0.0
 20
0.0
 30
0.0
210
0.0
220
0.0
230
1.0
  2
SOLID
 70
     1
 71
     1
 91
        1
 92
        1
 93
        1
 72
     2
 10
22.74995704
 20
9.95508042
 40
0.1499997
 50
0.0
 51
360.0
 73
     1
 97
        1
330
6F
 75
     0
 76
     1
 98
        0
  0
REGION
  5
71
102
{ACAD_REACTORS
330
72
102
}
330
1F
100
AcDbEntity
  8
Via Holes
 62
     7
100
AcDbModelerGeometry
290
     1
  2
{2d435117-7b84-4199-8e7b-9042f93dd931}
  0
HATCH
  5
72
330
1F
100
AcDbEntity
  8
Via Holes
 62
     7
100
AcDbHatch
 10
0.0
 20
0.0
 30
0.0
210
0.0
220
0.0
230
1.0
  2
SOLID
 70
     1
 71
     1
 91
        1
 92
        1
 93
        1
 72
     2
 10
18.27502822
 20
7.03001134
 40
0.1499997
 50
0.0
 51
360.0
 73
     1
 97
        1
330
71
 75
     0
 76
     1
 98
        0
  0
REGION
  5
73
102
{ACAD_REACTORS
330
74
102
}
330
1F
100
AcDbEntity
  8
Via Holes
 62
     7
100
AcDbModelerGeometry
290
     1
  2
{0e79b57a-4104-4cfc-87ff-3dd9d9a7d542}
  0
HATCH
  5
74
330
1F
100
AcDbEntity
  8
Via Holes
 62
     7
100
AcDbHatch
 10
0.0
 20
0.0
 30
0.0
210
0.0
220
0.0
230
1.0
  2
SOLID
 70
     1
 71
     1
 91
        1
 92
        1
 93
        1
 72
     2
 10
21.675217
 20
15.1668226
 40
0.1499997
 50
0.0
 51
360.0
 73
     1
 97
        1
330
73
 75
     0
 76
     1
 98
        0
  0
REGION
  5
75
102
{ACAD_REACTORS
330
76
102
}
330
1F
100
AcDbEntity
  8
Via Holes
 62
     7
100
AcDbModelerGeometry
290
     1
  2
{019372fb-631f-427b-b32a-9a0e793d1478}
  0
HATCH
  5
76
330
1F
100
AcDbEntity
  8
Via Holes
 62
     7
100
AcDbHatch
 10
0.0
 20
0.0
 30
0.0
210
0.0
220
0.0
230
1.0
  2
SOLID
 70
     1
 71
     1
 91
        1
 92
        1
 93
        1
 72
     2
 10
19.42502338
 20
12.18000358
 40
0.1499997
 50
0.0
 51
360.0
 73
     1
 97
        1
330
75
 75
     0
 76
     1
 98
        0
  0
REGION
  5
77
102
{ACAD_REACTORS
330
78
102
}
330
1F
100
AcDbEntity
  8
Via Holes
 62
     7
100
AcDbModelerGeometry
290
     1
  2
{e9178bf7-5b70-4cd1-839b-81345c13e978}
  0
HATCH
  5
78
330
1F
100
AcDbEntity
  8
Via Holes
 62
     7
100
AcDbHatch
 10
0.0
 20
0.0
 30
0.0
210
0.0
220
0.0
230
1.0
  2
SOLID
 70
     1
 71
     1
 91
        1
 92
        1
 93
        1
 72
     2
 10
10.41051512
 20
15.36050522
 40
0.1499997
 50
0.0
 51
360.0
 73
     1
 97
        1
330
77
 75
     0
 76
     1
 98
        0
  0
REGION
  5
79
102
{ACAD_REACTORS
330
7A
102
}
330
1F
100
AcDbEntity
  8
Via Holes
 62
     7
100
AcDbModelerGeometry
290
     1
  2
{4fa9515e-259d-481c-bd57-bb6fedd2e94b}
  0
HATCH
  5
7A
330
1F
100
AcDbEntity
  8
Via Holes
 62
     7
100
AcDbHatch
 10
0.0
 20
0.0
 30
0.0
210
0.0
220
0.0
230
1.0
  2
SOLID
 70
     1
 71
     1
 91
        1
 92
        1
 93
        1
 72
     2
 10
31.67238776
 20
15.5799917
 40
0.1499997
 50
0.0
 51
360.0
 73
     1
 97
        1
330
79
 75
     0
 76
     1
 98
        0
  0
REGION
  5
7B
102
{ACAD_REACTORS
330
7C
102
}
330
1F
100
AcDbEntity
  8
Via Holes
 62
     7
100
AcDbModelerGeometry
290
     1
  2
{b124a908-507c-4984-b865-213961b8abe8}
  0
HATCH
  5
7C
330
1F
100
AcDbEntity
  8
Via Holes
 62
     7
100
AcDbHatch
 10
0.0
 20
0.0
 30
0.0
210
0.0
220
0.0
230
1.0
  2
SOLID
 70
     1
 71
     1
 91
        1
 92
        1
 93
        1
 72
     2
 10
32.65809064
 20
14.96852988
 40
0.1499997
 50
0.0
 51
360.0
 73
     1
 97
        1
330
7B
 75
     0
 76
     1
 98
        0
  0
REGION
  5
7D
102
{ACAD_REACTORS
330
7E
102
}
330
1F
100
AcDbEntity
  8
Via Holes
 62
     7
100
AcDbModelerGeometry
290
     1
  2
{f79783ea-93bd-445e-a51e-6c1d537540dc}
  0
HATCH
  5
7E
330
1F
100
AcDbEntity
  8
Via Holes
 62
     7
100
AcDbHatch
 10
0.0
 20
0.0
 30
0.0
210
0.0
220
0.0
230
1.0
  2
SOLID
 70
     1
 71
     1
 91
        1
 92
        1
 93
        1
 72
     2
 10
33.39085016
 20
14.92927418
 40
0.1499997
 50
0.0
 51
360.0
 73
     1
 97
        1
330
7D
 75
     0
 76
     1
 98
        0
  0
REGION
  5
7F
102
{ACAD_REACTORS
330
80
102
}
330
1F
100
AcDbEntity
  8
Via Holes
 62
     7
100
AcDbModelerGeometry
290
     1
  2
{bbea5ab8-1152-42f6-b5e8-6227a5aadab9}
  0
HATCH
  5
80
330
1F
100
AcDbEntity
  8
Via Holes
 62
     7
100
AcDbHatch
 10
0.0
 20
0.0
 30
0.0
210
0.0
220
0.0
230
1.0
  2
SOLID
 70
     1
 71
     1
 91
        1
 92
        1
 93
        1
 72
     2
 10
25.20230672
 20
6.892383979999999
 40
0.1499997
 50
0.0
 51
360.0
 73
     1
 97
        1
330
7F
 75
     0
 76
     1
 98
        0
  0
REGION
  5
81
102
{ACAD_REACTORS
330
82
102
}
330
1F
100
AcDbEntity
  8
Via Holes
 62
     7
100
AcDbModelerGeometry
290
     1
  2
{65cfd6a2-516d-4cb7-b64b-6eea20f419d5}
  0
HATCH
  5
82
330
1F
100
AcDbEntity
  8
Via Holes
 62
     7
100
AcDbHatch
 10
0.0
 20
0.0
 30
0.0
210
0.0
220
0.0
230
1.0
  2
SOLID
 70
     1
 71
     1
 91
        1
 92
        1
 93
        1
 72
     2
 10
26.07394836
 20
6.914083199999999
 40
0.1499997
 50
0.0
 51
360.0
 73
     1
 97
        1
330
81
 75
     0
 76
     1
 98
        0
  0
REGION
  5
83
102
{ACAD_REACTORS
330
84
102
}
330
1F
100
AcDbEntity
  8
Via Holes
 62
     7
100
AcDbModelerGeometry
290
     1
  2
{af873b72-65e1-4275-8748-0b1851bfc2fb}
  0
HATCH
  5
84
330
1F
100
AcDbEntity
  8
Via Holes
 62
     7
100
AcDbHatch
 10
0.0
 20
0.0
 30
0.0
210
0.0
220
0.0
230
1.0
  2
SOLID
 70
     1
 71
     1
 91
        1
 92
        1
 93
        1
 72
     2
 10
26.01901324
 20
3.76588782
 40
0.1499997
 50
0.0
 51
360.0
 73
     1
 97
        1
330
83
 75
     0
 76
     1
 98
        0
  0
REGION
  5
85
102
{ACAD_REACTORS
330
86
102
}
330
1F
100
AcDbEntity
  8
Via Holes
 62
     7
100
AcDbModelerGeometry
290
     1
  2
{37d96ea2-c050-46b8-af93-fc9982822d87}
  0
HATCH
  5
86
330
1F
100
AcDbEntity
  8
Via Holes
 62
     7
100
AcDbHatch
 10
0.0
 20
0.0
 30
0.0
210
0.0
220
0.0
230
1.0
  2
SOLID
 70
     1
 71
     1
 91
        1
 92
        1
 93
        1
 72
     2
 10
25.27807492
 20
3.74852184
 40
0.1499997
 50
0.0
 51
360.0
 73
     1
 97
        1
330
85
 75
     0
 76
     1
 98
        0
  0
REGION
  5
87
102
{ACAD_REACTORS
330
88
102
}
330
1F
100
AcDbEntity
  8
Via Holes
 62
     7
100
AcDbModelerGeometry
290
     1
  2
{77e0d264-d233-4136-b655-ca66346546c3}
  0
HATCH
  5
88
330
1F
100
AcDbEntity
  8
Via Holes
 62
     7
100
AcDbHatch
 10
0.0
 20
0.0
 30
0.0
210
0.0
220
0.0
230
1.0
  2
SOLID
 70
     1
 71
     1
 91
        1
 92
        1
 93
        1
 72
     2
 10
8.99999978
 20
4.29999902
 40
0.1499997
 50
0.0
 51
360.0
 73
     1
 97
        1
330
87
 75
     0
 76
     1
 98
        0
  0
REGION
  5
89
102
{ACAD_REACTORS
330
8A
102
}
330
1F
100
AcDbEntity
  8
Via Holes
 62
     7
100
AcDbModelerGeometry
290
     1
  2
{803588a4-670b-4447-b43b-47b03f5691d7}
  0
HATCH
  5
8A
330
1F
100
AcDbEntity
  8
Via Holes
 62
     7
100
AcDbHatch
 10
0.0
 20
0.0
 30
0.0
210
0.0
220
0.0
230
1.0
  2
SOLID
 70
     1
 71
     1
 91
        1
 92
        1
 93
        1
 72
     2
 10
39.98522864
 20
12.6800102
 40
0.1499997
 50
0.0
 51
360.0
 73
     1
 97
        1
330
89
 75
     0
 76
     1
 98
        0
  0
REGION
  5
8B
102
{ACAD_REACTORS
330
8C
102
}
330
1F
100
AcDbEntity
  8
Via Holes
 62
     7
100
AcDbModelerGeometry
290
     1
  2
{bf7ae7eb-bdc7-4943-9f95-9a38e85928b3}
  0
HATCH
  5
8C
330
1F
100
AcDbEntity
  8
Via Holes
 62
     7
100
AcDbHatch
 10
0.0
 20
0.0
 30
0.0
210
0.0
220
0.0
230
1.0
  2
SOLID
 70
     1
 71
     1
 91
        1
 92
        1
 93
        1
 72
     2
 10
15.59999928
 20
18.5000011
 40
0.1499997
 50
0.0
 51
360.0
 73
     1
 97
        1
330
8B
 75
     0
 76
     1
 98
        0
  0
REGION
  5
8D
102
{ACAD_REACTORS
330
8E
102
}
330
1F
100
AcDbEntity
  8
Via Holes
 62
     7
100
AcDbModelerGeometry
290
     1
  2
{6c1a33ff-3c46-4b94-809d-058a40ce4355}
  0
HATCH
  5
8E
330
1F
100
AcDbEntity
  8
Via Holes
 62
     7
100
AcDbHatch
 10
0.0
 20
0.0
 30
0.0
210
0.0
220
0.0
230
1.0
  2
SOLID
 70
     1
 71
     1
 91
        1
 92
        1
 93
        1
 72
     2
 10
14.59999874
 20
21.99999918
 40
0.1499997
 50
0.0
 51
360.0
 73
     1
 97
        1
330
8D
 75
     0
 76
     1
 98
        0
  0
REGION
  5
8F
102
{ACAD_REACTORS
330
90
102
}
330
1F
100
AcDbEntity
  8
Via Holes
 62
     7
100
AcDbModelerGeometry
290
     1
  2
{75e34e2e-1d4e-47fa-8ff4-70771ed30ea6}
  0
HATCH
  5
90
330
1F
100
AcDbEntity
  8
Via Holes
 62
     7
100
AcDbHatch
 10
0.0
 20
0.0
 30
0.0
210
0.0
220
0.0
230
1.0
  2
SOLID
 70
     1
 71
     1
 91
        1
 92
        1
 93
        1
 72
     2
 10
14.96156266
 20
21.2703537
 40
0.1499997
 50
0.0
 51
360.0
 73
     1
 97
        1
330
8F
 75
     0
 76
     1
 98
        0
  0
REGION
  5
91
102
{ACAD_REACTORS
330
92
102
}
330
1F
100
AcDbEntity
  8
Via Holes
 62
     7
100
AcDbModelerGeometry
290
     1
  2
{fc210f9a-6d1a-4e0b-aa88-70bd17c9cb4f}
  0
HATCH
  5
92
330
1F
100
AcDbEntity
  8
Via Holes
 62
     7
100
AcDbHatch
 10
0.0
 20
0.0
 30
0.0
210
0.0
220
0.0
230
1.0
  2
SOLID
 70
     1
 71
     1
 91
        1
 92
        1
 93
        1
 72
     2
 10
29.69999902
 20
12.8999996
 40
0.1499997
 50
0.0
 51
360.0
 73
     1
 97
        1
330
91
 75
     0
 76
     1
 98
        0
  0
REGION
  5
93
102
{ACAD_REACTORS
330
94
102
}
330
1F
100
AcDbEntity
  8
Via Holes
 62
     7
100
AcDbModelerGeometry
290
     1
  2
{f0c7260b-6d1f-4abb-8b1e-24d1f9438852}
  0
HATCH
  5
94
330
1F
100
AcDbEntity
  8
Via Holes
 62
     7
100
AcDbHatch
 10
0.0
 20
0.0
 30
0.0
210
0.0
220
0.0
230
1.0
  2
SOLID
 70
     1
 71
     1
 91
        1
 92
        1
 93
        1
 72
     2
 10
29.49999942
 20
8.500000779999999
 40
0.1499997
 50
0.0
 51
360.0
 73
     1
 97
        1
330
93
 75
     0
 76
     1
 98
        0
  0
REGION
  5
95
102
{ACAD_REACTORS
330
96
102
}
330
1F
100
AcDbEntity
  8
Via Holes
 62
     7
100
AcDbModelerGeometry
290
     1
  2
{ad00539b-ff02-49b0-bb59-695832a2e71e}
  0
HATCH
  5
96
330
1F
100
AcDbEntity
  8
Via Holes
 62
     7
100
AcDbHatch
 10
0.0
 20
0.0
 30
0.0
210
0.0
220
0.0
230
1.0
  2
SOLID
 70
     1
 71
     1
 91
        1
 92
        1
 93
        1
 72
     2
 10
34.3199974
 20
11.18000304
 40
0.1499997
 50
0.0
 51
360.0
 73
     1
 97
        1
330
95
 75
     0
 76
     1
 98
        0
  0
REGION
  5
97
102
{ACAD_REACTORS
330
98
102
}
330
1F
100
AcDbEntity
  8
Via Holes
 62
     7
100
AcDbModelerGeometry
290
     1
  2
{8a781b25-a1e2-43e0-9a00-af3276fcb358}
  0
HATCH
  5
98
330
1F
100
AcDbEntity
  8
Via Holes
 62
     7
100
AcDbHatch
 10
0.0
 20
0.0
 30
0.0
210
0.0
220
0.0
230
1.0
  2
SOLID
 70
     1
 71
     1
 91
        1
 92
        1
 93
        1
 72
     2
 10
25.29533676
 20
18.38703714
 40
0.1499997
 50
0.0
 51
360.0
 73
     1
 97
        1
330
97
 75
     0
 76
     1
 98
        0
  0
REGION
  5
99
102
{ACAD_REACTORS
330
9A
102
}
330
1F
100
AcDbEntity
  8
Via Holes
 62
     7
100
AcDbModelerGeometry
290
     1
  2
{4b604858-bb7b-4564-9ccb-324b47208964}
  0
HATCH
  5
9A
330
1F
100
AcDbEntity
  8
Via Holes
 62
     7
100
AcDbHatch
 10
0.0
 20
0.0
 30
0.0
210
0.0
220
0.0
230
1.0
  2
SOLID
 70
     1
 71
     1
 91
        1
 92
        1
 93
        1
 72
     2
 10
20.52502118
 20
3.43001092
 40
0.1499997
 50
0.0
 51
360.0
 73
     1
 97
        1
330
99
 75
     0
 76
     1
 98
        0
  0
REGION
  5
9B
102
{ACAD_REACTORS
330
9C
102
}
330
1F
100
AcDbEntity
  8
Via Holes
 62
     7
100
AcDbModelerGeometry
290
     1
  2
{a8463e9b-6d67-48d5-85df-ec2c8a838a1d}
  0
HATCH
  5
9C
330
1F
100
AcDbEntity
  8
Via Holes
 62
     7
100
AcDbHatch
 10
0.0
 20
0.0
 30
0.0
210
0.0
220
0.0
230
1.0
  2
SOLID
 70
     1
 71
     1
 91
        1
 92
        1
 93
        1
 72
     2
 10
25.8184142
 20
20.87395114
 40
0.1499997
 50
0.0
 51
360.0
 73
     1
 97
        1
330
9B
 75
     0
 76
     1
 98
        0
  0
REGION
  5
9D
102
{ACAD_REACTORS
330
9E
102
}
330
1F
100
AcDbEntity
  8
Via Holes
 62
     7
100
AcDbModelerGeometry
290
     1
  2
{d0123c75-f006-44ac-bd36-2a72b11bb73e}
  0
HATCH
  5
9E
330
1F
100
AcDbEntity
  8
Via Holes
 62
     7
100
AcDbHatch
 10
0.0
 20
0.0
 30
0.0
210
0.0
220
0.0
230
1.0
  2
SOLID
 70
     1
 71
     1
 91
        1
 92
        1
 93
        1
 72
     2
 10
23.02502126
 20
21.23000326
 40
0.1499997
 50
0.0
 51
360.0
 73
     1
 97
        1
330
9D
 75
     0
 76
     1
 98
        0
  0
REGION
  5
9F
102
{ACAD_REACTORS
330
A0
102
}
330
1F
100
AcDbEntity
  8
Via Holes
 62
     7
100
AcDbModelerGeometry
290
     1
  2
{34d6b86b-1943-4d3b-becf-50a50d4c9eaf}
  0
HATCH
  5
A0
330
1F
100
AcDbEntity
  8
Via Holes
 62
     7
100
AcDbHatch
 10
0.0
 20
0.0
 30
0.0
210
0.0
220
0.0
230
1.0
  2
SOLID
 70
     1
 71
     1
 91
        1
 92
        1
 93
        1
 72
     2
 10
23.02502126
 20
20.43000232
 40
0.1499997
 50
0.0
 51
360.0
 73
     1
 97
        1
330
9F
 75
     0
 76
     1
 98
        0
  0
REGION
  5
A1
102
{ACAD_REACTORS
330
A2
102
}
330
1F
100
AcDbEntity
  8
Via Holes
 62
     7
100
AcDbModelerGeometry
290
     1
  2
{3712c6a1-0e09-42af-9efd-0309e28ce901}
  0
HATCH
  5
A2
330
1F
100
AcDbEntity
  8
Via Holes
 62
     7
100
AcDbHatch
 10
0.0
 20
0.0
 30
0.0
210
0.0
220
0.0
230
1.0
  2
SOLID
 70
     1
 71
     1
 91
        1
 92
        1
 93
        1
 72
     2
 10
24.06559068
 20
19.48396662
 40
0.1499997
 50
0.0
 51
360.0
 73
     1
 97
        1
330
A1
 75
     0
 76
     1
 98
        0
  0
REGION
  5
A3
102
{ACAD_REACTORS
330
A4
102
}
330
1F
100
AcDbEntity
  8
Via Holes
 62
     7
100
AcDbModelerGeometry
290
     1
  2
{f0d1566d-4ec8-48b8-abb7-4b9f1922e1b6}
  0
HATCH
  5
A4
330
1F
100
AcDbEntity
  8
Via Holes
 62
     7
100
AcDbHatch
 10
0.0
 20
0.0
 30
0.0
210
0.0
220
0.0
230
1.0
  2
SOLID
 70
     1
 71
     1
 91
        1
 92
        1
 93
        1
 72
     2
 10
19.42502338
 20
15.43000216
 40
0.1499997
 50
0.0
 51
360.0
 73
     1
 97
        1
330
A3
 75
     0
 76
     1
 98
        0
  0
REGION
  5
A5
102
{ACAD_REACTORS
330
A6
102
}
330
1F
100
AcDbEntity
  8
Via Holes
 62
     7
100
AcDbModelerGeometry
290
     1
  2
{ae564bf5-dc8c-447e-bde7-7feafe993aa0}
  0
HATCH
  5
A6
330
1F
100
AcDbEntity
  8
Via Holes
 62
     7
100
AcDbHatch
 10
0.0
 20
0.0
 30
0.0
210
0.0
220
0.0
230
1.0
  2
SOLID
 70
     1
 71
     1
 91
        1
 92
        1
 93
        1
 72
     2
 10
29.7250231
 20
15.53000196
 40
0.1499997
 50
0.0
 51
360.0
 73
     1
 97
        1
330
A5
 75
     0
 76
     1
 98
        0
  0
REGION
  5
A7
102
{ACAD_REACTORS
330
A8
102
}
330
1F
100
AcDbEntity
  8
Via Holes
 62
     7
100
AcDbModelerGeometry
290
     1
  2
{de2fdd88-710c-4299-9aa3-a4a2d223d1e3}
  0
HATCH
  5
A8
330
1F
100
AcDbEntity
  8
Via Holes
 62
     7
100
AcDbHatch
 10
0.0
 20
0.0
 30
0.0
210
0.0
220
0.0
230
1.0
  2
SOLID
 70
     1
 71
     1
 91
        1
 92
        1
 93
        1
 72
     2
 10
28.72502256
 20
12.33000328
 40
0.1499997
 50
0.0
 51
360.0
 73
     1
 97
        1
330
A7
 75
     0
 76
     1
 98
        0
  0
REGION
  5
A9
102
{ACAD_REACTORS
330
AA
102
}
330
1F
100
AcDbEntity
  8
Via Holes
 62
     7
100
AcDbModelerGeometry
290
     1
  2
{70c6b196-4088-4781-8512-590fba607b1c}
  0
HATCH
  5
AA
330
1F
100
AcDbEntity
  8
Via Holes
 62
     7
100
AcDbHatch
 10
0.0
 20
0.0
 30
0.0
210
0.0
220
0.0
230
1.0
  2
SOLID
 70
     1
 71
     1
 91
        1
 92
        1
 93
        1
 72
     2
 10
28.72502256
 20
11.43000254
 40
0.1499997
 50
0.0
 51
360.0
 73
     1
 97
        1
330
A9
 75
     0
 76
     1
 98
        0
  0
REGION
  5
AB
102
{ACAD_REACTORS
330
AC
102
}
330
1F
100
AcDbEntity
  8
Via Holes
 62
     7
100
AcDbModelerGeometry
290
     1
  2
{53313fed-79ab-45cc-bbb2-7317c0d2bdf1}
  0
HATCH
  5
AC
330
1F
100
AcDbEntity
  8
Via Holes
 62
     7
100
AcDbHatch
 10
0.0
 20
0.0
 30
0.0
210
0.0
220
0.0
230
1.0
  2
SOLID
 70
     1
 71
     1
 91
        1
 92
        1
 93
        1
 72
     2
 10
29.5250235
 20
11.43000254
 40
0.1499997
 50
0.0
 51
360.0
 73
     1
 97
        1
330
AB
 75
     0
 76
     1
 98
        0
  0
REGION
  5
AD
102
{ACAD_REACTORS
330
AE
102
}
330
1F
100
AcDbEntity
  8
Via Holes
 62
     7
100
AcDbModelerGeometry
290
     1
  2
{0d42a31e-d4f5-4193-ae06-2ca0f36de869}
  0
HATCH
  5
AE
330
1F
100
AcDbEntity
  8
Via Holes
 62
     7
100
AcDbHatch
 10
0.0
 20
0.0
 30
0.0
210
0.0
220
0.0
230
1.0
  2
SOLID
 70
     1
 71
     1
 91
        1
 92
        1
 93
        1
 72
     2
 10
30.3250219
 20
11.43000254
 40
0.1499997
 50
0.0
 51
360.0
 73
     1
 97
        1
330
AD
 75
     0
 76
     1
 98
        0
  0
REGION
  5
AF
102
{ACAD_REACTORS
330
B0
102
}
330
1F
100
AcDbEntity
  8
Via Holes
 62
     7
100
AcDbModelerGeometry
290
     1
  2
{78504ad8-315e-49a5-bf33-f49879e9c156}
  0
HATCH
  5
B0
330
1F
100
AcDbEntity
  8
Via Holes
 62
     7
100
AcDbHatch
 10
0.0
 20
0.0
 30
0.0
210
0.0
220
0.0
230
1.0
  2
SOLID
 70
     1
 71
     1
 91
        1
 92
        1
 93
        1
 72
     2
 10
28.22502356
 20
19.43000178
 40
0.1499997
 50
0.0
 51
360.0
 73
     1
 97
        1
330
AF
 75
     0
 76
     1
 98
        0
  0
REGION
  5
B1
102
{ACAD_REACTORS
330
B2
102
}
330
1F
100
AcDbEntity
  8
Via Holes
 62
     7
100
AcDbModelerGeometry
290
     1
  2
{a8210216-9a3c-44c3-ab75-6040cc4bf1c3}
  0
HATCH
  5
B2
330
1F
100
AcDbEntity
  8
Via Holes
 62
     7
100
AcDbHatch
 10
0.0
 20
0.0
 30
0.0
210
0.0
220
0.0
230
1.0
  2
SOLID
 70
     1
 71
     1
 91
        1
 92
        1
 93
        1
 72
     2
 10
27.74911392
 20
20.16864394
 40
0.1499997
 50
0.0
 51
360.0
 73
     1
 97
        1
330
B1
 75
     0
 76
     1
 98
        0
  0
REGION
  5
B3
102
{ACAD_REACTORS
330
B4
102
}
330
1F
100
AcDbEntity
  8
Via Holes
 62
     7
100
AcDbModelerGeometry
290
     1
  2
{5d570db5-2658-4b6e-a64c-0eb285bca06d}
  0
HATCH
  5
B4
330
1F
100
AcDbEntity
  8
Via Holes
 62
     7
100
AcDbHatch
 10
0.0
 20
0.0
 30
0.0
210
0.0
220
0.0
230
1.0
  2
SOLID
 70
     1
 71
     1
 91
        1
 92
        1
 93
        1
 72
     2
 10
28.36657268
 20
20.64202882
 40
0.1499997
 50
0.0
 51
360.0
 73
     1
 97
        1
330
B3
 75
     0
 76
     1
 98
        0
  0
REGION
  5
B5
102
{ACAD_REACTORS
330
B6
102
}
330
1F
100
AcDbEntity
  8
Via Holes
 62
     7
100
AcDbModelerGeometry
290
     1
  2
{e4168160-1bd0-42a7-af98-48e3a208a798}
  0
HATCH
  5
B6
330
1F
100
AcDbEntity
  8
Via Holes
 62
     7
100
AcDbHatch
 10
0.0
 20
0.0
 30
0.0
210
0.0
220
0.0
230
1.0
  2
SOLID
 70
     1
 71
     1
 91
        1
 92
        1
 93
        1
 72
     2
 10
23.02502126
 20
2.33001058
 40
0.1499997
 50
0.0
 51
360.0
 73
     1
 97
        1
330
B5
 75
     0
 76
     1
 98
        0
  0
REGION
  5
B7
102
{ACAD_REACTORS
330
B8
102
}
330
1F
100
AcDbEntity
  8
Via Holes
 62
     7
100
AcDbModelerGeometry
290
     1
  2
{c9699ace-15be-4e06-97af-708fd52edfc1}
  0
HATCH
  5
B8
330
1F
100
AcDbEntity
  8
Via Holes
 62
     7
100
AcDbHatch
 10
0.0
 20
0.0
 30
0.0
210
0.0
220
0.0
230
1.0
  2
SOLID
 70
     1
 71
     1
 91
        1
 92
        1
 93
        1
 72
     2
 10
30.82502344
 20
4.130012059999999
 40
0.1499997
 50
0.0
 51
360.0
 73
     1
 97
        1
330
B7
 75
     0
 76
     1
 98
        0
  0
REGION
  5
B9
102
{ACAD_REACTORS
330
BA
102
}
330
1F
100
AcDbEntity
  8
Via Holes
 62
     7
100
AcDbModelerGeometry
290
     1
  2
{ed21e863-6fa4-431c-908b-e61633f6470c}
  0
HATCH
  5
BA
330
1F
100
AcDbEntity
  8
Via Holes
 62
     7
100
AcDbHatch
 10
0.0
 20
0.0
 30
0.0
210
0.0
220
0.0
230
1.0
  2
SOLID
 70
     1
 71
     1
 91
        1
 92
        1
 93
        1
 72
     2
 10
14.22502362
 20
18.7300108
 40
0.1499997
 50
0.0
 51
360.0
 73
     1
 97
        1
330
B9
 75
     0
 76
     1
 98
        0
  0
REGION
  5
BB
102
{ACAD_REACTORS
330
BC
102
}
330
1F
100
AcDbEntity
  8
Via Holes
 62
     7
100
AcDbModelerGeometry
290
     1
  2
{d82db5c3-df3d-46ec-ab5c-ace929d769ef}
  0
HATCH
  5
BC
330
1F
100
AcDbEntity
  8
Via Holes
 62
     7
100
AcDbHatch
 10
0.0
 20
0.0
 30
0.0
210
0.0
220
0.0
230
1.0
  2
SOLID
 70
     1
 71
     1
 91
        1
 92
        1
 93
        1
 72
     2
 10
14.22502108
 20
19.53001174
 40
0.1499997
 50
0.0
 51
360.0
 73
     1
 97
        1
330
BB
 75
     0
 76
     1
 98
        0
  0
REGION
  5
BD
102
{ACAD_REACTORS
330
BE
102
}
330
1F
100
AcDbEntity
  8
Via Holes
 62
     7
100
AcDbModelerGeometry
290
     1
  2
{e3d663c1-90b4-4583-b3df-a1414999ba29}
  0
HATCH
  5
BE
330
1F
100
AcDbEntity
  8
Via Holes
 62
     7
100
AcDbHatch
 10
0.0
 20
0.0
 30
0.0
210
0.0
220
0.0
230
1.0
  2
SOLID
 70
     1
 71
     1
 91
        1
 92
        1
 93
        1
 72
     2
 10
18.82502204
 20
18.7300108
 40
0.1499997
 50
0.0
 51
360.0
 73
     1
 97
        1
330
BD
 75
     0
 76
     1
 98
        0
  0
REGION
  5
BF
102
{ACAD_REACTORS
330
C0
102
}
330
1F
100
AcDbEntity
  8
Via Holes
 62
     7
100
AcDbModelerGeometry
290
     1
  2
{df2daa32-0642-403f-94d1-0d55736a8c8c}
  0
HATCH
  5
C0
330
1F
100
AcDbEntity
  8
Via Holes
 62
     7
100
AcDbHatch
 10
0.0
 20
0.0
 30
0.0
210
0.0
220
0.0
230
1.0
  2
SOLID
 70
     1
 71
     1
 91
        1
 92
        1
 93
        1
 72
     2
 10
33.67635632
 20
15.67162982
 40
0.1499997
 50
0.0
 51
360.0
 73
     1
 97
        1
330
BF
 75
     0
 76
     1
 98
        0
  0
REGION
  5
C1
102
{ACAD_REACTORS
330
C2
102
}
330
1F
100
AcDbEntity
  8
Via Holes
 62
     7
100
AcDbModelerGeometry
290
     1
  2
{47fe08e9-2129-4199-be84-e7e138f91122}
  0
HATCH
  5
C2
330
1F
100
AcDbEntity
  8
Via Holes
 62
     7
100
AcDbHatch
 10
0.0
 20
0.0
 30
0.0
210
0.0
220
0.0
230
1.0
  2
SOLID
 70
     1
 71
     1
 91
        1
 92
        1
 93
        1
 72
     2
 10
37.00002506
 20
14.88001088
 40
0.1499997
 50
0.0
 51
360.0
 73
     1
 97
        1
330
C1
 75
     0
 76
     1
 98
        0
  0
REGION
  5
C3
102
{ACAD_REACTORS
330
C4
102
}
330
1F
100
AcDbEntity
  8
Via Holes
 62
     7
100
AcDbModelerGeometry
290
     1
  2
{6cd946ca-d2b3-4c7b-a2d6-f27aa37f908f}
  0
HATCH
  5
C4
330
1F
100
AcDbEntity
  8
Via Holes
 62
     7
100
AcDbHatch
 10
0.0
 20
0.0
 30
0.0
210
0.0
220
0.0
230
1.0
  2
SOLID
 70
     1
 71
     1
 91
        1
 92
        1
 93
        1
 72
     2
 10
33.95002608
 20
24.59000924
 40
0.1499997
 50
0.0
 51
360.0
 73
     1
 97
        1
330
C3
 75
     0
 76
     1
 98
        0
  0
REGION
  5
C5
102
{ACAD_REACTORS
330
C6
102
}
330
1F
100
AcDbEntity
  8
Via Holes
 62
     7
100
AcDbModelerGeometry
290
     1
  2
{9cdefb0e-26fb-4d82-8846-8bb4974270be}
  0
HATCH
  5
C6
330
1F
100
AcDbEntity
  8
Via Holes
 62
     7
100
AcDbHatch
 10
0.0
 20
0.0
 30
0.0
210
0.0
220
0.0
230
1.0
  2
SOLID
 70
     1
 71
     1
 91
        1
 92
        1
 93
        1
 72
     2
 10
33.10002523999999
 20
24.58000926
 40
0.1499997
 50
0.0
 51
360.0
 73
     1
 97
        1
330
C5
 75
     0
 76
     1
 98
        0
  0
REGION
  5
C7
102
{ACAD_REACTORS
330
C8
102
}
330
1F
100
AcDbEntity
  8
Via Holes
 62
     7
100
AcDbModelerGeometry
290
     1
  2
{61722694-e7c4-4e4a-a9d6-3eab8fd696eb}
  0
HATCH
  5
C8
330
1F
100
AcDbEntity
  8
Via Holes
 62
     7
100
AcDbHatch
 10
0.0
 20
0.0
 30
0.0
210
0.0
220
0.0
230
1.0
  2
SOLID
 70
     1
 71
     1
 91
        1
 92
        1
 93
        1
 72
     2
 10
26.50003844
 20
24.5100094
 40
0.1499997
 50
0.0
 51
360.0
 73
     1
 97
        1
330
C7
 75
     0
 76
     1
 98
        0
  0
REGION
  5
C9
102
{ACAD_REACTORS
330
CA
102
}
330
1F
100
AcDbEntity
  8
Via Holes
 62
     7
100
AcDbModelerGeometry
290
     1
  2
{43bcbf19-f9ab-42c4-8e0b-3a13cdb90877}
  0
HATCH
  5
CA
330
1F
100
AcDbEntity
  8
Via Holes
 62
     7
100
AcDbHatch
 10
0.0
 20
0.0
 30
0.0
210
0.0
220
0.0
230
1.0
  2
SOLID
 70
     1
 71
     1
 91
        1
 92
        1
 93
        1
 72
     2
 10
25.83810428
 20
23.72171786
 40
0.1499997
 50
0.0
 51
360.0
 73
     1
 97
        1
330
C9
 75
     0
 76
     1
 98
        0
  0
REGION
  5
CB
102
{ACAD_REACTORS
330
CC
102
}
330
1F
100
AcDbEntity
  8
Via Holes
 62
     7
100
AcDbModelerGeometry
290
     1
  2
{dd98bb06-42b0-425f-a9ff-8ee40d5ece13}
  0
HATCH
  5
CC
330
1F
100
AcDbEntity
  8
Via Holes
 62
     7
100
AcDbHatch
 10
0.0
 20
0.0
 30
0.0
210
0.0
220
0.0
230
1.0
  2
SOLID
 70
     1
 71
     1
 91
        1
 92
        1
 93
        1
 72
     2
 10
33.61475624
 20
23.34724058
 40
0.1499997
 50
0.0
 51
360.0
 73
     1
 97
        1
330
CB
 75
     0
 76
     1
 98
        0
  0
REGION
  5
CD
102
{ACAD_REACTORS
330
CE
102
}
330
1F
100
AcDbEntity
  8
Via Holes
 62
     7
100
AcDbModelerGeometry
290
     1
  2
{cbc334ff-0fcc-4933-84f7-b37facf6be36}
  0
HATCH
  5
CE
330
1F
100
AcDbEntity
  8
Via Holes
 62
     7
100
AcDbHatch
 10
0.0
 20
0.0
 30
0.0
210
0.0
220
0.0
230
1.0
  2
SOLID
 70
     1
 71
     1
 91
        1
 92
        1
 93
        1
 72
     2
 10
27.8400256
 20
23.42000904
 40
0.1499997
 50
0.0
 51
360.0
 73
     1
 97
        1
330
CD
 75
     0
 76
     1
 98
        0
  0
REGION
  5
CF
102
{ACAD_REACTORS
330
D0
102
}
330
1F
100
AcDbEntity
  8
Via Holes
 62
     7
100
AcDbModelerGeometry
290
     1
  2
{f0616578-cb2b-4dce-8ac8-6fc4a6ca51b5}
  0
HATCH
  5
D0
330
1F
100
AcDbEntity
  8
Via Holes
 62
     7
100
AcDbHatch
 10
0.0
 20
0.0
 30
0.0
210
0.0
220
0.0
230
1.0
  2
SOLID
 70
     1
 71
     1
 91
        1
 92
        1
 93
        1
 72
     2
 10
28.70003658
 20
23.41000906
 40
0.1499997
 50
0.0
 51
360.0
 73
     1
 97
        1
330
CF
 75
     0
 76
     1
 98
        0
  0
REGION
  5
D1
102
{ACAD_REACTORS
330
D2
102
}
330
1F
100
AcDbEntity
  8
Via Holes
 62
     7
100
AcDbModelerGeometry
290
     1
  2
{ddb2f5d7-836b-414b-8170-4c89b6b53f58}
  0
HATCH
  5
D2
330
1F
100
AcDbEntity
  8
Via Holes
 62
     7
100
AcDbHatch
 10
0.0
 20
0.0
 30
0.0
210
0.0
220
0.0
230
1.0
  2
SOLID
 70
     1
 71
     1
 91
        1
 92
        1
 93
        1
 72
     2
 10
31.79453128
 20
23.91288334
 40
0.1499997
 50
0.0
 51
360.0
 73
     1
 97
        1
330
D1
 75
     0
 76
     1
 98
        0
  0
REGION
  5
D3
102
{ACAD_REACTORS
330
D4
102
}
330
1F
100
AcDbEntity
  8
Via Holes
 62
     7
100
AcDbModelerGeometry
290
     1
  2
{e2090687-3620-4ce3-b76c-7b6b8cfd0b62}
  0
HATCH
  5
D4
330
1F
100
AcDbEntity
  8
Via Holes
 62
     7
100
AcDbHatch
 10
0.0
 20
0.0
 30
0.0
210
0.0
220
0.0
230
1.0
  2
SOLID
 70
     1
 71
     1
 91
        1
 92
        1
 93
        1
 72
     2
 10
31.20002396
 20
22.28001132
 40
0.1499997
 50
0.0
 51
360.0
 73
     1
 97
        1
330
D3
 75
     0
 76
     1
 98
        0
  0
REGION
  5
D5
102
{ACAD_REACTORS
330
D6
102
}
330
1F
100
AcDbEntity
  8
Via Holes
 62
     7
100
AcDbModelerGeometry
290
     1
  2
{2520afb5-0a5d-452c-bc24-dcd32a317969}
  0
HATCH
  5
D6
330
1F
100
AcDbEntity
  8
Via Holes
 62
     7
100
AcDbHatch
 10
0.0
 20
0.0
 30
0.0
210
0.0
220
0.0
230
1.0
  2
SOLID
 70
     1
 71
     1
 91
        1
 92
        1
 93
        1
 72
     2
 10
31.20002396
 20
21.48001038
 40
0.1499997
 50
0.0
 51
360.0
 73
     1
 97
        1
330
D5
 75
     0
 76
     1
 98
        0
  0
REGION
  5
D7
102
{ACAD_REACTORS
330
D8
102
}
330
1F
100
AcDbEntity
  8
Via Holes
 62
     7
100
AcDbModelerGeometry
290
     1
  2
{79b5aaf8-b2df-40d4-b412-2b55fa3b0691}
  0
HATCH
  5
D8
330
1F
100
AcDbEntity
  8
Via Holes
 62
     7
100
AcDbHatch
 10
0.0
 20
0.0
 30
0.0
210
0.0
220
0.0
230
1.0
  2
SOLID
 70
     1
 71
     1
 91
        1
 92
        1
 93
        1
 72
     2
 10
20.89999884
 20
22.80000012
 40
0.1499997
 50
0.0
 51
360.0
 73
     1
 97
        1
330
D7
 75
     0
 76
     1
 98
        0
  0
REGION
  5
D9
102
{ACAD_REACTORS
330
DA
102
}
330
1F
100
AcDbEntity
  8
Via Holes
 62
     7
100
AcDbModelerGeometry
290
     1
  2
{62a154d4-163e-477a-ac78-a700154564f7}
  0
HATCH
  5
DA
330
1F
100
AcDbEntity
  8
Via Holes
 62
     7
100
AcDbHatch
 10
0.0
 20
0.0
 30
0.0
210
0.0
220
0.0
230
1.0
  2
SOLID
 70
     1
 71
     1
 91
        1
 92
        1
 93
        1
 72
     2
 10
3.88610094
 20
10.48610044
 40
0.1499997
 50
0.0
 51
360.0
 73
     1
 97
        1
330
D9
 75
     0
 76
     1
 98
        0
  0
REGION
  5
DB
102
{ACAD_REACTORS
330
DC
102
}
330
1F
100
AcDbEntity
  8
Via Holes
 62
     7
100
AcDbModelerGeometry
290
     1
  2
{0de71f09-23f8-4736-9d1b-b0f74afe92f9}
  0
HATCH
  5
DC
330
1F
100
AcDbEntity
  8
Via Holes
 62
     7
100
AcDbHatch
 10
0.0
 20
0.0
 30
0.0
210
0.0
220
0.0
230
1.0
  2
SOLID
 70
     1
 71
     1
 91
        1
 92
        1
 93
        1
 72
     2
 10
2.99999908
 20
12.8999996
 40
0.1499997
 50
0.0
 51
360.0
 73
     1
 97
        1
330
DB
 75
     0
 76
     1
 98
        0
  0
REGION
  5
DD
102
{ACAD_REACTORS
330
DE
102
}
330
1F
100
AcDbEntity
  8
Via Holes
 62
     7
100
AcDbModelerGeometry
290
     1
  2
{e815e9a9-e05e-47a1-8d63-55a14c03f86f}
  0
HATCH
  5
DE
330
1F
100
AcDbEntity
  8
Via Holes
 62
     7
100
AcDbHatch
 10
0.0
 20
0.0
 30
0.0
210
0.0
220
0.0
230
1.0
  2
SOLID
 70
     1
 71
     1
 91
        1
 92
        1
 93
        1
 72
     2
 10
3.89999982
 20
12.8999996
 40
0.1499997
 50
0.0
 51
360.0
 73
     1
 97
        1
330
DD
 75
     0
 76
     1
 98
        0
  0
REGION
  5
DF
102
{ACAD_REACTORS
330
E0
102
}
330
1F
100
AcDbEntity
  8
Via Holes
 62
     7
100
AcDbModelerGeometry
290
     1
  2
{64cbb983-ea31-4d3c-9b29-d79c751c5c40}
  0
HATCH
  5
E0
330
1F
100
AcDbEntity
  8
Via Holes
 62
     7
100
AcDbHatch
 10
0.0
 20
0.0
 30
0.0
210
0.0
220
0.0
230
1.0
  2
SOLID
 70
     1
 71
     1
 91
        1
 92
        1
 93
        1
 72
     2
 10
2.89999928
 20
9.900000519999999
 40
0.1499997
 50
0.0
 51
360.0
 73
     1
 97
        1
330
DF
 75
     0
 76
     1
 98
        0
  0
REGION
  5
E1
102
{ACAD_REACTORS
330
E2
102
}
330
1F
100
AcDbEntity
  8
Via Holes
 62
     7
100
AcDbModelerGeometry
290
     1
  2
{51616057-b850-4da3-83bc-e6d73447554c}
  0
HATCH
  5
E2
330
1F
100
AcDbEntity
  8
Via Holes
 62
     7
100
AcDbHatch
 10
0.0
 20
0.0
 30
0.0
210
0.0
220
0.0
230
1.0
  2
SOLID
 70
     1
 71
     1
 91
        1
 92
        1
 93
        1
 72
     2
 10
6.4999997
 20
7.600000039999999
 40
0.1499997
 50
0.0
 51
360.0
 73
     1
 97
        1
330
E1
 75
     0
 76
     1
 98
        0
  0
REGION
  5
E3
102
{ACAD_REACTORS
330
E4
102
}
330
1F
100
AcDbEntity
  8
Top Solder
 62
   216
100
AcDbModelerGeometry
290
     1
  2
{877d2284-ee55-4073-ad34-196bd1a44024}
  0
HATCH
  5
E4
330
1F
100
AcDbEntity
  8
Top Solder
 62
   216
100
AcDbHatch
 10
0.0
 20
0.0
 30
0.0
210
0.0
220
0.0
230
1.0
  2
SOLID
 70
     1
 71
     1
 91
        1
 92
        1
 93
        1
 72
     2
 10
36.50003622
 20
4.68001096
 40
2.79999948
 50
0.0
 51
360.0
 73
     1
 97
        1
330
E3
 75
     0
 76
     1
 98
        0
  0
REGION
  5
E5
102
{ACAD_REACTORS
330
E6
102
}
330
1F
100
AcDbEntity
  8
Pad Holes
 62
     7
100
AcDbModelerGeometry
290
     1
  2
{6be1756f-93fb-4f83-84df-2ea454d567c0}
  0
HATCH
  5
E6
330
1F
100
AcDbEntity
  8
Pad Holes
 62
     7
100
AcDbHatch
 10
0.0
 20
0.0
 30
0.0
210
0.0
220
0.0
230
1.0
  2
SOLID
 70
     1
 71
     1
 91
        1
 92
        1
 93
        1
 72
     2
 10
36.50003622
 20
4.68001096
 40
1.59999934
 50
0.0
 51
360.0
 73
     1
 97
        1
330
E5
 75
     0
 76
     1
 98
        0
  0
REGION
  5
E7
102
{ACAD_REACTORS
330
E8
102
}
330
1F
100
AcDbEntity
  8
Top Solder
 62
   216
100
AcDbModelerGeometry
290
     1
  2
{71e71726-2c25-4ed4-b6bc-4ced6c470a33}
  0
HATCH
  5
E8
330
1F
100
AcDbEntity
  8
Top Solder
 62
   216
100
AcDbHatch
 10
0.0
 20
0.0
 30
0.0
210
0.0
220
0.0
230
1.0
  2
SOLID
 70
     1
 71
     1
 91
        1
 92
        1
 93
        1
 72
     2
 10
36.50003622
 20
20.68000944
 40
2.79999948
 50
0.0
 51
360.0
 73
     1
 97
        1
330
E7
 75
     0
 76
     1
 98
        0
  0
REGION
  5
E9
102
{ACAD_REACTORS
330
EA
102
}
330
1F
100
AcDbEntity
  8
Pad Holes
 62
     7
100
AcDbModelerGeometry
290
     1
  2
{c306a65b-38e4-420a-9f0f-9ba7cd8e493c}
  0
HATCH
  5
EA
330
1F
100
AcDbEntity
  8
Pad Holes
 62
     7
100
AcDbHatch
 10
0.0
 20
0.0
 30
0.0
210
0.0
220
0.0
230
1.0
  2
SOLID
 70
     1
 71
     1
 91
        1
 92
        1
 93
        1
 72
     2
 10
36.50003622
 20
20.68000944
 40
1.59999934
 50
0.0
 51
360.0
 73
     1
 97
        1
330
E9
 75
     0
 76
     1
 98
        0
  0
REGION
  5
EB
102
{ACAD_REACTORS
330
EC
102
}
330
1F
100
AcDbEntity
  8
Top Solder
 62
   216
100
AcDbModelerGeometry
290
     1
  2
{fc8fca20-5b5e-4439-bda9-78f6410ec64f}
  0
HATCH
  5
EC
330
1F
100
AcDbEntity
  8
Top Solder
 62
   216
100
AcDbHatch
 10
0.0
 20
0.0
 30
0.0
210
0.0
220
0.0
230
1.0
  2
SOLID
 70
     1
 71
     1
 91
        1
 92
        1
 93
        1
 72
     2
 10
4.500013859999999
 20
20.68000944
 40
2.79999948
 50
0.0
 51
360.0
 73
     1
 97
        1
330
EB
 75
     0
 76
     1
 98
        0
  0
REGION
  5
ED
102
{ACAD_REACTORS
330
EE
102
}
330
1F
100
AcDbEntity
  8
Pad Holes
 62
     7
100
AcDbModelerGeometry
290
     1
  2
{2421708b-f0b6-4045-872b-4dd4636e17f2}
  0
HATCH
  5
EE
330
1F
100
AcDbEntity
  8
Pad Holes
 62
     7
100
AcDbHatch
 10
0.0
 20
0.0
 30
0.0
210
0.0
220
0.0
230
1.0
  2
SOLID
 70
     1
 71
     1
 91
        1
 92
        1
 93
        1
 72
     2
 10
4.500013859999999
 20
20.68000944
 40
1.59999934
 50
0.0
 51
360.0
 73
     1
 97
        1
330
ED
 75
     0
 76
     1
 98
        0
  0
REGION
  5
EF
102
{ACAD_REACTORS
330
F0
102
}
330
1F
100
AcDbEntity
  8
Top Solder
 62
   216
100
AcDbModelerGeometry
290
     1
  2
{808c7a50-ae44-48eb-bc7b-89955a32d683}
  0
HATCH
  5
F0
330
1F
100
AcDbEntity
  8
Top Solder
 62
   216
100
AcDbHatch
 10
0.0
 20
0.0
 30
0.0
210
0.0
220
0.0
230
1.0
  2
SOLID
 70
     1
 71
     1
 91
        1
 92
        1
 93
        1
 72
     2
 10
4.500013859999999
 20
4.68001096
 40
2.79999948
 50
0.0
 51
360.0
 73
     1
 97
        1
330
EF
 75
     0
 76
     1
 98
        0
  0
REGION
  5
F1
102
{ACAD_REACTORS
330
F2
102
}
330
1F
100
AcDbEntity
  8
Pad Holes
 62
     7
100
AcDbModelerGeometry
290
     1
  2
{13a88817-e5f2-49a5-bc98-8014c628ba1a}
  0
HATCH
  5
F2
330
1F
100
AcDbEntity
  8
Pad Holes
 62
     7
100
AcDbHatch
 10
0.0
 20
0.0
 30
0.0
210
0.0
220
0.0
230
1.0
  2
SOLID
 70
     1
 71
     1
 91
        1
 92
        1
 93
        1
 72
     2
 10
4.500013859999999
 20
4.68001096
 40
1.59999934
 50
0.0
 51
360.0
 73
     1
 97
        1
330
F1
 75
     0
 76
     1
 98
        0
  0
INSERT
  5
F8
330
1F
100
AcDbEntity
  8
0
100
AcDbBlockReference
  2
RES_0402_3527
 10
25.50002774
 20
7.73000994
 30
0.0
  0
INSERT
  5
FE
330
1F
100
AcDbEntity
  8
0
100
AcDbBlockReference
  2
RES_0402_3528
 10
15.4999563
 20
11.02999826
 30
0.0
 50
180.0
  0
INSERT
  5
104
330
1F
100
AcDbEntity
  8
0
100
AcDbBlockReference
  2
RES_0402_3529
 10
15.4999563
 20
14.32999928
 30
0.0
  0
INSERT
  5
106
330
1F
100
AcDbEntity
  8
0
100
AcDbBlockReference
  2
TP_1_00MM_B_3530
 10
3.50002602
 20
16.4900102
 30
0.0
 50
90.0
  0
INSERT
  5
108
330
1F
100
AcDbEntity
  8
0
100
AcDbBlockReference
  2
TP_1_00MM_B_3531
 10
3.50001332
 20
8.8700102
 30
0.0
 50
90.0
  0
INSERT
  5
10A
330
1F
100
AcDbEntity
  8
0
100
AcDbBlockReference
  2
TP_1_00MM_B_3532
 10
35.50002551999999
 20
8.8700102
 30
0.0
 50
180.0
  0
INSERT
  5
10C
330
1F
100
AcDbEntity
  8
0
100
AcDbBlockReference
  2
TP_1_00MM_B_3533
 10
35.50002551999999
 20
11.4100102
 30
0.0
 50
180.0
  0
INSERT
  5
10E
330
1F
100
AcDbEntity
  8
0
100
AcDbBlockReference
  2
TP_1_00MM_B_3534
 10
35.50002551999999
 20
13.9500102
 30
0.0
 50
180.0
  0
INSERT
  5
110
330
1F
100
AcDbEntity
  8
0
100
AcDbBlockReference
  2
TP_1_00MM_B_3535
 10
37.50002406
 20
13.9500102
 30
0.0
 50
180.0
  0
INSERT
  5
112
330
1F
100
AcDbEntity
  8
0
100
AcDbBlockReference
  2
TP_1_00MM_B_3536
 10
35.50002551999999
 20
16.4900102
 30
0.0
 50
180.0
  0
INSERT
  5
114
330
1F
100
AcDbEntity
  8
0
100
AcDbBlockReference
  2
TP_1_00MM_B_3537
 10
3.50001332
 20
11.4100102
 30
0.0
 50
90.0
  0
INSERT
  5
116
330
1F
100
AcDbEntity
  8
0
100
AcDbBlockReference
  2
TP_1_00MM_B_3538
 10
3.50001332
 20
13.9500102
 30
0.0
 50
90.0
  0
INSERT
  5
118
330
1F
100
AcDbEntity
  8
0
100
AcDbBlockReference
  2
TP_1_00MM_B_3539
 10
37.50002406
 20
8.8700102
 30
0.0
 50
180.0
  0
INSERT
  5
11A
330
1F
100
AcDbEntity
  8
0
100
AcDbBlockReference
  2
TP_1_00MM_B_3540
 10
37.50002406
 20
11.4100102
 30
0.0
 50
180.0
  0
INSERT
  5
11C
330
1F
100
AcDbEntity
  8
0
100
AcDbBlockReference
  2
TP_1_00MM_B_3541
 10
5.500024559999999
 20
13.9500102
 30
0.0
  0
INSERT
  5
11E
330
1F
100
AcDbEntity
  8
0
100
AcDbBlockReference
  2
TP_1_00MM_B_3542
 10
5.500024559999999
 20
11.4100102
 30
0.0
  0
INSERT
  5
120
330
1F
100
AcDbEntity
  8
0
100
AcDbBlockReference
  2
TP_1_00MM_B_3543
 10
5.500024559999999
 20
8.8700102
 30
0.0
  0
INSERT
  5
124
330
1F
100
AcDbEntity
  8
0
100
AcDbBlockReference
  2
F_____________1___F_________1_3544
 10
1.29999994
 20
7.799999639999999
 30
0.0
 50
270.0
  0
INSERT
  5
128
330
1F
100
AcDbEntity
  8
0
100
AcDbBlockReference
  2
F_____________1___F_________1_3545
 10
1.29999994
 20
17.56002584
 30
0.0
 50
270.0
  0
INSERT
  5
12C
330
1F
100
AcDbEntity
  8
0
100
AcDbBlockReference
  2
F_____________1___F_________1_3546
 10
39.70001457999999
 20
17.56000044
 30
0.0
 50
270.0
  0
INSERT
  5
132
330
1F
100
AcDbEntity
  8
0
100
AcDbBlockReference
  2
CAP_0603_3547
 10
26.85004028
 20
21.86000962
 30
0.0
 50
90.0
  0
INSERT
  5
138
330
1F
100
AcDbEntity
  8
0
100
AcDbBlockReference
  2
CAP_0402_3548
 10
28.05004042
 20
21.86000962
 30
0.0
 50
270.0
  0
INSERT
  5
13E
330
1F
100
AcDbEntity
  8
0
100
AcDbBlockReference
  2
RES_0402_3549
 10
25.5000252
 20
14.33001198
 30
0.0
  0
INSERT
  5
144
330
1F
100
AcDbEntity
  8
0
100
AcDbBlockReference
  2
RES_0402_3550
 10
25.5000252
 20
13.23001164
 30
0.0
  0
INSERT
  5
14A
330
1F
100
AcDbEntity
  8
0
100
AcDbBlockReference
  2
RES_0402_3551
 10
25.5000252
 20
16.53000504
 30
0.0
  0
INSERT
  5
150
330
1F
100
AcDbEntity
  8
0
100
AcDbBlockReference
  2
RES_0402_3552
 10
25.5000252
 20
11.03001096
 30
0.0
  0
INSERT
  5
156
330
1F
100
AcDbEntity
  8
0
100
AcDbBlockReference
  2
RES_0402_3553
 10
25.5000252
 20
15.43000978
 30
0.0
  0
INSERT
  5
15C
330
1F
100
AcDbEntity
  8
0
100
AcDbBlockReference
  2
RES_0402_3554
 10
25.5000252
 20
12.1300113
 30
0.0
  0
INSERT
  5
2BE
330
1F
100
AcDbEntity
  8
0
100
AcDbBlockReference
  2
UFQFPN20_3555
 10
30.80004
 20
21.86000962
 30
0.0
  0
INSERT
  5
2C4
330
1F
100
AcDbEntity
  8
0
100
AcDbBlockReference
  2
RES_0402_3556
 10
25.5000252
 20
9.93001062
 30
0.0
 50
180.0
  0
INSERT
  5
2CA
330
1F
100
AcDbEntity
  8
0
100
AcDbBlockReference
  2
RES_0402_3557
 10
25.5000252
 20
8.83001028
 30
0.0
 50
180.0
  0
INSERT
  5
2D8
330
1F
100
AcDbEntity
  8
0
100
AcDbBlockReference
  2
SM04B_SRSS_TB_LF__SN__F_________1_3558
 10
3.3370012
 20
12.6800102
 30
0.0
 50
90.0
  0
INSERT
  5
2E6
330
1F
100
AcDbEntity
  8
0
100
AcDbBlockReference
  2
SM04B_SRSS_TB_LF__SN__F_________1_3559
 10
37.66302602
 20
12.68000766
 30
0.0
 50
270.0
  0
INSERT
  5
2EC
330
1F
100
AcDbEntity
  8
0
100
AcDbBlockReference
  2
LEDC1608X80N_AK_3560
 10
3.70000022
 20
8.50002364
 30
0.0
 50
180.0
  0
INSERT
  5
2F2
330
1F
100
AcDbEntity
  8
0
100
AcDbBlockReference
  2
RES_0402_3561
 10
6.000000699999999
 20
8.50002364
 30
0.0
 50
180.0
  0
INSERT
  5
2F4
330
1F
100
AcDbEntity
  8
0
100
AcDbBlockReference
  2
TP_1_00MM_B_3562
 10
5.500024559999999
 20
16.4900102
 30
0.0
  0
INSERT
  5
2FA
330
1F
100
AcDbEntity
  8
0
100
AcDbBlockReference
  2
LEDC1608X80N_AK_3563
 10
30.49999996
 20
18.7300235
 30
0.0
  0
INSERT
  5
306
330
1F
100
AcDbEntity
  8
0
100
AcDbBlockReference
  2
TS42_3564
 10
30.50002536
 20
12.6800102
 30
0.0
 50
90.0
  0
INSERT
  5
318
330
1F
100
AcDbEntity
  8
0
100
AcDbBlockReference
  2
PIN_HEADER_2_54___VERT__1_4POS_F_________1_3565
 10
20.50003012
 20
24.1100102
 30
0.0
  0
INSERT
  5
31E
330
1F
100
AcDbEntity
  8
0
100
AcDbBlockReference
  2
LEDC1608X80N_AK_3566
 10
20.50002504
 20
18.7300108
 30
0.0
 50
180.0
  0
INSERT
  5
348
330
1F
100
AcDbEntity
  8
0
100
AcDbBlockReference
  2
PIN_HEADER_2_54___VERT__1_10POS_3567
 10
20.50002504
 20
1.2500102
 30
0.0
  0
INSERT
  5
354
330
1F
100
AcDbEntity
  8
0
100
AcDbBlockReference
  2
TS42_3568
 10
20.50002504
 20
12.6800102
 30
0.0
 50
90.0
  0
INSERT
  5
35A
330
1F
100
AcDbEntity
  8
0
100
AcDbBlockReference
  2
RES_0402_3569
 10
13.0000248
 20
18.7300108
 30
0.0
 50
180.0
  0
INSERT
  5
360
330
1F
100
AcDbEntity
  8
0
100
AcDbBlockReference
  2
LEDC1608X80N_AK_3570
 10
10.50002472
 20
18.7300108
 30
0.0
 50
180.0
  0
INSERT
  5
36C
330
1F
100
AcDbEntity
  8
0
100
AcDbBlockReference
  2
TS42_3571
 10
10.50002472
 20
12.6800102
 30
0.0
 50
90.0
  0
INSERT
  5
372
330
1F
100
AcDbEntity
  8
0
100
AcDbBlockReference
  2
RES_0402_3572
 10
23.00002512
 20
18.7300108
 30
0.0
 50
180.0
  0
INSERT
  5
378
330
1F
100
AcDbEntity
  8
0
100
AcDbBlockReference
  2
RES_0402_3573
 10
25.5000252
 20
17.63000284
 30
0.0
  0
ENDSEC
  0
SECTION
  2
OBJECTS
  0
DICTIONARY
  5
C
330
0
100
AcDbDictionary
281
     1
  3
ACAD_DETAILVIEWSTYLE
350
3DE
  3
ACAD_GROUP
350
D
  3
ACAD_LAYOUT
350
1A
  3
ACAD_MATERIAL
350
43
  3
ACAD_MLEADERSTYLE
350
5B
  3
ACAD_MLINESTYLE
350
17
  3
ACAD_PLOTSETTINGS
350
19
  3
ACAD_PLOTSTYLENAME
350
E
  3
ACAD_SCALELIST
350
47
  3
ACAD_SECTIONVIEWSTYLE
350
3DF
  3
ACAD_TABLESTYLE
350
59
  3
ACAD_VISUALSTYLE
350
2A
  3
ACDB_RECOMPOSE_DATA
350
3DB
  3
AcDbVariableDictionary
350
3D7
  0
SUN
  5
5D
330
29
100
AcDbSun
 90
        1
290
     0
 63
     7
421
 16777215
 40
1.0
291
     1
 91
  2455826
 92
 54000000
292
     0
 70
     2
 71
   256
280
     1
  0
DICTIONARY
  5
3DE
102
{ACAD_REACTORS
330
C
102
}
330
C
100
AcDbDictionary
281
     1
  0
DICTIONARY
  5
D
102
{ACAD_REACTORS
330
C
102
}
330
C
100
AcDbDictionary
281
     1
  0
DICTIONARY
  5
1A
102
{ACAD_REACTORS
330
C
102
}
330
C
100
AcDbDictionary
281
     1
  3
Layout1
350
1E
  3
Layout2
350
26
  3
Model
350
22
  0
DICTIONARY
  5
43
102
{ACAD_REACTORS
330
C
102
}
330
C
100
AcDbDictionary
281
     1
  3
ByBlock
350
45
  3
ByLayer
350
44
  3
Global
350
46
  0
DICTIONARY
  5
5B
102
{ACAD_REACTORS
330
C
102
}
330
C
100
AcDbDictionary
281
     1
  3
Standard
350
5C
  0
DICTIONARY
  5
17
102
{ACAD_REACTORS
330
C
102
}
330
C
100
AcDbDictionary
281
     1
  3
Standard
350
18
  0
DICTIONARY
  5
19
102
{ACAD_REACTORS
330
C
102
}
330
C
100
AcDbDictionary
281
     1
  0
ACDBDICTIONARYWDFLT
  5
E
102
{ACAD_REACTORS
330
C
102
}
330
C
100
AcDbDictionary
281
     1
  3
Normal
350
F
100
AcDbDictionaryWithDefault
340
F
  0
DICTIONARY
  5
47
102
{ACAD_REACTORS
330
C
102
}
330
C
100
AcDbDictionary
281
     1
  3
A0
350
48
  3
A1
350
49
  3
A2
350
4A
  3
A3
350
4B
  3
A4
350
4C
  3
A5
350
4D
  3
A6
350
4E
  3
A7
350
4F
  3
A8
350
50
  3
A9
350
51
  3
B1
350
52
  3
B2
350
53
  3
B3
350
54
  3
B4
350
55
  3
B5
350
56
  3
B6
350
57
  3
B7
350
58
  0
DICTIONARY
  5
3DF
102
{ACAD_REACTORS
330
C
102
}
330
C
100
AcDbDictionary
281
     1
  0
DICTIONARY
  5
59
102
{ACAD_REACTORS
330
C
102
}
330
C
100
AcDbDictionary
281
     1
  3
Standard
350
5A
  0
DICTIONARY
  5
2A
102
{ACAD_REACTORS
330
C
102
}
330
C
100
AcDbDictionary
281
     1
  3
2dWireframe
350
2F
  3
Basic
350
32
  3
Brighten
350
36
  3
ColorChange
350
3A
  3
Conceptual
350
34
  3
Dim
350
35
  3
EdgeColorOff
350
3D
  3
Facepattern
350
39
  3
Flat
350
2B
  3
FlatWithEdges
350
2C
  3
Gouraud
350
2D
  3
GouraudWithEdges
350
2E
  3
Hidden
350
31
  3
JitterOff
350
3B
  3
Linepattern
350
38
  3
OverhangOff
350
3C
  3
Realistic
350
33
  3
Shaded
350
42
  3
Shaded with edges
350
41
  3
Shades of Gray
350
3E
  3
Sketchy
350
3F
  3
Thicken
350
37
  3
Wireframe
350
30
  3
X-Ray
350
40
  0
XRECORD
  5
3DB
102
{ACAD_REACTORS
330
C
102
}
330
C
100
AcDbXrecord
280
     1
 90
        1
330
5A
  0
DICTIONARY
  5
3D7
102
{ACAD_REACTORS
330
C
102
}
330
C
100
AcDbDictionary
281
     1
  3
CANNOSCALE
350
3D8
  3
CMLEADERSTYLE
350
3DD
  3
CTABLESTYLE
350
3DC
  0
LAYOUT
  5
1E
102
{ACAD_REACTORS
330
1A
102
}
330
1A
100
AcDbPlotSettings
  1

  2
none_device
  4

  6

 40
0.0
 41
0.0
 42
0.0
 43
0.0
 44
0.0
 45
0.0
 46
0.0
 47
0.0
 48
0.0
 49
0.0
140
0.0
141
0.0
142
1.0
143
1.0
 70
   688
 72
     0
 73
     0
 74
     5
  7

 75
    16
 76
     0
 77
     2
 78
   300
147
1.0
148
0.0
149
0.0
100
AcDbLayout
  1
Layout1
 70
     1
 71
     1
 10
0.0
 20
0.0
 11
12.0
 21
9.0
 12
0.0
 22
0.0
 32
0.0
 14
1.000000000000000E+20
 24
1.000000000000000E+20
 34
1.000000000000000E+20
 15
-1.000000000000000E+20
 25
-1.000000000000000E+20
 35
-1.000000000000000E+20
146
0.0
 13
0.0
 23
0.0
 33
0.0
 16
1.0
 26
0.0
 36
0.0
 17
0.0
 27
1.0
 37
0.0
 76
     0
330
1B
  0
LAYOUT
  5
26
102
{ACAD_REACTORS
330
1A
102
}
330
1A
100
AcDbPlotSettings
  1

  2
none_device
  4

  6

 40
0.0
 41
0.0
 42
0.0
 43
0.0
 44
0.0
 45
0.0
 46
0.0
 47
0.0
 48
0.0
 49
0.0
140
0.0
141
0.0
142
1.0
143
1.0
 70
   688
 72
     0
 73
     0
 74
     5
  7

 75
    16
 76
     0
 77
     2
 78
   300
147
1.0
148
0.0
149
0.0
100
AcDbLayout
  1
Layout2
 70
     1
 71
     2
 10
0.0
 20
0.0
 11
0.0
 21
0.0
 12
0.0
 22
0.0
 32
0.0
 14
0.0
 24
0.0
 34
0.0
 15
0.0
 25
0.0
 35
0.0
146
0.0
 13
0.0
 23
0.0
 33
0.0
 16
1.0
 26
0.0
 36
0.0
 17
0.0
 27
1.0
 37
0.0
 76
     0
330
23
  0
LAYOUT
  5
22
102
{ACAD_REACTORS
330
1A
102
}
330
1A
100
AcDbPlotSettings
  1

  2
none_device
  4
Letter_(8.50_x_11.00_Inches)
  6

 40
6.35
 41
6.35
 42
6.35000508
 43
6.35000508
 44
215.9
 45
279.4
 46
0.0
 47
0.0
 48
0.0
 49
0.0
140
0.0
141
0.0
142
1.0
143
1.0
 70
  1712
 72
     0
 73
     0
 74
     0
  7

 75
     0
 76
     0
 77
     2
 78
   300
147
1.0
148
0.0
149
0.0
100
AcDbLayout
  1
Model
 70
     1
 71
     0
 10
-20.58408126
 20
-20.56642318
 11
63.55542788
 21
47.3657676
 12
0.0
 22
0.0
 32
0.0
 14
1.000000000000000E+20
 24
1.000000000000000E+20
 34
1.000000000000000E+20
 15
-1.000000000000000E+20
 25
-1.000000000000000E+20
 35
-1.000000000000000E+20
146
0.0
 13
0.0
 23
0.0
 33
0.0
 16
1.0
 26
0.0
 36
0.0
 17
0.0
 27
1.0
 37
0.0
 76
     0
330
1F
331
29
  0
MATERIAL
  5
45
102
{ACAD_REACTORS
330
43
102
}
330
43
100
AcDbMaterial
  1
ByBlock
 72
     1
 94
      127
  0
MATERIAL
  5
44
102
{ACAD_REACTORS
330
43
102
}
330
43
100
AcDbMaterial
  1
ByLayer
 72
     1
 94
      127
  0
MATERIAL
  5
46
102
{ACAD_REACTORS
330
43
102
}
330
43
100
AcDbMaterial
  1
Global
 72
     1
 94
      127
  0
MLEADERSTYLE
  5
5C
102
{ACAD_REACTORS
330
5B
102
}
330
5B
100
AcDbMLeaderStyle
179
     2
170
     2
171
     1
172
     0
 90
        2
 40
0.0
 41
0.0
173
     1
 91
-1056964608
340
14
 92
       -2
290
     1
 42
0.09
291
     1
 43
0.36
  3
Standard
341
0
 44
0.18
300

342
11
174
     1
178
     6
175
     1
176
     0
 93
-1056964608
 45
0.18
292
     0
297
     0
 46
0.18
343
0
 94
-1056964608
 47
1.0
 49
1.0
140
1.0
293
     1
141
0.0
294
     1
177
     0
142
1.0
295
     0
296
     0
143
0.125
271
     0
272
     9
273
     9
298
     0
  0
MLINESTYLE
  5
18
102
{ACAD_REACTORS
330
17
102
}
330
17
100
AcDbMlineStyle
  2
Standard
 70
     0
  3

 62
   256
 51
90.0
 52
90.0
 71
     2
 49
0.5
 62
   256
  6
BYLAYER
 49
-0.5
 62
   256
  6
BYLAYER
  0
ACDBPLACEHOLDER
  5
F
102
{ACAD_REACTORS
330
E
102
}
330
E
  0
SCALE
  5
48
102
{ACAD_REACTORS
330
47
102
}
330
47
100
AcDbScale
 70
     0
300
1:1
140
1.0
141
1.0
290
     1
  0
SCALE
  5
49
102
{ACAD_REACTORS
330
47
102
}
330
47
100
AcDbScale
 70
     0
300
1/128" = 1'-0"
140
0.0078125
141
12.0
290
     0
  0
SCALE
  5
4A
102
{ACAD_REACTORS
330
47
102
}
330
47
100
AcDbScale
 70
     0
300
1/64" = 1'-0"
140
0.015625
141
12.0
290
     0
  0
SCALE
  5
4B
102
{ACAD_REACTORS
330
47
102
}
330
47
100
AcDbScale
 70
     0
300
1/32" = 1'-0"
140
0.03125
141
12.0
290
     0
  0
SCALE
  5
4C
102
{ACAD_REACTORS
330
47
102
}
330
47
100
AcDbScale
 70
     0
300
1/16" = 1'-0"
140
0.0625
141
12.0
290
     0
  0
SCALE
  5
4D
102
{ACAD_REACTORS
330
47
102
}
330
47
100
AcDbScale
 70
     0
300
3/32" = 1'-0"
140
0.09375
141
12.0
290
     0
  0
SCALE
  5
4E
102
{ACAD_REACTORS
330
47
102
}
330
47
100
AcDbScale
 70
     0
300
1/8" = 1'-0"
140
0.125
141
12.0
290
     0
  0
SCALE
  5
4F
102
{ACAD_REACTORS
330
47
102
}
330
47
100
AcDbScale
 70
     0
300
3/16" = 1'-0"
140
0.1875
141
12.0
290
     0
  0
SCALE
  5
50
102
{ACAD_REACTORS
330
47
102
}
330
47
100
AcDbScale
 70
     0
300
1/4" = 1'-0"
140
0.25
141
12.0
290
     0
  0
SCALE
  5
51
102
{ACAD_REACTORS
330
47
102
}
330
47
100
AcDbScale
 70
     0
300
3/8" = 1'-0"
140
0.375
141
12.0
290
     0
  0
SCALE
  5
52
102
{ACAD_REACTORS
330
47
102
}
330
47
100
AcDbScale
 70
     0
300
1/2" = 1'-0"
140
0.5
141
12.0
290
     0
  0
SCALE
  5
53
102
{ACAD_REACTORS
330
47
102
}
330
47
100
AcDbScale
 70
     0
300
3/4" = 1'-0"
140
0.75
141
12.0
290
     0
  0
SCALE
  5
54
102
{ACAD_REACTORS
330
47
102
}
330
47
100
AcDbScale
 70
     0
300
1" = 1'-0"
140
1.0
141
12.0
290
     0
  0
SCALE
  5
55
102
{ACAD_REACTORS
330
47
102
}
330
47
100
AcDbScale
 70
     0
300
1-1/2" = 1'-0"
140
1.5
141
12.0
290
     0
  0
SCALE
  5
56
102
{ACAD_REACTORS
330
47
102
}
330
47
100
AcDbScale
 70
     0
300
3" = 1'-0"
140
3.0
141
12.0
290
     0
  0
SCALE
  5
57
102
{ACAD_REACTORS
330
47
102
}
330
47
100
AcDbScale
 70
     0
300
6" = 1'-0"
140
6.0
141
12.0
290
     0
  0
SCALE
  5
58
102
{ACAD_REACTORS
330
47
102
}
330
47
100
AcDbScale
 70
     0
300
1'-0" = 1'-0"
140
12.0
141
12.0
290
     0
  0
TABLESTYLE
  5
5A
102
{ACAD_REACTORS
330
59
102
}
102
{ACAD_XDICTIONARY
360
3D9
102
}
330
59
100
AcDbTableStyle
  3
Standard
 70
     0
 71
     0
 40
0.06
 41
0.06
280
     0
281
     0
  7
Standard
140
0.18
170
     2
 62
     0
 63
   257
283
     0
 90
        4
 91
        0
  1

274
    -2
284
     1
 64
     0
275
    -2
285
     1
 65
     0
276
    -2
286
     1
 66
     0
277
    -2
287
     1
 67
     0
278
    -2
288
     1
 68
     0
279
    -2
289
     1
 69
     0
  7
Standard
140
0.25
170
     5
 62
     0
 63
   257
283
     0
 90
        4
 91
        0
  1

274
    -2
284
     1
 64
     0
275
    -2
285
     1
 65
     0
276
    -2
286
     1
 66
     0
277
    -2
287
     1
 67
     0
278
    -2
288
     1
 68
     0
279
    -2
289
     1
 69
     0
  7
Standard
140
0.18
170
     5
 62
     0
 63
   257
283
     0
 90
        4
 91
        0
  1

274
    -2
284
     1
 64
     0
275
    -2
285
     1
 65
     0
276
    -2
286
     1
 66
     0
277
    -2
287
     1
 67
     0
278
    -2
288
     1
 68
     0
279
    -2
289
     1
 69
     0
  0
VISUALSTYLE
  5
2F
102
{ACAD_REACTORS
330
2A
102
}
330
2A
100
AcDbVisualStyle
  2
2dWireframe
 70
     4
177
     3
291
     0
 70
    58
 90
        0
176
     1
 90
        2
176
     1
 90
        0
176
     1
 90
        0
176
     1
 40
0.6
176
     1
 40
30.0
176
     1
 62
     7
420
 16777215
176
     1
 90
        1
176
     1
 90
        4
176
     1
 62
     7
176
     1
 62
   257
176
     1
 90
        1
176
     1
 90
        1
176
     1
 40
1.0
176
     1
 90
        0
176
     1
 62
   257
176
     1
 40
1.0
176
     1
 90
        1
176
     1
 90
        6
176
     1
 90
        2
176
     1
 62
     7
176
     1
 90
        5
176
     1
 90
        0
176
     1
 90
        0
176
     1
290
     0
176
     1
 90
        1
176
     1
 40
0.0
176
     1
 90
        0
176
     1
290
     1
176
     1
290
     1
176
     1
290
     0
176
     1
290
     0
176
     1
290
     0
176
     1
290
     0
176
     1
290
     0
176
     1
290
     0
176
     1
290
     0
176
     1
 90
       50
176
     1
 40
0.0
176
     1
 40
1.0
176
     1
 90
        0
176
     1
 62
    18
420
        0
176
     1
 90
       50
176
     1
 90
        3
176
     1
 62
     5
420
      255
176
     1
290
     0
176
     1
 90
       50
176
     1
 90
       50
176
     1
 90
       50
176
     1
290
     0
176
     1
 90
       50
176
     1
 62
   256
176
     0
 40
1.0
176
     0
 90
        2
176
     1
  1
strokes_ogs.tif
176
     1
290
     0
176
     1
 40
1.0
176
     1
 40
1.0
176
     1
  0
VISUALSTYLE
  5
32
102
{ACAD_REACTORS
330
2A
102
}
330
2A
100
AcDbVisualStyle
  2
Basic
 70
     7
177
     3
291
     1
 70
    58
 90
        1
176
     1
 90
        0
176
     1
 90
        1
176
     1
 90
        0
176
     1
 40
0.6
176
     1
 40
30.0
176
     1
 62
     7
420
 16777215
176
     1
 90
        0
176
     1
 90
        4
176
     1
 62
     7
176
     1
 62
   257
176
     1
 90
        1
176
     1
 90
        1
176
     1
 40
1.0
176
     1
 90
        8
176
     1
 62
     7
176
     1
 40
1.0
176
     1
 90
        1
176
     1
 90
        6
176
     1
 90
        2
176
     1
 62
     7
176
     1
 90
        5
176
     1
 90
        0
176
     1
 90
        0
176
     1
290
     0
176
     1
 90
        1
176
     1
 40
0.0
176
     1
 90
        0
176
     1
290
     0
176
     1
290
     1
176
     1
290
     1
176
     1
290
     0
176
     1
290
     0
176
     1
290
     0
176
     1
290
     0
176
     1
290
     0
176
     1
290
     0
176
     1
 90
       50
176
     1
 40
0.0
176
     1
 40
1.0
176
     1
 90
        0
176
     1
 62
    18
420
        0
176
     1
 90
       50
176
     1
 90
        3
176
     1
 62
     5
420
      255
176
     1
290
     0
176
     1
 90
       50
176
     1
 90
       50
176
     1
 90
       50
176
     1
290
     0
176
     1
 90
       50
176
     1
 62
   256
176
     0
 40
1.0
176
     0
 90
        2
176
     1
  1
strokes_ogs.tif
176
     1
290
     0
176
     1
 40
1.0
176
     1
 40
1.0
176
     1
  0
VISUALSTYLE
  5
36
102
{ACAD_REACTORS
330
2A
102
}
330
2A
100
AcDbVisualStyle
  2
Brighten
 70
    12
177
     3
291
     1
 70
    58
 90
        2
176
     1
 90
        2
176
     1
 90
        0
176
     1
 90
        0
176
     1
 40
0.6
176
     1
 40
30.0
176
     1
 62
     7
420
 16777215
176
     1
 90
        1
176
     1
 90
        4
176
     1
 62
     7
176
     1
 62
   257
176
     1
 90
        1
176
     1
 90
        1
176
     1
 40
1.0
176
     1
 90
        8
176
     1
 62
     7
176
     1
 40
1.0
176
     1
 90
        1
176
     1
 90
        6
176
     1
 90
        2
176
     1
 62
     7
176
     1
 90
        5
176
     1
 90
        0
176
     1
 90
        0
176
     1
290
     0
176
     1
 90
        1
176
     1
 40
50.0
176
     1
 90
        0
176
     1
290
     0
176
     1
290
     1
176
     1
290
     1
176
     1
290
     0
176
     1
290
     0
176
     1
290
     0
176
     1
290
     0
176
     1
290
     0
176
     1
290
     0
176
     1
 90
       50
176
     1
 40
0.0
176
     1
 40
1.0
176
     1
 90
        0
176
     1
 62
    18
420
        0
176
     1
 90
       50
176
     1
 90
        3
176
     1
 62
     5
420
      255
176
     1
290
     0
176
     1
 90
       50
176
     1
 90
       50
176
     1
 90
       50
176
     1
290
     0
176
     1
 90
       50
176
     1
 62
   256
176
     0
 40
1.0
176
     0
 90
        2
176
     1
  1
strokes_ogs.tif
176
     1
290
     0
176
     1
 40
1.0
176
     1
 40
1.0
176
     1
  0
VISUALSTYLE
  5
3A
102
{ACAD_REACTORS
330
2A
102
}
330
2A
100
AcDbVisualStyle
  2
ColorChange
 70
    16
177
     3
291
     1
 70
    58
 90
        2
176
     1
 90
        2
176
     1
 90
        3
176
     1
 90
        0
176
     1
 40
0.6
176
     1
 40
30.0
176
     1
 62
     8
420
  8421504
176
     1
 90
        1
176
     1
 90
        4
176
     1
 62
     7
176
     1
 62
   257
176
     1
 90
        1
176
     1
 90
        1
176
     1
 40
1.0
176
     1
 90
        8
176
     1
 62
     8
420
  8421504
176
     1
 40
1.0
176
     1
 90
        1
176
     1
 90
        6
176
     1
 90
        2
176
     1
 62
     7
176
     1
 90
        5
176
     1
 90
        0
176
     1
 90
        0
176
     1
290
     0
176
     1
 90
        1
176
     1
 40
0.0
176
     1
 90
        0
176
     1
290
     0
176
     1
290
     1
176
     1
290
     1
176
     1
290
     0
176
     1
290
     0
176
     1
290
     0
176
     1
290
     0
176
     1
290
     0
176
     1
290
     0
176
     1
 90
       50
176
     1
 40
0.0
176
     1
 40
1.0
176
     1
 90
        0
176
     1
 62
    18
420
        0
176
     1
 90
       50
176
     1
 90
        3
176
     1
 62
     5
420
      255
176
     1
290
     0
176
     1
 90
       50
176
     1
 90
       50
176
     1
 90
       50
176
     1
290
     0
176
     1
 90
       50
176
     1
 62
   256
176
     0
 40
1.0
176
     0
 90
        2
176
     1
  1
strokes_ogs.tif
176
     1
290
     0
176
     1
 40
1.0
176
     1
 40
1.0
176
     1
  0
VISUALSTYLE
  5
34
102
{ACAD_REACTORS
330
2A
102
}
330
2A
100
AcDbVisualStyle
  2
Conceptual
 70
     9
177
     3
291
     0
 70
    58
 90
        3
176
     1
 90
        2
176
     1
 90
        0
176
     1
 90
        0
176
     1
 40
0.6
176
     1
 40
30.0
176
     1
 62
     7
420
 16777215
176
     1
 90
        2
176
     1
 90
        2
176
     1
 62
     7
176
     1
 62
   257
176
     1
 90
        1
176
     1
 90
        1
176
     1
 40
179.0
176
     1
 90
        8
176
     1
 62
     7
176
     1
 40
1.0
176
     1
 90
        1
176
     1
 90
        6
176
     1
 90
        2
176
     1
 62
     7
176
     1
 90
        3
176
     1
 90
        0
176
     1
 90
        0
176
     1
290
     0
176
     1
 90
        1
176
     1
 40
0.0
176
     1
 90
        0
176
     1
290
     0
176
     1
290
     1
176
     1
290
     1
176
     1
290
     0
176
     1
290
     0
176
     1
290
     0
176
     1
290
     0
176
     1
290
     0
176
     1
290
     0
176
     1
 90
       50
176
     1
 40
0.0
176
     1
 40
1.0
176
     1
 90
        0
176
     1
 62
    18
420
        0
176
     1
 90
       50
176
     1
 90
        3
176
     1
 62
     5
420
      255
176
     1
290
     0
176
     1
 90
       50
176
     1
 90
       50
176
     1
 90
       50
176
     1
290
     0
176
     1
 90
       50
176
     1
 62
   256
176
     0
 40
1.0
176
     0
 90
        2
176
     1
  1
strokes_ogs.tif
176
     1
290
     0
176
     1
 40
1.0
176
     1
 40
1.0
176
     1
  0
VISUALSTYLE
  5
35
102
{ACAD_REACTORS
330
2A
102
}
330
2A
100
AcDbVisualStyle
  2
Dim
 70
    11
177
     3
291
     1
 70
    58
 90
        2
176
     1
 90
        2
176
     1
 90
        0
176
     1
 90
        0
176
     1
 40
0.6
176
     1
 40
30.0
176
     1
 62
     7
420
 16777215
176
     1
 90
        1
176
     1
 90
        4
176
     1
 62
     7
176
     1
 62
   257
176
     1
 90
        1
176
     1
 90
        1
176
     1
 40
1.0
176
     1
 90
        8
176
     1
 62
     7
176
     1
 40
1.0
176
     1
 90
        1
176
     1
 90
        6
176
     1
 90
        2
176
     1
 62
     7
176
     1
 90
        5
176
     1
 90
        0
176
     1
 90
        0
176
     1
290
     0
176
     1
 90
        1
176
     1
 40
-50.0
176
     1
 90
        0
176
     1
290
     0
176
     1
290
     1
176
     1
290
     1
176
     1
290
     0
176
     1
290
     0
176
     1
290
     0
176
     1
290
     0
176
     1
290
     0
176
     1
290
     0
176
     1
 90
       50
176
     1
 40
0.0
176
     1
 40
1.0
176
     1
 90
        0
176
     1
 62
    18
420
        0
176
     1
 90
       50
176
     1
 90
        3
176
     1
 62
     5
420
      255
176
     1
290
     0
176
     1
 90
       50
176
     1
 90
       50
176
     1
 90
       50
176
     1
290
     0
176
     1
 90
       50
176
     1
 62
   256
176
     0
 40
1.0
176
     0
 90
        2
176
     1
  1
strokes_ogs.tif
176
     1
290
     0
176
     1
 40
1.0
176
     1
 40
1.0
176
     1
  0
VISUALSTYLE
  5
3D
102
{ACAD_REACTORS
330
2A
102
}
330
2A
100
AcDbVisualStyle
  2
EdgeColorOff
 70
    22
177
     3
291
     1
 70
    58
 90
        2
176
     0
 90
        2
176
     0
 90
        0
176
     0
 90
        0
176
     0
 40
0.6
176
     0
 40
30.0
176
     0
 62
     7
420
 16777215
176
     0
 90
        1
176
     0
 90
        4
176
     0
 62
     7
176
     0
 62
   257
176
     0
 90
        1
176
     0
 90
        1
176
     0
 40
1.0
176
     0
 90
        8
176
     2
 62
     7
176
     0
 40
1.0
176
     0
 90
        1
176
     0
 90
        6
176
     0
 90
        2
176
     0
 62
     7
176
     0
 90
        5
176
     0
 90
        0
176
     0
 90
        0
176
     0
290
     0
176
     0
 90
        1
176
     0
 40
0.0
176
     0
 90
        0
176
     0
290
     0
176
     0
290
     1
176
     0
290
     1
176
     0
290
     0
176
     0
290
     0
176
     0
290
     0
176
     0
290
     0
176
     0
290
     0
176
     0
290
     0
176
     0
 90
       50
176
     0
 40
0.0
176
     0
 40
1.0
176
     0
 90
        0
176
     0
 62
    18
420
        0
176
     0
 90
       50
176
     0
 90
        3
176
     0
 62
     5
420
      255
176
     0
290
     0
176
     0
 90
       50
176
     0
 90
       50
176
     0
 90
       50
176
     0
290
     0
176
     0
 90
       50
176
     0
 62
   256
176
     0
 40
1.0
176
     0
 90
        2
176
     0
  1
strokes_ogs.tif
176
     0
290
     0
176
     0
 40
1.0
176
     0
 40
1.0
176
     0
  0
VISUALSTYLE
  5
39
102
{ACAD_REACTORS
330
2A
102
}
330
2A
100
AcDbVisualStyle
  2
Facepattern
 70
    15
177
     3
291
     1
 70
    58
 90
        2
176
     1
 90
        2
176
     1
 90
        0
176
     1
 90
        0
176
     1
 40
0.6
176
     1
 40
30.0
176
     1
 62
     7
420
 16777215
176
     1
 90
        1
176
     1
 90
        4
176
     1
 62
     7
176
     1
 62
   257
176
     1
 90
        1
176
     1
 90
        1
176
     1
 40
1.0
176
     1
 90
        8
176
     1
 62
     7
176
     1
 40
1.0
176
     1
 90
        1
176
     1
 90
        6
176
     1
 90
        2
176
     1
 62
     7
176
     1
 90
        5
176
     1
 90
        0
176
     1
 90
        0
176
     1
290
     0
176
     1
 90
        1
176
     1
 40
0.0
176
     1
 90
        0
176
     1
290
     0
176
     1
290
     1
176
     1
290
     1
176
     1
290
     0
176
     1
290
     0
176
     1
290
     0
176
     1
290
     0
176
     1
290
     0
176
     1
290
     0
176
     1
 90
       50
176
     1
 40
0.0
176
     1
 40
1.0
176
     1
 90
        0
176
     1
 62
    18
420
        0
176
     1
 90
       50
176
     1
 90
        3
176
     1
 62
     5
420
      255
176
     1
290
     0
176
     1
 90
       50
176
     1
 90
       50
176
     1
 90
       50
176
     1
290
     0
176
     1
 90
       50
176
     1
 62
   256
176
     0
 40
1.0
176
     0
 90
        2
176
     1
  1
strokes_ogs.tif
176
     1
290
     0
176
     1
 40
1.0
176
     1
 40
1.0
176
     1
  0
VISUALSTYLE
  5
2B
102
{ACAD_REACTORS
330
2A
102
}
330
2A
100
AcDbVisualStyle
  2
Flat
 70
     0
177
     3
291
     1
 70
    58
 90
        2
176
     1
 90
        1
176
     1
 90
        1
176
     1
 90
        2
176
     1
 40
0.6
176
     1
 40
30.0
176
     1
 62
     7
420
 16777215
176
     1
 90
        0
176
     1
 90
        0
176
     1
 62
     7
176
     1
 62
   257
176
     1
 90
        1
176
     1
 90
        1
176
     1
 40
1.0
176
     1
 90
        8
176
     1
 62
     7
176
     1
 40
1.0
176
     1
 90
        1
176
     1
 90
        6
176
     1
 90
        2
176
     1
 62
     7
176
     1
 90
        5
176
     1
 90
        0
176
     1
 90
        0
176
     1
290
     0
176
     1
 90
       13
176
     1
 40
0.0
176
     1
 90
        0
176
     1
290
     0
176
     1
290
     1
176
     1
290
     1
176
     1
290
     0
176
     1
290
     0
176
     1
290
     0
176
     1
290
     0
176
     1
290
     0
176
     1
290
     0
176
     1
 90
       50
176
     1
 40
0.0
176
     1
 40
1.0
176
     1
 90
        0
176
     1
 62
    18
420
        0
176
     1
 90
       50
176
     1
 90
        3
176
     1
 62
     5
420
      255
176
     1
290
     0
176
     1
 90
       50
176
     1
 90
       50
176
     1
 90
       50
176
     1
290
     0
176
     1
 90
       50
176
     1
 62
   256
176
     0
 40
1.0
176
     0
 90
        2
176
     1
  1
strokes_ogs.tif
176
     1
290
     0
176
     1
 40
1.0
176
     1
 40
1.0
176
     1
  0
VISUALSTYLE
  5
2C
102
{ACAD_REACTORS
330
2A
102
}
330
2A
100
AcDbVisualStyle
  2
FlatWithEdges
 70
     1
177
     3
291
     1
 70
    58
 90
        2
176
     1
 90
        1
176
     1
 90
        1
176
     1
 90
        2
176
     1
 40
0.6
176
     1
 40
30.0
176
     1
 62
     7
420
 16777215
176
     1
 90
        1
176
     1
 90
        0
176
     1
 62
     7
176
     1
 62
   257
176
     1
 90
        1
176
     1
 90
        1
176
     1
 40
1.0
176
     1
 90
        0
176
     1
 62
   257
176
     1
 40
1.0
176
     1
 90
        1
176
     1
 90
        6
176
     1
 90
        2
176
     1
 62
     7
176
     1
 90
        5
176
     1
 90
        0
176
     1
 90
        0
176
     1
290
     0
176
     1
 90
       13
176
     1
 40
0.0
176
     1
 90
        0
176
     1
290
     0
176
     1
290
     1
176
     1
290
     1
176
     1
290
     0
176
     1
290
     0
176
     1
290
     0
176
     1
290
     0
176
     1
290
     0
176
     1
290
     0
176
     1
 90
       50
176
     1
 40
0.0
176
     1
 40
1.0
176
     1
 90
        0
176
     1
 62
    18
420
        0
176
     1
 90
       50
176
     1
 90
        3
176
     1
 62
     5
420
      255
176
     1
290
     0
176
     1
 90
       50
176
     1
 90
       50
176
     1
 90
       50
176
     1
290
     0
176
     1
 90
       50
176
     1
 62
   256
176
     0
 40
1.0
176
     0
 90
        2
176
     1
  1
strokes_ogs.tif
176
     1
290
     0
176
     1
 40
1.0
176
     1
 40
1.0
176
     1
  0
VISUALSTYLE
  5
2D
102
{ACAD_REACTORS
330
2A
102
}
330
2A
100
AcDbVisualStyle
  2
Gouraud
 70
     2
177
     3
291
     1
 70
    58
 90
        2
176
     1
 90
        2
176
     1
 90
        1
176
     1
 90
        2
176
     1
 40
0.6
176
     1
 40
30.0
176
     1
 62
     7
420
 16777215
176
     1
 90
        0
176
     1
 90
        0
176
     1
 62
     7
176
     1
 62
   257
176
     1
 90
        1
176
     1
 90
        1
176
     1
 40
1.0
176
     1
 90
        0
176
     1
 62
     7
176
     1
 40
1.0
176
     1
 90
        1
176
     1
 90
        6
176
     1
 90
        2
176
     1
 62
     7
176
     1
 90
        5
176
     1
 90
        0
176
     1
 90
        0
176
     1
290
     0
176
     1
 90
       13
176
     1
 40
0.0
176
     1
 90
        0
176
     1
290
     0
176
     1
290
     1
176
     1
290
     1
176
     1
290
     0
176
     1
290
     0
176
     1
290
     0
176
     1
290
     0
176
     1
290
     0
176
     1
290
     0
176
     1
 90
       50
176
     1
 40
0.0
176
     1
 40
1.0
176
     1
 90
        0
176
     1
 62
    18
420
        0
176
     1
 90
       50
176
     1
 90
        3
176
     1
 62
     5
420
      255
176
     1
290
     0
176
     1
 90
       50
176
     1
 90
       50
176
     1
 90
       50
176
     1
290
     0
176
     1
 90
       50
176
     1
 62
   256
176
     0
 40
1.0
176
     0
 90
        2
176
     1
  1
strokes_ogs.tif
176
     1
290
     0
176
     1
 40
1.0
176
     1
 40
1.0
176
     1
  0
VISUALSTYLE
  5
2E
102
{ACAD_REACTORS
330
2A
102
}
330
2A
100
AcDbVisualStyle
  2
GouraudWithEdges
 70
     3
177
     3
291
     1
 70
    58
 90
        2
176
     1
 90
        2
176
     1
 90
        1
176
     1
 90
        2
176
     1
 40
0.6
176
     1
 40
30.0
176
     1
 62
     7
420
 16777215
176
     1
 90
        1
176
     1
 90
        0
176
     1
 62
     7
176
     1
 62
   257
176
     1
 90
        1
176
     1
 90
        1
176
     1
 40
1.0
176
     1
 90
        0
176
     1
 62
   257
176
     1
 40
1.0
176
     1
 90
        1
176
     1
 90
        6
176
     1
 90
        2
176
     1
 62
     7
176
     1
 90
        5
176
     1
 90
        0
176
     1
 90
        0
176
     1
290
     0
176
     1
 90
       13
176
     1
 40
0.0
176
     1
 90
        0
176
     1
290
     0
176
     1
290
     1
176
     1
290
     1
176
     1
290
     0
176
     1
290
     0
176
     1
290
     0
176
     1
290
     0
176
     1
290
     0
176
     1
290
     0
176
     1
 90
       50
176
     1
 40
0.0
176
     1
 40
1.0
176
     1
 90
        0
176
     1
 62
    18
420
        0
176
     1
 90
       50
176
     1
 90
        3
176
     1
 62
     5
420
      255
176
     1
290
     0
176
     1
 90
       50
176
     1
 90
       50
176
     1
 90
       50
176
     1
290
     0
176
     1
 90
       50
176
     1
 62
   256
176
     0
 40
1.0
176
     0
 90
        2
176
     1
  1
strokes_ogs.tif
176
     1
290
     0
176
     1
 40
1.0
176
     1
 40
1.0
176
     1
  0
VISUALSTYLE
  5
31
102
{ACAD_REACTORS
330
2A
102
}
330
2A
100
AcDbVisualStyle
  2
Hidden
 70
     6
177
     3
291
     0
 70
    58
 90
        1
176
     1
 90
        2
176
     1
 90
        2
176
     1
 90
        0
176
     1
 40
0.6
176
     1
 40
30.0
176
     1
 62
     7
420
 16777215
176
     1
 90
        2
176
     1
 90
        2
176
     1
 62
     7
176
     1
 62
   257
176
     1
 90
        2
176
     1
 90
        1
176
     1
 40
40.0
176
     1
 90
        0
176
     1
 62
   257
176
     1
 40
1.0
176
     1
 90
        1
176
     1
 90
        6
176
     1
 90
        2
176
     1
 62
     7
176
     1
 90
        3
176
     1
 90
        0
176
     1
 90
        0
176
     1
290
     0
176
     1
 90
        1
176
     1
 40
0.0
176
     1
 90
        0
176
     1
290
     0
176
     1
290
     1
176
     1
290
     1
176
     1
290
     0
176
     1
290
     0
176
     1
290
     0
176
     1
290
     0
176
     1
290
     0
176
     1
290
     0
176
     1
 90
       50
176
     1
 40
0.0
176
     1
 40
1.0
176
     1
 90
        0
176
     1
 62
    18
420
        0
176
     1
 90
       50
176
     1
 90
        3
176
     1
 62
     5
420
      255
176
     1
290
     0
176
     1
 90
       50
176
     1
 90
       50
176
     1
 90
       50
176
     1
290
     0
176
     1
 90
       50
176
     1
 62
   256
176
     0
 40
1.0
176
     0
 90
        2
176
     1
  1
strokes_ogs.tif
176
     1
290
     0
176
     1
 40
1.0
176
     1
 40
1.0
176
     1
  0
VISUALSTYLE
  5
3B
102
{ACAD_REACTORS
330
2A
102
}
330
2A
100
AcDbVisualStyle
  2
JitterOff
 70
    20
177
     3
291
     1
 70
    58
 90
        2
176
     0
 90
        2
176
     0
 90
        0
176
     0
 90
        0
176
     0
 40
0.6
176
     0
 40
30.0
176
     0
 62
     7
420
 16777215
176
     0
 90
        1
176
     0
 90
        4
176
     0
 62
     7
176
     0
 62
   257
176
     0
 90
        1
176
     0
 90
        1
176
     0
 40
1.0
176
     0
 90
       10
176
     2
 62
     7
176
     0
 40
1.0
176
     0
 90
        1
176
     0
 90
        6
176
     0
 90
        2
176
     0
 62
     7
176
     0
 90
        5
176
     0
 90
        0
176
     0
 90
        0
176
     0
290
     0
176
     0
 90
        1
176
     0
 40
0.0
176
     0
 90
        0
176
     0
290
     0
176
     0
290
     1
176
     0
290
     1
176
     0
290
     0
176
     0
290
     0
176
     0
290
     0
176
     0
290
     0
176
     0
290
     0
176
     0
290
     0
176
     0
 90
       50
176
     0
 40
0.0
176
     0
 40
1.0
176
     0
 90
        0
176
     0
 62
    18
420
        0
176
     0
 90
       50
176
     0
 90
        3
176
     0
 62
     5
420
      255
176
     0
290
     0
176
     0
 90
       50
176
     0
 90
       50
176
     0
 90
       50
176
     0
290
     0
176
     0
 90
       50
176
     0
 62
   256
176
     0
 40
1.0
176
     0
 90
        2
176
     0
  1
strokes_ogs.tif
176
     0
290
     0
176
     0
 40
1.0
176
     0
 40
1.0
176
     0
  0
VISUALSTYLE
  5
38
102
{ACAD_REACTORS
330
2A
102
}
330
2A
100
AcDbVisualStyle
  2
Linepattern
 70
    14
177
     3
291
     1
 70
    58
 90
        2
176
     1
 90
        2
176
     1
 90
        0
176
     1
 90
        0
176
     1
 40
0.6
176
     1
 40
30.0
176
     1
 62
     7
420
 16777215
176
     1
 90
        1
176
     1
 90
        4
176
     1
 62
     7
176
     1
 62
   257
176
     1
 90
        7
176
     1
 90
        7
176
     1
 40
1.0
176
     1
 90
        8
176
     1
 62
     7
176
     1
 40
1.0
176
     1
 90
        1
176
     1
 90
        6
176
     1
 90
        2
176
     1
 62
     7
176
     1
 90
        5
176
     1
 90
        0
176
     1
 90
        0
176
     1
290
     0
176
     1
 90
        1
176
     1
 40
0.0
176
     1
 90
        0
176
     1
290
     0
176
     1
290
     1
176
     1
290
     1
176
     1
290
     0
176
     1
290
     0
176
     1
290
     0
176
     1
290
     0
176
     1
290
     0
176
     1
290
     0
176
     1
 90
       50
176
     1
 40
0.0
176
     1
 40
1.0
176
     1
 90
        0
176
     1
 62
    18
420
        0
176
     1
 90
       50
176
     1
 90
        3
176
     1
 62
     5
420
      255
176
     1
290
     0
176
     1
 90
       50
176
     1
 90
       50
176
     1
 90
       50
176
     1
290
     0
176
     1
 90
       50
176
     1
 62
   256
176
     0
 40
1.0
176
     0
 90
        2
176
     1
  1
strokes_ogs.tif
176
     1
290
     0
176
     1
 40
1.0
176
     1
 40
1.0
176
     1
  0
VISUALSTYLE
  5
3C
102
{ACAD_REACTORS
330
2A
102
}
330
2A
100
AcDbVisualStyle
  2
OverhangOff
 70
    21
177
     3
291
     1
 70
    58
 90
        2
176
     0
 90
        2
176
     0
 90
        0
176
     0
 90
        0
176
     0
 40
0.6
176
     0
 40
30.0
176
     0
 62
     7
420
 16777215
176
     0
 90
        1
176
     0
 90
        4
176
     0
 62
     7
176
     0
 62
   257
176
     0
 90
        1
176
     0
 90
        1
176
     0
 40
1.0
176
     0
 90
        9
176
     2
 62
     7
176
     0
 40
1.0
176
     0
 90
        1
176
     0
 90
        6
176
     0
 90
        2
176
     0
 62
     7
176
     0
 90
        5
176
     0
 90
        0
176
     0
 90
        0
176
     0
290
     0
176
     0
 90
        1
176
     0
 40
0.0
176
     0
 90
        0
176
     0
290
     0
176
     0
290
     1
176
     0
290
     1
176
     0
290
     0
176
     0
290
     0
176
     0
290
     0
176
     0
290
     0
176
     0
290
     0
176
     0
290
     0
176
     0
 90
       50
176
     0
 40
0.0
176
     0
 40
1.0
176
     0
 90
        0
176
     0
 62
    18
420
        0
176
     0
 90
       50
176
     0
 90
        3
176
     0
 62
     5
420
      255
176
     0
290
     0
176
     0
 90
       50
176
     0
 90
       50
176
     0
 90
       50
176
     0
290
     0
176
     0
 90
       50
176
     0
 62
   256
176
     0
 40
1.0
176
     0
 90
        2
176
     0
  1
strokes_ogs.tif
176
     0
290
     0
176
     0
 40
1.0
176
     0
 40
1.0
176
     0
  0
VISUALSTYLE
  5
33
102
{ACAD_REACTORS
330
2A
102
}
330
2A
100
AcDbVisualStyle
  2
Realistic
 70
     8
177
     3
291
     0
 70
    58
 90
        2
176
     1
 90
        3
176
     1
 90
        0
176
     1
 90
        2
176
     1
 40
0.6
176
     1
 40
30.0
176
     1
 62
     7
420
 16777215
176
     1
 90
        0
176
     1
 90
        0
176
     1
 62
     7
176
     1
 62
   257
176
     1
 90
        1
176
     1
 90
        1
176
     1
 40
1.0
176
     1
 90
        8
176
     1
 62
   257
176
     1
 40
1.0
176
     1
 90
        1
176
     1
 90
        6
176
     1
 90
        2
176
     1
 62
     7
176
     1
 90
        3
176
     1
 90
        0
176
     1
 90
        0
176
     1
290
     0
176
     1
 90
       13
176
     1
 40
0.0
176
     1
 90
        0
176
     1
290
     0
176
     1
290
     1
176
     1
290
     1
176
     1
290
     0
176
     1
290
     0
176
     1
290
     0
176
     1
290
     0
176
     1
290
     0
176
     1
290
     0
176
     1
 90
       50
176
     1
 40
0.0
176
     1
 40
1.0
176
     1
 90
        0
176
     1
 62
    18
420
        0
176
     1
 90
       50
176
     1
 90
        3
176
     1
 62
     5
420
      255
176
     1
290
     0
176
     1
 90
       50
176
     1
 90
       50
176
     1
 90
       50
176
     1
290
     0
176
     1
 90
       50
176
     1
 62
   256
176
     0
 40
1.0
176
     0
 90
        2
176
     1
  1
strokes_ogs.tif
176
     1
290
     0
176
     1
 40
1.0
176
     1
 40
1.0
176
     1
  0
VISUALSTYLE
  5
42
102
{ACAD_REACTORS
330
2A
102
}
330
2A
100
AcDbVisualStyle
  2
Shaded
 70
    27
177
     3
291
     0
 70
    58
 90
        2
176
     1
 90
        2
176
     1
 90
        1
176
     1
 90
        2
176
     1
 40
0.6
176
     1
 40
30.0
176
     1
 62
     7
420
 16777215
176
     1
 90
        0
176
     1
 90
        4
176
     1
 62
     7
176
     1
 62
   257
176
     1
 90
        1
176
     1
 90
        1
176
     1
 40
1.0
176
     1
 90
        8
176
     1
 62
   257
176
     1
 40
1.0
176
     1
 90
        1
176
     1
 90
        6
176
     1
 90
        2
176
     1
 62
     8
420
  7895160
176
     1
 90
        3
176
     1
 90
        0
176
     1
 90
        0
176
     1
290
     0
176
     1
 90
        5
176
     1
 40
0.0
176
     1
 90
        0
176
     1
290
     0
176
     1
290
     1
176
     1
290
     1
176
     1
290
     0
176
     1
290
     0
176
     1
290
     0
176
     1
290
     0
176
     1
290
     0
176
     1
290
     0
176
     1
 90
       50
176
     1
 40
0.0
176
     1
 40
1.0
176
     1
 90
        0
176
     1
 62
    18
420
        0
176
     1
 90
       50
176
     1
 90
        3
176
     1
 62
     5
420
      255
176
     1
290
     0
176
     1
 90
       50
176
     1
 90
       50
176
     1
 90
       50
176
     1
290
     0
176
     1
 90
       50
176
     1
 62
   256
176
     0
 40
1.0
176
     0
 90
        2
176
     1
  1
strokes_ogs.tif
176
     1
290
     0
176
     1
 40
1.0
176
     1
 40
1.0
176
     1
  0
VISUALSTYLE
  5
41
102
{ACAD_REACTORS
330
2A
102
}
330
2A
100
AcDbVisualStyle
  2
Shaded with edges
 70
    26
177
     3
291
     0
 70
    58
 90
        2
176
     1
 90
        2
176
     1
 90
        1
176
     1
 90
        2
176
     1
 40
0.6
176
     1
 40
30.0
176
     1
 62
     7
420
 16777215
176
     1
 90
        1
176
     1
 90
       10
176
     1
 62
     7
176
     1
 62
   257
176
     1
 90
        2
176
     1
 90
        1
176
     1
 40
1.0
176
     1
 90
        8
176
     1
 62
   257
176
     1
 40
1.0
176
     1
 90
        1
176
     1
 90
        6
176
     1
 90
        2
176
     1
 62
     7
176
     1
 90
        3
176
     1
 90
        0
176
     1
 90
        0
176
     1
290
     0
176
     1
 90
        5
176
     1
 40
0.0
176
     1
 90
        0
176
     1
290
     0
176
     1
290
     1
176
     1
290
     1
176
     1
290
     0
176
     1
290
     0
176
     1
290
     0
176
     1
290
     0
176
     1
290
     0
176
     1
290
     0
176
     1
 90
       50
176
     1
 40
0.0
176
     1
 40
1.0
176
     1
 90
        0
176
     1
 62
    18
420
        0
176
     1
 90
       50
176
     1
 90
        3
176
     1
 62
     5
420
      255
176
     1
290
     0
176
     1
 90
       50
176
     1
 90
       50
176
     1
 90
       50
176
     1
290
     0
176
     1
 90
       50
176
     1
 62
   256
176
     0
 40
1.0
176
     0
 90
        2
176
     1
  1
strokes_ogs.tif
176
     1
290
     0
176
     1
 40
1.0
176
     1
 40
1.0
176
     1
  0
VISUALSTYLE
  5
3E
102
{ACAD_REACTORS
330
2A
102
}
330
2A
100
AcDbVisualStyle
  2
Shades of Gray
 70
    23
177
     3
291
     0
 70
    58
 90
        2
176
     1
 90
        2
176
     1
 90
        3
176
     1
 90
        0
176
     1
 40
0.6
176
     1
 40
30.0
176
     1
 62
     7
420
 16777215
176
     1
 90
        2
176
     1
 90
        2
176
     1
 62
     7
176
     1
 62
     7
176
     1
 90
        1
176
     1
 90
        1
176
     1
 40
40.0
176
     1
 90
        8
176
     1
 62
     7
176
     1
 40
1.0
176
     1
 90
        1
176
     1
 90
        6
176
     1
 90
        2
176
     1
 62
     7
176
     1
 90
        3
176
     1
 90
        0
176
     1
 90
        0
176
     1
290
     0
176
     1
 90
        1
176
     1
 40
0.0
176
     1
 90
        0
176
     1
290
     0
176
     1
290
     1
176
     1
290
     1
176
     1
290
     0
176
     1
290
     0
176
     1
290
     0
176
     1
290
     0
176
     1
290
     0
176
     1
290
     0
176
     1
 90
       50
176
     1
 40
0.0
176
     1
 40
1.0
176
     1
 90
        0
176
     1
 62
    18
420
        0
176
     1
 90
       50
176
     1
 90
        3
176
     1
 62
     5
420
      255
176
     1
290
     0
176
     1
 90
       50
176
     1
 90
       50
176
     1
 90
       50
176
     1
290
     0
176
     1
 90
       50
176
     1
 62
   256
176
     0
 40
1.0
176
     0
 90
        2
176
     1
  1
strokes_ogs.tif
176
     1
290
     0
176
     1
 40
1.0
176
     1
 40
1.0
176
     1
  0
VISUALSTYLE
  5
3F
102
{ACAD_REACTORS
330
2A
102
}
330
2A
100
AcDbVisualStyle
  2
Sketchy
 70
    24
177
     3
291
     0
 70
    58
 90
        1
176
     1
 90
        2
176
     1
 90
        2
176
     1
 90
        0
176
     1
 40
0.6
176
     1
 40
30.0
176
     1
 62
     7
420
 16777215
176
     1
 90
        2
176
     1
 90
        2
176
     1
 62
     7
176
     1
 62
     7
176
     1
 90
        1
176
     1
 90
        1
176
     1
 40
40.0
176
     1
 90
       11
176
     1
 62
     7
176
     1
 40
1.0
176
     1
 90
        1
176
     1
 90
        6
176
     1
 90
        2
176
     1
 62
     7
176
     1
 90
        6
176
     1
 90
        0
176
     1
 90
        0
176
     1
290
     0
176
     1
 90
        1
176
     1
 40
0.0
176
     1
 90
        0
176
     1
290
     0
176
     1
290
     1
176
     1
290
     1
176
     1
290
     0
176
     1
290
     0
176
     1
290
     0
176
     1
290
     0
176
     1
290
     0
176
     1
290
     0
176
     1
 90
       50
176
     1
 40
0.0
176
     1
 40
1.0
176
     1
 90
        0
176
     1
 62
    18
420
        0
176
     1
 90
       50
176
     1
 90
        3
176
     1
 62
     5
420
      255
176
     1
290
     0
176
     1
 90
       50
176
     1
 90
       50
176
     1
 90
       50
176
     1
290
     0
176
     1
 90
       50
176
     1
 62
   256
176
     0
 40
1.0
176
     0
 90
        2
176
     1
  1
strokes_ogs.tif
176
     1
290
     0
176
     1
 40
1.0
176
     1
 40
1.0
176
     1
  0
VISUALSTYLE
  5
37
102
{ACAD_REACTORS
330
2A
102
}
330
2A
100
AcDbVisualStyle
  2
Thicken
 70
    13
177
     3
291
     1
 70
    58
 90
        2
176
     1
 90
        2
176
     1
 90
        0
176
     1
 90
        0
176
     1
 40
0.6
176
     1
 40
30.0
176
     1
 62
     7
420
 16777215
176
     1
 90
        1
176
     1
 90
        4
176
     1
 62
     7
176
     1
 62
   257
176
     1
 90
        1
176
     1
 90
        1
176
     1
 40
1.0
176
     1
 90
       12
176
     1
 62
     7
176
     1
 40
1.0
176
     1
 90
        1
176
     1
 90
        6
176
     1
 90
        2
176
     1
 62
     7
176
     1
 90
        5
176
     1
 90
        0
176
     1
 90
        0
176
     1
290
     0
176
     1
 90
        1
176
     1
 40
0.0
176
     1
 90
        0
176
     1
290
     0
176
     1
290
     1
176
     1
290
     1
176
     1
290
     0
176
     1
290
     0
176
     1
290
     0
176
     1
290
     0
176
     1
290
     0
176
     1
290
     0
176
     1
 90
       50
176
     1
 40
0.0
176
     1
 40
1.0
176
     1
 90
        0
176
     1
 62
    18
420
        0
176
     1
 90
       50
176
     1
 90
        3
176
     1
 62
     5
420
      255
176
     1
290
     0
176
     1
 90
       50
176
     1
 90
       50
176
     1
 90
       50
176
     1
290
     0
176
     1
 90
       50
176
     1
 62
   256
176
     0
 40
1.0
176
     0
 90
        2
176
     1
  1
strokes_ogs.tif
176
     1
290
     0
176
     1
 40
1.0
176
     1
 40
1.0
176
     1
  0
VISUALSTYLE
  5
30
102
{ACAD_REACTORS
330
2A
102
}
330
2A
100
AcDbVisualStyle
  2
Wireframe
 70
     5
177
     3
291
     0
 70
    58
 90
        0
176
     1
 90
        2
176
     1
 90
        0
176
     1
 90
        0
176
     1
 40
0.6
176
     1
 40
30.0
176
     1
 62
     7
420
 16777215
176
     1
 90
        1
176
     1
 90
        4
176
     1
 62
     7
176
     1
 62
   257
176
     1
 90
        1
176
     1
 90
        1
176
     1
 40
1.0
176
     1
 90
        0
176
     1
 62
   257
176
     1
 40
1.0
176
     1
 90
        1
176
     1
 90
        6
176
     1
 90
        2
176
     1
 62
     7
176
     1
 90
        3
176
     1
 90
        0
176
     1
 90
        0
176
     1
290
     0
176
     1
 90
        1
176
     1
 40
0.0
176
     1
 90
        0
176
     1
290
     0
176
     1
290
     1
176
     1
290
     1
176
     1
290
     0
176
     1
290
     0
176
     1
290
     0
176
     1
290
     0
176
     1
290
     0
176
     1
290
     0
176
     1
 90
       50
176
     1
 40
0.0
176
     1
 40
1.0
176
     1
 90
        0
176
     1
 62
    18
420
        0
176
     1
 90
       50
176
     1
 90
        3
176
     1
 62
     5
420
      255
176
     1
290
     0
176
     1
 90
       50
176
     1
 90
       50
176
     1
 90
       50
176
     1
290
     0
176
     1
 90
       50
176
     1
 62
   256
176
     0
 40
1.0
176
     0
 90
        2
176
     1
  1
strokes_ogs.tif
176
     1
290
     0
176
     1
 40
1.0
176
     1
 40
1.0
176
     1
  0
VISUALSTYLE
  5
40
102
{ACAD_REACTORS
330
2A
102
}
330
2A
100
AcDbVisualStyle
  2
X-Ray
 70
    25
177
     3
291
     0
 70
    58
 90
        2
176
     1
 90
        2
176
     1
 90
        1
176
     1
 90
        1
176
     1
 40
0.5
176
     1
 40
30.0
176
     1
 62
     7
420
 16777215
176
     1
 90
        1
176
     1
 90
        0
176
     1
 62
     7
176
     1
 62
   257
176
     1
 90
        1
176
     1
 90
        1
176
     1
 40
1.0
176
     1
 90
        8
176
     1
 62
     7
176
     1
 40
1.0
176
     1
 90
        1
176
     1
 90
        6
176
     1
 90
        2
176
     1
 62
     7
176
     1
 90
        3
176
     1
 90
        0
176
     1
 90
        0
176
     1
290
     0
176
     1
 90
       13
176
     1
 40
0.0
176
     1
 90
        0
176
     1
290
     0
176
     1
290
     1
176
     1
290
     1
176
     1
290
     0
176
     1
290
     0
176
     1
290
     0
176
     1
290
     0
176
     1
290
     0
176
     1
290
     0
176
     1
 90
       50
176
     1
 40
0.0
176
     1
 40
1.0
176
     1
 90
        0
176
     1
 62
    18
420
        0
176
     1
 90
       50
176
     1
 90
        3
176
     1
 62
     5
420
      255
176
     1
290
     0
176
     1
 90
       50
176
     1
 90
       50
176
     1
 90
       50
176
     1
290
     0
176
     1
 90
       50
176
     1
 62
   256
176
     0
 40
1.0
176
     0
 90
        2
176
     1
  1
strokes_ogs.tif
176
     1
290
     0
176
     1
 40
1.0
176
     1
 40
1.0
176
     1
  0
DICTIONARYVAR
  5
3D8
102
{ACAD_REACTORS
330
3D7
102
}
330
3D7
100
DictionaryVariables
280
     0
  1
1:1
  0
DICTIONARYVAR
  5
3DD
102
{ACAD_REACTORS
330
3D7
102
}
330
3D7
100
DictionaryVariables
280
     0
  1
Standard
  0
DICTIONARYVAR
  5
3DC
102
{ACAD_REACTORS
330
3D7
102
}
330
3D7
100
DictionaryVariables
280
     0
  1
Standard
  0
DICTIONARY
  5
3D9
330
5A
100
AcDbDictionary
280
     1
281
     1
  3
ACAD_ROUNDTRIP_2008_TABLESTYLE_CELLSTYLEMAP
360
3DA
  0
CELLSTYLEMAP
  5
3DA
102
{ACAD_REACTORS
330
3D9
102
}
330
3D9
100
AcDbCellStyleMap
 90
        3
300
CELLSTYLE
  1
TABLEFORMAT_BEGIN
 90
        5
170
     1
 91
        0
 92
    32768
 62
   257
 93
        1
300
CONTENTFORMAT
  1
CONTENTFORMAT_BEGIN
 90
        0
 91
        0
 92
        4
 93
        0
300

 40
0.0
140
1.0
 94
        5
 62
     0
340
11
144
0.25
309
CONTENTFORMAT_END
171
     1
301
MARGIN
  1
CELLMARGIN_BEGIN
 40
0.06
 40
0.06
 40
0.06
 40
0.06
 40
0.06
 40
0.06
309
CELLMARGIN_END
 94
        6
 95
        1
302
GRIDFORMAT
  1
GRIDFORMAT_BEGIN
 90
        0
 91
        1
 62
     0
 92
       -2
340
14
 93
        0
 40
0.045
309
GRIDFORMAT_END
 95
        2
302
GRIDFORMAT
  1
GRIDFORMAT_BEGIN
 90
        0
 91
        1
 62
     0
 92
       -2
340
14
 93
        0
 40
0.045
309
GRIDFORMAT_END
 95
        4
302
GRIDFORMAT
  1
GRIDFORMAT_BEGIN
 90
        0
 91
        1
 62
     0
 92
       -2
340
14
 93
        0
 40
0.045
309
GRIDFORMAT_END
 95
        8
302
GRIDFORMAT
  1
GRIDFORMAT_BEGIN
 90
        0
 91
        1
 62
     0
 92
       -2
340
14
 93
        0
 40
0.045
309
GRIDFORMAT_END
 95
       16
302
GRIDFORMAT
  1
GRIDFORMAT_BEGIN
 90
        0
 91
        1
 62
     0
 92
       -2
340
14
 93
        0
 40
0.045
309
GRIDFORMAT_END
 95
       32
302
GRIDFORMAT
  1
GRIDFORMAT_BEGIN
 90
        0
 91
        1
 62
     0
 92
       -2
340
14
 93
        0
 40
0.045
309
GRIDFORMAT_END
309
TABLEFORMAT_END
  1
CELLSTYLE_BEGIN
 90
        1
 91
        1
300
_TITLE
309
CELLSTYLE_END
300
CELLSTYLE
  1
TABLEFORMAT_BEGIN
 90
        5
170
     1
 91
        0
 92
        0
 62
   257
 93
        1
300
CONTENTFORMAT
  1
CONTENTFORMAT_BEGIN
 90
        0
 91
        0
 92
        4
 93
        0
300

 40
0.0
140
1.0
 94
        5
 62
     0
340
11
144
0.18
309
CONTENTFORMAT_END
171
     1
301
MARGIN
  1
CELLMARGIN_BEGIN
 40
0.06
 40
0.06
 40
0.06
 40
0.06
 40
0.06
 40
0.06
309
CELLMARGIN_END
 94
        6
 95
        1
302
GRIDFORMAT
  1
GRIDFORMAT_BEGIN
 90
        0
 91
        1
 62
     0
 92
       -2
340
14
 93
        0
 40
0.045
309
GRIDFORMAT_END
 95
        2
302
GRIDFORMAT
  1
GRIDFORMAT_BEGIN
 90
        0
 91
        1
 62
     0
 92
       -2
340
14
 93
        0
 40
0.045
309
GRIDFORMAT_END
 95
        4
302
GRIDFORMAT
  1
GRIDFORMAT_BEGIN
 90
        0
 91
        1
 62
     0
 92
       -2
340
14
 93
        0
 40
0.045
309
GRIDFORMAT_END
 95
        8
302
GRIDFORMAT
  1
GRIDFORMAT_BEGIN
 90
        0
 91
        1
 62
     0
 92
       -2
340
14
 93
        0
 40
0.045
309
GRIDFORMAT_END
 95
       16
302
GRIDFORMAT
  1
GRIDFORMAT_BEGIN
 90
        0
 91
        1
 62
     0
 92
       -2
340
14
 93
        0
 40
0.045
309
GRIDFORMAT_END
 95
       32
302
GRIDFORMAT
  1
GRIDFORMAT_BEGIN
 90
        0
 91
        1
 62
     0
 92
       -2
340
14
 93
        0
 40
0.045
309
GRIDFORMAT_END
309
TABLEFORMAT_END
  1
CELLSTYLE_BEGIN
 90
        2
 91
        1
300
_HEADER
309
CELLSTYLE_END
300
CELLSTYLE
  1
TABLEFORMAT_BEGIN
 90
        5
170
     1
 91
        0
 92
        0
 62
   257
 93
        1
300
CONTENTFORMAT
  1
CONTENTFORMAT_BEGIN
 90
        0
 91
        0
 92
        4
 93
        0
300

 40
0.0
140
1.0
 94
        2
 62
     0
340
11
144
0.18
309
CONTENTFORMAT_END
171
     1
301
MARGIN
  1
CELLMARGIN_BEGIN
 40
0.06
 40
0.06
 40
0.06
 40
0.06
 40
0.06
 40
0.06
309
CELLMARGIN_END
 94
        6
 95
        1
302
GRIDFORMAT
  1
GRIDFORMAT_BEGIN
 90
        0
 91
        1
 62
     0
 92
       -2
340
14
 93
        0
 40
0.045
309
GRIDFORMAT_END
 95
        2
302
GRIDFORMAT
  1
GRIDFORMAT_BEGIN
 90
        0
 91
        1
 62
     0
 92
       -2
340
14
 93
        0
 40
0.045
309
GRIDFORMAT_END
 95
        4
302
GRIDFORMAT
  1
GRIDFORMAT_BEGIN
 90
        0
 91
        1
 62
     0
 92
       -2
340
14
 93
        0
 40
0.045
309
GRIDFORMAT_END
 95
        8
302
GRIDFORMAT
  1
GRIDFORMAT_BEGIN
 90
        0
 91
        1
 62
     0
 92
       -2
340
14
 93
        0
 40
0.045
309
GRIDFORMAT_END
 95
       16
302
GRIDFORMAT
  1
GRIDFORMAT_BEGIN
 90
        0
 91
        1
 62
     0
 92
       -2
340
14
 93
        0
 40
0.045
309
GRIDFORMAT_END
 95
       32
302
GRIDFORMAT
  1
GRIDFORMAT_BEGIN
 90
        0
 91
        1
 62
     0
 92
       -2
340
14
 93
        0
 40
0.045
309
GRIDFORMAT_END
309
TABLEFORMAT_END
  1
CELLSTYLE_BEGIN
 90
        3
 91
        2
300
_DATA
309
CELLSTYLE_END
  0
ENDSEC
  0
SECTION
  2
ACDSDATA
 70
     2
 71
     2
  0
ACDSSCHEMA
 90
        0
  1
AcDb_Thumbnail_Schema
  2
AcDbDs::ID
280
    10
 91
        8
  2
Thumbnail_Data
280
    15
 91
        0
101
ACDSRECORD
 95
        0
 90
        2
  2
AcDbDs::TreatedAsObjectData
280
     1
291
     1
101
ACDSRECORD
 95
        0
 90
        3
  2
AcDbDs::Legacy
280
     1
291
     1
101
ACDSRECORD
  1
AcDbDs::ID
 90
        4
  2
AcDs:Indexable
280
     1
291
     1
101
ACDSRECORD
  1
AcDbDs::ID
 90
        5
  2
AcDbDs::HandleAttribute
280
     7
282
     1
  0
ACDSSCHEMA
 90
        1
  1
AcDb3DSolid_ASM_Data
  2
AcDbDs::ID
280
    10
 91
        8
  2
ASM_Data
280
    15
 91
        0
101
ACDSRECORD
 95
        1
 90
        2
  2
AcDbDs::TreatedAsObjectData
280
     1
291
     1
101
ACDSRECORD
 95
        1
 90
        3
  2
AcDbDs::Legacy
280
     1
291
     1
101
ACDSRECORD
  1
AcDbDs::ID
 90
        4
  2
AcDs:Indexable
280
     1
291
     1
101
ACDSRECORD
  1
AcDbDs::ID
 90
        5
  2
AcDbDs::HandleAttribute
280
     7
282
     1
  0
ACDSSCHEMA
 90
        2
  1
AcDbDs::TreatedAsObjectDataSchema
  2
AcDbDs::TreatedAsObjectData
280
     1
 91
        0
  0
ACDSSCHEMA
 90
        3
  1
AcDbDs::LegacySchema
  2
AcDbDs::Legacy
280
     1
 91
        0
  0
ACDSSCHEMA
 90
        4
  1
AcDbDs::IndexedPropertySchema
  2
AcDs:Indexable
280
     1
 91
        0
  0
ACDSSCHEMA
 90
        5
  1
AcDbDs::HandleAttributeSchema
  2
AcDbDs::HandleAttribute
280
     7
 91
        1
284
     1
  0
ACDSRECORD
 90
        1
  2
AcDbDs::ID
280
    10
320
61
  2
ASM_Data
280
    15
 94
      811
310
414349532042696E61727946696C652855000000000000010000000C00000007214F70656E2044657369676E20416C6C69616E63652041434953204275696C646572070E41434953203231382E3030204E540718546875204A756E2032372031363A32383A3231203230323406000000000000F03F0648AFBC9AF2D77A3E06
310
BBBDD7D9DF7CDB3D0D04626F64790CFFFFFFFF04FFFFFFFF0CFFFFFFFF0C0A0000000CFFFFFFFF0CFFFFFFFF110D05706F696E740CFFFFFFFF04FFFFFFFF0CFFFFFFFF131D10D72082601A40DB1B11C62E552C400000000000000000110D067665727465780CFFFFFFFF04FFFFFFFF0CFFFFFFFF0C0400000004020000000C
310
01000000110E07656C6C697073650D0563757276650CFFFFFFFF04FFFFFFFF0CFFFFFFFF13776C5F9BE8C61940DB1B11C62E552C4000000000000000001400000000000000000000000000000000000000000000F03F14B174F4AE3033C33F0000000000000000000000000000008006000000000000F03F0B0B110D046564
310
67650CFFFFFFFF04FFFFFFFF0CFFFFFFFF0C020000000600000000000000000C0200000006182D4454FB2119400C050000000C030000000B0707756E6B6E6F776E110D06636F656467650CFFFFFFFF04FFFFFFFF0CFFFFFFFF0C050000000C050000000CFFFFFFFF0C040000000B0C0600000004000000000CFFFFFFFF110D
310
046C6F6F700CFFFFFFFF04FFFFFFFF0CFFFFFFFF0CFFFFFFFF0C050000000C08000000110E05706C616E650D07737572666163650CFFFFFFFF04FFFFFFFF0CFFFFFFFF13A49AA3D81B7A1940DB1B11C62E552C4000000000000000001400000000000000800000000000000000000000000000F03F14000000000000F0BF00
310
0000000000000000000000000000800B0B0B0B0B110D04666163650CFFFFFFFF04FFFFFFFF0CFFFFFFFF0CFFFFFFFF0C060000000C090000000CFFFFFFFF0C070000000B0A0B110D057368656C6C0CFFFFFFFF04FFFFFFFF0CFFFFFFFF0CFFFFFFFF0CFFFFFFFF0C080000000CFFFFFFFF0C0A000000110D046C756D700CFF
310
FFFFFF04FFFFFFFF0CFFFFFFFF0CFFFFFFFF0C090000000C00000000110E03456E640E026F660E0341534D0D0464617461
  0
ACDSRECORD
 90
        1
  2
AcDbDs::ID
280
    10
320
63
  2
ASM_Data
280
    15
 94
      811
310
414349532042696E61727946696C652855000000000000010000000C00000007214F70656E2044657369676E20416C6C69616E63652041434953204275696C646572070E41434953203231382E3030204E540718546875204A756E2032372031363A32383A3231203230323406000000000000F03F0648AFBC9AF2D77A3E06
310
BBBDD7D9DF7CDB3D0D04626F64790CFFFFFFFF04FFFFFFFF0CFFFFFFFF0C0A0000000CFFFFFFFF0CFFFFFFFF110D05706F696E740CFFFFFFFF04FFFFFFFF0CFFFFFFFF134949937B4F071B4000CCADF7B89E2E400000000000000000110D067665727465780CFFFFFFFF04FFFFFFFF0CFFFFFFFF0C0400000004020000000C
310
01000000110E07656C6C697073650D0563757276650CFFFFFFFF04FFFFFFFF0CFFFFFFFF13A3A51BF6B56D1A4000CCADF7B89E2E4000000000000000001400000000000000000000000000000000000000000000F03F14B174F4AE3033C33F0000000000000000000000000000008006000000000000F03F0B0B110D046564
310
67650CFFFFFFFF04FFFFFFFF0CFFFFFFFF0C020000000600000000000000000C0200000006182D4454FB2119400C050000000C030000000B0707756E6B6E6F776E110D06636F656467650CFFFFFFFF04FFFFFFFF0CFFFFFFFF0C050000000C050000000CFFFFFFFF0C040000000B0C0600000004000000000CFFFFFFFF110D
310
046C6F6F700CFFFFFFFF04FFFFFFFF0CFFFFFFFF0CFFFFFFFF0C050000000C08000000110E05706C616E650D07737572666163650CFFFFFFFF04FFFFFFFF0CFFFFFFFF13D0D35F33E9201A4000CCADF7B89E2E4000000000000000001400000000000000800000000000000000000000000000F03F14000000000000F0BF00
310
0000000000000000000000000000800B0B0B0B0B110D04666163650CFFFFFFFF04FFFFFFFF0CFFFFFFFF0CFFFFFFFF0C060000000C090000000CFFFFFFFF0C070000000B0A0B110D057368656C6C0CFFFFFFFF04FFFFFFFF0CFFFFFFFF0CFFFFFFFF0CFFFFFFFF0C080000000CFFFFFFFF0C0A000000110D046C756D700CFF
310
FFFFFF04FFFFFFFF0CFFFFFFFF0CFFFFFFFF0C090000000C00000000110E03456E640E026F660E0341534D0D0464617461
  0
ACDSRECORD
 90
        1
  2
AcDbDs::ID
280
    10
320
65
  2
ASM_Data
280
    15
 94
      811
310
414349532042696E61727946696C652855000000000000010000000C00000007214F70656E2044657369676E20416C6C69616E63652041434953204275696C646572070E41434953203231382E3030204E540718546875204A756E2032372031363A32383A3231203230323406000000000000F03F0648AFBC9AF2D77A3E06
310
BBBDD7D9DF7CDB3D0D04626F64790CFFFFFFFF04FFFFFFFF0CFFFFFFFF0C0A0000000CFFFFFFFF0CFFFFFFFF110D05706F696E740CFFFFFFFF04FFFFFFFF0CFFFFFFFF1379AC007C43CF2040B54389B74A9F1C400000000000000000110D067665727465780CFFFFFFFF04FFFFFFFF0CFFFFFFFF0C0400000004020000000C
310
01000000110E07656C6C697073650D0563757276650CFFFFFFFF04FFFFFFFF0CFFFFFFFF13A6DA44B976822040B54389B74A9F1C4000000000000000001400000000000000000000000000000000000000000000F03F14B174F4AE3033C33F0000000000000000000000000000008006000000000000F03F0B0B110D046564
310
67650CFFFFFFFF04FFFFFFFF0CFFFFFFFF0C020000000600000000000000000C0200000006182D4454FB2119400C050000000C030000000B0707756E6B6E6F776E110D06636F656467650CFFFFFFFF04FFFFFFFF0CFFFFFFFF0C050000000C050000000CFFFFFFFF0C040000000B0C0600000004000000000CFFFFFFFF110D
310
046C6F6F700CFFFFFFFF04FFFFFFFF0CFFFFFFFF0CFFFFFFFF0C050000000C08000000110E05706C616E650D07737572666163650CFFFFFFFF04FFFFFFFF0CFFFFFFFF13BDF1E657105C2040B54389B74A9F1C4000000000000000001400000000000000800000000000000000000000000000F03F14000000000000F0BF00
310
0000000000000000000000000000800B0B0B0B0B110D04666163650CFFFFFFFF04FFFFFFFF0CFFFFFFFF0CFFFFFFFF0C060000000C090000000CFFFFFFFF0C070000000B0A0B110D057368656C6C0CFFFFFFFF04FFFFFFFF0CFFFFFFFF0CFFFFFFFF0CFFFFFFFF0C080000000CFFFFFFFF0C0A000000110D046C756D700CFF
310
FFFFFF04FFFFFFFF0CFFFFFFFF0CFFFFFFFF0C090000000C00000000110E03456E640E026F660E0341534D0D0464617461
  0
ACDSRECORD
 90
        1
  2
AcDbDs::ID
280
    10
320
67
  2
ASM_Data
280
    15
 94
      811
310
414349532042696E61727946696C652855000000000000010000000C00000007214F70656E2044657369676E20416C6C69616E63652041434953204275696C646572070E41434953203231382E3030204E540718546875204A756E2032372031363A32383A3231203230323406000000000000F03F0648AFBC9AF2D77A3E06
310
BBBDD7D9DF7CDB3D0D04626F64790CFFFFFFFF04FFFFFFFF0CFFFFFFFF0C0A0000000CFFFFFFFF0CFFFFFFFF110D05706F696E740CFFFFFFFF04FFFFFFFF0CFFFFFFFF13A32BC71AE40825406EBF1988A79F2A400000000000000000110D067665727465780CFFFFFFFF04FFFFFFFF0CFFFFFFFF0C0400000004020000000C
310
01000000110E07656C6C697073650D0563757276650CFFFFFFFF04FFFFFFFF0CFFFFFFFF13D0590B5817BC24406EBF1988A79F2A4000000000000000001400000000000000000000000000000000000000000000F03F14B174F4AE3033C33F0000000000000000000000000000008006000000000000F03F0B0B110D046564
310
67650CFFFFFFFF04FFFFFFFF0CFFFFFFFF0C020000000600000000000000000C0200000006182D4454FB2119400C050000000C030000000B0707756E6B6E6F776E110D06636F656467650CFFFFFFFF04FFFFFFFF0CFFFFFFFF0C050000000C050000000CFFFFFFFF0C040000000B0C0600000004000000000CFFFFFFFF110D
310
046C6F6F700CFFFFFFFF04FFFFFFFF0CFFFFFFFF0CFFFFFFFF0C050000000C08000000110E05706C616E650D07737572666163650CFFFFFFFF04FFFFFFFF0CFFFFFFFF13E770ADF6B09524406EBF1988A79F2A4000000000000000001400000000000000800000000000000000000000000000F03F14000000000000F0BF00
310
0000000000000000000000000000800B0B0B0B0B110D04666163650CFFFFFFFF04FFFFFFFF0CFFFFFFFF0CFFFFFFFF0C060000000C090000000CFFFFFFFF0C070000000B0A0B110D057368656C6C0CFFFFFFFF04FFFFFFFF0CFFFFFFFF0CFFFFFFFF0CFFFFFFFF0C080000000CFFFFFFFF0C0A000000110D046C756D700CFF
310
FFFFFF04FFFFFFFF0CFFFFFFFF0CFFFFFFFF0C090000000C00000000110E03456E640E026F660E0341534D0D0464617461
  0
ACDSRECORD
 90
        1
  2
AcDbDs::ID
280
    10
320
69
  2
ASM_Data
280
    15
 94
      811
310
414349532042696E61727946696C652855000000000000010000000C00000007214F70656E2044657369676E20416C6C69616E63652041434953204275696C646572070E41434953203231382E3030204E540718546875204A756E2032372031363A32383A3231203230323406000000000000F03F0648AFBC9AF2D77A3E06
310
BBBDD7D9DF7CDB3D0D04626F64790CFFFFFFFF04FFFFFFFF0CFFFFFFFF0C0A0000000CFFFFFFFF0CFFFFFFFF110D05706F696E740CFFFFFFFF04FFFFFFFF0CFFFFFFFF1353737F16C7CC2940BCA17C8327331C400000000000000000110D067665727465780CFFFFFFFF04FFFFFFFF0CFFFFFFFF0C0400000004020000000C
310
01000000110E07656C6C697073650D0563757276650CFFFFFFFF04FFFFFFFF0CFFFFFFFF1380A1C353FA7F2940BCA17C8327331C4000000000000000001400000000000000000000000000000000000000000000F03F14B174F4AE3033C33F0000000000000000000000000000008006000000000000F03F0B0B110D046564
310
67650CFFFFFFFF04FFFFFFFF0CFFFFFFFF0C020000000600000000000000000C0200000006182D4454FB2119400C050000000C030000000B0707756E6B6E6F776E110D06636F656467650CFFFFFFFF04FFFFFFFF0CFFFFFFFF0C050000000C050000000CFFFFFFFF0C040000000B0C0600000004000000000CFFFFFFFF110D
310
046C6F6F700CFFFFFFFF04FFFFFFFF0CFFFFFFFF0CFFFFFFFF0C050000000C08000000110E05706C616E650D07737572666163650CFFFFFFFF04FFFFFFFF0CFFFFFFFF1397B865F293592940BCA17C8327331C4000000000000000001400000000000000800000000000000000000000000000F03F14000000000000F0BF00
310
0000000000000000000000000000800B0B0B0B0B110D04666163650CFFFFFFFF04FFFFFFFF0CFFFFFFFF0CFFFFFFFF0C060000000C090000000CFFFFFFFF0C070000000B0A0B110D057368656C6C0CFFFFFFFF04FFFFFFFF0CFFFFFFFF0CFFFFFFFF0CFFFFFFFF0C080000000CFFFFFFFF0C0A000000110D046C756D700CFF
310
FFFFFF04FFFFFFFF0CFFFFFFFF0CFFFFFFFF0C090000000C00000000110E03456E640E026F660E0341534D0D0464617461
  0
ACDSRECORD
 90
        1
  2
AcDbDs::ID
280
    10
320
6B
  2
ASM_Data
280
    15
 94
      811
310
414349532042696E61727946696C652855000000000000010000000C00000007214F70656E2044657369676E20416C6C69616E63652041434953204275696C646572070E41434953203231382E3030204E540718546875204A756E2032372031363A32383A3231203230323406000000000000F03F0648AFBC9AF2D77A3E06
310
BBBDD7D9DF7CDB3D0D04626F64790CFFFFFFFF04FFFFFFFF0CFFFFFFFF0C0A0000000CFFFFFFFF0CFFFFFFFF110D05706F696E740CFFFFFFFF04FFFFFFFF0CFFFFFFFF132B03D6C3FAE13A40C0598CB265D032400000000000000000110D067665727465780CFFFFFFFF04FFFFFFFF0CFFFFFFFF0C0400000004020000000C
310
01000000110E07656C6C697073650D0563757276650CFFFFFFFF04FFFFFFFF0CFFFFFFFF13421A786294BB3A40C0598CB265D0324000000000000000001400000000000000000000000000000000000000000000F03F14B174F4AE3033C33F0000000000000000000000000000008006000000000000F03F0B0B110D046564
310
67650CFFFFFFFF04FFFFFFFF0CFFFFFFFF0C020000000600000000000000000C0200000006182D4454FB2119400C050000000C030000000B0707756E6B6E6F776E110D06636F656467650CFFFFFFFF04FFFFFFFF0CFFFFFFFF0C050000000C050000000CFFFFFFFF0C040000000B0C0600000004000000000CFFFFFFFF110D
310
046C6F6F700CFFFFFFFF04FFFFFFFF0CFFFFFFFF0CFFFFFFFF0C050000000C08000000110E05706C616E650D07737572666163650CFFFFFFFF04FFFFFFFF0CFFFFFFFF13CD25C93161A83A40C0598CB265D0324000000000000000001400000000000000800000000000000000000000000000F03F14000000000000F0BF00
310
0000000000000000000000000000800B0B0B0B0B110D04666163650CFFFFFFFF04FFFFFFFF0CFFFFFFFF0CFFFFFFFF0C060000000C090000000CFFFFFFFF0C070000000B0A0B110D057368656C6C0CFFFFFFFF04FFFFFFFF0CFFFFFFFF0CFFFFFFFF0CFFFFFFFF0C080000000CFFFFFFFF0C0A000000110D046C756D700CFF
310
FFFFFF04FFFFFFFF0CFFFFFFFF0CFFFFFFFF0C090000000C00000000110E03456E640E026F660E0341534D0D0464617461
  0
ACDSRECORD
 90
        1
  2
AcDbDs::ID
280
    10
320
6D
  2
ASM_Data
280
    15
 94
      811
310
414349532042696E61727946696C652855000000000000010000000C00000007214F70656E2044657369676E20416C6C69616E63652041434953204275696C646572070E41434953203231382E3030204E540718546875204A756E2032372031363A32383A3231203230323406000000000000F03F0648AFBC9AF2D77A3E06
310
BBBDD7D9DF7CDB3D0D04626F64790CFFFFFFFF04FFFFFFFF0CFFFFFFFF0C0A0000000CFFFFFFFF0CFFFFFFFF110D05706F696E740CFFFFFFFF04FFFFFFFF0CFFFFFFFF136D1EA05E9DD92940B25750FFF6A82C400000000000000000110D067665727465780CFFFFFFFF04FFFFFFFF0CFFFFFFFF0C0400000004020000000C
310
01000000110E07656C6C697073650D0563757276650CFFFFFFFF04FFFFFFFF0CFFFFFFFF139A4CE49BD08C2940B25750FFF6A82C4000000000000000001400000000000000000000000000000000000000000000F03F14B174F4AE3033C33F0000000000000000000000000000008006000000000000F03F0B0B110D046564
310
67650CFFFFFFFF04FFFFFFFF0CFFFFFFFF0C020000000600000000000000000C0200000006182D4454FB2119400C050000000C030000000B0707756E6B6E6F776E110D06636F656467650CFFFFFFFF04FFFFFFFF0CFFFFFFFF0C050000000C050000000CFFFFFFFF0C040000000B0C0600000004000000000CFFFFFFFF110D
310
046C6F6F700CFFFFFFFF04FFFFFFFF0CFFFFFFFF0CFFFFFFFF0C050000000C08000000110E05706C616E650D07737572666163650CFFFFFFFF04FFFFFFFF0CFFFFFFFF13B163863A6A662940B25750FFF6A82C4000000000000000001400000000000000800000000000000000000000000000F03F14000000000000F0BF00
310
0000000000000000000000000000800B0B0B0B0B110D04666163650CFFFFFFFF04FFFFFFFF0CFFFFFFFF0CFFFFFFFF0C060000000C090000000CFFFFFFFF0C070000000B0A0B110D057368656C6C0CFFFFFFFF04FFFFFFFF0CFFFFFFFF0CFFFFFFFF0CFFFFFFFF0C080000000CFFFFFFFF0C0A000000110D046C756D700CFF
310
FFFFFF04FFFFFFFF0CFFFFFFFF0CFFFFFFFF0C090000000C00000000110E03456E640E026F660E0341534D0D0464617461
  0
ACDSRECORD
 90
        1
  2
AcDbDs::ID
280
    10
320
6F
  2
ASM_Data
280
    15
 94
      811
310
414349532042696E61727946696C652855000000000000010000000C00000007214F70656E2044657369676E20416C6C69616E63652041434953204275696C646572070E41434953203231382E3030204E540718546875204A756E2032372031363A32383A3231203230323406000000000000F03F0648AFBC9AF2D77A3E06
310
BBBDD7D9DF7CDB3D0D04626F64790CFFFFFFFF04FFFFFFFF0CFFFFFFFF0C0A0000000CFFFFFFFF0CFFFFFFFF110D05706F696E740CFFFFFFFF04FFFFFFFF0CFFFFFFFF13611D9E9063E636405FE6014D00E923400000000000000000110D067665727465780CFFFFFFFF04FFFFFFFF0CFFFFFFFF0C0400000004020000000C
310
01000000110E07656C6C697073650D0563757276650CFFFFFFFF04FFFFFFFF0CFFFFFFFF137834402FFDBF36405FE6014D00E9234000000000000000001400000000000000000000000000000000000000000000F03F14B174F4AE3033C33F0000000000000000000000000000008006000000000000F03F0B0B110D046564
310
67650CFFFFFFFF04FFFFFFFF0CFFFFFFFF0C020000000600000000000000000C0200000006182D4454FB2119400C050000000C030000000B0707756E6B6E6F776E110D06636F656467650CFFFFFFFF04FFFFFFFF0CFFFFFFFF0C050000000C050000000CFFFFFFFF0C040000000B0C0600000004000000000CFFFFFFFF110D
310
046C6F6F700CFFFFFFFF04FFFFFFFF0CFFFFFFFF0CFFFFFFFF0C050000000C08000000110E05706C616E650D07737572666163650CFFFFFFFF04FFFFFFFF0CFFFFFFFF13034091FEC9AC36405FE6014D00E9234000000000000000001400000000000000800000000000000000000000000000F03F14000000000000F0BF00
310
0000000000000000000000000000800B0B0B0B0B110D04666163650CFFFFFFFF04FFFFFFFF0CFFFFFFFF0CFFFFFFFF0C060000000C090000000CFFFFFFFF0C070000000B0A0B110D057368656C6C0CFFFFFFFF04FFFFFFFF0CFFFFFFFF0CFFFFFFFF0CFFFFFFFF0C080000000CFFFFFFFF0C0A000000110D046C756D700CFF
310
FFFFFF04FFFFFFFF0CFFFFFFFF0CFFFFFFFF0C090000000C00000000110E03456E640E026F660E0341534D0D0464617461
  0
ACDSRECORD
 90
        1
  2
AcDbDs::ID
280
    10
320
71
  2
ASM_Data
280
    15
 94
      811
310
414349532042696E61727946696C652855000000000000010000000C00000007214F70656E2044657369676E20416C6C69616E63652041434953204275696C646572070E41434953203231382E3030204E540718546875204A756E2032372031363A32383A3231203230323406000000000000F03F0648AFBC9AF2D77A3E06
310
BBBDD7D9DF7CDB3D0D04626F64790CFFFFFFFF04FFFFFFFF0CFFFFFFFF0C0A0000000CFFFFFFFF0CFFFFFFFF110D05706F696E740CFFFFFFFF04FFFFFFFF0CFFFFFFFF13724938A1CE6C32408E3CEF4ABB1E1C400000000000000000110D067665727465780CFFFFFFFF04FFFFFFFF0CFFFFFFFF0C0400000004020000000C
310
01000000110E07656C6C697073650D0563757276650CFFFFFFFF04FFFFFFFF0CFFFFFFFF138960DA3F684632408E3CEF4ABB1E1C4000000000000000001400000000000000000000000000000000000000000000F03F14B174F4AE3033C33F0000000000000000000000000000008006000000000000F03F0B0B110D046564
310
67650CFFFFFFFF04FFFFFFFF0CFFFFFFFF0C020000000600000000000000000C0200000006182D4454FB2119400C050000000C030000000B0707756E6B6E6F776E110D06636F656467650CFFFFFFFF04FFFFFFFF0CFFFFFFFF0C050000000C050000000CFFFFFFFF0C040000000B0C0600000004000000000CFFFFFFFF110D
310
046C6F6F700CFFFFFFFF04FFFFFFFF0CFFFFFFFF0CFFFFFFFF0C050000000C08000000110E05706C616E650D07737572666163650CFFFFFFFF04FFFFFFFF0CFFFFFFFF13146C2B0F353332408E3CEF4ABB1E1C4000000000000000001400000000000000800000000000000000000000000000F03F14000000000000F0BF00
310
0000000000000000000000000000800B0B0B0B0B110D04666163650CFFFFFFFF04FFFFFFFF0CFFFFFFFF0CFFFFFFFF0C060000000C090000000CFFFFFFFF0C070000000B0A0B110D057368656C6C0CFFFFFFFF04FFFFFFFF0CFFFFFFFF0CFFFFFFFF0CFFFFFFFF0C080000000CFFFFFFFF0C0A000000110D046C756D700CFF
310
FFFFFF04FFFFFFFF0CFFFFFFFF0CFFFFFFFF0C090000000C00000000110E03456E640E026F660E0341534D0D0464617461
  0
ACDSRECORD
 90
        1
  2
AcDbDs::ID
280
    10
320
73
  2
ASM_Data
280
    15
 94
      811
310
414349532042696E61727946696C652855000000000000010000000C00000007214F70656E2044657369676E20416C6C69616E63652041434953204275696C646572070E41434953203231382E3030204E540718546875204A756E2032372031363A32383A3231203230323406000000000000F03F0648AFBC9AF2D77A3E06
310
BBBDD7D9DF7CDB3D0D04626F64790CFFFFFFFF04FFFFFFFF0CFFFFFFFF0C0A0000000CFFFFFFFF0CFFFFFFFF110D05706F696E740CFFFFFFFF04FFFFFFFF0CFFFFFFFF13EF9CD26641D33540A57796C569552E400000000000000000110D067665727465780CFFFFFFFF04FFFFFFFF0CFFFFFFFF0C0400000004020000000C
310
01000000110E07656C6C697073650D0563757276650CFFFFFFFF04FFFFFFFF0CFFFFFFFF1306B47405DBAC3540A57796C569552E4000000000000000001400000000000000000000000000000000000000000000F03F14B174F4AE3033C33F0000000000000000000000000000008006000000000000F03F0B0B110D046564
310
67650CFFFFFFFF04FFFFFFFF0CFFFFFFFF0C020000000600000000000000000C0200000006182D4454FB2119400C050000000C030000000B0707756E6B6E6F776E110D06636F656467650CFFFFFFFF04FFFFFFFF0CFFFFFFFF0C050000000C050000000CFFFFFFFF0C040000000B0C0600000004000000000CFFFFFFFF110D
310
046C6F6F700CFFFFFFFF04FFFFFFFF0CFFFFFFFF0CFFFFFFFF0C050000000C08000000110E05706C616E650D07737572666163650CFFFFFFFF04FFFFFFFF0CFFFFFFFF1391BFC5D4A7993540A57796C569552E4000000000000000001400000000000000800000000000000000000000000000F03F14000000000000F0BF00
310
0000000000000000000000000000800B0B0B0B0B110D04666163650CFFFFFFFF04FFFFFFFF0CFFFFFFFF0CFFFFFFFF0C060000000C090000000CFFFFFFFF0C070000000B0A0B110D057368656C6C0CFFFFFFFF04FFFFFFFF0CFFFFFFFF0CFFFFFFFF0CFFFFFFFF0C080000000CFFFFFFFF0C0A000000110D046C756D700CFF
310
FFFFFF04FFFFFFFF0CFFFFFFFF0CFFFFFFFF0C090000000C00000000110E03456E640E026F660E0341534D0D0464617461
  0
ACDSRECORD
 90
        1
  2
AcDbDs::ID
280
    10
320
75
  2
ASM_Data
280
    15
 94
      811
310
414349532042696E61727946696C652855000000000000010000000C00000007214F70656E2044657369676E20416C6C69616E63652041434953204275696C646572070E41434953203231382E3030204E540718546875204A756E2032372031363A32383A3231203230323406000000000000F03F0648AFBC9AF2D77A3E06
310
BBBDD7D9DF7CDB3D0D04626F64790CFFFFFFFF04FFFFFFFF0CFFFFFFFF0C0A0000000CFFFFFFFF0CFFFFFFFF110D05706F696E740CFFFFFFFF04FFFFFFFF0CFFFFFFFF13910B6BB6349333409D86E26D295C28400000000000000000110D067665727465780CFFFFFFFF04FFFFFFFF0CFFFFFFFF0C0400000004020000000C
310
01000000110E07656C6C697073650D0563757276650CFFFFFFFF04FFFFFFFF0CFFFFFFFF13A8220D55CE6C33409D86E26D295C284000000000000000001400000000000000000000000000000000000000000000F03F14B174F4AE3033C33F0000000000000000000000000000008006000000000000F03F0B0B110D046564
310
67650CFFFFFFFF04FFFFFFFF0CFFFFFFFF0C020000000600000000000000000C0200000006182D4454FB2119400C050000000C030000000B0707756E6B6E6F776E110D06636F656467650CFFFFFFFF04FFFFFFFF0CFFFFFFFF0C050000000C050000000CFFFFFFFF0C040000000B0C0600000004000000000CFFFFFFFF110D
310
046C6F6F700CFFFFFFFF04FFFFFFFF0CFFFFFFFF0CFFFFFFFF0C050000000C08000000110E05706C616E650D07737572666163650CFFFFFFFF04FFFFFFFF0CFFFFFFFF13332E5E249B5933409D86E26D295C284000000000000000001400000000000000800000000000000000000000000000F03F14000000000000F0BF00
310
0000000000000000000000000000800B0B0B0B0B110D04666163650CFFFFFFFF04FFFFFFFF0CFFFFFFFF0CFFFFFFFF0C060000000C090000000CFFFFFFFF0C070000000B0A0B110D057368656C6C0CFFFFFFFF04FFFFFFFF0CFFFFFFFF0CFFFFFFFF0CFFFFFFFF0C080000000CFFFFFFFF0C0A000000110D046C756D700CFF
310
FFFFFF04FFFFFFFF0CFFFFFFFF0CFFFFFFFF0C090000000C00000000110E03456E640E026F660E0341534D0D0464617461
  0
ACDSRECORD
 90
        1
  2
AcDbDs::ID
280
    10
320
77
  2
ASM_Data
280
    15
 94
      811
310
414349532042696E61727946696C652855000000000000010000000C00000007214F70656E2044657369676E20416C6C69616E63652041434953204275696C646572070E41434953203231382E3030204E540718546875204A756E2032372031363A32383A3231203230323406000000000000F03F0648AFBC9AF2D77A3E06
310
BBBDD7D9DF7CDB3D0D04626F64790CFFFFFFFF04FFFFFFFF0CFFFFFFFF0C0A0000000CFFFFFFFF0CFFFFFFFF110D05706F696E740CFFFFFFFF04FFFFFFFF0CFFFFFFFF138BA569CCFB1E2540E4DFE32394B82E400000000000000000110D067665727465780CFFFFFFFF04FFFFFFFF0CFFFFFFFF0C0400000004020000000C
310
01000000110E07656C6C697073650D0563757276650CFFFFFFFF04FFFFFFFF0CFFFFFFFF13B8D3AD092FD22440E4DFE32394B82E4000000000000000001400000000000000000000000000000000000000000000F03F14B174F4AE3033C33F0000000000000000000000000000008006000000000000F03F0B0B110D046564
310
67650CFFFFFFFF04FFFFFFFF0CFFFFFFFF0C020000000600000000000000000C0200000006182D4454FB2119400C050000000C030000000B0707756E6B6E6F776E110D06636F656467650CFFFFFFFF04FFFFFFFF0CFFFFFFFF0C050000000C050000000CFFFFFFFF0C040000000B0C0600000004000000000CFFFFFFFF110D
310
046C6F6F700CFFFFFFFF04FFFFFFFF0CFFFFFFFF0CFFFFFFFF0C050000000C08000000110E05706C616E650D07737572666163650CFFFFFFFF04FFFFFFFF0CFFFFFFFF13CFEA4FA8C8AB2440E4DFE32394B82E4000000000000000001400000000000000800000000000000000000000000000F03F14000000000000F0BF00
310
0000000000000000000000000000800B0B0B0B0B110D04666163650CFFFFFFFF04FFFFFFFF0CFFFFFFFF0CFFFFFFFF0C060000000C090000000CFFFFFFFF0C070000000B0A0B110D057368656C6C0CFFFFFFFF04FFFFFFFF0CFFFFFFFF0CFFFFFFFF0CFFFFFFFF0C080000000CFFFFFFFF0C0A000000110D046C756D700CFF
310
FFFFFF04FFFFFFFF0CFFFFFFFF0CFFFFFFFF0C090000000C00000000110E03456E640E026F660E0341534D0D0464617461
  0
ACDSRECORD
 90
        1
  2
AcDbDs::ID
280
    10
320
79
  2
ASM_Data
280
    15
 94
      811
310
414349532042696E61727946696C652855000000000000010000000C00000007214F70656E2044657369676E20416C6C69616E63652041434953204275696C646572070E41434953203231382E3030204E540718546875204A756E2032372031363A32383A3231203230323406000000000000F03F0648AFBC9AF2D77A3E06
310
BBBDD7D9DF7CDB3D0D04626F64790CFFFFFFFF04FFFFFFFF0CFFFFFFFF0C0A0000000CFFFFFFFF0CFFFFFFFF110D05706F696E740CFFFFFFFF04FFFFFFFF0CFFFFFFFF132B570DFC87D23F4023E70EACF4282F400000000000000000110D067665727465780CFFFFFFFF04FFFFFFFF0CFFFFFFFF0C0400000004020000000C
310
01000000110E07656C6C697073650D0563757276650CFFFFFFFF04FFFFFFFF0CFFFFFFFF13426EAF9A21AC3F4023E70EACF4282F4000000000000000001400000000000000000000000000000000000000000000F03F14B174F4AE3033C33F0000000000000000000000000000008006000000000000F03F0B0B110D046564
310
67650CFFFFFFFF04FFFFFFFF0CFFFFFFFF0C020000000600000000000000000C0200000006182D4454FB2119400C050000000C030000000B0707756E6B6E6F776E110D06636F656467650CFFFFFFFF04FFFFFFFF0CFFFFFFFF0C050000000C050000000CFFFFFFFF0C040000000B0C0600000004000000000CFFFFFFFF110D
310
046C6F6F700CFFFFFFFF04FFFFFFFF0CFFFFFFFF0CFFFFFFFF0C050000000C08000000110E05706C616E650D07737572666163650CFFFFFFFF04FFFFFFFF0CFFFFFFFF13CD79006AEE983F4023E70EACF4282F4000000000000000001400000000000000800000000000000000000000000000F03F14000000000000F0BF00
310
0000000000000000000000000000800B0B0B0B0B110D04666163650CFFFFFFFF04FFFFFFFF0CFFFFFFFF0CFFFFFFFF0C060000000C090000000CFFFFFFFF0C070000000B0A0B110D057368656C6C0CFFFFFFFF04FFFFFFFF0CFFFFFFFF0CFFFFFFFF0CFFFFFFFF0C080000000CFFFFFFFF0C0A000000110D046C756D700CFF
310
FFFFFF04FFFFFFFF0CFFFFFFFF0CFFFFFFFF0C090000000C00000000110E03456E640E026F660E0341534D0D0464617461
  0
ACDSRECORD
 90
        1
  2
AcDbDs::ID
280
    10
320
7B
  2
ASM_Data
280
    15
 94
      811
310
414349532042696E61727946696C652855000000000000010000000C00000007214F70656E2044657369676E20416C6C69616E63652041434953204275696C646572070E41434953203231382E3030204E540718546875204A756E2032372031363A32383A3231203230323406000000000000F03F0648AFBC9AF2D77A3E06
310
BBBDD7D9DF7CDB3D0D04626F64790CFFFFFFFF04FFFFFFFF0CFFFFFFFF0C0A0000000CFFFFFFFF0CFFFFFFFF110D05706F696E740CFFFFFFFF04FFFFFFFF0CFFFFFFFF13BB4117816F674040FC98FF25E3EF2D400000000000000000110D067665727465780CFFFFFFFF04FFFFFFFF0CFFFFFFFF0C0400000004020000000C
310
01000000110E07656C6C697073650D0563757276650CFFFFFFFF04FFFFFFFF0CFFFFFFFF13464D68503C544040FC98FF25E3EF2D4000000000000000001400000000000000000000000000000000000000000000F03F14B174F4AE3033C33F0000000000000000000000000000008006000000000000F03F0B0B110D046564
310
67650CFFFFFFFF04FFFFFFFF0CFFFFFFFF0C020000000600000000000000000C0200000006182D4454FB2119400C050000000C030000000B0707756E6B6E6F776E110D06636F656467650CFFFFFFFF04FFFFFFFF0CFFFFFFFF0C050000000C050000000CFFFFFFFF0C040000000B0C0600000004000000000CFFFFFFFF110D
310
046C6F6F700CFFFFFFFF04FFFFFFFF0CFFFFFFFF0CFFFFFFFF0C050000000C08000000110E05706C616E650D07737572666163650CFFFFFFFF04FFFFFFFF0CFFFFFFFF130CD310B8A24A4040FC98FF25E3EF2D4000000000000000001400000000000000800000000000000000000000000000F03F14000000000000F0BF00
310
0000000000000000000000000000800B0B0B0B0B110D04666163650CFFFFFFFF04FFFFFFFF0CFFFFFFFF0CFFFFFFFF0C060000000C090000000CFFFFFFFF0C070000000B0A0B110D057368656C6C0CFFFFFFFF04FFFFFFFF0CFFFFFFFF0CFFFFFFFF0CFFFFFFFF0C080000000CFFFFFFFF0C0A000000110D046C756D700CFF
310
FFFFFF04FFFFFFFF0CFFFFFFFF0CFFFFFFFF0C090000000C00000000110E03456E640E026F660E0341534D0D0464617461
  0
ACDSRECORD
 90
        1
  2
AcDbDs::ID
280
    10
320
7D
  2
ASM_Data
280
    15
 94
      811
310
414349532042696E61727946696C652855000000000000010000000C00000007214F70656E2044657369676E20416C6C69616E63652041434953204275696C646572070E41434953203231382E3030204E540718546875204A756E2032372031363A32383A3231203230323406000000000000F03F0648AFBC9AF2D77A3E06
310
BBBDD7D9DF7CDB3D0D04626F64790CFFFFFFFF04FFFFFFFF0CFFFFFFFF0C0A0000000CFFFFFFFF0CFFFFFFFF110D05706F696E740CFFFFFFFF04FFFFFFFF0CFFFFFFFF13835F76913AC54040033C48D3C9DB2D400000000000000000110D067665727465780CFFFFFFFF04FFFFFFFF0CFFFFFFFF0C0400000004020000000C
310
01000000110E07656C6C697073650D0563757276650CFFFFFFFF04FFFFFFFF0CFFFFFFFF130E6BC76007B24040033C48D3C9DB2D4000000000000000001400000000000000000000000000000000000000000000F03F14B174F4AE3033C33F0000000000000000000000000000008006000000000000F03F0B0B110D046564
310
67650CFFFFFFFF04FFFFFFFF0CFFFFFFFF0C020000000600000000000000000C0200000006182D4454FB2119400C050000000C030000000B0707756E6B6E6F776E110D06636F656467650CFFFFFFFF04FFFFFFFF0CFFFFFFFF0C050000000C050000000CFFFFFFFF0C040000000B0C0600000004000000000CFFFFFFFF110D
310
046C6F6F700CFFFFFFFF04FFFFFFFF0CFFFFFFFF0CFFFFFFFF0C050000000C08000000110E05706C616E650D07737572666163650CFFFFFFFF04FFFFFFFF0CFFFFFFFF13D4F06FC86DA84040033C48D3C9DB2D4000000000000000001400000000000000800000000000000000000000000000F03F14000000000000F0BF00
310
0000000000000000000000000000800B0B0B0B0B110D04666163650CFFFFFFFF04FFFFFFFF0CFFFFFFFF0CFFFFFFFF0C060000000C090000000CFFFFFFFF0C070000000B0A0B110D057368656C6C0CFFFFFFFF04FFFFFFFF0CFFFFFFFF0CFFFFFFFF0CFFFFFFFF0C080000000CFFFFFFFF0C0A000000110D046C756D700CFF
310
FFFFFF04FFFFFFFF0CFFFFFFFF0CFFFFFFFF0C090000000C00000000110E03456E640E026F660E0341534D0D0464617461
  0
ACDSRECORD
 90
        1
  2
AcDbDs::ID
280
    10
320
7F
  2
ASM_Data
280
    15
 94
      811
310
414349532042696E61727946696C652855000000000000010000000C00000007214F70656E2044657369676E20416C6C69616E63652041434953204275696C646572070E41434953203231382E3030204E540718546875204A756E2032372031363A32383A3231203230323406000000000000F03F0648AFBC9AF2D77A3E06
310
BBBDD7D9DF7CDB3D0D04626F64790CFFFFFFFF04FFFFFFFF0CFFFFFFFF0C0A0000000CFFFFFFFF0CFFFFFFFF110D05706F696E740CFFFFFFFF04FFFFFFFF0CFFFFFFFF132212E8C0305A3940194C261BCD911B400000000000000000110D067665727465780CFFFFFFFF04FFFFFFFF0CFFFFFFFF0C0400000004020000000C
310
01000000110E07656C6C697073650D0563757276650CFFFFFFFF04FFFFFFFF0CFFFFFFFF1339298A5FCA333940194C261BCD911B4000000000000000001400000000000000000000000000000000000000000000F03F14B174F4AE3033C33F0000000000000000000000000000008006000000000000F03F0B0B110D046564
310
67650CFFFFFFFF04FFFFFFFF0CFFFFFFFF0C020000000600000000000000000C0200000006182D4454FB2119400C050000000C030000000B0707756E6B6E6F776E110D06636F656467650CFFFFFFFF04FFFFFFFF0CFFFFFFFF0C050000000C050000000CFFFFFFFF0C040000000B0C0600000004000000000CFFFFFFFF110D
310
046C6F6F700CFFFFFFFF04FFFFFFFF0CFFFFFFFF0CFFFFFFFF0C050000000C08000000110E05706C616E650D07737572666163650CFFFFFFFF04FFFFFFFF0CFFFFFFFF13C434DB2E97203940194C261BCD911B4000000000000000001400000000000000800000000000000000000000000000F03F14000000000000F0BF00
310
0000000000000000000000000000800B0B0B0B0B110D04666163650CFFFFFFFF04FFFFFFFF0CFFFFFFFF0CFFFFFFFF0C060000000C090000000CFFFFFFFF0C070000000B0A0B110D057368656C6C0CFFFFFFFF04FFFFFFFF0CFFFFFFFF0CFFFFFFFF0CFFFFFFFF0C080000000CFFFFFFFF0C0A000000110D046C756D700CFF
310
FFFFFF04FFFFFFFF0CFFFFFFFF0CFFFFFFFF0C090000000C00000000110E03456E640E026F660E0341534D0D0464617461
  0
ACDSRECORD
 90
        1
  2
AcDbDs::ID
280
    10
320
81
  2
ASM_Data
280
    15
 94
      811
310
414349532042696E61727946696C652855000000000000010000000C00000007214F70656E2044657369676E20416C6C69616E63652041434953204275696C646572070E41434953203231382E3030204E540718546875204A756E2032372031363A32383A3231203230323406000000000000F03F0648AFBC9AF2D77A3E06
310
BBBDD7D9DF7CDB3D0D04626F64790CFFFFFFFF04FFFFFFFF0CFFFFFFFF0C0A0000000CFFFFFFFF0CFFFFFFFF110D05706F696E740CFFFFFFFF04FFFFFFFF0CFFFFFFFF13DFB3F9A854393A40C74A276D05A81B400000000000000000110D067665727465780CFFFFFFFF04FFFFFFFF0CFFFFFFFF0C0400000004020000000C
310
01000000110E07656C6C697073650D0563757276650CFFFFFFFF04FFFFFFFF0CFFFFFFFF13F6CA9B47EE123A40C74A276D05A81B4000000000000000001400000000000000000000000000000000000000000000F03F14B174F4AE3033C33F0000000000000000000000000000008006000000000000F03F0B0B110D046564
310
67650CFFFFFFFF04FFFFFFFF0CFFFFFFFF0C020000000600000000000000000C0200000006182D4454FB2119400C050000000C030000000B0707756E6B6E6F776E110D06636F656467650CFFFFFFFF04FFFFFFFF0CFFFFFFFF0C050000000C050000000CFFFFFFFF0C040000000B0C0600000004000000000CFFFFFFFF110D
310
046C6F6F700CFFFFFFFF04FFFFFFFF0CFFFFFFFF0CFFFFFFFF0C050000000C08000000110E05706C616E650D07737572666163650CFFFFFFFF04FFFFFFFF0CFFFFFFFF1381D6EC16BBFF3940C74A276D05A81B4000000000000000001400000000000000800000000000000000000000000000F03F14000000000000F0BF00
310
0000000000000000000000000000800B0B0B0B0B110D04666163650CFFFFFFFF04FFFFFFFF0CFFFFFFFF0CFFFFFFFF0C060000000C090000000CFFFFFFFF0C070000000B0A0B110D057368656C6C0CFFFFFFFF04FFFFFFFF0CFFFFFFFF0CFFFFFFFF0CFFFFFFFF0C080000000CFFFFFFFF0C0A000000110D046C756D700CFF
310
FFFFFF04FFFFFFFF0CFFFFFFFF0CFFFFFFFF0C090000000C00000000110E03456E640E026F660E0341534D0D0464617461
  0
ACDSRECORD
 90
        1
  2
AcDbDs::ID
280
    10
320
83
  2
ASM_Data
280
    15
 94
      811
310
414349532042696E61727946696C652855000000000000010000000C00000007214F70656E2044657369676E20416C6C69616E63652041434953204275696C646572070E41434953203231382E3030204E540718546875204A756E2032372031363A32383A3231203230323406000000000000F03F0648AFBC9AF2D77A3E06
310
BBBDD7D9DF7CDB3D0D04626F64790CFFFFFFFF04FFFFFFFF0CFFFFFFFF0C0A0000000CFFFFFFFF0CFFFFFFFF110D05706F696E740CFFFFFFFF04FFFFFFFF0CFFFFFFFF139AE6996E442B3A4018701ACB89200E400000000000000000110D067665727465780CFFFFFFFF04FFFFFFFF0CFFFFFFFF0C0400000004020000000C
310
01000000110E07656C6C697073650D0563757276650CFFFFFFFF04FFFFFFFF0CFFFFFFFF13B1FD3B0DDE043A4018701ACB89200E4000000000000000001400000000000000000000000000000000000000000000F03F14B174F4AE3033C33F0000000000000000000000000000008006000000000000F03F0B0B110D046564
310
67650CFFFFFFFF04FFFFFFFF0CFFFFFFFF0C020000000600000000000000000C0200000006182D4454FB2119400C050000000C030000000B0707756E6B6E6F776E110D06636F656467650CFFFFFFFF04FFFFFFFF0CFFFFFFFF0C050000000C050000000CFFFFFFFF0C040000000B0C0600000004000000000CFFFFFFFF110D
310
046C6F6F700CFFFFFFFF04FFFFFFFF0CFFFFFFFF0CFFFFFFFF0C050000000C08000000110E05706C616E650D07737572666163650CFFFFFFFF04FFFFFFFF0CFFFFFFFF133C098DDCAAF1394018701ACB89200E4000000000000000001400000000000000800000000000000000000000000000F03F14000000000000F0BF00
310
0000000000000000000000000000800B0B0B0B0B110D04666163650CFFFFFFFF04FFFFFFFF0CFFFFFFFF0CFFFFFFFF0C060000000C090000000CFFFFFFFF0C070000000B0A0B110D057368656C6C0CFFFFFFFF04FFFFFFFF0CFFFFFFFF0CFFFFFFFF0CFFFFFFFF0C080000000CFFFFFFFF0C0A000000110D046C756D700CFF
310
FFFFFF04FFFFFFFF0CFFFFFFFF0CFFFFFFFF0C090000000C00000000110E03456E640E026F660E0341534D0D0464617461
  0
ACDSRECORD
 90
        1
  2
AcDbDs::ID
280
    10
320
85
  2
ASM_Data
280
    15
 94
      811
310
414349532042696E61727946696C652855000000000000010000000C00000007214F70656E2044657369676E20416C6C69616E63652041434953204275696C646572070E41434953203231382E3030204E540718546875204A756E2032372031363A32383A3231203230323406000000000000F03F0648AFBC9AF2D77A3E06
310
BBBDD7D9DF7CDB3D0D04626F64790CFFFFFFFF04FFFFFFFF0CFFFFFFFF0C0A0000000CFFFFFFFF0CFFFFFFFF110D05706F696E740CFFFFFFFF04FFFFFFFF0CFFFFFFFF13CA255D4C966D39404B22B904F9FC0D400000000000000000110D067665727465780CFFFFFFFF04FFFFFFFF0CFFFFFFFF0C0400000004020000000C
310
01000000110E07656C6C697073650D0563757276650CFFFFFFFF04FFFFFFFF0CFFFFFFFF13E13CFFEA2F4739404B22B904F9FC0D4000000000000000001400000000000000000000000000000000000000000000F03F14B174F4AE3033C33F0000000000000000000000000000008006000000000000F03F0B0B110D046564
310
67650CFFFFFFFF04FFFFFFFF0CFFFFFFFF0C020000000600000000000000000C0200000006182D4454FB2119400C050000000C030000000B0707756E6B6E6F776E110D06636F656467650CFFFFFFFF04FFFFFFFF0CFFFFFFFF0C050000000C050000000CFFFFFFFF0C040000000B0C0600000004000000000CFFFFFFFF110D
310
046C6F6F700CFFFFFFFF04FFFFFFFF0CFFFFFFFF0CFFFFFFFF0C050000000C08000000110E05706C616E650D07737572666163650CFFFFFFFF04FFFFFFFF0CFFFFFFFF136C4850BAFC3339404B22B904F9FC0D4000000000000000001400000000000000800000000000000000000000000000F03F14000000000000F0BF00
310
0000000000000000000000000000800B0B0B0B0B110D04666163650CFFFFFFFF04FFFFFFFF0CFFFFFFFF0CFFFFFFFF0C060000000C090000000CFFFFFFFF0C070000000B0A0B110D057368656C6C0CFFFFFFFF04FFFFFFFF0CFFFFFFFF0CFFFFFFFF0CFFFFFFFF0C080000000CFFFFFFFF0C0A000000110D046C756D700CFF
310
FFFFFF04FFFFFFFF0CFFFFFFFF0CFFFFFFFF0C090000000C00000000110E03456E640E026F660E0341534D0D0464617461
  0
ACDSRECORD
 90
        1
  2
AcDbDs::ID
280
    10
320
87
  2
ASM_Data
280
    15
 94
      811
310
414349532042696E61727946696C652855000000000000010000000C00000007214F70656E2044657369676E20416C6C69616E63652041434953204275696C646572070E41434953203231382E3030204E540718546875204A756E2032372031363A32383A3231203230323406000000000000F03F0648AFBC9AF2D77A3E06
310
BBBDD7D9DF7CDB3D0D04626F64790CFFFFFFFF04FFFFFFFF0CFFFFFFFF0C0A0000000CFFFFFFFF0CFFFFFFFF110D05706F696E740CFFFFFFFF04FFFFFFFF0CFFFFFFFF13B5085ABBCC4C22409EED6EF1323311400000000000000000110D067665727465780CFFFFFFFF04FFFFFFFF0CFFFFFFFF0C0400000004020000000C
310
01000000110E07656C6C697073650D0563757276650CFFFFFFFF04FFFFFFFF0CFFFFFFFF13E2369EF8FFFF21409EED6EF13233114000000000000000001400000000000000000000000000000000000000000000F03F14B174F4AE3033C33F0000000000000000000000000000008006000000000000F03F0B0B110D046564
310
67650CFFFFFFFF04FFFFFFFF0CFFFFFFFF0C020000000600000000000000000C0200000006182D4454FB2119400C050000000C030000000B0707756E6B6E6F776E110D06636F656467650CFFFFFFFF04FFFFFFFF0CFFFFFFFF0C050000000C050000000CFFFFFFFF0C040000000B0C0600000004000000000CFFFFFFFF110D
310
046C6F6F700CFFFFFFFF04FFFFFFFF0CFFFFFFFF0CFFFFFFFF0C050000000C08000000110E05706C616E650D07737572666163650CFFFFFFFF04FFFFFFFF0CFFFFFFFF13F94D409799D921409EED6EF13233114000000000000000001400000000000000800000000000000000000000000000F03F14000000000000F0BF00
310
0000000000000000000000000000800B0B0B0B0B110D04666163650CFFFFFFFF04FFFFFFFF0CFFFFFFFF0CFFFFFFFF0C060000000C090000000CFFFFFFFF0C070000000B0A0B110D057368656C6C0CFFFFFFFF04FFFFFFFF0CFFFFFFFF0CFFFFFFFF0CFFFFFFFF0C080000000CFFFFFFFF0C0A000000110D046C756D700CFF
310
FFFFFF04FFFFFFFF0CFFFFFFFF0CFFFFFFFF0C090000000C00000000110E03456E640E026F660E0341534D0D0464617461
  0
ACDSRECORD
 90
        1
  2
AcDbDs::ID
280
    10
320
89
  2
ASM_Data
280
    15
 94
      811
310
414349532042696E61727946696C652855000000000000010000000C00000007214F70656E2044657369676E20416C6C69616E63652041434953204275696C646572070E41434953203231382E3030204E540718546875204A756E2032372031363A32383A3231203230323406000000000000F03F0648AFBC9AF2D77A3E06
310
BBBDD7D9DF7CDB3D0D04626F64790CFFFFFFFF04FFFFFFFF0CFFFFFFFF0C0A0000000CFFFFFFFF0CFFFFFFFF110D05706F696E740CFFFFFFFF04FFFFFFFF0CFFFFFFFF136CE588294F11444091E4034C2A5C29400000000000000000110D067665727465780CFFFFFFFF04FFFFFFFF0CFFFFFFFF0C0400000004020000000C
310
01000000110E07656C6C697073650D0563757276650CFFFFFFFF04FFFFFFFF0CFFFFFFFF13F7F0D9F81BFE434091E4034C2A5C294000000000000000001400000000000000000000000000000000000000000000F03F14B174F4AE3033C33F0000000000000000000000000000008006000000000000F03F0B0B110D046564
310
67650CFFFFFFFF04FFFFFFFF0CFFFFFFFF0C020000000600000000000000000C0200000006182D4454FB2119400C050000000C030000000B0707756E6B6E6F776E110D06636F656467650CFFFFFFFF04FFFFFFFF0CFFFFFFFF0C050000000C050000000CFFFFFFFF0C040000000B0C0600000004000000000CFFFFFFFF110D
310
046C6F6F700CFFFFFFFF04FFFFFFFF0CFFFFFFFF0CFFFFFFFF0C050000000C08000000110E05706C616E650D07737572666163650CFFFFFFFF04FFFFFFFF0CFFFFFFFF13BD76826082F4434091E4034C2A5C294000000000000000001400000000000000800000000000000000000000000000F03F14000000000000F0BF00
310
0000000000000000000000000000800B0B0B0B0B110D04666163650CFFFFFFFF04FFFFFFFF0CFFFFFFFF0CFFFFFFFF0C060000000C090000000CFFFFFFFF0C070000000B0A0B110D057368656C6C0CFFFFFFFF04FFFFFFFF0CFFFFFFFF0CFFFFFFFF0CFFFFFFFF0C080000000CFFFFFFFF0C0A000000110D046C756D700CFF
310
FFFFFF04FFFFFFFF0CFFFFFFFF0CFFFFFFFF0C090000000C00000000110E03456E640E026F660E0341534D0D0464617461
  0
ACDSRECORD
 90
        1
  2
AcDbDs::ID
280
    10
320
8B
  2
ASM_Data
280
    15
 94
      811
310
414349532042696E61727946696C652855000000000000010000000C00000007214F70656E2044657369676E20416C6C69616E63652041434953204275696C646572070E41434953203231382E3030204E540718546875204A756E2032372031363A32383A3231203230323406000000000000F03F0648AFBC9AF2D77A3E06
310
BBBDD7D9DF7CDB3D0D04626F64790CFFFFFFFF04FFFFFFFF0CFFFFFFFF0C0A0000000CFFFFFFFF0CFFFFFFFF110D05706F696E740CFFFFFFFF04FFFFFFFF0CFFFFFFFF134744C6DDFF7F2F40CA767412008032400000000000000000110D067665727465780CFFFFFFFF04FFFFFFFF0CFFFFFFFF0C0400000004020000000C
310
01000000110E07656C6C697073650D0563757276650CFFFFFFFF04FFFFFFFF0CFFFFFFFF1374720A1B33332F40CA7674120080324000000000000000001400000000000000000000000000000000000000000000F03F14B174F4AE3033C33F0000000000000000000000000000008006000000000000F03F0B0B110D046564
310
67650CFFFFFFFF04FFFFFFFF0CFFFFFFFF0C020000000600000000000000000C0200000006182D4454FB2119400C050000000C030000000B0707756E6B6E6F776E110D06636F656467650CFFFFFFFF04FFFFFFFF0CFFFFFFFF0C050000000C050000000CFFFFFFFF0C040000000B0C0600000004000000000CFFFFFFFF110D
310
046C6F6F700CFFFFFFFF04FFFFFFFF0CFFFFFFFF0CFFFFFFFF0C050000000C08000000110E05706C616E650D07737572666163650CFFFFFFFF04FFFFFFFF0CFFFFFFFF138B89ACB9CC0C2F40CA7674120080324000000000000000001400000000000000800000000000000000000000000000F03F14000000000000F0BF00
310
0000000000000000000000000000800B0B0B0B0B110D04666163650CFFFFFFFF04FFFFFFFF0CFFFFFFFF0CFFFFFFFF0C060000000C090000000CFFFFFFFF0C070000000B0A0B110D057368656C6C0CFFFFFFFF04FFFFFFFF0CFFFFFFFF0CFFFFFFFF0CFFFFFFFF0C080000000CFFFFFFFF0C0A000000110D046C756D700CFF
310
FFFFFF04FFFFFFFF0CFFFFFFFF0CFFFFFFFF0C090000000C00000000110E03456E640E026F660E0341534D0D0464617461
  0
ACDSRECORD
 90
        1
  2
AcDbDs::ID
280
    10
320
8D
  2
ASM_Data
280
    15
 94
      811
310
414349532042696E61727946696C652855000000000000010000000C00000007214F70656E2044657369676E20416C6C69616E63652041434953204275696C646572070E41434953203231382E3030204E540718546875204A756E2032372031363A32383A3231203230323406000000000000F03F0648AFBC9AF2D77A3E06
310
BBBDD7D9DF7CDB3D0D04626F64790CFFFFFFFF04FFFFFFFF0CFFFFFFFF0C0A0000000CFFFFFFFF0CFFFFFFFF110D05706F696E740CFFFFFFFF04FFFFFFFF0CFFFFFFFF13B9B3A7CBFF7F2D4077203EF2FFFF35400000000000000000110D067665727465780CFFFFFFFF04FFFFFFFF0CFFFFFFFF0C0400000004020000000C
310
01000000110E07656C6C697073650D0563757276650CFFFFFFFF04FFFFFFFF0CFFFFFFFF13E6E1EB0833332D4077203EF2FFFF354000000000000000001400000000000000000000000000000000000000000000F03F14B174F4AE3033C33F0000000000000000000000000000008006000000000000F03F0B0B110D046564
310
67650CFFFFFFFF04FFFFFFFF0CFFFFFFFF0C020000000600000000000000000C0200000006182D4454FB2119400C050000000C030000000B0707756E6B6E6F776E110D06636F656467650CFFFFFFFF04FFFFFFFF0CFFFFFFFF0C050000000C050000000CFFFFFFFF0C040000000B0C0600000004000000000CFFFFFFFF110D
310
046C6F6F700CFFFFFFFF04FFFFFFFF0CFFFFFFFF0CFFFFFFFF0C050000000C08000000110E05706C616E650D07737572666163650CFFFFFFFF04FFFFFFFF0CFFFFFFFF13FDF88DA7CC0C2D4077203EF2FFFF354000000000000000001400000000000000800000000000000000000000000000F03F14000000000000F0BF00
310
0000000000000000000000000000800B0B0B0B0B110D04666163650CFFFFFFFF04FFFFFFFF0CFFFFFFFF0CFFFFFFFF0C060000000C090000000CFFFFFFFF0C070000000B0A0B110D057368656C6C0CFFFFFFFF04FFFFFFFF0CFFFFFFFF0CFFFFFFFF0CFFFFFFFF0C080000000CFFFFFFFF0C0A000000110D046C756D700CFF
310
FFFFFF04FFFFFFFF0CFFFFFFFF0CFFFFFFFF0C090000000C00000000110E03456E640E026F660E0341534D0D0464617461
  0
ACDSRECORD
 90
        1
  2
AcDbDs::ID
280
    10
320
8F
  2
ASM_Data
280
    15
 94
      811
310
414349532042696E61727946696C652855000000000000010000000C00000007214F70656E2044657369676E20416C6C69616E63652041434953204275696C646572070E41434953203231382E3030204E540718546875204A756E2032372031363A32383A3231203230323406000000000000F03F0648AFBC9AF2D77A3E06
310
BBBDD7D9DF7CDB3D0D04626F64790CFFFFFFFF04FFFFFFFF0CFFFFFFFF0C0A0000000CFFFFFFFF0CFFFFFFFF110D05706F696E740CFFFFFFFF04FFFFFFFF0CFFFFFFFF1343549FB31E392E4043DA6BE6354535400000000000000000110D067665727465780CFFFFFFFF04FFFFFFFF0CFFFFFFFF0C0400000004020000000C
310
01000000110E07656C6C697073650D0563757276650CFFFFFFFF04FFFFFFFF0CFFFFFFFF137082E3F051EC2D4043DA6BE63545354000000000000000001400000000000000000000000000000000000000000000F03F14B174F4AE3033C33F0000000000000000000000000000008006000000000000F03F0B0B110D046564
310
67650CFFFFFFFF04FFFFFFFF0CFFFFFFFF0C020000000600000000000000000C0200000006182D4454FB2119400C050000000C030000000B0707756E6B6E6F776E110D06636F656467650CFFFFFFFF04FFFFFFFF0CFFFFFFFF0C050000000C050000000CFFFFFFFF0C040000000B0C0600000004000000000CFFFFFFFF110D
310
046C6F6F700CFFFFFFFF04FFFFFFFF0CFFFFFFFF0CFFFFFFFF0C050000000C08000000110E05706C616E650D07737572666163650CFFFFFFFF04FFFFFFFF0CFFFFFFFF138799858FEBC52D4043DA6BE63545354000000000000000001400000000000000800000000000000000000000000000F03F14000000000000F0BF00
310
0000000000000000000000000000800B0B0B0B0B110D04666163650CFFFFFFFF04FFFFFFFF0CFFFFFFFF0CFFFFFFFF0C060000000C090000000CFFFFFFFF0C070000000B0A0B110D057368656C6C0CFFFFFFFF04FFFFFFFF0CFFFFFFFF0CFFFFFFFF0CFFFFFFFF0C080000000CFFFFFFFF0C0A000000110D046C756D700CFF
310
FFFFFF04FFFFFFFF0CFFFFFFFF0CFFFFFFFF0C090000000C00000000110E03456E640E026F660E0341534D0D0464617461
  0
ACDSRECORD
 90
        1
  2
AcDbDs::ID
280
    10
320
91
  2
ASM_Data
280
    15
 94
      811
310
414349532042696E61727946696C652855000000000000010000000C00000007214F70656E2044657369676E20416C6C69616E63652041434953204275696C646572070E41434953203231382E3030204E540718546875204A756E2032372031363A32383A3231203230323406000000000000F03F0648AFBC9AF2D77A3E06
310
BBBDD7D9DF7CDB3D0D04626F64790CFFFFFFFF04FFFFFFFF0CFFFFFFFF0C0A0000000CFFFFFFFF0CFFFFFFFF110D05706F696E740CFFFFFFFF04FFFFFFFF0CFFFFFFFF13B70A208499D93D4080D360BFCCCC29400000000000000000110D067665727465780CFFFFFFFF04FFFFFFFF0CFFFFFFFF0C0400000004020000000C
310
01000000110E07656C6C697073650D0563757276650CFFFFFFFF04FFFFFFFF0CFFFFFFFF13CE21C22233B33D4080D360BFCCCC294000000000000000001400000000000000000000000000000000000000000000F03F14B174F4AE3033C33F0000000000000000000000000000008006000000000000F03F0B0B110D046564
310
67650CFFFFFFFF04FFFFFFFF0CFFFFFFFF0C020000000600000000000000000C0200000006182D4454FB2119400C050000000C030000000B0707756E6B6E6F776E110D06636F656467650CFFFFFFFF04FFFFFFFF0CFFFFFFFF0C050000000C050000000CFFFFFFFF0C040000000B0C0600000004000000000CFFFFFFFF110D
310
046C6F6F700CFFFFFFFF04FFFFFFFF0CFFFFFFFF0CFFFFFFFF0C050000000C08000000110E05706C616E650D07737572666163650CFFFFFFFF04FFFFFFFF0CFFFFFFFF13592D13F2FF9F3D4080D360BFCCCC294000000000000000001400000000000000800000000000000000000000000000F03F14000000000000F0BF00
310
0000000000000000000000000000800B0B0B0B0B110D04666163650CFFFFFFFF04FFFFFFFF0CFFFFFFFF0CFFFFFFFF0C060000000C090000000CFFFFFFFF0C070000000B0A0B110D057368656C6C0CFFFFFFFF04FFFFFFFF0CFFFFFFFF0CFFFFFFFF0CFFFFFFFF0C080000000CFFFFFFFF0C0A000000110D046C756D700CFF
310
FFFFFF04FFFFFFFF0CFFFFFFFF0CFFFFFFFF0C090000000C00000000110E03456E640E026F660E0341534D0D0464617461
  0
ACDSRECORD
 90
        1
  2
AcDbDs::ID
280
    10
320
93
  2
ASM_Data
280
    15
 94
      811
310
414349532042696E61727946696C652855000000000000010000000C00000007214F70656E2044657369676E20416C6C69616E63652041434953204275696C646572070E41434953203231382E3030204E540718546875204A756E2032372031363A32383A3231203230323406000000000000F03F0648AFBC9AF2D77A3E06
310
BBBDD7D9DF7CDB3D0D04626F64790CFFFFFFFF04FFFFFFFF0CFFFFFFFF0C0A0000000CFFFFFFFF0CFFFFFFFF110D05706F696E740CFFFFFFFF04FFFFFFFF0CFFFFFFFF132BD4A25766A63D4023262C1A000021400000000000000000110D067665727465780CFFFFFFFF04FFFFFFFF0CFFFFFFFF0C0400000004020000000C
310
01000000110E07656C6C697073650D0563757276650CFFFFFFFF04FFFFFFFF0CFFFFFFFF1342EB44F6FF7F3D4023262C1A0000214000000000000000001400000000000000000000000000000000000000000000F03F14B174F4AE3033C33F0000000000000000000000000000008006000000000000F03F0B0B110D046564
310
67650CFFFFFFFF04FFFFFFFF0CFFFFFFFF0C020000000600000000000000000C0200000006182D4454FB2119400C050000000C030000000B0707756E6B6E6F776E110D06636F656467650CFFFFFFFF04FFFFFFFF0CFFFFFFFF0C050000000C050000000CFFFFFFFF0C040000000B0C0600000004000000000CFFFFFFFF110D
310
046C6F6F700CFFFFFFFF04FFFFFFFF0CFFFFFFFF0CFFFFFFFF0C050000000C08000000110E05706C616E650D07737572666163650CFFFFFFFF04FFFFFFFF0CFFFFFFFF13CDF695C5CC6C3D4023262C1A0000214000000000000000001400000000000000800000000000000000000000000000F03F14000000000000F0BF00
310
0000000000000000000000000000800B0B0B0B0B110D04666163650CFFFFFFFF04FFFFFFFF0CFFFFFFFF0CFFFFFFFF0C060000000C090000000CFFFFFFFF0C070000000B0A0B110D057368656C6C0CFFFFFFFF04FFFFFFFF0CFFFFFFFF0CFFFFFFFF0CFFFFFFFF0C080000000CFFFFFFFF0C0A000000110D046C756D700CFF
310
FFFFFF04FFFFFFFF0CFFFFFFFF0CFFFFFFFF0C090000000C00000000110E03456E640E026F660E0341534D0D0464617461
  0
ACDSRECORD
 90
        1
  2
AcDbDs::ID
280
    10
320
95
  2
ASM_Data
280
    15
 94
      811
310
414349532042696E61727946696C652855000000000000010000000C00000007214F70656E2044657369676E20416C6C69616E63652041434953204275696C646572070E41434953203231382E3030204E540718546875204A756E2032372031363A32383A3231203230323406000000000000F03F0648AFBC9AF2D77A3E06
310
BBBDD7D9DF7CDB3D0D04626F64790CFFFFFFFF04FFFFFFFF0CFFFFFFFF0C0A0000000CFFFFFFFF0CFFFFFFFF110D05706F696E740CFFFFFFFF04FFFFFFFF0CFFFFFFFF1380DB6EDD283C41400EF6C35B295C26400000000000000000110D067665727465780CFFFFFFFF04FFFFFFFF0CFFFFFFFF0C0400000004020000000C
310
01000000110E07656C6C697073650D0563757276650CFFFFFFFF04FFFFFFFF0CFFFFFFFF130BE7BFACF52841400EF6C35B295C264000000000000000001400000000000000000000000000000000000000000000F03F14B174F4AE3033C33F0000000000000000000000000000008006000000000000F03F0B0B110D046564
310
67650CFFFFFFFF04FFFFFFFF0CFFFFFFFF0C020000000600000000000000000C0200000006182D4454FB2119400C050000000C030000000B0707756E6B6E6F776E110D06636F656467650CFFFFFFFF04FFFFFFFF0CFFFFFFFF0C050000000C050000000CFFFFFFFF0C040000000B0C0600000004000000000CFFFFFFFF110D
310
046C6F6F700CFFFFFFFF04FFFFFFFF0CFFFFFFFF0CFFFFFFFF0C050000000C08000000110E05706C616E650D07737572666163650CFFFFFFFF04FFFFFFFF0CFFFFFFFF13D16C68145C1F41400EF6C35B295C264000000000000000001400000000000000800000000000000000000000000000F03F14000000000000F0BF00
310
0000000000000000000000000000800B0B0B0B0B110D04666163650CFFFFFFFF04FFFFFFFF0CFFFFFFFF0CFFFFFFFF0C060000000C090000000CFFFFFFFF0C070000000B0A0B110D057368656C6C0CFFFFFFFF04FFFFFFFF0CFFFFFFFF0CFFFFFFFF0CFFFFFFFF0C080000000CFFFFFFFF0C0A000000110D046C756D700CFF
310
FFFFFF04FFFFFFFF0CFFFFFFFF0CFFFFFFFF0C090000000C00000000110E03456E640E026F660E0341534D0D0464617461
  0
ACDSRECORD
 90
        1
  2
AcDbDs::ID
280
    10
320
97
  2
ASM_Data
280
    15
 94
      811
310
414349532042696E61727946696C652855000000000000010000000C00000007214F70656E2044657369676E20416C6C69616E63652041434953204275696C646572070E41434953203231382E3030204E540718546875204A756E2032372031363A32383A3231203230323406000000000000F03F0648AFBC9AF2D77A3E06
310
BBBDD7D9DF7CDB3D0D04626F64790CFFFFFFFF04FFFFFFFF0CFFFFFFFF0C0A0000000CFFFFFFFF0CFFFFFFFF110D05706F696E740CFFFFFFFF04FFFFFFFF0CFFFFFFFF13996AFB91017239402BA3B2DD146332400000000000000000110D067665727465780CFFFFFFFF04FFFFFFFF0CFFFFFFFF0C0400000004020000000C
310
01000000110E07656C6C697073650D0563757276650CFFFFFFFF04FFFFFFFF0CFFFFFFFF13B0819D309B4B39402BA3B2DD1463324000000000000000001400000000000000000000000000000000000000000000F03F14B174F4AE3033C33F0000000000000000000000000000008006000000000000F03F0B0B110D046564
310
67650CFFFFFFFF04FFFFFFFF0CFFFFFFFF0C020000000600000000000000000C0200000006182D4454FB2119400C050000000C030000000B0707756E6B6E6F776E110D06636F656467650CFFFFFFFF04FFFFFFFF0CFFFFFFFF0C050000000C050000000CFFFFFFFF0C040000000B0C0600000004000000000CFFFFFFFF110D
310
046C6F6F700CFFFFFFFF04FFFFFFFF0CFFFFFFFF0CFFFFFFFF0C050000000C08000000110E05706C616E650D07737572666163650CFFFFFFFF04FFFFFFFF0CFFFFFFFF133B8DEEFF673839402BA3B2DD1463324000000000000000001400000000000000800000000000000000000000000000F03F14000000000000F0BF00
310
0000000000000000000000000000800B0B0B0B0B110D04666163650CFFFFFFFF04FFFFFFFF0CFFFFFFFF0CFFFFFFFF0C060000000C090000000CFFFFFFFF0C070000000B0A0B110D057368656C6C0CFFFFFFFF04FFFFFFFF0CFFFFFFFF0CFFFFFFFF0CFFFFFFFF0C080000000CFFFFFFFF0C0A000000110D046C756D700CFF
310
FFFFFF04FFFFFFFF0CFFFFFFFF0CFFFFFFFF0C090000000C00000000110E03456E640E026F660E0341534D0D0464617461
  0
ACDSRECORD
 90
        1
  2
AcDbDs::ID
280
    10
320
99
  2
ASM_Data
280
    15
 94
      811
310
414349532042696E61727946696C652855000000000000010000000C00000007214F70656E2044657369676E20416C6C69616E63652041434953204275696C646572070E41434953203231382E3030204E540718546875204A756E2032372031363A32383A3231203230323406000000000000F03F0648AFBC9AF2D77A3E06
310
BBBDD7D9DF7CDB3D0D04626F64790CFFFFFFFF04FFFFFFFF0CFFFFFFFF0C0A0000000CFFFFFFFF0CFFFFFFFF110D05706F696E740CFFFFFFFF04FFFFFFFF0CFFFFFFFF1395B71B2BCEAC34403D95B290A9700B400000000000000000110D067665727465780CFFFFFFFF04FFFFFFFF0CFFFFFFFF0C0400000004020000000C
310
01000000110E07656C6C697073650D0563757276650CFFFFFFFF04FFFFFFFF0CFFFFFFFF13ACCEBDC9678634403D95B290A9700B4000000000000000001400000000000000000000000000000000000000000000F03F14B174F4AE3033C33F0000000000000000000000000000008006000000000000F03F0B0B110D046564
310
67650CFFFFFFFF04FFFFFFFF0CFFFFFFFF0C020000000600000000000000000C0200000006182D4454FB2119400C050000000C030000000B0707756E6B6E6F776E110D06636F656467650CFFFFFFFF04FFFFFFFF0CFFFFFFFF0C050000000C050000000CFFFFFFFF0C040000000B0C0600000004000000000CFFFFFFFF110D
310
046C6F6F700CFFFFFFFF04FFFFFFFF0CFFFFFFFF0CFFFFFFFF0C050000000C08000000110E05706C616E650D07737572666163650CFFFFFFFF04FFFFFFFF0CFFFFFFFF1337DA0E99347334403D95B290A9700B4000000000000000001400000000000000800000000000000000000000000000F03F14000000000000F0BF00
310
0000000000000000000000000000800B0B0B0B0B110D04666163650CFFFFFFFF04FFFFFFFF0CFFFFFFFF0CFFFFFFFF0C060000000C090000000CFFFFFFFF0C070000000B0A0B110D057368656C6C0CFFFFFFFF04FFFFFFFF0CFFFFFFFF0CFFFFFFFF0CFFFFFFFF0C080000000CFFFFFFFF0C0A000000110D046C756D700CFF
310
FFFFFF04FFFFFFFF0CFFFFFFFF0CFFFFFFFF0C090000000C00000000110E03456E640E026F660E0341534D0D0464617461
  0
ACDSRECORD
 90
        1
  2
AcDbDs::ID
280
    10
320
9B
  2
ASM_Data
280
    15
 94
      811
310
414349532042696E61727946696C652855000000000000010000000C00000007214F70656E2044657369676E20416C6C69616E63652041434953204275696C646572070E41434953203231382E3030204E540718546875204A756E2032372031363A32383A3231203230323406000000000000F03F0648AFBC9AF2D77A3E06
310
BBBDD7D9DF7CDB3D0D04626F64790CFFFFFFFF04FFFFFFFF0CFFFFFFFF0C0A0000000CFFFFFFFF0CFFFFFFFF110D05706F696E740CFFFFFFFF04FFFFFFFF0CFFFFFFFF13E67D2DF9E9F73940179A0C43BBDF34400000000000000000110D067665727465780CFFFFFFFF04FFFFFFFF0CFFFFFFFF0C0400000004020000000C
310
01000000110E07656C6C697073650D0563757276650CFFFFFFFF04FFFFFFFF0CFFFFFFFF13FD94CF9783D13940179A0C43BBDF344000000000000000001400000000000000000000000000000000000000000000F03F14B174F4AE3033C33F0000000000000000000000000000008006000000000000F03F0B0B110D046564
310
67650CFFFFFFFF04FFFFFFFF0CFFFFFFFF0C020000000600000000000000000C0200000006182D4454FB2119400C050000000C030000000B0707756E6B6E6F776E110D06636F656467650CFFFFFFFF04FFFFFFFF0CFFFFFFFF0C050000000C050000000CFFFFFFFF0C040000000B0C0600000004000000000CFFFFFFFF110D
310
046C6F6F700CFFFFFFFF04FFFFFFFF0CFFFFFFFF0CFFFFFFFF0C050000000C08000000110E05706C616E650D07737572666163650CFFFFFFFF04FFFFFFFF0CFFFFFFFF1388A0206750BE3940179A0C43BBDF344000000000000000001400000000000000800000000000000000000000000000F03F14000000000000F0BF00
310
0000000000000000000000000000800B0B0B0B0B110D04666163650CFFFFFFFF04FFFFFFFF0CFFFFFFFF0CFFFFFFFF0C060000000C090000000CFFFFFFFF0C070000000B0A0B110D057368656C6C0CFFFFFFFF04FFFFFFFF0CFFFFFFFF0CFFFFFFFF0CFFFFFFFF0C080000000CFFFFFFFF0C0A000000110D046C756D700CFF
310
FFFFFF04FFFFFFFF0CFFFFFFFF0CFFFFFFFF0C090000000C00000000110E03456E640E026F660E0341534D0D0464617461
  0
ACDSRECORD
 90
        1
  2
AcDbDs::ID
280
    10
320
9D
  2
ASM_Data
280
    15
 94
      811
310
414349532042696E61727946696C652855000000000000010000000C00000007214F70656E2044657369676E20416C6C69616E63652041434953204275696C646572070E41434953203231382E3030204E540718546875204A756E2032372031363A32383A3231203230323406000000000000F03F0648AFBC9AF2D77A3E06
310
BBBDD7D9DF7CDB3D0D04626F64790CFFFFFFFF04FFFFFFFF0CFFFFFFFF0C0A0000000CFFFFFFFF0CFFFFFFFF110D05706F696E740CFFFFFFFF04FFFFFFFF0CFFFFFFFF138450732CCE2C374063AC5F7EE13A35400000000000000000110D067665727465780CFFFFFFFF04FFFFFFFF0CFFFFFFFF0C0400000004020000000C
310
01000000110E07656C6C697073650D0563757276650CFFFFFFFF04FFFFFFFF0CFFFFFFFF139B6715CB6706374063AC5F7EE13A354000000000000000001400000000000000000000000000000000000000000000F03F14B174F4AE3033C33F0000000000000000000000000000008006000000000000F03F0B0B110D046564
310
67650CFFFFFFFF04FFFFFFFF0CFFFFFFFF0C020000000600000000000000000C0200000006182D4454FB2119400C050000000C030000000B0707756E6B6E6F776E110D06636F656467650CFFFFFFFF04FFFFFFFF0CFFFFFFFF0C050000000C050000000CFFFFFFFF0C040000000B0C0600000004000000000CFFFFFFFF110D
310
046C6F6F700CFFFFFFFF04FFFFFFFF0CFFFFFFFF0CFFFFFFFF0C050000000C08000000110E05706C616E650D07737572666163650CFFFFFFFF04FFFFFFFF0CFFFFFFFF132673669A34F3364063AC5F7EE13A354000000000000000001400000000000000800000000000000000000000000000F03F14000000000000F0BF00
310
0000000000000000000000000000800B0B0B0B0B110D04666163650CFFFFFFFF04FFFFFFFF0CFFFFFFFF0CFFFFFFFF0C060000000C090000000CFFFFFFFF0C070000000B0A0B110D057368656C6C0CFFFFFFFF04FFFFFFFF0CFFFFFFFF0CFFFFFFFF0CFFFFFFFF0C080000000CFFFFFFFF0C0A000000110D046C756D700CFF
310
FFFFFF04FFFFFFFF0CFFFFFFFF0CFFFFFFFF0C090000000C00000000110E03456E640E026F660E0341534D0D0464617461
  0
ACDSRECORD
 90
        1
  2
AcDbDs::ID
280
    10
320
9F
  2
ASM_Data
280
    15
 94
      811
310
414349532042696E61727946696C652855000000000000010000000C00000007214F70656E2044657369676E20416C6C69616E63652041434953204275696C646572070E41434953203231382E3030204E540718546875204A756E2032372031363A32383A3231203230323406000000000000F03F0648AFBC9AF2D77A3E06
310
BBBDD7D9DF7CDB3D0D04626F64790CFFFFFFFF04FFFFFFFF0CFFFFFFFF0C0A0000000CFFFFFFFF0CFFFFFFFF110D05706F696E740CFFFFFFFF04FFFFFFFF0CFFFFFFFF138450732CCE2C3740A89ACDA1146E34400000000000000000110D067665727465780CFFFFFFFF04FFFFFFFF0CFFFFFFFF0C0400000004020000000C
310
01000000110E07656C6C697073650D0563757276650CFFFFFFFF04FFFFFFFF0CFFFFFFFF139B6715CB67063740A89ACDA1146E344000000000000000001400000000000000000000000000000000000000000000F03F14B174F4AE3033C33F0000000000000000000000000000008006000000000000F03F0B0B110D046564
310
67650CFFFFFFFF04FFFFFFFF0CFFFFFFFF0C020000000600000000000000000C0200000006182D4454FB2119400C050000000C030000000B0707756E6B6E6F776E110D06636F656467650CFFFFFFFF04FFFFFFFF0CFFFFFFFF0C050000000C050000000CFFFFFFFF0C040000000B0C0600000004000000000CFFFFFFFF110D
310
046C6F6F700CFFFFFFFF04FFFFFFFF0CFFFFFFFF0CFFFFFFFF0C050000000C08000000110E05706C616E650D07737572666163650CFFFFFFFF04FFFFFFFF0CFFFFFFFF132673669A34F33640A89ACDA1146E344000000000000000001400000000000000800000000000000000000000000000F03F14000000000000F0BF00
310
0000000000000000000000000000800B0B0B0B0B110D04666163650CFFFFFFFF04FFFFFFFF0CFFFFFFFF0CFFFFFFFF0C060000000C090000000CFFFFFFFF0C070000000B0A0B110D057368656C6C0CFFFFFFFF04FFFFFFFF0CFFFFFFFF0CFFFFFFFF0CFFFFFFFF0C080000000CFFFFFFFF0C0A000000110D046C756D700CFF
310
FFFFFF04FFFFFFFF0CFFFFFFFF0CFFFFFFFF0C090000000C00000000110E03456E640E026F660E0341534D0D0464617461
  0
ACDSRECORD
 90
        1
  2
AcDbDs::ID
280
    10
320
A1
  2
ASM_Data
280
    15
 94
      811
310
414349532042696E61727946696C652855000000000000010000000C00000007214F70656E2044657369676E20416C6C69616E63652041434953204275696C646572070E41434953203231382E3030204E540718546875204A756E2032372031363A32383A3231203230323406000000000000F03F0648AFBC9AF2D77A3E06
310
BBBDD7D9DF7CDB3D0D04626F64790CFFFFFFFF04FFFFFFFF0CFFFFFFFF0C0A0000000CFFFFFFFF0CFFFFFFFF110D05706F696E740CFFFFFFFF04FFFFFFFF0CFFFFFFFF13A56E5FEE303738407241853CE57B33400000000000000000110D067665727465780CFFFFFFFF04FFFFFFFF0CFFFFFFFF0C0400000004020000000C
310
01000000110E07656C6C697073650D0563757276650CFFFFFFFF04FFFFFFFF0CFFFFFFFF13BC85018DCA1038407241853CE57B334000000000000000001400000000000000000000000000000000000000000000F03F14B174F4AE3033C33F0000000000000000000000000000008006000000000000F03F0B0B110D046564
310
67650CFFFFFFFF04FFFFFFFF0CFFFFFFFF0C020000000600000000000000000C0200000006182D4454FB2119400C050000000C030000000B0707756E6B6E6F776E110D06636F656467650CFFFFFFFF04FFFFFFFF0CFFFFFFFF0C050000000C050000000CFFFFFFFF0C040000000B0C0600000004000000000CFFFFFFFF110D
310
046C6F6F700CFFFFFFFF04FFFFFFFF0CFFFFFFFF0CFFFFFFFF0C050000000C08000000110E05706C616E650D07737572666163650CFFFFFFFF04FFFFFFFF0CFFFFFFFF134791525C97FD37407241853CE57B334000000000000000001400000000000000800000000000000000000000000000F03F14000000000000F0BF00
310
0000000000000000000000000000800B0B0B0B0B110D04666163650CFFFFFFFF04FFFFFFFF0CFFFFFFFF0CFFFFFFFF0C060000000C090000000CFFFFFFFF0C070000000B0A0B110D057368656C6C0CFFFFFFFF04FFFFFFFF0CFFFFFFFF0CFFFFFFFF0CFFFFFFFF0C080000000CFFFFFFFF0C0A000000110D046C756D700CFF
310
FFFFFF04FFFFFFFF0CFFFFFFFF0CFFFFFFFF0C090000000C00000000110E03456E640E026F660E0341534D0D0464617461
  0
ACDSRECORD
 90
        1
  2
AcDbDs::ID
280
    10
320
A3
  2
ASM_Data
280
    15
 94
      811
310
414349532042696E61727946696C652855000000000000010000000C00000007214F70656E2044657369676E20416C6C69616E63652041434953204275696C646572070E41434953203231382E3030204E540718546875204A756E2032372031363A32383A3231203230323406000000000000F03F0648AFBC9AF2D77A3E06
310
BBBDD7D9DF7CDB3D0D04626F64790CFFFFFFFF04FFFFFFFF0CFFFFFFFF0C0A0000000CFFFFFFFF0CFFFFFFFF110D05706F696E740CFFFFFFFF04FFFFFFFF0CFFFFFFFF13910B6BB63493334098D13C3E29DC2E400000000000000000110D067665727465780CFFFFFFFF04FFFFFFFF0CFFFFFFFF0C0400000004020000000C
310
01000000110E07656C6C697073650D0563757276650CFFFFFFFF04FFFFFFFF0CFFFFFFFF13A8220D55CE6C334098D13C3E29DC2E4000000000000000001400000000000000000000000000000000000000000000F03F14B174F4AE3033C33F0000000000000000000000000000008006000000000000F03F0B0B110D046564
310
67650CFFFFFFFF04FFFFFFFF0CFFFFFFFF0C020000000600000000000000000C0200000006182D4454FB2119400C050000000C030000000B0707756E6B6E6F776E110D06636F656467650CFFFFFFFF04FFFFFFFF0CFFFFFFFF0C050000000C050000000CFFFFFFFF0C040000000B0C0600000004000000000CFFFFFFFF110D
310
046C6F6F700CFFFFFFFF04FFFFFFFF0CFFFFFFFF0CFFFFFFFF0C050000000C08000000110E05706C616E650D07737572666163650CFFFFFFFF04FFFFFFFF0CFFFFFFFF13332E5E249B59334098D13C3E29DC2E4000000000000000001400000000000000800000000000000000000000000000F03F14000000000000F0BF00
310
0000000000000000000000000000800B0B0B0B0B110D04666163650CFFFFFFFF04FFFFFFFF0CFFFFFFFF0CFFFFFFFF0C060000000C090000000CFFFFFFFF0C070000000B0A0B110D057368656C6C0CFFFFFFFF04FFFFFFFF0CFFFFFFFF0CFFFFFFFF0CFFFFFFFF0C080000000CFFFFFFFF0C0A000000110D046C756D700CFF
310
FFFFFF04FFFFFFFF0CFFFFFFFF0CFFFFFFFF0C090000000C00000000110E03456E640E026F660E0341534D0D0464617461
  0
ACDSRECORD
 90
        1
  2
AcDbDs::ID
280
    10
320
A5
  2
ASM_Data
280
    15
 94
      811
310
414349532042696E61727946696C652855000000000000010000000C00000007214F70656E2044657369676E20416C6C69616E63652041434953204275696C646572070E41434953203231382E3030204E540718546875204A756E2032372031363A32383A3231203230323406000000000000F03F0648AFBC9AF2D77A3E06
310
BBBDD7D9DF7CDB3D0D04626F64790CFFFFFFFF04FFFFFFFF0CFFFFFFFF0C0A0000000CFFFFFFFF0CFFFFFFFF110D05706F696E740CFFFFFFFF04FFFFFFFF0CFFFFFFFF131C41857E01E03D402408BA6A5C0F2F400000000000000000110D067665727465780CFFFFFFFF04FFFFFFFF0CFFFFFFFF0C0400000004020000000C
310
01000000110E07656C6C697073650D0563757276650CFFFFFFFF04FFFFFFFF0CFFFFFFFF133358271D9BB93D402408BA6A5C0F2F4000000000000000001400000000000000000000000000000000000000000000F03F14B174F4AE3033C33F0000000000000000000000000000008006000000000000F03F0B0B110D046564
310
67650CFFFFFFFF04FFFFFFFF0CFFFFFFFF0C020000000600000000000000000C0200000006182D4454FB2119400C050000000C030000000B0707756E6B6E6F776E110D06636F656467650CFFFFFFFF04FFFFFFFF0CFFFFFFFF0C050000000C050000000CFFFFFFFF0C040000000B0C0600000004000000000CFFFFFFFF110D
310
046C6F6F700CFFFFFFFF04FFFFFFFF0CFFFFFFFF0CFFFFFFFF0C050000000C08000000110E05706C616E650D07737572666163650CFFFFFFFF04FFFFFFFF0CFFFFFFFF13BE6378EC67A63D402408BA6A5C0F2F4000000000000000001400000000000000800000000000000000000000000000F03F14000000000000F0BF00
310
0000000000000000000000000000800B0B0B0B0B110D04666163650CFFFFFFFF04FFFFFFFF0CFFFFFFFF0CFFFFFFFF0C060000000C090000000CFFFFFFFF0C070000000B0A0B110D057368656C6C0CFFFFFFFF04FFFFFFFF0CFFFFFFFF0CFFFFFFFF0CFFFFFFFF0C080000000CFFFFFFFF0C0A000000110D046C756D700CFF
310
FFFFFF04FFFFFFFF0CFFFFFFFF0CFFFFFFFF0C090000000C00000000110E03456E640E026F660E0341534D0D0464617461
  0
ACDSRECORD
 90
        1
  2
AcDbDs::ID
280
    10
320
A7
  2
ASM_Data
280
    15
 94
      811
310
414349532042696E61727946696C652855000000000000010000000C00000007214F70656E2044657369676E20416C6C69616E63652041434953204275696C646572070E41434953203231382E3030204E540718546875204A756E2032372031363A32383A3231203230323406000000000000F03F0648AFBC9AF2D77A3E06
310
BBBDD7D9DF7CDB3D0D04626F64790CFFFFFFFF04FFFFFFFF0CFFFFFFFF0C0A0000000CFFFFFFFF0CFFFFFFFF110D05706F696E740CFFFFFFFF04FFFFFFFF0CFFFFFFFF13D5F8757501E03C4070589E30F6A828400000000000000000110D067665727465780CFFFFFFFF04FFFFFFFF0CFFFFFFFF0C0400000004020000000C
310
01000000110E07656C6C697073650D0563757276650CFFFFFFFF04FFFFFFFF0CFFFFFFFF13EC0F18149BB93C4070589E30F6A8284000000000000000001400000000000000000000000000000000000000000000F03F14B174F4AE3033C33F0000000000000000000000000000008006000000000000F03F0B0B110D046564
310
67650CFFFFFFFF04FFFFFFFF0CFFFFFFFF0C020000000600000000000000000C0200000006182D4454FB2119400C050000000C030000000B0707756E6B6E6F776E110D06636F656467650CFFFFFFFF04FFFFFFFF0CFFFFFFFF0C050000000C050000000CFFFFFFFF0C040000000B0C0600000004000000000CFFFFFFFF110D
310
046C6F6F700CFFFFFFFF04FFFFFFFF0CFFFFFFFF0CFFFFFFFF0C050000000C08000000110E05706C616E650D07737572666163650CFFFFFFFF04FFFFFFFF0CFFFFFFFF13771B69E367A63C4070589E30F6A8284000000000000000001400000000000000800000000000000000000000000000F03F14000000000000F0BF00
310
0000000000000000000000000000800B0B0B0B0B110D04666163650CFFFFFFFF04FFFFFFFF0CFFFFFFFF0CFFFFFFFF0C060000000C090000000CFFFFFFFF0C070000000B0A0B110D057368656C6C0CFFFFFFFF04FFFFFFFF0CFFFFFFFF0CFFFFFFFF0CFFFFFFFF0C080000000CFFFFFFFF0C0A000000110D046C756D700CFF
310
FFFFFF04FFFFFFFF0CFFFFFFFF0CFFFFFFFF0C090000000C00000000110E03456E640E026F660E0341534D0D0464617461
  0
ACDSRECORD
 90
        1
  2
AcDbDs::ID
280
    10
320
A9
  2
ASM_Data
280
    15
 94
      811
310
414349532042696E61727946696C652855000000000000010000000C00000007214F70656E2044657369676E20416C6C69616E63652041434953204275696C646572070E41434953203231382E3030204E540718546875204A756E2032372031363A32383A3231203230323406000000000000F03F0648AFBC9AF2D77A3E06
310
BBBDD7D9DF7CDB3D0D04626F64790CFFFFFFFF04FFFFFFFF0CFFFFFFFF0C0A0000000CFFFFFFFF0CFFFFFFFF110D05706F696E740CFFFFFFFF04FFFFFFFF0CFFFFFFFF13D5F8757501E03C406EFEFC4A29DC26400000000000000000110D067665727465780CFFFFFFFF04FFFFFFFF0CFFFFFFFF0C0400000004020000000C
310
01000000110E07656C6C697073650D0563757276650CFFFFFFFF04FFFFFFFF0CFFFFFFFF13EC0F18149BB93C406EFEFC4A29DC264000000000000000001400000000000000000000000000000000000000000000F03F14B174F4AE3033C33F0000000000000000000000000000008006000000000000F03F0B0B110D046564
310
67650CFFFFFFFF04FFFFFFFF0CFFFFFFFF0C020000000600000000000000000C0200000006182D4454FB2119400C050000000C030000000B0707756E6B6E6F776E110D06636F656467650CFFFFFFFF04FFFFFFFF0CFFFFFFFF0C050000000C050000000CFFFFFFFF0C040000000B0C0600000004000000000CFFFFFFFF110D
310
046C6F6F700CFFFFFFFF04FFFFFFFF0CFFFFFFFF0CFFFFFFFF0C050000000C08000000110E05706C616E650D07737572666163650CFFFFFFFF04FFFFFFFF0CFFFFFFFF13771B69E367A63C406EFEFC4A29DC264000000000000000001400000000000000800000000000000000000000000000F03F14000000000000F0BF00
310
0000000000000000000000000000800B0B0B0B0B110D04666163650CFFFFFFFF04FFFFFFFF0CFFFFFFFF0CFFFFFFFF0C060000000C090000000CFFFFFFFF0C070000000B0A0B110D057368656C6C0CFFFFFFFF04FFFFFFFF0CFFFFFFFF0CFFFFFFFF0CFFFFFFFF0C080000000CFFFFFFFF0C0A000000110D046C756D700CFF
310
FFFFFF04FFFFFFFF0CFFFFFFFF0CFFFFFFFF0C090000000C00000000110E03456E640E026F660E0341534D0D0464617461
  0
ACDSRECORD
 90
        1
  2
AcDbDs::ID
280
    10
320
AB
  2
ASM_Data
280
    15
 94
      811
310
414349532042696E61727946696C652855000000000000010000000C00000007214F70656E2044657369676E20416C6C69616E63652041434953204275696C646572070E41434953203231382E3030204E540718546875204A756E2032372031363A32383A3231203230323406000000000000F03F0648AFBC9AF2D77A3E06
310
BBBDD7D9DF7CDB3D0D04626F64790CFFFFFFFF04FFFFFFFF0CFFFFFFFF0C0A0000000CFFFFFFFF0CFFFFFFFF110D05706F696E740CFFFFFFFF04FFFFFFFF0CFFFFFFFF13900A0852CEAC3D406EFEFC4A29DC26400000000000000000110D067665727465780CFFFFFFFF04FFFFFFFF0CFFFFFFFF0C0400000004020000000C
310
01000000110E07656C6C697073650D0563757276650CFFFFFFFF04FFFFFFFF0CFFFFFFFF13A721AAF067863D406EFEFC4A29DC264000000000000000001400000000000000000000000000000000000000000000F03F14B174F4AE3033C33F0000000000000000000000000000008006000000000000F03F0B0B110D046564
310
67650CFFFFFFFF04FFFFFFFF0CFFFFFFFF0C020000000600000000000000000C0200000006182D4454FB2119400C050000000C030000000B0707756E6B6E6F776E110D06636F656467650CFFFFFFFF04FFFFFFFF0CFFFFFFFF0C050000000C050000000CFFFFFFFF0C040000000B0C0600000004000000000CFFFFFFFF110D
310
046C6F6F700CFFFFFFFF04FFFFFFFF0CFFFFFFFF0CFFFFFFFF0C050000000C08000000110E05706C616E650D07737572666163650CFFFFFFFF04FFFFFFFF0CFFFFFFFF13322DFBBF34733D406EFEFC4A29DC264000000000000000001400000000000000800000000000000000000000000000F03F14000000000000F0BF00
310
0000000000000000000000000000800B0B0B0B0B110D04666163650CFFFFFFFF04FFFFFFFF0CFFFFFFFF0CFFFFFFFF0C060000000C090000000CFFFFFFFF0C070000000B0A0B110D057368656C6C0CFFFFFFFF04FFFFFFFF0CFFFFFFFF0CFFFFFFFF0CFFFFFFFF0C080000000CFFFFFFFF0C0A000000110D046C756D700CFF
310
FFFFFF04FFFFFFFF0CFFFFFFFF0CFFFFFFFF0C090000000C00000000110E03456E640E026F660E0341534D0D0464617461
  0
ACDSRECORD
 90
        1
  2
AcDbDs::ID
280
    10
320
AD
  2
ASM_Data
280
    15
 94
      811
310
414349532042696E61727946696C652855000000000000010000000C00000007214F70656E2044657369676E20416C6C69616E63652041434953204275696C646572070E41434953203231382E3030204E540718546875204A756E2032372031363A32383A3231203230323406000000000000F03F0648AFBC9AF2D77A3E06
310
BBBDD7D9DF7CDB3D0D04626F64790CFFFFFFFF04FFFFFFFF0CFFFFFFFF0C0A0000000CFFFFFFFF0CFFFFFFFF110D05706F696E740CFFFFFFFF04FFFFFFFF0CFFFFFFFF13C1E4FC039B793E406EFEFC4A29DC26400000000000000000110D067665727465780CFFFFFFFF04FFFFFFFF0CFFFFFFFF0C0400000004020000000C
310
01000000110E07656C6C697073650D0563757276650CFFFFFFFF04FFFFFFFF0CFFFFFFFF13D8FB9EA234533E406EFEFC4A29DC264000000000000000001400000000000000000000000000000000000000000000F03F14B174F4AE3033C33F0000000000000000000000000000008006000000000000F03F0B0B110D046564
310
67650CFFFFFFFF04FFFFFFFF0CFFFFFFFF0C020000000600000000000000000C0200000006182D4454FB2119400C050000000C030000000B0707756E6B6E6F776E110D06636F656467650CFFFFFFFF04FFFFFFFF0CFFFFFFFF0C050000000C050000000CFFFFFFFF0C040000000B0C0600000004000000000CFFFFFFFF110D
310
046C6F6F700CFFFFFFFF04FFFFFFFF0CFFFFFFFF0CFFFFFFFF0C050000000C08000000110E05706C616E650D07737572666163650CFFFFFFFF04FFFFFFFF0CFFFFFFFF136307F07101403E406EFEFC4A29DC264000000000000000001400000000000000800000000000000000000000000000F03F14000000000000F0BF00
310
0000000000000000000000000000800B0B0B0B0B110D04666163650CFFFFFFFF04FFFFFFFF0CFFFFFFFF0CFFFFFFFF0C060000000C090000000CFFFFFFFF0C070000000B0A0B110D057368656C6C0CFFFFFFFF04FFFFFFFF0CFFFFFFFF0CFFFFFFFF0CFFFFFFFF0C080000000CFFFFFFFF0C0A000000110D046C756D700CFF
310
FFFFFF04FFFFFFFF0CFFFFFFFF0CFFFFFFFF0C090000000C00000000110E03456E640E026F660E0341534D0D0464617461
  0
ACDSRECORD
 90
        1
  2
AcDbDs::ID
280
    10
320
AF
  2
ASM_Data
280
    15
 94
      811
310
414349532042696E61727946696C652855000000000000010000000C00000007214F70656E2044657369676E20416C6C69616E63652041434953204275696C646572070E41434953203231382E3030204E540718546875204A756E2032372031363A32383A3231203230323406000000000000F03F0648AFBC9AF2D77A3E06
310
BBBDD7D9DF7CDB3D0D04626F64790CFFFFFFFF04FFFFFFFF0CFFFFFFFF0C0A0000000CFFFFFFFF0CFFFFFFFF110D05706F696E740CFFFFFFFF04FFFFFFFF0CFFFFFFFF1376F03C8601603C406152BE98146E33400000000000000000110D067665727465780CFFFFFFFF04FFFFFFFF0CFFFFFFFF0C0400000004020000000C
310
01000000110E07656C6C697073650D0563757276650CFFFFFFFF04FFFFFFFF0CFFFFFFFF138D07DF249B393C406152BE98146E334000000000000000001400000000000000000000000000000000000000000000F03F14B174F4AE3033C33F0000000000000000000000000000008006000000000000F03F0B0B110D046564
310
67650CFFFFFFFF04FFFFFFFF0CFFFFFFFF0C020000000600000000000000000C0200000006182D4454FB2119400C050000000C030000000B0707756E6B6E6F776E110D06636F656467650CFFFFFFFF04FFFFFFFF0CFFFFFFFF0C050000000C050000000CFFFFFFFF0C040000000B0C0600000004000000000CFFFFFFFF110D
310
046C6F6F700CFFFFFFFF04FFFFFFFF0CFFFFFFFF0CFFFFFFFF0C050000000C08000000110E05706C616E650D07737572666163650CFFFFFFFF04FFFFFFFF0CFFFFFFFF13181330F467263C406152BE98146E334000000000000000001400000000000000800000000000000000000000000000F03F14000000000000F0BF00
310
0000000000000000000000000000800B0B0B0B0B110D04666163650CFFFFFFFF04FFFFFFFF0CFFFFFFFF0CFFFFFFFF0C060000000C090000000CFFFFFFFF0C070000000B0A0B110D057368656C6C0CFFFFFFFF04FFFFFFFF0CFFFFFFFF0CFFFFFFFF0CFFFFFFFF0C080000000CFFFFFFFF0C0A000000110D046C756D700CFF
310
FFFFFF04FFFFFFFF0CFFFFFFFF0CFFFFFFFF0C090000000C00000000110E03456E640E026F660E0341534D0D0464617461
  0
ACDSRECORD
 90
        1
  2
AcDbDs::ID
280
    10
320
B1
  2
ASM_Data
280
    15
 94
      811
310
414349532042696E61727946696C652855000000000000010000000C00000007214F70656E2044657369676E20416C6C69616E63652041434953204275696C646572070E41434953203231382E3030204E540718546875204A756E2032372031363A32383A3231203230323406000000000000F03F0648AFBC9AF2D77A3E06
310
BBBDD7D9DF7CDB3D0D04626F64790CFFFFFFFF04FFFFFFFF0CFFFFFFFF0C0A0000000CFFFFFFFF0CFFFFFFFF110D05706F696E740CFFFFFFFF04FFFFFFFF0CFFFFFFFF13C549694F2CE63B40F5F7CE3F2C2B34400000000000000000110D067665727465780CFFFFFFFF04FFFFFFFF0CFFFFFFFF0C0400000004020000000C
310
01000000110E07656C6C697073650D0563757276650CFFFFFFFF04FFFFFFFF0CFFFFFFFF13DC600BEEC5BF3B40F5F7CE3F2C2B344000000000000000001400000000000000000000000000000000000000000000F03F14B174F4AE3033C33F0000000000000000000000000000008006000000000000F03F0B0B110D046564
310
67650CFFFFFFFF04FFFFFFFF0CFFFFFFFF0C020000000600000000000000000C0200000006182D4454FB2119400C050000000C030000000B0707756E6B6E6F776E110D06636F656467650CFFFFFFFF04FFFFFFFF0CFFFFFFFF0C050000000C050000000CFFFFFFFF0C040000000B0C0600000004000000000CFFFFFFFF110D
310
046C6F6F700CFFFFFFFF04FFFFFFFF0CFFFFFFFF0CFFFFFFFF0C050000000C08000000110E05706C616E650D07737572666163650CFFFFFFFF04FFFFFFFF0CFFFFFFFF13676C5CBD92AC3B40F5F7CE3F2C2B344000000000000000001400000000000000800000000000000000000000000000F03F14000000000000F0BF00
310
0000000000000000000000000000800B0B0B0B0B110D04666163650CFFFFFFFF04FFFFFFFF0CFFFFFFFF0CFFFFFFFF0C060000000C090000000CFFFFFFFF0C070000000B0A0B110D057368656C6C0CFFFFFFFF04FFFFFFFF0CFFFFFFFF0CFFFFFFFF0CFFFFFFFF0C080000000CFFFFFFFF0C0A000000110D046C756D700CFF
310
FFFFFF04FFFFFFFF0CFFFFFFFF0CFFFFFFFF0C090000000C00000000110E03456E640E026F660E0341534D0D0464617461
  0
ACDSRECORD
 90
        1
  2
AcDbDs::ID
280
    10
320
B3
  2
ASM_Data
280
    15
 94
      811
310
414349532042696E61727946696C652855000000000000010000000C00000007214F70656E2044657369676E20416C6C69616E63652041434953204275696C646572070E41434953203231382E3030204E540718546875204A756E2032372031363A32383A3231203230323406000000000000F03F0648AFBC9AF2D77A3E06
310
BBBDD7D9DF7CDB3D0D04626F64790CFFFFFFFF04FFFFFFFF0CFFFFFFFF0C0A0000000CFFFFFFFF0CFFFFFFFF110D05706F696E740CFFFFFFFF04FFFFFFFF0CFFFFFFFF13EB1D66163E843C404DFD30005CA434400000000000000000110D067665727465780CFFFFFFFF04FFFFFFFF0CFFFFFFFF0C0400000004020000000C
310
01000000110E07656C6C697073650D0563757276650CFFFFFFFF04FFFFFFFF0CFFFFFFFF13023508B5D75D3C404DFD30005CA4344000000000000000001400000000000000000000000000000000000000000000F03F14B174F4AE3033C33F0000000000000000000000000000008006000000000000F03F0B0B110D046564
310
67650CFFFFFFFF04FFFFFFFF0CFFFFFFFF0C020000000600000000000000000C0200000006182D4454FB2119400C050000000C030000000B0707756E6B6E6F776E110D06636F656467650CFFFFFFFF04FFFFFFFF0CFFFFFFFF0C050000000C050000000CFFFFFFFF0C040000000B0C0600000004000000000CFFFFFFFF110D
310
046C6F6F700CFFFFFFFF04FFFFFFFF0CFFFFFFFF0CFFFFFFFF0C050000000C08000000110E05706C616E650D07737572666163650CFFFFFFFF04FFFFFFFF0CFFFFFFFF138D405984A44A3C404DFD30005CA4344000000000000000001400000000000000800000000000000000000000000000F03F14000000000000F0BF00
310
0000000000000000000000000000800B0B0B0B0B110D04666163650CFFFFFFFF04FFFFFFFF0CFFFFFFFF0CFFFFFFFF0C060000000C090000000CFFFFFFFF0C070000000B0A0B110D057368656C6C0CFFFFFFFF04FFFFFFFF0CFFFFFFFF0CFFFFFFFF0CFFFFFFFF0C080000000CFFFFFFFF0C0A000000110D046C756D700CFF
310
FFFFFF04FFFFFFFF0CFFFFFFFF0CFFFFFFFF0C090000000C00000000110E03456E640E026F660E0341534D0D0464617461
  0
ACDSRECORD
 90
        1
  2
AcDbDs::ID
280
    10
320
B5
  2
ASM_Data
280
    15
 94
      811
310
414349532042696E61727946696C652855000000000000010000000C00000007214F70656E2044657369676E20416C6C69616E63652041434953204275696C646572070E41434953203231382E3030204E540718546875204A756E2032372031363A32383A3231203230323406000000000000F03F0648AFBC9AF2D77A3E06
310
BBBDD7D9DF7CDB3D0D04626F64790CFFFFFFFF04FFFFFFFF0CFFFFFFFF0C0A0000000CFFFFFFFF0CFFFFFFFF110D05706F696E740CFFFFFFFF04FFFFFFFF0CFFFFFFFF138450732CCE2C3740D0784396DCA302400000000000000000110D067665727465780CFFFFFFFF04FFFFFFFF0CFFFFFFFF0C0400000004020000000C
310
01000000110E07656C6C697073650D0563757276650CFFFFFFFF04FFFFFFFF0CFFFFFFFF139B6715CB67063740D0784396DCA3024000000000000000001400000000000000000000000000000000000000000000F03F14B174F4AE3033C33F0000000000000000000000000000008006000000000000F03F0B0B110D046564
310
67650CFFFFFFFF04FFFFFFFF0CFFFFFFFF0C020000000600000000000000000C0200000006182D4454FB2119400C050000000C030000000B0707756E6B6E6F776E110D06636F656467650CFFFFFFFF04FFFFFFFF0CFFFFFFFF0C050000000C050000000CFFFFFFFF0C040000000B0C0600000004000000000CFFFFFFFF110D
310
046C6F6F700CFFFFFFFF04FFFFFFFF0CFFFFFFFF0CFFFFFFFF0C050000000C08000000110E05706C616E650D07737572666163650CFFFFFFFF04FFFFFFFF0CFFFFFFFF132673669A34F33640D0784396DCA3024000000000000000001400000000000000800000000000000000000000000000F03F14000000000000F0BF00
310
0000000000000000000000000000800B0B0B0B0B110D04666163650CFFFFFFFF04FFFFFFFF0CFFFFFFFF0CFFFFFFFF0C060000000C090000000CFFFFFFFF0C070000000B0A0B110D057368656C6C0CFFFFFFFF04FFFFFFFF0CFFFFFFFF0CFFFFFFFF0CFFFFFFFF0C080000000CFFFFFFFF0C0A000000110D046C756D700CFF
310
FFFFFF04FFFFFFFF0CFFFFFFFF0CFFFFFFFF0C090000000C00000000110E03456E640E026F660E0341534D0D0464617461
  0
ACDSRECORD
 90
        1
  2
AcDbDs::ID
280
    10
320
B7
  2
ASM_Data
280
    15
 94
      811
310
414349532042696E61727946696C652855000000000000010000000C00000007214F70656E2044657369676E20416C6C69616E63652041434953204275696C646572070E41434953203231382E3030204E540718546875204A756E2032372031363A32383A3231203230323406000000000000F03F0648AFBC9AF2D77A3E06
310
BBBDD7D9DF7CDB3D0D04626F64790CFFFFFFFF04FFFFFFFF0CFFFFFFFF0C0A0000000CFFFFFFFF0CFFFFFFFF110D05706F696E740CFFFFFFFF04FFFFFFFF0CFFFFFFFF13AA24D31D9BF93E407124A7E1218510400000000000000000110D067665727465780CFFFFFFFF04FFFFFFFF0CFFFFFFFF0C0400000004020000000C
310
01000000110E07656C6C697073650D0563757276650CFFFFFFFF04FFFFFFFF0CFFFFFFFF13C13B75BC34D33E407124A7E12185104000000000000000001400000000000000000000000000000000000000000000F03F14B174F4AE3033C33F0000000000000000000000000000008006000000000000F03F0B0B110D046564
310
67650CFFFFFFFF04FFFFFFFF0CFFFFFFFF0C020000000600000000000000000C0200000006182D4454FB2119400C050000000C030000000B0707756E6B6E6F776E110D06636F656467650CFFFFFFFF04FFFFFFFF0CFFFFFFFF0C050000000C050000000CFFFFFFFF0C040000000B0C0600000004000000000CFFFFFFFF110D
310
046C6F6F700CFFFFFFFF04FFFFFFFF0CFFFFFFFF0CFFFFFFFF0C050000000C08000000110E05706C616E650D07737572666163650CFFFFFFFF04FFFFFFFF0CFFFFFFFF134C47C68B01C03E407124A7E12185104000000000000000001400000000000000800000000000000000000000000000F03F14000000000000F0BF00
310
0000000000000000000000000000800B0B0B0B0B110D04666163650CFFFFFFFF04FFFFFFFF0CFFFFFFFF0CFFFFFFFF0C060000000C090000000CFFFFFFFF0C070000000B0A0B110D057368656C6C0CFFFFFFFF04FFFFFFFF0CFFFFFFFF0CFFFFFFFF0CFFFFFFFF0C080000000CFFFFFFFF0C0A000000110D046C756D700CFF
310
FFFFFF04FFFFFFFF0CFFFFFFFF0CFFFFFFFF0C090000000C00000000110E03456E640E026F660E0341534D0D0464617461
  0
ACDSRECORD
 90
        1
  2
AcDbDs::ID
280
    10
320
B9
  2
ASM_Data
280
    15
 94
      811
310
414349532042696E61727946696C652855000000000000010000000C00000007214F70656E2044657369676E20416C6C69616E63652041434953204275696C646572070E41434953203231382E3030204E540718546875204A756E2032372031363A32383A3231203230323406000000000000F03F0648AFBC9AF2D77A3E06
310
BBBDD7D9DF7CDB3D0D04626F64790CFFFFFFFF04FFFFFFFF0CFFFFFFFF0C0A0000000CFFFFFFFF0CFFFFFFFF110D05706F696E740CFFFFFFFF04FFFFFFFF0CFFFFFFFF1352467D0E03C02C400FBADFFCE1BA32400000000000000000110D067665727465780CFFFFFFFF04FFFFFFFF0CFFFFFFFF0C0400000004020000000C
310
01000000110E07656C6C697073650D0563757276650CFFFFFFFF04FFFFFFFF0CFFFFFFFF137F74C14B36732C400FBADFFCE1BA324000000000000000001400000000000000000000000000000000000000000000F03F14B174F4AE3033C33F0000000000000000000000000000008006000000000000F03F0B0B110D046564
310
67650CFFFFFFFF04FFFFFFFF0CFFFFFFFF0C020000000600000000000000000C0200000006182D4454FB2119400C050000000C030000000B0707756E6B6E6F776E110D06636F656467650CFFFFFFFF04FFFFFFFF0CFFFFFFFF0C050000000C050000000CFFFFFFFF0C040000000B0C0600000004000000000CFFFFFFFF110D
310
046C6F6F700CFFFFFFFF04FFFFFFFF0CFFFFFFFF0CFFFFFFFF0C050000000C08000000110E05706C616E650D07737572666163650CFFFFFFFF04FFFFFFFF0CFFFFFFFF13968B63EACF4C2C400FBADFFCE1BA324000000000000000001400000000000000800000000000000000000000000000F03F14000000000000F0BF00
310
0000000000000000000000000000800B0B0B0B0B110D04666163650CFFFFFFFF04FFFFFFFF0CFFFFFFFF0CFFFFFFFF0C060000000C090000000CFFFFFFFF0C070000000B0A0B110D057368656C6C0CFFFFFFFF04FFFFFFFF0CFFFFFFFF0CFFFFFFFF0CFFFFFFFF0C080000000CFFFFFFFF0C0A000000110D046C756D700CFF
310
FFFFFF04FFFFFFFF0CFFFFFFFF0CFFFFFFFF0C090000000C00000000110E03456E640E026F660E0341534D0D0464617461
  0
ACDSRECORD
 90
        1
  2
AcDbDs::ID
280
    10
320
BB
  2
ASM_Data
280
    15
 94
      811
310
414349532042696E61727946696C652855000000000000010000000C00000007214F70656E2044657369676E20416C6C69616E63652041434953204275696C646572070E41434953203231382E3030204E540718546875204A756E2032372031363A32383A3231203230323406000000000000F03F0648AFBC9AF2D77A3E06
310
BBBDD7D9DF7CDB3D0D04626F64790CFFFFFFFF04FFFFFFFF0CFFFFFFFF0C0A0000000CFFFFFFFF0CFFFFFFFF110D05706F696E740CFFFFFFFF04FFFFFFFF0CFFFFFFFF1340D742B902C02C40CACB71D9AE8733400000000000000000110D067665727465780CFFFFFFFF04FFFFFFFF0CFFFFFFFF0C0400000004020000000C
310
01000000110E07656C6C697073650D0563757276650CFFFFFFFF04FFFFFFFF0CFFFFFFFF136D0587F635732C40CACB71D9AE87334000000000000000001400000000000000000000000000000000000000000000F03F14B174F4AE3033C33F0000000000000000000000000000008006000000000000F03F0B0B110D046564
310
67650CFFFFFFFF04FFFFFFFF0CFFFFFFFF0C020000000600000000000000000C0200000006182D4454FB2119400C050000000C030000000B0707756E6B6E6F776E110D06636F656467650CFFFFFFFF04FFFFFFFF0CFFFFFFFF0C050000000C050000000CFFFFFFFF0C040000000B0C0600000004000000000CFFFFFFFF110D
310
046C6F6F700CFFFFFFFF04FFFFFFFF0CFFFFFFFF0CFFFFFFFF0C050000000C08000000110E05706C616E650D07737572666163650CFFFFFFFF04FFFFFFFF0CFFFFFFFF13841C2995CF4C2C40CACB71D9AE87334000000000000000001400000000000000800000000000000000000000000000F03F14000000000000F0BF00
310
0000000000000000000000000000800B0B0B0B0B110D04666163650CFFFFFFFF04FFFFFFFF0CFFFFFFFF0CFFFFFFFF0C060000000C090000000CFFFFFFFF0C070000000B0A0B110D057368656C6C0CFFFFFFFF04FFFFFFFF0CFFFFFFFF0CFFFFFFFF0CFFFFFFFF0C080000000CFFFFFFFF0C0A000000110D046C756D700CFF
310
FFFFFF04FFFFFFFF0CFFFFFFFF0CFFFFFFFF0C090000000C00000000110E03456E640E026F660E0341534D0D0464617461
  0
ACDSRECORD
 90
        1
  2
AcDbDs::ID
280
    10
320
BD
  2
ASM_Data
280
    15
 94
      811
310
414349532042696E61727946696C652855000000000000010000000C00000007214F70656E2044657369676E20416C6C69616E63652041434953204275696C646572070E41434953203231382E3030204E540718546875204A756E2032372031363A32383A3231203230323406000000000000F03F0648AFBC9AF2D77A3E06
310
BBBDD7D9DF7CDB3D0D04626F64790CFFFFFFFF04FFFFFFFF0CFFFFFFFF0C0A0000000CFFFFFFFF0CFFFFFFFF110D05706F696E740CFFFFFFFF04FFFFFFFF0CFFFFFFFF13623056069BF932400FBADFFCE1BA32400000000000000000110D067665727465780CFFFFFFFF04FFFFFFFF0CFFFFFFFF0C0400000004020000000C
310
01000000110E07656C6C697073650D0563757276650CFFFFFFFF04FFFFFFFF0CFFFFFFFF137947F8A434D332400FBADFFCE1BA324000000000000000001400000000000000000000000000000000000000000000F03F14B174F4AE3033C33F0000000000000000000000000000008006000000000000F03F0B0B110D046564
310
67650CFFFFFFFF04FFFFFFFF0CFFFFFFFF0C020000000600000000000000000C0200000006182D4454FB2119400C050000000C030000000B0707756E6B6E6F776E110D06636F656467650CFFFFFFFF04FFFFFFFF0CFFFFFFFF0C050000000C050000000CFFFFFFFF0C040000000B0C0600000004000000000CFFFFFFFF110D
310
046C6F6F700CFFFFFFFF04FFFFFFFF0CFFFFFFFF0CFFFFFFFF0C050000000C08000000110E05706C616E650D07737572666163650CFFFFFFFF04FFFFFFFF0CFFFFFFFF130453497401C032400FBADFFCE1BA324000000000000000001400000000000000800000000000000000000000000000F03F14000000000000F0BF00
310
0000000000000000000000000000800B0B0B0B0B110D04666163650CFFFFFFFF04FFFFFFFF0CFFFFFFFF0CFFFFFFFF0C060000000C090000000CFFFFFFFF0C070000000B0A0B110D057368656C6C0CFFFFFFFF04FFFFFFFF0CFFFFFFFF0CFFFFFFFF0CFFFFFFFF0C080000000CFFFFFFFF0C0A000000110D046C756D700CFF
310
FFFFFF04FFFFFFFF0CFFFFFFFF0CFFFFFFFF0C090000000C00000000110E03456E640E026F660E0341534D0D0464617461
  0
ACDSRECORD
 90
        1
  2
AcDbDs::ID
280
    10
320
BF
  2
ASM_Data
280
    15
 94
      811
310
414349532042696E61727946696C652855000000000000010000000C00000007214F70656E2044657369676E20416C6C69616E63652041434953204275696C646572070E41434953203231382E3030204E540718546875204A756E2032372031363A32383A3231203230323406000000000000F03F0648AFBC9AF2D77A3E06
310
BBBDD7D9DF7CDB3D0D04626F64790CFFFFFFFF04FFFFFFFF0CFFFFFFFF0C0A0000000CFFFFFFFF0CFFFFFFFF110D05706F696E740CFFFFFFFF04FFFFFFFF0CFFFFFFFF135960B808C6E9404033D61FDDDF572F400000000000000000110D067665727465780CFFFFFFFF04FFFFFFFF0CFFFFFFFF0C0400000004020000000C
310
01000000110E07656C6C697073650D0563757276650CFFFFFFFF04FFFFFFFF0CFFFFFFFF13E46B09D892D6404033D61FDDDF572F4000000000000000001400000000000000000000000000000000000000000000F03F14B174F4AE3033C33F0000000000000000000000000000008006000000000000F03F0B0B110D046564
310
67650CFFFFFFFF04FFFFFFFF0CFFFFFFFF0C020000000600000000000000000C0200000006182D4454FB2119400C050000000C030000000B0707756E6B6E6F776E110D06636F656467650CFFFFFFFF04FFFFFFFF0CFFFFFFFF0C050000000C050000000CFFFFFFFF0C040000000B0C0600000004000000000CFFFFFFFF110D
310
046C6F6F700CFFFFFFFF04FFFFFFFF0CFFFFFFFF0CFFFFFFFF0C050000000C08000000110E05706C616E650D07737572666163650CFFFFFFFF04FFFFFFFF0CFFFFFFFF13AAF1B13FF9CC404033D61FDDDF572F4000000000000000001400000000000000800000000000000000000000000000F03F14000000000000F0BF00
310
0000000000000000000000000000800B0B0B0B0B110D04666163650CFFFFFFFF04FFFFFFFF0CFFFFFFFF0CFFFFFFFF0C060000000C090000000CFFFFFFFF0C070000000B0A0B110D057368656C6C0CFFFFFFFF04FFFFFFFF0CFFFFFFFF0CFFFFFFFF0CFFFFFFFF0C080000000CFFFFFFFF0C0A000000110D046C756D700CFF
310
FFFFFF04FFFFFFFF0CFFFFFFFF0CFFFFFFFF0C090000000C00000000110E03456E640E026F660E0341534D0D0464617461
  0
ACDSRECORD
 90
        1
  2
AcDbDs::ID
280
    10
320
C1
  2
ASM_Data
280
    15
 94
      811
310
414349532042696E61727946696C652855000000000000010000000C00000007214F70656E2044657369676E20416C6C69616E63652041434953204275696C646572070E41434953203231382E3030204E540718546875204A756E2032372031363A32383A3231203230323406000000000000F03F0648AFBC9AF2D77A3E06
310
BBBDD7D9DF7CDB3D0D04626F64790CFFFFFFFF04FFFFFFFF0CFFFFFFFF0C0A0000000CFFFFFFFF0CFFFFFFFF110D05706F696E740CFFFFFFFF04FFFFFFFF0CFFFFFFFF1327E5E60234934240C7723BC990C22D400000000000000000110D067665727465780CFFFFFFFF04FFFFFFFF0CFFFFFFFF0C0400000004020000000C
310
01000000110E07656C6C697073650D0563757276650CFFFFFFFF04FFFFFFFF0CFFFFFFFF13B2F037D200804240C7723BC990C22D4000000000000000001400000000000000000000000000000000000000000000F03F14B174F4AE3033C33F0000000000000000000000000000008006000000000000F03F0B0B110D046564
310
67650CFFFFFFFF04FFFFFFFF0CFFFFFFFF0C020000000600000000000000000C0200000006182D4454FB2119400C050000000C030000000B0707756E6B6E6F776E110D06636F656467650CFFFFFFFF04FFFFFFFF0CFFFFFFFF0C050000000C050000000CFFFFFFFF0C040000000B0C0600000004000000000CFFFFFFFF110D
310
046C6F6F700CFFFFFFFF04FFFFFFFF0CFFFFFFFF0CFFFFFFFF0C050000000C08000000110E05706C616E650D07737572666163650CFFFFFFFF04FFFFFFFF0CFFFFFFFF137876E03967764240C7723BC990C22D4000000000000000001400000000000000800000000000000000000000000000F03F14000000000000F0BF00
310
0000000000000000000000000000800B0B0B0B0B110D04666163650CFFFFFFFF04FFFFFFFF0CFFFFFFFF0CFFFFFFFF0C060000000C090000000CFFFFFFFF0C070000000B0A0B110D057368656C6C0CFFFFFFFF04FFFFFFFF0CFFFFFFFF0CFFFFFFFF0CFFFFFFFF0C080000000CFFFFFFFF0C0A000000110D046C756D700CFF
310
FFFFFF04FFFFFFFF0CFFFFFFFF0CFFFFFFFF0C090000000C00000000110E03456E640E026F660E0341534D0D0464617461
  0
ACDSRECORD
 90
        1
  2
AcDbDs::ID
280
    10
320
C3
  2
ASM_Data
280
    15
 94
      811
310
414349532042696E61727946696C652855000000000000010000000C00000007214F70656E2044657369676E20416C6C69616E63652041434953204275696C646572070E41434953203231382E3030204E540718546875204A756E2032372031363A32383A3231203230323406000000000000F03F0648AFBC9AF2D77A3E06
310
BBBDD7D9DF7CDB3D0D04626F64790CFFFFFFFF04FFFFFFFF0CFFFFFFFF0C0A0000000CFFFFFFFF0CFFFFFFFF110D05706F696E740CFFFFFFFF04FFFFFFFF0CFFFFFFFF13AFED0EA5CD0C4140482376D80A9738400000000000000000110D067665727465780CFFFFFFFF04FFFFFFFF0CFFFFFFFF0C0400000004020000000C
310
01000000110E07656C6C697073650D0563757276650CFFFFFFFF04FFFFFFFF0CFFFFFFFF133AF95F749AF94040482376D80A97384000000000000000001400000000000000000000000000000000000000000000F03F14B174F4AE3033C33F0000000000000000000000000000008006000000000000F03F0B0B110D046564
310
67650CFFFFFFFF04FFFFFFFF0CFFFFFFFF0C020000000600000000000000000C0200000006182D4454FB2119400C050000000C030000000B0707756E6B6E6F776E110D06636F656467650CFFFFFFFF04FFFFFFFF0CFFFFFFFF0C050000000C050000000CFFFFFFFF0C040000000B0C0600000004000000000CFFFFFFFF110D
310
046C6F6F700CFFFFFFFF04FFFFFFFF0CFFFFFFFF0CFFFFFFFF0C050000000C08000000110E05706C616E650D07737572666163650CFFFFFFFF04FFFFFFFF0CFFFFFFFF13007F08DC00F04040482376D80A97384000000000000000001400000000000000800000000000000000000000000000F03F14000000000000F0BF00
310
0000000000000000000000000000800B0B0B0B0B110D04666163650CFFFFFFFF04FFFFFFFF0CFFFFFFFF0CFFFFFFFF0C060000000C090000000CFFFFFFFF0C070000000B0A0B110D057368656C6C0CFFFFFFFF04FFFFFFFF0CFFFFFFFF0CFFFFFFFF0CFFFFFFFF0C080000000CFFFFFFFF0C0A000000110D046C756D700CFF
310
FFFFFF04FFFFFFFF0CFFFFFFFF0CFFFFFFFF0C090000000C00000000110E03456E640E026F660E0341534D0D0464617461
  0
ACDSRECORD
 90
        1
  2
AcDbDs::ID
280
    10
320
C5
  2
ASM_Data
280
    15
 94
      811
310
414349532042696E61727946696C652855000000000000010000000C00000007214F70656E2044657369676E20416C6C69616E63652041434953204275696C646572070E41434953203231382E3030204E540718546875204A756E2032372031363A32383A3231203230323406000000000000F03F0648AFBC9AF2D77A3E06
310
BBBDD7D9DF7CDB3D0D04626F64790CFFFFFFFF04FFFFFFFF0CFFFFFFFF0C0A0000000CFFFFFFFF0CFFFFFFFF110D05706F696E740CFFFFFFFF04FFFFFFFF0CFFFFFFFF13FF3D36D100A04040C013A37C7B9438400000000000000000110D067665727465780CFFFFFFFF04FFFFFFFF0CFFFFFFFF0C0400000004020000000C
310
01000000110E07656C6C697073650D0563757276650CFFFFFFFF04FFFFFFFF0CFFFFFFFF138A4987A0CD8C4040C013A37C7B94384000000000000000001400000000000000000000000000000000000000000000F03F14B174F4AE3033C33F0000000000000000000000000000008006000000000000F03F0B0B110D046564
310
67650CFFFFFFFF04FFFFFFFF0CFFFFFFFF0C020000000600000000000000000C0200000006182D4454FB2119400C050000000C030000000B0707756E6B6E6F776E110D06636F656467650CFFFFFFFF04FFFFFFFF0CFFFFFFFF0C050000000C050000000CFFFFFFFF0C040000000B0C0600000004000000000CFFFFFFFF110D
310
046C6F6F700CFFFFFFFF04FFFFFFFF0CFFFFFFFF0CFFFFFFFF0C050000000C08000000110E05706C616E650D07737572666163650CFFFFFFFF04FFFFFFFF0CFFFFFFFF1350CF2F0834834040C013A37C7B94384000000000000000001400000000000000800000000000000000000000000000F03F14000000000000F0BF00
310
0000000000000000000000000000800B0B0B0B0B110D04666163650CFFFFFFFF04FFFFFFFF0CFFFFFFFF0CFFFFFFFF0C060000000C090000000CFFFFFFFF0C070000000B0A0B110D057368656C6C0CFFFFFFFF04FFFFFFFF0CFFFFFFFF0CFFFFFFFF0CFFFFFFFF0C080000000CFFFFFFFF0C0A000000110D046C756D700CFF
310
FFFFFF04FFFFFFFF0CFFFFFFFF0CFFFFFFFF0C090000000C00000000110E03456E640E026F660E0341534D0D0464617461
  0
ACDSRECORD
 90
        1
  2
AcDbDs::ID
280
    10
320
C7
  2
ASM_Data
280
    15
 94
      811
310
414349532042696E61727946696C652855000000000000010000000C00000007214F70656E2044657369676E20416C6C69616E63652041434953204275696C646572070E41434953203231382E3030204E540718546875204A756E2032372031363A32383A3231203230323406000000000000F03F0648AFBC9AF2D77A3E06
310
BBBDD7D9DF7CDB3D0D04626F64790CFFFFFFFF04FFFFFFFF0CFFFFFFFF0C0A0000000CFFFFFFFF0CFFFFFFFF110D05706F696E740CFFFFFFFF04FFFFFFFF0CFFFFFFFF13E27348E668A63A400FA7DDF98F8238400000000000000000110D067665727465780CFFFFFFFF04FFFFFFFF0CFFFFFFFF0C0400000004020000000C
310
01000000110E07656C6C697073650D0563757276650CFFFFFFFF04FFFFFFFF0CFFFFFFFF13F98AEA8402803A400FA7DDF98F82384000000000000000001400000000000000000000000000000000000000000000F03F14B174F4AE3033C33F0000000000000000000000000000008006000000000000F03F0B0B110D046564
310
67650CFFFFFFFF04FFFFFFFF0CFFFFFFFF0C020000000600000000000000000C0200000006182D4454FB2119400C050000000C030000000B0707756E6B6E6F776E110D06636F656467650CFFFFFFFF04FFFFFFFF0CFFFFFFFF0C050000000C050000000CFFFFFFFF0C040000000B0C0600000004000000000CFFFFFFFF110D
310
046C6F6F700CFFFFFFFF04FFFFFFFF0CFFFFFFFF0CFFFFFFFF0C050000000C08000000110E05706C616E650D07737572666163650CFFFFFFFF04FFFFFFFF0CFFFFFFFF1384963B54CF6C3A400FA7DDF98F82384000000000000000001400000000000000800000000000000000000000000000F03F14000000000000F0BF00
310
0000000000000000000000000000800B0B0B0B0B110D04666163650CFFFFFFFF04FFFFFFFF0CFFFFFFFF0CFFFFFFFF0C060000000C090000000CFFFFFFFF0C070000000B0A0B110D057368656C6C0CFFFFFFFF04FFFFFFFF0CFFFFFFFF0CFFFFFFFF0CFFFFFFFF0C080000000CFFFFFFFF0C0A000000110D046C756D700CFF
310
FFFFFF04FFFFFFFF0CFFFFFFFF0CFFFFFFFF0C090000000C00000000110E03456E640E026F660E0341534D0D0464617461
  0
ACDSRECORD
 90
        1
  2
AcDbDs::ID
280
    10
320
C9
  2
ASM_Data
280
    15
 94
      811
310
414349532042696E61727946696C652855000000000000010000000C00000007214F70656E2044657369676E20416C6C69616E63652041434953204275696C646572070E41434953203231382E3030204E540718546875204A756E2032372031363A32383A3231203230323406000000000000F03F0648AFBC9AF2D77A3E06
310
BBBDD7D9DF7CDB3D0D04626F64790CFFFFFFFF04FFFFFFFF0CFFFFFFFF0C0A0000000CFFFFFFFF0CFFFFFFFF110D05706F696E740CFFFFFFFF04FFFFFFFF0CFFFFFFFF13BE25E761F4FC39409CA36D80C2B837400000000000000000110D067665727465780CFFFFFFFF04FFFFFFFF0CFFFFFFFF0C0400000004020000000C
310
01000000110E07656C6C697073650D0563757276650CFFFFFFFF04FFFFFFFF0CFFFFFFFF13D53C89008ED639409CA36D80C2B8374000000000000000001400000000000000000000000000000000000000000000F03F14B174F4AE3033C33F0000000000000000000000000000008006000000000000F03F0B0B110D046564
310
67650CFFFFFFFF04FFFFFFFF0CFFFFFFFF0C020000000600000000000000000C0200000006182D4454FB2119400C050000000C030000000B0707756E6B6E6F776E110D06636F656467650CFFFFFFFF04FFFFFFFF0CFFFFFFFF0C050000000C050000000CFFFFFFFF0C040000000B0C0600000004000000000CFFFFFFFF110D
310
046C6F6F700CFFFFFFFF04FFFFFFFF0CFFFFFFFF0CFFFFFFFF0C050000000C08000000110E05706C616E650D07737572666163650CFFFFFFFF04FFFFFFFF0CFFFFFFFF136048DACF5AC339409CA36D80C2B8374000000000000000001400000000000000800000000000000000000000000000F03F14000000000000F0BF00
310
0000000000000000000000000000800B0B0B0B0B110D04666163650CFFFFFFFF04FFFFFFFF0CFFFFFFFF0CFFFFFFFF0C060000000C090000000CFFFFFFFF0C070000000B0A0B110D057368656C6C0CFFFFFFFF04FFFFFFFF0CFFFFFFFF0CFFFFFFFF0CFFFFFFFF0C080000000CFFFFFFFF0C0A000000110D046C756D700CFF
310
FFFFFF04FFFFFFFF0CFFFFFFFF0CFFFFFFFF0C090000000C00000000110E03456E640E026F660E0341534D0D0464617461
  0
ACDSRECORD
 90
        1
  2
AcDbDs::ID
280
    10
320
CB
  2
ASM_Data
280
    15
 94
      811
310
414349532042696E61727946696C652855000000000000010000000C00000007214F70656E2044657369676E20416C6C69616E63652041434953204275696C646572070E41434953203231382E3030204E540718546875204A756E2032372031363A32383A3231203230323406000000000000F03F0648AFBC9AF2D77A3E06
310
BBBDD7D9DF7CDB3D0D04626F64790CFFFFFFFF04FFFFFFFF0CFFFFFFFF0C0A0000000CFFFFFFFF0CFFFFFFFF110D05706F696E740CFFFFFFFF04FFFFFFFF0CFFFFFFFF1362DCCB85E3E14040AEF136C2E45837400000000000000000110D067665727465780CFFFFFFFF04FFFFFFFF0CFFFFFFFF0C0400000004020000000C
310
01000000110E07656C6C697073650D0563757276650CFFFFFFFF04FFFFFFFF0CFFFFFFFF13EDE71C55B0CE4040AEF136C2E458374000000000000000001400000000000000000000000000000000000000000000F03F14B174F4AE3033C33F0000000000000000000000000000008006000000000000F03F0B0B110D046564
310
67650CFFFFFFFF04FFFFFFFF0CFFFFFFFF0C020000000600000000000000000C0200000006182D4454FB2119400C050000000C030000000B0707756E6B6E6F776E110D06636F656467650CFFFFFFFF04FFFFFFFF0CFFFFFFFF0C050000000C050000000CFFFFFFFF0C040000000B0C0600000004000000000CFFFFFFFF110D
310
046C6F6F700CFFFFFFFF04FFFFFFFF0CFFFFFFFF0CFFFFFFFF0C050000000C08000000110E05706C616E650D07737572666163650CFFFFFFFF04FFFFFFFF0CFFFFFFFF13B36DC5BC16C54040AEF136C2E458374000000000000000001400000000000000800000000000000000000000000000F03F14000000000000F0BF00
310
0000000000000000000000000000800B0B0B0B0B110D04666163650CFFFFFFFF04FFFFFFFF0CFFFFFFFF0CFFFFFFFF0C060000000C090000000CFFFFFFFF0C070000000B0A0B110D057368656C6C0CFFFFFFFF04FFFFFFFF0CFFFFFFFF0CFFFFFFFF0CFFFFFFFF0C080000000CFFFFFFFF0C0A000000110D046C756D700CFF
310
FFFFFF04FFFFFFFF0CFFFFFFFF0CFFFFFFFF0C090000000C00000000110E03456E640E026F660E0341534D0D0464617461
  0
ACDSRECORD
 90
        1
  2
AcDbDs::ID
280
    10
320
CD
  2
ASM_Data
280
    15
 94
      811
310
414349532042696E61727946696C652855000000000000010000000C00000007214F70656E2044657369676E20416C6C69616E63652041434953204275696C646572070E41434953203231382E3030204E540718546875204A756E2032372031363A32383A3231203230323406000000000000F03F0648AFBC9AF2D77A3E06
310
BBBDD7D9DF7CDB3D0D04626F64790CFFFFFFFF04FFFFFFFF0CFFFFFFFF0C0A0000000CFFFFFFFF0CFFFFFFFF110D05706F696E740CFFFFFFFF04FFFFFFFF0CFFFFFFFF136BB64D4C72FD3B4008D362B6856B37400000000000000000110D067665727465780CFFFFFFFF04FFFFFFFF0CFFFFFFFF0C0400000004020000000C
310
01000000110E07656C6C697073650D0563757276650CFFFFFFFF04FFFFFFFF0CFFFFFFFF1382CDEFEA0BD73B4008D362B6856B374000000000000000001400000000000000000000000000000000000000000000F03F14B174F4AE3033C33F0000000000000000000000000000008006000000000000F03F0B0B110D046564
310
67650CFFFFFFFF04FFFFFFFF0CFFFFFFFF0C020000000600000000000000000C0200000006182D4454FB2119400C050000000C030000000B0707756E6B6E6F776E110D06636F656467650CFFFFFFFF04FFFFFFFF0CFFFFFFFF0C050000000C050000000CFFFFFFFF0C040000000B0C0600000004000000000CFFFFFFFF110D
310
046C6F6F700CFFFFFFFF04FFFFFFFF0CFFFFFFFF0CFFFFFFFF0C050000000C08000000110E05706C616E650D07737572666163650CFFFFFFFF04FFFFFFFF0CFFFFFFFF130DD940BAD8C33B4008D362B6856B374000000000000000001400000000000000800000000000000000000000000000F03F14000000000000F0BF00
310
0000000000000000000000000000800B0B0B0B0B110D04666163650CFFFFFFFF04FFFFFFFF0CFFFFFFFF0CFFFFFFFF0C060000000C090000000CFFFFFFFF0C070000000B0A0B110D057368656C6C0CFFFFFFFF04FFFFFFFF0CFFFFFFFF0CFFFFFFFF0CFFFFFFFF0C080000000CFFFFFFFF0C0A000000110D046C756D700CFF
310
FFFFFF04FFFFFFFF0CFFFFFFFF0CFFFFFFFF0C090000000C00000000110E03456E640E026F660E0341534D0D0464617461
  0
ACDSRECORD
 90
        1
  2
AcDbDs::ID
280
    10
320
CF
  2
ASM_Data
280
    15
 94
      811
310
414349532042696E61727946696C652855000000000000010000000C00000007214F70656E2044657369676E20416C6C69616E63652041434953204275696C646572070E41434953203231382E3030204E540718546875204A756E2032372031363A32383A3231203230323406000000000000F03F0648AFBC9AF2D77A3E06
310
BBBDD7D9DF7CDB3D0D04626F64790CFFFFFFFF04FFFFFFFF0CFFFFFFFF0C0A0000000CFFFFFFFF0CFFFFFFFF110D05706F696E740CFFFFFFFF04FFFFFFFF0CFFFFFFFF13740347FA9BD93C4082C38F5AF66837400000000000000000110D067665727465780CFFFFFFFF04FFFFFFFF0CFFFFFFFF0C0400000004020000000C
310
01000000110E07656C6C697073650D0563757276650CFFFFFFFF04FFFFFFFF0CFFFFFFFF138B1AE99835B33C4082C38F5AF668374000000000000000001400000000000000000000000000000000000000000000F03F14B174F4AE3033C33F0000000000000000000000000000008006000000000000F03F0B0B110D046564
310
67650CFFFFFFFF04FFFFFFFF0CFFFFFFFF0C020000000600000000000000000C0200000006182D4454FB2119400C050000000C030000000B0707756E6B6E6F776E110D06636F656467650CFFFFFFFF04FFFFFFFF0CFFFFFFFF0C050000000C050000000CFFFFFFFF0C040000000B0C0600000004000000000CFFFFFFFF110D
310
046C6F6F700CFFFFFFFF04FFFFFFFF0CFFFFFFFF0CFFFFFFFF0C050000000C08000000110E05706C616E650D07737572666163650CFFFFFFFF04FFFFFFFF0CFFFFFFFF1316263A6802A03C4082C38F5AF668374000000000000000001400000000000000800000000000000000000000000000F03F14000000000000F0BF00
310
0000000000000000000000000000800B0B0B0B0B110D04666163650CFFFFFFFF04FFFFFFFF0CFFFFFFFF0CFFFFFFFF0C060000000C090000000CFFFFFFFF0C070000000B0A0B110D057368656C6C0CFFFFFFFF04FFFFFFFF0CFFFFFFFF0CFFFFFFFF0CFFFFFFFF0C080000000CFFFFFFFF0C0A000000110D046C756D700CFF
310
FFFFFF04FFFFFFFF0CFFFFFFFF0CFFFFFFFF0C090000000C00000000110E03456E640E026F660E0341534D0D0464617461
  0
ACDSRECORD
 90
        1
  2
AcDbDs::ID
280
    10
320
D1
  2
ASM_Data
280
    15
 94
      811
310
414349532042696E61727946696C652855000000000000010000000C00000007214F70656E2044657369676E20416C6C69616E63652041434953204275696C646572070E41434953203231382E3030204E540718546875204A756E2032372031363A32383A3231203230323406000000000000F03F0648AFBC9AF2D77A3E06
310
BBBDD7D9DF7CDB3D0D04626F64790CFFFFFFFF04FFFFFFFF0CFFFFFFFF0C0A0000000CFFFFFFFF0CFFFFFFFF110D05706F696E740CFFFFFFFF04FFFFFFFF0CFFFFFFFF13A82845C8CCF13F40FE5CFAB8B2E937400000000000000000110D067665727465780CFFFFFFFF04FFFFFFFF0CFFFFFFFF0C0400000004020000000C
310
01000000110E07656C6C697073650D0563757276650CFFFFFFFF04FFFFFFFF0CFFFFFFFF13BF3FE76666CB3F40FE5CFAB8B2E9374000000000000000001400000000000000000000000000000000000000000000F03F14B174F4AE3033C33F0000000000000000000000000000008006000000000000F03F0B0B110D046564
310
67650CFFFFFFFF04FFFFFFFF0CFFFFFFFF0C020000000600000000000000000C0200000006182D4454FB2119400C050000000C030000000B0707756E6B6E6F776E110D06636F656467650CFFFFFFFF04FFFFFFFF0CFFFFFFFF0C050000000C050000000CFFFFFFFF0C040000000B0C0600000004000000000CFFFFFFFF110D
310
046C6F6F700CFFFFFFFF04FFFFFFFF0CFFFFFFFF0CFFFFFFFF0C050000000C08000000110E05706C616E650D07737572666163650CFFFFFFFF04FFFFFFFF0CFFFFFFFF134A4B383633B83F40FE5CFAB8B2E9374000000000000000001400000000000000800000000000000000000000000000F03F14000000000000F0BF00
310
0000000000000000000000000000800B0B0B0B0B110D04666163650CFFFFFFFF04FFFFFFFF0CFFFFFFFF0CFFFFFFFF0C060000000C090000000CFFFFFFFF0C070000000B0A0B110D057368656C6C0CFFFFFFFF04FFFFFFFF0CFFFFFFFF0CFFFFFFFF0CFFFFFFFF0C080000000CFFFFFFFF0C0A000000110D046C756D700CFF
310
FFFFFF04FFFFFFFF0CFFFFFFFF0CFFFFFFFF0C090000000C00000000110E03456E640E026F660E0341534D0D0464617461
  0
ACDSRECORD
 90
        1
  2
AcDbDs::ID
280
    10
320
D3
  2
ASM_Data
280
    15
 94
      811
310
414349532042696E61727946696C652855000000000000010000000C00000007214F70656E2044657369676E20416C6C69616E63652041434953204275696C646572070E41434953203231382E3030204E540718546875204A756E2032372031363A32383A3231203230323406000000000000F03F0648AFBC9AF2D77A3E06
310
BBBDD7D9DF7CDB3D0D04626F64790CFFFFFFFF04FFFFFFFF0CFFFFFFFF0C0A0000000CFFFFFFFF0CFFFFFFFF110D05706F696E740CFFFFFFFF04FFFFFFFF0CFFFFFFFF13B6868C269B593F40E8E865D2AE4736400000000000000000110D067665727465780CFFFFFFFF04FFFFFFFF0CFFFFFFFF0C0400000004020000000C
310
01000000110E07656C6C697073650D0563757276650CFFFFFFFF04FFFFFFFF0CFFFFFFFF13CD9D2EC534333F40E8E865D2AE47364000000000000000001400000000000000000000000000000000000000000000F03F14B174F4AE3033C33F0000000000000000000000000000008006000000000000F03F0B0B110D046564
310
67650CFFFFFFFF04FFFFFFFF0CFFFFFFFF0C020000000600000000000000000C0200000006182D4454FB2119400C050000000C030000000B0707756E6B6E6F776E110D06636F656467650CFFFFFFFF04FFFFFFFF0CFFFFFFFF0C050000000C050000000CFFFFFFFF0C040000000B0C0600000004000000000CFFFFFFFF110D
310
046C6F6F700CFFFFFFFF04FFFFFFFF0CFFFFFFFF0CFFFFFFFF0C050000000C08000000110E05706C616E650D07737572666163650CFFFFFFFF04FFFFFFFF0CFFFFFFFF1358A97F9401203F40E8E865D2AE47364000000000000000001400000000000000800000000000000000000000000000F03F14000000000000F0BF00
310
0000000000000000000000000000800B0B0B0B0B110D04666163650CFFFFFFFF04FFFFFFFF0CFFFFFFFF0CFFFFFFFF0C060000000C090000000CFFFFFFFF0C070000000B0A0B110D057368656C6C0CFFFFFFFF04FFFFFFFF0CFFFFFFFF0CFFFFFFFF0CFFFFFFFF0C080000000CFFFFFFFF0C0A000000110D046C756D700CFF
310
FFFFFF04FFFFFFFF0CFFFFFFFF0CFFFFFFFF0C090000000C00000000110E03456E640E026F660E0341534D0D0464617461
  0
ACDSRECORD
 90
        1
  2
AcDbDs::ID
280
    10
320
D5
  2
ASM_Data
280
    15
 94
      811
310
414349532042696E61727946696C652855000000000000010000000C00000007214F70656E2044657369676E20416C6C69616E63652041434953204275696C646572070E41434953203231382E3030204E540718546875204A756E2032372031363A32383A3231203230323406000000000000F03F0648AFBC9AF2D77A3E06
310
BBBDD7D9DF7CDB3D0D04626F64790CFFFFFFFF04FFFFFFFF0CFFFFFFFF0C0A0000000CFFFFFFFF0CFFFFFFFF110D05706F696E740CFFFFFFFF04FFFFFFFF0CFFFFFFFF13B6868C269B593F402DD7D3F5E17A35400000000000000000110D067665727465780CFFFFFFFF04FFFFFFFF0CFFFFFFFF0C0400000004020000000C
310
01000000110E07656C6C697073650D0563757276650CFFFFFFFF04FFFFFFFF0CFFFFFFFF13CD9D2EC534333F402DD7D3F5E17A354000000000000000001400000000000000000000000000000000000000000000F03F14B174F4AE3033C33F0000000000000000000000000000008006000000000000F03F0B0B110D046564
310
67650CFFFFFFFF04FFFFFFFF0CFFFFFFFF0C020000000600000000000000000C0200000006182D4454FB2119400C050000000C030000000B0707756E6B6E6F776E110D06636F656467650CFFFFFFFF04FFFFFFFF0CFFFFFFFF0C050000000C050000000CFFFFFFFF0C040000000B0C0600000004000000000CFFFFFFFF110D
310
046C6F6F700CFFFFFFFF04FFFFFFFF0CFFFFFFFF0CFFFFFFFF0C050000000C08000000110E05706C616E650D07737572666163650CFFFFFFFF04FFFFFFFF0CFFFFFFFF1358A97F9401203F402DD7D3F5E17A354000000000000000001400000000000000800000000000000000000000000000F03F14000000000000F0BF00
310
0000000000000000000000000000800B0B0B0B0B110D04666163650CFFFFFFFF04FFFFFFFF0CFFFFFFFF0CFFFFFFFF0C060000000C090000000CFFFFFFFF0C070000000B0A0B110D057368656C6C0CFFFFFFFF04FFFFFFFF0CFFFFFFFF0CFFFFFFFF0CFFFFFFFF0C080000000CFFFFFFFF0C0A000000110D046C756D700CFF
310
FFFFFF04FFFFFFFF0CFFFFFFFF0CFFFFFFFF0C090000000C00000000110E03456E640E026F660E0341534D0D0464617461
  0
ACDSRECORD
 90
        1
  2
AcDbDs::ID
280
    10
320
D7
  2
ASM_Data
280
    15
 94
      811
310
414349532042696E61727946696C652855000000000000010000000C00000007214F70656E2044657369676E20416C6C69616E63652041434953204275696C646572070E41434953203231382E3030204E540718546875204A756E2032372031363A32383A3231203230323406000000000000F03F0648AFBC9AF2D77A3E06
310
BBBDD7D9DF7CDB3D0D04626F64790CFFFFFFFF04FFFFFFFF0CFFFFFFFF0C0A0000000CFFFFFFFF0CFFFFFFFF110D05706F696E740CFFFFFFFF04FFFFFFFF0CFFFFFFFF13D2254EB4CC0C35403232D0CECCCC36400000000000000000110D067665727465780CFFFFFFFF04FFFFFFFF0CFFFFFFFF0C0400000004020000000C
310
01000000110E07656C6C697073650D0563757276650CFFFFFFFF04FFFFFFFF0CFFFFFFFF13E93CF05266E634403232D0CECCCC364000000000000000001400000000000000000000000000000000000000000000F03F14B174F4AE3033C33F0000000000000000000000000000008006000000000000F03F0B0B110D046564
310
67650CFFFFFFFF04FFFFFFFF0CFFFFFFFF0C020000000600000000000000000C0200000006182D4454FB2119400C050000000C030000000B0707756E6B6E6F776E110D06636F656467650CFFFFFFFF04FFFFFFFF0CFFFFFFFF0C050000000C050000000CFFFFFFFF0C040000000B0C0600000004000000000CFFFFFFFF110D
310
046C6F6F700CFFFFFFFF04FFFFFFFF0CFFFFFFFF0CFFFFFFFF0C050000000C08000000110E05706C616E650D07737572666163650CFFFFFFFF04FFFFFFFF0CFFFFFFFF137448412233D334403232D0CECCCC364000000000000000001400000000000000800000000000000000000000000000F03F14000000000000F0BF00
310
0000000000000000000000000000800B0B0B0B0B110D04666163650CFFFFFFFF04FFFFFFFF0CFFFFFFFF0CFFFFFFFF0C060000000C090000000CFFFFFFFF0C070000000B0A0B110D057368656C6C0CFFFFFFFF04FFFFFFFF0CFFFFFFFF0CFFFFFFFF0CFFFFFFFF0C080000000CFFFFFFFF0C0A000000110D046C756D700CFF
310
FFFFFF04FFFFFFFF0CFFFFFFFF0CFFFFFFFF0C090000000C00000000110E03456E640E026F660E0341534D0D0464617461
  0
ACDSRECORD
 90
        1
  2
AcDbDs::ID
280
    10
320
D9
  2
ASM_Data
280
    15
 94
      811
310
414349532042696E61727946696C652855000000000000010000000C00000007214F70656E2044657369676E20416C6C69616E63652041434953204275696C646572070E41434953203231382E3030204E540718546875204A756E2032372031363A32383A3231203230323406000000000000F03F0648AFBC9AF2D77A3E06
310
BBBDD7D9DF7CDB3D0D04626F64790CFFFFFFFF04FFFFFFFF0CFFFFFFFF0C0A0000000CFFFFFFFF0CFFFFFFFF110D05706F696E740CFFFFFFFF04FFFFFFFF0CFFFFFFFF139FA8F090F72410400FBE2828E2F824400000000000000000110D067665727465780CFFFFFFFF04FFFFFFFF0CFFFFFFFF0C0400000004020000000C
310
01000000110E07656C6C697073650D0563757276650CFFFFFFFF04FFFFFFFF0CFFFFFFFF13F209F216BC160F400FBE2828E2F8244000000000000000001400000000000000000000000000000000000000000000F03F14B174F4AE3033C33F0000000000000000000000000000008006000000000000F03F0B0B110D046564
310
67650CFFFFFFFF04FFFFFFFF0CFFFFFFFF0C020000000600000000000000000C0200000006182D4454FB2119400C050000000C030000000B0707756E6B6E6F776E110D06636F656467650CFFFFFFFF04FFFFFFFF0CFFFFFFFF0C050000000C050000000CFFFFFFFF0C040000000B0C0600000004000000000CFFFFFFFF110D
310
046C6F6F700CFFFFFFFF04FFFFFFFF0CFFFFFFFF0CFFFFFFFF0C050000000C08000000110E05706C616E650D07737572666163650CFFFFFFFF04FFFFFFFF0CFFFFFFFF134C667A91227D0E400FBE2828E2F8244000000000000000001400000000000000800000000000000000000000000000F03F14000000000000F0BF00
310
0000000000000000000000000000800B0B0B0B0B110D04666163650CFFFFFFFF04FFFFFFFF0CFFFFFFFF0CFFFFFFFF0C060000000C090000000CFFFFFFFF0C070000000B0A0B110D057368656C6C0CFFFFFFFF04FFFFFFFF0CFFFFFFFF0CFFFFFFFF0CFFFFFFFF0C080000000CFFFFFFFF0C0A000000110D046C756D700CFF
310
FFFFFF04FFFFFFFF0CFFFFFFFF0CFFFFFFFF0C090000000C00000000110E03456E640E026F660E0341534D0D0464617461
  0
ACDSRECORD
 90
        1
  2
AcDbDs::ID
280
    10
320
DB
  2
ASM_Data
280
    15
 94
      811
310
414349532042696E61727946696C652855000000000000010000000C00000007214F70656E2044657369676E20416C6C69616E63652041434953204275696C646572070E41434953203231382E3030204E540718546875204A756E2032372031363A32383A3231203230323406000000000000F03F0648AFBC9AF2D77A3E06
310
BBBDD7D9DF7CDB3D0D04626F64790CFFFFFFFF04FFFFFFFF0CFFFFFFFF0C0A0000000CFFFFFFFF0CFFFFFFFF110D05706F696E740CFFFFFFFF04FFFFFFFF0CFFFFFFFF13B651748F3233094080D360BFCCCC29400000000000000000110D067665727465780CFFFFFFFF04FFFFFFFF0CFFFFFFFF0C0400000004020000000C
310
01000000110E07656C6C697073650D0563757276650CFFFFFFFF04FFFFFFFF0CFFFFFFFF136B0A8584FFFF074080D360BFCCCC294000000000000000001400000000000000000000000000000000000000000000F03F14B174F4AE3033C33F0000000000000000000000000000008006000000000000F03F0B0B110D046564
310
67650CFFFFFFFF04FFFFFFFF0CFFFFFFFF0C020000000600000000000000000C0200000006182D4454FB2119400C050000000C030000000B0707756E6B6E6F776E110D06636F656467650CFFFFFFFF04FFFFFFFF0CFFFFFFFF0C050000000C050000000CFFFFFFFF0C040000000B0C0600000004000000000CFFFFFFFF110D
310
046C6F6F700CFFFFFFFF04FFFFFFFF0CFFFFFFFF0CFFFFFFFF0C050000000C08000000110E05706C616E650D07737572666163650CFFFFFFFF04FFFFFFFF0CFFFFFFFF13C6660DFF6566074080D360BFCCCC294000000000000000001400000000000000800000000000000000000000000000F03F14000000000000F0BF00
310
0000000000000000000000000000800B0B0B0B0B110D04666163650CFFFFFFFF04FFFFFFFF0CFFFFFFFF0CFFFFFFFF0C060000000C090000000CFFFFFFFF0C070000000B0A0B110D057368656C6C0CFFFFFFFF04FFFFFFFF0CFFFFFFFF0CFFFFFFFF0CFFFFFFFF0C080000000CFFFFFFFF0C0A000000110D046C756D700CFF
310
FFFFFF04FFFFFFFF0CFFFFFFFF0CFFFFFFFF0C090000000C00000000110E03456E640E026F660E0341534D0D0464617461
  0
ACDSRECORD
 90
        1
  2
AcDbDs::ID
280
    10
320
DD
  2
ASM_Data
280
    15
 94
      811
310
414349532042696E61727946696C652855000000000000010000000C00000007214F70656E2044657369676E20416C6C69616E63652041434953204275696C646572070E41434953203231382E3030204E540718546875204A756E2032372031363A32383A3231203230323406000000000000F03F0648AFBC9AF2D77A3E06
310
BBBDD7D9DF7CDB3D0D04626F64790CFFFFFFFF04FFFFFFFF0CFFFFFFFF0C0A0000000CFFFFFFFF0CFFFFFFFF110D05706F696E740CFFFFFFFF04FFFFFFFF0CFFFFFFFF13E0DCFC123333104080D360BFCCCC29400000000000000000110D067665727465780CFFFFFFFF04FFFFFFFF0CFFFFFFFF0C0400000004020000000C
310
01000000110E07656C6C697073650D0563757276650CFFFFFFFF04FFFFFFFF0CFFFFFFFF1374720A1B33330F4080D360BFCCCC294000000000000000001400000000000000000000000000000000000000000000F03F14B174F4AE3033C33F0000000000000000000000000000008006000000000000F03F0B0B110D046564
310
67650CFFFFFFFF04FFFFFFFF0CFFFFFFFF0C020000000600000000000000000C0200000006182D4454FB2119400C050000000C030000000B0707756E6B6E6F776E110D06636F656467650CFFFFFFFF04FFFFFFFF0CFFFFFFFF0C050000000C050000000CFFFFFFFF0C040000000B0C0600000004000000000CFFFFFFFF110D
310
046C6F6F700CFFFFFFFF04FFFFFFFF0CFFFFFFFF0CFFFFFFFF0C050000000C08000000110E05706C616E650D07737572666163650CFFFFFFFF04FFFFFFFF0CFFFFFFFF13CECE929599990E4080D360BFCCCC294000000000000000001400000000000000800000000000000000000000000000F03F14000000000000F0BF00
310
0000000000000000000000000000800B0B0B0B0B110D04666163650CFFFFFFFF04FFFFFFFF0CFFFFFFFF0CFFFFFFFF0C060000000C090000000CFFFFFFFF0C070000000B0A0B110D057368656C6C0CFFFFFFFF04FFFFFFFF0CFFFFFFFF0CFFFFFFFF0CFFFFFFFF0C080000000CFFFFFFFF0C0A000000110D046C756D700CFF
310
FFFFFF04FFFFFFFF0CFFFFFFFF0CFFFFFFFF0C090000000C00000000110E03456E640E026F660E0341534D0D0464617461
  0
ACDSRECORD
 90
        1
  2
AcDbDs::ID
280
    10
320
DF
  2
ASM_Data
280
    15
 94
      811
310
414349532042696E61727946696C652855000000000000010000000C00000007214F70656E2044657369676E20416C6C69616E63652041434953204275696C646572070E41434953203231382E3030204E540718546875204A756E2032372031363A32383A3231203230323406000000000000F03F0648AFBC9AF2D77A3E06
310
BBBDD7D9DF7CDB3D0D04626F64790CFFFFFFFF04FFFFFFFF0CFFFFFFFF0C0A0000000CFFFFFFFF0CFFFFFFFF110D05706F696E740CFFFFFFFF04FFFFFFFF0CFFFFFFFF1384777FDD65660840E4903FDECCCC23400000000000000000110D067665727465780CFFFFFFFF04FFFFFFFF0CFFFFFFFF0C0400000004020000000C
310
01000000110E07656C6C697073650D0563757276650CFFFFFFFF04FFFFFFFF0CFFFFFFFF13393090D232330740E4903FDECCCC234000000000000000001400000000000000000000000000000000000000000000F03F14B174F4AE3033C33F0000000000000000000000000000008006000000000000F03F0B0B110D046564
310
67650CFFFFFFFF04FFFFFFFF0CFFFFFFFF0C020000000600000000000000000C0200000006182D4454FB2119400C050000000C030000000B0707756E6B6E6F776E110D06636F656467650CFFFFFFFF04FFFFFFFF0CFFFFFFFF0C050000000C050000000CFFFFFFFF0C040000000B0C0600000004000000000CFFFFFFFF110D
310
046C6F6F700CFFFFFFFF04FFFFFFFF0CFFFFFFFF0CFFFFFFFF0C050000000C08000000110E05706C616E650D07737572666163650CFFFFFFFF04FFFFFFFF0CFFFFFFFF13948C184D99990640E4903FDECCCC234000000000000000001400000000000000800000000000000000000000000000F03F14000000000000F0BF00
310
0000000000000000000000000000800B0B0B0B0B110D04666163650CFFFFFFFF04FFFFFFFF0CFFFFFFFF0CFFFFFFFF0C060000000C090000000CFFFFFFFF0C070000000B0A0B110D057368656C6C0CFFFFFFFF04FFFFFFFF0CFFFFFFFF0CFFFFFFFF0CFFFFFFFF0C080000000CFFFFFFFF0C0A000000110D046C756D700CFF
310
FFFFFF04FFFFFFFF0CFFFFFFFF0CFFFFFFFF0C090000000C00000000110E03456E640E026F660E0341534D0D0464617461
  0
ACDSRECORD
 90
        1
  2
AcDbDs::ID
280
    10
320
E1
  2
ASM_Data
280
    15
 94
      811
310
414349532042696E61727946696C652855000000000000010000000C00000007214F70656E2044657369676E20416C6C69616E63652041434953204275696C646572070E41434953203231382E3030204E540718546875204A756E2032372031363A32383A3231203230323406000000000000F03F0648AFBC9AF2D77A3E06
310
BBBDD7D9DF7CDB3D0D04626F64790CFFFFFFFF04FFFFFFFF0CFFFFFFFF0C0A0000000CFFFFFFFF0CFFFFFFFF110D05706F696E740CFFFFFFFF04FFFFFFFF0CFFFFFFFF13B2AD557199991A404298156966661E400000000000000000110D067665727465780CFFFFFFFF04FFFFFFFF0CFFFFFFFF0C0400000004020000000C
310
01000000110E07656C6C697073650D0563757276650CFFFFFFFF04FFFFFFFF0CFFFFFFFF130C0ADEEBFFFF19404298156966661E4000000000000000001400000000000000000000000000000000000000000000F03F14B174F4AE3033C33F0000000000000000000000000000008006000000000000F03F0B0B110D046564
310
67650CFFFFFFFF04FFFFFFFF0CFFFFFFFF0C020000000600000000000000000C0200000006182D4454FB2119400C050000000C030000000B0707756E6B6E6F776E110D06636F656467650CFFFFFFFF04FFFFFFFF0CFFFFFFFF0C050000000C050000000CFFFFFFFF0C040000000B0C0600000004000000000CFFFFFFFF110D
310
046C6F6F700CFFFFFFFF04FFFFFFFF0CFFFFFFFF0CFFFFFFFF0C050000000C08000000110E05706C616E650D07737572666163650CFFFFFFFF04FFFFFFFF0CFFFFFFFF133938222933B319404298156966661E4000000000000000001400000000000000800000000000000000000000000000F03F14000000000000F0BF00
310
0000000000000000000000000000800B0B0B0B0B110D04666163650CFFFFFFFF04FFFFFFFF0CFFFFFFFF0CFFFFFFFF0C060000000C090000000CFFFFFFFF0C070000000B0A0B110D057368656C6C0CFFFFFFFF04FFFFFFFF0CFFFFFFFF0CFFFFFFFF0CFFFFFFFF0C080000000CFFFFFFFF0C0A000000110D046C756D700CFF
310
FFFFFF04FFFFFFFF0CFFFFFFFF0CFFFFFFFF0C090000000C00000000110E03456E640E026F660E0341534D0D0464617461
  0
ACDSRECORD
 90
        1
  2
AcDbDs::ID
280
    10
320
E3
  2
ASM_Data
280
    15
 94
      811
310
414349532042696E61727946696C652855000000000000010000000C00000007214F70656E2044657369676E20416C6C69616E63652041434953204275696C646572070E41434953203231382E3030204E540718546875204A756E2032372031363A32383A3231203230323406000000000000F03F0648AFBC9AF2D77A3E06
310
BBBDD7D9DF7CDB3D0D04626F64790CFFFFFFFF04FFFFFFFF0CFFFFFFFF0C0A0000000CFFFFFFFF0CFFFFFFFF110D05706F696E740CFFFFFFFF04FFFFFFFF0CFFFFFFFF13F490DF9167A643407B7C08CB54B812400000000000000000110D067665727465780CFFFFFFFF04FFFFFFFF0CFFFFFFFF0C0400000004020000000C
310
01000000110E07656C6C697073650D0563757276650CFFFFFFFF04FFFFFFFF0CFFFFFFFF1394DBD52F014042407B7C08CB54B8124000000000000000001400000000000000000000000000000000000000000000F03F1407569B20666606400000000000000000000000000000008006000000000000F03F0B0B110D046564
310
67650CFFFFFFFF04FFFFFFFF0CFFFFFFFF0C020000000600000000000000000C0200000006182D4454FB2119400C050000000C030000000B0707756E6B6E6F776E110D06636F656467650CFFFFFFFF04FFFFFFFF0CFFFFFFFF0C050000000C050000000CFFFFFFFF0C040000000B0C0600000004000000000CFFFFFFFF110D
310
046C6F6F700CFFFFFFFF04FFFFFFFF0CFFFFFFFF0CFFFFFFFF0C050000000C08000000110E05706C616E650D07737572666163650CFFFFFFFF04FFFFFFFF0CFFFFFFFF13E400D1FECD8C41407C7C08CB54B8124000000000000000001400000000000000800000000000000000000000000000F03F14000000000000F0BF00
310
0000000000000000000000000000800B0B0B0B0B110D04666163650CFFFFFFFF04FFFFFFFF0CFFFFFFFF0CFFFFFFFF0C060000000C090000000CFFFFFFFF0C070000000B0A0B110D057368656C6C0CFFFFFFFF04FFFFFFFF0CFFFFFFFF0CFFFFFFFF0CFFFFFFFF0C080000000CFFFFFFFF0C0A000000110D046C756D700CFF
310
FFFFFF04FFFFFFFF0CFFFFFFFF0CFFFFFFFF0C090000000C00000000110E03456E640E026F660E0341534D0D0464617461
  0
ACDSRECORD
 90
        1
  2
AcDbDs::ID
280
    10
320
E5
  2
ASM_Data
280
    15
 94
      811
310
414349532042696E61727946696C652855000000000000010000000C00000007214F70656E2044657369676E20416C6C69616E63652041434953204275696C646572070E41434953203231382E3030204E540718546875204A756E2032372031363A32383A3231203230323406000000000000F03F0648AFBC9AF2D77A3E06
310
BBBDD7D9DF7CDB3D0D04626F64790CFFFFFFFF04FFFFFFFF0CFFFFFFFF0C0A0000000CFFFFFFFF0CFFFFFFFF110D05706F696E740CFFFFFFFF04FFFFFFFF0CFFFFFFFF138A5119F7CD0C43407B7C08CB54B812400000000000000000110D067665727465780CFFFFFFFF04FFFFFFFF0CFFFFFFFF0C0400000004020000000C
310
01000000110E07656C6C697073650D0563757276650CFFFFFFFF04FFFFFFFF0CFFFFFFFF1394DBD52F014042407B7C08CB54B8124000000000000000001400000000000000000000000000000000000000000000F03F14CFBE6EE89899F93F0000000000000000000000000000008006000000000000F03F0B0B110D046564
310
67650CFFFFFFFF04FFFFFFFF0CFFFFFFFF0C020000000600000000000000000C0200000006182D4454FB2119400C050000000C030000000B0707756E6B6E6F776E110D06636F656467650CFFFFFFFF04FFFFFFFF0CFFFFFFFF0C050000000C050000000CFFFFFFFF0C040000000B0C0600000004000000000CFFFFFFFF110D
310
046C6F6F700CFFFFFFFF04FFFFFFFF0CFFFFFFFF0CFFFFFFFF0C050000000C08000000110E05706C616E650D07737572666163650CFFFFFFFF04FFFFFFFF0CFFFFFFFF13992034CC9AD941407B7C08CB54B8124000000000000000001400000000000000800000000000000000000000000000F03F14000000000000F0BF00
310
0000000000000000000000000000800B0B0B0B0B110D04666163650CFFFFFFFF04FFFFFFFF0CFFFFFFFF0CFFFFFFFF0C060000000C090000000CFFFFFFFF0C070000000B0A0B110D057368656C6C0CFFFFFFFF04FFFFFFFF0CFFFFFFFF0CFFFFFFFF0CFFFFFFFF0C080000000CFFFFFFFF0C0A000000110D046C756D700CFF
310
FFFFFF04FFFFFFFF0CFFFFFFFF0CFFFFFFFF0C090000000C00000000110E03456E640E026F660E0341534D0D0464617461
  0
ACDSRECORD
 90
        1
  2
AcDbDs::ID
280
    10
320
E7
  2
ASM_Data
280
    15
 94
      811
310
414349532042696E61727946696C652855000000000000010000000C00000007214F70656E2044657369676E20416C6C69616E63652041434953204275696C646572070E41434953203231382E3030204E540718546875204A756E2032372031363A32383A3231203230323406000000000000F03F0648AFBC9AF2D77A3E06
310
BBBDD7D9DF7CDB3D0D04626F64790CFFFFFFFF04FFFFFFFF0CFFFFFFFF0C0A0000000CFFFFFFFF0CFFFFFFFF110D05706F696E740CFFFFFFFF04FFFFFFFF0CFFFFFFFF13F490DF9167A6434072C5411915AE34400000000000000000110D067665727465780CFFFFFFFF04FFFFFFFF0CFFFFFFFF0C0400000004020000000C
310
01000000110E07656C6C697073650D0563757276650CFFFFFFFF04FFFFFFFF0CFFFFFFFF1394DBD52F0140424072C5411915AE344000000000000000001400000000000000000000000000000000000000000000F03F1407569B20666606400000000000000000000000000000008006000000000000F03F0B0B110D046564
310
67650CFFFFFFFF04FFFFFFFF0CFFFFFFFF0C020000000600000000000000000C0200000006182D4454FB2119400C050000000C030000000B0707756E6B6E6F776E110D06636F656467650CFFFFFFFF04FFFFFFFF0CFFFFFFFF0C050000000C050000000CFFFFFFFF0C040000000B0C0600000004000000000CFFFFFFFF110D
310
046C6F6F700CFFFFFFFF04FFFFFFFF0CFFFFFFFF0CFFFFFFFF0C050000000C08000000110E05706C616E650D07737572666163650CFFFFFFFF04FFFFFFFF0CFFFFFFFF13E400D1FECD8C414072C5411915AE344000000000000000001400000000000000800000000000000000000000000000F03F14000000000000F0BF00
310
0000000000000000000000000000800B0B0B0B0B110D04666163650CFFFFFFFF04FFFFFFFF0CFFFFFFFF0CFFFFFFFF0C060000000C090000000CFFFFFFFF0C070000000B0A0B110D057368656C6C0CFFFFFFFF04FFFFFFFF0CFFFFFFFF0CFFFFFFFF0CFFFFFFFF0C080000000CFFFFFFFF0C0A000000110D046C756D700CFF
310
FFFFFF04FFFFFFFF0CFFFFFFFF0CFFFFFFFF0C090000000C00000000110E03456E640E026F660E0341534D0D0464617461
  0
ACDSRECORD
 90
        1
  2
AcDbDs::ID
280
    10
320
E9
  2
ASM_Data
280
    15
 94
      811
310
414349532042696E61727946696C652855000000000000010000000C00000007214F70656E2044657369676E20416C6C69616E63652041434953204275696C646572070E41434953203231382E3030204E540718546875204A756E2032372031363A32383A3231203230323406000000000000F03F0648AFBC9AF2D77A3E06
310
BBBDD7D9DF7CDB3D0D04626F64790CFFFFFFFF04FFFFFFFF0CFFFFFFFF0C0A0000000CFFFFFFFF0CFFFFFFFF110D05706F696E740CFFFFFFFF04FFFFFFFF0CFFFFFFFF138A5119F7CD0C434072C5411915AE34400000000000000000110D067665727465780CFFFFFFFF04FFFFFFFF0CFFFFFFFF0C0400000004020000000C
310
01000000110E07656C6C697073650D0563757276650CFFFFFFFF04FFFFFFFF0CFFFFFFFF1394DBD52F0140424072C5411915AE344000000000000000001400000000000000000000000000000000000000000000F03F14CFBE6EE89899F93F0000000000000000000000000000008006000000000000F03F0B0B110D046564
310
67650CFFFFFFFF04FFFFFFFF0CFFFFFFFF0C020000000600000000000000000C0200000006182D4454FB2119400C050000000C030000000B0707756E6B6E6F776E110D06636F656467650CFFFFFFFF04FFFFFFFF0CFFFFFFFF0C050000000C050000000CFFFFFFFF0C040000000B0C0600000004000000000CFFFFFFFF110D
310
046C6F6F700CFFFFFFFF04FFFFFFFF0CFFFFFFFF0CFFFFFFFF0C050000000C08000000110E05706C616E650D07737572666163650CFFFFFFFF04FFFFFFFF0CFFFFFFFF13992034CC9AD9414072C5411915AE344000000000000000001400000000000000800000000000000000000000000000F03F14000000000000F0BF00
310
0000000000000000000000000000800B0B0B0B0B110D04666163650CFFFFFFFF04FFFFFFFF0CFFFFFFFF0CFFFFFFFF0C060000000C090000000CFFFFFFFF0C070000000B0A0B110D057368656C6C0CFFFFFFFF04FFFFFFFF0CFFFFFFFF0CFFFFFFFF0CFFFFFFFF0C080000000CFFFFFFFF0C0A000000110D046C756D700CFF
310
FFFFFF04FFFFFFFF0CFFFFFFFF0CFFFFFFFF0C090000000C00000000110E03456E640E026F660E0341534D0D0464617461
  0
ACDSRECORD
 90
        1
  2
AcDbDs::ID
280
    10
320
EB
  2
ASM_Data
280
    15
 94
      811
310
414349532042696E61727946696C652855000000000000010000000C00000007214F70656E2044657369676E20416C6C69616E63652041434953204275696C646572070E41434953203231382E3030204E540718546875204A756E2032372031363A32383A3231203230323406000000000000F03F0648AFBC9AF2D77A3E06
310
BBBDD7D9DF7CDB3D0D04626F64790CFFFFFFFF04FFFFFFFF0CFFFFFFFF0C0A0000000CFFFFFFFF0CFFFFFFFF110D05706F696E740CFFFFFFFF04FFFFFFFF0CFFFFFFFF13A8A76EB236331D4072C5411915AE34400000000000000000110D067665727465780CFFFFFFFF04FFFFFFFF0CFFFFFFFF0C0400000004020000000C
310
01000000110E07656C6C697073650D0563757276650CFFFFFFFF04FFFFFFFF0CFFFFFFFF13A4FC20A20300124072C5411915AE344000000000000000001400000000000000000000000000000000000000000000F03F1407569B20666606400000000000000000000000000000008006000000000000F03F0B0B110D046564
310
67650CFFFFFFFF04FFFFFFFF0CFFFFFFFF0C020000000600000000000000000C0200000006182D4454FB2119400C050000000C030000000B0707756E6B6E6F776E110D06636F656467650CFFFFFFFF04FFFFFFFF0CFFFFFFFF0C050000000C050000000CFFFFFFFF0C040000000B0C0600000004000000000CFFFFFFFF110D
310
046C6F6F700CFFFFFFFF04FFFFFFFF0CFFFFFFFF0CFFFFFFFF0C050000000C08000000110E05706C616E650D07737572666163650CFFFFFFFF04FFFFFFFF0CFFFFFFFF13444EF433D4CC084072C5411915AE344000000000000000001400000000000000800000000000000000000000000000F03F14000000000000F0BF00
310
0000000000000000000000000000800B0B0B0B0B110D04666163650CFFFFFFFF04FFFFFFFF0CFFFFFFFF0CFFFFFFFF0C060000000C090000000CFFFFFFFF0C070000000B0A0B110D057368656C6C0CFFFFFFFF04FFFFFFFF0CFFFFFFFF0CFFFFFFFF0CFFFFFFFF0C080000000CFFFFFFFF0C0A000000110D046C756D700CFF
310
FFFFFF04FFFFFFFF0CFFFFFFFF0CFFFFFFFF0C090000000C00000000110E03456E640E026F660E0341534D0D0464617461
  0
ACDSRECORD
 90
        1
  2
AcDbDs::ID
280
    10
320
ED
  2
ASM_Data
280
    15
 94
      811
310
414349532042696E61727946696C652855000000000000010000000C00000007214F70656E2044657369676E20416C6C69616E63652041434953204275696C646572070E41434953203231382E3030204E540718546875204A756E2032372031363A32383A3231203230323406000000000000F03F0648AFBC9AF2D77A3E06
310
BBBDD7D9DF7CDB3D0D04626F64790CFFFFFFFF04FFFFFFFF0CFFFFFFFF0C0A0000000CFFFFFFFF0CFFFFFFFF110D05706F696E740CFFFFFFFF04FFFFFFFF0CFFFFFFFF1358AC3CDC6966184072C5411915AE34400000000000000000110D067665727465780CFFFFFFFF04FFFFFFFF0CFFFFFFFF0C0400000004020000000C
310
01000000110E07656C6C697073650D0563757276650CFFFFFFFF04FFFFFFFF0CFFFFFFFF13A4FC20A20300124072C5411915AE344000000000000000001400000000000000000000000000000000000000000000F03F14CFBE6EE89899F93F0000000000000000000000000000008006000000000000F03F0B0B110D046564
310
67650CFFFFFFFF04FFFFFFFF0CFFFFFFFF0C020000000600000000000000000C0200000006182D4454FB2119400C050000000C030000000B0707756E6B6E6F776E110D06636F656467650CFFFFFFFF04FFFFFFFF0CFFFFFFFF0C050000000C050000000CFFFFFFFF0C040000000B0C0600000004000000000CFFFFFFFF110D
310
046C6F6F700CFFFFFFFF04FFFFFFFF0CFFFFFFFF0CFFFFFFFF0C050000000C08000000110E05706C616E650D07737572666163650CFFFFFFFF04FFFFFFFF0CFFFFFFFF139449260AA1990D4072C5411915AE344000000000000000001400000000000000800000000000000000000000000000F03F14000000000000F0BF00
310
0000000000000000000000000000800B0B0B0B0B110D04666163650CFFFFFFFF04FFFFFFFF0CFFFFFFFF0CFFFFFFFF0C060000000C090000000CFFFFFFFF0C070000000B0A0B110D057368656C6C0CFFFFFFFF04FFFFFFFF0CFFFFFFFF0CFFFFFFFF0CFFFFFFFF0C080000000CFFFFFFFF0C0A000000110D046C756D700CFF
310
FFFFFF04FFFFFFFF0CFFFFFFFF0CFFFFFFFF0C090000000C00000000110E03456E640E026F660E0341534D0D0464617461
  0
ACDSRECORD
 90
        1
  2
AcDbDs::ID
280
    10
320
EF
  2
ASM_Data
280
    15
 94
      811
310
414349532042696E61727946696C652855000000000000010000000C00000007214F70656E2044657369676E20416C6C69616E63652041434953204275696C646572070E41434953203231382E3030204E540718546875204A756E2032372031363A32383A3231203230323406000000000000F03F0648AFBC9AF2D77A3E06
310
BBBDD7D9DF7CDB3D0D04626F64790CFFFFFFFF04FFFFFFFF0CFFFFFFFF0C0A0000000CFFFFFFFF0CFFFFFFFF110D05706F696E740CFFFFFFFF04FFFFFFFF0CFFFFFFFF13A8A76EB236331D407B7C08CB54B812400000000000000000110D067665727465780CFFFFFFFF04FFFFFFFF0CFFFFFFFF0C0400000004020000000C
310
01000000110E07656C6C697073650D0563757276650CFFFFFFFF04FFFFFFFF0CFFFFFFFF13A4FC20A2030012407B7C08CB54B8124000000000000000001400000000000000000000000000000000000000000000F03F1407569B20666606400000000000000000000000000000008006000000000000F03F0B0B110D046564
310
67650CFFFFFFFF04FFFFFFFF0CFFFFFFFF0C020000000600000000000000000C0200000006182D4454FB2119400C050000000C030000000B0707756E6B6E6F776E110D06636F656467650CFFFFFFFF04FFFFFFFF0CFFFFFFFF0C050000000C050000000CFFFFFFFF0C040000000B0C0600000004000000000CFFFFFFFF110D
310
046C6F6F700CFFFFFFFF04FFFFFFFF0CFFFFFFFF0CFFFFFFFF0C050000000C08000000110E05706C616E650D07737572666163650CFFFFFFFF04FFFFFFFF0CFFFFFFFF13444EF433D4CC08407C7C08CB54B8124000000000000000001400000000000000800000000000000000000000000000F03F14000000000000F0BF00
310
0000000000000000000000000000800B0B0B0B0B110D04666163650CFFFFFFFF04FFFFFFFF0CFFFFFFFF0CFFFFFFFF0C060000000C090000000CFFFFFFFF0C070000000B0A0B110D057368656C6C0CFFFFFFFF04FFFFFFFF0CFFFFFFFF0CFFFFFFFF0CFFFFFFFF0C080000000CFFFFFFFF0C0A000000110D046C756D700CFF
310
FFFFFF04FFFFFFFF0CFFFFFFFF0CFFFFFFFF0C090000000C00000000110E03456E640E026F660E0341534D0D0464617461
  0
ACDSRECORD
 90
        1
  2
AcDbDs::ID
280
    10
320
F1
  2
ASM_Data
280
    15
 94
      811
310
414349532042696E61727946696C652855000000000000010000000C00000007214F70656E2044657369676E20416C6C69616E63652041434953204275696C646572070E41434953203231382E3030204E540718546875204A756E2032372031363A32383A3231203230323406000000000000F03F0648AFBC9AF2D77A3E06
310
BBBDD7D9DF7CDB3D0D04626F64790CFFFFFFFF04FFFFFFFF0CFFFFFFFF0C0A0000000CFFFFFFFF0CFFFFFFFF110D05706F696E740CFFFFFFFF04FFFFFFFF0CFFFFFFFF1358AC3CDC696618407B7C08CB54B812400000000000000000110D067665727465780CFFFFFFFF04FFFFFFFF0CFFFFFFFF0C0400000004020000000C
310
01000000110E07656C6C697073650D0563757276650CFFFFFFFF04FFFFFFFF0CFFFFFFFF13A4FC20A2030012407B7C08CB54B8124000000000000000001400000000000000000000000000000000000000000000F03F14CFBE6EE89899F93F0000000000000000000000000000008006000000000000F03F0B0B110D046564
310
67650CFFFFFFFF04FFFFFFFF0CFFFFFFFF0C020000000600000000000000000C0200000006182D4454FB2119400C050000000C030000000B0707756E6B6E6F776E110D06636F656467650CFFFFFFFF04FFFFFFFF0CFFFFFFFF0C050000000C050000000CFFFFFFFF0C040000000B0C0600000004000000000CFFFFFFFF110D
310
046C6F6F700CFFFFFFFF04FFFFFFFF0CFFFFFFFF0CFFFFFFFF0C050000000C08000000110E05706C616E650D07737572666163650CFFFFFFFF04FFFFFFFF0CFFFFFFFF139449260AA1990D407B7C08CB54B8124000000000000000001400000000000000800000000000000000000000000000F03F14000000000000F0BF00
310
0000000000000000000000000000800B0B0B0B0B110D04666163650CFFFFFFFF04FFFFFFFF0CFFFFFFFF0CFFFFFFFF0C060000000C090000000CFFFFFFFF0C070000000B0A0B110D057368656C6C0CFFFFFFFF04FFFFFFFF0CFFFFFFFF0CFFFFFFFF0CFFFFFFFF0C080000000CFFFFFFFF0C0A000000110D046C756D700CFF
310
FFFFFF04FFFFFFFF0CFFFFFFFF0CFFFFFFFF0C090000000C00000000110E03456E640E026F660E0341534D0D0464617461
  0
ACDSRECORD
 90
        1
  2
AcDbDs::ID
280
    10
320
F4
  2
ASM_Data
280
    15
 94
     3024
310
414349532042696E61727946696C652855000000000000010000000C00000007214F70656E2044657369676E20416C6C69616E63652041434953204275696C646572070E41434953203231382E3030204E540718546875204A756E2032372031363A32383A3231203230323406000000000000F03F0648AFBC9AF2D77A3E06
310
BBBDD7D9DF7CDB3D0D04626F64790CFFFFFFFF04FFFFFFFF0CFFFFFFFF0C2D0000000CFFFFFFFF0CFFFFFFFF110D05706F696E740CFFFFFFFF04FFFFFFFF0CFFFFFFFF13BE67C988B0C6D5BFB8FB03828CC2D5BF0000000000000000110D067665727465780CFFFFFFFF04FFFFFFFF0CFFFFFFFF0C2700000004020000000C
310
01000000110D05706F696E740CFFFFFFFF04FFFFFFFF0CFFFFFFFF13531BDEA45033C3BF4A435397082BC3BF0000000000000000110D067665727465780CFFFFFFFF04FFFFFFFF0CFFFFFFFF0C1500000004020000000C03000000110D05706F696E740CFFFFFFFF04FFFFFFFF0CFFFFFFFF13531BDEA45033C3BF48435397
310
082BC33F0000000000000000110D067665727465780CFFFFFFFF04FFFFFFFF0CFFFFFFFF0C1800000004020000000C05000000110D05706F696E740CFFFFFFFF04FFFFFFFF0CFFFFFFFF13BD67C988B0C6D5BFB8FB03828CC2D53F0000000000000000110D067665727465780CFFFFFFFF04FFFFFFFF0CFFFFFFFF0C1B0000
310
0004020000000C07000000110D05706F696E740CFFFFFFFF04FFFFFFFF0CFFFFFFFF13E182E8201A83E3BFB8FB03828CC2D53F0000000000000000110D067665727465780CFFFFFFFF04FFFFFFFF0CFFFFFFFF0C1E00000004020000000C09000000110D05706F696E740CFFFFFFFF04FFFFFFFF0CFFFFFFFF13EBAF153C9E
310
99E9BF4B435397082BC33F0000000000000000110D067665727465780CFFFFFFFF04FFFFFFFF0CFFFFFFFF0C2100000004020000000C0B000000110D05706F696E740CFFFFFFFF04FFFFFFFF0CFFFFFFFF13EAAF153C9E99E9BF47435397082BC3BF0000000000000000110D067665727465780CFFFFFFFF04FFFFFFFF0CFF
310
FFFFFF0C2400000004020000000C0D000000110D05706F696E740CFFFFFFFF04FFFFFFFF0CFFFFFFFF13E182E8201A83E3BFB8FB03828CC2D5BF0000000000000000110D067665727465780CFFFFFFFF04FFFFFFFF0CFFFFFFFF0C2700000004020000000C0F000000110E07656C6C697073650D0563757276650CFFFFFFFF
310
04FFFFFFFF0CFFFFFFFF13BD67C988B0C6D5BF4A435397082BC3BF00000000000000001400000000000000000000000000000000000000000000F03F1401000000000090BC27B4B46C105AC8BF000000000000000006000000000000F03F0B0B110D04656467650CFFFFFFFF04FFFFFFFF0CFFFFFFFF0C0200000006000000
310
00000000000C0400000006182D4454FB21F93F0C130000000C110000000B0707756E6B6E6F776E110D06636F656467650CFFFFFFFF04FFFFFFFF0CFFFFFFFF0C160000000C280000000CFFFFFFFF0C120000000B0C2900000004000000000CFFFFFFFF110E0873747261696768740D0563757276650CFFFFFFFF04FFFFFFFF
310
0CFFFFFFFF13531BDEA45033C3BF4A435397082BC3BF000000000000000014000000000000000049435397082BD33F00000000000000000B0B110D04656467650CFFFFFFFF04FFFFFFFF0CFFFFFFFF0C040000000600000000000000000C0600000006000000000000F03F0C160000000C140000000B0707756E6B6E6F776E
310
110D06636F656467650CFFFFFFFF04FFFFFFFF0CFFFFFFFF0C190000000C130000000CFFFFFFFF0C150000000B0C2900000004000000000CFFFFFFFF110E07656C6C697073650D0563757276650CFFFFFFFF04FFFFFFFF0CFFFFFFFF13BD67C988B0C6D5BF48435397082BC33F000000000000000014000000000000000000
310
00000000000000000000000000F03F1427B4B46C105AC83F0000000000000000000000000000000006000000000000F03F0B0B110D04656467650CFFFFFFFF04FFFFFFFF0CFFFFFFFF0C060000000600000000000000000C0800000006182D4454FB21F93F0C190000000C170000000B0707756E6B6E6F776E110D06636F65
310
6467650CFFFFFFFF04FFFFFFFF0CFFFFFFFF0C1C0000000C160000000CFFFFFFFF0C180000000B0C2900000004000000000CFFFFFFFF110E0873747261696768740D0563757276650CFFFFFFFF04FFFFFFFF0CFFFFFFFF13BD67C988B0C6D5BFB8FB03828CC2D53F000000000000000014059E07B9833FD1BF000000000000
310
000000000000000000000B0B110D04656467650CFFFFFFFF04FFFFFFFF0CFFFFFFFF0C080000000600000000000000000C0A00000006000000000000F03F0C1C0000000C1A0000000B0707756E6B6E6F776E110D06636F656467650CFFFFFFFF04FFFFFFFF0CFFFFFFFF0C1F0000000C190000000CFFFFFFFF0C1B0000000B
310
0C2900000004000000000CFFFFFFFF110E07656C6C697073650D0563757276650CFFFFFFFF04FFFFFFFF0CFFFFFFFF13E182E8201A83E3BF4A435397082BC33F00000000000000001400000000000000000000000000000080000000000000F03F14000000000000000027B4B46C105AC83F00000000000000000600000000
310
0000F03F0B0B110D04656467650CFFFFFFFF04FFFFFFFF0CFFFFFFFF0C0A0000000600000000000000000C0C00000006182D4454FB21F93F0C1F0000000C1D0000000B0707756E6B6E6F776E110D06636F656467650CFFFFFFFF04FFFFFFFF0CFFFFFFFF0C220000000C1C0000000CFFFFFFFF0C1E0000000B0C2900000004
310
000000000CFFFFFFFF110E0873747261696768740D0563757276650CFFFFFFFF04FFFFFFFF0CFFFFFFFF13EBAF153C9E99E9BF4B435397082BC33F000000000000000014000000000000000049435397082BD3BF00000000000000000B0B110D04656467650CFFFFFFFF04FFFFFFFF0CFFFFFFFF0C0C000000060000000000
310
0000000C0E00000006000000000000F03F0C220000000C200000000B0707756E6B6E6F776E110D06636F656467650CFFFFFFFF04FFFFFFFF0CFFFFFFFF0C250000000C1F0000000CFFFFFFFF0C210000000B0C2900000004000000000CFFFFFFFF110E07656C6C697073650D0563757276650CFFFFFFFF04FFFFFFFF0CFFFF
310
FFFF13E182E8201A83E3BF48435397082BC3BF00000000000000001400000000000000000000000000000000000000000000F03F1427B4B46C105AC8BF000000000000803C000000000000000006000000000000F03F0B0B110D04656467650CFFFFFFFF04FFFFFFFF0CFFFFFFFF0C0E0000000600000000000000000C1000
310
000006182D4454FB21F93F0C250000000C230000000B0707756E6B6E6F776E110D06636F656467650CFFFFFFFF04FFFFFFFF0CFFFFFFFF0C280000000C220000000CFFFFFFFF0C240000000B0C2900000004000000000CFFFFFFFF110E0873747261696768740D0563757276650CFFFFFFFF04FFFFFFFF0CFFFFFFFF13E182
310
E8201A83E3BFB8FB03828CC2D5BF000000000000000014049E07B9833FD13F000000000000000000000000000000000B0B110D04656467650CFFFFFFFF04FFFFFFFF0CFFFFFFFF0C100000000600000000000000000C0200000006000000000000F03F0C280000000C260000000B0707756E6B6E6F776E110D06636F656467
310
650CFFFFFFFF04FFFFFFFF0CFFFFFFFF0C130000000C250000000CFFFFFFFF0C270000000B0C2900000004000000000CFFFFFFFF110D046C6F6F700CFFFFFFFF04FFFFFFFF0CFFFFFFFF0CFFFFFFFF0C130000000C2B000000110E05706C616E650D07737572666163650CFFFFFFFF04FFFFFFFF0CFFFFFFFF13BE67C988B0
310
C6D5BF000000000000000000000000000000001400000000000000000000000000000080000000000000F03F14000000000000F03F000000000000000000000000000000800B0B0B0B0B110D04666163650CFFFFFFFF04FFFFFFFF0CFFFFFFFF0CFFFFFFFF0C290000000C2C0000000CFFFFFFFF0C2A0000000B0A0B110D05
310
7368656C6C0CFFFFFFFF04FFFFFFFF0CFFFFFFFF0CFFFFFFFF0CFFFFFFFF0C2B0000000CFFFFFFFF0C2D000000110D046C756D700CFFFFFFFF04FFFFFFFF0CFFFFFFFF0CFFFFFFFF0C2C0000000C00000000110E03456E640E026F660E0341534D0D0464617461
  0
ACDSRECORD
 90
        1
  2
AcDbDs::ID
280
    10
320
F6
  2
ASM_Data
280
    15
 94
     3024
310
414349532042696E61727946696C652855000000000000010000000C00000007214F70656E2044657369676E20416C6C69616E63652041434953204275696C646572070E41434953203231382E3030204E540718546875204A756E2032372031363A32383A3231203230323406000000000000F03F0648AFBC9AF2D77A3E06
310
BBBDD7D9DF7CDB3D0D04626F64790CFFFFFFFF04FFFFFFFF0CFFFFFFFF0C2D0000000CFFFFFFFF0CFFFFFFFF110D05706F696E740CFFFFFFFF04FFFFFFFF0CFFFFFFFF13BD67C988B0C6D53FB8FB03828CC2D53F0000000000000000110D067665727465780CFFFFFFFF04FFFFFFFF0CFFFFFFFF0C2700000004020000000C
310
01000000110D05706F696E740CFFFFFFFF04FFFFFFFF0CFFFFFFFF13531BDEA45033C33F4A435397082BC33F0000000000000000110D067665727465780CFFFFFFFF04FFFFFFFF0CFFFFFFFF0C1500000004020000000C03000000110D05706F696E740CFFFFFFFF04FFFFFFFF0CFFFFFFFF13531BDEA45033C33F48435397
310
082BC3BF0000000000000000110D067665727465780CFFFFFFFF04FFFFFFFF0CFFFFFFFF0C1800000004020000000C05000000110D05706F696E740CFFFFFFFF04FFFFFFFF0CFFFFFFFF13BC67C988B0C6D53FB8FB03828CC2D5BF0000000000000000110D067665727465780CFFFFFFFF04FFFFFFFF0CFFFFFFFF0C1B0000
310
0004020000000C07000000110D05706F696E740CFFFFFFFF04FFFFFFFF0CFFFFFFFF13E182E8201A83E33FB8FB03828CC2D5BF0000000000000000110D067665727465780CFFFFFFFF04FFFFFFFF0CFFFFFFFF0C1E00000004020000000C09000000110D05706F696E740CFFFFFFFF04FFFFFFFF0CFFFFFFFF13EBAF153C9E
310
99E93F49435397082BC3BF0000000000000000110D067665727465780CFFFFFFFF04FFFFFFFF0CFFFFFFFF0C2100000004020000000C0B000000110D05706F696E740CFFFFFFFF04FFFFFFFF0CFFFFFFFF13EAAF153C9E99E93F49435397082BC33F0000000000000000110D067665727465780CFFFFFFFF04FFFFFFFF0CFF
310
FFFFFF0C2400000004020000000C0D000000110D05706F696E740CFFFFFFFF04FFFFFFFF0CFFFFFFFF13E182E8201A83E33FB8FB03828CC2D53F0000000000000000110D067665727465780CFFFFFFFF04FFFFFFFF0CFFFFFFFF0C2700000004020000000C0F000000110E07656C6C697073650D0563757276650CFFFFFFFF
310
04FFFFFFFF0CFFFFFFFF13BD67C988B0C6D53F49435397082BC33F00000000000000001400000000000000000000000000000080000000000000F03F14000000000000000027B4B46C105AC83F000000000000000006000000000000F03F0B0B110D04656467650CFFFFFFFF04FFFFFFFF0CFFFFFFFF0C0200000006000000
310
00000000000C0400000006182D4454FB21F93F0C130000000C110000000B0707756E6B6E6F776E110D06636F656467650CFFFFFFFF04FFFFFFFF0CFFFFFFFF0C160000000C280000000CFFFFFFFF0C120000000B0C2900000004000000000CFFFFFFFF110E0873747261696768740D0563757276650CFFFFFFFF04FFFFFFFF
310
0CFFFFFFFF13531BDEA45033C33F4A435397082BC33F000000000000000014000000000000000049435397082BD3BF00000000000000000B0B110D04656467650CFFFFFFFF04FFFFFFFF0CFFFFFFFF0C040000000600000000000000000C0600000006000000000000F03F0C160000000C140000000B0707756E6B6E6F776E
310
110D06636F656467650CFFFFFFFF04FFFFFFFF0CFFFFFFFF0C190000000C130000000CFFFFFFFF0C150000000B0C2900000004000000000CFFFFFFFF110E07656C6C697073650D0563757276650CFFFFFFFF04FFFFFFFF0CFFFFFFFF13BD67C988B0C6D53F49435397082BC3BF000000000000000014000000000000000000
310
00000000000000000000000000F03F1427B4B46C105AC8BF000000000000803C000000000000000006000000000000F03F0B0B110D04656467650CFFFFFFFF04FFFFFFFF0CFFFFFFFF0C060000000600000000000000000C0800000006182D4454FB21F93F0C190000000C170000000B0707756E6B6E6F776E110D06636F65
310
6467650CFFFFFFFF04FFFFFFFF0CFFFFFFFF0C1C0000000C160000000CFFFFFFFF0C180000000B0C2900000004000000000CFFFFFFFF110E0873747261696768740D0563757276650CFFFFFFFF04FFFFFFFF0CFFFFFFFF13BC67C988B0C6D53FB8FB03828CC2D5BF000000000000000014069E07B9833FD13F000000000000
310
000000000000000000000B0B110D04656467650CFFFFFFFF04FFFFFFFF0CFFFFFFFF0C080000000600000000000000000C0A00000006000000000000F03F0C1C0000000C1A0000000B0707756E6B6E6F776E110D06636F656467650CFFFFFFFF04FFFFFFFF0CFFFFFFFF0C1F0000000C190000000CFFFFFFFF0C1B0000000B
310
0C2900000004000000000CFFFFFFFF110E07656C6C697073650D0563757276650CFFFFFFFF04FFFFFFFF0CFFFFFFFF13E182E8201A83E33F49435397082BC3BF00000000000000001400000000000000000000000000000000000000000000F03F14000000000000000027B4B46C105AC8BF00000000000000000600000000
310
0000F03F0B0B110D04656467650CFFFFFFFF04FFFFFFFF0CFFFFFFFF0C0A0000000600000000000000000C0C00000006182D4454FB21F93F0C1F0000000C1D0000000B0707756E6B6E6F776E110D06636F656467650CFFFFFFFF04FFFFFFFF0CFFFFFFFF0C220000000C1C0000000CFFFFFFFF0C1E0000000B0C2900000004
310
000000000CFFFFFFFF110E0873747261696768740D0563757276650CFFFFFFFF04FFFFFFFF0CFFFFFFFF13EBAF153C9E99E93F49435397082BC3BF000000000000000014000000000000000049435397082BD33F00000000000000000B0B110D04656467650CFFFFFFFF04FFFFFFFF0CFFFFFFFF0C0C000000060000000000
310
0000000C0E00000006000000000000F03F0C220000000C200000000B0707756E6B6E6F776E110D06636F656467650CFFFFFFFF04FFFFFFFF0CFFFFFFFF0C250000000C1F0000000CFFFFFFFF0C210000000B0C2900000004000000000CFFFFFFFF110E07656C6C697073650D0563757276650CFFFFFFFF04FFFFFFFF0CFFFF
310
FFFF13E182E8201A83E33F49435397082BC33F00000000000000001400000000000000000000000000000000000000000000F03F1427B4B46C105AC83F0000000000000000000000000000000006000000000000F03F0B0B110D04656467650CFFFFFFFF04FFFFFFFF0CFFFFFFFF0C0E0000000600000000000000000C1000
310
000006182D4454FB21F93F0C250000000C230000000B0707756E6B6E6F776E110D06636F656467650CFFFFFFFF04FFFFFFFF0CFFFFFFFF0C280000000C220000000CFFFFFFFF0C240000000B0C2900000004000000000CFFFFFFFF110E0873747261696768740D0563757276650CFFFFFFFF04FFFFFFFF0CFFFFFFFF13E182
310
E8201A83E33FB8FB03828CC2D53F000000000000000014059E07B9833FD1BF000000000000000000000000000000000B0B110D04656467650CFFFFFFFF04FFFFFFFF0CFFFFFFFF0C100000000600000000000000000C0200000006000000000000F03F0C280000000C260000000B0707756E6B6E6F776E110D06636F656467
310
650CFFFFFFFF04FFFFFFFF0CFFFFFFFF0C130000000C250000000CFFFFFFFF0C270000000B0C2900000004000000000CFFFFFFFF110D046C6F6F700CFFFFFFFF04FFFFFFFF0CFFFFFFFF0CFFFFFFFF0C130000000C2B000000110E05706C616E650D07737572666163650CFFFFFFFF04FFFFFFFF0CFFFFFFFF13BC67C988B0
310
C6D53F000000000000000000000000000000001400000000000000800000000000000000000000000000F03F14000000000000F0BF000000000000000000000000000000800B0B0B0B0B110D04666163650CFFFFFFFF04FFFFFFFF0CFFFFFFFF0CFFFFFFFF0C290000000C2C0000000CFFFFFFFF0C2A0000000B0A0B110D05
310
7368656C6C0CFFFFFFFF04FFFFFFFF0CFFFFFFFF0CFFFFFFFF0CFFFFFFFF0C2B0000000CFFFFFFFF0C2D000000110D046C756D700CFFFFFFFF04FFFFFFFF0CFFFFFFFF0CFFFFFFFF0C2C0000000C00000000110E03456E640E026F660E0341534D0D0464617461
  0
ACDSRECORD
 90
        1
  2
AcDbDs::ID
280
    10
320
FA
  2
ASM_Data
280
    15
 94
     3024
310
414349532042696E61727946696C652855000000000000010000000C00000007214F70656E2044657369676E20416C6C69616E63652041434953204275696C646572070E41434953203231382E3030204E540718546875204A756E2032372031363A32383A3231203230323406000000000000F03F0648AFBC9AF2D77A3E06
310
BBBDD7D9DF7CDB3D0D04626F64790CFFFFFFFF04FFFFFFFF0CFFFFFFFF0C2D0000000CFFFFFFFF0CFFFFFFFF110D05706F696E740CFFFFFFFF04FFFFFFFF0CFFFFFFFF13BE67C988B0C6D5BFB7FB03828CC2D5BF0000000000000000110D067665727465780CFFFFFFFF04FFFFFFFF0CFFFFFFFF0C2700000004020000000C
310
01000000110D05706F696E740CFFFFFFFF04FFFFFFFF0CFFFFFFFF13531BDEA45033C3BF48435397082BC3BF0000000000000000110D067665727465780CFFFFFFFF04FFFFFFFF0CFFFFFFFF0C1500000004020000000C03000000110D05706F696E740CFFFFFFFF04FFFFFFFF0CFFFFFFFF13531BDEA45033C3BF4A435397
310
082BC33F0000000000000000110D067665727465780CFFFFFFFF04FFFFFFFF0CFFFFFFFF0C1800000004020000000C05000000110D05706F696E740CFFFFFFFF04FFFFFFFF0CFFFFFFFF13BD67C988B0C6D5BFB8FB03828CC2D53F0000000000000000110D067665727465780CFFFFFFFF04FFFFFFFF0CFFFFFFFF0C1B0000
310
0004020000000C07000000110D05706F696E740CFFFFFFFF04FFFFFFFF0CFFFFFFFF13E182E8201A83E3BFB7FB03828CC2D53F0000000000000000110D067665727465780CFFFFFFFF04FFFFFFFF0CFFFFFFFF0C1E00000004020000000C09000000110D05706F696E740CFFFFFFFF04FFFFFFFF0CFFFFFFFF13EBAF153C9E
310
99E9BF49435397082BC33F0000000000000000110D067665727465780CFFFFFFFF04FFFFFFFF0CFFFFFFFF0C2100000004020000000C0B000000110D05706F696E740CFFFFFFFF04FFFFFFFF0CFFFFFFFF13EAAF153C9E99E9BF49435397082BC3BF0000000000000000110D067665727465780CFFFFFFFF04FFFFFFFF0CFF
310
FFFFFF0C2400000004020000000C0D000000110D05706F696E740CFFFFFFFF04FFFFFFFF0CFFFFFFFF13E182E8201A83E3BFB8FB03828CC2D5BF0000000000000000110D067665727465780CFFFFFFFF04FFFFFFFF0CFFFFFFFF0C2700000004020000000C0F000000110E07656C6C697073650D0563757276650CFFFFFFFF
310
04FFFFFFFF0CFFFFFFFF13BD67C988B0C6D5BF48435397082BC3BF00000000000000001400000000000000000000000000000000000000000000F03F1400000000000090BC27B4B46C105AC8BF000000000000000006000000000000F03F0B0B110D04656467650CFFFFFFFF04FFFFFFFF0CFFFFFFFF0C0200000006000000
310
00000000000C0400000006182D4454FB21F93F0C130000000C110000000B0707756E6B6E6F776E110D06636F656467650CFFFFFFFF04FFFFFFFF0CFFFFFFFF0C160000000C280000000CFFFFFFFF0C120000000B0C2900000004000000000CFFFFFFFF110E0873747261696768740D0563757276650CFFFFFFFF04FFFFFFFF
310
0CFFFFFFFF13531BDEA45033C3BF48435397082BC3BF000000000000000014000000000000000049435397082BD33F00000000000000000B0B110D04656467650CFFFFFFFF04FFFFFFFF0CFFFFFFFF0C040000000600000000000000000C0600000006000000000000F03F0C160000000C140000000B0707756E6B6E6F776E
310
110D06636F656467650CFFFFFFFF04FFFFFFFF0CFFFFFFFF0C190000000C130000000CFFFFFFFF0C150000000B0C2900000004000000000CFFFFFFFF110E07656C6C697073650D0563757276650CFFFFFFFF04FFFFFFFF0CFFFFFFFF13BD67C988B0C6D5BF4A435397082BC33F000000000000000014000000000000000000
310
00000000000000000000000000F03F1427B4B46C105AC83F0000000000000000000000000000000006000000000000F03F0B0B110D04656467650CFFFFFFFF04FFFFFFFF0CFFFFFFFF0C060000000600000000000000000C0800000006182D4454FB21F93F0C190000000C170000000B0707756E6B6E6F776E110D06636F65
310
6467650CFFFFFFFF04FFFFFFFF0CFFFFFFFF0C1C0000000C160000000CFFFFFFFF0C180000000B0C2900000004000000000CFFFFFFFF110E0873747261696768740D0563757276650CFFFFFFFF04FFFFFFFF0CFFFFFFFF13BD67C988B0C6D5BFB8FB03828CC2D53F000000000000000014059E07B9833FD1BF000000000000
310
000000000000000000000B0B110D04656467650CFFFFFFFF04FFFFFFFF0CFFFFFFFF0C080000000600000000000000000C0A00000006000000000000F03F0C1C0000000C1A0000000B0707756E6B6E6F776E110D06636F656467650CFFFFFFFF04FFFFFFFF0CFFFFFFFF0C1F0000000C190000000CFFFFFFFF0C1B0000000B
310
0C2900000004000000000CFFFFFFFF110E07656C6C697073650D0563757276650CFFFFFFFF04FFFFFFFF0CFFFFFFFF13E182E8201A83E3BF48435397082BC33F00000000000000001400000000000000000000000000000080000000000000F03F14000000000000000027B4B46C105AC83F00000000000000000600000000
310
0000F03F0B0B110D04656467650CFFFFFFFF04FFFFFFFF0CFFFFFFFF0C0A0000000600000000000000000C0C00000006182D4454FB21F93F0C1F0000000C1D0000000B0707756E6B6E6F776E110D06636F656467650CFFFFFFFF04FFFFFFFF0CFFFFFFFF0C220000000C1C0000000CFFFFFFFF0C1E0000000B0C2900000004
310
000000000CFFFFFFFF110E0873747261696768740D0563757276650CFFFFFFFF04FFFFFFFF0CFFFFFFFF13EBAF153C9E99E9BF49435397082BC33F000000000000000014000000000000000049435397082BD3BF00000000000000000B0B110D04656467650CFFFFFFFF04FFFFFFFF0CFFFFFFFF0C0C000000060000000000
310
0000000C0E00000006000000000000F03F0C220000000C200000000B0707756E6B6E6F776E110D06636F656467650CFFFFFFFF04FFFFFFFF0CFFFFFFFF0C250000000C1F0000000CFFFFFFFF0C210000000B0C2900000004000000000CFFFFFFFF110E07656C6C697073650D0563757276650CFFFFFFFF04FFFFFFFF0CFFFF
310
FFFF13E182E8201A83E3BF4A435397082BC3BF00000000000000001400000000000000000000000000000000000000000000F03F1427B4B46C105AC8BF000000000000803C000000000000000006000000000000F03F0B0B110D04656467650CFFFFFFFF04FFFFFFFF0CFFFFFFFF0C0E0000000600000000000000000C1000
310
000006182D4454FB21F93F0C250000000C230000000B0707756E6B6E6F776E110D06636F656467650CFFFFFFFF04FFFFFFFF0CFFFFFFFF0C280000000C220000000CFFFFFFFF0C240000000B0C2900000004000000000CFFFFFFFF110E0873747261696768740D0563757276650CFFFFFFFF04FFFFFFFF0CFFFFFFFF13E182
310
E8201A83E3BFB8FB03828CC2D5BF000000000000000014049E07B9833FD13F000000000000000000000000000000000B0B110D04656467650CFFFFFFFF04FFFFFFFF0CFFFFFFFF0C100000000600000000000000000C0200000006000000000000F03F0C280000000C260000000B0707756E6B6E6F776E110D06636F656467
310
650CFFFFFFFF04FFFFFFFF0CFFFFFFFF0C130000000C250000000CFFFFFFFF0C270000000B0C2900000004000000000CFFFFFFFF110D046C6F6F700CFFFFFFFF04FFFFFFFF0CFFFFFFFF0CFFFFFFFF0C130000000C2B000000110E05706C616E650D07737572666163650CFFFFFFFF04FFFFFFFF0CFFFFFFFF13C0364D6572
310
66DEBF000000000000000000000000000000001400000000000000800000000000000000000000000000F03F14000000000000F0BF000000000000000000000000000000800B0B0B0B0B110D04666163650CFFFFFFFF04FFFFFFFF0CFFFFFFFF0CFFFFFFFF0C290000000C2C0000000CFFFFFFFF0C2A0000000B0A0B110D05
310
7368656C6C0CFFFFFFFF04FFFFFFFF0CFFFFFFFF0CFFFFFFFF0CFFFFFFFF0C2B0000000CFFFFFFFF0C2D000000110D046C756D700CFFFFFFFF04FFFFFFFF0CFFFFFFFF0CFFFFFFFF0C2C0000000C00000000110E03456E640E026F660E0341534D0D0464617461
  0
ACDSRECORD
 90
        1
  2
AcDbDs::ID
280
    10
320
FC
  2
ASM_Data
280
    15
 94
     3024
310
414349532042696E61727946696C652855000000000000010000000C00000007214F70656E2044657369676E20416C6C69616E63652041434953204275696C646572070E41434953203231382E3030204E540718546875204A756E2032372031363A32383A3231203230323406000000000000F03F0648AFBC9AF2D77A3E06
310
BBBDD7D9DF7CDB3D0D04626F64790CFFFFFFFF04FFFFFFFF0CFFFFFFFF0C2D0000000CFFFFFFFF0CFFFFFFFF110D05706F696E740CFFFFFFFF04FFFFFFFF0CFFFFFFFF13BD67C988B0C6D53FB8FB03828CC2D53F0000000000000000110D067665727465780CFFFFFFFF04FFFFFFFF0CFFFFFFFF0C2700000004020000000C
310
01000000110D05706F696E740CFFFFFFFF04FFFFFFFF0CFFFFFFFF13531BDEA45033C33F4A435397082BC33F0000000000000000110D067665727465780CFFFFFFFF04FFFFFFFF0CFFFFFFFF0C1500000004020000000C03000000110D05706F696E740CFFFFFFFF04FFFFFFFF0CFFFFFFFF13531BDEA45033C33F48435397
310
082BC3BF0000000000000000110D067665727465780CFFFFFFFF04FFFFFFFF0CFFFFFFFF0C1800000004020000000C05000000110D05706F696E740CFFFFFFFF04FFFFFFFF0CFFFFFFFF13BC67C988B0C6D53FB8FB03828CC2D5BF0000000000000000110D067665727465780CFFFFFFFF04FFFFFFFF0CFFFFFFFF0C1B0000
310
0004020000000C07000000110D05706F696E740CFFFFFFFF04FFFFFFFF0CFFFFFFFF13E182E8201A83E33FB8FB03828CC2D5BF0000000000000000110D067665727465780CFFFFFFFF04FFFFFFFF0CFFFFFFFF0C1E00000004020000000C09000000110D05706F696E740CFFFFFFFF04FFFFFFFF0CFFFFFFFF13EBAF153C9E
310
99E93F49435397082BC3BF0000000000000000110D067665727465780CFFFFFFFF04FFFFFFFF0CFFFFFFFF0C2100000004020000000C0B000000110D05706F696E740CFFFFFFFF04FFFFFFFF0CFFFFFFFF13EAAF153C9E99E93F49435397082BC33F0000000000000000110D067665727465780CFFFFFFFF04FFFFFFFF0CFF
310
FFFFFF0C2400000004020000000C0D000000110D05706F696E740CFFFFFFFF04FFFFFFFF0CFFFFFFFF13E182E8201A83E33FB8FB03828CC2D53F0000000000000000110D067665727465780CFFFFFFFF04FFFFFFFF0CFFFFFFFF0C2700000004020000000C0F000000110E07656C6C697073650D0563757276650CFFFFFFFF
310
04FFFFFFFF0CFFFFFFFF13BD67C988B0C6D53F49435397082BC33F00000000000000001400000000000000000000000000000080000000000000F03F14000000000000000027B4B46C105AC83F000000000000000006000000000000F03F0B0B110D04656467650CFFFFFFFF04FFFFFFFF0CFFFFFFFF0C0200000006000000
310
00000000000C0400000006182D4454FB21F93F0C130000000C110000000B0707756E6B6E6F776E110D06636F656467650CFFFFFFFF04FFFFFFFF0CFFFFFFFF0C160000000C280000000CFFFFFFFF0C120000000B0C2900000004000000000CFFFFFFFF110E0873747261696768740D0563757276650CFFFFFFFF04FFFFFFFF
310
0CFFFFFFFF13531BDEA45033C33F4A435397082BC33F000000000000000014000000000000000049435397082BD3BF00000000000000000B0B110D04656467650CFFFFFFFF04FFFFFFFF0CFFFFFFFF0C040000000600000000000000000C0600000006000000000000F03F0C160000000C140000000B0707756E6B6E6F776E
310
110D06636F656467650CFFFFFFFF04FFFFFFFF0CFFFFFFFF0C190000000C130000000CFFFFFFFF0C150000000B0C2900000004000000000CFFFFFFFF110E07656C6C697073650D0563757276650CFFFFFFFF04FFFFFFFF0CFFFFFFFF13BD67C988B0C6D53F49435397082BC3BF000000000000000014000000000000000000
310
00000000000000000000000000F03F1427B4B46C105AC8BF000000000000803C000000000000000006000000000000F03F0B0B110D04656467650CFFFFFFFF04FFFFFFFF0CFFFFFFFF0C060000000600000000000000000C0800000006182D4454FB21F93F0C190000000C170000000B0707756E6B6E6F776E110D06636F65
310
6467650CFFFFFFFF04FFFFFFFF0CFFFFFFFF0C1C0000000C160000000CFFFFFFFF0C180000000B0C2900000004000000000CFFFFFFFF110E0873747261696768740D0563757276650CFFFFFFFF04FFFFFFFF0CFFFFFFFF13BC67C988B0C6D53FB8FB03828CC2D5BF000000000000000014069E07B9833FD13F000000000000
310
000000000000000000000B0B110D04656467650CFFFFFFFF04FFFFFFFF0CFFFFFFFF0C080000000600000000000000000C0A00000006000000000000F03F0C1C0000000C1A0000000B0707756E6B6E6F776E110D06636F656467650CFFFFFFFF04FFFFFFFF0CFFFFFFFF0C1F0000000C190000000CFFFFFFFF0C1B0000000B
310
0C2900000004000000000CFFFFFFFF110E07656C6C697073650D0563757276650CFFFFFFFF04FFFFFFFF0CFFFFFFFF13E182E8201A83E33F49435397082BC3BF00000000000000001400000000000000000000000000000000000000000000F03F14000000000000000027B4B46C105AC8BF00000000000000000600000000
310
0000F03F0B0B110D04656467650CFFFFFFFF04FFFFFFFF0CFFFFFFFF0C0A0000000600000000000000000C0C00000006182D4454FB21F93F0C1F0000000C1D0000000B0707756E6B6E6F776E110D06636F656467650CFFFFFFFF04FFFFFFFF0CFFFFFFFF0C220000000C1C0000000CFFFFFFFF0C1E0000000B0C2900000004
310
000000000CFFFFFFFF110E0873747261696768740D0563757276650CFFFFFFFF04FFFFFFFF0CFFFFFFFF13EBAF153C9E99E93F49435397082BC3BF000000000000000014000000000000000049435397082BD33F00000000000000000B0B110D04656467650CFFFFFFFF04FFFFFFFF0CFFFFFFFF0C0C000000060000000000
310
0000000C0E00000006000000000000F03F0C220000000C200000000B0707756E6B6E6F776E110D06636F656467650CFFFFFFFF04FFFFFFFF0CFFFFFFFF0C250000000C1F0000000CFFFFFFFF0C210000000B0C2900000004000000000CFFFFFFFF110E07656C6C697073650D0563757276650CFFFFFFFF04FFFFFFFF0CFFFF
310
FFFF13E182E8201A83E33F49435397082BC33F00000000000000001400000000000000000000000000000000000000000000F03F1427B4B46C105AC83F0000000000000000000000000000000006000000000000F03F0B0B110D04656467650CFFFFFFFF04FFFFFFFF0CFFFFFFFF0C0E0000000600000000000000000C1000
310
000006182D4454FB21F93F0C250000000C230000000B0707756E6B6E6F776E110D06636F656467650CFFFFFFFF04FFFFFFFF0CFFFFFFFF0C280000000C220000000CFFFFFFFF0C240000000B0C2900000004000000000CFFFFFFFF110E0873747261696768740D0563757276650CFFFFFFFF04FFFFFFFF0CFFFFFFFF13E182
310
E8201A83E33FB8FB03828CC2D53F000000000000000014059E07B9833FD1BF000000000000000000000000000000000B0B110D04656467650CFFFFFFFF04FFFFFFFF0CFFFFFFFF0C100000000600000000000000000C0200000006000000000000F03F0C280000000C260000000B0707756E6B6E6F776E110D06636F656467
310
650CFFFFFFFF04FFFFFFFF0CFFFFFFFF0C130000000C250000000CFFFFFFFF0C270000000B0C2900000004000000000CFFFFFFFF110D046C6F6F700CFFFFFFFF04FFFFFFFF0CFFFFFFFF0CFFFFFFFF0C130000000C2B000000110E05706C616E650D07737572666163650CFFFFFFFF04FFFFFFFF0CFFFFFFFF13BC67C988B0
310
C6D53F000000000000000000000000000000001400000000000000800000000000000000000000000000F03F14000000000000F0BF000000000000000000000000000000800B0B0B0B0B110D04666163650CFFFFFFFF04FFFFFFFF0CFFFFFFFF0CFFFFFFFF0C290000000C2C0000000CFFFFFFFF0C2A0000000B0A0B110D05
310
7368656C6C0CFFFFFFFF04FFFFFFFF0CFFFFFFFF0CFFFFFFFF0CFFFFFFFF0C2B0000000CFFFFFFFF0C2D000000110D046C756D700CFFFFFFFF04FFFFFFFF0CFFFFFFFF0CFFFFFFFF0C2C0000000C00000000110E03456E640E026F660E0341534D0D0464617461
  0
ACDSRECORD
 90
        1
  2
AcDbDs::ID
280
    10
320
100
  2
ASM_Data
280
    15
 94
     3024
310
414349532042696E61727946696C652855000000000000010000000C00000007214F70656E2044657369676E20416C6C69616E63652041434953204275696C646572070E41434953203231382E3030204E540718546875204A756E2032372031363A32383A3231203230323406000000000000F03F0648AFBC9AF2D77A3E06
310
BBBDD7D9DF7CDB3D0D04626F64790CFFFFFFFF04FFFFFFFF0CFFFFFFFF0C2D0000000CFFFFFFFF0CFFFFFFFF110D05706F696E740CFFFFFFFF04FFFFFFFF0CFFFFFFFF13BE67C988B0C6D5BFB8FB03828CC2D5BF0000000000000000110D067665727465780CFFFFFFFF04FFFFFFFF0CFFFFFFFF0C2700000004020000000C
310
01000000110D05706F696E740CFFFFFFFF04FFFFFFFF0CFFFFFFFF13531BDEA45033C3BF4A435397082BC3BF0000000000000000110D067665727465780CFFFFFFFF04FFFFFFFF0CFFFFFFFF0C1500000004020000000C03000000110D05706F696E740CFFFFFFFF04FFFFFFFF0CFFFFFFFF13531BDEA45033C3BF48435397
310
082BC33F0000000000000000110D067665727465780CFFFFFFFF04FFFFFFFF0CFFFFFFFF0C1800000004020000000C05000000110D05706F696E740CFFFFFFFF04FFFFFFFF0CFFFFFFFF13BD67C988B0C6D5BFB8FB03828CC2D53F0000000000000000110D067665727465780CFFFFFFFF04FFFFFFFF0CFFFFFFFF0C1B0000
310
0004020000000C07000000110D05706F696E740CFFFFFFFF04FFFFFFFF0CFFFFFFFF13E182E8201A83E3BFB8FB03828CC2D53F0000000000000000110D067665727465780CFFFFFFFF04FFFFFFFF0CFFFFFFFF0C1E00000004020000000C09000000110D05706F696E740CFFFFFFFF04FFFFFFFF0CFFFFFFFF13EBAF153C9E
310
99E9BF4B435397082BC33F0000000000000000110D067665727465780CFFFFFFFF04FFFFFFFF0CFFFFFFFF0C2100000004020000000C0B000000110D05706F696E740CFFFFFFFF04FFFFFFFF0CFFFFFFFF13EAAF153C9E99E9BF47435397082BC3BF0000000000000000110D067665727465780CFFFFFFFF04FFFFFFFF0CFF
310
FFFFFF0C2400000004020000000C0D000000110D05706F696E740CFFFFFFFF04FFFFFFFF0CFFFFFFFF13E182E8201A83E3BFB8FB03828CC2D5BF0000000000000000110D067665727465780CFFFFFFFF04FFFFFFFF0CFFFFFFFF0C2700000004020000000C0F000000110E07656C6C697073650D0563757276650CFFFFFFFF
310
04FFFFFFFF0CFFFFFFFF13BD67C988B0C6D5BF4A435397082BC3BF00000000000000001400000000000000000000000000000000000000000000F03F1401000000000090BC27B4B46C105AC8BF000000000000000006000000000000F03F0B0B110D04656467650CFFFFFFFF04FFFFFFFF0CFFFFFFFF0C0200000006000000
310
00000000000C0400000006182D4454FB21F93F0C130000000C110000000B0707756E6B6E6F776E110D06636F656467650CFFFFFFFF04FFFFFFFF0CFFFFFFFF0C160000000C280000000CFFFFFFFF0C120000000B0C2900000004000000000CFFFFFFFF110E0873747261696768740D0563757276650CFFFFFFFF04FFFFFFFF
310
0CFFFFFFFF13531BDEA45033C3BF4A435397082BC3BF000000000000000014000000000000000049435397082BD33F00000000000000000B0B110D04656467650CFFFFFFFF04FFFFFFFF0CFFFFFFFF0C040000000600000000000000000C0600000006000000000000F03F0C160000000C140000000B0707756E6B6E6F776E
310
110D06636F656467650CFFFFFFFF04FFFFFFFF0CFFFFFFFF0C190000000C130000000CFFFFFFFF0C150000000B0C2900000004000000000CFFFFFFFF110E07656C6C697073650D0563757276650CFFFFFFFF04FFFFFFFF0CFFFFFFFF13BD67C988B0C6D5BF48435397082BC33F000000000000000014000000000000000000
310
00000000000000000000000000F03F1427B4B46C105AC83F0000000000000000000000000000000006000000000000F03F0B0B110D04656467650CFFFFFFFF04FFFFFFFF0CFFFFFFFF0C060000000600000000000000000C0800000006182D4454FB21F93F0C190000000C170000000B0707756E6B6E6F776E110D06636F65
310
6467650CFFFFFFFF04FFFFFFFF0CFFFFFFFF0C1C0000000C160000000CFFFFFFFF0C180000000B0C2900000004000000000CFFFFFFFF110E0873747261696768740D0563757276650CFFFFFFFF04FFFFFFFF0CFFFFFFFF13BD67C988B0C6D5BFB8FB03828CC2D53F000000000000000014059E07B9833FD1BF000000000000
310
000000000000000000000B0B110D04656467650CFFFFFFFF04FFFFFFFF0CFFFFFFFF0C080000000600000000000000000C0A00000006000000000000F03F0C1C0000000C1A0000000B0707756E6B6E6F776E110D06636F656467650CFFFFFFFF04FFFFFFFF0CFFFFFFFF0C1F0000000C190000000CFFFFFFFF0C1B0000000B
310
0C2900000004000000000CFFFFFFFF110E07656C6C697073650D0563757276650CFFFFFFFF04FFFFFFFF0CFFFFFFFF13E182E8201A83E3BF4A435397082BC33F00000000000000001400000000000000000000000000000080000000000000F03F14000000000000000027B4B46C105AC83F00000000000000000600000000
310
0000F03F0B0B110D04656467650CFFFFFFFF04FFFFFFFF0CFFFFFFFF0C0A0000000600000000000000000C0C00000006182D4454FB21F93F0C1F0000000C1D0000000B0707756E6B6E6F776E110D06636F656467650CFFFFFFFF04FFFFFFFF0CFFFFFFFF0C220000000C1C0000000CFFFFFFFF0C1E0000000B0C2900000004
310
000000000CFFFFFFFF110E0873747261696768740D0563757276650CFFFFFFFF04FFFFFFFF0CFFFFFFFF13EBAF153C9E99E9BF4B435397082BC33F000000000000000014000000000000000049435397082BD3BF00000000000000000B0B110D04656467650CFFFFFFFF04FFFFFFFF0CFFFFFFFF0C0C000000060000000000
310
0000000C0E00000006000000000000F03F0C220000000C200000000B0707756E6B6E6F776E110D06636F656467650CFFFFFFFF04FFFFFFFF0CFFFFFFFF0C250000000C1F0000000CFFFFFFFF0C210000000B0C2900000004000000000CFFFFFFFF110E07656C6C697073650D0563757276650CFFFFFFFF04FFFFFFFF0CFFFF
310
FFFF13E182E8201A83E3BF48435397082BC3BF00000000000000001400000000000000000000000000000000000000000000F03F1427B4B46C105AC8BF000000000000803C000000000000000006000000000000F03F0B0B110D04656467650CFFFFFFFF04FFFFFFFF0CFFFFFFFF0C0E0000000600000000000000000C1000
310
000006182D4454FB21F93F0C250000000C230000000B0707756E6B6E6F776E110D06636F656467650CFFFFFFFF04FFFFFFFF0CFFFFFFFF0C280000000C220000000CFFFFFFFF0C240000000B0C2900000004000000000CFFFFFFFF110E0873747261696768740D0563757276650CFFFFFFFF04FFFFFFFF0CFFFFFFFF13E182
310
E8201A83E3BFB8FB03828CC2D5BF000000000000000014049E07B9833FD13F000000000000000000000000000000000B0B110D04656467650CFFFFFFFF04FFFFFFFF0CFFFFFFFF0C100000000600000000000000000C0200000006000000000000F03F0C280000000C260000000B0707756E6B6E6F776E110D06636F656467
310
650CFFFFFFFF04FFFFFFFF0CFFFFFFFF0C130000000C250000000CFFFFFFFF0C270000000B0C2900000004000000000CFFFFFFFF110D046C6F6F700CFFFFFFFF04FFFFFFFF0CFFFFFFFF0CFFFFFFFF0C130000000C2B000000110E05706C616E650D07737572666163650CFFFFFFFF04FFFFFFFF0CFFFFFFFF13BE67C988B0
310
C6D5BF000000000000000000000000000000001400000000000000000000000000000080000000000000F03F14000000000000F03F000000000000000000000000000000800B0B0B0B0B110D04666163650CFFFFFFFF04FFFFFFFF0CFFFFFFFF0CFFFFFFFF0C290000000C2C0000000CFFFFFFFF0C2A0000000B0A0B110D05
310
7368656C6C0CFFFFFFFF04FFFFFFFF0CFFFFFFFF0CFFFFFFFF0CFFFFFFFF0C2B0000000CFFFFFFFF0C2D000000110D046C756D700CFFFFFFFF04FFFFFFFF0CFFFFFFFF0CFFFFFFFF0C2C0000000C00000000110E03456E640E026F660E0341534D0D0464617461
  0
ACDSRECORD
 90
        1
  2
AcDbDs::ID
280
    10
320
102
  2
ASM_Data
280
    15
 94
     3024
310
414349532042696E61727946696C652855000000000000010000000C00000007214F70656E2044657369676E20416C6C69616E63652041434953204275696C646572070E41434953203231382E3030204E540718546875204A756E2032372031363A32383A3231203230323406000000000000F03F0648AFBC9AF2D77A3E06
310
BBBDD7D9DF7CDB3D0D04626F64790CFFFFFFFF04FFFFFFFF0CFFFFFFFF0C2D0000000CFFFFFFFF0CFFFFFFFF110D05706F696E740CFFFFFFFF04FFFFFFFF0CFFFFFFFF13BD67C988B0C6D53FB8FB03828CC2D53F0000000000000000110D067665727465780CFFFFFFFF04FFFFFFFF0CFFFFFFFF0C2700000004020000000C
310
01000000110D05706F696E740CFFFFFFFF04FFFFFFFF0CFFFFFFFF13531BDEA45033C33F4A435397082BC33F0000000000000000110D067665727465780CFFFFFFFF04FFFFFFFF0CFFFFFFFF0C1500000004020000000C03000000110D05706F696E740CFFFFFFFF04FFFFFFFF0CFFFFFFFF13531BDEA45033C33F48435397
310
082BC3BF0000000000000000110D067665727465780CFFFFFFFF04FFFFFFFF0CFFFFFFFF0C1800000004020000000C05000000110D05706F696E740CFFFFFFFF04FFFFFFFF0CFFFFFFFF13BC67C988B0C6D53FB8FB03828CC2D5BF0000000000000000110D067665727465780CFFFFFFFF04FFFFFFFF0CFFFFFFFF0C1B0000
310
0004020000000C07000000110D05706F696E740CFFFFFFFF04FFFFFFFF0CFFFFFFFF13E182E8201A83E33FB8FB03828CC2D5BF0000000000000000110D067665727465780CFFFFFFFF04FFFFFFFF0CFFFFFFFF0C1E00000004020000000C09000000110D05706F696E740CFFFFFFFF04FFFFFFFF0CFFFFFFFF13EBAF153C9E
310
99E93F49435397082BC3BF0000000000000000110D067665727465780CFFFFFFFF04FFFFFFFF0CFFFFFFFF0C2100000004020000000C0B000000110D05706F696E740CFFFFFFFF04FFFFFFFF0CFFFFFFFF13EAAF153C9E99E93F49435397082BC33F0000000000000000110D067665727465780CFFFFFFFF04FFFFFFFF0CFF
310
FFFFFF0C2400000004020000000C0D000000110D05706F696E740CFFFFFFFF04FFFFFFFF0CFFFFFFFF13E182E8201A83E33FB8FB03828CC2D53F0000000000000000110D067665727465780CFFFFFFFF04FFFFFFFF0CFFFFFFFF0C2700000004020000000C0F000000110E07656C6C697073650D0563757276650CFFFFFFFF
310
04FFFFFFFF0CFFFFFFFF13BD67C988B0C6D53F49435397082BC33F00000000000000001400000000000000000000000000000080000000000000F03F14000000000000000027B4B46C105AC83F000000000000000006000000000000F03F0B0B110D04656467650CFFFFFFFF04FFFFFFFF0CFFFFFFFF0C0200000006000000
310
00000000000C0400000006182D4454FB21F93F0C130000000C110000000B0707756E6B6E6F776E110D06636F656467650CFFFFFFFF04FFFFFFFF0CFFFFFFFF0C160000000C280000000CFFFFFFFF0C120000000B0C2900000004000000000CFFFFFFFF110E0873747261696768740D0563757276650CFFFFFFFF04FFFFFFFF
310
0CFFFFFFFF13531BDEA45033C33F4A435397082BC33F000000000000000014000000000000000049435397082BD3BF00000000000000000B0B110D04656467650CFFFFFFFF04FFFFFFFF0CFFFFFFFF0C040000000600000000000000000C0600000006000000000000F03F0C160000000C140000000B0707756E6B6E6F776E
310
110D06636F656467650CFFFFFFFF04FFFFFFFF0CFFFFFFFF0C190000000C130000000CFFFFFFFF0C150000000B0C2900000004000000000CFFFFFFFF110E07656C6C697073650D0563757276650CFFFFFFFF04FFFFFFFF0CFFFFFFFF13BD67C988B0C6D53F49435397082BC3BF000000000000000014000000000000000000
310
00000000000000000000000000F03F1427B4B46C105AC8BF000000000000803C000000000000000006000000000000F03F0B0B110D04656467650CFFFFFFFF04FFFFFFFF0CFFFFFFFF0C060000000600000000000000000C0800000006182D4454FB21F93F0C190000000C170000000B0707756E6B6E6F776E110D06636F65
310
6467650CFFFFFFFF04FFFFFFFF0CFFFFFFFF0C1C0000000C160000000CFFFFFFFF0C180000000B0C2900000004000000000CFFFFFFFF110E0873747261696768740D0563757276650CFFFFFFFF04FFFFFFFF0CFFFFFFFF13BC67C988B0C6D53FB8FB03828CC2D5BF000000000000000014069E07B9833FD13F000000000000
310
000000000000000000000B0B110D04656467650CFFFFFFFF04FFFFFFFF0CFFFFFFFF0C080000000600000000000000000C0A00000006000000000000F03F0C1C0000000C1A0000000B0707756E6B6E6F776E110D06636F656467650CFFFFFFFF04FFFFFFFF0CFFFFFFFF0C1F0000000C190000000CFFFFFFFF0C1B0000000B
310
0C2900000004000000000CFFFFFFFF110E07656C6C697073650D0563757276650CFFFFFFFF04FFFFFFFF0CFFFFFFFF13E182E8201A83E33F49435397082BC3BF00000000000000001400000000000000000000000000000000000000000000F03F14000000000000000027B4B46C105AC8BF00000000000000000600000000
310
0000F03F0B0B110D04656467650CFFFFFFFF04FFFFFFFF0CFFFFFFFF0C0A0000000600000000000000000C0C00000006182D4454FB21F93F0C1F0000000C1D0000000B0707756E6B6E6F776E110D06636F656467650CFFFFFFFF04FFFFFFFF0CFFFFFFFF0C220000000C1C0000000CFFFFFFFF0C1E0000000B0C2900000004
310
000000000CFFFFFFFF110E0873747261696768740D0563757276650CFFFFFFFF04FFFFFFFF0CFFFFFFFF13EBAF153C9E99E93F49435397082BC3BF000000000000000014000000000000000049435397082BD33F00000000000000000B0B110D04656467650CFFFFFFFF04FFFFFFFF0CFFFFFFFF0C0C000000060000000000
310
0000000C0E00000006000000000000F03F0C220000000C200000000B0707756E6B6E6F776E110D06636F656467650CFFFFFFFF04FFFFFFFF0CFFFFFFFF0C250000000C1F0000000CFFFFFFFF0C210000000B0C2900000004000000000CFFFFFFFF110E07656C6C697073650D0563757276650CFFFFFFFF04FFFFFFFF0CFFFF
310
FFFF13E182E8201A83E33F49435397082BC33F00000000000000001400000000000000000000000000000000000000000000F03F1427B4B46C105AC83F0000000000000000000000000000000006000000000000F03F0B0B110D04656467650CFFFFFFFF04FFFFFFFF0CFFFFFFFF0C0E0000000600000000000000000C1000
310
000006182D4454FB21F93F0C250000000C230000000B0707756E6B6E6F776E110D06636F656467650CFFFFFFFF04FFFFFFFF0CFFFFFFFF0C280000000C220000000CFFFFFFFF0C240000000B0C2900000004000000000CFFFFFFFF110E0873747261696768740D0563757276650CFFFFFFFF04FFFFFFFF0CFFFFFFFF13E182
310
E8201A83E33FB8FB03828CC2D53F000000000000000014059E07B9833FD1BF000000000000000000000000000000000B0B110D04656467650CFFFFFFFF04FFFFFFFF0CFFFFFFFF0C100000000600000000000000000C0200000006000000000000F03F0C280000000C260000000B0707756E6B6E6F776E110D06636F656467
310
650CFFFFFFFF04FFFFFFFF0CFFFFFFFF0C130000000C250000000CFFFFFFFF0C270000000B0C2900000004000000000CFFFFFFFF110D046C6F6F700CFFFFFFFF04FFFFFFFF0CFFFFFFFF0CFFFFFFFF0C130000000C2B000000110E05706C616E650D07737572666163650CFFFFFFFF04FFFFFFFF0CFFFFFFFF13BC67C988B0
310
C6D53F000000000000000000000000000000001400000000000000800000000000000000000000000000F03F14000000000000F0BF000000000000000000000000000000800B0B0B0B0B110D04666163650CFFFFFFFF04FFFFFFFF0CFFFFFFFF0CFFFFFFFF0C290000000C2C0000000CFFFFFFFF0C2A0000000B0A0B110D05
310
7368656C6C0CFFFFFFFF04FFFFFFFF0CFFFFFFFF0CFFFFFFFF0CFFFFFFFF0C2B0000000CFFFFFFFF0C2D000000110D046C756D700CFFFFFFFF04FFFFFFFF0CFFFFFFFF0CFFFFFFFF0C2C0000000C00000000110E03456E640E026F660E0341534D0D0464617461
  0
ACDSRECORD
 90
        1
  2
AcDbDs::ID
280
    10
320
122
  2
ASM_Data
280
    15
 94
      811
310
414349532042696E61727946696C652855000000000000010000000C00000007214F70656E2044657369676E20416C6C69616E63652041434953204275696C646572070E41434953203231382E3030204E540718546875204A756E2032372031363A32383A3231203230323406000000000000F03F0648AFBC9AF2D77A3E06
310
BBBDD7D9DF7CDB3D0D04626F64790CFFFFFFFF04FFFFFFFF0CFFFFFFFF0C0A0000000CFFFFFFFF0CFFFFFFFF110D05706F696E740CFFFFFFFF04FFFFFFFF0CFFFFFFFF13D31742CEFBFFEF3F00000000000000000000000000000000110D067665727465780CFFFFFFFF04FFFFFFFF0CFFFFFFFF0C0400000004020000000C
310
01000000110E07656C6C697073650D0563757276650CFFFFFFFF04FFFFFFFF0CFFFFFFFF130000000000000000000000000000000000000000000000001400000000000000000000000000000000000000000000F03F14D31742CEFBFFEF3F0000000000000000000000000000008006000000000000F03F0B0B110D046564
310
67650CFFFFFFFF04FFFFFFFF0CFFFFFFFF0C020000000600000000000000000C0200000006182D4454FB2119400C050000000C030000000B0707756E6B6E6F776E110D06636F656467650CFFFFFFFF04FFFFFFFF0CFFFFFFFF0C050000000C050000000CFFFFFFFF0C040000000B0C0600000004000000000CFFFFFFFF110D
310
046C6F6F700CFFFFFFFF04FFFFFFFF0CFFFFFFFF0CFFFFFFFF0C050000000C08000000110E05706C616E650D07737572666163650CFFFFFFFF04FFFFFFFF0CFFFFFFFF13D51742CEFBFFDFBF000000000000A03C00000000000000001400000000000000800000000000000000000000000000F03F14000000000000F0BF00
310
0000000000000000000000000000800B0B0B0B0B110D04666163650CFFFFFFFF04FFFFFFFF0CFFFFFFFF0CFFFFFFFF0C060000000C090000000CFFFFFFFF0C070000000B0A0B110D057368656C6C0CFFFFFFFF04FFFFFFFF0CFFFFFFFF0CFFFFFFFF0CFFFFFFFF0C080000000CFFFFFFFF0C0A000000110D046C756D700CFF
310
FFFFFF04FFFFFFFF0CFFFFFFFF0CFFFFFFFF0C090000000C00000000110E03456E640E026F660E0341534D0D0464617461
  0
ACDSRECORD
 90
        1
  2
AcDbDs::ID
280
    10
320
126
  2
ASM_Data
280
    15
 94
      811
310
414349532042696E61727946696C652855000000000000010000000C00000007214F70656E2044657369676E20416C6C69616E63652041434953204275696C646572070E41434953203231382E3030204E540718546875204A756E2032372031363A32383A3231203230323406000000000000F03F0648AFBC9AF2D77A3E06
310
BBBDD7D9DF7CDB3D0D04626F64790CFFFFFFFF04FFFFFFFF0CFFFFFFFF0C0A0000000CFFFFFFFF0CFFFFFFFF110D05706F696E740CFFFFFFFF04FFFFFFFF0CFFFFFFFF13D31742CEFBFFEF3F00000000000000000000000000000000110D067665727465780CFFFFFFFF04FFFFFFFF0CFFFFFFFF0C0400000004020000000C
310
01000000110E07656C6C697073650D0563757276650CFFFFFFFF04FFFFFFFF0CFFFFFFFF130000000000000000000000000000000000000000000000001400000000000000000000000000000000000000000000F03F14D31742CEFBFFEF3F0000000000000000000000000000008006000000000000F03F0B0B110D046564
310
67650CFFFFFFFF04FFFFFFFF0CFFFFFFFF0C020000000600000000000000000C0200000006182D4454FB2119400C050000000C030000000B0707756E6B6E6F776E110D06636F656467650CFFFFFFFF04FFFFFFFF0CFFFFFFFF0C050000000C050000000CFFFFFFFF0C040000000B0C0600000004000000000CFFFFFFFF110D
310
046C6F6F700CFFFFFFFF04FFFFFFFF0CFFFFFFFF0CFFFFFFFF0C050000000C08000000110E05706C616E650D07737572666163650CFFFFFFFF04FFFFFFFF0CFFFFFFFF13D51742CEFBFFDFBF000000000000A03C00000000000000001400000000000000800000000000000000000000000000F03F14000000000000F0BF00
310
0000000000000000000000000000800B0B0B0B0B110D04666163650CFFFFFFFF04FFFFFFFF0CFFFFFFFF0CFFFFFFFF0C060000000C090000000CFFFFFFFF0C070000000B0A0B110D057368656C6C0CFFFFFFFF04FFFFFFFF0CFFFFFFFF0CFFFFFFFF0CFFFFFFFF0C080000000CFFFFFFFF0C0A000000110D046C756D700CFF
310
FFFFFF04FFFFFFFF0CFFFFFFFF0CFFFFFFFF0C090000000C00000000110E03456E640E026F660E0341534D0D0464617461
  0
ACDSRECORD
 90
        1
  2
AcDbDs::ID
280
    10
320
12A
  2
ASM_Data
280
    15
 94
      811
310
414349532042696E61727946696C652855000000000000010000000C00000007214F70656E2044657369676E20416C6C69616E63652041434953204275696C646572070E41434953203231382E3030204E540718546875204A756E2032372031363A32383A3231203230323406000000000000F03F0648AFBC9AF2D77A3E06
310
BBBDD7D9DF7CDB3D0D04626F64790CFFFFFFFF04FFFFFFFF0CFFFFFFFF0C0A0000000CFFFFFFFF0CFFFFFFFF110D05706F696E740CFFFFFFFF04FFFFFFFF0CFFFFFFFF13D31742CEFBFFEF3F00000000000000000000000000000000110D067665727465780CFFFFFFFF04FFFFFFFF0CFFFFFFFF0C0400000004020000000C
310
01000000110E07656C6C697073650D0563757276650CFFFFFFFF04FFFFFFFF0CFFFFFFFF130000000000000000000000000000000000000000000000001400000000000000000000000000000000000000000000F03F14D31742CEFBFFEF3F0000000000000000000000000000008006000000000000F03F0B0B110D046564
310
67650CFFFFFFFF04FFFFFFFF0CFFFFFFFF0C020000000600000000000000000C0200000006182D4454FB2119400C050000000C030000000B0707756E6B6E6F776E110D06636F656467650CFFFFFFFF04FFFFFFFF0CFFFFFFFF0C050000000C050000000CFFFFFFFF0C040000000B0C0600000004000000000CFFFFFFFF110D
310
046C6F6F700CFFFFFFFF04FFFFFFFF0CFFFFFFFF0CFFFFFFFF0C050000000C08000000110E05706C616E650D07737572666163650CFFFFFFFF04FFFFFFFF0CFFFFFFFF13D51742CEFBFFDFBF000000000000A03C00000000000000001400000000000000800000000000000000000000000000F03F14000000000000F0BF00
310
0000000000000000000000000000800B0B0B0B0B110D04666163650CFFFFFFFF04FFFFFFFF0CFFFFFFFF0CFFFFFFFF0C060000000C090000000CFFFFFFFF0C070000000B0A0B110D057368656C6C0CFFFFFFFF04FFFFFFFF0CFFFFFFFF0CFFFFFFFF0CFFFFFFFF0C080000000CFFFFFFFF0C0A000000110D046C756D700CFF
310
FFFFFF04FFFFFFFF0CFFFFFFFF0CFFFFFFFF0C090000000C00000000110E03456E640E026F660E0341534D0D0464617461
  0
ACDSRECORD
 90
        1
  2
AcDbDs::ID
280
    10
320
12E
  2
ASM_Data
280
    15
 94
     3024
310
414349532042696E61727946696C652855000000000000010000000C00000007214F70656E2044657369676E20416C6C69616E63652041434953204275696C646572070E41434953203231382E3030204E540718546875204A756E2032372031363A32383A3231203230323406000000000000F03F0648AFBC9AF2D77A3E06
310
BBBDD7D9DF7CDB3D0D04626F64790CFFFFFFFF04FFFFFFFF0CFFFFFFFF0C2D0000000CFFFFFFFF0CFFFFFFFF110D05706F696E740CFFFFFFFF04FFFFFFFF0CFFFFFFFF138BE5AFF3E32DE13F8A4F4BBDB81EE13F0000000000000000110D067665727465780CFFFFFFFF04FFFFFFFF0CFFFFFFFF0C2700000004020000000C
310
01000000110D05706F696E740CFFFFFFFF04FFFFFFFF0CFFFFFFFF13A6CFEDA9C5F5D03FA4A3243D6FD7D03F0000000000000000110D067665727465780CFFFFFFFF04FFFFFFFF0CFFFFFFFF0C1500000004020000000C03000000110D05706F696E740CFFFFFFFF04FFFFFFFF0CFFFFFFFF13A6CFEDA9C5F5D03FA2A3243D
310
6FD7D0BF0000000000000000110D067665727465780CFFFFFFFF04FFFFFFFF0CFFFFFFFF0C1800000004020000000C05000000110D05706F696E740CFFFFFFFF04FFFFFFFF0CFFFFFFFF138BE5AFF3E32DE13F8A4F4BBDB81EE1BF0000000000000000110D067665727465780CFFFFFFFF04FFFFFFFF0CFFFFFFFF0C1B0000
310
0004020000000C07000000110D05706F696E740CFFFFFFFF04FFFFFFFF0CFFFFFFFF136720016920D2EE3F8A4F4BBDB81EE1BF0000000000000000110D067665727465780CFFFFFFFF04FFFFFFFF0CFFFFFFFF0C1E00000004020000000C09000000110D05706F696E740CFFFFFFFF04FFFFFFFF0CFFFFFFFF13100FDDC390
310
C2F33FA3A3243D6FD7D0BF0000000000000000110D067665727465780CFFFFFFFF04FFFFFFFF0CFFFFFFFF0C2100000004020000000C0B000000110D05706F696E740CFFFFFFFF04FFFFFFFF0CFFFFFFFF13100FDDC390C2F33FA3A3243D6FD7D03F0000000000000000110D067665727465780CFFFFFFFF04FFFFFFFF0CFF
310
FFFFFF0C2400000004020000000C0D000000110D05706F696E740CFFFFFFFF04FFFFFFFF0CFFFFFFFF136720016920D2EE3F8A4F4BBDB81EE13F0000000000000000110D067665727465780CFFFFFFFF04FFFFFFFF0CFFFFFFFF0C2700000004020000000C0F000000110E07656C6C697073650D0563757276650CFFFFFFFF
310
04FFFFFFFF0CFFFFFFFF138BE5AFF3E32DE13FA3A3243D6FD7D03F00000000000000001400000000000000000000000000000080000000000000F03F14000000000000000070FB713D0266D13F000000000000000006000000000000F03F0B0B110D04656467650CFFFFFFFF04FFFFFFFF0CFFFFFFFF0C0200000006000000
310
00000000000C0400000006182D4454FB21F93F0C130000000C110000000B0707756E6B6E6F776E110D06636F656467650CFFFFFFFF04FFFFFFFF0CFFFFFFFF0C160000000C280000000CFFFFFFFF0C120000000B0C2900000004000000000CFFFFFFFF110E0873747261696768740D0563757276650CFFFFFFFF04FFFFFFFF
310
0CFFFFFFFF13A6CFEDA9C5F5D03FA4A3243D6FD7D03F0000000000000000140000000000000000A3A3243D6FD7E0BF00000000000000000B0B110D04656467650CFFFFFFFF04FFFFFFFF0CFFFFFFFF0C040000000600000000000000000C0600000006000000000000F03F0C160000000C140000000B0707756E6B6E6F776E
310
110D06636F656467650CFFFFFFFF04FFFFFFFF0CFFFFFFFF0C190000000C130000000CFFFFFFFF0C150000000B0C2900000004000000000CFFFFFFFF110E07656C6C697073650D0563757276650CFFFFFFFF04FFFFFFFF0CFFFFFFFF138BE5AFF3E32DE13FA3A3243D6FD7D0BF000000000000000014000000000000000000
310
00000000000000000000000000F03F1470FB713D0266D1BF000000000000903C000000000000000006000000000000F03F0B0B110D04656467650CFFFFFFFF04FFFFFFFF0CFFFFFFFF0C060000000600000000000000000C0800000006182D4454FB21F93F0C190000000C170000000B0707756E6B6E6F776E110D06636F65
310
6467650CFFFFFFFF04FFFFFFFF0CFFFFFFFF0C1C0000000C160000000CFFFFFFFF0C180000000B0C2900000004000000000CFFFFFFFF110E0873747261696768740D0563757276650CFFFFFFFF04FFFFFFFF0CFFFFFFFF138BE5AFF3E32DE13F8A4F4BBDB81EE1BF000000000000000014B875A2EA7848DB3F000000000000
310
000000000000000000000B0B110D04656467650CFFFFFFFF04FFFFFFFF0CFFFFFFFF0C080000000600000000000000000C0A00000006000000000000F03F0C1C0000000C1A0000000B0707756E6B6E6F776E110D06636F656467650CFFFFFFFF04FFFFFFFF0CFFFFFFFF0C1F0000000C190000000CFFFFFFFF0C1B0000000B
310
0C2900000004000000000CFFFFFFFF110E07656C6C697073650D0563757276650CFFFFFFFF04FFFFFFFF0CFFFFFFFF136720016920D2EE3FA3A3243D6FD7D0BF00000000000000001400000000000000000000000000000000000000000000F03F14000000000000000070FB713D0266D1BF00000000000000000600000000
310
0000F03F0B0B110D04656467650CFFFFFFFF04FFFFFFFF0CFFFFFFFF0C0A0000000600000000000000000C0C00000006182D4454FB21F93F0C1F0000000C1D0000000B0707756E6B6E6F776E110D06636F656467650CFFFFFFFF04FFFFFFFF0CFFFFFFFF0C220000000C1C0000000CFFFFFFFF0C1E0000000B0C2900000004
310
000000000CFFFFFFFF110E0873747261696768740D0563757276650CFFFFFFFF04FFFFFFFF0CFFFFFFFF13100FDDC390C2F33FA3A3243D6FD7D0BF0000000000000000140000000000000000A3A3243D6FD7E03F00000000000000000B0B110D04656467650CFFFFFFFF04FFFFFFFF0CFFFFFFFF0C0C000000060000000000
310
0000000C0E00000006000000000000F03F0C220000000C200000000B0707756E6B6E6F776E110D06636F656467650CFFFFFFFF04FFFFFFFF0CFFFFFFFF0C250000000C1F0000000CFFFFFFFF0C210000000B0C2900000004000000000CFFFFFFFF110E07656C6C697073650D0563757276650CFFFFFFFF04FFFFFFFF0CFFFF
310
FFFF136720016920D2EE3FA3A3243D6FD7D03F00000000000000001400000000000000000000000000000000000000000000F03F1470FB713D0266D13F0000000000000000000000000000000006000000000000F03F0B0B110D04656467650CFFFFFFFF04FFFFFFFF0CFFFFFFFF0C0E0000000600000000000000000C1000
310
000006182D4454FB21F93F0C250000000C230000000B0707756E6B6E6F776E110D06636F656467650CFFFFFFFF04FFFFFFFF0CFFFFFFFF0C280000000C220000000CFFFFFFFF0C240000000B0C2900000004000000000CFFFFFFFF110E0873747261696768740D0563757276650CFFFFFFFF04FFFFFFFF0CFFFFFFFF136720
310
016920D2EE3F8A4F4BBDB81EE13F000000000000000014B875A2EA7848DBBF000000000000000000000000000000000B0B110D04656467650CFFFFFFFF04FFFFFFFF0CFFFFFFFF0C100000000600000000000000000C0200000006000000000000F03F0C280000000C260000000B0707756E6B6E6F776E110D06636F656467
310
650CFFFFFFFF04FFFFFFFF0CFFFFFFFF0C130000000C250000000CFFFFFFFF0C270000000B0C2900000004000000000CFFFFFFFF110D046C6F6F700CFFFFFFFF04FFFFFFFF0CFFFFFFFF0CFFFFFFFF0C130000000C2B000000110E05706C616E650D07737572666163650CFFFFFFFF04FFFFFFFF0CFFFFFFFF138AE5AFF3E3
310
2DE13F000000000000000000000000000000001400000000000000800000000000000000000000000000F03F14000000000000F0BF000000000000000000000000000000800B0B0B0B0B110D04666163650CFFFFFFFF04FFFFFFFF0CFFFFFFFF0CFFFFFFFF0C290000000C2C0000000CFFFFFFFF0C2A0000000B0A0B110D05
310
7368656C6C0CFFFFFFFF04FFFFFFFF0CFFFFFFFF0CFFFFFFFF0CFFFFFFFF0C2B0000000CFFFFFFFF0C2D000000110D046C756D700CFFFFFFFF04FFFFFFFF0CFFFFFFFF0CFFFFFFFF0C2C0000000C00000000110E03456E640E026F660E0341534D0D0464617461
  0
ACDSRECORD
 90
        1
  2
AcDbDs::ID
280
    10
320
130
  2
ASM_Data
280
    15
 94
     3024
310
414349532042696E61727946696C652855000000000000010000000C00000007214F70656E2044657369676E20416C6C69616E63652041434953204275696C646572070E41434953203231382E3030204E540718546875204A756E2032372031363A32383A3231203230323406000000000000F03F0648AFBC9AF2D77A3E06
310
BBBDD7D9DF7CDB3D0D04626F64790CFFFFFFFF04FFFFFFFF0CFFFFFFFF0C2D0000000CFFFFFFFF0CFFFFFFFF110D05706F696E740CFFFFFFFF04FFFFFFFF0CFFFFFFFF138BE5AFF3E32DE1BF8A4F4BBDB81EE1BF0000000000000000110D067665727465780CFFFFFFFF04FFFFFFFF0CFFFFFFFF0C2700000004020000000C
310
01000000110D05706F696E740CFFFFFFFF04FFFFFFFF0CFFFFFFFF13A6CFEDA9C5F5D0BFA4A3243D6FD7D0BF0000000000000000110D067665727465780CFFFFFFFF04FFFFFFFF0CFFFFFFFF0C1500000004020000000C03000000110D05706F696E740CFFFFFFFF04FFFFFFFF0CFFFFFFFF13A6CFEDA9C5F5D0BFA2A3243D
310
6FD7D03F0000000000000000110D067665727465780CFFFFFFFF04FFFFFFFF0CFFFFFFFF0C1800000004020000000C05000000110D05706F696E740CFFFFFFFF04FFFFFFFF0CFFFFFFFF138BE5AFF3E32DE1BF894F4BBDB81EE13F0000000000000000110D067665727465780CFFFFFFFF04FFFFFFFF0CFFFFFFFF0C1B0000
310
0004020000000C07000000110D05706F696E740CFFFFFFFF04FFFFFFFF0CFFFFFFFF136720016920D2EEBF8A4F4BBDB81EE13F0000000000000000110D067665727465780CFFFFFFFF04FFFFFFFF0CFFFFFFFF0C1E00000004020000000C09000000110D05706F696E740CFFFFFFFF04FFFFFFFF0CFFFFFFFF13100FDDC390
310
C2F3BFA5A3243D6FD7D03F0000000000000000110D067665727465780CFFFFFFFF04FFFFFFFF0CFFFFFFFF0C2100000004020000000C0B000000110D05706F696E740CFFFFFFFF04FFFFFFFF0CFFFFFFFF13100FDDC390C2F3BFA1A3243D6FD7D0BF0000000000000000110D067665727465780CFFFFFFFF04FFFFFFFF0CFF
310
FFFFFF0C2400000004020000000C0D000000110D05706F696E740CFFFFFFFF04FFFFFFFF0CFFFFFFFF136720016920D2EEBF894F4BBDB81EE1BF0000000000000000110D067665727465780CFFFFFFFF04FFFFFFFF0CFFFFFFFF0C2700000004020000000C0F000000110E07656C6C697073650D0563757276650CFFFFFFFF
310
04FFFFFFFF0CFFFFFFFF138BE5AFF3E32DE1BFA4A3243D6FD7D0BF00000000000000001400000000000000000000000000000000000000000000F03F14000000000000000070FB713D0266D1BF000000000000000006000000000000F03F0B0B110D04656467650CFFFFFFFF04FFFFFFFF0CFFFFFFFF0C0200000006000000
310
00000000000C0400000006182D4454FB21F93F0C130000000C110000000B0707756E6B6E6F776E110D06636F656467650CFFFFFFFF04FFFFFFFF0CFFFFFFFF0C160000000C280000000CFFFFFFFF0C120000000B0C2900000004000000000CFFFFFFFF110E0873747261696768740D0563757276650CFFFFFFFF04FFFFFFFF
310
0CFFFFFFFF13A6CFEDA9C5F5D0BFA4A3243D6FD7D0BF0000000000000000140000000000000000A3A3243D6FD7E03F00000000000000000B0B110D04656467650CFFFFFFFF04FFFFFFFF0CFFFFFFFF0C040000000600000000000000000C0600000006000000000000F03F0C160000000C140000000B0707756E6B6E6F776E
310
110D06636F656467650CFFFFFFFF04FFFFFFFF0CFFFFFFFF0C190000000C130000000CFFFFFFFF0C150000000B0C2900000004000000000CFFFFFFFF110E07656C6C697073650D0563757276650CFFFFFFFF04FFFFFFFF0CFFFFFFFF138BE5AFF3E32DE1BFA2A3243D6FD7D03F000000000000000014000000000000000000
310
00000000000000000000000000F03F1470FB713D0266D13F0000000000000000000000000000000006000000000000F03F0B0B110D04656467650CFFFFFFFF04FFFFFFFF0CFFFFFFFF0C060000000600000000000000000C0800000006182D4454FB21F93F0C190000000C170000000B0707756E6B6E6F776E110D06636F65
310
6467650CFFFFFFFF04FFFFFFFF0CFFFFFFFF0C1C0000000C160000000CFFFFFFFF0C180000000B0C2900000004000000000CFFFFFFFF110E0873747261696768740D0563757276650CFFFFFFFF04FFFFFFFF0CFFFFFFFF138BE5AFF3E32DE1BF894F4BBDB81EE13F000000000000000014B875A2EA7848DBBF000000000000
310
A03C00000000000000000B0B110D04656467650CFFFFFFFF04FFFFFFFF0CFFFFFFFF0C080000000600000000000000000C0A00000006000000000000F03F0C1C0000000C1A0000000B0707756E6B6E6F776E110D06636F656467650CFFFFFFFF04FFFFFFFF0CFFFFFFFF0C1F0000000C190000000CFFFFFFFF0C1B0000000B
310
0C2900000004000000000CFFFFFFFF110E07656C6C697073650D0563757276650CFFFFFFFF04FFFFFFFF0CFFFFFFFF136720016920D2EEBFA4A3243D6FD7D03F00000000000000001400000000000000000000000000000080000000000000F03F14000000000000000070FB713D0266D13F00000000000000000600000000
310
0000F03F0B0B110D04656467650CFFFFFFFF04FFFFFFFF0CFFFFFFFF0C0A0000000600000000000000000C0C00000006182D4454FB21F93F0C1F0000000C1D0000000B0707756E6B6E6F776E110D06636F656467650CFFFFFFFF04FFFFFFFF0CFFFFFFFF0C220000000C1C0000000CFFFFFFFF0C1E0000000B0C2900000004
310
000000000CFFFFFFFF110E0873747261696768740D0563757276650CFFFFFFFF04FFFFFFFF0CFFFFFFFF13100FDDC390C2F3BFA5A3243D6FD7D03F0000000000000000140000000000000000A3A3243D6FD7E0BF00000000000000000B0B110D04656467650CFFFFFFFF04FFFFFFFF0CFFFFFFFF0C0C000000060000000000
310
0000000C0E00000006000000000000F03F0C220000000C200000000B0707756E6B6E6F776E110D06636F656467650CFFFFFFFF04FFFFFFFF0CFFFFFFFF0C250000000C1F0000000CFFFFFFFF0C210000000B0C2900000004000000000CFFFFFFFF110E07656C6C697073650D0563757276650CFFFFFFFF04FFFFFFFF0CFFFF
310
FFFF136720016920D2EEBFA2A3243D6FD7D0BF00000000000000001400000000000000000000000000000000000000000000F03F1470FB713D0266D1BFFDFFFFFFFFFF8F3C000000000000000006000000000000F03F0B0B110D04656467650CFFFFFFFF04FFFFFFFF0CFFFFFFFF0C0E0000000600000000000000000C1000
310
000006182D4454FB21F93F0C250000000C230000000B0707756E6B6E6F776E110D06636F656467650CFFFFFFFF04FFFFFFFF0CFFFFFFFF0C280000000C220000000CFFFFFFFF0C240000000B0C2900000004000000000CFFFFFFFF110E0873747261696768740D0563757276650CFFFFFFFF04FFFFFFFF0CFFFFFFFF136720
310
016920D2EEBF894F4BBDB81EE1BF000000000000000014B875A2EA7848DB3F000000000000A0BC00000000000000000B0B110D04656467650CFFFFFFFF04FFFFFFFF0CFFFFFFFF0C100000000600000000000000000C0200000006000000000000F03F0C280000000C260000000B0707756E6B6E6F776E110D06636F656467
310
650CFFFFFFFF04FFFFFFFF0CFFFFFFFF0C130000000C250000000CFFFFFFFF0C270000000B0C2900000004000000000CFFFFFFFF110D046C6F6F700CFFFFFFFF04FFFFFFFF0CFFFFFFFF0CFFFFFFFF0C130000000C2B000000110E05706C616E650D07737572666163650CFFFFFFFF04FFFFFFFF0CFFFFFFFF13F982582E02
310
00E8BF000000000000000000000000000000001400000000000000800000000000000000000000000000F03F14000000000000F0BF000000000000000000000000000000800B0B0B0B0B110D04666163650CFFFFFFFF04FFFFFFFF0CFFFFFFFF0CFFFFFFFF0C290000000C2C0000000CFFFFFFFF0C2A0000000B0A0B110D05
310
7368656C6C0CFFFFFFFF04FFFFFFFF0CFFFFFFFF0CFFFFFFFF0CFFFFFFFF0C2B0000000CFFFFFFFF0C2D000000110D046C756D700CFFFFFFFF04FFFFFFFF0CFFFFFFFF0CFFFFFFFF0C2C0000000C00000000110E03456E640E026F660E0341534D0D0464617461
  0
ACDSRECORD
 90
        1
  2
AcDbDs::ID
280
    10
320
134
  2
ASM_Data
280
    15
 94
     3024
310
414349532042696E61727946696C652855000000000000010000000C00000007214F70656E2044657369676E20416C6C69616E63652041434953204275696C646572070E41434953203231382E3030204E540718546875204A756E2032372031363A32383A3231203230323406000000000000F03F0648AFBC9AF2D77A3E06
310
BBBDD7D9DF7CDB3D0D04626F64790CFFFFFFFF04FFFFFFFF0CFFFFFFFF0C2D0000000CFFFFFFFF0CFFFFFFFF110D05706F696E740CFFFFFFFF04FFFFFFFF0CFFFFFFFF1314192501CD54D13FB6FB03828CC2D53F0000000000000000110D067665727465780CFFFFFFFF04FFFFFFFF0CFFFFFFFF0C2700000004020000000C
310
01000000110D05706F696E740CFFFFFFFF04FFFFFFFF0CFFFFFFFF139C75081498EBB13F1500C20B4BD1C13F0000000000000000110D067665727465780CFFFFFFFF04FFFFFFFF0CFFFFFFFF0C1500000004020000000C03000000110D05706F696E740CFFFFFFFF04FFFFFFFF0CFFFFFFFF139E75081498EBB13F1300C20B
310
4BD1C1BF0000000000000000110D067665727465780CFFFFFFFF04FFFFFFFF0CFFFFFFFF0C1800000004020000000C05000000110D05706F696E740CFFFFFFFF04FFFFFFFF0CFFFFFFFF1313192501CD54D13FB7FB03828CC2D5BF0000000000000000110D067665727465780CFFFFFFFF04FFFFFFFF0CFFFFFFFF0C1B0000
310
0004020000000C07000000110D05706F696E740CFFFFFFFF04FFFFFFFF0CFFFFFFFF13F8405D6AA52CE33FB6FB03828CC2D5BF0000000000000000110D067665727465780CFFFFFFFF04FFFFFFFF0CFFFFFFFF0C1E00000004020000000C09000000110D05706F696E740CFFFFFFFF04FFFFFFFF0CFFFFFFFF13CEBE6EE898
310
99E93F1400C20B4BD1C1BF0000000000000000110D067665727465780CFFFFFFFF04FFFFFFFF0CFFFFFFFF0C2100000004020000000C0B000000110D05706F696E740CFFFFFFFF04FFFFFFFF0CFFFFFFFF13CEBE6EE89899E93F1400C20B4BD1C13F0000000000000000110D067665727465780CFFFFFFFF04FFFFFFFF0CFF
310
FFFFFF0C2400000004020000000C0D000000110D05706F696E740CFFFFFFFF04FFFFFFFF0CFFFFFFFF13F8405D6AA52CE33FB7FB03828CC2D53F0000000000000000110D067665727465780CFFFFFFFF04FFFFFFFF0CFFFFFFFF0C2700000004020000000C0F000000110E07656C6C697073650D0563757276650CFFFFFFFF
310
04FFFFFFFF0CFFFFFFFF1314192501CD54D13F1400C20B4BD1C13F00000000000000001400000000000000000000000000000080000000000000F03F1400000000000000005AF745F8CDB3C93F000000000000000006000000000000F03F0B0B110D04656467650CFFFFFFFF04FFFFFFFF0CFFFFFFFF0C0200000006000000
310
00000000000C0400000006182D4454FB21F93F0C130000000C110000000B0707756E6B6E6F776E110D06636F656467650CFFFFFFFF04FFFFFFFF0CFFFFFFFF0C160000000C280000000CFFFFFFFF0C120000000B0C2900000004000000000CFFFFFFFF110E0873747261696768740D0563757276650CFFFFFFFF04FFFFFFFF
310
0CFFFFFFFF139C75081498EBB13F1500C20B4BD1C13F00000000000000001400000000000000001400C20B4BD1D1BF00000000000000000B0B110D04656467650CFFFFFFFF04FFFFFFFF0CFFFFFFFF0C040000000600000000000000000C0600000006000000000000F03F0C160000000C140000000B0707756E6B6E6F776E
310
110D06636F656467650CFFFFFFFF04FFFFFFFF0CFFFFFFFF0C190000000C130000000CFFFFFFFF0C150000000B0C2900000004000000000CFFFFFFFF110E07656C6C697073650D0563757276650CFFFFFFFF04FFFFFFFF0CFFFFFFFF1314192501CD54D13F1400C20B4BD1C1BF000000000000000014000000000000000000
310
00000000000000000000000000F03F145AF745F8CDB3C9BF010000000000803C000000000000000006000000000000F03F0B0B110D04656467650CFFFFFFFF04FFFFFFFF0CFFFFFFFF0C060000000600000000000000000C0800000006182D4454FB21F93F0C190000000C170000000B0707756E6B6E6F776E110D06636F65
310
6467650CFFFFFFFF04FFFFFFFF0CFFFFFFFF0C1C0000000C160000000CFFFFFFFF0C180000000B0C2900000004000000000CFFFFFFFF110E0873747261696768740D0563757276650CFFFFFFFF04FFFFFFFF0CFFFFFFFF1313192501CD54D13FB7FB03828CC2D5BF000000000000000014DD6895D37D04D53F000000000000
310
000000000000000000000B0B110D04656467650CFFFFFFFF04FFFFFFFF0CFFFFFFFF0C080000000600000000000000000C0A00000006000000000000F03F0C1C0000000C1A0000000B0707756E6B6E6F776E110D06636F656467650CFFFFFFFF04FFFFFFFF0CFFFFFFFF0C1F0000000C190000000CFFFFFFFF0C1B0000000B
310
0C2900000004000000000CFFFFFFFF110E07656C6C697073650D0563757276650CFFFFFFFF04FFFFFFFF0CFFFFFFFF13F8405D6AA52CE33F1400C20B4BD1C1BF00000000000000001400000000000000000000000000000000000000000000F03F1400000000000000005AF745F8CDB3C9BF00000000000000000600000000
310
0000F03F0B0B110D04656467650CFFFFFFFF04FFFFFFFF0CFFFFFFFF0C0A0000000600000000000000000C0C00000006182D4454FB21F93F0C1F0000000C1D0000000B0707756E6B6E6F776E110D06636F656467650CFFFFFFFF04FFFFFFFF0CFFFFFFFF0C220000000C1C0000000CFFFFFFFF0C1E0000000B0C2900000004
310
000000000CFFFFFFFF110E0873747261696768740D0563757276650CFFFFFFFF04FFFFFFFF0CFFFFFFFF13CEBE6EE89899E93F1400C20B4BD1C1BF00000000000000001400000000000000001400C20B4BD1D13F00000000000000000B0B110D04656467650CFFFFFFFF04FFFFFFFF0CFFFFFFFF0C0C000000060000000000
310
0000000C0E00000006000000000000F03F0C220000000C200000000B0707756E6B6E6F776E110D06636F656467650CFFFFFFFF04FFFFFFFF0CFFFFFFFF0C250000000C1F0000000CFFFFFFFF0C210000000B0C2900000004000000000CFFFFFFFF110E07656C6C697073650D0563757276650CFFFFFFFF04FFFFFFFF0CFFFF
310
FFFF13F8405D6AA52CE33F1400C20B4BD1C13F00000000000000001400000000000000000000000000000000000000000000F03F145AF745F8CDB3C93F0000000000000000000000000000000006000000000000F03F0B0B110D04656467650CFFFFFFFF04FFFFFFFF0CFFFFFFFF0C0E0000000600000000000000000C1000
310
000006182D4454FB21F93F0C250000000C230000000B0707756E6B6E6F776E110D06636F656467650CFFFFFFFF04FFFFFFFF0CFFFFFFFF0C280000000C220000000CFFFFFFFF0C240000000B0C2900000004000000000CFFFFFFFF110E0873747261696768740D0563757276650CFFFFFFFF04FFFFFFFF0CFFFFFFFF13F840
310
5D6AA52CE33FB7FB03828CC2D53F000000000000000014DC6895D37D04D5BF000000000000000000000000000000000B0B110D04656467650CFFFFFFFF04FFFFFFFF0CFFFFFFFF0C100000000600000000000000000C0200000006000000000000F03F0C280000000C260000000B0707756E6B6E6F776E110D06636F656467
310
650CFFFFFFFF04FFFFFFFF0CFFFFFFFF0C130000000C250000000CFFFFFFFF0C270000000B0C2900000004000000000CFFFFFFFF110D046C6F6F700CFFFFFFFF04FFFFFFFF0CFFFFFFFF0CFFFFFFFF0C130000000C2B000000110E05706C616E650D07737572666163650CFFFFFFFF04FFFFFFFF0CFFFFFFFF1381CDEFEA0B
310
D7DB3F000000000000803C00000000000000001400000000000000800000000000000000000000000000F03F14000000000000F03F000000000000000000000000000000000B0B0B0B0B110D04666163650CFFFFFFFF04FFFFFFFF0CFFFFFFFF0CFFFFFFFF0C290000000C2C0000000CFFFFFFFF0C2A0000000B0A0B110D05
310
7368656C6C0CFFFFFFFF04FFFFFFFF0CFFFFFFFF0CFFFFFFFF0CFFFFFFFF0C2B0000000CFFFFFFFF0C2D000000110D046C756D700CFFFFFFFF04FFFFFFFF0CFFFFFFFF0CFFFFFFFF0C2C0000000C00000000110E03456E640E026F660E0341534D0D0464617461
  0
ACDSRECORD
 90
        1
  2
AcDbDs::ID
280
    10
320
136
  2
ASM_Data
280
    15
 94
     3024
310
414349532042696E61727946696C652855000000000000010000000C00000007214F70656E2044657369676E20416C6C69616E63652041434953204275696C646572070E41434953203231382E3030204E540718546875204A756E2032372031363A32383A3231203230323406000000000000F03F0648AFBC9AF2D77A3E06
310
BBBDD7D9DF7CDB3D0D04626F64790CFFFFFFFF04FFFFFFFF0CFFFFFFFF0C2D0000000CFFFFFFFF0CFFFFFFFF110D05706F696E740CFFFFFFFF04FFFFFFFF0CFFFFFFFF1315192501CD54D1BFB6FB03828CC2D5BF0000000000000000110D067665727465780CFFFFFFFF04FFFFFFFF0CFFFFFFFF0C2700000004020000000C
310
01000000110D05706F696E740CFFFFFFFF04FFFFFFFF0CFFFFFFFF139C75081498EBB1BF1400C20B4BD1C1BF0000000000000000110D067665727465780CFFFFFFFF04FFFFFFFF0CFFFFFFFF0C1500000004020000000C03000000110D05706F696E740CFFFFFFFF04FFFFFFFF0CFFFFFFFF139E75081498EBB1BF1500C20B
310
4BD1C13F0000000000000000110D067665727465780CFFFFFFFF04FFFFFFFF0CFFFFFFFF0C1800000004020000000C05000000110D05706F696E740CFFFFFFFF04FFFFFFFF0CFFFFFFFF1314192501CD54D1BFB8FB03828CC2D53F0000000000000000110D067665727465780CFFFFFFFF04FFFFFFFF0CFFFFFFFF0C1B0000
310
0004020000000C07000000110D05706F696E740CFFFFFFFF04FFFFFFFF0CFFFFFFFF13F8405D6AA52CE3BFB6FB03828CC2D53F0000000000000000110D067665727465780CFFFFFFFF04FFFFFFFF0CFFFFFFFF0C1E00000004020000000C09000000110D05706F696E740CFFFFFFFF04FFFFFFFF0CFFFFFFFF13CEBE6EE898
310
99E9BF1500C20B4BD1C13F0000000000000000110D067665727465780CFFFFFFFF04FFFFFFFF0CFFFFFFFF0C2100000004020000000C0B000000110D05706F696E740CFFFFFFFF04FFFFFFFF0CFFFFFFFF13CEBE6EE89899E9BF1400C20B4BD1C1BF0000000000000000110D067665727465780CFFFFFFFF04FFFFFFFF0CFF
310
FFFFFF0C2400000004020000000C0D000000110D05706F696E740CFFFFFFFF04FFFFFFFF0CFFFFFFFF13F8405D6AA52CE3BFB8FB03828CC2D5BF0000000000000000110D067665727465780CFFFFFFFF04FFFFFFFF0CFFFFFFFF0C2700000004020000000C0F000000110E07656C6C697073650D0563757276650CFFFFFFFF
310
04FFFFFFFF0CFFFFFFFF1314192501CD54D1BF1400C20B4BD1C1BF00000000000000001400000000000000000000000000000000000000000000F03F1401000000000090BC5AF745F8CDB3C9BF000000000000000006000000000000F03F0B0B110D04656467650CFFFFFFFF04FFFFFFFF0CFFFFFFFF0C0200000006000000
310
00000000000C0400000006182D4454FB21F93F0C130000000C110000000B0707756E6B6E6F776E110D06636F656467650CFFFFFFFF04FFFFFFFF0CFFFFFFFF0C160000000C280000000CFFFFFFFF0C120000000B0C2900000004000000000CFFFFFFFF110E0873747261696768740D0563757276650CFFFFFFFF04FFFFFFFF
310
0CFFFFFFFF139C75081498EBB1BF1400C20B4BD1C1BF00000000000000001400000000000000001400C20B4BD1D13F00000000000000000B0B110D04656467650CFFFFFFFF04FFFFFFFF0CFFFFFFFF0C040000000600000000000000000C0600000006000000000000F03F0C160000000C140000000B0707756E6B6E6F776E
310
110D06636F656467650CFFFFFFFF04FFFFFFFF0CFFFFFFFF0C190000000C130000000CFFFFFFFF0C150000000B0C2900000004000000000CFFFFFFFF110E07656C6C697073650D0563757276650CFFFFFFFF04FFFFFFFF0CFFFFFFFF1314192501CD54D1BF1500C20B4BD1C13F000000000000000014000000000000000000
310
00000000000000000000000000F03F145AF745F8CDB3C93F0000000000000000000000000000000006000000000000F03F0B0B110D04656467650CFFFFFFFF04FFFFFFFF0CFFFFFFFF0C060000000600000000000000000C0800000006182D4454FB21F93F0C190000000C170000000B0707756E6B6E6F776E110D06636F65
310
6467650CFFFFFFFF04FFFFFFFF0CFFFFFFFF0C1C0000000C160000000CFFFFFFFF0C180000000B0C2900000004000000000CFFFFFFFF110E0873747261696768740D0563757276650CFFFFFFFF04FFFFFFFF0CFFFFFFFF1314192501CD54D1BFB8FB03828CC2D53F000000000000000014DC6895D37D04D5BF000000000000
310
90BC00000000000000000B0B110D04656467650CFFFFFFFF04FFFFFFFF0CFFFFFFFF0C080000000600000000000000000C0A00000006000000000000F03F0C1C0000000C1A0000000B0707756E6B6E6F776E110D06636F656467650CFFFFFFFF04FFFFFFFF0CFFFFFFFF0C1F0000000C190000000CFFFFFFFF0C1B0000000B
310
0C2900000004000000000CFFFFFFFF110E07656C6C697073650D0563757276650CFFFFFFFF04FFFFFFFF0CFFFFFFFF13F8405D6AA52CE3BF1400C20B4BD1C13F00000000000000001400000000000000000000000000000080000000000000F03F1400000000000000005AF745F8CDB3C93F00000000000000000600000000
310
0000F03F0B0B110D04656467650CFFFFFFFF04FFFFFFFF0CFFFFFFFF0C0A0000000600000000000000000C0C00000006182D4454FB21F93F0C1F0000000C1D0000000B0707756E6B6E6F776E110D06636F656467650CFFFFFFFF04FFFFFFFF0CFFFFFFFF0C220000000C1C0000000CFFFFFFFF0C1E0000000B0C2900000004
310
000000000CFFFFFFFF110E0873747261696768740D0563757276650CFFFFFFFF04FFFFFFFF0CFFFFFFFF13CEBE6EE89899E9BF1500C20B4BD1C13F00000000000000001400000000000000001400C20B4BD1D1BF00000000000000000B0B110D04656467650CFFFFFFFF04FFFFFFFF0CFFFFFFFF0C0C000000060000000000
310
0000000C0E00000006000000000000F03F0C220000000C200000000B0707756E6B6E6F776E110D06636F656467650CFFFFFFFF04FFFFFFFF0CFFFFFFFF0C250000000C1F0000000CFFFFFFFF0C210000000B0C2900000004000000000CFFFFFFFF110E07656C6C697073650D0563757276650CFFFFFFFF04FFFFFFFF0CFFFF
310
FFFF13F8405D6AA52CE3BF1500C20B4BD1C1BF00000000000000001400000000000000000000000000000000000000000000F03F145AF745F8CDB3C9BF010000000000803C000000000000000006000000000000F03F0B0B110D04656467650CFFFFFFFF04FFFFFFFF0CFFFFFFFF0C0E0000000600000000000000000C1000
310
000006182D4454FB21F93F0C250000000C230000000B0707756E6B6E6F776E110D06636F656467650CFFFFFFFF04FFFFFFFF0CFFFFFFFF0C280000000C220000000CFFFFFFFF0C240000000B0C2900000004000000000CFFFFFFFF110E0873747261696768740D0563757276650CFFFFFFFF04FFFFFFFF0CFFFFFFFF13F840
310
5D6AA52CE3BFB8FB03828CC2D5BF000000000000000014DB6895D37D04D53F000000000000903C00000000000000000B0B110D04656467650CFFFFFFFF04FFFFFFFF0CFFFFFFFF0C100000000600000000000000000C0200000006000000000000F03F0C280000000C260000000B0707756E6B6E6F776E110D06636F656467
310
650CFFFFFFFF04FFFFFFFF0CFFFFFFFF0C130000000C250000000CFFFFFFFF0C270000000B0C2900000004000000000CFFFFFFFF110D046C6F6F700CFFFFFFFF04FFFFFFFF0CFFFFFFFF0CFFFFFFFF0C130000000C2B000000110E05706C616E650D07737572666163650CFFFFFFFF04FFFFFFFF0CFFFFFFFF1382CDEFEA0B
310
D7DBBF000000000000000000000000000000001400000000000000800000000000000000000000000000F03F14000000000000F03F000000000000000000000000000000000B0B0B0B0B110D04666163650CFFFFFFFF04FFFFFFFF0CFFFFFFFF0CFFFFFFFF0C290000000C2C0000000CFFFFFFFF0C2A0000000B0A0B110D05
310
7368656C6C0CFFFFFFFF04FFFFFFFF0CFFFFFFFF0CFFFFFFFF0CFFFFFFFF0C2B0000000CFFFFFFFF0C2D000000110D046C756D700CFFFFFFFF04FFFFFFFF0CFFFFFFFF0CFFFFFFFF0C2C0000000C00000000110E03456E640E026F660E0341534D0D0464617461
  0
ACDSRECORD
 90
        1
  2
AcDbDs::ID
280
    10
320
13A
  2
ASM_Data
280
    15
 94
     3024
310
414349532042696E61727946696C652855000000000000010000000C00000007214F70656E2044657369676E20416C6C69616E63652041434953204275696C646572070E41434953203231382E3030204E540718546875204A756E2032372031363A32383A3231203230323406000000000000F03F0648AFBC9AF2D77A3E06
310
BBBDD7D9DF7CDB3D0D04626F64790CFFFFFFFF04FFFFFFFF0CFFFFFFFF0C2D0000000CFFFFFFFF0CFFFFFFFF110D05706F696E740CFFFFFFFF04FFFFFFFF0CFFFFFFFF13BD67C988B0C6D53FB8FB03828CC2D53F0000000000000000110D067665727465780CFFFFFFFF04FFFFFFFF0CFFFFFFFF0C2700000004020000000C
310
01000000110D05706F696E740CFFFFFFFF04FFFFFFFF0CFFFFFFFF13531BDEA45033C33F4A435397082BC33F0000000000000000110D067665727465780CFFFFFFFF04FFFFFFFF0CFFFFFFFF0C1500000004020000000C03000000110D05706F696E740CFFFFFFFF04FFFFFFFF0CFFFFFFFF13531BDEA45033C33F48435397
310
082BC3BF0000000000000000110D067665727465780CFFFFFFFF04FFFFFFFF0CFFFFFFFF0C1800000004020000000C05000000110D05706F696E740CFFFFFFFF04FFFFFFFF0CFFFFFFFF13BC67C988B0C6D53FB8FB03828CC2D5BF0000000000000000110D067665727465780CFFFFFFFF04FFFFFFFF0CFFFFFFFF0C1B0000
310
0004020000000C07000000110D05706F696E740CFFFFFFFF04FFFFFFFF0CFFFFFFFF13E182E8201A83E33FB8FB03828CC2D5BF0000000000000000110D067665727465780CFFFFFFFF04FFFFFFFF0CFFFFFFFF0C1E00000004020000000C09000000110D05706F696E740CFFFFFFFF04FFFFFFFF0CFFFFFFFF13EBAF153C9E
310
99E93F49435397082BC3BF0000000000000000110D067665727465780CFFFFFFFF04FFFFFFFF0CFFFFFFFF0C2100000004020000000C0B000000110D05706F696E740CFFFFFFFF04FFFFFFFF0CFFFFFFFF13EAAF153C9E99E93F49435397082BC33F0000000000000000110D067665727465780CFFFFFFFF04FFFFFFFF0CFF
310
FFFFFF0C2400000004020000000C0D000000110D05706F696E740CFFFFFFFF04FFFFFFFF0CFFFFFFFF13E182E8201A83E33FB8FB03828CC2D53F0000000000000000110D067665727465780CFFFFFFFF04FFFFFFFF0CFFFFFFFF0C2700000004020000000C0F000000110E07656C6C697073650D0563757276650CFFFFFFFF
310
04FFFFFFFF0CFFFFFFFF13BD67C988B0C6D53F49435397082BC33F00000000000000001400000000000000000000000000000080000000000000F03F14000000000000000027B4B46C105AC83F000000000000000006000000000000F03F0B0B110D04656467650CFFFFFFFF04FFFFFFFF0CFFFFFFFF0C0200000006000000
310
00000000000C0400000006182D4454FB21F93F0C130000000C110000000B0707756E6B6E6F776E110D06636F656467650CFFFFFFFF04FFFFFFFF0CFFFFFFFF0C160000000C280000000CFFFFFFFF0C120000000B0C2900000004000000000CFFFFFFFF110E0873747261696768740D0563757276650CFFFFFFFF04FFFFFFFF
310
0CFFFFFFFF13531BDEA45033C33F4A435397082BC33F000000000000000014000000000000000049435397082BD3BF00000000000000000B0B110D04656467650CFFFFFFFF04FFFFFFFF0CFFFFFFFF0C040000000600000000000000000C0600000006000000000000F03F0C160000000C140000000B0707756E6B6E6F776E
310
110D06636F656467650CFFFFFFFF04FFFFFFFF0CFFFFFFFF0C190000000C130000000CFFFFFFFF0C150000000B0C2900000004000000000CFFFFFFFF110E07656C6C697073650D0563757276650CFFFFFFFF04FFFFFFFF0CFFFFFFFF13BD67C988B0C6D53F49435397082BC3BF000000000000000014000000000000000000
310
00000000000000000000000000F03F1427B4B46C105AC8BF000000000000803C000000000000000006000000000000F03F0B0B110D04656467650CFFFFFFFF04FFFFFFFF0CFFFFFFFF0C060000000600000000000000000C0800000006182D4454FB21F93F0C190000000C170000000B0707756E6B6E6F776E110D06636F65
310
6467650CFFFFFFFF04FFFFFFFF0CFFFFFFFF0C1C0000000C160000000CFFFFFFFF0C180000000B0C2900000004000000000CFFFFFFFF110E0873747261696768740D0563757276650CFFFFFFFF04FFFFFFFF0CFFFFFFFF13BC67C988B0C6D53FB8FB03828CC2D5BF000000000000000014069E07B9833FD13F000000000000
310
000000000000000000000B0B110D04656467650CFFFFFFFF04FFFFFFFF0CFFFFFFFF0C080000000600000000000000000C0A00000006000000000000F03F0C1C0000000C1A0000000B0707756E6B6E6F776E110D06636F656467650CFFFFFFFF04FFFFFFFF0CFFFFFFFF0C1F0000000C190000000CFFFFFFFF0C1B0000000B
310
0C2900000004000000000CFFFFFFFF110E07656C6C697073650D0563757276650CFFFFFFFF04FFFFFFFF0CFFFFFFFF13E182E8201A83E33F49435397082BC3BF00000000000000001400000000000000000000000000000000000000000000F03F14000000000000000027B4B46C105AC8BF00000000000000000600000000
310
0000F03F0B0B110D04656467650CFFFFFFFF04FFFFFFFF0CFFFFFFFF0C0A0000000600000000000000000C0C00000006182D4454FB21F93F0C1F0000000C1D0000000B0707756E6B6E6F776E110D06636F656467650CFFFFFFFF04FFFFFFFF0CFFFFFFFF0C220000000C1C0000000CFFFFFFFF0C1E0000000B0C2900000004
310
000000000CFFFFFFFF110E0873747261696768740D0563757276650CFFFFFFFF04FFFFFFFF0CFFFFFFFF13EBAF153C9E99E93F49435397082BC3BF000000000000000014000000000000000049435397082BD33F00000000000000000B0B110D04656467650CFFFFFFFF04FFFFFFFF0CFFFFFFFF0C0C000000060000000000
310
0000000C0E00000006000000000000F03F0C220000000C200000000B0707756E6B6E6F776E110D06636F656467650CFFFFFFFF04FFFFFFFF0CFFFFFFFF0C250000000C1F0000000CFFFFFFFF0C210000000B0C2900000004000000000CFFFFFFFF110E07656C6C697073650D0563757276650CFFFFFFFF04FFFFFFFF0CFFFF
310
FFFF13E182E8201A83E33F49435397082BC33F00000000000000001400000000000000000000000000000000000000000000F03F1427B4B46C105AC83F0000000000000000000000000000000006000000000000F03F0B0B110D04656467650CFFFFFFFF04FFFFFFFF0CFFFFFFFF0C0E0000000600000000000000000C1000
310
000006182D4454FB21F93F0C250000000C230000000B0707756E6B6E6F776E110D06636F656467650CFFFFFFFF04FFFFFFFF0CFFFFFFFF0C280000000C220000000CFFFFFFFF0C240000000B0C2900000004000000000CFFFFFFFF110E0873747261696768740D0563757276650CFFFFFFFF04FFFFFFFF0CFFFFFFFF13E182
310
E8201A83E33FB8FB03828CC2D53F000000000000000014059E07B9833FD1BF000000000000000000000000000000000B0B110D04656467650CFFFFFFFF04FFFFFFFF0CFFFFFFFF0C100000000600000000000000000C0200000006000000000000F03F0C280000000C260000000B0707756E6B6E6F776E110D06636F656467
310
650CFFFFFFFF04FFFFFFFF0CFFFFFFFF0C130000000C250000000CFFFFFFFF0C270000000B0C2900000004000000000CFFFFFFFF110D046C6F6F700CFFFFFFFF04FFFFFFFF0CFFFFFFFF0CFFFFFFFF0C130000000C2B000000110E05706C616E650D07737572666163650CFFFFFFFF04FFFFFFFF0CFFFFFFFF13BC67C988B0
310
C6D53F000000000000000000000000000000001400000000000000800000000000000000000000000000F03F14000000000000F0BF000000000000000000000000000000800B0B0B0B0B110D04666163650CFFFFFFFF04FFFFFFFF0CFFFFFFFF0CFFFFFFFF0C290000000C2C0000000CFFFFFFFF0C2A0000000B0A0B110D05
310
7368656C6C0CFFFFFFFF04FFFFFFFF0CFFFFFFFF0CFFFFFFFF0CFFFFFFFF0C2B0000000CFFFFFFFF0C2D000000110D046C756D700CFFFFFFFF04FFFFFFFF0CFFFFFFFF0CFFFFFFFF0C2C0000000C00000000110E03456E640E026F660E0341534D0D0464617461
  0
ACDSRECORD
 90
        1
  2
AcDbDs::ID
280
    10
320
13C
  2
ASM_Data
280
    15
 94
     3024
310
414349532042696E61727946696C652855000000000000010000000C00000007214F70656E2044657369676E20416C6C69616E63652041434953204275696C646572070E41434953203231382E3030204E540718546875204A756E2032372031363A32383A3231203230323406000000000000F03F0648AFBC9AF2D77A3E06
310
BBBDD7D9DF7CDB3D0D04626F64790CFFFFFFFF04FFFFFFFF0CFFFFFFFF0C2D0000000CFFFFFFFF0CFFFFFFFF110D05706F696E740CFFFFFFFF04FFFFFFFF0CFFFFFFFF13BE67C988B0C6D5BFB8FB03828CC2D5BF0000000000000000110D067665727465780CFFFFFFFF04FFFFFFFF0CFFFFFFFF0C2700000004020000000C
310
01000000110D05706F696E740CFFFFFFFF04FFFFFFFF0CFFFFFFFF13531BDEA45033C3BF4A435397082BC3BF0000000000000000110D067665727465780CFFFFFFFF04FFFFFFFF0CFFFFFFFF0C1500000004020000000C03000000110D05706F696E740CFFFFFFFF04FFFFFFFF0CFFFFFFFF13531BDEA45033C3BF48435397
310
082BC33F0000000000000000110D067665727465780CFFFFFFFF04FFFFFFFF0CFFFFFFFF0C1800000004020000000C05000000110D05706F696E740CFFFFFFFF04FFFFFFFF0CFFFFFFFF13BD67C988B0C6D5BFB8FB03828CC2D53F0000000000000000110D067665727465780CFFFFFFFF04FFFFFFFF0CFFFFFFFF0C1B0000
310
0004020000000C07000000110D05706F696E740CFFFFFFFF04FFFFFFFF0CFFFFFFFF13E182E8201A83E3BFB8FB03828CC2D53F0000000000000000110D067665727465780CFFFFFFFF04FFFFFFFF0CFFFFFFFF0C1E00000004020000000C09000000110D05706F696E740CFFFFFFFF04FFFFFFFF0CFFFFFFFF13EBAF153C9E
310
99E9BF4B435397082BC33F0000000000000000110D067665727465780CFFFFFFFF04FFFFFFFF0CFFFFFFFF0C2100000004020000000C0B000000110D05706F696E740CFFFFFFFF04FFFFFFFF0CFFFFFFFF13EAAF153C9E99E9BF47435397082BC3BF0000000000000000110D067665727465780CFFFFFFFF04FFFFFFFF0CFF
310
FFFFFF0C2400000004020000000C0D000000110D05706F696E740CFFFFFFFF04FFFFFFFF0CFFFFFFFF13E182E8201A83E3BFB8FB03828CC2D5BF0000000000000000110D067665727465780CFFFFFFFF04FFFFFFFF0CFFFFFFFF0C2700000004020000000C0F000000110E07656C6C697073650D0563757276650CFFFFFFFF
310
04FFFFFFFF0CFFFFFFFF13BD67C988B0C6D5BF4A435397082BC3BF00000000000000001400000000000000000000000000000000000000000000F03F1401000000000090BC27B4B46C105AC8BF000000000000000006000000000000F03F0B0B110D04656467650CFFFFFFFF04FFFFFFFF0CFFFFFFFF0C0200000006000000
310
00000000000C0400000006182D4454FB21F93F0C130000000C110000000B0707756E6B6E6F776E110D06636F656467650CFFFFFFFF04FFFFFFFF0CFFFFFFFF0C160000000C280000000CFFFFFFFF0C120000000B0C2900000004000000000CFFFFFFFF110E0873747261696768740D0563757276650CFFFFFFFF04FFFFFFFF
310
0CFFFFFFFF13531BDEA45033C3BF4A435397082BC3BF000000000000000014000000000000000049435397082BD33F00000000000000000B0B110D04656467650CFFFFFFFF04FFFFFFFF0CFFFFFFFF0C040000000600000000000000000C0600000006000000000000F03F0C160000000C140000000B0707756E6B6E6F776E
310
110D06636F656467650CFFFFFFFF04FFFFFFFF0CFFFFFFFF0C190000000C130000000CFFFFFFFF0C150000000B0C2900000004000000000CFFFFFFFF110E07656C6C697073650D0563757276650CFFFFFFFF04FFFFFFFF0CFFFFFFFF13BD67C988B0C6D5BF48435397082BC33F000000000000000014000000000000000000
310
00000000000000000000000000F03F1427B4B46C105AC83F0000000000000000000000000000000006000000000000F03F0B0B110D04656467650CFFFFFFFF04FFFFFFFF0CFFFFFFFF0C060000000600000000000000000C0800000006182D4454FB21F93F0C190000000C170000000B0707756E6B6E6F776E110D06636F65
310
6467650CFFFFFFFF04FFFFFFFF0CFFFFFFFF0C1C0000000C160000000CFFFFFFFF0C180000000B0C2900000004000000000CFFFFFFFF110E0873747261696768740D0563757276650CFFFFFFFF04FFFFFFFF0CFFFFFFFF13BD67C988B0C6D5BFB8FB03828CC2D53F000000000000000014059E07B9833FD1BF000000000000
310
000000000000000000000B0B110D04656467650CFFFFFFFF04FFFFFFFF0CFFFFFFFF0C080000000600000000000000000C0A00000006000000000000F03F0C1C0000000C1A0000000B0707756E6B6E6F776E110D06636F656467650CFFFFFFFF04FFFFFFFF0CFFFFFFFF0C1F0000000C190000000CFFFFFFFF0C1B0000000B
310
0C2900000004000000000CFFFFFFFF110E07656C6C697073650D0563757276650CFFFFFFFF04FFFFFFFF0CFFFFFFFF13E182E8201A83E3BF4A435397082BC33F00000000000000001400000000000000000000000000000080000000000000F03F14000000000000000027B4B46C105AC83F00000000000000000600000000
310
0000F03F0B0B110D04656467650CFFFFFFFF04FFFFFFFF0CFFFFFFFF0C0A0000000600000000000000000C0C00000006182D4454FB21F93F0C1F0000000C1D0000000B0707756E6B6E6F776E110D06636F656467650CFFFFFFFF04FFFFFFFF0CFFFFFFFF0C220000000C1C0000000CFFFFFFFF0C1E0000000B0C2900000004
310
000000000CFFFFFFFF110E0873747261696768740D0563757276650CFFFFFFFF04FFFFFFFF0CFFFFFFFF13EBAF153C9E99E9BF4B435397082BC33F000000000000000014000000000000000049435397082BD3BF00000000000000000B0B110D04656467650CFFFFFFFF04FFFFFFFF0CFFFFFFFF0C0C000000060000000000
310
0000000C0E00000006000000000000F03F0C220000000C200000000B0707756E6B6E6F776E110D06636F656467650CFFFFFFFF04FFFFFFFF0CFFFFFFFF0C250000000C1F0000000CFFFFFFFF0C210000000B0C2900000004000000000CFFFFFFFF110E07656C6C697073650D0563757276650CFFFFFFFF04FFFFFFFF0CFFFF
310
FFFF13E182E8201A83E3BF48435397082BC3BF00000000000000001400000000000000000000000000000000000000000000F03F1427B4B46C105AC8BF000000000000803C000000000000000006000000000000F03F0B0B110D04656467650CFFFFFFFF04FFFFFFFF0CFFFFFFFF0C0E0000000600000000000000000C1000
310
000006182D4454FB21F93F0C250000000C230000000B0707756E6B6E6F776E110D06636F656467650CFFFFFFFF04FFFFFFFF0CFFFFFFFF0C280000000C220000000CFFFFFFFF0C240000000B0C2900000004000000000CFFFFFFFF110E0873747261696768740D0563757276650CFFFFFFFF04FFFFFFFF0CFFFFFFFF13E182
310
E8201A83E3BFB8FB03828CC2D5BF000000000000000014049E07B9833FD13F000000000000000000000000000000000B0B110D04656467650CFFFFFFFF04FFFFFFFF0CFFFFFFFF0C100000000600000000000000000C0200000006000000000000F03F0C280000000C260000000B0707756E6B6E6F776E110D06636F656467
310
650CFFFFFFFF04FFFFFFFF0CFFFFFFFF0C130000000C250000000CFFFFFFFF0C270000000B0C2900000004000000000CFFFFFFFF110D046C6F6F700CFFFFFFFF04FFFFFFFF0CFFFFFFFF0CFFFFFFFF0C130000000C2B000000110E05706C616E650D07737572666163650CFFFFFFFF04FFFFFFFF0CFFFFFFFF13BE67C988B0
310
C6D5BF000000000000000000000000000000001400000000000000000000000000000080000000000000F03F14000000000000F03F000000000000000000000000000000800B0B0B0B0B110D04666163650CFFFFFFFF04FFFFFFFF0CFFFFFFFF0CFFFFFFFF0C290000000C2C0000000CFFFFFFFF0C2A0000000B0A0B110D05
310
7368656C6C0CFFFFFFFF04FFFFFFFF0CFFFFFFFF0CFFFFFFFF0CFFFFFFFF0C2B0000000CFFFFFFFF0C2D000000110D046C756D700CFFFFFFFF04FFFFFFFF0CFFFFFFFF0CFFFFFFFF0C2C0000000C00000000110E03456E640E026F660E0341534D0D0464617461
  0
ACDSRECORD
 90
        1
  2
AcDbDs::ID
280
    10
320
140
  2
ASM_Data
280
    15
 94
     3024
310
414349532042696E61727946696C652855000000000000010000000C00000007214F70656E2044657369676E20416C6C69616E63652041434953204275696C646572070E41434953203231382E3030204E540718546875204A756E2032372031363A32383A3231203230323406000000000000F03F0648AFBC9AF2D77A3E06
310
BBBDD7D9DF7CDB3D0D04626F64790CFFFFFFFF04FFFFFFFF0CFFFFFFFF0C2D0000000CFFFFFFFF0CFFFFFFFF110D05706F696E740CFFFFFFFF04FFFFFFFF0CFFFFFFFF13BD67C988B0C6D53FB8FB03828CC2D53F0000000000000000110D067665727465780CFFFFFFFF04FFFFFFFF0CFFFFFFFF0C2700000004020000000C
310
01000000110D05706F696E740CFFFFFFFF04FFFFFFFF0CFFFFFFFF13531BDEA45033C33F4A435397082BC33F0000000000000000110D067665727465780CFFFFFFFF04FFFFFFFF0CFFFFFFFF0C1500000004020000000C03000000110D05706F696E740CFFFFFFFF04FFFFFFFF0CFFFFFFFF13531BDEA45033C33F48435397
310
082BC3BF0000000000000000110D067665727465780CFFFFFFFF04FFFFFFFF0CFFFFFFFF0C1800000004020000000C05000000110D05706F696E740CFFFFFFFF04FFFFFFFF0CFFFFFFFF13BC67C988B0C6D53FB8FB03828CC2D5BF0000000000000000110D067665727465780CFFFFFFFF04FFFFFFFF0CFFFFFFFF0C1B0000
310
0004020000000C07000000110D05706F696E740CFFFFFFFF04FFFFFFFF0CFFFFFFFF13E182E8201A83E33FB8FB03828CC2D5BF0000000000000000110D067665727465780CFFFFFFFF04FFFFFFFF0CFFFFFFFF0C1E00000004020000000C09000000110D05706F696E740CFFFFFFFF04FFFFFFFF0CFFFFFFFF13EBAF153C9E
310
99E93F49435397082BC3BF0000000000000000110D067665727465780CFFFFFFFF04FFFFFFFF0CFFFFFFFF0C2100000004020000000C0B000000110D05706F696E740CFFFFFFFF04FFFFFFFF0CFFFFFFFF13EAAF153C9E99E93F49435397082BC33F0000000000000000110D067665727465780CFFFFFFFF04FFFFFFFF0CFF
310
FFFFFF0C2400000004020000000C0D000000110D05706F696E740CFFFFFFFF04FFFFFFFF0CFFFFFFFF13E182E8201A83E33FB8FB03828CC2D53F0000000000000000110D067665727465780CFFFFFFFF04FFFFFFFF0CFFFFFFFF0C2700000004020000000C0F000000110E07656C6C697073650D0563757276650CFFFFFFFF
310
04FFFFFFFF0CFFFFFFFF13BD67C988B0C6D53F49435397082BC33F00000000000000001400000000000000000000000000000080000000000000F03F14000000000000000027B4B46C105AC83F000000000000000006000000000000F03F0B0B110D04656467650CFFFFFFFF04FFFFFFFF0CFFFFFFFF0C0200000006000000
310
00000000000C0400000006182D4454FB21F93F0C130000000C110000000B0707756E6B6E6F776E110D06636F656467650CFFFFFFFF04FFFFFFFF0CFFFFFFFF0C160000000C280000000CFFFFFFFF0C120000000B0C2900000004000000000CFFFFFFFF110E0873747261696768740D0563757276650CFFFFFFFF04FFFFFFFF
310
0CFFFFFFFF13531BDEA45033C33F4A435397082BC33F000000000000000014000000000000000049435397082BD3BF00000000000000000B0B110D04656467650CFFFFFFFF04FFFFFFFF0CFFFFFFFF0C040000000600000000000000000C0600000006000000000000F03F0C160000000C140000000B0707756E6B6E6F776E
310
110D06636F656467650CFFFFFFFF04FFFFFFFF0CFFFFFFFF0C190000000C130000000CFFFFFFFF0C150000000B0C2900000004000000000CFFFFFFFF110E07656C6C697073650D0563757276650CFFFFFFFF04FFFFFFFF0CFFFFFFFF13BD67C988B0C6D53F49435397082BC3BF000000000000000014000000000000000000
310
00000000000000000000000000F03F1427B4B46C105AC8BF000000000000803C000000000000000006000000000000F03F0B0B110D04656467650CFFFFFFFF04FFFFFFFF0CFFFFFFFF0C060000000600000000000000000C0800000006182D4454FB21F93F0C190000000C170000000B0707756E6B6E6F776E110D06636F65
310
6467650CFFFFFFFF04FFFFFFFF0CFFFFFFFF0C1C0000000C160000000CFFFFFFFF0C180000000B0C2900000004000000000CFFFFFFFF110E0873747261696768740D0563757276650CFFFFFFFF04FFFFFFFF0CFFFFFFFF13BC67C988B0C6D53FB8FB03828CC2D5BF000000000000000014069E07B9833FD13F000000000000
310
000000000000000000000B0B110D04656467650CFFFFFFFF04FFFFFFFF0CFFFFFFFF0C080000000600000000000000000C0A00000006000000000000F03F0C1C0000000C1A0000000B0707756E6B6E6F776E110D06636F656467650CFFFFFFFF04FFFFFFFF0CFFFFFFFF0C1F0000000C190000000CFFFFFFFF0C1B0000000B
310
0C2900000004000000000CFFFFFFFF110E07656C6C697073650D0563757276650CFFFFFFFF04FFFFFFFF0CFFFFFFFF13E182E8201A83E33F49435397082BC3BF00000000000000001400000000000000000000000000000000000000000000F03F14000000000000000027B4B46C105AC8BF00000000000000000600000000
310
0000F03F0B0B110D04656467650CFFFFFFFF04FFFFFFFF0CFFFFFFFF0C0A0000000600000000000000000C0C00000006182D4454FB21F93F0C1F0000000C1D0000000B0707756E6B6E6F776E110D06636F656467650CFFFFFFFF04FFFFFFFF0CFFFFFFFF0C220000000C1C0000000CFFFFFFFF0C1E0000000B0C2900000004
310
000000000CFFFFFFFF110E0873747261696768740D0563757276650CFFFFFFFF04FFFFFFFF0CFFFFFFFF13EBAF153C9E99E93F49435397082BC3BF000000000000000014000000000000000049435397082BD33F00000000000000000B0B110D04656467650CFFFFFFFF04FFFFFFFF0CFFFFFFFF0C0C000000060000000000
310
0000000C0E00000006000000000000F03F0C220000000C200000000B0707756E6B6E6F776E110D06636F656467650CFFFFFFFF04FFFFFFFF0CFFFFFFFF0C250000000C1F0000000CFFFFFFFF0C210000000B0C2900000004000000000CFFFFFFFF110E07656C6C697073650D0563757276650CFFFFFFFF04FFFFFFFF0CFFFF
310
FFFF13E182E8201A83E33F49435397082BC33F00000000000000001400000000000000000000000000000000000000000000F03F1427B4B46C105AC83F0000000000000000000000000000000006000000000000F03F0B0B110D04656467650CFFFFFFFF04FFFFFFFF0CFFFFFFFF0C0E0000000600000000000000000C1000
310
000006182D4454FB21F93F0C250000000C230000000B0707756E6B6E6F776E110D06636F656467650CFFFFFFFF04FFFFFFFF0CFFFFFFFF0C280000000C220000000CFFFFFFFF0C240000000B0C2900000004000000000CFFFFFFFF110E0873747261696768740D0563757276650CFFFFFFFF04FFFFFFFF0CFFFFFFFF13E182
310
E8201A83E33FB8FB03828CC2D53F000000000000000014059E07B9833FD1BF000000000000000000000000000000000B0B110D04656467650CFFFFFFFF04FFFFFFFF0CFFFFFFFF0C100000000600000000000000000C0200000006000000000000F03F0C280000000C260000000B0707756E6B6E6F776E110D06636F656467
310
650CFFFFFFFF04FFFFFFFF0CFFFFFFFF0C130000000C250000000CFFFFFFFF0C270000000B0C2900000004000000000CFFFFFFFF110D046C6F6F700CFFFFFFFF04FFFFFFFF0CFFFFFFFF0CFFFFFFFF0C130000000C2B000000110E05706C616E650D07737572666163650CFFFFFFFF04FFFFFFFF0CFFFFFFFF13BC67C988B0
310
C6D53F000000000000000000000000000000001400000000000000800000000000000000000000000000F03F14000000000000F0BF000000000000000000000000000000800B0B0B0B0B110D04666163650CFFFFFFFF04FFFFFFFF0CFFFFFFFF0CFFFFFFFF0C290000000C2C0000000CFFFFFFFF0C2A0000000B0A0B110D05
310
7368656C6C0CFFFFFFFF04FFFFFFFF0CFFFFFFFF0CFFFFFFFF0CFFFFFFFF0C2B0000000CFFFFFFFF0C2D000000110D046C756D700CFFFFFFFF04FFFFFFFF0CFFFFFFFF0CFFFFFFFF0C2C0000000C00000000110E03456E640E026F660E0341534D0D0464617461
  0
ACDSRECORD
 90
        1
  2
AcDbDs::ID
280
    10
320
142
  2
ASM_Data
280
    15
 94
     3024
310
414349532042696E61727946696C652855000000000000010000000C00000007214F70656E2044657369676E20416C6C69616E63652041434953204275696C646572070E41434953203231382E3030204E540718546875204A756E2032372031363A32383A3231203230323406000000000000F03F0648AFBC9AF2D77A3E06
310
BBBDD7D9DF7CDB3D0D04626F64790CFFFFFFFF04FFFFFFFF0CFFFFFFFF0C2D0000000CFFFFFFFF0CFFFFFFFF110D05706F696E740CFFFFFFFF04FFFFFFFF0CFFFFFFFF13BE67C988B0C6D5BFB8FB03828CC2D5BF0000000000000000110D067665727465780CFFFFFFFF04FFFFFFFF0CFFFFFFFF0C2700000004020000000C
310
01000000110D05706F696E740CFFFFFFFF04FFFFFFFF0CFFFFFFFF13531BDEA45033C3BF4A435397082BC3BF0000000000000000110D067665727465780CFFFFFFFF04FFFFFFFF0CFFFFFFFF0C1500000004020000000C03000000110D05706F696E740CFFFFFFFF04FFFFFFFF0CFFFFFFFF13531BDEA45033C3BF48435397
310
082BC33F0000000000000000110D067665727465780CFFFFFFFF04FFFFFFFF0CFFFFFFFF0C1800000004020000000C05000000110D05706F696E740CFFFFFFFF04FFFFFFFF0CFFFFFFFF13BD67C988B0C6D5BFB8FB03828CC2D53F0000000000000000110D067665727465780CFFFFFFFF04FFFFFFFF0CFFFFFFFF0C1B0000
310
0004020000000C07000000110D05706F696E740CFFFFFFFF04FFFFFFFF0CFFFFFFFF13E182E8201A83E3BFB8FB03828CC2D53F0000000000000000110D067665727465780CFFFFFFFF04FFFFFFFF0CFFFFFFFF0C1E00000004020000000C09000000110D05706F696E740CFFFFFFFF04FFFFFFFF0CFFFFFFFF13EBAF153C9E
310
99E9BF4B435397082BC33F0000000000000000110D067665727465780CFFFFFFFF04FFFFFFFF0CFFFFFFFF0C2100000004020000000C0B000000110D05706F696E740CFFFFFFFF04FFFFFFFF0CFFFFFFFF13EAAF153C9E99E9BF47435397082BC3BF0000000000000000110D067665727465780CFFFFFFFF04FFFFFFFF0CFF
310
FFFFFF0C2400000004020000000C0D000000110D05706F696E740CFFFFFFFF04FFFFFFFF0CFFFFFFFF13E182E8201A83E3BFB8FB03828CC2D5BF0000000000000000110D067665727465780CFFFFFFFF04FFFFFFFF0CFFFFFFFF0C2700000004020000000C0F000000110E07656C6C697073650D0563757276650CFFFFFFFF
310
04FFFFFFFF0CFFFFFFFF13BD67C988B0C6D5BF4A435397082BC3BF00000000000000001400000000000000000000000000000000000000000000F03F1401000000000090BC27B4B46C105AC8BF000000000000000006000000000000F03F0B0B110D04656467650CFFFFFFFF04FFFFFFFF0CFFFFFFFF0C0200000006000000
310
00000000000C0400000006182D4454FB21F93F0C130000000C110000000B0707756E6B6E6F776E110D06636F656467650CFFFFFFFF04FFFFFFFF0CFFFFFFFF0C160000000C280000000CFFFFFFFF0C120000000B0C2900000004000000000CFFFFFFFF110E0873747261696768740D0563757276650CFFFFFFFF04FFFFFFFF
310
0CFFFFFFFF13531BDEA45033C3BF4A435397082BC3BF000000000000000014000000000000000049435397082BD33F00000000000000000B0B110D04656467650CFFFFFFFF04FFFFFFFF0CFFFFFFFF0C040000000600000000000000000C0600000006000000000000F03F0C160000000C140000000B0707756E6B6E6F776E
310
110D06636F656467650CFFFFFFFF04FFFFFFFF0CFFFFFFFF0C190000000C130000000CFFFFFFFF0C150000000B0C2900000004000000000CFFFFFFFF110E07656C6C697073650D0563757276650CFFFFFFFF04FFFFFFFF0CFFFFFFFF13BD67C988B0C6D5BF48435397082BC33F000000000000000014000000000000000000
310
00000000000000000000000000F03F1427B4B46C105AC83F0000000000000000000000000000000006000000000000F03F0B0B110D04656467650CFFFFFFFF04FFFFFFFF0CFFFFFFFF0C060000000600000000000000000C0800000006182D4454FB21F93F0C190000000C170000000B0707756E6B6E6F776E110D06636F65
310
6467650CFFFFFFFF04FFFFFFFF0CFFFFFFFF0C1C0000000C160000000CFFFFFFFF0C180000000B0C2900000004000000000CFFFFFFFF110E0873747261696768740D0563757276650CFFFFFFFF04FFFFFFFF0CFFFFFFFF13BD67C988B0C6D5BFB8FB03828CC2D53F000000000000000014059E07B9833FD1BF000000000000
310
000000000000000000000B0B110D04656467650CFFFFFFFF04FFFFFFFF0CFFFFFFFF0C080000000600000000000000000C0A00000006000000000000F03F0C1C0000000C1A0000000B0707756E6B6E6F776E110D06636F656467650CFFFFFFFF04FFFFFFFF0CFFFFFFFF0C1F0000000C190000000CFFFFFFFF0C1B0000000B
310
0C2900000004000000000CFFFFFFFF110E07656C6C697073650D0563757276650CFFFFFFFF04FFFFFFFF0CFFFFFFFF13E182E8201A83E3BF4A435397082BC33F00000000000000001400000000000000000000000000000080000000000000F03F14000000000000000027B4B46C105AC83F00000000000000000600000000
310
0000F03F0B0B110D04656467650CFFFFFFFF04FFFFFFFF0CFFFFFFFF0C0A0000000600000000000000000C0C00000006182D4454FB21F93F0C1F0000000C1D0000000B0707756E6B6E6F776E110D06636F656467650CFFFFFFFF04FFFFFFFF0CFFFFFFFF0C220000000C1C0000000CFFFFFFFF0C1E0000000B0C2900000004
310
000000000CFFFFFFFF110E0873747261696768740D0563757276650CFFFFFFFF04FFFFFFFF0CFFFFFFFF13EBAF153C9E99E9BF4B435397082BC33F000000000000000014000000000000000049435397082BD3BF00000000000000000B0B110D04656467650CFFFFFFFF04FFFFFFFF0CFFFFFFFF0C0C000000060000000000
310
0000000C0E00000006000000000000F03F0C220000000C200000000B0707756E6B6E6F776E110D06636F656467650CFFFFFFFF04FFFFFFFF0CFFFFFFFF0C250000000C1F0000000CFFFFFFFF0C210000000B0C2900000004000000000CFFFFFFFF110E07656C6C697073650D0563757276650CFFFFFFFF04FFFFFFFF0CFFFF
310
FFFF13E182E8201A83E3BF48435397082BC3BF00000000000000001400000000000000000000000000000000000000000000F03F1427B4B46C105AC8BF000000000000803C000000000000000006000000000000F03F0B0B110D04656467650CFFFFFFFF04FFFFFFFF0CFFFFFFFF0C0E0000000600000000000000000C1000
310
000006182D4454FB21F93F0C250000000C230000000B0707756E6B6E6F776E110D06636F656467650CFFFFFFFF04FFFFFFFF0CFFFFFFFF0C280000000C220000000CFFFFFFFF0C240000000B0C2900000004000000000CFFFFFFFF110E0873747261696768740D0563757276650CFFFFFFFF04FFFFFFFF0CFFFFFFFF13E182
310
E8201A83E3BFB8FB03828CC2D5BF000000000000000014049E07B9833FD13F000000000000000000000000000000000B0B110D04656467650CFFFFFFFF04FFFFFFFF0CFFFFFFFF0C100000000600000000000000000C0200000006000000000000F03F0C280000000C260000000B0707756E6B6E6F776E110D06636F656467
310
650CFFFFFFFF04FFFFFFFF0CFFFFFFFF0C130000000C250000000CFFFFFFFF0C270000000B0C2900000004000000000CFFFFFFFF110D046C6F6F700CFFFFFFFF04FFFFFFFF0CFFFFFFFF0CFFFFFFFF0C130000000C2B000000110E05706C616E650D07737572666163650CFFFFFFFF04FFFFFFFF0CFFFFFFFF13BE67C988B0
310
C6D5BF000000000000000000000000000000001400000000000000000000000000000080000000000000F03F14000000000000F03F000000000000000000000000000000800B0B0B0B0B110D04666163650CFFFFFFFF04FFFFFFFF0CFFFFFFFF0CFFFFFFFF0C290000000C2C0000000CFFFFFFFF0C2A0000000B0A0B110D05
310
7368656C6C0CFFFFFFFF04FFFFFFFF0CFFFFFFFF0CFFFFFFFF0CFFFFFFFF0C2B0000000CFFFFFFFF0C2D000000110D046C756D700CFFFFFFFF04FFFFFFFF0CFFFFFFFF0CFFFFFFFF0C2C0000000C00000000110E03456E640E026F660E0341534D0D0464617461
  0
ACDSRECORD
 90
        1
  2
AcDbDs::ID
280
    10
320
146
  2
ASM_Data
280
    15
 94
     3024
310
414349532042696E61727946696C652855000000000000010000000C00000007214F70656E2044657369676E20416C6C69616E63652041434953204275696C646572070E41434953203231382E3030204E540718546875204A756E2032372031363A32383A3231203230323406000000000000F03F0648AFBC9AF2D77A3E06
310
BBBDD7D9DF7CDB3D0D04626F64790CFFFFFFFF04FFFFFFFF0CFFFFFFFF0C2D0000000CFFFFFFFF0CFFFFFFFF110D05706F696E740CFFFFFFFF04FFFFFFFF0CFFFFFFFF13BD67C988B0C6D53F8219B6DA81C2D53F0000000000000000110D067665727465780CFFFFFFFF04FFFFFFFF0CFFFFFFFF0C2700000004020000000C
310
01000000110D05706F696E740CFFFFFFFF04FFFFFFFF0CFFFFFFFF13531BDEA45033C33FDE7EB748F32AC33F0000000000000000110D067665727465780CFFFFFFFF04FFFFFFFF0CFFFFFFFF0C1500000004020000000C03000000110D05706F696E740CFFFFFFFF04FFFFFFFF0CFFFFFFFF13531BDEA45033C33FB407EFE5
310
1D2BC3BF0000000000000000110D067665727465780CFFFFFFFF04FFFFFFFF0CFFFFFFFF0C1800000004020000000C05000000110D05706F696E740CFFFFFFFF04FFFFFFFF0CFFFFFFFF13BC67C988B0C6D53FEEDD512997C2D5BF0000000000000000110D067665727465780CFFFFFFFF04FFFFFFFF0CFFFFFFFF0C1B0000
310
0004020000000C07000000110D05706F696E740CFFFFFFFF04FFFFFFFF0CFFFFFFFF13E182E8201A83E33FEEDD512997C2D5BF0000000000000000110D067665727465780CFFFFFFFF04FFFFFFFF0CFFFFFFFF0C1E00000004020000000C09000000110D05706F696E740CFFFFFFFF04FFFFFFFF0CFFFFFFFF13EBAF153C9E
310
99E93FB507EFE51D2BC3BF0000000000000000110D067665727465780CFFFFFFFF04FFFFFFFF0CFFFFFFFF0C2100000004020000000C0B000000110D05706F696E740CFFFFFFFF04FFFFFFFF0CFFFFFFFF13EAAF153C9E99E93FDD7EB748F32AC33F0000000000000000110D067665727465780CFFFFFFFF04FFFFFFFF0CFF
310
FFFFFF0C2400000004020000000C0D000000110D05706F696E740CFFFFFFFF04FFFFFFFF0CFFFFFFFF13E182E8201A83E33F8219B6DA81C2D53F0000000000000000110D067665727465780CFFFFFFFF04FFFFFFFF0CFFFFFFFF0C2700000004020000000C0F000000110E07656C6C697073650D0563757276650CFFFFFFFF
310
04FFFFFFFF0CFFFFFFFF13BD67C988B0C6D53FDD7EB748F32AC33F00000000000000001400000000000000000000000000000080000000000000F03F14000000000000000027B4B46C105AC83F000000000000000006000000000000F03F0B0B110D04656467650CFFFFFFFF04FFFFFFFF0CFFFFFFFF0C0200000006000000
310
00000000000C0400000006182D4454FB21F93F0C130000000C110000000B0707756E6B6E6F776E110D06636F656467650CFFFFFFFF04FFFFFFFF0CFFFFFFFF0C160000000C280000000CFFFFFFFF0C120000000B0C2900000004000000000CFFFFFFFF110E0873747261696768740D0563757276650CFFFFFFFF04FFFFFFFF
310
0CFFFFFFFF13531BDEA45033C33FDE7EB748F32AC33F000000000000000014000000000000000049435397082BD3BF00000000000000000B0B110D04656467650CFFFFFFFF04FFFFFFFF0CFFFFFFFF0C040000000600000000000000000C0600000006000000000000F03F0C160000000C140000000B0707756E6B6E6F776E
310
110D06636F656467650CFFFFFFFF04FFFFFFFF0CFFFFFFFF0C190000000C130000000CFFFFFFFF0C150000000B0C2900000004000000000CFFFFFFFF110E07656C6C697073650D0563757276650CFFFFFFFF04FFFFFFFF0CFFFFFFFF13BD67C988B0C6D53FB507EFE51D2BC3BF000000000000000014000000000000000000
310
00000000000000000000000000F03F1427B4B46C105AC8BF000000000000803C000000000000000006000000000000F03F0B0B110D04656467650CFFFFFFFF04FFFFFFFF0CFFFFFFFF0C060000000600000000000000000C0800000006182D4454FB21F93F0C190000000C170000000B0707756E6B6E6F776E110D06636F65
310
6467650CFFFFFFFF04FFFFFFFF0CFFFFFFFF0C1C0000000C160000000CFFFFFFFF0C180000000B0C2900000004000000000CFFFFFFFF110E0873747261696768740D0563757276650CFFFFFFFF04FFFFFFFF0CFFFFFFFF13BC67C988B0C6D53FEEDD512997C2D5BF000000000000000014069E07B9833FD13F000000000000
310
000000000000000000000B0B110D04656467650CFFFFFFFF04FFFFFFFF0CFFFFFFFF0C080000000600000000000000000C0A00000006000000000000F03F0C1C0000000C1A0000000B0707756E6B6E6F776E110D06636F656467650CFFFFFFFF04FFFFFFFF0CFFFFFFFF0C1F0000000C190000000CFFFFFFFF0C1B0000000B
310
0C2900000004000000000CFFFFFFFF110E07656C6C697073650D0563757276650CFFFFFFFF04FFFFFFFF0CFFFFFFFF13E182E8201A83E33FB507EFE51D2BC3BF00000000000000001400000000000000000000000000000000000000000000F03F14000000000000000027B4B46C105AC8BF00000000000000000600000000
310
0000F03F0B0B110D04656467650CFFFFFFFF04FFFFFFFF0CFFFFFFFF0C0A0000000600000000000000000C0C00000006182D4454FB21F93F0C1F0000000C1D0000000B0707756E6B6E6F776E110D06636F656467650CFFFFFFFF04FFFFFFFF0CFFFFFFFF0C220000000C1C0000000CFFFFFFFF0C1E0000000B0C2900000004
310
000000000CFFFFFFFF110E0873747261696768740D0563757276650CFFFFFFFF04FFFFFFFF0CFFFFFFFF13EBAF153C9E99E93FB507EFE51D2BC3BF000000000000000014000000000000000049435397082BD33F00000000000000000B0B110D04656467650CFFFFFFFF04FFFFFFFF0CFFFFFFFF0C0C000000060000000000
310
0000000C0E00000006000000000000F03F0C220000000C200000000B0707756E6B6E6F776E110D06636F656467650CFFFFFFFF04FFFFFFFF0CFFFFFFFF0C250000000C1F0000000CFFFFFFFF0C210000000B0C2900000004000000000CFFFFFFFF110E07656C6C697073650D0563757276650CFFFFFFFF04FFFFFFFF0CFFFF
310
FFFF13E182E8201A83E33FDD7EB748F32AC33F00000000000000001400000000000000000000000000000000000000000000F03F1427B4B46C105AC83F0000000000000000000000000000000006000000000000F03F0B0B110D04656467650CFFFFFFFF04FFFFFFFF0CFFFFFFFF0C0E0000000600000000000000000C1000
310
000006182D4454FB21F93F0C250000000C230000000B0707756E6B6E6F776E110D06636F656467650CFFFFFFFF04FFFFFFFF0CFFFFFFFF0C280000000C220000000CFFFFFFFF0C240000000B0C2900000004000000000CFFFFFFFF110E0873747261696768740D0563757276650CFFFFFFFF04FFFFFFFF0CFFFFFFFF13E182
310
E8201A83E33F8219B6DA81C2D53F000000000000000014059E07B9833FD1BF000000000000000000000000000000000B0B110D04656467650CFFFFFFFF04FFFFFFFF0CFFFFFFFF0C100000000600000000000000000C0200000006000000000000F03F0C280000000C260000000B0707756E6B6E6F776E110D06636F656467
310
650CFFFFFFFF04FFFFFFFF0CFFFFFFFF0C130000000C250000000CFFFFFFFF0C270000000B0C2900000004000000000CFFFFFFFF110D046C6F6F700CFFFFFFFF04FFFFFFFF0CFFFFFFFF0CFFFFFFFF0C130000000C2B000000110E05706C616E650D07737572666163650CFFFFFFFF04FFFFFFFF0CFFFFFFFF13BC67C988B0
310
C6D53F00006CC49B4EC5BE00000000000000001400000000000000800000000000000000000000000000F03F14000000000000F0BF000000000000000000000000000000800B0B0B0B0B110D04666163650CFFFFFFFF04FFFFFFFF0CFFFFFFFF0CFFFFFFFF0C290000000C2C0000000CFFFFFFFF0C2A0000000B0A0B110D05
310
7368656C6C0CFFFFFFFF04FFFFFFFF0CFFFFFFFF0CFFFFFFFF0CFFFFFFFF0C2B0000000CFFFFFFFF0C2D000000110D046C756D700CFFFFFFFF04FFFFFFFF0CFFFFFFFF0CFFFFFFFF0C2C0000000C00000000110E03456E640E026F660E0341534D0D0464617461
  0
ACDSRECORD
 90
        1
  2
AcDbDs::ID
280
    10
320
148
  2
ASM_Data
280
    15
 94
     3024
310
414349532042696E61727946696C652855000000000000010000000C00000007214F70656E2044657369676E20416C6C69616E63652041434953204275696C646572070E41434953203231382E3030204E540718546875204A756E2032372031363A32383A3231203230323406000000000000F03F0648AFBC9AF2D77A3E06
310
BBBDD7D9DF7CDB3D0D04626F64790CFFFFFFFF04FFFFFFFF0CFFFFFFFF0C2D0000000CFFFFFFFF0CFFFFFFFF110D05706F696E740CFFFFFFFF04FFFFFFFF0CFFFFFFFF13BE67C988B0C6D5BFEEDD512997C2D5BF0000000000000000110D067665727465780CFFFFFFFF04FFFFFFFF0CFFFFFFFF0C2700000004020000000C
310
01000000110D05706F696E740CFFFFFFFF04FFFFFFFF0CFFFFFFFF13531BDEA45033C3BFB507EFE51D2BC3BF0000000000000000110D067665727465780CFFFFFFFF04FFFFFFFF0CFFFFFFFF0C1500000004020000000C03000000110D05706F696E740CFFFFFFFF04FFFFFFFF0CFFFFFFFF13531BDEA45033C3BFDC7EB748
310
F32AC33F0000000000000000110D067665727465780CFFFFFFFF04FFFFFFFF0CFFFFFFFF0C1800000004020000000C05000000110D05706F696E740CFFFFFFFF04FFFFFFFF0CFFFFFFFF13BD67C988B0C6D5BF8219B6DA81C2D53F0000000000000000110D067665727465780CFFFFFFFF04FFFFFFFF0CFFFFFFFF0C1B0000
310
0004020000000C07000000110D05706F696E740CFFFFFFFF04FFFFFFFF0CFFFFFFFF13E182E8201A83E3BF8219B6DA81C2D53F0000000000000000110D067665727465780CFFFFFFFF04FFFFFFFF0CFFFFFFFF0C1E00000004020000000C09000000110D05706F696E740CFFFFFFFF04FFFFFFFF0CFFFFFFFF13EBAF153C9E
310
99E9BFDE7EB748F32AC33F0000000000000000110D067665727465780CFFFFFFFF04FFFFFFFF0CFFFFFFFF0C2100000004020000000C0B000000110D05706F696E740CFFFFFFFF04FFFFFFFF0CFFFFFFFF13EAAF153C9E99E9BFB407EFE51D2BC3BF0000000000000000110D067665727465780CFFFFFFFF04FFFFFFFF0CFF
310
FFFFFF0C2400000004020000000C0D000000110D05706F696E740CFFFFFFFF04FFFFFFFF0CFFFFFFFF13E182E8201A83E3BFEEDD512997C2D5BF0000000000000000110D067665727465780CFFFFFFFF04FFFFFFFF0CFFFFFFFF0C2700000004020000000C0F000000110E07656C6C697073650D0563757276650CFFFFFFFF
310
04FFFFFFFF0CFFFFFFFF13BD67C988B0C6D5BFB507EFE51D2BC3BF00000000000000001400000000000000000000000000000000000000000000F03F1400000000000090BC27B4B46C105AC8BF000000000000000006000000000000F03F0B0B110D04656467650CFFFFFFFF04FFFFFFFF0CFFFFFFFF0C0200000006000000
310
00000000000C0400000006182D4454FB21F93F0C130000000C110000000B0707756E6B6E6F776E110D06636F656467650CFFFFFFFF04FFFFFFFF0CFFFFFFFF0C160000000C280000000CFFFFFFFF0C120000000B0C2900000004000000000CFFFFFFFF110E0873747261696768740D0563757276650CFFFFFFFF04FFFFFFFF
310
0CFFFFFFFF13531BDEA45033C3BFB507EFE51D2BC3BF000000000000000014000000000000000048435397082BD33F00000000000000000B0B110D04656467650CFFFFFFFF04FFFFFFFF0CFFFFFFFF0C040000000600000000000000000C0600000006000000000000F03F0C160000000C140000000B0707756E6B6E6F776E
310
110D06636F656467650CFFFFFFFF04FFFFFFFF0CFFFFFFFF0C190000000C130000000CFFFFFFFF0C150000000B0C2900000004000000000CFFFFFFFF110E07656C6C697073650D0563757276650CFFFFFFFF04FFFFFFFF0CFFFFFFFF13BD67C988B0C6D5BFDC7EB748F32AC33F000000000000000014000000000000000000
310
00000000000000000000000000F03F1427B4B46C105AC83F0000000000000000000000000000000006000000000000F03F0B0B110D04656467650CFFFFFFFF04FFFFFFFF0CFFFFFFFF0C060000000600000000000000000C0800000006182D4454FB21F93F0C190000000C170000000B0707756E6B6E6F776E110D06636F65
310
6467650CFFFFFFFF04FFFFFFFF0CFFFFFFFF0C1C0000000C160000000CFFFFFFFF0C180000000B0C2900000004000000000CFFFFFFFF110E0873747261696768740D0563757276650CFFFFFFFF04FFFFFFFF0CFFFFFFFF13BD67C988B0C6D5BF8219B6DA81C2D53F000000000000000014059E07B9833FD1BF000000000000
310
000000000000000000000B0B110D04656467650CFFFFFFFF04FFFFFFFF0CFFFFFFFF0C080000000600000000000000000C0A00000006000000000000F03F0C1C0000000C1A0000000B0707756E6B6E6F776E110D06636F656467650CFFFFFFFF04FFFFFFFF0CFFFFFFFF0C1F0000000C190000000CFFFFFFFF0C1B0000000B
310
0C2900000004000000000CFFFFFFFF110E07656C6C697073650D0563757276650CFFFFFFFF04FFFFFFFF0CFFFFFFFF13E182E8201A83E3BFDD7EB748F32AC33F00000000000000001400000000000000000000000000000080000000000000F03F14000000000000000027B4B46C105AC83F00000000000000000600000000
310
0000F03F0B0B110D04656467650CFFFFFFFF04FFFFFFFF0CFFFFFFFF0C0A0000000600000000000000000C0C00000006182D4454FB21F93F0C1F0000000C1D0000000B0707756E6B6E6F776E110D06636F656467650CFFFFFFFF04FFFFFFFF0CFFFFFFFF0C220000000C1C0000000CFFFFFFFF0C1E0000000B0C2900000004
310
000000000CFFFFFFFF110E0873747261696768740D0563757276650CFFFFFFFF04FFFFFFFF0CFFFFFFFF13EBAF153C9E99E9BFDE7EB748F32AC33F000000000000000014000000000000000049435397082BD3BF00000000000000000B0B110D04656467650CFFFFFFFF04FFFFFFFF0CFFFFFFFF0C0C000000060000000000
310
0000000C0E00000006000000000000F03F0C220000000C200000000B0707756E6B6E6F776E110D06636F656467650CFFFFFFFF04FFFFFFFF0CFFFFFFFF0C250000000C1F0000000CFFFFFFFF0C210000000B0C2900000004000000000CFFFFFFFF110E07656C6C697073650D0563757276650CFFFFFFFF04FFFFFFFF0CFFFF
310
FFFF13E182E8201A83E3BFB507EFE51D2BC3BF00000000000000001400000000000000000000000000000000000000000000F03F1427B4B46C105AC8BF000000000000803C000000000000000006000000000000F03F0B0B110D04656467650CFFFFFFFF04FFFFFFFF0CFFFFFFFF0C0E0000000600000000000000000C1000
310
000006182D4454FB21F93F0C250000000C230000000B0707756E6B6E6F776E110D06636F656467650CFFFFFFFF04FFFFFFFF0CFFFFFFFF0C280000000C220000000CFFFFFFFF0C240000000B0C2900000004000000000CFFFFFFFF110E0873747261696768740D0563757276650CFFFFFFFF04FFFFFFFF0CFFFFFFFF13E182
310
E8201A83E3BFEEDD512997C2D5BF000000000000000014049E07B9833FD13F000000000000000000000000000000000B0B110D04656467650CFFFFFFFF04FFFFFFFF0CFFFFFFFF0C100000000600000000000000000C0200000006000000000000F03F0C280000000C260000000B0707756E6B6E6F776E110D06636F656467
310
650CFFFFFFFF04FFFFFFFF0CFFFFFFFF0C130000000C250000000CFFFFFFFF0C270000000B0C2900000004000000000CFFFFFFFF110D046C6F6F700CFFFFFFFF04FFFFFFFF0CFFFFFFFF0CFFFFFFFF0C130000000C2B000000110E05706C616E650D07737572666163650CFFFFFFFF04FFFFFFFF0CFFFFFFFF13BE67C988B0
310
C6D5BF00006CC49B4EC5BE00000000000000001400000000000000000000000000000080000000000000F03F14000000000000F03F000000000000000000000000000000800B0B0B0B0B110D04666163650CFFFFFFFF04FFFFFFFF0CFFFFFFFF0CFFFFFFFF0C290000000C2C0000000CFFFFFFFF0C2A0000000B0A0B110D05
310
7368656C6C0CFFFFFFFF04FFFFFFFF0CFFFFFFFF0CFFFFFFFF0CFFFFFFFF0C2B0000000CFFFFFFFF0C2D000000110D046C756D700CFFFFFFFF04FFFFFFFF0CFFFFFFFF0CFFFFFFFF0C2C0000000C00000000110E03456E640E026F660E0341534D0D0464617461
  0
ACDSRECORD
 90
        1
  2
AcDbDs::ID
280
    10
320
14C
  2
ASM_Data
280
    15
 94
     3024
310
414349532042696E61727946696C652855000000000000010000000C00000007214F70656E2044657369676E20416C6C69616E63652041434953204275696C646572070E41434953203231382E3030204E540718546875204A756E2032372031363A32383A3231203230323406000000000000F03F0648AFBC9AF2D77A3E06
310
BBBDD7D9DF7CDB3D0D04626F64790CFFFFFFFF04FFFFFFFF0CFFFFFFFF0C2D0000000CFFFFFFFF0CFFFFFFFF110D05706F696E740CFFFFFFFF04FFFFFFFF0CFFFFFFFF13BD67C988B0C6D53FB8FB03828CC2D53F0000000000000000110D067665727465780CFFFFFFFF04FFFFFFFF0CFFFFFFFF0C2700000004020000000C
310
01000000110D05706F696E740CFFFFFFFF04FFFFFFFF0CFFFFFFFF13531BDEA45033C33F4A435397082BC33F0000000000000000110D067665727465780CFFFFFFFF04FFFFFFFF0CFFFFFFFF0C1500000004020000000C03000000110D05706F696E740CFFFFFFFF04FFFFFFFF0CFFFFFFFF13531BDEA45033C33F48435397
310
082BC3BF0000000000000000110D067665727465780CFFFFFFFF04FFFFFFFF0CFFFFFFFF0C1800000004020000000C05000000110D05706F696E740CFFFFFFFF04FFFFFFFF0CFFFFFFFF13BC67C988B0C6D53FB8FB03828CC2D5BF0000000000000000110D067665727465780CFFFFFFFF04FFFFFFFF0CFFFFFFFF0C1B0000
310
0004020000000C07000000110D05706F696E740CFFFFFFFF04FFFFFFFF0CFFFFFFFF13E182E8201A83E33FB8FB03828CC2D5BF0000000000000000110D067665727465780CFFFFFFFF04FFFFFFFF0CFFFFFFFF0C1E00000004020000000C09000000110D05706F696E740CFFFFFFFF04FFFFFFFF0CFFFFFFFF13EBAF153C9E
310
99E93F49435397082BC3BF0000000000000000110D067665727465780CFFFFFFFF04FFFFFFFF0CFFFFFFFF0C2100000004020000000C0B000000110D05706F696E740CFFFFFFFF04FFFFFFFF0CFFFFFFFF13EAAF153C9E99E93F49435397082BC33F0000000000000000110D067665727465780CFFFFFFFF04FFFFFFFF0CFF
310
FFFFFF0C2400000004020000000C0D000000110D05706F696E740CFFFFFFFF04FFFFFFFF0CFFFFFFFF13E182E8201A83E33FB8FB03828CC2D53F0000000000000000110D067665727465780CFFFFFFFF04FFFFFFFF0CFFFFFFFF0C2700000004020000000C0F000000110E07656C6C697073650D0563757276650CFFFFFFFF
310
04FFFFFFFF0CFFFFFFFF13BD67C988B0C6D53F49435397082BC33F00000000000000001400000000000000000000000000000080000000000000F03F14000000000000000027B4B46C105AC83F000000000000000006000000000000F03F0B0B110D04656467650CFFFFFFFF04FFFFFFFF0CFFFFFFFF0C0200000006000000
310
00000000000C0400000006182D4454FB21F93F0C130000000C110000000B0707756E6B6E6F776E110D06636F656467650CFFFFFFFF04FFFFFFFF0CFFFFFFFF0C160000000C280000000CFFFFFFFF0C120000000B0C2900000004000000000CFFFFFFFF110E0873747261696768740D0563757276650CFFFFFFFF04FFFFFFFF
310
0CFFFFFFFF13531BDEA45033C33F4A435397082BC33F000000000000000014000000000000000049435397082BD3BF00000000000000000B0B110D04656467650CFFFFFFFF04FFFFFFFF0CFFFFFFFF0C040000000600000000000000000C0600000006000000000000F03F0C160000000C140000000B0707756E6B6E6F776E
310
110D06636F656467650CFFFFFFFF04FFFFFFFF0CFFFFFFFF0C190000000C130000000CFFFFFFFF0C150000000B0C2900000004000000000CFFFFFFFF110E07656C6C697073650D0563757276650CFFFFFFFF04FFFFFFFF0CFFFFFFFF13BD67C988B0C6D53F49435397082BC3BF000000000000000014000000000000000000
310
00000000000000000000000000F03F1427B4B46C105AC8BF000000000000803C000000000000000006000000000000F03F0B0B110D04656467650CFFFFFFFF04FFFFFFFF0CFFFFFFFF0C060000000600000000000000000C0800000006182D4454FB21F93F0C190000000C170000000B0707756E6B6E6F776E110D06636F65
310
6467650CFFFFFFFF04FFFFFFFF0CFFFFFFFF0C1C0000000C160000000CFFFFFFFF0C180000000B0C2900000004000000000CFFFFFFFF110E0873747261696768740D0563757276650CFFFFFFFF04FFFFFFFF0CFFFFFFFF13BC67C988B0C6D53FB8FB03828CC2D5BF000000000000000014069E07B9833FD13F000000000000
310
000000000000000000000B0B110D04656467650CFFFFFFFF04FFFFFFFF0CFFFFFFFF0C080000000600000000000000000C0A00000006000000000000F03F0C1C0000000C1A0000000B0707756E6B6E6F776E110D06636F656467650CFFFFFFFF04FFFFFFFF0CFFFFFFFF0C1F0000000C190000000CFFFFFFFF0C1B0000000B
310
0C2900000004000000000CFFFFFFFF110E07656C6C697073650D0563757276650CFFFFFFFF04FFFFFFFF0CFFFFFFFF13E182E8201A83E33F49435397082BC3BF00000000000000001400000000000000000000000000000000000000000000F03F14000000000000000027B4B46C105AC8BF00000000000000000600000000
310
0000F03F0B0B110D04656467650CFFFFFFFF04FFFFFFFF0CFFFFFFFF0C0A0000000600000000000000000C0C00000006182D4454FB21F93F0C1F0000000C1D0000000B0707756E6B6E6F776E110D06636F656467650CFFFFFFFF04FFFFFFFF0CFFFFFFFF0C220000000C1C0000000CFFFFFFFF0C1E0000000B0C2900000004
310
000000000CFFFFFFFF110E0873747261696768740D0563757276650CFFFFFFFF04FFFFFFFF0CFFFFFFFF13EBAF153C9E99E93F49435397082BC3BF000000000000000014000000000000000049435397082BD33F00000000000000000B0B110D04656467650CFFFFFFFF04FFFFFFFF0CFFFFFFFF0C0C000000060000000000
310
0000000C0E00000006000000000000F03F0C220000000C200000000B0707756E6B6E6F776E110D06636F656467650CFFFFFFFF04FFFFFFFF0CFFFFFFFF0C250000000C1F0000000CFFFFFFFF0C210000000B0C2900000004000000000CFFFFFFFF110E07656C6C697073650D0563757276650CFFFFFFFF04FFFFFFFF0CFFFF
310
FFFF13E182E8201A83E33F49435397082BC33F00000000000000001400000000000000000000000000000000000000000000F03F1427B4B46C105AC83F0000000000000000000000000000000006000000000000F03F0B0B110D04656467650CFFFFFFFF04FFFFFFFF0CFFFFFFFF0C0E0000000600000000000000000C1000
310
000006182D4454FB21F93F0C250000000C230000000B0707756E6B6E6F776E110D06636F656467650CFFFFFFFF04FFFFFFFF0CFFFFFFFF0C280000000C220000000CFFFFFFFF0C240000000B0C2900000004000000000CFFFFFFFF110E0873747261696768740D0563757276650CFFFFFFFF04FFFFFFFF0CFFFFFFFF13E182
310
E8201A83E33FB8FB03828CC2D53F000000000000000014059E07B9833FD1BF000000000000000000000000000000000B0B110D04656467650CFFFFFFFF04FFFFFFFF0CFFFFFFFF0C100000000600000000000000000C0200000006000000000000F03F0C280000000C260000000B0707756E6B6E6F776E110D06636F656467
310
650CFFFFFFFF04FFFFFFFF0CFFFFFFFF0C130000000C250000000CFFFFFFFF0C270000000B0C2900000004000000000CFFFFFFFF110D046C6F6F700CFFFFFFFF04FFFFFFFF0CFFFFFFFF0CFFFFFFFF0C130000000C2B000000110E05706C616E650D07737572666163650CFFFFFFFF04FFFFFFFF0CFFFFFFFF13BC67C988B0
310
C6D53F000000000000000000000000000000001400000000000000800000000000000000000000000000F03F14000000000000F0BF000000000000000000000000000000800B0B0B0B0B110D04666163650CFFFFFFFF04FFFFFFFF0CFFFFFFFF0CFFFFFFFF0C290000000C2C0000000CFFFFFFFF0C2A0000000B0A0B110D05
310
7368656C6C0CFFFFFFFF04FFFFFFFF0CFFFFFFFF0CFFFFFFFF0CFFFFFFFF0C2B0000000CFFFFFFFF0C2D000000110D046C756D700CFFFFFFFF04FFFFFFFF0CFFFFFFFF0CFFFFFFFF0C2C0000000C00000000110E03456E640E026F660E0341534D0D0464617461
  0
ACDSRECORD
 90
        1
  2
AcDbDs::ID
280
    10
320
14E
  2
ASM_Data
280
    15
 94
     3024
310
414349532042696E61727946696C652855000000000000010000000C00000007214F70656E2044657369676E20416C6C69616E63652041434953204275696C646572070E41434953203231382E3030204E540718546875204A756E2032372031363A32383A3231203230323406000000000000F03F0648AFBC9AF2D77A3E06
310
BBBDD7D9DF7CDB3D0D04626F64790CFFFFFFFF04FFFFFFFF0CFFFFFFFF0C2D0000000CFFFFFFFF0CFFFFFFFF110D05706F696E740CFFFFFFFF04FFFFFFFF0CFFFFFFFF13BE67C988B0C6D5BFB8FB03828CC2D5BF0000000000000000110D067665727465780CFFFFFFFF04FFFFFFFF0CFFFFFFFF0C2700000004020000000C
310
01000000110D05706F696E740CFFFFFFFF04FFFFFFFF0CFFFFFFFF13531BDEA45033C3BF4A435397082BC3BF0000000000000000110D067665727465780CFFFFFFFF04FFFFFFFF0CFFFFFFFF0C1500000004020000000C03000000110D05706F696E740CFFFFFFFF04FFFFFFFF0CFFFFFFFF13531BDEA45033C3BF48435397
310
082BC33F0000000000000000110D067665727465780CFFFFFFFF04FFFFFFFF0CFFFFFFFF0C1800000004020000000C05000000110D05706F696E740CFFFFFFFF04FFFFFFFF0CFFFFFFFF13BD67C988B0C6D5BFB8FB03828CC2D53F0000000000000000110D067665727465780CFFFFFFFF04FFFFFFFF0CFFFFFFFF0C1B0000
310
0004020000000C07000000110D05706F696E740CFFFFFFFF04FFFFFFFF0CFFFFFFFF13E182E8201A83E3BFB8FB03828CC2D53F0000000000000000110D067665727465780CFFFFFFFF04FFFFFFFF0CFFFFFFFF0C1E00000004020000000C09000000110D05706F696E740CFFFFFFFF04FFFFFFFF0CFFFFFFFF13EBAF153C9E
310
99E9BF4B435397082BC33F0000000000000000110D067665727465780CFFFFFFFF04FFFFFFFF0CFFFFFFFF0C2100000004020000000C0B000000110D05706F696E740CFFFFFFFF04FFFFFFFF0CFFFFFFFF13EAAF153C9E99E9BF47435397082BC3BF0000000000000000110D067665727465780CFFFFFFFF04FFFFFFFF0CFF
310
FFFFFF0C2400000004020000000C0D000000110D05706F696E740CFFFFFFFF04FFFFFFFF0CFFFFFFFF13E182E8201A83E3BFB8FB03828CC2D5BF0000000000000000110D067665727465780CFFFFFFFF04FFFFFFFF0CFFFFFFFF0C2700000004020000000C0F000000110E07656C6C697073650D0563757276650CFFFFFFFF
310
04FFFFFFFF0CFFFFFFFF13BD67C988B0C6D5BF4A435397082BC3BF00000000000000001400000000000000000000000000000000000000000000F03F1401000000000090BC27B4B46C105AC8BF000000000000000006000000000000F03F0B0B110D04656467650CFFFFFFFF04FFFFFFFF0CFFFFFFFF0C0200000006000000
310
00000000000C0400000006182D4454FB21F93F0C130000000C110000000B0707756E6B6E6F776E110D06636F656467650CFFFFFFFF04FFFFFFFF0CFFFFFFFF0C160000000C280000000CFFFFFFFF0C120000000B0C2900000004000000000CFFFFFFFF110E0873747261696768740D0563757276650CFFFFFFFF04FFFFFFFF
310
0CFFFFFFFF13531BDEA45033C3BF4A435397082BC3BF000000000000000014000000000000000049435397082BD33F00000000000000000B0B110D04656467650CFFFFFFFF04FFFFFFFF0CFFFFFFFF0C040000000600000000000000000C0600000006000000000000F03F0C160000000C140000000B0707756E6B6E6F776E
310
110D06636F656467650CFFFFFFFF04FFFFFFFF0CFFFFFFFF0C190000000C130000000CFFFFFFFF0C150000000B0C2900000004000000000CFFFFFFFF110E07656C6C697073650D0563757276650CFFFFFFFF04FFFFFFFF0CFFFFFFFF13BD67C988B0C6D5BF48435397082BC33F000000000000000014000000000000000000
310
00000000000000000000000000F03F1427B4B46C105AC83F0000000000000000000000000000000006000000000000F03F0B0B110D04656467650CFFFFFFFF04FFFFFFFF0CFFFFFFFF0C060000000600000000000000000C0800000006182D4454FB21F93F0C190000000C170000000B0707756E6B6E6F776E110D06636F65
310
6467650CFFFFFFFF04FFFFFFFF0CFFFFFFFF0C1C0000000C160000000CFFFFFFFF0C180000000B0C2900000004000000000CFFFFFFFF110E0873747261696768740D0563757276650CFFFFFFFF04FFFFFFFF0CFFFFFFFF13BD67C988B0C6D5BFB8FB03828CC2D53F000000000000000014059E07B9833FD1BF000000000000
310
000000000000000000000B0B110D04656467650CFFFFFFFF04FFFFFFFF0CFFFFFFFF0C080000000600000000000000000C0A00000006000000000000F03F0C1C0000000C1A0000000B0707756E6B6E6F776E110D06636F656467650CFFFFFFFF04FFFFFFFF0CFFFFFFFF0C1F0000000C190000000CFFFFFFFF0C1B0000000B
310
0C2900000004000000000CFFFFFFFF110E07656C6C697073650D0563757276650CFFFFFFFF04FFFFFFFF0CFFFFFFFF13E182E8201A83E3BF4A435397082BC33F00000000000000001400000000000000000000000000000080000000000000F03F14000000000000000027B4B46C105AC83F00000000000000000600000000
310
0000F03F0B0B110D04656467650CFFFFFFFF04FFFFFFFF0CFFFFFFFF0C0A0000000600000000000000000C0C00000006182D4454FB21F93F0C1F0000000C1D0000000B0707756E6B6E6F776E110D06636F656467650CFFFFFFFF04FFFFFFFF0CFFFFFFFF0C220000000C1C0000000CFFFFFFFF0C1E0000000B0C2900000004
310
000000000CFFFFFFFF110E0873747261696768740D0563757276650CFFFFFFFF04FFFFFFFF0CFFFFFFFF13EBAF153C9E99E9BF4B435397082BC33F000000000000000014000000000000000049435397082BD3BF00000000000000000B0B110D04656467650CFFFFFFFF04FFFFFFFF0CFFFFFFFF0C0C000000060000000000
310
0000000C0E00000006000000000000F03F0C220000000C200000000B0707756E6B6E6F776E110D06636F656467650CFFFFFFFF04FFFFFFFF0CFFFFFFFF0C250000000C1F0000000CFFFFFFFF0C210000000B0C2900000004000000000CFFFFFFFF110E07656C6C697073650D0563757276650CFFFFFFFF04FFFFFFFF0CFFFF
310
FFFF13E182E8201A83E3BF48435397082BC3BF00000000000000001400000000000000000000000000000000000000000000F03F1427B4B46C105AC8BF000000000000803C000000000000000006000000000000F03F0B0B110D04656467650CFFFFFFFF04FFFFFFFF0CFFFFFFFF0C0E0000000600000000000000000C1000
310
000006182D4454FB21F93F0C250000000C230000000B0707756E6B6E6F776E110D06636F656467650CFFFFFFFF04FFFFFFFF0CFFFFFFFF0C280000000C220000000CFFFFFFFF0C240000000B0C2900000004000000000CFFFFFFFF110E0873747261696768740D0563757276650CFFFFFFFF04FFFFFFFF0CFFFFFFFF13E182
310
E8201A83E3BFB8FB03828CC2D5BF000000000000000014049E07B9833FD13F000000000000000000000000000000000B0B110D04656467650CFFFFFFFF04FFFFFFFF0CFFFFFFFF0C100000000600000000000000000C0200000006000000000000F03F0C280000000C260000000B0707756E6B6E6F776E110D06636F656467
310
650CFFFFFFFF04FFFFFFFF0CFFFFFFFF0C130000000C250000000CFFFFFFFF0C270000000B0C2900000004000000000CFFFFFFFF110D046C6F6F700CFFFFFFFF04FFFFFFFF0CFFFFFFFF0CFFFFFFFF0C130000000C2B000000110E05706C616E650D07737572666163650CFFFFFFFF04FFFFFFFF0CFFFFFFFF13BE67C988B0
310
C6D5BF000000000000000000000000000000001400000000000000000000000000000080000000000000F03F14000000000000F03F000000000000000000000000000000800B0B0B0B0B110D04666163650CFFFFFFFF04FFFFFFFF0CFFFFFFFF0CFFFFFFFF0C290000000C2C0000000CFFFFFFFF0C2A0000000B0A0B110D05
310
7368656C6C0CFFFFFFFF04FFFFFFFF0CFFFFFFFF0CFFFFFFFF0CFFFFFFFF0C2B0000000CFFFFFFFF0C2D000000110D046C756D700CFFFFFFFF04FFFFFFFF0CFFFFFFFF0CFFFFFFFF0C2C0000000C00000000110E03456E640E026F660E0341534D0D0464617461
  0
ACDSRECORD
 90
        1
  2
AcDbDs::ID
280
    10
320
152
  2
ASM_Data
280
    15
 94
     3024
310
414349532042696E61727946696C652855000000000000010000000C00000007214F70656E2044657369676E20416C6C69616E63652041434953204275696C646572070E41434953203231382E3030204E540718546875204A756E2032372031363A32383A3231203230323406000000000000F03F0648AFBC9AF2D77A3E06
310
BBBDD7D9DF7CDB3D0D04626F64790CFFFFFFFF04FFFFFFFF0CFFFFFFFF0C2D0000000CFFFFFFFF0CFFFFFFFF110D05706F696E740CFFFFFFFF04FFFFFFFF0CFFFFFFFF13BD67C988B0C6D53FEEDD512997C2D53F0000000000000000110D067665727465780CFFFFFFFF04FFFFFFFF0CFFFFFFFF0C2700000004020000000C
310
01000000110D05706F696E740CFFFFFFFF04FFFFFFFF0CFFFFFFFF13531BDEA45033C33FB607EFE51D2BC33F0000000000000000110D067665727465780CFFFFFFFF04FFFFFFFF0CFFFFFFFF0C1500000004020000000C03000000110D05706F696E740CFFFFFFFF04FFFFFFFF0CFFFFFFFF13531BDEA45033C33FDC7EB748
310
F32AC3BF0000000000000000110D067665727465780CFFFFFFFF04FFFFFFFF0CFFFFFFFF0C1800000004020000000C05000000110D05706F696E740CFFFFFFFF04FFFFFFFF0CFFFFFFFF13BC67C988B0C6D53F8219B6DA81C2D5BF0000000000000000110D067665727465780CFFFFFFFF04FFFFFFFF0CFFFFFFFF0C1B0000
310
0004020000000C07000000110D05706F696E740CFFFFFFFF04FFFFFFFF0CFFFFFFFF13E182E8201A83E33F8219B6DA81C2D5BF0000000000000000110D067665727465780CFFFFFFFF04FFFFFFFF0CFFFFFFFF0C1E00000004020000000C09000000110D05706F696E740CFFFFFFFF04FFFFFFFF0CFFFFFFFF13EBAF153C9E
310
99E93FDD7EB748F32AC3BF0000000000000000110D067665727465780CFFFFFFFF04FFFFFFFF0CFFFFFFFF0C2100000004020000000C0B000000110D05706F696E740CFFFFFFFF04FFFFFFFF0CFFFFFFFF13EAAF153C9E99E93FB507EFE51D2BC33F0000000000000000110D067665727465780CFFFFFFFF04FFFFFFFF0CFF
310
FFFFFF0C2400000004020000000C0D000000110D05706F696E740CFFFFFFFF04FFFFFFFF0CFFFFFFFF13E182E8201A83E33FEEDD512997C2D53F0000000000000000110D067665727465780CFFFFFFFF04FFFFFFFF0CFFFFFFFF0C2700000004020000000C0F000000110E07656C6C697073650D0563757276650CFFFFFFFF
310
04FFFFFFFF0CFFFFFFFF13BD67C988B0C6D53FB507EFE51D2BC33F00000000000000001400000000000000000000000000000080000000000000F03F14000000000000000027B4B46C105AC83F000000000000000006000000000000F03F0B0B110D04656467650CFFFFFFFF04FFFFFFFF0CFFFFFFFF0C0200000006000000
310
00000000000C0400000006182D4454FB21F93F0C130000000C110000000B0707756E6B6E6F776E110D06636F656467650CFFFFFFFF04FFFFFFFF0CFFFFFFFF0C160000000C280000000CFFFFFFFF0C120000000B0C2900000004000000000CFFFFFFFF110E0873747261696768740D0563757276650CFFFFFFFF04FFFFFFFF
310
0CFFFFFFFF13531BDEA45033C33FB607EFE51D2BC33F000000000000000014000000000000000049435397082BD3BF00000000000000000B0B110D04656467650CFFFFFFFF04FFFFFFFF0CFFFFFFFF0C040000000600000000000000000C0600000006000000000000F03F0C160000000C140000000B0707756E6B6E6F776E
310
110D06636F656467650CFFFFFFFF04FFFFFFFF0CFFFFFFFF0C190000000C130000000CFFFFFFFF0C150000000B0C2900000004000000000CFFFFFFFF110E07656C6C697073650D0563757276650CFFFFFFFF04FFFFFFFF0CFFFFFFFF13BD67C988B0C6D53FDD7EB748F32AC3BF000000000000000014000000000000000000
310
00000000000000000000000000F03F1427B4B46C105AC8BF000000000000803C000000000000000006000000000000F03F0B0B110D04656467650CFFFFFFFF04FFFFFFFF0CFFFFFFFF0C060000000600000000000000000C0800000006182D4454FB21F93F0C190000000C170000000B0707756E6B6E6F776E110D06636F65
310
6467650CFFFFFFFF04FFFFFFFF0CFFFFFFFF0C1C0000000C160000000CFFFFFFFF0C180000000B0C2900000004000000000CFFFFFFFF110E0873747261696768740D0563757276650CFFFFFFFF04FFFFFFFF0CFFFFFFFF13BC67C988B0C6D53F8219B6DA81C2D5BF000000000000000014069E07B9833FD13F000000000000
310
000000000000000000000B0B110D04656467650CFFFFFFFF04FFFFFFFF0CFFFFFFFF0C080000000600000000000000000C0A00000006000000000000F03F0C1C0000000C1A0000000B0707756E6B6E6F776E110D06636F656467650CFFFFFFFF04FFFFFFFF0CFFFFFFFF0C1F0000000C190000000CFFFFFFFF0C1B0000000B
310
0C2900000004000000000CFFFFFFFF110E07656C6C697073650D0563757276650CFFFFFFFF04FFFFFFFF0CFFFFFFFF13E182E8201A83E33FDD7EB748F32AC3BF00000000000000001400000000000000000000000000000000000000000000F03F14000000000000000027B4B46C105AC8BF00000000000000000600000000
310
0000F03F0B0B110D04656467650CFFFFFFFF04FFFFFFFF0CFFFFFFFF0C0A0000000600000000000000000C0C00000006182D4454FB21F93F0C1F0000000C1D0000000B0707756E6B6E6F776E110D06636F656467650CFFFFFFFF04FFFFFFFF0CFFFFFFFF0C220000000C1C0000000CFFFFFFFF0C1E0000000B0C2900000004
310
000000000CFFFFFFFF110E0873747261696768740D0563757276650CFFFFFFFF04FFFFFFFF0CFFFFFFFF13EBAF153C9E99E93FDD7EB748F32AC3BF000000000000000014000000000000000049435397082BD33F00000000000000000B0B110D04656467650CFFFFFFFF04FFFFFFFF0CFFFFFFFF0C0C000000060000000000
310
0000000C0E00000006000000000000F03F0C220000000C200000000B0707756E6B6E6F776E110D06636F656467650CFFFFFFFF04FFFFFFFF0CFFFFFFFF0C250000000C1F0000000CFFFFFFFF0C210000000B0C2900000004000000000CFFFFFFFF110E07656C6C697073650D0563757276650CFFFFFFFF04FFFFFFFF0CFFFF
310
FFFF13E182E8201A83E33FB507EFE51D2BC33F00000000000000001400000000000000000000000000000000000000000000F03F1427B4B46C105AC83F0000000000000000000000000000000006000000000000F03F0B0B110D04656467650CFFFFFFFF04FFFFFFFF0CFFFFFFFF0C0E0000000600000000000000000C1000
310
000006182D4454FB21F93F0C250000000C230000000B0707756E6B6E6F776E110D06636F656467650CFFFFFFFF04FFFFFFFF0CFFFFFFFF0C280000000C220000000CFFFFFFFF0C240000000B0C2900000004000000000CFFFFFFFF110E0873747261696768740D0563757276650CFFFFFFFF04FFFFFFFF0CFFFFFFFF13E182
310
E8201A83E33FEEDD512997C2D53F000000000000000014059E07B9833FD1BF000000000000000000000000000000000B0B110D04656467650CFFFFFFFF04FFFFFFFF0CFFFFFFFF0C100000000600000000000000000C0200000006000000000000F03F0C280000000C260000000B0707756E6B6E6F776E110D06636F656467
310
650CFFFFFFFF04FFFFFFFF0CFFFFFFFF0C130000000C250000000CFFFFFFFF0C270000000B0C2900000004000000000CFFFFFFFF110D046C6F6F700CFFFFFFFF04FFFFFFFF0CFFFFFFFF0CFFFFFFFF0C130000000C2B000000110E05706C616E650D07737572666163650CFFFFFFFF04FFFFFFFF0CFFFFFFFF13BC67C988B0
310
C6D53F00006CC49B4EC53E00000000000000001400000000000000800000000000000000000000000000F03F14000000000000F0BF000000000000000000000000000000800B0B0B0B0B110D04666163650CFFFFFFFF04FFFFFFFF0CFFFFFFFF0CFFFFFFFF0C290000000C2C0000000CFFFFFFFF0C2A0000000B0A0B110D05
310
7368656C6C0CFFFFFFFF04FFFFFFFF0CFFFFFFFF0CFFFFFFFF0CFFFFFFFF0C2B0000000CFFFFFFFF0C2D000000110D046C756D700CFFFFFFFF04FFFFFFFF0CFFFFFFFF0CFFFFFFFF0C2C0000000C00000000110E03456E640E026F660E0341534D0D0464617461
  0
ACDSRECORD
 90
        1
  2
AcDbDs::ID
280
    10
320
154
  2
ASM_Data
280
    15
 94
     3024
310
414349532042696E61727946696C652855000000000000010000000C00000007214F70656E2044657369676E20416C6C69616E63652041434953204275696C646572070E41434953203231382E3030204E540718546875204A756E2032372031363A32383A3231203230323406000000000000F03F0648AFBC9AF2D77A3E06
310
BBBDD7D9DF7CDB3D0D04626F64790CFFFFFFFF04FFFFFFFF0CFFFFFFFF0C2D0000000CFFFFFFFF0CFFFFFFFF110D05706F696E740CFFFFFFFF04FFFFFFFF0CFFFFFFFF13BE67C988B0C6D5BF8219B6DA81C2D5BF0000000000000000110D067665727465780CFFFFFFFF04FFFFFFFF0CFFFFFFFF0C2700000004020000000C
310
01000000110D05706F696E740CFFFFFFFF04FFFFFFFF0CFFFFFFFF13531BDEA45033C3BFDD7EB748F32AC3BF0000000000000000110D067665727465780CFFFFFFFF04FFFFFFFF0CFFFFFFFF0C1500000004020000000C03000000110D05706F696E740CFFFFFFFF04FFFFFFFF0CFFFFFFFF13531BDEA45033C3BFB507EFE5
310
1D2BC33F0000000000000000110D067665727465780CFFFFFFFF04FFFFFFFF0CFFFFFFFF0C1800000004020000000C05000000110D05706F696E740CFFFFFFFF04FFFFFFFF0CFFFFFFFF13BD67C988B0C6D5BFEEDD512997C2D53F0000000000000000110D067665727465780CFFFFFFFF04FFFFFFFF0CFFFFFFFF0C1B0000
310
0004020000000C07000000110D05706F696E740CFFFFFFFF04FFFFFFFF0CFFFFFFFF13E182E8201A83E3BFEEDD512997C2D53F0000000000000000110D067665727465780CFFFFFFFF04FFFFFFFF0CFFFFFFFF0C1E00000004020000000C09000000110D05706F696E740CFFFFFFFF04FFFFFFFF0CFFFFFFFF13EBAF153C9E
310
99E9BFB607EFE51D2BC33F0000000000000000110D067665727465780CFFFFFFFF04FFFFFFFF0CFFFFFFFF0C2100000004020000000C0B000000110D05706F696E740CFFFFFFFF04FFFFFFFF0CFFFFFFFF13EAAF153C9E99E9BFDB7EB748F32AC3BF0000000000000000110D067665727465780CFFFFFFFF04FFFFFFFF0CFF
310
FFFFFF0C2400000004020000000C0D000000110D05706F696E740CFFFFFFFF04FFFFFFFF0CFFFFFFFF13E182E8201A83E3BF8219B6DA81C2D5BF0000000000000000110D067665727465780CFFFFFFFF04FFFFFFFF0CFFFFFFFF0C2700000004020000000C0F000000110E07656C6C697073650D0563757276650CFFFFFFFF
310
04FFFFFFFF0CFFFFFFFF13BD67C988B0C6D5BFDD7EB748F32AC3BF00000000000000001400000000000000000000000000000000000000000000F03F1400000000000090BC27B4B46C105AC8BF000000000000000006000000000000F03F0B0B110D04656467650CFFFFFFFF04FFFFFFFF0CFFFFFFFF0C0200000006000000
310
00000000000C0400000006182D4454FB21F93F0C130000000C110000000B0707756E6B6E6F776E110D06636F656467650CFFFFFFFF04FFFFFFFF0CFFFFFFFF0C160000000C280000000CFFFFFFFF0C120000000B0C2900000004000000000CFFFFFFFF110E0873747261696768740D0563757276650CFFFFFFFF04FFFFFFFF
310
0CFFFFFFFF13531BDEA45033C3BFDD7EB748F32AC3BF000000000000000014000000000000000049435397082BD33F00000000000000000B0B110D04656467650CFFFFFFFF04FFFFFFFF0CFFFFFFFF0C040000000600000000000000000C0600000006000000000000F03F0C160000000C140000000B0707756E6B6E6F776E
310
110D06636F656467650CFFFFFFFF04FFFFFFFF0CFFFFFFFF0C190000000C130000000CFFFFFFFF0C150000000B0C2900000004000000000CFFFFFFFF110E07656C6C697073650D0563757276650CFFFFFFFF04FFFFFFFF0CFFFFFFFF13BD67C988B0C6D5BFB507EFE51D2BC33F000000000000000014000000000000000000
310
00000000000000000000000000F03F1427B4B46C105AC83F0000000000000000000000000000000006000000000000F03F0B0B110D04656467650CFFFFFFFF04FFFFFFFF0CFFFFFFFF0C060000000600000000000000000C0800000006182D4454FB21F93F0C190000000C170000000B0707756E6B6E6F776E110D06636F65
310
6467650CFFFFFFFF04FFFFFFFF0CFFFFFFFF0C1C0000000C160000000CFFFFFFFF0C180000000B0C2900000004000000000CFFFFFFFF110E0873747261696768740D0563757276650CFFFFFFFF04FFFFFFFF0CFFFFFFFF13BD67C988B0C6D5BFEEDD512997C2D53F000000000000000014059E07B9833FD1BF000000000000
310
000000000000000000000B0B110D04656467650CFFFFFFFF04FFFFFFFF0CFFFFFFFF0C080000000600000000000000000C0A00000006000000000000F03F0C1C0000000C1A0000000B0707756E6B6E6F776E110D06636F656467650CFFFFFFFF04FFFFFFFF0CFFFFFFFF0C1F0000000C190000000CFFFFFFFF0C1B0000000B
310
0C2900000004000000000CFFFFFFFF110E07656C6C697073650D0563757276650CFFFFFFFF04FFFFFFFF0CFFFFFFFF13E182E8201A83E3BFB507EFE51D2BC33F00000000000000001400000000000000000000000000000080000000000000F03F14000000000000000027B4B46C105AC83F00000000000000000600000000
310
0000F03F0B0B110D04656467650CFFFFFFFF04FFFFFFFF0CFFFFFFFF0C0A0000000600000000000000000C0C00000006182D4454FB21F93F0C1F0000000C1D0000000B0707756E6B6E6F776E110D06636F656467650CFFFFFFFF04FFFFFFFF0CFFFFFFFF0C220000000C1C0000000CFFFFFFFF0C1E0000000B0C2900000004
310
000000000CFFFFFFFF110E0873747261696768740D0563757276650CFFFFFFFF04FFFFFFFF0CFFFFFFFF13EBAF153C9E99E9BFB607EFE51D2BC33F000000000000000014000000000000000048435397082BD3BF00000000000000000B0B110D04656467650CFFFFFFFF04FFFFFFFF0CFFFFFFFF0C0C000000060000000000
310
0000000C0E00000006000000000000F03F0C220000000C200000000B0707756E6B6E6F776E110D06636F656467650CFFFFFFFF04FFFFFFFF0CFFFFFFFF0C250000000C1F0000000CFFFFFFFF0C210000000B0C2900000004000000000CFFFFFFFF110E07656C6C697073650D0563757276650CFFFFFFFF04FFFFFFFF0CFFFF
310
FFFF13E182E8201A83E3BFDC7EB748F32AC3BF00000000000000001400000000000000000000000000000000000000000000F03F1427B4B46C105AC8BF000000000000803C000000000000000006000000000000F03F0B0B110D04656467650CFFFFFFFF04FFFFFFFF0CFFFFFFFF0C0E0000000600000000000000000C1000
310
000006182D4454FB21F93F0C250000000C230000000B0707756E6B6E6F776E110D06636F656467650CFFFFFFFF04FFFFFFFF0CFFFFFFFF0C280000000C220000000CFFFFFFFF0C240000000B0C2900000004000000000CFFFFFFFF110E0873747261696768740D0563757276650CFFFFFFFF04FFFFFFFF0CFFFFFFFF13E182
310
E8201A83E3BF8219B6DA81C2D5BF000000000000000014049E07B9833FD13F000000000000000000000000000000000B0B110D04656467650CFFFFFFFF04FFFFFFFF0CFFFFFFFF0C100000000600000000000000000C0200000006000000000000F03F0C280000000C260000000B0707756E6B6E6F776E110D06636F656467
310
650CFFFFFFFF04FFFFFFFF0CFFFFFFFF0C130000000C250000000CFFFFFFFF0C270000000B0C2900000004000000000CFFFFFFFF110D046C6F6F700CFFFFFFFF04FFFFFFFF0CFFFFFFFF0CFFFFFFFF0C130000000C2B000000110E05706C616E650D07737572666163650CFFFFFFFF04FFFFFFFF0CFFFFFFFF13BE67C988B0
310
C6D5BF00006CC49B4EC53E00000000000000001400000000000000000000000000000080000000000000F03F14000000000000F03F000000000000000000000000000000800B0B0B0B0B110D04666163650CFFFFFFFF04FFFFFFFF0CFFFFFFFF0CFFFFFFFF0C290000000C2C0000000CFFFFFFFF0C2A0000000B0A0B110D05
310
7368656C6C0CFFFFFFFF04FFFFFFFF0CFFFFFFFF0CFFFFFFFF0CFFFFFFFF0C2B0000000CFFFFFFFF0C2D000000110D046C756D700CFFFFFFFF04FFFFFFFF0CFFFFFFFF0CFFFFFFFF0C2C0000000C00000000110E03456E640E026F660E0341534D0D0464617461
  0
ACDSRECORD
 90
        1
  2
AcDbDs::ID
280
    10
320
158
  2
ASM_Data
280
    15
 94
     3024
310
414349532042696E61727946696C652855000000000000010000000C00000007214F70656E2044657369676E20416C6C69616E63652041434953204275696C646572070E41434953203231382E3030204E540718546875204A756E2032372031363A32383A3231203230323406000000000000F03F0648AFBC9AF2D77A3E06
310
BBBDD7D9DF7CDB3D0D04626F64790CFFFFFFFF04FFFFFFFF0CFFFFFFFF0C2D0000000CFFFFFFFF0CFFFFFFFF110D05706F696E740CFFFFFFFF04FFFFFFFF0CFFFFFFFF13BD67C988B0C6D53FB8FB03828CC2D53F0000000000000000110D067665727465780CFFFFFFFF04FFFFFFFF0CFFFFFFFF0C2700000004020000000C
310
01000000110D05706F696E740CFFFFFFFF04FFFFFFFF0CFFFFFFFF13531BDEA45033C33F4A435397082BC33F0000000000000000110D067665727465780CFFFFFFFF04FFFFFFFF0CFFFFFFFF0C1500000004020000000C03000000110D05706F696E740CFFFFFFFF04FFFFFFFF0CFFFFFFFF13531BDEA45033C33F48435397
310
082BC3BF0000000000000000110D067665727465780CFFFFFFFF04FFFFFFFF0CFFFFFFFF0C1800000004020000000C05000000110D05706F696E740CFFFFFFFF04FFFFFFFF0CFFFFFFFF13BC67C988B0C6D53FB8FB03828CC2D5BF0000000000000000110D067665727465780CFFFFFFFF04FFFFFFFF0CFFFFFFFF0C1B0000
310
0004020000000C07000000110D05706F696E740CFFFFFFFF04FFFFFFFF0CFFFFFFFF13E182E8201A83E33FB8FB03828CC2D5BF0000000000000000110D067665727465780CFFFFFFFF04FFFFFFFF0CFFFFFFFF0C1E00000004020000000C09000000110D05706F696E740CFFFFFFFF04FFFFFFFF0CFFFFFFFF13EBAF153C9E
310
99E93F49435397082BC3BF0000000000000000110D067665727465780CFFFFFFFF04FFFFFFFF0CFFFFFFFF0C2100000004020000000C0B000000110D05706F696E740CFFFFFFFF04FFFFFFFF0CFFFFFFFF13EAAF153C9E99E93F49435397082BC33F0000000000000000110D067665727465780CFFFFFFFF04FFFFFFFF0CFF
310
FFFFFF0C2400000004020000000C0D000000110D05706F696E740CFFFFFFFF04FFFFFFFF0CFFFFFFFF13E182E8201A83E33FB8FB03828CC2D53F0000000000000000110D067665727465780CFFFFFFFF04FFFFFFFF0CFFFFFFFF0C2700000004020000000C0F000000110E07656C6C697073650D0563757276650CFFFFFFFF
310
04FFFFFFFF0CFFFFFFFF13BD67C988B0C6D53F49435397082BC33F00000000000000001400000000000000000000000000000080000000000000F03F14000000000000000027B4B46C105AC83F000000000000000006000000000000F03F0B0B110D04656467650CFFFFFFFF04FFFFFFFF0CFFFFFFFF0C0200000006000000
310
00000000000C0400000006182D4454FB21F93F0C130000000C110000000B0707756E6B6E6F776E110D06636F656467650CFFFFFFFF04FFFFFFFF0CFFFFFFFF0C160000000C280000000CFFFFFFFF0C120000000B0C2900000004000000000CFFFFFFFF110E0873747261696768740D0563757276650CFFFFFFFF04FFFFFFFF
310
0CFFFFFFFF13531BDEA45033C33F4A435397082BC33F000000000000000014000000000000000049435397082BD3BF00000000000000000B0B110D04656467650CFFFFFFFF04FFFFFFFF0CFFFFFFFF0C040000000600000000000000000C0600000006000000000000F03F0C160000000C140000000B0707756E6B6E6F776E
310
110D06636F656467650CFFFFFFFF04FFFFFFFF0CFFFFFFFF0C190000000C130000000CFFFFFFFF0C150000000B0C2900000004000000000CFFFFFFFF110E07656C6C697073650D0563757276650CFFFFFFFF04FFFFFFFF0CFFFFFFFF13BD67C988B0C6D53F49435397082BC3BF000000000000000014000000000000000000
310
00000000000000000000000000F03F1427B4B46C105AC8BF000000000000803C000000000000000006000000000000F03F0B0B110D04656467650CFFFFFFFF04FFFFFFFF0CFFFFFFFF0C060000000600000000000000000C0800000006182D4454FB21F93F0C190000000C170000000B0707756E6B6E6F776E110D06636F65
310
6467650CFFFFFFFF04FFFFFFFF0CFFFFFFFF0C1C0000000C160000000CFFFFFFFF0C180000000B0C2900000004000000000CFFFFFFFF110E0873747261696768740D0563757276650CFFFFFFFF04FFFFFFFF0CFFFFFFFF13BC67C988B0C6D53FB8FB03828CC2D5BF000000000000000014069E07B9833FD13F000000000000
310
000000000000000000000B0B110D04656467650CFFFFFFFF04FFFFFFFF0CFFFFFFFF0C080000000600000000000000000C0A00000006000000000000F03F0C1C0000000C1A0000000B0707756E6B6E6F776E110D06636F656467650CFFFFFFFF04FFFFFFFF0CFFFFFFFF0C1F0000000C190000000CFFFFFFFF0C1B0000000B
310
0C2900000004000000000CFFFFFFFF110E07656C6C697073650D0563757276650CFFFFFFFF04FFFFFFFF0CFFFFFFFF13E182E8201A83E33F49435397082BC3BF00000000000000001400000000000000000000000000000000000000000000F03F14000000000000000027B4B46C105AC8BF00000000000000000600000000
310
0000F03F0B0B110D04656467650CFFFFFFFF04FFFFFFFF0CFFFFFFFF0C0A0000000600000000000000000C0C00000006182D4454FB21F93F0C1F0000000C1D0000000B0707756E6B6E6F776E110D06636F656467650CFFFFFFFF04FFFFFFFF0CFFFFFFFF0C220000000C1C0000000CFFFFFFFF0C1E0000000B0C2900000004
310
000000000CFFFFFFFF110E0873747261696768740D0563757276650CFFFFFFFF04FFFFFFFF0CFFFFFFFF13EBAF153C9E99E93F49435397082BC3BF000000000000000014000000000000000049435397082BD33F00000000000000000B0B110D04656467650CFFFFFFFF04FFFFFFFF0CFFFFFFFF0C0C000000060000000000
310
0000000C0E00000006000000000000F03F0C220000000C200000000B0707756E6B6E6F776E110D06636F656467650CFFFFFFFF04FFFFFFFF0CFFFFFFFF0C250000000C1F0000000CFFFFFFFF0C210000000B0C2900000004000000000CFFFFFFFF110E07656C6C697073650D0563757276650CFFFFFFFF04FFFFFFFF0CFFFF
310
FFFF13E182E8201A83E33F49435397082BC33F00000000000000001400000000000000000000000000000000000000000000F03F1427B4B46C105AC83F0000000000000000000000000000000006000000000000F03F0B0B110D04656467650CFFFFFFFF04FFFFFFFF0CFFFFFFFF0C0E0000000600000000000000000C1000
310
000006182D4454FB21F93F0C250000000C230000000B0707756E6B6E6F776E110D06636F656467650CFFFFFFFF04FFFFFFFF0CFFFFFFFF0C280000000C220000000CFFFFFFFF0C240000000B0C2900000004000000000CFFFFFFFF110E0873747261696768740D0563757276650CFFFFFFFF04FFFFFFFF0CFFFFFFFF13E182
310
E8201A83E33FB8FB03828CC2D53F000000000000000014059E07B9833FD1BF000000000000000000000000000000000B0B110D04656467650CFFFFFFFF04FFFFFFFF0CFFFFFFFF0C100000000600000000000000000C0200000006000000000000F03F0C280000000C260000000B0707756E6B6E6F776E110D06636F656467
310
650CFFFFFFFF04FFFFFFFF0CFFFFFFFF0C130000000C250000000CFFFFFFFF0C270000000B0C2900000004000000000CFFFFFFFF110D046C6F6F700CFFFFFFFF04FFFFFFFF0CFFFFFFFF0CFFFFFFFF0C130000000C2B000000110E05706C616E650D07737572666163650CFFFFFFFF04FFFFFFFF0CFFFFFFFF13BC67C988B0
310
C6D53F000000000000000000000000000000001400000000000000800000000000000000000000000000F03F14000000000000F0BF000000000000000000000000000000800B0B0B0B0B110D04666163650CFFFFFFFF04FFFFFFFF0CFFFFFFFF0CFFFFFFFF0C290000000C2C0000000CFFFFFFFF0C2A0000000B0A0B110D05
310
7368656C6C0CFFFFFFFF04FFFFFFFF0CFFFFFFFF0CFFFFFFFF0CFFFFFFFF0C2B0000000CFFFFFFFF0C2D000000110D046C756D700CFFFFFFFF04FFFFFFFF0CFFFFFFFF0CFFFFFFFF0C2C0000000C00000000110E03456E640E026F660E0341534D0D0464617461
  0
ACDSRECORD
 90
        1
  2
AcDbDs::ID
280
    10
320
15A
  2
ASM_Data
280
    15
 94
     3024
310
414349532042696E61727946696C652855000000000000010000000C00000007214F70656E2044657369676E20416C6C69616E63652041434953204275696C646572070E41434953203231382E3030204E540718546875204A756E2032372031363A32383A3231203230323406000000000000F03F0648AFBC9AF2D77A3E06
310
BBBDD7D9DF7CDB3D0D04626F64790CFFFFFFFF04FFFFFFFF0CFFFFFFFF0C2D0000000CFFFFFFFF0CFFFFFFFF110D05706F696E740CFFFFFFFF04FFFFFFFF0CFFFFFFFF13BE67C988B0C6D5BFB8FB03828CC2D5BF0000000000000000110D067665727465780CFFFFFFFF04FFFFFFFF0CFFFFFFFF0C2700000004020000000C
310
01000000110D05706F696E740CFFFFFFFF04FFFFFFFF0CFFFFFFFF13531BDEA45033C3BF4A435397082BC3BF0000000000000000110D067665727465780CFFFFFFFF04FFFFFFFF0CFFFFFFFF0C1500000004020000000C03000000110D05706F696E740CFFFFFFFF04FFFFFFFF0CFFFFFFFF13531BDEA45033C3BF48435397
310
082BC33F0000000000000000110D067665727465780CFFFFFFFF04FFFFFFFF0CFFFFFFFF0C1800000004020000000C05000000110D05706F696E740CFFFFFFFF04FFFFFFFF0CFFFFFFFF13BD67C988B0C6D5BFB8FB03828CC2D53F0000000000000000110D067665727465780CFFFFFFFF04FFFFFFFF0CFFFFFFFF0C1B0000
310
0004020000000C07000000110D05706F696E740CFFFFFFFF04FFFFFFFF0CFFFFFFFF13E182E8201A83E3BFB8FB03828CC2D53F0000000000000000110D067665727465780CFFFFFFFF04FFFFFFFF0CFFFFFFFF0C1E00000004020000000C09000000110D05706F696E740CFFFFFFFF04FFFFFFFF0CFFFFFFFF13EBAF153C9E
310
99E9BF4B435397082BC33F0000000000000000110D067665727465780CFFFFFFFF04FFFFFFFF0CFFFFFFFF0C2100000004020000000C0B000000110D05706F696E740CFFFFFFFF04FFFFFFFF0CFFFFFFFF13EAAF153C9E99E9BF47435397082BC3BF0000000000000000110D067665727465780CFFFFFFFF04FFFFFFFF0CFF
310
FFFFFF0C2400000004020000000C0D000000110D05706F696E740CFFFFFFFF04FFFFFFFF0CFFFFFFFF13E182E8201A83E3BFB8FB03828CC2D5BF0000000000000000110D067665727465780CFFFFFFFF04FFFFFFFF0CFFFFFFFF0C2700000004020000000C0F000000110E07656C6C697073650D0563757276650CFFFFFFFF
310
04FFFFFFFF0CFFFFFFFF13BD67C988B0C6D5BF4A435397082BC3BF00000000000000001400000000000000000000000000000000000000000000F03F1401000000000090BC27B4B46C105AC8BF000000000000000006000000000000F03F0B0B110D04656467650CFFFFFFFF04FFFFFFFF0CFFFFFFFF0C0200000006000000
310
00000000000C0400000006182D4454FB21F93F0C130000000C110000000B0707756E6B6E6F776E110D06636F656467650CFFFFFFFF04FFFFFFFF0CFFFFFFFF0C160000000C280000000CFFFFFFFF0C120000000B0C2900000004000000000CFFFFFFFF110E0873747261696768740D0563757276650CFFFFFFFF04FFFFFFFF
310
0CFFFFFFFF13531BDEA45033C3BF4A435397082BC3BF000000000000000014000000000000000049435397082BD33F00000000000000000B0B110D04656467650CFFFFFFFF04FFFFFFFF0CFFFFFFFF0C040000000600000000000000000C0600000006000000000000F03F0C160000000C140000000B0707756E6B6E6F776E
310
110D06636F656467650CFFFFFFFF04FFFFFFFF0CFFFFFFFF0C190000000C130000000CFFFFFFFF0C150000000B0C2900000004000000000CFFFFFFFF110E07656C6C697073650D0563757276650CFFFFFFFF04FFFFFFFF0CFFFFFFFF13BD67C988B0C6D5BF48435397082BC33F000000000000000014000000000000000000
310
00000000000000000000000000F03F1427B4B46C105AC83F0000000000000000000000000000000006000000000000F03F0B0B110D04656467650CFFFFFFFF04FFFFFFFF0CFFFFFFFF0C060000000600000000000000000C0800000006182D4454FB21F93F0C190000000C170000000B0707756E6B6E6F776E110D06636F65
310
6467650CFFFFFFFF04FFFFFFFF0CFFFFFFFF0C1C0000000C160000000CFFFFFFFF0C180000000B0C2900000004000000000CFFFFFFFF110E0873747261696768740D0563757276650CFFFFFFFF04FFFFFFFF0CFFFFFFFF13BD67C988B0C6D5BFB8FB03828CC2D53F000000000000000014059E07B9833FD1BF000000000000
310
000000000000000000000B0B110D04656467650CFFFFFFFF04FFFFFFFF0CFFFFFFFF0C080000000600000000000000000C0A00000006000000000000F03F0C1C0000000C1A0000000B0707756E6B6E6F776E110D06636F656467650CFFFFFFFF04FFFFFFFF0CFFFFFFFF0C1F0000000C190000000CFFFFFFFF0C1B0000000B
310
0C2900000004000000000CFFFFFFFF110E07656C6C697073650D0563757276650CFFFFFFFF04FFFFFFFF0CFFFFFFFF13E182E8201A83E3BF4A435397082BC33F00000000000000001400000000000000000000000000000080000000000000F03F14000000000000000027B4B46C105AC83F00000000000000000600000000
310
0000F03F0B0B110D04656467650CFFFFFFFF04FFFFFFFF0CFFFFFFFF0C0A0000000600000000000000000C0C00000006182D4454FB21F93F0C1F0000000C1D0000000B0707756E6B6E6F776E110D06636F656467650CFFFFFFFF04FFFFFFFF0CFFFFFFFF0C220000000C1C0000000CFFFFFFFF0C1E0000000B0C2900000004
310
000000000CFFFFFFFF110E0873747261696768740D0563757276650CFFFFFFFF04FFFFFFFF0CFFFFFFFF13EBAF153C9E99E9BF4B435397082BC33F000000000000000014000000000000000049435397082BD3BF00000000000000000B0B110D04656467650CFFFFFFFF04FFFFFFFF0CFFFFFFFF0C0C000000060000000000
310
0000000C0E00000006000000000000F03F0C220000000C200000000B0707756E6B6E6F776E110D06636F656467650CFFFFFFFF04FFFFFFFF0CFFFFFFFF0C250000000C1F0000000CFFFFFFFF0C210000000B0C2900000004000000000CFFFFFFFF110E07656C6C697073650D0563757276650CFFFFFFFF04FFFFFFFF0CFFFF
310
FFFF13E182E8201A83E3BF48435397082BC3BF00000000000000001400000000000000000000000000000000000000000000F03F1427B4B46C105AC8BF000000000000803C000000000000000006000000000000F03F0B0B110D04656467650CFFFFFFFF04FFFFFFFF0CFFFFFFFF0C0E0000000600000000000000000C1000
310
000006182D4454FB21F93F0C250000000C230000000B0707756E6B6E6F776E110D06636F656467650CFFFFFFFF04FFFFFFFF0CFFFFFFFF0C280000000C220000000CFFFFFFFF0C240000000B0C2900000004000000000CFFFFFFFF110E0873747261696768740D0563757276650CFFFFFFFF04FFFFFFFF0CFFFFFFFF13E182
310
E8201A83E3BFB8FB03828CC2D5BF000000000000000014049E07B9833FD13F000000000000000000000000000000000B0B110D04656467650CFFFFFFFF04FFFFFFFF0CFFFFFFFF0C100000000600000000000000000C0200000006000000000000F03F0C280000000C260000000B0707756E6B6E6F776E110D06636F656467
310
650CFFFFFFFF04FFFFFFFF0CFFFFFFFF0C130000000C250000000CFFFFFFFF0C270000000B0C2900000004000000000CFFFFFFFF110D046C6F6F700CFFFFFFFF04FFFFFFFF0CFFFFFFFF0CFFFFFFFF0C130000000C2B000000110E05706C616E650D07737572666163650CFFFFFFFF04FFFFFFFF0CFFFFFFFF13BE67C988B0
310
C6D5BF000000000000000000000000000000001400000000000000000000000000000080000000000000F03F14000000000000F03F000000000000000000000000000000800B0B0B0B0B110D04666163650CFFFFFFFF04FFFFFFFF0CFFFFFFFF0CFFFFFFFF0C290000000C2C0000000CFFFFFFFF0C2A0000000B0A0B110D05
310
7368656C6C0CFFFFFFFF04FFFFFFFF0CFFFFFFFF0CFFFFFFFF0CFFFFFFFF0C2B0000000CFFFFFFFF0C2D000000110D046C756D700CFFFFFFFF04FFFFFFFF0CFFFFFFFF0CFFFFFFFF0C2C0000000C00000000110E03456E640E026F660E0341534D0D0464617461
  0
ACDSRECORD
 90
        1
  2
AcDbDs::ID
280
    10
320
187
  2
ASM_Data
280
    15
 94
     1684
310
414349532042696E61727946696C652855000000000000010000000C00000007214F70656E2044657369676E20416C6C69616E63652041434953204275696C646572070E41434953203231382E3030204E540718546875204A756E2032372031363A32383A3231203230323406000000000000F03F0648AFBC9AF2D77A3E06
310
BBBDD7D9DF7CDB3D0D04626F64790CFFFFFFFF04FFFFFFFF0CFFFFFFFF0C190000000CFFFFFFFF0CFFFFFFFF110D05706F696E740CFFFFFFFF04FFFFFFFF0CFFFFFFFF1379DDC7766366E6BF972742B0CBCCECBF0000000000000000110D067665727465780CFFFFFFFF04FFFFFFFF0CFFFFFFFF0C1300000004020000000C
310
01000000110D05706F696E740CFFFFFFFF04FFFFFFFF0CFFFFFFFF13B174F4AE3033D3BF972742B0CBCCECBF0000000000000000110D067665727465780CFFFFFFFF04FFFFFFFF0CFFFFFFFF0C0D00000004020000000C03000000110D05706F696E740CFFFFFFFF04FFFFFFFF0CFFFFFFFF13B174F4AE3033D3BF7B2F42A1
310
3333FBBF0000000000000000110D067665727465780CFFFFFFFF04FFFFFFFF0CFFFFFFFF0C1000000004020000000C05000000110D05706F696E740CFFFFFFFF04FFFFFFFF0CFFFFFFFF1379DDC7766366E6BF7B2F42A13333FBBF0000000000000000110D067665727465780CFFFFFFFF04FFFFFFFF0CFFFFFFFF0C130000
310
0004020000000C07000000110E0873747261696768740D0563757276650CFFFFFFFF04FFFFFFFF0CFFFFFFFF1379DDC7766366E6BF972742B0CBCCECBF00000000000000001441469B3E9699D93F000000000000000000000000000000000B0B110D04656467650CFFFFFFFF04FFFFFFFF0CFFFFFFFF0C0200000006000000
310
00000000000C0400000006000000000000F03F0C0B0000000C090000000B0707756E6B6E6F776E110D06636F656467650CFFFFFFFF04FFFFFFFF0CFFFFFFFF0C0E0000000C140000000CFFFFFFFF0C0A0000000B0C1500000004000000000CFFFFFFFF110E0873747261696768740D0563757276650CFFFFFFFF04FFFFFFFF
310
0CFFFFFFFF13B174F4AE3033D3BF972742B0CBCCECBF00000000000000001400000000000000005F3742929B99E9BF00000000000000000B0B110D04656467650CFFFFFFFF04FFFFFFFF0CFFFFFFFF0C040000000600000000000000000C0600000006000000000000F03F0C0E0000000C0C0000000B0707756E6B6E6F776E
310
110D06636F656467650CFFFFFFFF04FFFFFFFF0CFFFFFFFF0C110000000C0B0000000CFFFFFFFF0C0D0000000B0C1500000004000000000CFFFFFFFF110E0873747261696768740D0563757276650CFFFFFFFF04FFFFFFFF0CFFFFFFFF13B174F4AE3033D3BF7B2F42A13333FBBF00000000000000001441469B3E9699D9BF
310
000000000000000000000000000000000B0B110D04656467650CFFFFFFFF04FFFFFFFF0CFFFFFFFF0C060000000600000000000000000C0800000006000000000000F03F0C110000000C0F0000000B0707756E6B6E6F776E110D06636F656467650CFFFFFFFF04FFFFFFFF0CFFFFFFFF0C140000000C0E0000000CFFFFFFFF
310
0C100000000B0C1500000004000000000CFFFFFFFF110E0873747261696768740D0563757276650CFFFFFFFF04FFFFFFFF0CFFFFFFFF1379DDC7766366E6BF7B2F42A13333FBBF00000000000000001400000000000000005F3742929B99E93F00000000000000000B0B110D04656467650CFFFFFFFF04FFFFFFFF0CFFFFFF
310
FF0C080000000600000000000000000C0200000006000000000000F03F0C140000000C120000000B0707756E6B6E6F776E110D06636F656467650CFFFFFFFF04FFFFFFFF0CFFFFFFFF0C0B0000000C110000000CFFFFFFFF0C130000000B0C1500000004000000000CFFFFFFFF110D046C6F6F700CFFFFFFFF04FFFFFFFF0C
310
FFFFFFFF0CFFFFFFFF0C0B0000000C17000000110E05706C616E650D07737572666163650CFFFFFFFF04FFFFFFFF0CFFFFFFFF13D21742CEFBFFDFBFA3A1B1BCCCCCF4BF00000000000000001400000000000000000000000000000000000000000000F0BF14000000000000F0BF000000000000000000000000000000800B
310
0B0B0B0B110D04666163650CFFFFFFFF04FFFFFFFF0CFFFFFFFF0CFFFFFFFF0C150000000C180000000CFFFFFFFF0C160000000B0A0B110D057368656C6C0CFFFFFFFF04FFFFFFFF0CFFFFFFFF0CFFFFFFFF0CFFFFFFFF0C170000000CFFFFFFFF0C19000000110D046C756D700CFFFFFFFF04FFFFFFFF0CFFFFFFFF0CFFFF
310
FFFF0C180000000C00000000110E03456E640E026F660E0341534D0D0464617461
  0
ACDSRECORD
 90
        1
  2
AcDbDs::ID
280
    10
320
1B2
  2
ASM_Data
280
    15
 94
     1684
310
414349532042696E61727946696C652855000000000000010000000C00000007214F70656E2044657369676E20416C6C69616E63652041434953204275696C646572070E41434953203231382E3030204E540718546875204A756E2032372031363A32383A3231203230323406000000000000F03F0648AFBC9AF2D77A3E06
310
BBBDD7D9DF7CDB3D0D04626F64790CFFFFFFFF04FFFFFFFF0CFFFFFFFF0C190000000CFFFFFFFF0CFFFFFFFF110D05706F696E740CFFFFFFFF04FFFFFFFF0CFFFFFFFF137B2F42A13333FBBFB274F4AE3033D33F0000000000000000110D067665727465780CFFFFFFFF04FFFFFFFF0CFFFFFFFF0C1300000004020000000C
310
01000000110D05706F696E740CFFFFFFFF04FFFFFFFF0CFFFFFFFF137B2F42A13333FBBF79DDC7766366E63F0000000000000000110D067665727465780CFFFFFFFF04FFFFFFFF0CFFFFFFFF0C0D00000004020000000C03000000110D05706F696E740CFFFFFFFF04FFFFFFFF0CFFFFFFFF13972742B0CBCCECBF79DDC776
310
6366E63F0000000000000000110D067665727465780CFFFFFFFF04FFFFFFFF0CFFFFFFFF0C1000000004020000000C05000000110D05706F696E740CFFFFFFFF04FFFFFFFF0CFFFFFFFF13972742B0CBCCECBFB174F4AE3033D33F0000000000000000110D067665727465780CFFFFFFFF04FFFFFFFF0CFFFFFFFF0C130000
310
0004020000000C07000000110E0873747261696768740D0563757276650CFFFFFFFF04FFFFFFFF0CFFFFFFFF137B2F42A13333FBBFB274F4AE3033D33F000000000000000014000000000000000040469B3E9699D93F00000000000000000B0B110D04656467650CFFFFFFFF04FFFFFFFF0CFFFFFFFF0C0200000006000000
310
00000000000C0400000006000000000000F03F0C0B0000000C090000000B0707756E6B6E6F776E110D06636F656467650CFFFFFFFF04FFFFFFFF0CFFFFFFFF0C0E0000000C140000000CFFFFFFFF0C0A0000000B0C1500000004000000000CFFFFFFFF110E0873747261696768740D0563757276650CFFFFFFFF04FFFFFFFF
310
0CFFFFFFFF137B2F42A13333FBBF79DDC7766366E63F0000000000000000145F3742929B99E93F000000000000000000000000000000000B0B110D04656467650CFFFFFFFF04FFFFFFFF0CFFFFFFFF0C040000000600000000000000000C0600000006000000000000F03F0C0E0000000C0C0000000B0707756E6B6E6F776E
310
110D06636F656467650CFFFFFFFF04FFFFFFFF0CFFFFFFFF0C110000000C0B0000000CFFFFFFFF0C0D0000000B0C1500000004000000000CFFFFFFFF110E0873747261696768740D0563757276650CFFFFFFFF04FFFFFFFF0CFFFFFFFF13972742B0CBCCECBF79DDC7766366E63F0000000000000000140000000000000000
310
41469B3E9699D9BF00000000000000000B0B110D04656467650CFFFFFFFF04FFFFFFFF0CFFFFFFFF0C060000000600000000000000000C0800000006000000000000F03F0C110000000C0F0000000B0707756E6B6E6F776E110D06636F656467650CFFFFFFFF04FFFFFFFF0CFFFFFFFF0C140000000C0E0000000CFFFFFFFF
310
0C100000000B0C1500000004000000000CFFFFFFFF110E0873747261696768740D0563757276650CFFFFFFFF04FFFFFFFF0CFFFFFFFF13972742B0CBCCECBFB174F4AE3033D33F0000000000000000145F3742929B99E9BF000000000000903C00000000000000000B0B110D04656467650CFFFFFFFF04FFFFFFFF0CFFFFFF
310
FF0C080000000600000000000000000C0200000006000000000000F03F0C140000000C120000000B0707756E6B6E6F776E110D06636F656467650CFFFFFFFF04FFFFFFFF0CFFFFFFFF0C0B0000000C110000000CFFFFFFFF0C130000000B0C1500000004000000000CFFFFFFFF110D046C6F6F700CFFFFFFFF04FFFFFFFF0C
310
FFFFFFFF0CFFFFFFFF0C0B0000000C17000000110E05706C616E650D07737572666163650CFFFFFFFF04FFFFFFFF0CFFFFFFFF13A3A1B1BCCCCCF4BFD21742CEFBFFDF3F00000000000000001400000000000000000000000000000000000000000000F0BF14000000000000F0BF000000000000000000000000000000800B
310
0B0B0B0B110D04666163650CFFFFFFFF04FFFFFFFF0CFFFFFFFF0CFFFFFFFF0C150000000C180000000CFFFFFFFF0C160000000B0A0B110D057368656C6C0CFFFFFFFF04FFFFFFFF0CFFFFFFFF0CFFFFFFFF0CFFFFFFFF0C170000000CFFFFFFFF0C19000000110D046C756D700CFFFFFFFF04FFFFFFFF0CFFFFFFFF0CFFFF
310
FFFF0C180000000C00000000110E03456E640E026F660E0341534D0D0464617461
  0
ACDSRECORD
 90
        1
  2
AcDbDs::ID
280
    10
320
1B4
  2
ASM_Data
280
    15
 94
     1684
310
414349532042696E61727946696C652855000000000000010000000C00000007214F70656E2044657369676E20416C6C69616E63652041434953204275696C646572070E41434953203231382E3030204E540718546875204A756E2032372031363A32383A3231203230323406000000000000F03F0648AFBC9AF2D77A3E06
310
BBBDD7D9DF7CDB3D0D04626F64790CFFFFFFFF04FFFFFFFF0CFFFFFFFF0C190000000CFFFFFFFF0CFFFFFFFF110D05706F696E740CFFFFFFFF04FFFFFFFF0CFFFFFFFF137B2F42A13333FBBF41469B3E9699C9BF0000000000000000110D067665727465780CFFFFFFFF04FFFFFFFF0CFFFFFFFF0C1300000004020000000C
310
01000000110D05706F696E740CFFFFFFFF04FFFFFFFF0CFFFFFFFF137B2F42A13333FBBF42469B3E9699C93F0000000000000000110D067665727465780CFFFFFFFF04FFFFFFFF0CFFFFFFFF0C0D00000004020000000C03000000110D05706F696E740CFFFFFFFF04FFFFFFFF0CFFFFFFFF13972742B0CBCCECBF41469B3E
310
9699C93F0000000000000000110D067665727465780CFFFFFFFF04FFFFFFFF0CFFFFFFFF0C1000000004020000000C05000000110D05706F696E740CFFFFFFFF04FFFFFFFF0CFFFFFFFF13972742B0CBCCECBF42469B3E9699C9BF0000000000000000110D067665727465780CFFFFFFFF04FFFFFFFF0CFFFFFFFF0C130000
310
0004020000000C07000000110E0873747261696768740D0563757276650CFFFFFFFF04FFFFFFFF0CFFFFFFFF137B2F42A13333FBBF41469B3E9699C9BF000000000000000014000000000000000042469B3E9699D93F00000000000000000B0B110D04656467650CFFFFFFFF04FFFFFFFF0CFFFFFFFF0C0200000006000000
310
00000000000C0400000006000000000000F03F0C0B0000000C090000000B0707756E6B6E6F776E110D06636F656467650CFFFFFFFF04FFFFFFFF0CFFFFFFFF0C0E0000000C140000000CFFFFFFFF0C0A0000000B0C1500000004000000000CFFFFFFFF110E0873747261696768740D0563757276650CFFFFFFFF04FFFFFFFF
310
0CFFFFFFFF137B2F42A13333FBBF42469B3E9699C93F0000000000000000145F3742929B99E93F00000000000080BC00000000000000000B0B110D04656467650CFFFFFFFF04FFFFFFFF0CFFFFFFFF0C040000000600000000000000000C0600000006000000000000F03F0C0E0000000C0C0000000B0707756E6B6E6F776E
310
110D06636F656467650CFFFFFFFF04FFFFFFFF0CFFFFFFFF0C110000000C0B0000000CFFFFFFFF0C0D0000000B0C1500000004000000000CFFFFFFFF110E0873747261696768740D0563757276650CFFFFFFFF04FFFFFFFF0CFFFFFFFF13972742B0CBCCECBF41469B3E9699C93F0000000000000000140000000000000000
310
42469B3E9699D9BF00000000000000000B0B110D04656467650CFFFFFFFF04FFFFFFFF0CFFFFFFFF0C060000000600000000000000000C0800000006000000000000F03F0C110000000C0F0000000B0707756E6B6E6F776E110D06636F656467650CFFFFFFFF04FFFFFFFF0CFFFFFFFF0C140000000C0E0000000CFFFFFFFF
310
0C100000000B0C1500000004000000000CFFFFFFFF110E0873747261696768740D0563757276650CFFFFFFFF04FFFFFFFF0CFFFFFFFF13972742B0CBCCECBF42469B3E9699C9BF0000000000000000145F3742929B99E9BF000000000000803C00000000000000000B0B110D04656467650CFFFFFFFF04FFFFFFFF0CFFFFFF
310
FF0C080000000600000000000000000C0200000006000000000000F03F0C140000000C120000000B0707756E6B6E6F776E110D06636F656467650CFFFFFFFF04FFFFFFFF0CFFFFFFFF0C0B0000000C110000000CFFFFFFFF0C130000000B0C1500000004000000000CFFFFFFFF110D046C6F6F700CFFFFFFFF04FFFFFFFF0C
310
FFFFFFFF0CFFFFFFFF0C0B0000000C17000000110E05706C616E650D07737572666163650CFFFFFFFF04FFFFFFFF0CFFFFFFFF13A3A1B1BCCCCCF4BF000000000000000000000000000000001400000000000000800000000000000000000000000000F0BF14000000000000F03F000000000000000000000000000000800B
310
0B0B0B0B110D04666163650CFFFFFFFF04FFFFFFFF0CFFFFFFFF0CFFFFFFFF0C150000000C180000000CFFFFFFFF0C160000000B0A0B110D057368656C6C0CFFFFFFFF04FFFFFFFF0CFFFFFFFF0CFFFFFFFF0CFFFFFFFF0C170000000CFFFFFFFF0C19000000110D046C756D700CFFFFFFFF04FFFFFFFF0CFFFFFFFF0CFFFF
310
FFFF0C180000000C00000000110E03456E640E026F660E0341534D0D0464617461
  0
ACDSRECORD
 90
        1
  2
AcDbDs::ID
280
    10
320
1B6
  2
ASM_Data
280
    15
 94
     1684
310
414349532042696E61727946696C652855000000000000010000000C00000007214F70656E2044657369676E20416C6C69616E63652041434953204275696C646572070E41434953203231382E3030204E540718546875204A756E2032372031363A32383A3231203230323406000000000000F03F0648AFBC9AF2D77A3E06
310
BBBDD7D9DF7CDB3D0D04626F64790CFFFFFFFF04FFFFFFFF0CFFFFFFFF0C190000000CFFFFFFFF0CFFFFFFFF110D05706F696E740CFFFFFFFF04FFFFFFFF0CFFFFFFFF137B2F42A13333FBBF79DDC7766366E6BF0000000000000000110D067665727465780CFFFFFFFF04FFFFFFFF0CFFFFFFFF0C1300000004020000000C
310
01000000110D05706F696E740CFFFFFFFF04FFFFFFFF0CFFFFFFFF137B2F42A13333FBBFB174F4AE3033D3BF0000000000000000110D067665727465780CFFFFFFFF04FFFFFFFF0CFFFFFFFF0C0D00000004020000000C03000000110D05706F696E740CFFFFFFFF04FFFFFFFF0CFFFFFFFF13972742B0CBCCECBFB274F4AE
310
3033D3BF0000000000000000110D067665727465780CFFFFFFFF04FFFFFFFF0CFFFFFFFF0C1000000004020000000C05000000110D05706F696E740CFFFFFFFF04FFFFFFFF0CFFFFFFFF13972742B0CBCCECBF79DDC7766366E6BF0000000000000000110D067665727465780CFFFFFFFF04FFFFFFFF0CFFFFFFFF0C130000
310
0004020000000C07000000110E0873747261696768740D0563757276650CFFFFFFFF04FFFFFFFF0CFFFFFFFF137B2F42A13333FBBF79DDC7766366E6BF000000000000000014000000000000000041469B3E9699D93F00000000000000000B0B110D04656467650CFFFFFFFF04FFFFFFFF0CFFFFFFFF0C0200000006000000
310
00000000000C0400000006000000000000F03F0C0B0000000C090000000B0707756E6B6E6F776E110D06636F656467650CFFFFFFFF04FFFFFFFF0CFFFFFFFF0C0E0000000C140000000CFFFFFFFF0C0A0000000B0C1500000004000000000CFFFFFFFF110E0873747261696768740D0563757276650CFFFFFFFF04FFFFFFFF
310
0CFFFFFFFF137B2F42A13333FBBFB174F4AE3033D3BF0000000000000000145F3742929B99E93F00000000000090BC00000000000000000B0B110D04656467650CFFFFFFFF04FFFFFFFF0CFFFFFFFF0C040000000600000000000000000C0600000006000000000000F03F0C0E0000000C0C0000000B0707756E6B6E6F776E
310
110D06636F656467650CFFFFFFFF04FFFFFFFF0CFFFFFFFF0C110000000C0B0000000CFFFFFFFF0C0D0000000B0C1500000004000000000CFFFFFFFF110E0873747261696768740D0563757276650CFFFFFFFF04FFFFFFFF0CFFFFFFFF13972742B0CBCCECBFB274F4AE3033D3BF0000000000000000140000000000000000
310
40469B3E9699D9BF00000000000000000B0B110D04656467650CFFFFFFFF04FFFFFFFF0CFFFFFFFF0C060000000600000000000000000C0800000006000000000000F03F0C110000000C0F0000000B0707756E6B6E6F776E110D06636F656467650CFFFFFFFF04FFFFFFFF0CFFFFFFFF0C140000000C0E0000000CFFFFFFFF
310
0C100000000B0C1500000004000000000CFFFFFFFF110E0873747261696768740D0563757276650CFFFFFFFF04FFFFFFFF0CFFFFFFFF13972742B0CBCCECBF79DDC7766366E6BF0000000000000000145F3742929B99E9BF000000000000000000000000000000000B0B110D04656467650CFFFFFFFF04FFFFFFFF0CFFFFFF
310
FF0C080000000600000000000000000C0200000006000000000000F03F0C140000000C120000000B0707756E6B6E6F776E110D06636F656467650CFFFFFFFF04FFFFFFFF0CFFFFFFFF0C0B0000000C110000000CFFFFFFFF0C130000000B0C1500000004000000000CFFFFFFFF110D046C6F6F700CFFFFFFFF04FFFFFFFF0C
310
FFFFFFFF0CFFFFFFFF0C0B0000000C17000000110E05706C616E650D07737572666163650CFFFFFFFF04FFFFFFFF0CFFFFFFFF13A3A1B1BCCCCCF4BFD21742CEFBFFDFBF00000000000000001400000000000000800000000000000000000000000000F0BF14000000000000F03F000000000000000000000000000000800B
310
0B0B0B0B110D04666163650CFFFFFFFF04FFFFFFFF0CFFFFFFFF0CFFFFFFFF0C150000000C180000000CFFFFFFFF0C160000000B0A0B110D057368656C6C0CFFFFFFFF04FFFFFFFF0CFFFFFFFF0CFFFFFFFF0CFFFFFFFF0C170000000CFFFFFFFF0C19000000110D046C756D700CFFFFFFFF04FFFFFFFF0CFFFFFFFF0CFFFF
310
FFFF0C180000000C00000000110E03456E640E026F660E0341534D0D0464617461
  0
ACDSRECORD
 90
        1
  2
AcDbDs::ID
280
    10
320
1B8
  2
ASM_Data
280
    15
 94
     1684
310
414349532042696E61727946696C652855000000000000010000000C00000007214F70656E2044657369676E20416C6C69616E63652041434953204275696C646572070E41434953203231382E3030204E540718546875204A756E2032372031363A32383A3231203230323406000000000000F03F0648AFBC9AF2D77A3E06
310
BBBDD7D9DF7CDB3D0D04626F64790CFFFFFFFF04FFFFFFFF0CFFFFFFFF0C190000000CFFFFFFFF0CFFFFFFFF110D05706F696E740CFFFFFFFF04FFFFFFFF0CFFFFFFFF1342469B3E9699C9BF972742B0CBCCECBF0000000000000000110D067665727465780CFFFFFFFF04FFFFFFFF0CFFFFFFFF0C1300000004020000000C
310
01000000110D05706F696E740CFFFFFFFF04FFFFFFFF0CFFFFFFFF1342469B3E9699C93F972742B0CBCCECBF0000000000000000110D067665727465780CFFFFFFFF04FFFFFFFF0CFFFFFFFF0C0D00000004020000000C03000000110D05706F696E740CFFFFFFFF04FFFFFFFF0CFFFFFFFF1342469B3E9699C93F7B2F42A1
310
3333FBBF0000000000000000110D067665727465780CFFFFFFFF04FFFFFFFF0CFFFFFFFF0C1000000004020000000C05000000110D05706F696E740CFFFFFFFF04FFFFFFFF0CFFFFFFFF1342469B3E9699C9BF7B2F42A13333FBBF0000000000000000110D067665727465780CFFFFFFFF04FFFFFFFF0CFFFFFFFF0C130000
310
0004020000000C07000000110E0873747261696768740D0563757276650CFFFFFFFF04FFFFFFFF0CFFFFFFFF1342469B3E9699C9BF972742B0CBCCECBF00000000000000001442469B3E9699D93F000000000000000000000000000000000B0B110D04656467650CFFFFFFFF04FFFFFFFF0CFFFFFFFF0C0200000006000000
310
00000000000C0400000006000000000000F03F0C0B0000000C090000000B0707756E6B6E6F776E110D06636F656467650CFFFFFFFF04FFFFFFFF0CFFFFFFFF0C0E0000000C140000000CFFFFFFFF0C0A0000000B0C1500000004000000000CFFFFFFFF110E0873747261696768740D0563757276650CFFFFFFFF04FFFFFFFF
310
0CFFFFFFFF1342469B3E9699C93F972742B0CBCCECBF00000000000000001400000000000000005F3742929B99E9BF00000000000000000B0B110D04656467650CFFFFFFFF04FFFFFFFF0CFFFFFFFF0C040000000600000000000000000C0600000006000000000000F03F0C0E0000000C0C0000000B0707756E6B6E6F776E
310
110D06636F656467650CFFFFFFFF04FFFFFFFF0CFFFFFFFF0C110000000C0B0000000CFFFFFFFF0C0D0000000B0C1500000004000000000CFFFFFFFF110E0873747261696768740D0563757276650CFFFFFFFF04FFFFFFFF0CFFFFFFFF1342469B3E9699C93F7B2F42A13333FBBF00000000000000001442469B3E9699D9BF
310
000000000000000000000000000000000B0B110D04656467650CFFFFFFFF04FFFFFFFF0CFFFFFFFF0C060000000600000000000000000C0800000006000000000000F03F0C110000000C0F0000000B0707756E6B6E6F776E110D06636F656467650CFFFFFFFF04FFFFFFFF0CFFFFFFFF0C140000000C0E0000000CFFFFFFFF
310
0C100000000B0C1500000004000000000CFFFFFFFF110E0873747261696768740D0563757276650CFFFFFFFF04FFFFFFFF0CFFFFFFFF1342469B3E9699C9BF7B2F42A13333FBBF00000000000000001400000000000000005F3742929B99E93F00000000000000000B0B110D04656467650CFFFFFFFF04FFFFFFFF0CFFFFFF
310
FF0C080000000600000000000000000C0200000006000000000000F03F0C140000000C120000000B0707756E6B6E6F776E110D06636F656467650CFFFFFFFF04FFFFFFFF0CFFFFFFFF0C0B0000000C110000000CFFFFFFFF0C130000000B0C1500000004000000000CFFFFFFFF110D046C6F6F700CFFFFFFFF04FFFFFFFF0C
310
FFFFFFFF0CFFFFFFFF0C0B0000000C17000000110E05706C616E650D07737572666163650CFFFFFFFF04FFFFFFFF0CFFFFFFFF130000000000000000A3A1B1BCCCCCF4BF00000000000000001400000000000000000000000000000000000000000000F0BF14000000000000F0BF000000000000000000000000000000800B
310
0B0B0B0B110D04666163650CFFFFFFFF04FFFFFFFF0CFFFFFFFF0CFFFFFFFF0C150000000C180000000CFFFFFFFF0C160000000B0A0B110D057368656C6C0CFFFFFFFF04FFFFFFFF0CFFFFFFFF0CFFFFFFFF0CFFFFFFFF0C170000000CFFFFFFFF0C19000000110D046C756D700CFFFFFFFF04FFFFFFFF0CFFFFFFFF0CFFFF
310
FFFF0C180000000C00000000110E03456E640E026F660E0341534D0D0464617461
  0
ACDSRECORD
 90
        1
  2
AcDbDs::ID
280
    10
320
1BA
  2
ASM_Data
280
    15
 94
     1684
310
414349532042696E61727946696C652855000000000000010000000C00000007214F70656E2044657369676E20416C6C69616E63652041434953204275696C646572070E41434953203231382E3030204E540718546875204A756E2032372031363A32383A3231203230323406000000000000F03F0648AFBC9AF2D77A3E06
310
BBBDD7D9DF7CDB3D0D04626F64790CFFFFFFFF04FFFFFFFF0CFFFFFFFF0C190000000CFFFFFFFF0CFFFFFFFF110D05706F696E740CFFFFFFFF04FFFFFFFF0CFFFFFFFF13B174F4AE3033D33F972742B0CBCCECBF0000000000000000110D067665727465780CFFFFFFFF04FFFFFFFF0CFFFFFFFF0C1300000004020000000C
310
01000000110D05706F696E740CFFFFFFFF04FFFFFFFF0CFFFFFFFF1379DDC7766366E63F972742B0CBCCECBF0000000000000000110D067665727465780CFFFFFFFF04FFFFFFFF0CFFFFFFFF0C0D00000004020000000C03000000110D05706F696E740CFFFFFFFF04FFFFFFFF0CFFFFFFFF1379DDC7766366E63F7B2F42A1
310
3333FBBF0000000000000000110D067665727465780CFFFFFFFF04FFFFFFFF0CFFFFFFFF0C1000000004020000000C05000000110D05706F696E740CFFFFFFFF04FFFFFFFF0CFFFFFFFF13B174F4AE3033D33F7B2F42A13333FBBF0000000000000000110D067665727465780CFFFFFFFF04FFFFFFFF0CFFFFFFFF0C130000
310
0004020000000C07000000110E0873747261696768740D0563757276650CFFFFFFFF04FFFFFFFF0CFFFFFFFF13B174F4AE3033D33F972742B0CBCCECBF00000000000000001441469B3E9699D93F000000000000000000000000000000000B0B110D04656467650CFFFFFFFF04FFFFFFFF0CFFFFFFFF0C0200000006000000
310
00000000000C0400000006000000000000F03F0C0B0000000C090000000B0707756E6B6E6F776E110D06636F656467650CFFFFFFFF04FFFFFFFF0CFFFFFFFF0C0E0000000C140000000CFFFFFFFF0C0A0000000B0C1500000004000000000CFFFFFFFF110E0873747261696768740D0563757276650CFFFFFFFF04FFFFFFFF
310
0CFFFFFFFF1379DDC7766366E63F972742B0CBCCECBF00000000000000001400000000000000005F3742929B99E9BF00000000000000000B0B110D04656467650CFFFFFFFF04FFFFFFFF0CFFFFFFFF0C040000000600000000000000000C0600000006000000000000F03F0C0E0000000C0C0000000B0707756E6B6E6F776E
310
110D06636F656467650CFFFFFFFF04FFFFFFFF0CFFFFFFFF0C110000000C0B0000000CFFFFFFFF0C0D0000000B0C1500000004000000000CFFFFFFFF110E0873747261696768740D0563757276650CFFFFFFFF04FFFFFFFF0CFFFFFFFF1379DDC7766366E63F7B2F42A13333FBBF00000000000000001441469B3E9699D9BF
310
000000000000000000000000000000000B0B110D04656467650CFFFFFFFF04FFFFFFFF0CFFFFFFFF0C060000000600000000000000000C0800000006000000000000F03F0C110000000C0F0000000B0707756E6B6E6F776E110D06636F656467650CFFFFFFFF04FFFFFFFF0CFFFFFFFF0C140000000C0E0000000CFFFFFFFF
310
0C100000000B0C1500000004000000000CFFFFFFFF110E0873747261696768740D0563757276650CFFFFFFFF04FFFFFFFF0CFFFFFFFF13B174F4AE3033D33F7B2F42A13333FBBF00000000000000001400000000000000005F3742929B99E93F00000000000000000B0B110D04656467650CFFFFFFFF04FFFFFFFF0CFFFFFF
310
FF0C080000000600000000000000000C0200000006000000000000F03F0C140000000C120000000B0707756E6B6E6F776E110D06636F656467650CFFFFFFFF04FFFFFFFF0CFFFFFFFF0C0B0000000C110000000CFFFFFFFF0C130000000B0C1500000004000000000CFFFFFFFF110D046C6F6F700CFFFFFFFF04FFFFFFFF0C
310
FFFFFFFF0CFFFFFFFF0C0B0000000C17000000110E05706C616E650D07737572666163650CFFFFFFFF04FFFFFFFF0CFFFFFFFF13D21742CEFBFFDF3FA3A1B1BCCCCCF4BF00000000000000001400000000000000000000000000000000000000000000F0BF14000000000000F0BF000000000000000000000000000000800B
310
0B0B0B0B110D04666163650CFFFFFFFF04FFFFFFFF0CFFFFFFFF0CFFFFFFFF0C150000000C180000000CFFFFFFFF0C160000000B0A0B110D057368656C6C0CFFFFFFFF04FFFFFFFF0CFFFFFFFF0CFFFFFFFF0CFFFFFFFF0C170000000CFFFFFFFF0C19000000110D046C756D700CFFFFFFFF04FFFFFFFF0CFFFFFFFF0CFFFF
310
FFFF0C180000000C00000000110E03456E640E026F660E0341534D0D0464617461
  0
ACDSRECORD
 90
        1
  2
AcDbDs::ID
280
    10
320
1E5
  2
ASM_Data
280
    15
 94
     1684
310
414349532042696E61727946696C652855000000000000010000000C00000007214F70656E2044657369676E20416C6C69616E63652041434953204275696C646572070E41434953203231382E3030204E540718546875204A756E2032372031363A32383A3231203230323406000000000000F03F0648AFBC9AF2D77A3E06
310
BBBDD7D9DF7CDB3D0D04626F64790CFFFFFFFF04FFFFFFFF0CFFFFFFFF0C190000000CFFFFFFFF0CFFFFFFFF110D05706F696E740CFFFFFFFF04FFFFFFFF0CFFFFFFFF13972742B0CBCCEC3FB274F4AE3033D33F0000000000000000110D067665727465780CFFFFFFFF04FFFFFFFF0CFFFFFFFF0C1300000004020000000C
310
01000000110D05706F696E740CFFFFFFFF04FFFFFFFF0CFFFFFFFF13972742B0CBCCEC3F79DDC7766366E63F0000000000000000110D067665727465780CFFFFFFFF04FFFFFFFF0CFFFFFFFF0C0D00000004020000000C03000000110D05706F696E740CFFFFFFFF04FFFFFFFF0CFFFFFFFF137B2F42A13333FB3F79DDC776
310
6366E63F0000000000000000110D067665727465780CFFFFFFFF04FFFFFFFF0CFFFFFFFF0C1000000004020000000C05000000110D05706F696E740CFFFFFFFF04FFFFFFFF0CFFFFFFFF137B2F42A13333FB3FB174F4AE3033D33F0000000000000000110D067665727465780CFFFFFFFF04FFFFFFFF0CFFFFFFFF0C130000
310
0004020000000C07000000110E0873747261696768740D0563757276650CFFFFFFFF04FFFFFFFF0CFFFFFFFF13972742B0CBCCEC3FB274F4AE3033D33F000000000000000014000000000000000040469B3E9699D93F00000000000000000B0B110D04656467650CFFFFFFFF04FFFFFFFF0CFFFFFFFF0C0200000006000000
310
00000000000C0400000006000000000000F03F0C0B0000000C090000000B0707756E6B6E6F776E110D06636F656467650CFFFFFFFF04FFFFFFFF0CFFFFFFFF0C0E0000000C140000000CFFFFFFFF0C0A0000000B0C1500000004000000000CFFFFFFFF110E0873747261696768740D0563757276650CFFFFFFFF04FFFFFFFF
310
0CFFFFFFFF13972742B0CBCCEC3F79DDC7766366E63F0000000000000000145F3742929B99E93F000000000000000000000000000000000B0B110D04656467650CFFFFFFFF04FFFFFFFF0CFFFFFFFF0C040000000600000000000000000C0600000006000000000000F03F0C0E0000000C0C0000000B0707756E6B6E6F776E
310
110D06636F656467650CFFFFFFFF04FFFFFFFF0CFFFFFFFF0C110000000C0B0000000CFFFFFFFF0C0D0000000B0C1500000004000000000CFFFFFFFF110E0873747261696768740D0563757276650CFFFFFFFF04FFFFFFFF0CFFFFFFFF137B2F42A13333FB3F79DDC7766366E63F0000000000000000140000000000000000
310
41469B3E9699D9BF00000000000000000B0B110D04656467650CFFFFFFFF04FFFFFFFF0CFFFFFFFF0C060000000600000000000000000C0800000006000000000000F03F0C110000000C0F0000000B0707756E6B6E6F776E110D06636F656467650CFFFFFFFF04FFFFFFFF0CFFFFFFFF0C140000000C0E0000000CFFFFFFFF
310
0C100000000B0C1500000004000000000CFFFFFFFF110E0873747261696768740D0563757276650CFFFFFFFF04FFFFFFFF0CFFFFFFFF137B2F42A13333FB3FB174F4AE3033D33F0000000000000000145F3742929B99E9BF000000000000903C00000000000000000B0B110D04656467650CFFFFFFFF04FFFFFFFF0CFFFFFF
310
FF0C080000000600000000000000000C0200000006000000000000F03F0C140000000C120000000B0707756E6B6E6F776E110D06636F656467650CFFFFFFFF04FFFFFFFF0CFFFFFFFF0C0B0000000C110000000CFFFFFFFF0C130000000B0C1500000004000000000CFFFFFFFF110D046C6F6F700CFFFFFFFF04FFFFFFFF0C
310
FFFFFFFF0CFFFFFFFF0C0B0000000C17000000110E05706C616E650D07737572666163650CFFFFFFFF04FFFFFFFF0CFFFFFFFF13A3A1B1BCCCCCF43FD21742CEFBFFDF3F00000000000000001400000000000000000000000000000000000000000000F0BF14000000000000F0BF000000000000000000000000000000800B
310
0B0B0B0B110D04666163650CFFFFFFFF04FFFFFFFF0CFFFFFFFF0CFFFFFFFF0C150000000C180000000CFFFFFFFF0C160000000B0A0B110D057368656C6C0CFFFFFFFF04FFFFFFFF0CFFFFFFFF0CFFFFFFFF0CFFFFFFFF0C170000000CFFFFFFFF0C19000000110D046C756D700CFFFFFFFF04FFFFFFFF0CFFFFFFFF0CFFFF
310
FFFF0C180000000C00000000110E03456E640E026F660E0341534D0D0464617461
  0
ACDSRECORD
 90
        1
  2
AcDbDs::ID
280
    10
320
239
  2
ASM_Data
280
    15
 94
     1684
310
414349532042696E61727946696C652855000000000000010000000C00000007214F70656E2044657369676E20416C6C69616E63652041434953204275696C646572070E41434953203231382E3030204E540718546875204A756E2032372031363A32383A3231203230323406000000000000F03F0648AFBC9AF2D77A3E06
310
BBBDD7D9DF7CDB3D0D04626F64790CFFFFFFFF04FFFFFFFF0CFFFFFFFF0C190000000CFFFFFFFF0CFFFFFFFF110D05706F696E740CFFFFFFFF04FFFFFFFF0CFFFFFFFF13B174F4AE3033D33F7B2F42A13333FB3F0000000000000000110D067665727465780CFFFFFFFF04FFFFFFFF0CFFFFFFFF0C1300000004020000000C
310
01000000110D05706F696E740CFFFFFFFF04FFFFFFFF0CFFFFFFFF1379DDC7766366E63F7B2F42A13333FB3F0000000000000000110D067665727465780CFFFFFFFF04FFFFFFFF0CFFFFFFFF0C0D00000004020000000C03000000110D05706F696E740CFFFFFFFF04FFFFFFFF0CFFFFFFFF1379DDC7766366E63F972742B0
310
CBCCEC3F0000000000000000110D067665727465780CFFFFFFFF04FFFFFFFF0CFFFFFFFF0C1000000004020000000C05000000110D05706F696E740CFFFFFFFF04FFFFFFFF0CFFFFFFFF13B174F4AE3033D33F972742B0CBCCEC3F0000000000000000110D067665727465780CFFFFFFFF04FFFFFFFF0CFFFFFFFF0C130000
310
0004020000000C07000000110E0873747261696768740D0563757276650CFFFFFFFF04FFFFFFFF0CFFFFFFFF13B174F4AE3033D33F7B2F42A13333FB3F00000000000000001441469B3E9699D93F000000000000000000000000000000000B0B110D04656467650CFFFFFFFF04FFFFFFFF0CFFFFFFFF0C0200000006000000
310
00000000000C0400000006000000000000F03F0C0B0000000C090000000B0707756E6B6E6F776E110D06636F656467650CFFFFFFFF04FFFFFFFF0CFFFFFFFF0C0E0000000C140000000CFFFFFFFF0C0A0000000B0C1500000004000000000CFFFFFFFF110E0873747261696768740D0563757276650CFFFFFFFF04FFFFFFFF
310
0CFFFFFFFF1379DDC7766366E63F7B2F42A13333FB3F00000000000000001400000000000000005F3742929B99E9BF00000000000000000B0B110D04656467650CFFFFFFFF04FFFFFFFF0CFFFFFFFF0C040000000600000000000000000C0600000006000000000000F03F0C0E0000000C0C0000000B0707756E6B6E6F776E
310
110D06636F656467650CFFFFFFFF04FFFFFFFF0CFFFFFFFF0C110000000C0B0000000CFFFFFFFF0C0D0000000B0C1500000004000000000CFFFFFFFF110E0873747261696768740D0563757276650CFFFFFFFF04FFFFFFFF0CFFFFFFFF1379DDC7766366E63F972742B0CBCCEC3F00000000000000001441469B3E9699D9BF
310
000000000000000000000000000000000B0B110D04656467650CFFFFFFFF04FFFFFFFF0CFFFFFFFF0C060000000600000000000000000C0800000006000000000000F03F0C110000000C0F0000000B0707756E6B6E6F776E110D06636F656467650CFFFFFFFF04FFFFFFFF0CFFFFFFFF0C140000000C0E0000000CFFFFFFFF
310
0C100000000B0C1500000004000000000CFFFFFFFF110E0873747261696768740D0563757276650CFFFFFFFF04FFFFFFFF0CFFFFFFFF13B174F4AE3033D33F972742B0CBCCEC3F00000000000000001400000000000000005F3742929B99E93F00000000000000000B0B110D04656467650CFFFFFFFF04FFFFFFFF0CFFFFFF
310
FF0C080000000600000000000000000C0200000006000000000000F03F0C140000000C120000000B0707756E6B6E6F776E110D06636F656467650CFFFFFFFF04FFFFFFFF0CFFFFFFFF0C0B0000000C110000000CFFFFFFFF0C130000000B0C1500000004000000000CFFFFFFFF110D046C6F6F700CFFFFFFFF04FFFFFFFF0C
310
FFFFFFFF0CFFFFFFFF0C0B0000000C17000000110E05706C616E650D07737572666163650CFFFFFFFF04FFFFFFFF0CFFFFFFFF13D21742CEFBFFDF3FA3A1B1BCCCCCF43F00000000000000001400000000000000000000000000000000000000000000F0BF14000000000000F0BF000000000000000000000000000000800B
310
0B0B0B0B110D04666163650CFFFFFFFF04FFFFFFFF0CFFFFFFFF0CFFFFFFFF0C150000000C180000000CFFFFFFFF0C160000000B0A0B110D057368656C6C0CFFFFFFFF04FFFFFFFF0CFFFFFFFF0CFFFFFFFF0CFFFFFFFF0C170000000CFFFFFFFF0C19000000110D046C756D700CFFFFFFFF04FFFFFFFF0CFFFFFFFF0CFFFF
310
FFFF0C180000000C00000000110E03456E640E026F660E0341534D0D0464617461
  0
ACDSRECORD
 90
        1
  2
AcDbDs::ID
280
    10
320
23B
  2
ASM_Data
280
    15
 94
     1684
310
414349532042696E61727946696C652855000000000000010000000C00000007214F70656E2044657369676E20416C6C69616E63652041434953204275696C646572070E41434953203231382E3030204E540718546875204A756E2032372031363A32383A3231203230323406000000000000F03F0648AFBC9AF2D77A3E06
310
BBBDD7D9DF7CDB3D0D04626F64790CFFFFFFFF04FFFFFFFF0CFFFFFFFF0C190000000CFFFFFFFF0CFFFFFFFF110D05706F696E740CFFFFFFFF04FFFFFFFF0CFFFFFFFF1342469B3E9699C9BF7B2F42A13333FB3F0000000000000000110D067665727465780CFFFFFFFF04FFFFFFFF0CFFFFFFFF0C1300000004020000000C
310
01000000110D05706F696E740CFFFFFFFF04FFFFFFFF0CFFFFFFFF1342469B3E9699C93F7B2F42A13333FB3F0000000000000000110D067665727465780CFFFFFFFF04FFFFFFFF0CFFFFFFFF0C0D00000004020000000C03000000110D05706F696E740CFFFFFFFF04FFFFFFFF0CFFFFFFFF1342469B3E9699C93F972742B0
310
CBCCEC3F0000000000000000110D067665727465780CFFFFFFFF04FFFFFFFF0CFFFFFFFF0C1000000004020000000C05000000110D05706F696E740CFFFFFFFF04FFFFFFFF0CFFFFFFFF1342469B3E9699C9BF972742B0CBCCEC3F0000000000000000110D067665727465780CFFFFFFFF04FFFFFFFF0CFFFFFFFF0C130000
310
0004020000000C07000000110E0873747261696768740D0563757276650CFFFFFFFF04FFFFFFFF0CFFFFFFFF1342469B3E9699C9BF7B2F42A13333FB3F00000000000000001442469B3E9699D93F000000000000000000000000000000000B0B110D04656467650CFFFFFFFF04FFFFFFFF0CFFFFFFFF0C0200000006000000
310
00000000000C0400000006000000000000F03F0C0B0000000C090000000B0707756E6B6E6F776E110D06636F656467650CFFFFFFFF04FFFFFFFF0CFFFFFFFF0C0E0000000C140000000CFFFFFFFF0C0A0000000B0C1500000004000000000CFFFFFFFF110E0873747261696768740D0563757276650CFFFFFFFF04FFFFFFFF
310
0CFFFFFFFF1342469B3E9699C93F7B2F42A13333FB3F00000000000000001400000000000000005F3742929B99E9BF00000000000000000B0B110D04656467650CFFFFFFFF04FFFFFFFF0CFFFFFFFF0C040000000600000000000000000C0600000006000000000000F03F0C0E0000000C0C0000000B0707756E6B6E6F776E
310
110D06636F656467650CFFFFFFFF04FFFFFFFF0CFFFFFFFF0C110000000C0B0000000CFFFFFFFF0C0D0000000B0C1500000004000000000CFFFFFFFF110E0873747261696768740D0563757276650CFFFFFFFF04FFFFFFFF0CFFFFFFFF1342469B3E9699C93F972742B0CBCCEC3F00000000000000001442469B3E9699D9BF
310
000000000000000000000000000000000B0B110D04656467650CFFFFFFFF04FFFFFFFF0CFFFFFFFF0C060000000600000000000000000C0800000006000000000000F03F0C110000000C0F0000000B0707756E6B6E6F776E110D06636F656467650CFFFFFFFF04FFFFFFFF0CFFFFFFFF0C140000000C0E0000000CFFFFFFFF
310
0C100000000B0C1500000004000000000CFFFFFFFF110E0873747261696768740D0563757276650CFFFFFFFF04FFFFFFFF0CFFFFFFFF1342469B3E9699C9BF972742B0CBCCEC3F00000000000000001400000000000000005F3742929B99E93F00000000000000000B0B110D04656467650CFFFFFFFF04FFFFFFFF0CFFFFFF
310
FF0C080000000600000000000000000C0200000006000000000000F03F0C140000000C120000000B0707756E6B6E6F776E110D06636F656467650CFFFFFFFF04FFFFFFFF0CFFFFFFFF0C0B0000000C110000000CFFFFFFFF0C130000000B0C1500000004000000000CFFFFFFFF110D046C6F6F700CFFFFFFFF04FFFFFFFF0C
310
FFFFFFFF0CFFFFFFFF0C0B0000000C17000000110E05706C616E650D07737572666163650CFFFFFFFF04FFFFFFFF0CFFFFFFFF130000000000000000A3A1B1BCCCCCF43F00000000000000001400000000000000000000000000000000000000000000F0BF14000000000000F0BF000000000000000000000000000000800B
310
0B0B0B0B110D04666163650CFFFFFFFF04FFFFFFFF0CFFFFFFFF0CFFFFFFFF0C150000000C180000000CFFFFFFFF0C160000000B0A0B110D057368656C6C0CFFFFFFFF04FFFFFFFF0CFFFFFFFF0CFFFFFFFF0CFFFFFFFF0C170000000CFFFFFFFF0C19000000110D046C756D700CFFFFFFFF04FFFFFFFF0CFFFFFFFF0CFFFF
310
FFFF0C180000000C00000000110E03456E640E026F660E0341534D0D0464617461
  0
ACDSRECORD
 90
        1
  2
AcDbDs::ID
280
    10
320
23D
  2
ASM_Data
280
    15
 94
     1684
310
414349532042696E61727946696C652855000000000000010000000C00000007214F70656E2044657369676E20416C6C69616E63652041434953204275696C646572070E41434953203231382E3030204E540718546875204A756E2032372031363A32383A3231203230323406000000000000F03F0648AFBC9AF2D77A3E06
310
BBBDD7D9DF7CDB3D0D04626F64790CFFFFFFFF04FFFFFFFF0CFFFFFFFF0C190000000CFFFFFFFF0CFFFFFFFF110D05706F696E740CFFFFFFFF04FFFFFFFF0CFFFFFFFF1379DDC7766366E6BF7B2F42A13333FB3F0000000000000000110D067665727465780CFFFFFFFF04FFFFFFFF0CFFFFFFFF0C1300000004020000000C
310
01000000110D05706F696E740CFFFFFFFF04FFFFFFFF0CFFFFFFFF13B174F4AE3033D3BF7B2F42A13333FB3F0000000000000000110D067665727465780CFFFFFFFF04FFFFFFFF0CFFFFFFFF0C0D00000004020000000C03000000110D05706F696E740CFFFFFFFF04FFFFFFFF0CFFFFFFFF13B174F4AE3033D3BF972742B0
310
CBCCEC3F0000000000000000110D067665727465780CFFFFFFFF04FFFFFFFF0CFFFFFFFF0C1000000004020000000C05000000110D05706F696E740CFFFFFFFF04FFFFFFFF0CFFFFFFFF1379DDC7766366E6BF972742B0CBCCEC3F0000000000000000110D067665727465780CFFFFFFFF04FFFFFFFF0CFFFFFFFF0C130000
310
0004020000000C07000000110E0873747261696768740D0563757276650CFFFFFFFF04FFFFFFFF0CFFFFFFFF1379DDC7766366E6BF7B2F42A13333FB3F00000000000000001441469B3E9699D93F000000000000000000000000000000000B0B110D04656467650CFFFFFFFF04FFFFFFFF0CFFFFFFFF0C0200000006000000
310
00000000000C0400000006000000000000F03F0C0B0000000C090000000B0707756E6B6E6F776E110D06636F656467650CFFFFFFFF04FFFFFFFF0CFFFFFFFF0C0E0000000C140000000CFFFFFFFF0C0A0000000B0C1500000004000000000CFFFFFFFF110E0873747261696768740D0563757276650CFFFFFFFF04FFFFFFFF
310
0CFFFFFFFF13B174F4AE3033D3BF7B2F42A13333FB3F00000000000000001400000000000000005F3742929B99E9BF00000000000000000B0B110D04656467650CFFFFFFFF04FFFFFFFF0CFFFFFFFF0C040000000600000000000000000C0600000006000000000000F03F0C0E0000000C0C0000000B0707756E6B6E6F776E
310
110D06636F656467650CFFFFFFFF04FFFFFFFF0CFFFFFFFF0C110000000C0B0000000CFFFFFFFF0C0D0000000B0C1500000004000000000CFFFFFFFF110E0873747261696768740D0563757276650CFFFFFFFF04FFFFFFFF0CFFFFFFFF13B174F4AE3033D3BF972742B0CBCCEC3F00000000000000001441469B3E9699D9BF
310
000000000000000000000000000000000B0B110D04656467650CFFFFFFFF04FFFFFFFF0CFFFFFFFF0C060000000600000000000000000C0800000006000000000000F03F0C110000000C0F0000000B0707756E6B6E6F776E110D06636F656467650CFFFFFFFF04FFFFFFFF0CFFFFFFFF0C140000000C0E0000000CFFFFFFFF
310
0C100000000B0C1500000004000000000CFFFFFFFF110E0873747261696768740D0563757276650CFFFFFFFF04FFFFFFFF0CFFFFFFFF1379DDC7766366E6BF972742B0CBCCEC3F00000000000000001400000000000000005F3742929B99E93F00000000000000000B0B110D04656467650CFFFFFFFF04FFFFFFFF0CFFFFFF
310
FF0C080000000600000000000000000C0200000006000000000000F03F0C140000000C120000000B0707756E6B6E6F776E110D06636F656467650CFFFFFFFF04FFFFFFFF0CFFFFFFFF0C0B0000000C110000000CFFFFFFFF0C130000000B0C1500000004000000000CFFFFFFFF110D046C6F6F700CFFFFFFFF04FFFFFFFF0C
310
FFFFFFFF0CFFFFFFFF0C0B0000000C17000000110E05706C616E650D07737572666163650CFFFFFFFF04FFFFFFFF0CFFFFFFFF13D21742CEFBFFDFBFA3A1B1BCCCCCF43F00000000000000001400000000000000000000000000000000000000000000F0BF14000000000000F0BF000000000000000000000000000000800B
310
0B0B0B0B110D04666163650CFFFFFFFF04FFFFFFFF0CFFFFFFFF0CFFFFFFFF0C150000000C180000000CFFFFFFFF0C160000000B0A0B110D057368656C6C0CFFFFFFFF04FFFFFFFF0CFFFFFFFF0CFFFFFFFF0CFFFFFFFF0C170000000CFFFFFFFF0C19000000110D046C756D700CFFFFFFFF04FFFFFFFF0CFFFFFFFF0CFFFF
310
FFFF0C180000000C00000000110E03456E640E026F660E0341534D0D0464617461
  0
ACDSRECORD
 90
        1
  2
AcDbDs::ID
280
    10
320
291
  2
ASM_Data
280
    15
 94
     1684
310
414349532042696E61727946696C652855000000000000010000000C00000007214F70656E2044657369676E20416C6C69616E63652041434953204275696C646572070E41434953203231382E3030204E540718546875204A756E2032372031363A32383A3231203230323406000000000000F03F0648AFBC9AF2D77A3E06
310
BBBDD7D9DF7CDB3D0D04626F64790CFFFFFFFF04FFFFFFFF0CFFFFFFFF0C190000000CFFFFFFFF0CFFFFFFFF110D05706F696E740CFFFFFFFF04FFFFFFFF0CFFFFFFFF13972742B0CBCCEC3F41469B3E9699C9BF0000000000000000110D067665727465780CFFFFFFFF04FFFFFFFF0CFFFFFFFF0C1300000004020000000C
310
01000000110D05706F696E740CFFFFFFFF04FFFFFFFF0CFFFFFFFF13972742B0CBCCEC3F42469B3E9699C93F0000000000000000110D067665727465780CFFFFFFFF04FFFFFFFF0CFFFFFFFF0C0D00000004020000000C03000000110D05706F696E740CFFFFFFFF04FFFFFFFF0CFFFFFFFF137B2F42A13333FB3F41469B3E
310
9699C93F0000000000000000110D067665727465780CFFFFFFFF04FFFFFFFF0CFFFFFFFF0C1000000004020000000C05000000110D05706F696E740CFFFFFFFF04FFFFFFFF0CFFFFFFFF137B2F42A13333FB3F42469B3E9699C9BF0000000000000000110D067665727465780CFFFFFFFF04FFFFFFFF0CFFFFFFFF0C130000
310
0004020000000C07000000110E0873747261696768740D0563757276650CFFFFFFFF04FFFFFFFF0CFFFFFFFF13972742B0CBCCEC3F41469B3E9699C9BF000000000000000014000000000000000042469B3E9699D93F00000000000000000B0B110D04656467650CFFFFFFFF04FFFFFFFF0CFFFFFFFF0C0200000006000000
310
00000000000C0400000006000000000000F03F0C0B0000000C090000000B0707756E6B6E6F776E110D06636F656467650CFFFFFFFF04FFFFFFFF0CFFFFFFFF0C0E0000000C140000000CFFFFFFFF0C0A0000000B0C1500000004000000000CFFFFFFFF110E0873747261696768740D0563757276650CFFFFFFFF04FFFFFFFF
310
0CFFFFFFFF13972742B0CBCCEC3F42469B3E9699C93F0000000000000000145F3742929B99E93F00000000000080BC00000000000000000B0B110D04656467650CFFFFFFFF04FFFFFFFF0CFFFFFFFF0C040000000600000000000000000C0600000006000000000000F03F0C0E0000000C0C0000000B0707756E6B6E6F776E
310
110D06636F656467650CFFFFFFFF04FFFFFFFF0CFFFFFFFF0C110000000C0B0000000CFFFFFFFF0C0D0000000B0C1500000004000000000CFFFFFFFF110E0873747261696768740D0563757276650CFFFFFFFF04FFFFFFFF0CFFFFFFFF137B2F42A13333FB3F41469B3E9699C93F0000000000000000140000000000000000
310
42469B3E9699D9BF00000000000000000B0B110D04656467650CFFFFFFFF04FFFFFFFF0CFFFFFFFF0C060000000600000000000000000C0800000006000000000000F03F0C110000000C0F0000000B0707756E6B6E6F776E110D06636F656467650CFFFFFFFF04FFFFFFFF0CFFFFFFFF0C140000000C0E0000000CFFFFFFFF
310
0C100000000B0C1500000004000000000CFFFFFFFF110E0873747261696768740D0563757276650CFFFFFFFF04FFFFFFFF0CFFFFFFFF137B2F42A13333FB3F42469B3E9699C9BF0000000000000000145F3742929B99E9BF000000000000803C00000000000000000B0B110D04656467650CFFFFFFFF04FFFFFFFF0CFFFFFF
310
FF0C080000000600000000000000000C0200000006000000000000F03F0C140000000C120000000B0707756E6B6E6F776E110D06636F656467650CFFFFFFFF04FFFFFFFF0CFFFFFFFF0C0B0000000C110000000CFFFFFFFF0C130000000B0C1500000004000000000CFFFFFFFF110D046C6F6F700CFFFFFFFF04FFFFFFFF0C
310
FFFFFFFF0CFFFFFFFF0C0B0000000C17000000110E05706C616E650D07737572666163650CFFFFFFFF04FFFFFFFF0CFFFFFFFF13A3A1B1BCCCCCF43F000000000000000000000000000000001400000000000000800000000000000000000000000000F0BF14000000000000F03F000000000000000000000000000000800B
310
0B0B0B0B110D04666163650CFFFFFFFF04FFFFFFFF0CFFFFFFFF0CFFFFFFFF0C150000000C180000000CFFFFFFFF0C160000000B0A0B110D057368656C6C0CFFFFFFFF04FFFFFFFF0CFFFFFFFF0CFFFFFFFF0CFFFFFFFF0C170000000CFFFFFFFF0C19000000110D046C756D700CFFFFFFFF04FFFFFFFF0CFFFFFFFF0CFFFF
310
FFFF0C180000000C00000000110E03456E640E026F660E0341534D0D0464617461
  0
ACDSRECORD
 90
        1
  2
AcDbDs::ID
280
    10
320
293
  2
ASM_Data
280
    15
 94
     1684
310
414349532042696E61727946696C652855000000000000010000000C00000007214F70656E2044657369676E20416C6C69616E63652041434953204275696C646572070E41434953203231382E3030204E540718546875204A756E2032372031363A32383A3231203230323406000000000000F03F0648AFBC9AF2D77A3E06
310
BBBDD7D9DF7CDB3D0D04626F64790CFFFFFFFF04FFFFFFFF0CFFFFFFFF0C190000000CFFFFFFFF0CFFFFFFFF110D05706F696E740CFFFFFFFF04FFFFFFFF0CFFFFFFFF13972742B0CBCCEC3F79DDC7766366E6BF0000000000000000110D067665727465780CFFFFFFFF04FFFFFFFF0CFFFFFFFF0C1300000004020000000C
310
01000000110D05706F696E740CFFFFFFFF04FFFFFFFF0CFFFFFFFF13972742B0CBCCEC3FB174F4AE3033D3BF0000000000000000110D067665727465780CFFFFFFFF04FFFFFFFF0CFFFFFFFF0C0D00000004020000000C03000000110D05706F696E740CFFFFFFFF04FFFFFFFF0CFFFFFFFF137B2F42A13333FB3FB274F4AE
310
3033D3BF0000000000000000110D067665727465780CFFFFFFFF04FFFFFFFF0CFFFFFFFF0C1000000004020000000C05000000110D05706F696E740CFFFFFFFF04FFFFFFFF0CFFFFFFFF137B2F42A13333FB3F79DDC7766366E6BF0000000000000000110D067665727465780CFFFFFFFF04FFFFFFFF0CFFFFFFFF0C130000
310
0004020000000C07000000110E0873747261696768740D0563757276650CFFFFFFFF04FFFFFFFF0CFFFFFFFF13972742B0CBCCEC3F79DDC7766366E6BF000000000000000014000000000000000041469B3E9699D93F00000000000000000B0B110D04656467650CFFFFFFFF04FFFFFFFF0CFFFFFFFF0C0200000006000000
310
00000000000C0400000006000000000000F03F0C0B0000000C090000000B0707756E6B6E6F776E110D06636F656467650CFFFFFFFF04FFFFFFFF0CFFFFFFFF0C0E0000000C140000000CFFFFFFFF0C0A0000000B0C1500000004000000000CFFFFFFFF110E0873747261696768740D0563757276650CFFFFFFFF04FFFFFFFF
310
0CFFFFFFFF13972742B0CBCCEC3FB174F4AE3033D3BF0000000000000000145F3742929B99E93F00000000000090BC00000000000000000B0B110D04656467650CFFFFFFFF04FFFFFFFF0CFFFFFFFF0C040000000600000000000000000C0600000006000000000000F03F0C0E0000000C0C0000000B0707756E6B6E6F776E
310
110D06636F656467650CFFFFFFFF04FFFFFFFF0CFFFFFFFF0C110000000C0B0000000CFFFFFFFF0C0D0000000B0C1500000004000000000CFFFFFFFF110E0873747261696768740D0563757276650CFFFFFFFF04FFFFFFFF0CFFFFFFFF137B2F42A13333FB3FB274F4AE3033D3BF0000000000000000140000000000000000
310
40469B3E9699D9BF00000000000000000B0B110D04656467650CFFFFFFFF04FFFFFFFF0CFFFFFFFF0C060000000600000000000000000C0800000006000000000000F03F0C110000000C0F0000000B0707756E6B6E6F776E110D06636F656467650CFFFFFFFF04FFFFFFFF0CFFFFFFFF0C140000000C0E0000000CFFFFFFFF
310
0C100000000B0C1500000004000000000CFFFFFFFF110E0873747261696768740D0563757276650CFFFFFFFF04FFFFFFFF0CFFFFFFFF137B2F42A13333FB3F79DDC7766366E6BF0000000000000000145F3742929B99E9BF000000000000000000000000000000000B0B110D04656467650CFFFFFFFF04FFFFFFFF0CFFFFFF
310
FF0C080000000600000000000000000C0200000006000000000000F03F0C140000000C120000000B0707756E6B6E6F776E110D06636F656467650CFFFFFFFF04FFFFFFFF0CFFFFFFFF0C0B0000000C110000000CFFFFFFFF0C130000000B0C1500000004000000000CFFFFFFFF110D046C6F6F700CFFFFFFFF04FFFFFFFF0C
310
FFFFFFFF0CFFFFFFFF0C0B0000000C17000000110E05706C616E650D07737572666163650CFFFFFFFF04FFFFFFFF0CFFFFFFFF13A3A1B1BCCCCCF43FD21742CEFBFFDFBF00000000000000001400000000000000800000000000000000000000000000F0BF14000000000000F03F000000000000000000000000000000800B
310
0B0B0B0B110D04666163650CFFFFFFFF04FFFFFFFF0CFFFFFFFF0CFFFFFFFF0C150000000C180000000CFFFFFFFF0C160000000B0A0B110D057368656C6C0CFFFFFFFF04FFFFFFFF0CFFFFFFFF0CFFFFFFFF0CFFFFFFFF0C170000000CFFFFFFFF0C19000000110D046C756D700CFFFFFFFF04FFFFFFFF0CFFFFFFFF0CFFFF
310
FFFF0C180000000C00000000110E03456E640E026F660E0341534D0D0464617461
  0
ACDSRECORD
 90
        1
  2
AcDbDs::ID
280
    10
320
2C0
  2
ASM_Data
280
    15
 94
     3024
310
414349532042696E61727946696C652855000000000000010000000C00000007214F70656E2044657369676E20416C6C69616E63652041434953204275696C646572070E41434953203231382E3030204E540718546875204A756E2032372031363A32383A3231203230323406000000000000F03F0648AFBC9AF2D77A3E06
310
BBBDD7D9DF7CDB3D0D04626F64790CFFFFFFFF04FFFFFFFF0CFFFFFFFF0C2D0000000CFFFFFFFF0CFFFFFFFF110D05706F696E740CFFFFFFFF04FFFFFFFF0CFFFFFFFF13BE67C988B0C6D5BFB7FB03828CC2D5BF0000000000000000110D067665727465780CFFFFFFFF04FFFFFFFF0CFFFFFFFF0C2700000004020000000C
310
01000000110D05706F696E740CFFFFFFFF04FFFFFFFF0CFFFFFFFF13531BDEA45033C3BF48435397082BC3BF0000000000000000110D067665727465780CFFFFFFFF04FFFFFFFF0CFFFFFFFF0C1500000004020000000C03000000110D05706F696E740CFFFFFFFF04FFFFFFFF0CFFFFFFFF13531BDEA45033C3BF4A435397
310
082BC33F0000000000000000110D067665727465780CFFFFFFFF04FFFFFFFF0CFFFFFFFF0C1800000004020000000C05000000110D05706F696E740CFFFFFFFF04FFFFFFFF0CFFFFFFFF13BD67C988B0C6D5BFB8FB03828CC2D53F0000000000000000110D067665727465780CFFFFFFFF04FFFFFFFF0CFFFFFFFF0C1B0000
310
0004020000000C07000000110D05706F696E740CFFFFFFFF04FFFFFFFF0CFFFFFFFF13E182E8201A83E3BFB7FB03828CC2D53F0000000000000000110D067665727465780CFFFFFFFF04FFFFFFFF0CFFFFFFFF0C1E00000004020000000C09000000110D05706F696E740CFFFFFFFF04FFFFFFFF0CFFFFFFFF13EBAF153C9E
310
99E9BF49435397082BC33F0000000000000000110D067665727465780CFFFFFFFF04FFFFFFFF0CFFFFFFFF0C2100000004020000000C0B000000110D05706F696E740CFFFFFFFF04FFFFFFFF0CFFFFFFFF13EAAF153C9E99E9BF49435397082BC3BF0000000000000000110D067665727465780CFFFFFFFF04FFFFFFFF0CFF
310
FFFFFF0C2400000004020000000C0D000000110D05706F696E740CFFFFFFFF04FFFFFFFF0CFFFFFFFF13E182E8201A83E3BFB8FB03828CC2D5BF0000000000000000110D067665727465780CFFFFFFFF04FFFFFFFF0CFFFFFFFF0C2700000004020000000C0F000000110E07656C6C697073650D0563757276650CFFFFFFFF
310
04FFFFFFFF0CFFFFFFFF13BD67C988B0C6D5BF48435397082BC3BF00000000000000001400000000000000000000000000000000000000000000F03F1400000000000090BC27B4B46C105AC8BF000000000000000006000000000000F03F0B0B110D04656467650CFFFFFFFF04FFFFFFFF0CFFFFFFFF0C0200000006000000
310
00000000000C0400000006182D4454FB21F93F0C130000000C110000000B0707756E6B6E6F776E110D06636F656467650CFFFFFFFF04FFFFFFFF0CFFFFFFFF0C160000000C280000000CFFFFFFFF0C120000000B0C2900000004000000000CFFFFFFFF110E0873747261696768740D0563757276650CFFFFFFFF04FFFFFFFF
310
0CFFFFFFFF13531BDEA45033C3BF48435397082BC3BF000000000000000014000000000000000049435397082BD33F00000000000000000B0B110D04656467650CFFFFFFFF04FFFFFFFF0CFFFFFFFF0C040000000600000000000000000C0600000006000000000000F03F0C160000000C140000000B0707756E6B6E6F776E
310
110D06636F656467650CFFFFFFFF04FFFFFFFF0CFFFFFFFF0C190000000C130000000CFFFFFFFF0C150000000B0C2900000004000000000CFFFFFFFF110E07656C6C697073650D0563757276650CFFFFFFFF04FFFFFFFF0CFFFFFFFF13BD67C988B0C6D5BF4A435397082BC33F000000000000000014000000000000000000
310
00000000000000000000000000F03F1427B4B46C105AC83F0000000000000000000000000000000006000000000000F03F0B0B110D04656467650CFFFFFFFF04FFFFFFFF0CFFFFFFFF0C060000000600000000000000000C0800000006182D4454FB21F93F0C190000000C170000000B0707756E6B6E6F776E110D06636F65
310
6467650CFFFFFFFF04FFFFFFFF0CFFFFFFFF0C1C0000000C160000000CFFFFFFFF0C180000000B0C2900000004000000000CFFFFFFFF110E0873747261696768740D0563757276650CFFFFFFFF04FFFFFFFF0CFFFFFFFF13BD67C988B0C6D5BFB8FB03828CC2D53F000000000000000014059E07B9833FD1BF000000000000
310
000000000000000000000B0B110D04656467650CFFFFFFFF04FFFFFFFF0CFFFFFFFF0C080000000600000000000000000C0A00000006000000000000F03F0C1C0000000C1A0000000B0707756E6B6E6F776E110D06636F656467650CFFFFFFFF04FFFFFFFF0CFFFFFFFF0C1F0000000C190000000CFFFFFFFF0C1B0000000B
310
0C2900000004000000000CFFFFFFFF110E07656C6C697073650D0563757276650CFFFFFFFF04FFFFFFFF0CFFFFFFFF13E182E8201A83E3BF48435397082BC33F00000000000000001400000000000000000000000000000080000000000000F03F14000000000000000027B4B46C105AC83F00000000000000000600000000
310
0000F03F0B0B110D04656467650CFFFFFFFF04FFFFFFFF0CFFFFFFFF0C0A0000000600000000000000000C0C00000006182D4454FB21F93F0C1F0000000C1D0000000B0707756E6B6E6F776E110D06636F656467650CFFFFFFFF04FFFFFFFF0CFFFFFFFF0C220000000C1C0000000CFFFFFFFF0C1E0000000B0C2900000004
310
000000000CFFFFFFFF110E0873747261696768740D0563757276650CFFFFFFFF04FFFFFFFF0CFFFFFFFF13EBAF153C9E99E9BF49435397082BC33F000000000000000014000000000000000049435397082BD3BF00000000000000000B0B110D04656467650CFFFFFFFF04FFFFFFFF0CFFFFFFFF0C0C000000060000000000
310
0000000C0E00000006000000000000F03F0C220000000C200000000B0707756E6B6E6F776E110D06636F656467650CFFFFFFFF04FFFFFFFF0CFFFFFFFF0C250000000C1F0000000CFFFFFFFF0C210000000B0C2900000004000000000CFFFFFFFF110E07656C6C697073650D0563757276650CFFFFFFFF04FFFFFFFF0CFFFF
310
FFFF13E182E8201A83E3BF4A435397082BC3BF00000000000000001400000000000000000000000000000000000000000000F03F1427B4B46C105AC8BF000000000000803C000000000000000006000000000000F03F0B0B110D04656467650CFFFFFFFF04FFFFFFFF0CFFFFFFFF0C0E0000000600000000000000000C1000
310
000006182D4454FB21F93F0C250000000C230000000B0707756E6B6E6F776E110D06636F656467650CFFFFFFFF04FFFFFFFF0CFFFFFFFF0C280000000C220000000CFFFFFFFF0C240000000B0C2900000004000000000CFFFFFFFF110E0873747261696768740D0563757276650CFFFFFFFF04FFFFFFFF0CFFFFFFFF13E182
310
E8201A83E3BFB8FB03828CC2D5BF000000000000000014049E07B9833FD13F000000000000000000000000000000000B0B110D04656467650CFFFFFFFF04FFFFFFFF0CFFFFFFFF0C100000000600000000000000000C0200000006000000000000F03F0C280000000C260000000B0707756E6B6E6F776E110D06636F656467
310
650CFFFFFFFF04FFFFFFFF0CFFFFFFFF0C130000000C250000000CFFFFFFFF0C270000000B0C2900000004000000000CFFFFFFFF110D046C6F6F700CFFFFFFFF04FFFFFFFF0CFFFFFFFF0CFFFFFFFF0C130000000C2B000000110E05706C616E650D07737572666163650CFFFFFFFF04FFFFFFFF0CFFFFFFFF13C0364D6572
310
66DEBF000000000000000000000000000000001400000000000000800000000000000000000000000000F03F14000000000000F0BF000000000000000000000000000000800B0B0B0B0B110D04666163650CFFFFFFFF04FFFFFFFF0CFFFFFFFF0CFFFFFFFF0C290000000C2C0000000CFFFFFFFF0C2A0000000B0A0B110D05
310
7368656C6C0CFFFFFFFF04FFFFFFFF0CFFFFFFFF0CFFFFFFFF0CFFFFFFFF0C2B0000000CFFFFFFFF0C2D000000110D046C756D700CFFFFFFFF04FFFFFFFF0CFFFFFFFF0CFFFFFFFF0C2C0000000C00000000110E03456E640E026F660E0341534D0D0464617461
  0
ACDSRECORD
 90
        1
  2
AcDbDs::ID
280
    10
320
2C2
  2
ASM_Data
280
    15
 94
     3024
310
414349532042696E61727946696C652855000000000000010000000C00000007214F70656E2044657369676E20416C6C69616E63652041434953204275696C646572070E41434953203231382E3030204E540718546875204A756E2032372031363A32383A3231203230323406000000000000F03F0648AFBC9AF2D77A3E06
310
BBBDD7D9DF7CDB3D0D04626F64790CFFFFFFFF04FFFFFFFF0CFFFFFFFF0C2D0000000CFFFFFFFF0CFFFFFFFF110D05706F696E740CFFFFFFFF04FFFFFFFF0CFFFFFFFF13BD67C988B0C6D53FB8FB03828CC2D53F0000000000000000110D067665727465780CFFFFFFFF04FFFFFFFF0CFFFFFFFF0C2700000004020000000C
310
01000000110D05706F696E740CFFFFFFFF04FFFFFFFF0CFFFFFFFF13531BDEA45033C33F4A435397082BC33F0000000000000000110D067665727465780CFFFFFFFF04FFFFFFFF0CFFFFFFFF0C1500000004020000000C03000000110D05706F696E740CFFFFFFFF04FFFFFFFF0CFFFFFFFF13531BDEA45033C33F48435397
310
082BC3BF0000000000000000110D067665727465780CFFFFFFFF04FFFFFFFF0CFFFFFFFF0C1800000004020000000C05000000110D05706F696E740CFFFFFFFF04FFFFFFFF0CFFFFFFFF13BC67C988B0C6D53FB8FB03828CC2D5BF0000000000000000110D067665727465780CFFFFFFFF04FFFFFFFF0CFFFFFFFF0C1B0000
310
0004020000000C07000000110D05706F696E740CFFFFFFFF04FFFFFFFF0CFFFFFFFF13E182E8201A83E33FB8FB03828CC2D5BF0000000000000000110D067665727465780CFFFFFFFF04FFFFFFFF0CFFFFFFFF0C1E00000004020000000C09000000110D05706F696E740CFFFFFFFF04FFFFFFFF0CFFFFFFFF13EBAF153C9E
310
99E93F49435397082BC3BF0000000000000000110D067665727465780CFFFFFFFF04FFFFFFFF0CFFFFFFFF0C2100000004020000000C0B000000110D05706F696E740CFFFFFFFF04FFFFFFFF0CFFFFFFFF13EAAF153C9E99E93F49435397082BC33F0000000000000000110D067665727465780CFFFFFFFF04FFFFFFFF0CFF
310
FFFFFF0C2400000004020000000C0D000000110D05706F696E740CFFFFFFFF04FFFFFFFF0CFFFFFFFF13E182E8201A83E33FB8FB03828CC2D53F0000000000000000110D067665727465780CFFFFFFFF04FFFFFFFF0CFFFFFFFF0C2700000004020000000C0F000000110E07656C6C697073650D0563757276650CFFFFFFFF
310
04FFFFFFFF0CFFFFFFFF13BD67C988B0C6D53F49435397082BC33F00000000000000001400000000000000000000000000000080000000000000F03F14000000000000000027B4B46C105AC83F000000000000000006000000000000F03F0B0B110D04656467650CFFFFFFFF04FFFFFFFF0CFFFFFFFF0C0200000006000000
310
00000000000C0400000006182D4454FB21F93F0C130000000C110000000B0707756E6B6E6F776E110D06636F656467650CFFFFFFFF04FFFFFFFF0CFFFFFFFF0C160000000C280000000CFFFFFFFF0C120000000B0C2900000004000000000CFFFFFFFF110E0873747261696768740D0563757276650CFFFFFFFF04FFFFFFFF
310
0CFFFFFFFF13531BDEA45033C33F4A435397082BC33F000000000000000014000000000000000049435397082BD3BF00000000000000000B0B110D04656467650CFFFFFFFF04FFFFFFFF0CFFFFFFFF0C040000000600000000000000000C0600000006000000000000F03F0C160000000C140000000B0707756E6B6E6F776E
310
110D06636F656467650CFFFFFFFF04FFFFFFFF0CFFFFFFFF0C190000000C130000000CFFFFFFFF0C150000000B0C2900000004000000000CFFFFFFFF110E07656C6C697073650D0563757276650CFFFFFFFF04FFFFFFFF0CFFFFFFFF13BD67C988B0C6D53F49435397082BC3BF000000000000000014000000000000000000
310
00000000000000000000000000F03F1427B4B46C105AC8BF000000000000803C000000000000000006000000000000F03F0B0B110D04656467650CFFFFFFFF04FFFFFFFF0CFFFFFFFF0C060000000600000000000000000C0800000006182D4454FB21F93F0C190000000C170000000B0707756E6B6E6F776E110D06636F65
310
6467650CFFFFFFFF04FFFFFFFF0CFFFFFFFF0C1C0000000C160000000CFFFFFFFF0C180000000B0C2900000004000000000CFFFFFFFF110E0873747261696768740D0563757276650CFFFFFFFF04FFFFFFFF0CFFFFFFFF13BC67C988B0C6D53FB8FB03828CC2D5BF000000000000000014069E07B9833FD13F000000000000
310
000000000000000000000B0B110D04656467650CFFFFFFFF04FFFFFFFF0CFFFFFFFF0C080000000600000000000000000C0A00000006000000000000F03F0C1C0000000C1A0000000B0707756E6B6E6F776E110D06636F656467650CFFFFFFFF04FFFFFFFF0CFFFFFFFF0C1F0000000C190000000CFFFFFFFF0C1B0000000B
310
0C2900000004000000000CFFFFFFFF110E07656C6C697073650D0563757276650CFFFFFFFF04FFFFFFFF0CFFFFFFFF13E182E8201A83E33F49435397082BC3BF00000000000000001400000000000000000000000000000000000000000000F03F14000000000000000027B4B46C105AC8BF00000000000000000600000000
310
0000F03F0B0B110D04656467650CFFFFFFFF04FFFFFFFF0CFFFFFFFF0C0A0000000600000000000000000C0C00000006182D4454FB21F93F0C1F0000000C1D0000000B0707756E6B6E6F776E110D06636F656467650CFFFFFFFF04FFFFFFFF0CFFFFFFFF0C220000000C1C0000000CFFFFFFFF0C1E0000000B0C2900000004
310
000000000CFFFFFFFF110E0873747261696768740D0563757276650CFFFFFFFF04FFFFFFFF0CFFFFFFFF13EBAF153C9E99E93F49435397082BC3BF000000000000000014000000000000000049435397082BD33F00000000000000000B0B110D04656467650CFFFFFFFF04FFFFFFFF0CFFFFFFFF0C0C000000060000000000
310
0000000C0E00000006000000000000F03F0C220000000C200000000B0707756E6B6E6F776E110D06636F656467650CFFFFFFFF04FFFFFFFF0CFFFFFFFF0C250000000C1F0000000CFFFFFFFF0C210000000B0C2900000004000000000CFFFFFFFF110E07656C6C697073650D0563757276650CFFFFFFFF04FFFFFFFF0CFFFF
310
FFFF13E182E8201A83E33F49435397082BC33F00000000000000001400000000000000000000000000000000000000000000F03F1427B4B46C105AC83F0000000000000000000000000000000006000000000000F03F0B0B110D04656467650CFFFFFFFF04FFFFFFFF0CFFFFFFFF0C0E0000000600000000000000000C1000
310
000006182D4454FB21F93F0C250000000C230000000B0707756E6B6E6F776E110D06636F656467650CFFFFFFFF04FFFFFFFF0CFFFFFFFF0C280000000C220000000CFFFFFFFF0C240000000B0C2900000004000000000CFFFFFFFF110E0873747261696768740D0563757276650CFFFFFFFF04FFFFFFFF0CFFFFFFFF13E182
310
E8201A83E33FB8FB03828CC2D53F000000000000000014059E07B9833FD1BF000000000000000000000000000000000B0B110D04656467650CFFFFFFFF04FFFFFFFF0CFFFFFFFF0C100000000600000000000000000C0200000006000000000000F03F0C280000000C260000000B0707756E6B6E6F776E110D06636F656467
310
650CFFFFFFFF04FFFFFFFF0CFFFFFFFF0C130000000C250000000CFFFFFFFF0C270000000B0C2900000004000000000CFFFFFFFF110D046C6F6F700CFFFFFFFF04FFFFFFFF0CFFFFFFFF0CFFFFFFFF0C130000000C2B000000110E05706C616E650D07737572666163650CFFFFFFFF04FFFFFFFF0CFFFFFFFF13BC67C988B0
310
C6D53F000000000000000000000000000000001400000000000000800000000000000000000000000000F03F14000000000000F0BF000000000000000000000000000000800B0B0B0B0B110D04666163650CFFFFFFFF04FFFFFFFF0CFFFFFFFF0CFFFFFFFF0C290000000C2C0000000CFFFFFFFF0C2A0000000B0A0B110D05
310
7368656C6C0CFFFFFFFF04FFFFFFFF0CFFFFFFFF0CFFFFFFFF0CFFFFFFFF0C2B0000000CFFFFFFFF0C2D000000110D046C756D700CFFFFFFFF04FFFFFFFF0CFFFFFFFF0CFFFFFFFF0C2C0000000C00000000110E03456E640E026F660E0341534D0D0464617461
  0
ACDSRECORD
 90
        1
  2
AcDbDs::ID
280
    10
320
2C6
  2
ASM_Data
280
    15
 94
     3024
310
414349532042696E61727946696C652855000000000000010000000C00000007214F70656E2044657369676E20416C6C69616E63652041434953204275696C646572070E41434953203231382E3030204E540718546875204A756E2032372031363A32383A3231203230323406000000000000F03F0648AFBC9AF2D77A3E06
310
BBBDD7D9DF7CDB3D0D04626F64790CFFFFFFFF04FFFFFFFF0CFFFFFFFF0C2D0000000CFFFFFFFF0CFFFFFFFF110D05706F696E740CFFFFFFFF04FFFFFFFF0CFFFFFFFF13BE67C988B0C6D5BFB7FB03828CC2D5BF0000000000000000110D067665727465780CFFFFFFFF04FFFFFFFF0CFFFFFFFF0C2700000004020000000C
310
01000000110D05706F696E740CFFFFFFFF04FFFFFFFF0CFFFFFFFF13531BDEA45033C3BF48435397082BC3BF0000000000000000110D067665727465780CFFFFFFFF04FFFFFFFF0CFFFFFFFF0C1500000004020000000C03000000110D05706F696E740CFFFFFFFF04FFFFFFFF0CFFFFFFFF13531BDEA45033C3BF4A435397
310
082BC33F0000000000000000110D067665727465780CFFFFFFFF04FFFFFFFF0CFFFFFFFF0C1800000004020000000C05000000110D05706F696E740CFFFFFFFF04FFFFFFFF0CFFFFFFFF13BD67C988B0C6D5BFB8FB03828CC2D53F0000000000000000110D067665727465780CFFFFFFFF04FFFFFFFF0CFFFFFFFF0C1B0000
310
0004020000000C07000000110D05706F696E740CFFFFFFFF04FFFFFFFF0CFFFFFFFF13E182E8201A83E3BFB7FB03828CC2D53F0000000000000000110D067665727465780CFFFFFFFF04FFFFFFFF0CFFFFFFFF0C1E00000004020000000C09000000110D05706F696E740CFFFFFFFF04FFFFFFFF0CFFFFFFFF13EBAF153C9E
310
99E9BF49435397082BC33F0000000000000000110D067665727465780CFFFFFFFF04FFFFFFFF0CFFFFFFFF0C2100000004020000000C0B000000110D05706F696E740CFFFFFFFF04FFFFFFFF0CFFFFFFFF13EAAF153C9E99E9BF49435397082BC3BF0000000000000000110D067665727465780CFFFFFFFF04FFFFFFFF0CFF
310
FFFFFF0C2400000004020000000C0D000000110D05706F696E740CFFFFFFFF04FFFFFFFF0CFFFFFFFF13E182E8201A83E3BFB8FB03828CC2D5BF0000000000000000110D067665727465780CFFFFFFFF04FFFFFFFF0CFFFFFFFF0C2700000004020000000C0F000000110E07656C6C697073650D0563757276650CFFFFFFFF
310
04FFFFFFFF0CFFFFFFFF13BD67C988B0C6D5BF48435397082BC3BF00000000000000001400000000000000000000000000000000000000000000F03F1400000000000090BC27B4B46C105AC8BF000000000000000006000000000000F03F0B0B110D04656467650CFFFFFFFF04FFFFFFFF0CFFFFFFFF0C0200000006000000
310
00000000000C0400000006182D4454FB21F93F0C130000000C110000000B0707756E6B6E6F776E110D06636F656467650CFFFFFFFF04FFFFFFFF0CFFFFFFFF0C160000000C280000000CFFFFFFFF0C120000000B0C2900000004000000000CFFFFFFFF110E0873747261696768740D0563757276650CFFFFFFFF04FFFFFFFF
310
0CFFFFFFFF13531BDEA45033C3BF48435397082BC3BF000000000000000014000000000000000049435397082BD33F00000000000000000B0B110D04656467650CFFFFFFFF04FFFFFFFF0CFFFFFFFF0C040000000600000000000000000C0600000006000000000000F03F0C160000000C140000000B0707756E6B6E6F776E
310
110D06636F656467650CFFFFFFFF04FFFFFFFF0CFFFFFFFF0C190000000C130000000CFFFFFFFF0C150000000B0C2900000004000000000CFFFFFFFF110E07656C6C697073650D0563757276650CFFFFFFFF04FFFFFFFF0CFFFFFFFF13BD67C988B0C6D5BF4A435397082BC33F000000000000000014000000000000000000
310
00000000000000000000000000F03F1427B4B46C105AC83F0000000000000000000000000000000006000000000000F03F0B0B110D04656467650CFFFFFFFF04FFFFFFFF0CFFFFFFFF0C060000000600000000000000000C0800000006182D4454FB21F93F0C190000000C170000000B0707756E6B6E6F776E110D06636F65
310
6467650CFFFFFFFF04FFFFFFFF0CFFFFFFFF0C1C0000000C160000000CFFFFFFFF0C180000000B0C2900000004000000000CFFFFFFFF110E0873747261696768740D0563757276650CFFFFFFFF04FFFFFFFF0CFFFFFFFF13BD67C988B0C6D5BFB8FB03828CC2D53F000000000000000014059E07B9833FD1BF000000000000
310
000000000000000000000B0B110D04656467650CFFFFFFFF04FFFFFFFF0CFFFFFFFF0C080000000600000000000000000C0A00000006000000000000F03F0C1C0000000C1A0000000B0707756E6B6E6F776E110D06636F656467650CFFFFFFFF04FFFFFFFF0CFFFFFFFF0C1F0000000C190000000CFFFFFFFF0C1B0000000B
310
0C2900000004000000000CFFFFFFFF110E07656C6C697073650D0563757276650CFFFFFFFF04FFFFFFFF0CFFFFFFFF13E182E8201A83E3BF48435397082BC33F00000000000000001400000000000000000000000000000080000000000000F03F14000000000000000027B4B46C105AC83F00000000000000000600000000
310
0000F03F0B0B110D04656467650CFFFFFFFF04FFFFFFFF0CFFFFFFFF0C0A0000000600000000000000000C0C00000006182D4454FB21F93F0C1F0000000C1D0000000B0707756E6B6E6F776E110D06636F656467650CFFFFFFFF04FFFFFFFF0CFFFFFFFF0C220000000C1C0000000CFFFFFFFF0C1E0000000B0C2900000004
310
000000000CFFFFFFFF110E0873747261696768740D0563757276650CFFFFFFFF04FFFFFFFF0CFFFFFFFF13EBAF153C9E99E9BF49435397082BC33F000000000000000014000000000000000049435397082BD3BF00000000000000000B0B110D04656467650CFFFFFFFF04FFFFFFFF0CFFFFFFFF0C0C000000060000000000
310
0000000C0E00000006000000000000F03F0C220000000C200000000B0707756E6B6E6F776E110D06636F656467650CFFFFFFFF04FFFFFFFF0CFFFFFFFF0C250000000C1F0000000CFFFFFFFF0C210000000B0C2900000004000000000CFFFFFFFF110E07656C6C697073650D0563757276650CFFFFFFFF04FFFFFFFF0CFFFF
310
FFFF13E182E8201A83E3BF4A435397082BC3BF00000000000000001400000000000000000000000000000000000000000000F03F1427B4B46C105AC8BF000000000000803C000000000000000006000000000000F03F0B0B110D04656467650CFFFFFFFF04FFFFFFFF0CFFFFFFFF0C0E0000000600000000000000000C1000
310
000006182D4454FB21F93F0C250000000C230000000B0707756E6B6E6F776E110D06636F656467650CFFFFFFFF04FFFFFFFF0CFFFFFFFF0C280000000C220000000CFFFFFFFF0C240000000B0C2900000004000000000CFFFFFFFF110E0873747261696768740D0563757276650CFFFFFFFF04FFFFFFFF0CFFFFFFFF13E182
310
E8201A83E3BFB8FB03828CC2D5BF000000000000000014049E07B9833FD13F000000000000000000000000000000000B0B110D04656467650CFFFFFFFF04FFFFFFFF0CFFFFFFFF0C100000000600000000000000000C0200000006000000000000F03F0C280000000C260000000B0707756E6B6E6F776E110D06636F656467
310
650CFFFFFFFF04FFFFFFFF0CFFFFFFFF0C130000000C250000000CFFFFFFFF0C270000000B0C2900000004000000000CFFFFFFFF110D046C6F6F700CFFFFFFFF04FFFFFFFF0CFFFFFFFF0CFFFFFFFF0C130000000C2B000000110E05706C616E650D07737572666163650CFFFFFFFF04FFFFFFFF0CFFFFFFFF13C0364D6572
310
66DEBF000000000000000000000000000000001400000000000000800000000000000000000000000000F03F14000000000000F0BF000000000000000000000000000000800B0B0B0B0B110D04666163650CFFFFFFFF04FFFFFFFF0CFFFFFFFF0CFFFFFFFF0C290000000C2C0000000CFFFFFFFF0C2A0000000B0A0B110D05
310
7368656C6C0CFFFFFFFF04FFFFFFFF0CFFFFFFFF0CFFFFFFFF0CFFFFFFFF0C2B0000000CFFFFFFFF0C2D000000110D046C756D700CFFFFFFFF04FFFFFFFF0CFFFFFFFF0CFFFFFFFF0C2C0000000C00000000110E03456E640E026F660E0341534D0D0464617461
  0
ACDSRECORD
 90
        1
  2
AcDbDs::ID
280
    10
320
2C8
  2
ASM_Data
280
    15
 94
     3024
310
414349532042696E61727946696C652855000000000000010000000C00000007214F70656E2044657369676E20416C6C69616E63652041434953204275696C646572070E41434953203231382E3030204E540718546875204A756E2032372031363A32383A3231203230323406000000000000F03F0648AFBC9AF2D77A3E06
310
BBBDD7D9DF7CDB3D0D04626F64790CFFFFFFFF04FFFFFFFF0CFFFFFFFF0C2D0000000CFFFFFFFF0CFFFFFFFF110D05706F696E740CFFFFFFFF04FFFFFFFF0CFFFFFFFF13BD67C988B0C6D53FB8FB03828CC2D53F0000000000000000110D067665727465780CFFFFFFFF04FFFFFFFF0CFFFFFFFF0C2700000004020000000C
310
01000000110D05706F696E740CFFFFFFFF04FFFFFFFF0CFFFFFFFF13531BDEA45033C33F4A435397082BC33F0000000000000000110D067665727465780CFFFFFFFF04FFFFFFFF0CFFFFFFFF0C1500000004020000000C03000000110D05706F696E740CFFFFFFFF04FFFFFFFF0CFFFFFFFF13531BDEA45033C33F48435397
310
082BC3BF0000000000000000110D067665727465780CFFFFFFFF04FFFFFFFF0CFFFFFFFF0C1800000004020000000C05000000110D05706F696E740CFFFFFFFF04FFFFFFFF0CFFFFFFFF13BC67C988B0C6D53FB8FB03828CC2D5BF0000000000000000110D067665727465780CFFFFFFFF04FFFFFFFF0CFFFFFFFF0C1B0000
310
0004020000000C07000000110D05706F696E740CFFFFFFFF04FFFFFFFF0CFFFFFFFF13E182E8201A83E33FB8FB03828CC2D5BF0000000000000000110D067665727465780CFFFFFFFF04FFFFFFFF0CFFFFFFFF0C1E00000004020000000C09000000110D05706F696E740CFFFFFFFF04FFFFFFFF0CFFFFFFFF13EBAF153C9E
310
99E93F49435397082BC3BF0000000000000000110D067665727465780CFFFFFFFF04FFFFFFFF0CFFFFFFFF0C2100000004020000000C0B000000110D05706F696E740CFFFFFFFF04FFFFFFFF0CFFFFFFFF13EAAF153C9E99E93F49435397082BC33F0000000000000000110D067665727465780CFFFFFFFF04FFFFFFFF0CFF
310
FFFFFF0C2400000004020000000C0D000000110D05706F696E740CFFFFFFFF04FFFFFFFF0CFFFFFFFF13E182E8201A83E33FB8FB03828CC2D53F0000000000000000110D067665727465780CFFFFFFFF04FFFFFFFF0CFFFFFFFF0C2700000004020000000C0F000000110E07656C6C697073650D0563757276650CFFFFFFFF
310
04FFFFFFFF0CFFFFFFFF13BD67C988B0C6D53F49435397082BC33F00000000000000001400000000000000000000000000000080000000000000F03F14000000000000000027B4B46C105AC83F000000000000000006000000000000F03F0B0B110D04656467650CFFFFFFFF04FFFFFFFF0CFFFFFFFF0C0200000006000000
310
00000000000C0400000006182D4454FB21F93F0C130000000C110000000B0707756E6B6E6F776E110D06636F656467650CFFFFFFFF04FFFFFFFF0CFFFFFFFF0C160000000C280000000CFFFFFFFF0C120000000B0C2900000004000000000CFFFFFFFF110E0873747261696768740D0563757276650CFFFFFFFF04FFFFFFFF
310
0CFFFFFFFF13531BDEA45033C33F4A435397082BC33F000000000000000014000000000000000049435397082BD3BF00000000000000000B0B110D04656467650CFFFFFFFF04FFFFFFFF0CFFFFFFFF0C040000000600000000000000000C0600000006000000000000F03F0C160000000C140000000B0707756E6B6E6F776E
310
110D06636F656467650CFFFFFFFF04FFFFFFFF0CFFFFFFFF0C190000000C130000000CFFFFFFFF0C150000000B0C2900000004000000000CFFFFFFFF110E07656C6C697073650D0563757276650CFFFFFFFF04FFFFFFFF0CFFFFFFFF13BD67C988B0C6D53F49435397082BC3BF000000000000000014000000000000000000
310
00000000000000000000000000F03F1427B4B46C105AC8BF000000000000803C000000000000000006000000000000F03F0B0B110D04656467650CFFFFFFFF04FFFFFFFF0CFFFFFFFF0C060000000600000000000000000C0800000006182D4454FB21F93F0C190000000C170000000B0707756E6B6E6F776E110D06636F65
310
6467650CFFFFFFFF04FFFFFFFF0CFFFFFFFF0C1C0000000C160000000CFFFFFFFF0C180000000B0C2900000004000000000CFFFFFFFF110E0873747261696768740D0563757276650CFFFFFFFF04FFFFFFFF0CFFFFFFFF13BC67C988B0C6D53FB8FB03828CC2D5BF000000000000000014069E07B9833FD13F000000000000
310
000000000000000000000B0B110D04656467650CFFFFFFFF04FFFFFFFF0CFFFFFFFF0C080000000600000000000000000C0A00000006000000000000F03F0C1C0000000C1A0000000B0707756E6B6E6F776E110D06636F656467650CFFFFFFFF04FFFFFFFF0CFFFFFFFF0C1F0000000C190000000CFFFFFFFF0C1B0000000B
310
0C2900000004000000000CFFFFFFFF110E07656C6C697073650D0563757276650CFFFFFFFF04FFFFFFFF0CFFFFFFFF13E182E8201A83E33F49435397082BC3BF00000000000000001400000000000000000000000000000000000000000000F03F14000000000000000027B4B46C105AC8BF00000000000000000600000000
310
0000F03F0B0B110D04656467650CFFFFFFFF04FFFFFFFF0CFFFFFFFF0C0A0000000600000000000000000C0C00000006182D4454FB21F93F0C1F0000000C1D0000000B0707756E6B6E6F776E110D06636F656467650CFFFFFFFF04FFFFFFFF0CFFFFFFFF0C220000000C1C0000000CFFFFFFFF0C1E0000000B0C2900000004
310
000000000CFFFFFFFF110E0873747261696768740D0563757276650CFFFFFFFF04FFFFFFFF0CFFFFFFFF13EBAF153C9E99E93F49435397082BC3BF000000000000000014000000000000000049435397082BD33F00000000000000000B0B110D04656467650CFFFFFFFF04FFFFFFFF0CFFFFFFFF0C0C000000060000000000
310
0000000C0E00000006000000000000F03F0C220000000C200000000B0707756E6B6E6F776E110D06636F656467650CFFFFFFFF04FFFFFFFF0CFFFFFFFF0C250000000C1F0000000CFFFFFFFF0C210000000B0C2900000004000000000CFFFFFFFF110E07656C6C697073650D0563757276650CFFFFFFFF04FFFFFFFF0CFFFF
310
FFFF13E182E8201A83E33F49435397082BC33F00000000000000001400000000000000000000000000000000000000000000F03F1427B4B46C105AC83F0000000000000000000000000000000006000000000000F03F0B0B110D04656467650CFFFFFFFF04FFFFFFFF0CFFFFFFFF0C0E0000000600000000000000000C1000
310
000006182D4454FB21F93F0C250000000C230000000B0707756E6B6E6F776E110D06636F656467650CFFFFFFFF04FFFFFFFF0CFFFFFFFF0C280000000C220000000CFFFFFFFF0C240000000B0C2900000004000000000CFFFFFFFF110E0873747261696768740D0563757276650CFFFFFFFF04FFFFFFFF0CFFFFFFFF13E182
310
E8201A83E33FB8FB03828CC2D53F000000000000000014059E07B9833FD1BF000000000000000000000000000000000B0B110D04656467650CFFFFFFFF04FFFFFFFF0CFFFFFFFF0C100000000600000000000000000C0200000006000000000000F03F0C280000000C260000000B0707756E6B6E6F776E110D06636F656467
310
650CFFFFFFFF04FFFFFFFF0CFFFFFFFF0C130000000C250000000CFFFFFFFF0C270000000B0C2900000004000000000CFFFFFFFF110D046C6F6F700CFFFFFFFF04FFFFFFFF0CFFFFFFFF0CFFFFFFFF0C130000000C2B000000110E05706C616E650D07737572666163650CFFFFFFFF04FFFFFFFF0CFFFFFFFF13BC67C988B0
310
C6D53F000000000000000000000000000000001400000000000000800000000000000000000000000000F03F14000000000000F0BF000000000000000000000000000000800B0B0B0B0B110D04666163650CFFFFFFFF04FFFFFFFF0CFFFFFFFF0CFFFFFFFF0C290000000C2C0000000CFFFFFFFF0C2A0000000B0A0B110D05
310
7368656C6C0CFFFFFFFF04FFFFFFFF0CFFFFFFFF0CFFFFFFFF0CFFFFFFFF0C2B0000000CFFFFFFFF0C2D000000110D046C756D700CFFFFFFFF04FFFFFFFF0CFFFFFFFF0CFFFFFFFF0C2C0000000C00000000110E03456E640E026F660E0341534D0D0464617461
  0
ACDSRECORD
 90
        1
  2
AcDbDs::ID
280
    10
320
2CC
  2
ASM_Data
280
    15
 94
     1684
310
414349532042696E61727946696C652855000000000000010000000C00000007214F70656E2044657369676E20416C6C69616E63652041434953204275696C646572070E41434953203231382E3030204E540718546875204A756E2032372031363A32383A3231203230323406000000000000F03F0648AFBC9AF2D77A3E06
310
BBBDD7D9DF7CDB3D0D04626F64790CFFFFFFFF04FFFFFFFF0CFFFFFFFF0C190000000CFFFFFFFF0CFFFFFFFF110D05706F696E740CFFFFFFFF04FFFFFFFF0CFFFFFFFF132802DEFA97990BC027E2003C9A1907400000000000000000110D067665727465780CFFFFFFFF04FFFFFFFF0CFFFFFFFF0C1300000004020000000C
310
01000000110D05706F696E740CFFFFFFFF04FFFFFFFF0CFFFFFFFF135731859C313301C027E2003C9A1907400000000000000000110D067665727465780CFFFFFFFF04FFFFFFFF0CFFFFFFFF0C0D00000004020000000C03000000110D05706F696E740CFFFFFFFF04FFFFFFFF0CFFFFFFFF135731859C313301C0A8D0ABC7
310
9E99EF3F0000000000000000110D067665727465780CFFFFFFFF04FFFFFFFF0CFFFFFFFF0C1000000004020000000C05000000110D05706F696E740CFFFFFFFF04FFFFFFFF0CFFFFFFFF132802DEFA97990BC0A8D0ABC79E99EF3F0000000000000000110D067665727465780CFFFFFFFF04FFFFFFFF0CFFFFFFFF0C130000
310
0004020000000C07000000110E0873747261696768740D0563757276650CFFFFFFFF04FFFFFFFF0CFFFFFFFF132802DEFA97990BC027E2003C9A190740000000000000000014A2A1B1BCCCCCF43F000000000000000000000000000000000B0B110D04656467650CFFFFFFFF04FFFFFFFF0CFFFFFFFF0C0200000006000000
310
00000000000C0400000006000000000000F03F0C0B0000000C090000000B0707756E6B6E6F776E110D06636F656467650CFFFFFFFF04FFFFFFFF0CFFFFFFFF0C0E0000000C140000000CFFFFFFFF0C0A0000000B0C1500000004000000000CFFFFFFFF110E0873747261696768740D0563757276650CFFFFFFFF04FFFFFFFF
310
0CFFFFFFFF135731859C313301C027E2003C9A1907400000000000000000140000000000000000FADB2B146566FEBF00000000000000000B0B110D04656467650CFFFFFFFF04FFFFFFFF0CFFFFFFFF0C040000000600000000000000000C0600000006000000000000F03F0C0E0000000C0C0000000B0707756E6B6E6F776E
310
110D06636F656467650CFFFFFFFF04FFFFFFFF0CFFFFFFFF0C110000000C0B0000000CFFFFFFFF0C0D0000000B0C1500000004000000000CFFFFFFFF110E0873747261696768740D0563757276650CFFFFFFFF04FFFFFFFF0CFFFFFFFF135731859C313301C0A8D0ABC79E99EF3F000000000000000014A2A1B1BCCCCCF4BF
310
000000000000000000000000000000000B0B110D04656467650CFFFFFFFF04FFFFFFFF0CFFFFFFFF0C060000000600000000000000000C0800000006000000000000F03F0C110000000C0F0000000B0707756E6B6E6F776E110D06636F656467650CFFFFFFFF04FFFFFFFF0CFFFFFFFF0C140000000C0E0000000CFFFFFFFF
310
0C100000000B0C1500000004000000000CFFFFFFFF110E0873747261696768740D0563757276650CFFFFFFFF04FFFFFFFF0CFFFFFFFF132802DEFA97990BC0A8D0ABC79E99EF3F0000000000000000140000000000000000FADB2B146566FE3F00000000000000000B0B110D04656467650CFFFFFFFF04FFFFFFFF0CFFFFFF
310
FF0C080000000600000000000000000C0200000006000000000000F03F0C140000000C120000000B0707756E6B6E6F776E110D06636F656467650CFFFFFFFF04FFFFFFFF0CFFFFFFFF0C0B0000000C110000000CFFFFFFFF0C130000000B0C1500000004000000000CFFFFFFFF110D046C6F6F700CFFFFFFFF04FFFFFFFF0C
310
FFFFFFFF0CFFFFFFFF0C0B0000000C17000000110E05706C616E650D07737572666163650CFFFFFFFF04FFFFFFFF0CFFFFFFFF13C099B1CB646606C051D6EBED0100FF3F00000000000000001400000000000000000000000000000000000000000000F0BF14000000000000F0BF000000000000000000000000000000800B
310
0B0B0B0B110D04666163650CFFFFFFFF04FFFFFFFF0CFFFFFFFF0CFFFFFFFF0C150000000C180000000CFFFFFFFF0C160000000B0A0B110D057368656C6C0CFFFFFFFF04FFFFFFFF0CFFFFFFFF0CFFFFFFFF0CFFFFFFFF0C170000000CFFFFFFFF0C19000000110D046C756D700CFFFFFFFF04FFFFFFFF0CFFFFFFFF0CFFFF
310
FFFF0C180000000C00000000110E03456E640E026F660E0341534D0D0464617461
  0
ACDSRECORD
 90
        1
  2
AcDbDs::ID
280
    10
320
2CE
  2
ASM_Data
280
    15
 94
     1684
310
414349532042696E61727946696C652855000000000000010000000C00000007214F70656E2044657369676E20416C6C69616E63652041434953204275696C646572070E41434953203231382E3030204E540718546875204A756E2032372031363A32383A3231203230323406000000000000F03F0648AFBC9AF2D77A3E06
310
BBBDD7D9DF7CDB3D0D04626F64790CFFFFFFFF04FFFFFFFF0CFFFFFFFF0C190000000CFFFFFFFF0CFFFFFFFF110D05706F696E740CFFFFFFFF04FFFFFFFF0CFFFFFFFF13E5A958463433014027E2003C9A1907400000000000000000110D067665727465780CFFFFFFFF04FFFFFFFF0CFFFFFFFF0C1300000004020000000C
310
01000000110D05706F696E740CFFFFFFFF04FFFFFFFF0CFFFFFFFF13B67AB1A49A990B4027E2003C9A1907400000000000000000110D067665727465780CFFFFFFFF04FFFFFFFF0CFFFFFFFF0C0D00000004020000000C03000000110D05706F696E740CFFFFFFFF04FFFFFFFF0CFFFFFFFF13B67AB1A49A990B40A8D0ABC7
310
9E99EF3F0000000000000000110D067665727465780CFFFFFFFF04FFFFFFFF0CFFFFFFFF0C1000000004020000000C05000000110D05706F696E740CFFFFFFFF04FFFFFFFF0CFFFFFFFF13E5A9584634330140A8D0ABC79E99EF3F0000000000000000110D067665727465780CFFFFFFFF04FFFFFFFF0CFFFFFFFF0C130000
310
0004020000000C07000000110E0873747261696768740D0563757276650CFFFFFFFF04FFFFFFFF0CFFFFFFFF13E5A958463433014027E2003C9A190740000000000000000014A2A1B1BCCCCCF43F000000000000000000000000000000000B0B110D04656467650CFFFFFFFF04FFFFFFFF0CFFFFFFFF0C0200000006000000
310
00000000000C0400000006000000000000F03F0C0B0000000C090000000B0707756E6B6E6F776E110D06636F656467650CFFFFFFFF04FFFFFFFF0CFFFFFFFF0C0E0000000C140000000CFFFFFFFF0C0A0000000B0C1500000004000000000CFFFFFFFF110E0873747261696768740D0563757276650CFFFFFFFF04FFFFFFFF
310
0CFFFFFFFF13B67AB1A49A990B4027E2003C9A1907400000000000000000140000000000000000FADB2B146566FEBF00000000000000000B0B110D04656467650CFFFFFFFF04FFFFFFFF0CFFFFFFFF0C040000000600000000000000000C0600000006000000000000F03F0C0E0000000C0C0000000B0707756E6B6E6F776E
310
110D06636F656467650CFFFFFFFF04FFFFFFFF0CFFFFFFFF0C110000000C0B0000000CFFFFFFFF0C0D0000000B0C1500000004000000000CFFFFFFFF110E0873747261696768740D0563757276650CFFFFFFFF04FFFFFFFF0CFFFFFFFF13B67AB1A49A990B40A8D0ABC79E99EF3F000000000000000014A2A1B1BCCCCCF4BF
310
000000000000000000000000000000000B0B110D04656467650CFFFFFFFF04FFFFFFFF0CFFFFFFFF0C060000000600000000000000000C0800000006000000000000F03F0C110000000C0F0000000B0707756E6B6E6F776E110D06636F656467650CFFFFFFFF04FFFFFFFF0CFFFFFFFF0C140000000C0E0000000CFFFFFFFF
310
0C100000000B0C1500000004000000000CFFFFFFFF110E0873747261696768740D0563757276650CFFFFFFFF04FFFFFFFF0CFFFFFFFF13E5A9584634330140A8D0ABC79E99EF3F0000000000000000140000000000000000FADB2B146566FE3F00000000000000000B0B110D04656467650CFFFFFFFF04FFFFFFFF0CFFFFFF
310
FF0C080000000600000000000000000C0200000006000000000000F03F0C140000000C120000000B0707756E6B6E6F776E110D06636F656467650CFFFFFFFF04FFFFFFFF0CFFFFFFFF0C0B0000000C110000000CFFFFFFFF0C130000000B0C1500000004000000000CFFFFFFFF110D046C6F6F700CFFFFFFFF04FFFFFFFF0C
310
FFFFFFFF0CFFFFFFFF0C0B0000000C17000000110E05706C616E650D07737572666163650CFFFFFFFF04FFFFFFFF0CFFFFFFFF134E1285756766064051D6EBED0100FF3F00000000000000001400000000000000000000000000000000000000000000F0BF14000000000000F0BF000000000000000000000000000000800B
310
0B0B0B0B110D04666163650CFFFFFFFF04FFFFFFFF0CFFFFFFFF0CFFFFFFFF0C150000000C180000000CFFFFFFFF0C160000000B0A0B110D057368656C6C0CFFFFFFFF04FFFFFFFF0CFFFFFFFF0CFFFFFFFF0CFFFFFFFF0C170000000CFFFFFFFF0C19000000110D046C756D700CFFFFFFFF04FFFFFFFF0CFFFFFFFF0CFFFF
310
FFFF0C180000000C00000000110E03456E640E026F660E0341534D0D0464617461
  0
ACDSRECORD
 90
        1
  2
AcDbDs::ID
280
    10
320
2D0
  2
ASM_Data
280
    15
 94
     1684
310
414349532042696E61727946696C652855000000000000010000000C00000007214F70656E2044657369676E20416C6C69616E63652041434953204275696C646572070E41434953203231382E3030204E540718546875204A756E2032372031363A32383A3231203230323406000000000000F03F0648AFBC9AF2D77A3E06
310
BBBDD7D9DF7CDB3D0D04626F64790CFFFFFFFF04FFFFFFFF0CFFFFFFFF0C190000000CFFFFFFFF0CFFFFFFFF110D05706F696E740CFFFFFFFF04FFFFFFFF0CFFFFFFFF13A6FA84A22F33EBBF4491E676CCCCF1BF0000000000000000110D067665727465780CFFFFFFFF04FFFFFFFF0CFFFFFFFF0C1300000004020000000C
310
01000000110D05706F696E740CFFFFFFFF04FFFFFFFF0CFFFFFFFF13B174F4AE3033C3BF4491E676CCCCF1BF0000000000000000110D067665727465780CFFFFFFFF04FFFFFFFF0CFFFFFFFF0C0D00000004020000000C03000000110D05706F696E740CFFFFFFFF04FFFFFFFF0CFFFFFFFF13B174F4AE3033C3BF2315A508
310
991906C00000000000000000110D067665727465780CFFFFFFFF04FFFFFFFF0CFFFFFFFF0C1000000004020000000C05000000110D05706F696E740CFFFFFFFF04FFFFFFFF0CFFFFFFFF13A6FA84A22F33EBBF2315A508991906C00000000000000000110D067665727465780CFFFFFFFF04FFFFFFFF0CFFFFFFFF0C130000
310
0004020000000C07000000110E0873747261696768740D0563757276650CFFFFFFFF04FFFFFFFF0CFFFFFFFF13A6FA84A22F33EBBF4491E676CCCCF1BF0000000000000000147ADDC7766366E63F000000000000000000000000000000000B0B110D04656467650CFFFFFFFF04FFFFFFFF0CFFFFFFFF0C0200000006000000
310
00000000000C0400000006000000000000F03F0C0B0000000C090000000B0707756E6B6E6F776E110D06636F656467650CFFFFFFFF04FFFFFFFF0CFFFFFFFF0C0E0000000C140000000CFFFFFFFF0C0A0000000B0C1500000004000000000CFFFFFFFF110E0873747261696768740D0563757276650CFFFFFFFF04FFFFFFFF
310
0CFFFFFFFF13B174F4AE3033C3BF4491E676CCCCF1BF00000000000000001400000000000000000299639A6566FABF00000000000000000B0B110D04656467650CFFFFFFFF04FFFFFFFF0CFFFFFFFF0C040000000600000000000000000C0600000006000000000000F03F0C0E0000000C0C0000000B0707756E6B6E6F776E
310
110D06636F656467650CFFFFFFFF04FFFFFFFF0CFFFFFFFF0C110000000C0B0000000CFFFFFFFF0C0D0000000B0C1500000004000000000CFFFFFFFF110E0873747261696768740D0563757276650CFFFFFFFF04FFFFFFFF0CFFFFFFFF13B174F4AE3033C3BF2315A508991906C00000000000000000147ADDC7766366E6BF
310
000000000000000000000000000000000B0B110D04656467650CFFFFFFFF04FFFFFFFF0CFFFFFFFF0C060000000600000000000000000C0800000006000000000000F03F0C110000000C0F0000000B0707756E6B6E6F776E110D06636F656467650CFFFFFFFF04FFFFFFFF0CFFFFFFFF0C140000000C0E0000000CFFFFFFFF
310
0C100000000B0C1500000004000000000CFFFFFFFF110E0873747261696768740D0563757276650CFFFFFFFF04FFFFFFFF0CFFFFFFFF13A6FA84A22F33EBBF2315A508991906C000000000000000001400000000000000000299639A6566FA3F00000000000000000B0B110D04656467650CFFFFFFFF04FFFFFFFF0CFFFFFF
310
FF0C080000000600000000000000000C0200000006000000000000F03F0C140000000C120000000B0707756E6B6E6F776E110D06636F656467650CFFFFFFFF04FFFFFFFF0CFFFFFFFF0C0B0000000C110000000CFFFFFFFF0C130000000B0C1500000004000000000CFFFFFFFF110D046C6F6F700CFFFFFFFF04FFFFFFFF0C
310
FFFFFFFF0CFFFFFFFF0C0B0000000C17000000110E05706C616E650D07737572666163650CFFFFFFFF04FFFFFFFF0CFFFFFFFF13D21742CEFBFFDFBFC55D1844FFFFFEBF00000000000000001400000000000000000000000000000000000000000000F0BF14000000000000F0BF000000000000000000000000000000800B
310
0B0B0B0B110D04666163650CFFFFFFFF04FFFFFFFF0CFFFFFFFF0CFFFFFFFF0C150000000C180000000CFFFFFFFF0C160000000B0A0B110D057368656C6C0CFFFFFFFF04FFFFFFFF0CFFFFFFFF0CFFFFFFFF0CFFFFFFFF0C170000000CFFFFFFFF0C19000000110D046C756D700CFFFFFFFF04FFFFFFFF0CFFFFFFFF0CFFFF
310
FFFF0C180000000C00000000110E03456E640E026F660E0341534D0D0464617461
  0
ACDSRECORD
 90
        1
  2
AcDbDs::ID
280
    10
320
2D2
  2
ASM_Data
280
    15
 94
     1684
310
414349532042696E61727946696C652855000000000000010000000C00000007214F70656E2044657369676E20416C6C69616E63652041434953204275696C646572070E41434953203231382E3030204E540718546875204A756E2032372031363A32383A3231203230323406000000000000F03F0648AFBC9AF2D77A3E06
310
BBBDD7D9DF7CDB3D0D04626F64790CFFFFFFFF04FFFFFFFF0CFFFFFFFF0C190000000CFFFFFFFF0CFFFFFFFF110D05706F696E740CFFFFFFFF04FFFFFFFF0CFFFFFFFF1389FD2B4C5B33C33F4491E676CCCCF1BF0000000000000000110D067665727465780CFFFFFFFF04FFFFFFFF0CFFFFFFFF0C1300000004020000000C
310
01000000110D05706F696E740CFFFFFFFF04FFFFFFFF0CFFFFFFFF13DCDCD2493A33EB3F4491E676CCCCF1BF0000000000000000110D067665727465780CFFFFFFFF04FFFFFFFF0CFFFFFFFF0C0D00000004020000000C03000000110D05706F696E740CFFFFFFFF04FFFFFFFF0CFFFFFFFF13DCDCD2493A33EB3F2315A508
310
991906C00000000000000000110D067665727465780CFFFFFFFF04FFFFFFFF0CFFFFFFFF0C1000000004020000000C05000000110D05706F696E740CFFFFFFFF04FFFFFFFF0CFFFFFFFF1389FD2B4C5B33C33F2315A508991906C00000000000000000110D067665727465780CFFFFFFFF04FFFFFFFF0CFFFFFFFF0C130000
310
0004020000000C07000000110E0873747261696768740D0563757276650CFFFFFFFF04FFFFFFFF0CFFFFFFFF1389FD2B4C5B33C33F4491E676CCCCF1BF0000000000000000147ADDC7766366E63F000000000000000000000000000000000B0B110D04656467650CFFFFFFFF04FFFFFFFF0CFFFFFFFF0C0200000006000000
310
00000000000C0400000006000000000000F03F0C0B0000000C090000000B0707756E6B6E6F776E110D06636F656467650CFFFFFFFF04FFFFFFFF0CFFFFFFFF0C0E0000000C140000000CFFFFFFFF0C0A0000000B0C1500000004000000000CFFFFFFFF110E0873747261696768740D0563757276650CFFFFFFFF04FFFFFFFF
310
0CFFFFFFFF13DCDCD2493A33EB3F4491E676CCCCF1BF00000000000000001400000000000000000299639A6566FABF00000000000000000B0B110D04656467650CFFFFFFFF04FFFFFFFF0CFFFFFFFF0C040000000600000000000000000C0600000006000000000000F03F0C0E0000000C0C0000000B0707756E6B6E6F776E
310
110D06636F656467650CFFFFFFFF04FFFFFFFF0CFFFFFFFF0C110000000C0B0000000CFFFFFFFF0C0D0000000B0C1500000004000000000CFFFFFFFF110E0873747261696768740D0563757276650CFFFFFFFF04FFFFFFFF0CFFFFFFFF13DCDCD2493A33EB3F2315A508991906C00000000000000000147ADDC7766366E6BF
310
000000000000000000000000000000000B0B110D04656467650CFFFFFFFF04FFFFFFFF0CFFFFFFFF0C060000000600000000000000000C0800000006000000000000F03F0C110000000C0F0000000B0707756E6B6E6F776E110D06636F656467650CFFFFFFFF04FFFFFFFF0CFFFFFFFF0C140000000C0E0000000CFFFFFFFF
310
0C100000000B0C1500000004000000000CFFFFFFFF110E0873747261696768740D0563757276650CFFFFFFFF04FFFFFFFF0CFFFFFFFF1389FD2B4C5B33C33F2315A508991906C000000000000000001400000000000000000299639A6566FA3F00000000000000000B0B110D04656467650CFFFFFFFF04FFFFFFFF0CFFFFFF
310
FF0C080000000600000000000000000C0200000006000000000000F03F0C140000000C120000000B0707756E6B6E6F776E110D06636F656467650CFFFFFFFF04FFFFFFFF0CFFFFFFFF0C0B0000000C110000000CFFFFFFFF0C130000000B0C1500000004000000000CFFFFFFFF110D046C6F6F700CFFFFFFFF04FFFFFFFF0C
310
FFFFFFFF0CFFFFFFFF0C0B0000000C17000000110E05706C616E650D07737572666163650CFFFFFFFF04FFFFFFFF0CFFFFFFFF131FEE6E8E0800E03FC55D1844FFFFFEBF00000000000000001400000000000000000000000000000000000000000000F0BF14000000000000F0BF000000000000000000000000000000800B
310
0B0B0B0B110D04666163650CFFFFFFFF04FFFFFFFF0CFFFFFFFF0CFFFFFFFF0C150000000C180000000CFFFFFFFF0C160000000B0A0B110D057368656C6C0CFFFFFFFF04FFFFFFFF0CFFFFFFFF0CFFFFFFFF0CFFFFFFFF0C170000000CFFFFFFFF0C19000000110D046C756D700CFFFFFFFF04FFFFFFFF0CFFFFFFFF0CFFFF
310
FFFF0C180000000C00000000110E03456E640E026F660E0341534D0D0464617461
  0
ACDSRECORD
 90
        1
  2
AcDbDs::ID
280
    10
320
2D4
  2
ASM_Data
280
    15
 94
     1684
310
414349532042696E61727946696C652855000000000000010000000C00000007214F70656E2044657369676E20416C6C69616E63652041434953204275696C646572070E41434953203231382E3030204E540718546875204A756E2032372031363A32383A3231203230323406000000000000F03F0648AFBC9AF2D77A3E06
310
BBBDD7D9DF7CDB3D0D04626F64790CFFFFFFFF04FFFFFFFF0CFFFFFFFF0C190000000CFFFFFFFF0CFFFFFFFF110D05706F696E740CFFFFFFFF04FFFFFFFF0CFFFFFFFF1327047AFA6B66F23F4491E676CCCCF1BF0000000000000000110D067665727465780CFFFFFFFF04FFFFFFFF0CFFFFFFFF0C1300000004020000000C
310
01000000110D05706F696E740CFFFFFFFF04FFFFFFFF0CFFFFFFFF13E5F2DDB59D99FD3F4491E676CCCCF1BF0000000000000000110D067665727465780CFFFFFFFF04FFFFFFFF0CFFFFFFFF0C0D00000004020000000C03000000110D05706F696E740CFFFFFFFF04FFFFFFFF0CFFFFFFFF13E5F2DDB59D99FD3F2315A508
310
991906C00000000000000000110D067665727465780CFFFFFFFF04FFFFFFFF0CFFFFFFFF0C1000000004020000000C05000000110D05706F696E740CFFFFFFFF04FFFFFFFF0CFFFFFFFF1327047AFA6B66F23F2315A508991906C00000000000000000110D067665727465780CFFFFFFFF04FFFFFFFF0CFFFFFFFF0C130000
310
0004020000000C07000000110E0873747261696768740D0563757276650CFFFFFFFF04FFFFFFFF0CFFFFFFFF1327047AFA6B66F23F4491E676CCCCF1BF0000000000000000147CDDC7766366E63F000000000000000000000000000000000B0B110D04656467650CFFFFFFFF04FFFFFFFF0CFFFFFFFF0C0200000006000000
310
00000000000C0400000006000000000000F03F0C0B0000000C090000000B0707756E6B6E6F776E110D06636F656467650CFFFFFFFF04FFFFFFFF0CFFFFFFFF0C0E0000000C140000000CFFFFFFFF0C0A0000000B0C1500000004000000000CFFFFFFFF110E0873747261696768740D0563757276650CFFFFFFFF04FFFFFFFF
310
0CFFFFFFFF13E5F2DDB59D99FD3F4491E676CCCCF1BF00000000000000001400000000000000000299639A6566FABF00000000000000000B0B110D04656467650CFFFFFFFF04FFFFFFFF0CFFFFFFFF0C040000000600000000000000000C0600000006000000000000F03F0C0E0000000C0C0000000B0707756E6B6E6F776E
310
110D06636F656467650CFFFFFFFF04FFFFFFFF0CFFFFFFFF0C110000000C0B0000000CFFFFFFFF0C0D0000000B0C1500000004000000000CFFFFFFFF110E0873747261696768740D0563757276650CFFFFFFFF04FFFFFFFF0CFFFFFFFF13E5F2DDB59D99FD3F2315A508991906C00000000000000000147CDDC7766366E6BF
310
000000000000000000000000000000000B0B110D04656467650CFFFFFFFF04FFFFFFFF0CFFFFFFFF0C060000000600000000000000000C0800000006000000000000F03F0C110000000C0F0000000B0707756E6B6E6F776E110D06636F656467650CFFFFFFFF04FFFFFFFF0CFFFFFFFF0C140000000C0E0000000CFFFFFFFF
310
0C100000000B0C1500000004000000000CFFFFFFFF110E0873747261696768740D0563757276650CFFFFFFFF04FFFFFFFF0CFFFFFFFF1327047AFA6B66F23F2315A508991906C000000000000000001400000000000000000299639A6566FA3F00000000000000000B0B110D04656467650CFFFFFFFF04FFFFFFFF0CFFFFFF
310
FF0C080000000600000000000000000C0200000006000000000000F03F0C140000000C120000000B0707756E6B6E6F776E110D06636F656467650CFFFFFFFF04FFFFFFFF0CFFFFFFFF0C0B0000000C110000000CFFFFFFFF0C130000000B0C1500000004000000000CFFFFFFFF110D046C6F6F700CFFFFFFFF04FFFFFFFF0C
310
FFFFFFFF0CFFFFFFFF0C0B0000000C17000000110E05706C616E650D07737572666163650CFFFFFFFF04FFFFFFFF0CFFFFFFFF1386FB2BD80400F83FC55D1844FFFFFEBF00000000000000001400000000000000000000000000000000000000000000F0BF14000000000000F0BF000000000000000000000000000000800B
310
0B0B0B0B110D04666163650CFFFFFFFF04FFFFFFFF0CFFFFFFFF0CFFFFFFFF0C150000000C180000000CFFFFFFFF0C160000000B0A0B110D057368656C6C0CFFFFFFFF04FFFFFFFF0CFFFFFFFF0CFFFFFFFF0CFFFFFFFF0C170000000CFFFFFFFF0C19000000110D046C756D700CFFFFFFFF04FFFFFFFF0CFFFFFFFF0CFFFF
310
FFFF0C180000000C00000000110E03456E640E026F660E0341534D0D0464617461
  0
ACDSRECORD
 90
        1
  2
AcDbDs::ID
280
    10
320
2D6
  2
ASM_Data
280
    15
 94
     1684
310
414349532042696E61727946696C652855000000000000010000000C00000007214F70656E2044657369676E20416C6C69616E63652041434953204275696C646572070E41434953203231382E3030204E540718546875204A756E2032372031363A32383A3231203230323406000000000000F03F0648AFBC9AF2D77A3E06
310
BBBDD7D9DF7CDB3D0D04626F64790CFFFFFFFF04FFFFFFFF0CFFFFFFFF0C190000000CFFFFFFFF0CFFFFFFFF110D05706F696E740CFFFFFFFF04FFFFFFFF0CFFFFFFFF133B8963B89599FDBF4491E676CCCCF1BF0000000000000000110D067665727465780CFFFFFFFF04FFFFFFFF0CFFFFFFFF0C1300000004020000000C
310
01000000110D05706F696E740CFFFFFFFF04FFFFFFFF0CFFFFFFFF13809AFFFC6366F2BF4491E676CCCCF1BF0000000000000000110D067665727465780CFFFFFFFF04FFFFFFFF0CFFFFFFFF0C0D00000004020000000C03000000110D05706F696E740CFFFFFFFF04FFFFFFFF0CFFFFFFFF13809AFFFC6366F2BF2315A508
310
991906C00000000000000000110D067665727465780CFFFFFFFF04FFFFFFFF0CFFFFFFFF0C1000000004020000000C05000000110D05706F696E740CFFFFFFFF04FFFFFFFF0CFFFFFFFF133B8963B89599FDBF2315A508991906C00000000000000000110D067665727465780CFFFFFFFF04FFFFFFFF0CFFFFFFFF0C130000
310
0004020000000C07000000110E0873747261696768740D0563757276650CFFFFFFFF04FFFFFFFF0CFFFFFFFF133B8963B89599FDBF4491E676CCCCF1BF00000000000000001476DDC7766366E63F000000000000000000000000000000000B0B110D04656467650CFFFFFFFF04FFFFFFFF0CFFFFFFFF0C0200000006000000
310
00000000000C0400000006000000000000F03F0C0B0000000C090000000B0707756E6B6E6F776E110D06636F656467650CFFFFFFFF04FFFFFFFF0CFFFFFFFF0C0E0000000C140000000CFFFFFFFF0C0A0000000B0C1500000004000000000CFFFFFFFF110E0873747261696768740D0563757276650CFFFFFFFF04FFFFFFFF
310
0CFFFFFFFF13809AFFFC6366F2BF4491E676CCCCF1BF00000000000000001400000000000000000299639A6566FABF00000000000000000B0B110D04656467650CFFFFFFFF04FFFFFFFF0CFFFFFFFF0C040000000600000000000000000C0600000006000000000000F03F0C0E0000000C0C0000000B0707756E6B6E6F776E
310
110D06636F656467650CFFFFFFFF04FFFFFFFF0CFFFFFFFF0C110000000C0B0000000CFFFFFFFF0C0D0000000B0C1500000004000000000CFFFFFFFF110E0873747261696768740D0563757276650CFFFFFFFF04FFFFFFFF0CFFFFFFFF13809AFFFC6366F2BF2315A508991906C000000000000000001476DDC7766366E6BF
310
000000000000000000000000000000000B0B110D04656467650CFFFFFFFF04FFFFFFFF0CFFFFFFFF0C060000000600000000000000000C0800000006000000000000F03F0C110000000C0F0000000B0707756E6B6E6F776E110D06636F656467650CFFFFFFFF04FFFFFFFF0CFFFFFFFF0C140000000C0E0000000CFFFFFFFF
310
0C100000000B0C1500000004000000000CFFFFFFFF110E0873747261696768740D0563757276650CFFFFFFFF04FFFFFFFF0CFFFFFFFF133B8963B89599FDBF2315A508991906C000000000000000001400000000000000000299639A6566FA3F00000000000000000B0B110D04656467650CFFFFFFFF04FFFFFFFF0CFFFFFF
310
FF0C080000000600000000000000000C0200000006000000000000F03F0C140000000C120000000B0707756E6B6E6F776E110D06636F656467650CFFFFFFFF04FFFFFFFF0CFFFFFFFF0C0B0000000C110000000CFFFFFFFF0C130000000B0C1500000004000000000CFFFFFFFF110D046C6F6F700CFFFFFFFF04FFFFFFFF0C
310
FFFFFFFF0CFFFFFFFF0C0B0000000C17000000110E05706C616E650D07737572666163650CFFFFFFFF04FFFFFFFF0CFFFFFFFF13DE91B1DAFCFFF7BFC55D1844FFFFFEBF00000000000000001400000000000000000000000000000000000000000000F0BF14000000000000F0BF000000000000000000000000000000800B
310
0B0B0B0B110D04666163650CFFFFFFFF04FFFFFFFF0CFFFFFFFF0CFFFFFFFF0C150000000C180000000CFFFFFFFF0C160000000B0A0B110D057368656C6C0CFFFFFFFF04FFFFFFFF0CFFFFFFFF0CFFFFFFFF0CFFFFFFFF0C170000000CFFFFFFFF0C19000000110D046C756D700CFFFFFFFF04FFFFFFFF0CFFFFFFFF0CFFFF
310
FFFF0C180000000C00000000110E03456E640E026F660E0341534D0D0464617461
  0
ACDSRECORD
 90
        1
  2
AcDbDs::ID
280
    10
320
2DA
  2
ASM_Data
280
    15
 94
     1684
310
414349532042696E61727946696C652855000000000000010000000C00000007214F70656E2044657369676E20416C6C69616E63652041434953204275696C646572070E41434953203231382E3030204E540718546875204A756E2032372031363A32383A3231203230323406000000000000F03F0648AFBC9AF2D77A3E06
310
BBBDD7D9DF7CDB3D0D04626F64790CFFFFFFFF04FFFFFFFF0CFFFFFFFF0C190000000CFFFFFFFF0CFFFFFFFF110D05706F696E740CFFFFFFFF04FFFFFFFF0CFFFFFFFF132802DEFA97990BC027E2003C9A1907400000000000000000110D067665727465780CFFFFFFFF04FFFFFFFF0CFFFFFFFF0C1300000004020000000C
310
01000000110D05706F696E740CFFFFFFFF04FFFFFFFF0CFFFFFFFF135731859C313301C027E2003C9A1907400000000000000000110D067665727465780CFFFFFFFF04FFFFFFFF0CFFFFFFFF0C0D00000004020000000C03000000110D05706F696E740CFFFFFFFF04FFFFFFFF0CFFFFFFFF135731859C313301C0A8D0ABC7
310
9E99EF3F0000000000000000110D067665727465780CFFFFFFFF04FFFFFFFF0CFFFFFFFF0C1000000004020000000C05000000110D05706F696E740CFFFFFFFF04FFFFFFFF0CFFFFFFFF132802DEFA97990BC0A8D0ABC79E99EF3F0000000000000000110D067665727465780CFFFFFFFF04FFFFFFFF0CFFFFFFFF0C130000
310
0004020000000C07000000110E0873747261696768740D0563757276650CFFFFFFFF04FFFFFFFF0CFFFFFFFF132802DEFA97990BC027E2003C9A190740000000000000000014A2A1B1BCCCCCF43F000000000000000000000000000000000B0B110D04656467650CFFFFFFFF04FFFFFFFF0CFFFFFFFF0C0200000006000000
310
00000000000C0400000006000000000000F03F0C0B0000000C090000000B0707756E6B6E6F776E110D06636F656467650CFFFFFFFF04FFFFFFFF0CFFFFFFFF0C0E0000000C140000000CFFFFFFFF0C0A0000000B0C1500000004000000000CFFFFFFFF110E0873747261696768740D0563757276650CFFFFFFFF04FFFFFFFF
310
0CFFFFFFFF135731859C313301C027E2003C9A1907400000000000000000140000000000000000FADB2B146566FEBF00000000000000000B0B110D04656467650CFFFFFFFF04FFFFFFFF0CFFFFFFFF0C040000000600000000000000000C0600000006000000000000F03F0C0E0000000C0C0000000B0707756E6B6E6F776E
310
110D06636F656467650CFFFFFFFF04FFFFFFFF0CFFFFFFFF0C110000000C0B0000000CFFFFFFFF0C0D0000000B0C1500000004000000000CFFFFFFFF110E0873747261696768740D0563757276650CFFFFFFFF04FFFFFFFF0CFFFFFFFF135731859C313301C0A8D0ABC79E99EF3F000000000000000014A2A1B1BCCCCCF4BF
310
000000000000000000000000000000000B0B110D04656467650CFFFFFFFF04FFFFFFFF0CFFFFFFFF0C060000000600000000000000000C0800000006000000000000F03F0C110000000C0F0000000B0707756E6B6E6F776E110D06636F656467650CFFFFFFFF04FFFFFFFF0CFFFFFFFF0C140000000C0E0000000CFFFFFFFF
310
0C100000000B0C1500000004000000000CFFFFFFFF110E0873747261696768740D0563757276650CFFFFFFFF04FFFFFFFF0CFFFFFFFF132802DEFA97990BC0A8D0ABC79E99EF3F0000000000000000140000000000000000FADB2B146566FE3F00000000000000000B0B110D04656467650CFFFFFFFF04FFFFFFFF0CFFFFFF
310
FF0C080000000600000000000000000C0200000006000000000000F03F0C140000000C120000000B0707756E6B6E6F776E110D06636F656467650CFFFFFFFF04FFFFFFFF0CFFFFFFFF0C0B0000000C110000000CFFFFFFFF0C130000000B0C1500000004000000000CFFFFFFFF110D046C6F6F700CFFFFFFFF04FFFFFFFF0C
310
FFFFFFFF0CFFFFFFFF0C0B0000000C17000000110E05706C616E650D07737572666163650CFFFFFFFF04FFFFFFFF0CFFFFFFFF13C099B1CB646606C051D6EBED0100FF3F00000000000000001400000000000000000000000000000000000000000000F0BF14000000000000F0BF000000000000000000000000000000800B
310
0B0B0B0B110D04666163650CFFFFFFFF04FFFFFFFF0CFFFFFFFF0CFFFFFFFF0C150000000C180000000CFFFFFFFF0C160000000B0A0B110D057368656C6C0CFFFFFFFF04FFFFFFFF0CFFFFFFFF0CFFFFFFFF0CFFFFFFFF0C170000000CFFFFFFFF0C19000000110D046C756D700CFFFFFFFF04FFFFFFFF0CFFFFFFFF0CFFFF
310
FFFF0C180000000C00000000110E03456E640E026F660E0341534D0D0464617461
  0
ACDSRECORD
 90
        1
  2
AcDbDs::ID
280
    10
320
2DC
  2
ASM_Data
280
    15
 94
     1684
310
414349532042696E61727946696C652855000000000000010000000C00000007214F70656E2044657369676E20416C6C69616E63652041434953204275696C646572070E41434953203231382E3030204E540718546875204A756E2032372031363A32383A3231203230323406000000000000F03F0648AFBC9AF2D77A3E06
310
BBBDD7D9DF7CDB3D0D04626F64790CFFFFFFFF04FFFFFFFF0CFFFFFFFF0C190000000CFFFFFFFF0CFFFFFFFF110D05706F696E740CFFFFFFFF04FFFFFFFF0CFFFFFFFF13E5A958463433014027E2003C9A1907400000000000000000110D067665727465780CFFFFFFFF04FFFFFFFF0CFFFFFFFF0C1300000004020000000C
310
01000000110D05706F696E740CFFFFFFFF04FFFFFFFF0CFFFFFFFF13B67AB1A49A990B4027E2003C9A1907400000000000000000110D067665727465780CFFFFFFFF04FFFFFFFF0CFFFFFFFF0C0D00000004020000000C03000000110D05706F696E740CFFFFFFFF04FFFFFFFF0CFFFFFFFF13B67AB1A49A990B40A8D0ABC7
310
9E99EF3F0000000000000000110D067665727465780CFFFFFFFF04FFFFFFFF0CFFFFFFFF0C1000000004020000000C05000000110D05706F696E740CFFFFFFFF04FFFFFFFF0CFFFFFFFF13E5A9584634330140A8D0ABC79E99EF3F0000000000000000110D067665727465780CFFFFFFFF04FFFFFFFF0CFFFFFFFF0C130000
310
0004020000000C07000000110E0873747261696768740D0563757276650CFFFFFFFF04FFFFFFFF0CFFFFFFFF13E5A958463433014027E2003C9A190740000000000000000014A2A1B1BCCCCCF43F000000000000000000000000000000000B0B110D04656467650CFFFFFFFF04FFFFFFFF0CFFFFFFFF0C0200000006000000
310
00000000000C0400000006000000000000F03F0C0B0000000C090000000B0707756E6B6E6F776E110D06636F656467650CFFFFFFFF04FFFFFFFF0CFFFFFFFF0C0E0000000C140000000CFFFFFFFF0C0A0000000B0C1500000004000000000CFFFFFFFF110E0873747261696768740D0563757276650CFFFFFFFF04FFFFFFFF
310
0CFFFFFFFF13B67AB1A49A990B4027E2003C9A1907400000000000000000140000000000000000FADB2B146566FEBF00000000000000000B0B110D04656467650CFFFFFFFF04FFFFFFFF0CFFFFFFFF0C040000000600000000000000000C0600000006000000000000F03F0C0E0000000C0C0000000B0707756E6B6E6F776E
310
110D06636F656467650CFFFFFFFF04FFFFFFFF0CFFFFFFFF0C110000000C0B0000000CFFFFFFFF0C0D0000000B0C1500000004000000000CFFFFFFFF110E0873747261696768740D0563757276650CFFFFFFFF04FFFFFFFF0CFFFFFFFF13B67AB1A49A990B40A8D0ABC79E99EF3F000000000000000014A2A1B1BCCCCCF4BF
310
000000000000000000000000000000000B0B110D04656467650CFFFFFFFF04FFFFFFFF0CFFFFFFFF0C060000000600000000000000000C0800000006000000000000F03F0C110000000C0F0000000B0707756E6B6E6F776E110D06636F656467650CFFFFFFFF04FFFFFFFF0CFFFFFFFF0C140000000C0E0000000CFFFFFFFF
310
0C100000000B0C1500000004000000000CFFFFFFFF110E0873747261696768740D0563757276650CFFFFFFFF04FFFFFFFF0CFFFFFFFF13E5A9584634330140A8D0ABC79E99EF3F0000000000000000140000000000000000FADB2B146566FE3F00000000000000000B0B110D04656467650CFFFFFFFF04FFFFFFFF0CFFFFFF
310
FF0C080000000600000000000000000C0200000006000000000000F03F0C140000000C120000000B0707756E6B6E6F776E110D06636F656467650CFFFFFFFF04FFFFFFFF0CFFFFFFFF0C0B0000000C110000000CFFFFFFFF0C130000000B0C1500000004000000000CFFFFFFFF110D046C6F6F700CFFFFFFFF04FFFFFFFF0C
310
FFFFFFFF0CFFFFFFFF0C0B0000000C17000000110E05706C616E650D07737572666163650CFFFFFFFF04FFFFFFFF0CFFFFFFFF134E1285756766064051D6EBED0100FF3F00000000000000001400000000000000000000000000000000000000000000F0BF14000000000000F0BF000000000000000000000000000000800B
310
0B0B0B0B110D04666163650CFFFFFFFF04FFFFFFFF0CFFFFFFFF0CFFFFFFFF0C150000000C180000000CFFFFFFFF0C160000000B0A0B110D057368656C6C0CFFFFFFFF04FFFFFFFF0CFFFFFFFF0CFFFFFFFF0CFFFFFFFF0C170000000CFFFFFFFF0C19000000110D046C756D700CFFFFFFFF04FFFFFFFF0CFFFFFFFF0CFFFF
310
FFFF0C180000000C00000000110E03456E640E026F660E0341534D0D0464617461
  0
ACDSRECORD
 90
        1
  2
AcDbDs::ID
280
    10
320
2DE
  2
ASM_Data
280
    15
 94
     1684
310
414349532042696E61727946696C652855000000000000010000000C00000007214F70656E2044657369676E20416C6C69616E63652041434953204275696C646572070E41434953203231382E3030204E540718546875204A756E2032372031363A32383A3231203230323406000000000000F03F0648AFBC9AF2D77A3E06
310
BBBDD7D9DF7CDB3D0D04626F64790CFFFFFFFF04FFFFFFFF0CFFFFFFFF0C190000000CFFFFFFFF0CFFFFFFFF110D05706F696E740CFFFFFFFF04FFFFFFFF0CFFFFFFFF13A6FA84A22F33EBBF4491E676CCCCF1BF0000000000000000110D067665727465780CFFFFFFFF04FFFFFFFF0CFFFFFFFF0C1300000004020000000C
310
01000000110D05706F696E740CFFFFFFFF04FFFFFFFF0CFFFFFFFF13B174F4AE3033C3BF4491E676CCCCF1BF0000000000000000110D067665727465780CFFFFFFFF04FFFFFFFF0CFFFFFFFF0C0D00000004020000000C03000000110D05706F696E740CFFFFFFFF04FFFFFFFF0CFFFFFFFF13B174F4AE3033C3BF2315A508
310
991906C00000000000000000110D067665727465780CFFFFFFFF04FFFFFFFF0CFFFFFFFF0C1000000004020000000C05000000110D05706F696E740CFFFFFFFF04FFFFFFFF0CFFFFFFFF13A6FA84A22F33EBBF2315A508991906C00000000000000000110D067665727465780CFFFFFFFF04FFFFFFFF0CFFFFFFFF0C130000
310
0004020000000C07000000110E0873747261696768740D0563757276650CFFFFFFFF04FFFFFFFF0CFFFFFFFF13A6FA84A22F33EBBF4491E676CCCCF1BF0000000000000000147ADDC7766366E63F000000000000000000000000000000000B0B110D04656467650CFFFFFFFF04FFFFFFFF0CFFFFFFFF0C0200000006000000
310
00000000000C0400000006000000000000F03F0C0B0000000C090000000B0707756E6B6E6F776E110D06636F656467650CFFFFFFFF04FFFFFFFF0CFFFFFFFF0C0E0000000C140000000CFFFFFFFF0C0A0000000B0C1500000004000000000CFFFFFFFF110E0873747261696768740D0563757276650CFFFFFFFF04FFFFFFFF
310
0CFFFFFFFF13B174F4AE3033C3BF4491E676CCCCF1BF00000000000000001400000000000000000299639A6566FABF00000000000000000B0B110D04656467650CFFFFFFFF04FFFFFFFF0CFFFFFFFF0C040000000600000000000000000C0600000006000000000000F03F0C0E0000000C0C0000000B0707756E6B6E6F776E
310
110D06636F656467650CFFFFFFFF04FFFFFFFF0CFFFFFFFF0C110000000C0B0000000CFFFFFFFF0C0D0000000B0C1500000004000000000CFFFFFFFF110E0873747261696768740D0563757276650CFFFFFFFF04FFFFFFFF0CFFFFFFFF13B174F4AE3033C3BF2315A508991906C00000000000000000147ADDC7766366E6BF
310
000000000000000000000000000000000B0B110D04656467650CFFFFFFFF04FFFFFFFF0CFFFFFFFF0C060000000600000000000000000C0800000006000000000000F03F0C110000000C0F0000000B0707756E6B6E6F776E110D06636F656467650CFFFFFFFF04FFFFFFFF0CFFFFFFFF0C140000000C0E0000000CFFFFFFFF
310
0C100000000B0C1500000004000000000CFFFFFFFF110E0873747261696768740D0563757276650CFFFFFFFF04FFFFFFFF0CFFFFFFFF13A6FA84A22F33EBBF2315A508991906C000000000000000001400000000000000000299639A6566FA3F00000000000000000B0B110D04656467650CFFFFFFFF04FFFFFFFF0CFFFFFF
310
FF0C080000000600000000000000000C0200000006000000000000F03F0C140000000C120000000B0707756E6B6E6F776E110D06636F656467650CFFFFFFFF04FFFFFFFF0CFFFFFFFF0C0B0000000C110000000CFFFFFFFF0C130000000B0C1500000004000000000CFFFFFFFF110D046C6F6F700CFFFFFFFF04FFFFFFFF0C
310
FFFFFFFF0CFFFFFFFF0C0B0000000C17000000110E05706C616E650D07737572666163650CFFFFFFFF04FFFFFFFF0CFFFFFFFF13D21742CEFBFFDFBFC55D1844FFFFFEBF00000000000000001400000000000000000000000000000000000000000000F0BF14000000000000F0BF000000000000000000000000000000800B
310
0B0B0B0B110D04666163650CFFFFFFFF04FFFFFFFF0CFFFFFFFF0CFFFFFFFF0C150000000C180000000CFFFFFFFF0C160000000B0A0B110D057368656C6C0CFFFFFFFF04FFFFFFFF0CFFFFFFFF0CFFFFFFFF0CFFFFFFFF0C170000000CFFFFFFFF0C19000000110D046C756D700CFFFFFFFF04FFFFFFFF0CFFFFFFFF0CFFFF
310
FFFF0C180000000C00000000110E03456E640E026F660E0341534D0D0464617461
  0
ACDSRECORD
 90
        1
  2
AcDbDs::ID
280
    10
320
2E0
  2
ASM_Data
280
    15
 94
     1684
310
414349532042696E61727946696C652855000000000000010000000C00000007214F70656E2044657369676E20416C6C69616E63652041434953204275696C646572070E41434953203231382E3030204E540718546875204A756E2032372031363A32383A3231203230323406000000000000F03F0648AFBC9AF2D77A3E06
310
BBBDD7D9DF7CDB3D0D04626F64790CFFFFFFFF04FFFFFFFF0CFFFFFFFF0C190000000CFFFFFFFF0CFFFFFFFF110D05706F696E740CFFFFFFFF04FFFFFFFF0CFFFFFFFF1389FD2B4C5B33C33F4491E676CCCCF1BF0000000000000000110D067665727465780CFFFFFFFF04FFFFFFFF0CFFFFFFFF0C1300000004020000000C
310
01000000110D05706F696E740CFFFFFFFF04FFFFFFFF0CFFFFFFFF13DCDCD2493A33EB3F4491E676CCCCF1BF0000000000000000110D067665727465780CFFFFFFFF04FFFFFFFF0CFFFFFFFF0C0D00000004020000000C03000000110D05706F696E740CFFFFFFFF04FFFFFFFF0CFFFFFFFF13DCDCD2493A33EB3F2315A508
310
991906C00000000000000000110D067665727465780CFFFFFFFF04FFFFFFFF0CFFFFFFFF0C1000000004020000000C05000000110D05706F696E740CFFFFFFFF04FFFFFFFF0CFFFFFFFF1389FD2B4C5B33C33F2315A508991906C00000000000000000110D067665727465780CFFFFFFFF04FFFFFFFF0CFFFFFFFF0C130000
310
0004020000000C07000000110E0873747261696768740D0563757276650CFFFFFFFF04FFFFFFFF0CFFFFFFFF1389FD2B4C5B33C33F4491E676CCCCF1BF0000000000000000147ADDC7766366E63F000000000000000000000000000000000B0B110D04656467650CFFFFFFFF04FFFFFFFF0CFFFFFFFF0C0200000006000000
310
00000000000C0400000006000000000000F03F0C0B0000000C090000000B0707756E6B6E6F776E110D06636F656467650CFFFFFFFF04FFFFFFFF0CFFFFFFFF0C0E0000000C140000000CFFFFFFFF0C0A0000000B0C1500000004000000000CFFFFFFFF110E0873747261696768740D0563757276650CFFFFFFFF04FFFFFFFF
310
0CFFFFFFFF13DCDCD2493A33EB3F4491E676CCCCF1BF00000000000000001400000000000000000299639A6566FABF00000000000000000B0B110D04656467650CFFFFFFFF04FFFFFFFF0CFFFFFFFF0C040000000600000000000000000C0600000006000000000000F03F0C0E0000000C0C0000000B0707756E6B6E6F776E
310
110D06636F656467650CFFFFFFFF04FFFFFFFF0CFFFFFFFF0C110000000C0B0000000CFFFFFFFF0C0D0000000B0C1500000004000000000CFFFFFFFF110E0873747261696768740D0563757276650CFFFFFFFF04FFFFFFFF0CFFFFFFFF13DCDCD2493A33EB3F2315A508991906C00000000000000000147ADDC7766366E6BF
310
000000000000000000000000000000000B0B110D04656467650CFFFFFFFF04FFFFFFFF0CFFFFFFFF0C060000000600000000000000000C0800000006000000000000F03F0C110000000C0F0000000B0707756E6B6E6F776E110D06636F656467650CFFFFFFFF04FFFFFFFF0CFFFFFFFF0C140000000C0E0000000CFFFFFFFF
310
0C100000000B0C1500000004000000000CFFFFFFFF110E0873747261696768740D0563757276650CFFFFFFFF04FFFFFFFF0CFFFFFFFF1389FD2B4C5B33C33F2315A508991906C000000000000000001400000000000000000299639A6566FA3F00000000000000000B0B110D04656467650CFFFFFFFF04FFFFFFFF0CFFFFFF
310
FF0C080000000600000000000000000C0200000006000000000000F03F0C140000000C120000000B0707756E6B6E6F776E110D06636F656467650CFFFFFFFF04FFFFFFFF0CFFFFFFFF0C0B0000000C110000000CFFFFFFFF0C130000000B0C1500000004000000000CFFFFFFFF110D046C6F6F700CFFFFFFFF04FFFFFFFF0C
310
FFFFFFFF0CFFFFFFFF0C0B0000000C17000000110E05706C616E650D07737572666163650CFFFFFFFF04FFFFFFFF0CFFFFFFFF131FEE6E8E0800E03FC55D1844FFFFFEBF00000000000000001400000000000000000000000000000000000000000000F0BF14000000000000F0BF000000000000000000000000000000800B
310
0B0B0B0B110D04666163650CFFFFFFFF04FFFFFFFF0CFFFFFFFF0CFFFFFFFF0C150000000C180000000CFFFFFFFF0C160000000B0A0B110D057368656C6C0CFFFFFFFF04FFFFFFFF0CFFFFFFFF0CFFFFFFFF0CFFFFFFFF0C170000000CFFFFFFFF0C19000000110D046C756D700CFFFFFFFF04FFFFFFFF0CFFFFFFFF0CFFFF
310
FFFF0C180000000C00000000110E03456E640E026F660E0341534D0D0464617461
  0
ACDSRECORD
 90
        1
  2
AcDbDs::ID
280
    10
320
2E2
  2
ASM_Data
280
    15
 94
     1684
310
414349532042696E61727946696C652855000000000000010000000C00000007214F70656E2044657369676E20416C6C69616E63652041434953204275696C646572070E41434953203231382E3030204E540718546875204A756E2032372031363A32383A3231203230323406000000000000F03F0648AFBC9AF2D77A3E06
310
BBBDD7D9DF7CDB3D0D04626F64790CFFFFFFFF04FFFFFFFF0CFFFFFFFF0C190000000CFFFFFFFF0CFFFFFFFF110D05706F696E740CFFFFFFFF04FFFFFFFF0CFFFFFFFF1327047AFA6B66F23F4491E676CCCCF1BF0000000000000000110D067665727465780CFFFFFFFF04FFFFFFFF0CFFFFFFFF0C1300000004020000000C
310
01000000110D05706F696E740CFFFFFFFF04FFFFFFFF0CFFFFFFFF13E5F2DDB59D99FD3F4491E676CCCCF1BF0000000000000000110D067665727465780CFFFFFFFF04FFFFFFFF0CFFFFFFFF0C0D00000004020000000C03000000110D05706F696E740CFFFFFFFF04FFFFFFFF0CFFFFFFFF13E5F2DDB59D99FD3F2315A508
310
991906C00000000000000000110D067665727465780CFFFFFFFF04FFFFFFFF0CFFFFFFFF0C1000000004020000000C05000000110D05706F696E740CFFFFFFFF04FFFFFFFF0CFFFFFFFF1327047AFA6B66F23F2315A508991906C00000000000000000110D067665727465780CFFFFFFFF04FFFFFFFF0CFFFFFFFF0C130000
310
0004020000000C07000000110E0873747261696768740D0563757276650CFFFFFFFF04FFFFFFFF0CFFFFFFFF1327047AFA6B66F23F4491E676CCCCF1BF0000000000000000147CDDC7766366E63F000000000000000000000000000000000B0B110D04656467650CFFFFFFFF04FFFFFFFF0CFFFFFFFF0C0200000006000000
310
00000000000C0400000006000000000000F03F0C0B0000000C090000000B0707756E6B6E6F776E110D06636F656467650CFFFFFFFF04FFFFFFFF0CFFFFFFFF0C0E0000000C140000000CFFFFFFFF0C0A0000000B0C1500000004000000000CFFFFFFFF110E0873747261696768740D0563757276650CFFFFFFFF04FFFFFFFF
310
0CFFFFFFFF13E5F2DDB59D99FD3F4491E676CCCCF1BF00000000000000001400000000000000000299639A6566FABF00000000000000000B0B110D04656467650CFFFFFFFF04FFFFFFFF0CFFFFFFFF0C040000000600000000000000000C0600000006000000000000F03F0C0E0000000C0C0000000B0707756E6B6E6F776E
310
110D06636F656467650CFFFFFFFF04FFFFFFFF0CFFFFFFFF0C110000000C0B0000000CFFFFFFFF0C0D0000000B0C1500000004000000000CFFFFFFFF110E0873747261696768740D0563757276650CFFFFFFFF04FFFFFFFF0CFFFFFFFF13E5F2DDB59D99FD3F2315A508991906C00000000000000000147CDDC7766366E6BF
310
000000000000000000000000000000000B0B110D04656467650CFFFFFFFF04FFFFFFFF0CFFFFFFFF0C060000000600000000000000000C0800000006000000000000F03F0C110000000C0F0000000B0707756E6B6E6F776E110D06636F656467650CFFFFFFFF04FFFFFFFF0CFFFFFFFF0C140000000C0E0000000CFFFFFFFF
310
0C100000000B0C1500000004000000000CFFFFFFFF110E0873747261696768740D0563757276650CFFFFFFFF04FFFFFFFF0CFFFFFFFF1327047AFA6B66F23F2315A508991906C000000000000000001400000000000000000299639A6566FA3F00000000000000000B0B110D04656467650CFFFFFFFF04FFFFFFFF0CFFFFFF
310
FF0C080000000600000000000000000C0200000006000000000000F03F0C140000000C120000000B0707756E6B6E6F776E110D06636F656467650CFFFFFFFF04FFFFFFFF0CFFFFFFFF0C0B0000000C110000000CFFFFFFFF0C130000000B0C1500000004000000000CFFFFFFFF110D046C6F6F700CFFFFFFFF04FFFFFFFF0C
310
FFFFFFFF0CFFFFFFFF0C0B0000000C17000000110E05706C616E650D07737572666163650CFFFFFFFF04FFFFFFFF0CFFFFFFFF1386FB2BD80400F83FC55D1844FFFFFEBF00000000000000001400000000000000000000000000000000000000000000F0BF14000000000000F0BF000000000000000000000000000000800B
310
0B0B0B0B110D04666163650CFFFFFFFF04FFFFFFFF0CFFFFFFFF0CFFFFFFFF0C150000000C180000000CFFFFFFFF0C160000000B0A0B110D057368656C6C0CFFFFFFFF04FFFFFFFF0CFFFFFFFF0CFFFFFFFF0CFFFFFFFF0C170000000CFFFFFFFF0C19000000110D046C756D700CFFFFFFFF04FFFFFFFF0CFFFFFFFF0CFFFF
310
FFFF0C180000000C00000000110E03456E640E026F660E0341534D0D0464617461
  0
ACDSRECORD
 90
        1
  2
AcDbDs::ID
280
    10
320
2E4
  2
ASM_Data
280
    15
 94
     1684
310
414349532042696E61727946696C652855000000000000010000000C00000007214F70656E2044657369676E20416C6C69616E63652041434953204275696C646572070E41434953203231382E3030204E540718546875204A756E2032372031363A32383A3231203230323406000000000000F03F0648AFBC9AF2D77A3E06
310
BBBDD7D9DF7CDB3D0D04626F64790CFFFFFFFF04FFFFFFFF0CFFFFFFFF0C190000000CFFFFFFFF0CFFFFFFFF110D05706F696E740CFFFFFFFF04FFFFFFFF0CFFFFFFFF133B8963B89599FDBF4491E676CCCCF1BF0000000000000000110D067665727465780CFFFFFFFF04FFFFFFFF0CFFFFFFFF0C1300000004020000000C
310
01000000110D05706F696E740CFFFFFFFF04FFFFFFFF0CFFFFFFFF13809AFFFC6366F2BF4491E676CCCCF1BF0000000000000000110D067665727465780CFFFFFFFF04FFFFFFFF0CFFFFFFFF0C0D00000004020000000C03000000110D05706F696E740CFFFFFFFF04FFFFFFFF0CFFFFFFFF13809AFFFC6366F2BF2315A508
310
991906C00000000000000000110D067665727465780CFFFFFFFF04FFFFFFFF0CFFFFFFFF0C1000000004020000000C05000000110D05706F696E740CFFFFFFFF04FFFFFFFF0CFFFFFFFF133B8963B89599FDBF2315A508991906C00000000000000000110D067665727465780CFFFFFFFF04FFFFFFFF0CFFFFFFFF0C130000
310
0004020000000C07000000110E0873747261696768740D0563757276650CFFFFFFFF04FFFFFFFF0CFFFFFFFF133B8963B89599FDBF4491E676CCCCF1BF00000000000000001476DDC7766366E63F000000000000000000000000000000000B0B110D04656467650CFFFFFFFF04FFFFFFFF0CFFFFFFFF0C0200000006000000
310
00000000000C0400000006000000000000F03F0C0B0000000C090000000B0707756E6B6E6F776E110D06636F656467650CFFFFFFFF04FFFFFFFF0CFFFFFFFF0C0E0000000C140000000CFFFFFFFF0C0A0000000B0C1500000004000000000CFFFFFFFF110E0873747261696768740D0563757276650CFFFFFFFF04FFFFFFFF
310
0CFFFFFFFF13809AFFFC6366F2BF4491E676CCCCF1BF00000000000000001400000000000000000299639A6566FABF00000000000000000B0B110D04656467650CFFFFFFFF04FFFFFFFF0CFFFFFFFF0C040000000600000000000000000C0600000006000000000000F03F0C0E0000000C0C0000000B0707756E6B6E6F776E
310
110D06636F656467650CFFFFFFFF04FFFFFFFF0CFFFFFFFF0C110000000C0B0000000CFFFFFFFF0C0D0000000B0C1500000004000000000CFFFFFFFF110E0873747261696768740D0563757276650CFFFFFFFF04FFFFFFFF0CFFFFFFFF13809AFFFC6366F2BF2315A508991906C000000000000000001476DDC7766366E6BF
310
000000000000000000000000000000000B0B110D04656467650CFFFFFFFF04FFFFFFFF0CFFFFFFFF0C060000000600000000000000000C0800000006000000000000F03F0C110000000C0F0000000B0707756E6B6E6F776E110D06636F656467650CFFFFFFFF04FFFFFFFF0CFFFFFFFF0C140000000C0E0000000CFFFFFFFF
310
0C100000000B0C1500000004000000000CFFFFFFFF110E0873747261696768740D0563757276650CFFFFFFFF04FFFFFFFF0CFFFFFFFF133B8963B89599FDBF2315A508991906C000000000000000001400000000000000000299639A6566FA3F00000000000000000B0B110D04656467650CFFFFFFFF04FFFFFFFF0CFFFFFF
310
FF0C080000000600000000000000000C0200000006000000000000F03F0C140000000C120000000B0707756E6B6E6F776E110D06636F656467650CFFFFFFFF04FFFFFFFF0CFFFFFFFF0C0B0000000C110000000CFFFFFFFF0C130000000B0C1500000004000000000CFFFFFFFF110D046C6F6F700CFFFFFFFF04FFFFFFFF0C
310
FFFFFFFF0CFFFFFFFF0C0B0000000C17000000110E05706C616E650D07737572666163650CFFFFFFFF04FFFFFFFF0CFFFFFFFF13DE91B1DAFCFFF7BFC55D1844FFFFFEBF00000000000000001400000000000000000000000000000000000000000000F0BF14000000000000F0BF000000000000000000000000000000800B
310
0B0B0B0B110D04666163650CFFFFFFFF04FFFFFFFF0CFFFFFFFF0CFFFFFFFF0C150000000C180000000CFFFFFFFF0C160000000B0A0B110D057368656C6C0CFFFFFFFF04FFFFFFFF0CFFFFFFFF0CFFFFFFFF0CFFFFFFFF0C170000000CFFFFFFFF0C19000000110D046C756D700CFFFFFFFF04FFFFFFFF0CFFFFFFFF0CFFFF
310
FFFF0C180000000C00000000110E03456E640E026F660E0341534D0D0464617461
  0
ACDSRECORD
 90
        1
  2
AcDbDs::ID
280
    10
320
2E8
  2
ASM_Data
280
    15
 94
     3024
310
414349532042696E61727946696C652855000000000000010000000C00000007214F70656E2044657369676E20416C6C69616E63652041434953204275696C646572070E41434953203231382E3030204E540718546875204A756E2032372031363A32383A3231203230323406000000000000F03F0648AFBC9AF2D77A3E06
310
BBBDD7D9DF7CDB3D0D04626F64790CFFFFFFFF04FFFFFFFF0CFFFFFFFF0C2D0000000CFFFFFFFF0CFFFFFFFF110D05706F696E740CFFFFFFFF04FFFFFFFF0CFFFFFFFF13DDC7D98DA170E1BF1454750B340ADFBF0000000000000000110D067665727465780CFFFFFFFF04FFFFFFFF0CFFFFFFFF0C2700000004020000000C
310
01000000110D05706F696E740CFFFFFFFF04FFFFFFFF0CFFFFFFFF1354471A1EF328D4BFAE0BDC0DE451D0BF0000000000000000110D067665727465780CFFFFFFFF04FFFFFFFF0CFFFFFFFF0C1500000004020000000C03000000110D05706F696E740CFFFFFFFF04FFFFFFFF0CFFFFFFFF1354471A1EF328D4BF1CD0775C
310
F951D03F0000000000000000110D067665727465780CFFFFFFFF04FFFFFFFF0CFFFFFFFF0C1800000004020000000C05000000110D05706F696E740CFFFFFFFF04FFFFFFFF0CFFFFFFFF13DDC7D98DA170E1BF8218115A490ADF3F0000000000000000110D067665727465780CFFFFFFFF04FFFFFFFF0CFFFFFFFF0C1B0000
310
0004020000000C07000000110D05706F696E740CFFFFFFFF04FFFFFFFF0CFFFFFFFF1395984617C4F5ECBF8018115A490ADF3F0000000000000000110D067665727465780CFFFFFFFF04FFFFFFFF0CFFFFFFFF0C1E00000004020000000C09000000110D05706F696E740CFFFFFFFF04FFFFFFFF0CFFFFFFFF13649E090BF6
310
28F2BF1BD0775CF951D03F0000000000000000110D067665727465780CFFFFFFFF04FFFFFFFF0CFFFFFFFF0C2100000004020000000C0B000000110D05706F696E740CFFFFFFFF04FFFFFFFF0CFFFFFFFF13649E090BF628F2BFAE0BDC0DE451D0BF0000000000000000110D067665727465780CFFFFFFFF04FFFFFFFF0CFF
310
FFFFFF0C2400000004020000000C0D000000110D05706F696E740CFFFFFFFF04FFFFFFFF0CFFFFFFFF1395984617C4F5ECBF1454750B340ADFBF0000000000000000110D067665727465780CFFFFFFFF04FFFFFFFF0CFFFFFFFF0C2700000004020000000C0F000000110E07656C6C697073650D0563757276650CFFFFFFFF
310
04FFFFFFFF0CFFFFFFFF13DDC7D98DA170E1BFAE0BDC0DE451D0BF00000000000000001400000000000000000000000000000000000000000000F03F140000000000000000CB9032FB9F70CDBF000000000000000006000000000000F03F0B0B110D04656467650CFFFFFFFF04FFFFFFFF0CFFFFFFFF0C0200000006000000
310
00000000000C0400000006182D4454FB21F93F0C130000000C110000000B0707756E6B6E6F776E110D06636F656467650CFFFFFFFF04FFFFFFFF0CFFFFFFFF0C160000000C280000000CFFFFFFFF0C120000000B0C2900000004000000000CFFFFFFFF110E0873747261696768740D0563757276650CFFFFFFFF04FFFFFFFF
310
0CFFFFFFFF1354471A1EF328D4BFAE0BDC0DE451D0BF0000000000000000140000000000000000E5ED29B5EE51E03F00000000000000000B0B110D04656467650CFFFFFFFF04FFFFFFFF0CFFFFFFFF0C040000000600000000000000000C0600000006000000000000F03F0C160000000C140000000B0707756E6B6E6F776E
310
110D06636F656467650CFFFFFFFF04FFFFFFFF0CFFFFFFFF0C190000000C130000000CFFFFFFFF0C150000000B0C2900000004000000000CFFFFFFFF110E07656C6C697073650D0563757276650CFFFFFFFF04FFFFFFFF0CFFFFFFFF13DDC7D98DA170E1BF1CD0775CF951D03F000000000000000014000000000000000000
310
00000000000000000000000000F03F14CB9032FB9F70CD3F0000000000000000000000000000000006000000000000F03F0B0B110D04656467650CFFFFFFFF04FFFFFFFF0CFFFFFFFF0C060000000600000000000000000C0800000006182D4454FB21F93F0C190000000C170000000B0707756E6B6E6F776E110D06636F65
310
6467650CFFFFFFFF04FFFFFFFF0CFFFFFFFF0C1C0000000C160000000CFFFFFFFF0C180000000B0C2900000004000000000CFFFFFFFF110E0873747261696768740D0563757276650CFFFFFFFF04FFFFFFFF0CFFFFFFFF13DDC7D98DA170E1BF8218115A490ADF3F00000000000000001470A1D912450AD7BF000000000000
310
A0BC00000000000000000B0B110D04656467650CFFFFFFFF04FFFFFFFF0CFFFFFFFF0C080000000600000000000000000C0A00000006000000000000F03F0C1C0000000C1A0000000B0707756E6B6E6F776E110D06636F656467650CFFFFFFFF04FFFFFFFF0CFFFFFFFF0C1F0000000C190000000CFFFFFFFF0C1B0000000B
310
0C2900000004000000000CFFFFFFFF110E07656C6C697073650D0563757276650CFFFFFFFF04FFFFFFFF0CFFFFFFFF1395984617C4F5ECBF1AD0775CF951D03F00000000000000001400000000000000000000000000000080000000000000F03F140000000000000000CB9032FB9F70CD3F00000000000000000600000000
310
0000F03F0B0B110D04656467650CFFFFFFFF04FFFFFFFF0CFFFFFFFF0C0A0000000600000000000000000C0C00000006182D4454FB21F93F0C1F0000000C1D0000000B0707756E6B6E6F776E110D06636F656467650CFFFFFFFF04FFFFFFFF0CFFFFFFFF0C220000000C1C0000000CFFFFFFFF0C1E0000000B0C2900000004
310
000000000CFFFFFFFF110E0873747261696768740D0563757276650CFFFFFFFF04FFFFFFFF0CFFFFFFFF13649E090BF628F2BF1BD0775CF951D03F0000000000000000140000000000000000E4ED29B5EE51E0BF00000000000000000B0B110D04656467650CFFFFFFFF04FFFFFFFF0CFFFFFFFF0C0C000000060000000000
310
0000000C0E00000006000000000000F03F0C220000000C200000000B0707756E6B6E6F776E110D06636F656467650CFFFFFFFF04FFFFFFFF0CFFFFFFFF0C250000000C1F0000000CFFFFFFFF0C210000000B0C2900000004000000000CFFFFFFFF110E07656C6C697073650D0563757276650CFFFFFFFF04FFFFFFFF0CFFFF
310
FFFF1395984617C4F5ECBFAF0BDC0DE451D0BF00000000000000001400000000000000000000000000000000000000000000F03F14CB9032FB9F70CDBF000000000000903C000000000000000006000000000000F03F0B0B110D04656467650CFFFFFFFF04FFFFFFFF0CFFFFFFFF0C0E0000000600000000000000000C1000
310
000006182D4454FB21F93F0C250000000C230000000B0707756E6B6E6F776E110D06636F656467650CFFFFFFFF04FFFFFFFF0CFFFFFFFF0C280000000C220000000CFFFFFFFF0C240000000B0C2900000004000000000CFFFFFFFF110E0873747261696768740D0563757276650CFFFFFFFF04FFFFFFFF0CFFFFFFFF139598
310
4617C4F5ECBF1454750B340ADFBF00000000000000001470A1D912450AD73F000000000000000000000000000000000B0B110D04656467650CFFFFFFFF04FFFFFFFF0CFFFFFFFF0C100000000600000000000000000C0200000006000000000000F03F0C280000000C260000000B0707756E6B6E6F776E110D06636F656467
310
650CFFFFFFFF04FFFFFFFF0CFFFFFFFF0C130000000C250000000CFFFFFFFF0C270000000B0C2900000004000000000CFFFFFFFF110D046C6F6F700CFFFFFFFF04FFFFFFFF0CFFFFFFFF0CFFFFFFFF0C130000000C2B000000110E05706C616E650D07737572666163650CFFFFFFFF04FFFFFFFF0CFFFFFFFF13DDC7D98DA1
310
70E1BF00006EC49B4EC53E00000000000000001400000000000000000000000000000080000000000000F03F14000000000000F03F000000000000000000000000000000800B0B0B0B0B110D04666163650CFFFFFFFF04FFFFFFFF0CFFFFFFFF0CFFFFFFFF0C290000000C2C0000000CFFFFFFFF0C2A0000000B0A0B110D05
310
7368656C6C0CFFFFFFFF04FFFFFFFF0CFFFFFFFF0CFFFFFFFF0CFFFFFFFF0C2B0000000CFFFFFFFF0C2D000000110D046C756D700CFFFFFFFF04FFFFFFFF0CFFFFFFFF0CFFFFFFFF0C2C0000000C00000000110E03456E640E026F660E0341534D0D0464617461
  0
ACDSRECORD
 90
        1
  2
AcDbDs::ID
280
    10
320
2EA
  2
ASM_Data
280
    15
 94
     3024
310
414349532042696E61727946696C652855000000000000010000000C00000007214F70656E2044657369676E20416C6C69616E63652041434953204275696C646572070E41434953203231382E3030204E540718546875204A756E2032372031363A32383A3231203230323406000000000000F03F0648AFBC9AF2D77A3E06
310
BBBDD7D9DF7CDB3D0D04626F64790CFFFFFFFF04FFFFFFFF0CFFFFFFFF0C2D0000000CFFFFFFFF0CFFFFFFFF110D05706F696E740CFFFFFFFF04FFFFFFFF0CFFFFFFFF13DDC7D98DA170E13F1454750B340ADF3F0000000000000000110D067665727465780CFFFFFFFF04FFFFFFFF0CFFFFFFFF0C2700000004020000000C
310
01000000110D05706F696E740CFFFFFFFF04FFFFFFFF0CFFFFFFFF1354471A1EF328D43FAF0BDC0DE451D03F0000000000000000110D067665727465780CFFFFFFFF04FFFFFFFF0CFFFFFFFF0C1500000004020000000C03000000110D05706F696E740CFFFFFFFF04FFFFFFFF0CFFFFFFFF1354471A1EF328D43F1AD0775C
310
F951D0BF0000000000000000110D067665727465780CFFFFFFFF04FFFFFFFF0CFFFFFFFF0C1800000004020000000C05000000110D05706F696E740CFFFFFFFF04FFFFFFFF0CFFFFFFFF13DDC7D98DA170E13F8018115A490ADFBF0000000000000000110D067665727465780CFFFFFFFF04FFFFFFFF0CFFFFFFFF0C1B0000
310
0004020000000C07000000110D05706F696E740CFFFFFFFF04FFFFFFFF0CFFFFFFFF1395984617C4F5EC3F8018115A490ADFBF0000000000000000110D067665727465780CFFFFFFFF04FFFFFFFF0CFFFFFFFF0C1E00000004020000000C09000000110D05706F696E740CFFFFFFFF04FFFFFFFF0CFFFFFFFF13649E090BF6
310
28F23F1BD0775CF951D0BF0000000000000000110D067665727465780CFFFFFFFF04FFFFFFFF0CFFFFFFFF0C2100000004020000000C0B000000110D05706F696E740CFFFFFFFF04FFFFFFFF0CFFFFFFFF13649E090BF628F23FAE0BDC0DE451D03F0000000000000000110D067665727465780CFFFFFFFF04FFFFFFFF0CFF
310
FFFFFF0C2400000004020000000C0D000000110D05706F696E740CFFFFFFFF04FFFFFFFF0CFFFFFFFF1395984617C4F5EC3F1454750B340ADF3F0000000000000000110D067665727465780CFFFFFFFF04FFFFFFFF0CFFFFFFFF0C2700000004020000000C0F000000110E07656C6C697073650D0563757276650CFFFFFFFF
310
04FFFFFFFF0CFFFFFFFF13DDC7D98DA170E13FAE0BDC0DE451D03F00000000000000001400000000000000000000000000000080000000000000F03F140000000000000000CB9032FB9F70CD3F000000000000000006000000000000F03F0B0B110D04656467650CFFFFFFFF04FFFFFFFF0CFFFFFFFF0C0200000006000000
310
00000000000C0400000006182D4454FB21F93F0C130000000C110000000B0707756E6B6E6F776E110D06636F656467650CFFFFFFFF04FFFFFFFF0CFFFFFFFF0C160000000C280000000CFFFFFFFF0C120000000B0C2900000004000000000CFFFFFFFF110E0873747261696768740D0563757276650CFFFFFFFF04FFFFFFFF
310
0CFFFFFFFF1354471A1EF328D43FAF0BDC0DE451D03F0000000000000000140000000000000000E4ED29B5EE51E0BF00000000000000000B0B110D04656467650CFFFFFFFF04FFFFFFFF0CFFFFFFFF0C040000000600000000000000000C0600000006000000000000F03F0C160000000C140000000B0707756E6B6E6F776E
310
110D06636F656467650CFFFFFFFF04FFFFFFFF0CFFFFFFFF0C190000000C130000000CFFFFFFFF0C150000000B0C2900000004000000000CFFFFFFFF110E07656C6C697073650D0563757276650CFFFFFFFF04FFFFFFFF0CFFFFFFFF13DDC7D98DA170E13F1BD0775CF951D0BF000000000000000014000000000000000000
310
00000000000000000000000000F03F14CB9032FB9F70CDBF000000000000903C000000000000000006000000000000F03F0B0B110D04656467650CFFFFFFFF04FFFFFFFF0CFFFFFFFF0C060000000600000000000000000C0800000006182D4454FB21F93F0C190000000C170000000B0707756E6B6E6F776E110D06636F65
310
6467650CFFFFFFFF04FFFFFFFF0CFFFFFFFF0C1C0000000C160000000CFFFFFFFF0C180000000B0C2900000004000000000CFFFFFFFF110E0873747261696768740D0563757276650CFFFFFFFF04FFFFFFFF0CFFFFFFFF13DDC7D98DA170E13F8018115A490ADFBF00000000000000001470A1D912450AD73F000000000000
310
000000000000000000000B0B110D04656467650CFFFFFFFF04FFFFFFFF0CFFFFFFFF0C080000000600000000000000000C0A00000006000000000000F03F0C1C0000000C1A0000000B0707756E6B6E6F776E110D06636F656467650CFFFFFFFF04FFFFFFFF0CFFFFFFFF0C1F0000000C190000000CFFFFFFFF0C1B0000000B
310
0C2900000004000000000CFFFFFFFF110E07656C6C697073650D0563757276650CFFFFFFFF04FFFFFFFF0CFFFFFFFF1395984617C4F5EC3F1BD0775CF951D0BF00000000000000001400000000000000000000000000000000000000000000F03F140000000000000000CB9032FB9F70CDBF00000000000000000600000000
310
0000F03F0B0B110D04656467650CFFFFFFFF04FFFFFFFF0CFFFFFFFF0C0A0000000600000000000000000C0C00000006182D4454FB21F93F0C1F0000000C1D0000000B0707756E6B6E6F776E110D06636F656467650CFFFFFFFF04FFFFFFFF0CFFFFFFFF0C220000000C1C0000000CFFFFFFFF0C1E0000000B0C2900000004
310
000000000CFFFFFFFF110E0873747261696768740D0563757276650CFFFFFFFF04FFFFFFFF0CFFFFFFFF13649E090BF628F23F1BD0775CF951D0BF0000000000000000140000000000000000E4ED29B5EE51E03F00000000000000000B0B110D04656467650CFFFFFFFF04FFFFFFFF0CFFFFFFFF0C0C000000060000000000
310
0000000C0E00000006000000000000F03F0C220000000C200000000B0707756E6B6E6F776E110D06636F656467650CFFFFFFFF04FFFFFFFF0CFFFFFFFF0C250000000C1F0000000CFFFFFFFF0C210000000B0C2900000004000000000CFFFFFFFF110E07656C6C697073650D0563757276650CFFFFFFFF04FFFFFFFF0CFFFF
310
FFFF1395984617C4F5EC3FAE0BDC0DE451D03F00000000000000001400000000000000000000000000000000000000000000F03F14CB9032FB9F70CD3F0000000000000000000000000000000006000000000000F03F0B0B110D04656467650CFFFFFFFF04FFFFFFFF0CFFFFFFFF0C0E0000000600000000000000000C1000
310
000006182D4454FB21F93F0C250000000C230000000B0707756E6B6E6F776E110D06636F656467650CFFFFFFFF04FFFFFFFF0CFFFFFFFF0C280000000C220000000CFFFFFFFF0C240000000B0C2900000004000000000CFFFFFFFF110E0873747261696768740D0563757276650CFFFFFFFF04FFFFFFFF0CFFFFFFFF139598
310
4617C4F5EC3F1454750B340ADF3F00000000000000001470A1D912450AD7BF000000000000000000000000000000000B0B110D04656467650CFFFFFFFF04FFFFFFFF0CFFFFFFFF0C100000000600000000000000000C0200000006000000000000F03F0C280000000C260000000B0707756E6B6E6F776E110D06636F656467
310
650CFFFFFFFF04FFFFFFFF0CFFFFFFFF0C130000000C250000000CFFFFFFFF0C270000000B0C2900000004000000000CFFFFFFFF110D046C6F6F700CFFFFFFFF04FFFFFFFF0CFFFFFFFF0CFFFFFFFF0C130000000C2B000000110E05706C616E650D07737572666163650CFFFFFFFF04FFFFFFFF0CFFFFFFFF13DCC7D98DA1
310
70E13F00006CC49B4EC5BE00000000000000001400000000000000800000000000000000000000000000F03F14000000000000F0BF000000000000000000000000000000800B0B0B0B0B110D04666163650CFFFFFFFF04FFFFFFFF0CFFFFFFFF0CFFFFFFFF0C290000000C2C0000000CFFFFFFFF0C2A0000000B0A0B110D05
310
7368656C6C0CFFFFFFFF04FFFFFFFF0CFFFFFFFF0CFFFFFFFF0CFFFFFFFF0C2B0000000CFFFFFFFF0C2D000000110D046C756D700CFFFFFFFF04FFFFFFFF0CFFFFFFFF0CFFFFFFFF0C2C0000000C00000000110E03456E640E026F660E0341534D0D0464617461
  0
ACDSRECORD
 90
        1
  2
AcDbDs::ID
280
    10
320
2EE
  2
ASM_Data
280
    15
 94
     3024
310
414349532042696E61727946696C652855000000000000010000000C00000007214F70656E2044657369676E20416C6C69616E63652041434953204275696C646572070E41434953203231382E3030204E540718546875204A756E2032372031363A32383A3231203230323406000000000000F03F0648AFBC9AF2D77A3E06
310
BBBDD7D9DF7CDB3D0D04626F64790CFFFFFFFF04FFFFFFFF0CFFFFFFFF0C2D0000000CFFFFFFFF0CFFFFFFFF110D05706F696E740CFFFFFFFF04FFFFFFFF0CFFFFFFFF1351A32D3A9BC6D53F8219B6DA81C2D53F0000000000000000110D067665727465780CFFFFFFFF04FFFFFFFF0CFFFFFFFF0C2700000004020000000C
310
01000000110D05706F696E740CFFFFFFFF04FFFFFFFF0CFFFFFFFF137B92A6072633C33FDE7EB748F32AC33F0000000000000000110D067665727465780CFFFFFFFF04FFFFFFFF0CFFFFFFFF0C1500000004020000000C03000000110D05706F696E740CFFFFFFFF04FFFFFFFF0CFFFFFFFF137B92A6072633C33FB407EFE5
310
1D2BC3BF0000000000000000110D067665727465780CFFFFFFFF04FFFFFFFF0CFFFFFFFF0C1800000004020000000C05000000110D05706F696E740CFFFFFFFF04FFFFFFFF0CFFFFFFFF1350A32D3A9BC6D53FEEDD512997C2D5BF0000000000000000110D067665727465780CFFFFFFFF04FFFFFFFF0CFFFFFFFF0C1B0000
310
0004020000000C07000000110D05706F696E740CFFFFFFFF04FFFFFFFF0CFFFFFFFF13AAA09A790F83E33FEEDD512997C2D5BF0000000000000000110D067665727465780CFFFFFFFF04FFFFFFFF0CFFFFFFFF0C1E00000004020000000C09000000110D05706F696E740CFFFFFFFF04FFFFFFFF0CFFFFFFFF13B4CDC79493
310
99E93FB507EFE51D2BC3BF0000000000000000110D067665727465780CFFFFFFFF04FFFFFFFF0CFFFFFFFF0C2100000004020000000C0B000000110D05706F696E740CFFFFFFFF04FFFFFFFF0CFFFFFFFF13B4CDC7949399E93FDD7EB748F32AC33F0000000000000000110D067665727465780CFFFFFFFF04FFFFFFFF0CFF
310
FFFFFF0C2400000004020000000C0D000000110D05706F696E740CFFFFFFFF04FFFFFFFF0CFFFFFFFF13AAA09A790F83E33F8219B6DA81C2D53F0000000000000000110D067665727465780CFFFFFFFF04FFFFFFFF0CFFFFFFFF0C2700000004020000000C0F000000110E07656C6C697073650D0563757276650CFFFFFFFF
310
04FFFFFFFF0CFFFFFFFF1351A32D3A9BC6D53FDD7EB748F32AC33F00000000000000001400000000000000000000000000000080000000000000F03F14000000000000000027B4B46C105AC83F000000000000000006000000000000F03F0B0B110D04656467650CFFFFFFFF04FFFFFFFF0CFFFFFFFF0C0200000006000000
310
00000000000C0400000006182D4454FB21F93F0C130000000C110000000B0707756E6B6E6F776E110D06636F656467650CFFFFFFFF04FFFFFFFF0CFFFFFFFF0C160000000C280000000CFFFFFFFF0C120000000B0C2900000004000000000CFFFFFFFF110E0873747261696768740D0563757276650CFFFFFFFF04FFFFFFFF
310
0CFFFFFFFF137B92A6072633C33FDE7EB748F32AC33F000000000000000014000000000000000049435397082BD3BF00000000000000000B0B110D04656467650CFFFFFFFF04FFFFFFFF0CFFFFFFFF0C040000000600000000000000000C0600000006000000000000F03F0C160000000C140000000B0707756E6B6E6F776E
310
110D06636F656467650CFFFFFFFF04FFFFFFFF0CFFFFFFFF0C190000000C130000000CFFFFFFFF0C150000000B0C2900000004000000000CFFFFFFFF110E07656C6C697073650D0563757276650CFFFFFFFF04FFFFFFFF0CFFFFFFFF1351A32D3A9BC6D53FB507EFE51D2BC3BF000000000000000014000000000000000000
310
00000000000000000000000000F03F1427B4B46C105AC8BF000000000000803C000000000000000006000000000000F03F0B0B110D04656467650CFFFFFFFF04FFFFFFFF0CFFFFFFFF0C060000000600000000000000000C0800000006182D4454FB21F93F0C190000000C170000000B0707756E6B6E6F776E110D06636F65
310
6467650CFFFFFFFF04FFFFFFFF0CFFFFFFFF0C1C0000000C160000000CFFFFFFFF0C180000000B0C2900000004000000000CFFFFFFFF110E0873747261696768740D0563757276650CFFFFFFFF04FFFFFFFF0CFFFFFFFF1350A32D3A9BC6D53FEEDD512997C2D5BF000000000000000014049E07B9833FD13F000000000000
310
000000000000000000000B0B110D04656467650CFFFFFFFF04FFFFFFFF0CFFFFFFFF0C080000000600000000000000000C0A00000006000000000000F03F0C1C0000000C1A0000000B0707756E6B6E6F776E110D06636F656467650CFFFFFFFF04FFFFFFFF0CFFFFFFFF0C1F0000000C190000000CFFFFFFFF0C1B0000000B
310
0C2900000004000000000CFFFFFFFF110E07656C6C697073650D0563757276650CFFFFFFFF04FFFFFFFF0CFFFFFFFF13AAA09A790F83E33FB507EFE51D2BC3BF00000000000000001400000000000000000000000000000000000000000000F03F14000000000000000027B4B46C105AC8BF00000000000000000600000000
310
0000F03F0B0B110D04656467650CFFFFFFFF04FFFFFFFF0CFFFFFFFF0C0A0000000600000000000000000C0C00000006182D4454FB21F93F0C1F0000000C1D0000000B0707756E6B6E6F776E110D06636F656467650CFFFFFFFF04FFFFFFFF0CFFFFFFFF0C220000000C1C0000000CFFFFFFFF0C1E0000000B0C2900000004
310
000000000CFFFFFFFF110E0873747261696768740D0563757276650CFFFFFFFF04FFFFFFFF0CFFFFFFFF13B4CDC7949399E93FB507EFE51D2BC3BF000000000000000014000000000000000049435397082BD33F00000000000000000B0B110D04656467650CFFFFFFFF04FFFFFFFF0CFFFFFFFF0C0C000000060000000000
310
0000000C0E00000006000000000000F03F0C220000000C200000000B0707756E6B6E6F776E110D06636F656467650CFFFFFFFF04FFFFFFFF0CFFFFFFFF0C250000000C1F0000000CFFFFFFFF0C210000000B0C2900000004000000000CFFFFFFFF110E07656C6C697073650D0563757276650CFFFFFFFF04FFFFFFFF0CFFFF
310
FFFF13AAA09A790F83E33FDD7EB748F32AC33F00000000000000001400000000000000000000000000000000000000000000F03F1427B4B46C105AC83F0000000000000000000000000000000006000000000000F03F0B0B110D04656467650CFFFFFFFF04FFFFFFFF0CFFFFFFFF0C0E0000000600000000000000000C1000
310
000006182D4454FB21F93F0C250000000C230000000B0707756E6B6E6F776E110D06636F656467650CFFFFFFFF04FFFFFFFF0CFFFFFFFF0C280000000C220000000CFFFFFFFF0C240000000B0C2900000004000000000CFFFFFFFF110E0873747261696768740D0563757276650CFFFFFFFF04FFFFFFFF0CFFFFFFFF13AAA0
310
9A790F83E33F8219B6DA81C2D53F000000000000000014039E07B9833FD1BF000000000000000000000000000000000B0B110D04656467650CFFFFFFFF04FFFFFFFF0CFFFFFFFF0C100000000600000000000000000C0200000006000000000000F03F0C280000000C260000000B0707756E6B6E6F776E110D06636F656467
310
650CFFFFFFFF04FFFFFFFF0CFFFFFFFF0C130000000C250000000CFFFFFFFF0C270000000B0C2900000004000000000CFFFFFFFF110D046C6F6F700CFFFFFFFF04FFFFFFFF0CFFFFFFFF0CFFFFFFFF0C130000000C2B000000110E05706C616E650D07737572666163650CFFFFFFFF04FFFFFFFF0CFFFFFFFF1350A32D3A9B
310
C6D53F00006CC49B4EC5BE00000000000000001400000000000000800000000000000000000000000000F03F14000000000000F0BF000000000000000000000000000000800B0B0B0B0B110D04666163650CFFFFFFFF04FFFFFFFF0CFFFFFFFF0CFFFFFFFF0C290000000C2C0000000CFFFFFFFF0C2A0000000B0A0B110D05
310
7368656C6C0CFFFFFFFF04FFFFFFFF0CFFFFFFFF0CFFFFFFFF0CFFFFFFFF0C2B0000000CFFFFFFFF0C2D000000110D046C756D700CFFFFFFFF04FFFFFFFF0CFFFFFFFF0CFFFFFFFF0C2C0000000C00000000110E03456E640E026F660E0341534D0D0464617461
  0
ACDSRECORD
 90
        1
  2
AcDbDs::ID
280
    10
320
2F0
  2
ASM_Data
280
    15
 94
     3024
310
414349532042696E61727946696C652855000000000000010000000C00000007214F70656E2044657369676E20416C6C69616E63652041434953204275696C646572070E41434953203231382E3030204E540718546875204A756E2032372031363A32383A3231203230323406000000000000F03F0648AFBC9AF2D77A3E06
310
BBBDD7D9DF7CDB3D0D04626F64790CFFFFFFFF04FFFFFFFF0CFFFFFFFF0C2D0000000CFFFFFFFF0CFFFFFFFF110D05706F696E740CFFFFFFFF04FFFFFFFF0CFFFFFFFF13BE67C988B0C6D5BFB7FB03828CC2D5BF0000000000000000110D067665727465780CFFFFFFFF04FFFFFFFF0CFFFFFFFF0C2700000004020000000C
310
01000000110D05706F696E740CFFFFFFFF04FFFFFFFF0CFFFFFFFF13531BDEA45033C3BF48435397082BC3BF0000000000000000110D067665727465780CFFFFFFFF04FFFFFFFF0CFFFFFFFF0C1500000004020000000C03000000110D05706F696E740CFFFFFFFF04FFFFFFFF0CFFFFFFFF13531BDEA45033C3BF4A435397
310
082BC33F0000000000000000110D067665727465780CFFFFFFFF04FFFFFFFF0CFFFFFFFF0C1800000004020000000C05000000110D05706F696E740CFFFFFFFF04FFFFFFFF0CFFFFFFFF13BD67C988B0C6D5BFB8FB03828CC2D53F0000000000000000110D067665727465780CFFFFFFFF04FFFFFFFF0CFFFFFFFF0C1B0000
310
0004020000000C07000000110D05706F696E740CFFFFFFFF04FFFFFFFF0CFFFFFFFF13E182E8201A83E3BFB7FB03828CC2D53F0000000000000000110D067665727465780CFFFFFFFF04FFFFFFFF0CFFFFFFFF0C1E00000004020000000C09000000110D05706F696E740CFFFFFFFF04FFFFFFFF0CFFFFFFFF13EBAF153C9E
310
99E9BF49435397082BC33F0000000000000000110D067665727465780CFFFFFFFF04FFFFFFFF0CFFFFFFFF0C2100000004020000000C0B000000110D05706F696E740CFFFFFFFF04FFFFFFFF0CFFFFFFFF13EAAF153C9E99E9BF49435397082BC3BF0000000000000000110D067665727465780CFFFFFFFF04FFFFFFFF0CFF
310
FFFFFF0C2400000004020000000C0D000000110D05706F696E740CFFFFFFFF04FFFFFFFF0CFFFFFFFF13E182E8201A83E3BFB8FB03828CC2D5BF0000000000000000110D067665727465780CFFFFFFFF04FFFFFFFF0CFFFFFFFF0C2700000004020000000C0F000000110E07656C6C697073650D0563757276650CFFFFFFFF
310
04FFFFFFFF0CFFFFFFFF13BD67C988B0C6D5BF48435397082BC3BF00000000000000001400000000000000000000000000000000000000000000F03F1400000000000090BC27B4B46C105AC8BF000000000000000006000000000000F03F0B0B110D04656467650CFFFFFFFF04FFFFFFFF0CFFFFFFFF0C0200000006000000
310
00000000000C0400000006182D4454FB21F93F0C130000000C110000000B0707756E6B6E6F776E110D06636F656467650CFFFFFFFF04FFFFFFFF0CFFFFFFFF0C160000000C280000000CFFFFFFFF0C120000000B0C2900000004000000000CFFFFFFFF110E0873747261696768740D0563757276650CFFFFFFFF04FFFFFFFF
310
0CFFFFFFFF13531BDEA45033C3BF48435397082BC3BF000000000000000014000000000000000049435397082BD33F00000000000000000B0B110D04656467650CFFFFFFFF04FFFFFFFF0CFFFFFFFF0C040000000600000000000000000C0600000006000000000000F03F0C160000000C140000000B0707756E6B6E6F776E
310
110D06636F656467650CFFFFFFFF04FFFFFFFF0CFFFFFFFF0C190000000C130000000CFFFFFFFF0C150000000B0C2900000004000000000CFFFFFFFF110E07656C6C697073650D0563757276650CFFFFFFFF04FFFFFFFF0CFFFFFFFF13BD67C988B0C6D5BF4A435397082BC33F000000000000000014000000000000000000
310
00000000000000000000000000F03F1427B4B46C105AC83F0000000000000000000000000000000006000000000000F03F0B0B110D04656467650CFFFFFFFF04FFFFFFFF0CFFFFFFFF0C060000000600000000000000000C0800000006182D4454FB21F93F0C190000000C170000000B0707756E6B6E6F776E110D06636F65
310
6467650CFFFFFFFF04FFFFFFFF0CFFFFFFFF0C1C0000000C160000000CFFFFFFFF0C180000000B0C2900000004000000000CFFFFFFFF110E0873747261696768740D0563757276650CFFFFFFFF04FFFFFFFF0CFFFFFFFF13BD67C988B0C6D5BFB8FB03828CC2D53F000000000000000014059E07B9833FD1BF000000000000
310
000000000000000000000B0B110D04656467650CFFFFFFFF04FFFFFFFF0CFFFFFFFF0C080000000600000000000000000C0A00000006000000000000F03F0C1C0000000C1A0000000B0707756E6B6E6F776E110D06636F656467650CFFFFFFFF04FFFFFFFF0CFFFFFFFF0C1F0000000C190000000CFFFFFFFF0C1B0000000B
310
0C2900000004000000000CFFFFFFFF110E07656C6C697073650D0563757276650CFFFFFFFF04FFFFFFFF0CFFFFFFFF13E182E8201A83E3BF48435397082BC33F00000000000000001400000000000000000000000000000080000000000000F03F14000000000000000027B4B46C105AC83F00000000000000000600000000
310
0000F03F0B0B110D04656467650CFFFFFFFF04FFFFFFFF0CFFFFFFFF0C0A0000000600000000000000000C0C00000006182D4454FB21F93F0C1F0000000C1D0000000B0707756E6B6E6F776E110D06636F656467650CFFFFFFFF04FFFFFFFF0CFFFFFFFF0C220000000C1C0000000CFFFFFFFF0C1E0000000B0C2900000004
310
000000000CFFFFFFFF110E0873747261696768740D0563757276650CFFFFFFFF04FFFFFFFF0CFFFFFFFF13EBAF153C9E99E9BF49435397082BC33F000000000000000014000000000000000049435397082BD3BF00000000000000000B0B110D04656467650CFFFFFFFF04FFFFFFFF0CFFFFFFFF0C0C000000060000000000
310
0000000C0E00000006000000000000F03F0C220000000C200000000B0707756E6B6E6F776E110D06636F656467650CFFFFFFFF04FFFFFFFF0CFFFFFFFF0C250000000C1F0000000CFFFFFFFF0C210000000B0C2900000004000000000CFFFFFFFF110E07656C6C697073650D0563757276650CFFFFFFFF04FFFFFFFF0CFFFF
310
FFFF13E182E8201A83E3BF4A435397082BC3BF00000000000000001400000000000000000000000000000000000000000000F03F1427B4B46C105AC8BF000000000000803C000000000000000006000000000000F03F0B0B110D04656467650CFFFFFFFF04FFFFFFFF0CFFFFFFFF0C0E0000000600000000000000000C1000
310
000006182D4454FB21F93F0C250000000C230000000B0707756E6B6E6F776E110D06636F656467650CFFFFFFFF04FFFFFFFF0CFFFFFFFF0C280000000C220000000CFFFFFFFF0C240000000B0C2900000004000000000CFFFFFFFF110E0873747261696768740D0563757276650CFFFFFFFF04FFFFFFFF0CFFFFFFFF13E182
310
E8201A83E3BFB8FB03828CC2D5BF000000000000000014049E07B9833FD13F000000000000000000000000000000000B0B110D04656467650CFFFFFFFF04FFFFFFFF0CFFFFFFFF0C100000000600000000000000000C0200000006000000000000F03F0C280000000C260000000B0707756E6B6E6F776E110D06636F656467
310
650CFFFFFFFF04FFFFFFFF0CFFFFFFFF0C130000000C250000000CFFFFFFFF0C270000000B0C2900000004000000000CFFFFFFFF110D046C6F6F700CFFFFFFFF04FFFFFFFF0CFFFFFFFF0CFFFFFFFF0C130000000C2B000000110E05706C616E650D07737572666163650CFFFFFFFF04FFFFFFFF0CFFFFFFFF13C0364D6572
310
66DEBF000000000000000000000000000000001400000000000000800000000000000000000000000000F03F14000000000000F0BF000000000000000000000000000000800B0B0B0B0B110D04666163650CFFFFFFFF04FFFFFFFF0CFFFFFFFF0CFFFFFFFF0C290000000C2C0000000CFFFFFFFF0C2A0000000B0A0B110D05
310
7368656C6C0CFFFFFFFF04FFFFFFFF0CFFFFFFFF0CFFFFFFFF0CFFFFFFFF0C2B0000000CFFFFFFFF0C2D000000110D046C756D700CFFFFFFFF04FFFFFFFF0CFFFFFFFF0CFFFFFFFF0C2C0000000C00000000110E03456E640E026F660E0341534D0D0464617461
  0
ACDSRECORD
 90
        1
  2
AcDbDs::ID
280
    10
320
2F6
  2
ASM_Data
280
    15
 94
     3024
310
414349532042696E61727946696C652855000000000000010000000C00000007214F70656E2044657369676E20416C6C69616E63652041434953204275696C646572070E41434953203231382E3030204E540718546875204A756E2032372031363A32383A3231203230323406000000000000F03F0648AFBC9AF2D77A3E06
310
BBBDD7D9DF7CDB3D0D04626F64790CFFFFFFFF04FFFFFFFF0CFFFFFFFF0C2D0000000CFFFFFFFF0CFFFFFFFF110D05706F696E740CFFFFFFFF04FFFFFFFF0CFFFFFFFF13F8B880E1A670E13F4A36C3B23E0ADF3F0000000000000000110D067665727465780CFFFFFFFF04FFFFFFFF0CFFFFFFFF0C2700000004020000000C
310
01000000110D05706F696E740CFFFFFFFF04FFFFFFFF0CFFFFFFFF138A2968C5FD28D43FE6ED29B5EE51D03F0000000000000000110D067665727465780CFFFFFFFF04FFFFFFFF0CFFFFFFFF0C1500000004020000000C03000000110D05706F696E740CFFFFFFFF04FFFFFFFF0CFFFFFFFF138A2968C5FD28D43FE4ED29B5
310
EE51D0BF0000000000000000110D067665727465780CFFFFFFFF04FFFFFFFF0CFFFFFFFF0C1800000004020000000C05000000110D05706F696E740CFFFFFFFF04FFFFFFFF0CFFFFFFFF13F8B880E1A670E13F4A36C3B23E0ADFBF0000000000000000110D067665727465780CFFFFFFFF04FFFFFFFF0CFFFFFFFF0C1B0000
310
0004020000000C07000000110D05706F696E740CFFFFFFFF04FFFFFFFF0CFFFFFFFF13B189ED6AC9F5EC3F4A36C3B23E0ADFBF0000000000000000110D067665727465780CFFFFFFFF04FFFFFFFF0CFFFFFFFF0C1E00000004020000000C09000000110D05706F696E740CFFFFFFFF04FFFFFFFF0CFFFFFFFF13F216DDB4F8
310
28F23FE5ED29B5EE51D0BF0000000000000000110D067665727465780CFFFFFFFF04FFFFFFFF0CFFFFFFFF0C2100000004020000000C0B000000110D05706F696E740CFFFFFFFF04FFFFFFFF0CFFFFFFFF13F216DDB4F828F23FE5ED29B5EE51D03F0000000000000000110D067665727465780CFFFFFFFF04FFFFFFFF0CFF
310
FFFFFF0C2400000004020000000C0D000000110D05706F696E740CFFFFFFFF04FFFFFFFF0CFFFFFFFF13B189ED6AC9F5EC3F4A36C3B23E0ADF3F0000000000000000110D067665727465780CFFFFFFFF04FFFFFFFF0CFFFFFFFF0C2700000004020000000C0F000000110E07656C6C697073650D0563757276650CFFFFFFFF
310
04FFFFFFFF0CFFFFFFFF13F8B880E1A670E13FE5ED29B5EE51D03F00000000000000001400000000000000000000000000000080000000000000F03F140000000000000000CB9032FB9F70CD3F000000000000000006000000000000F03F0B0B110D04656467650CFFFFFFFF04FFFFFFFF0CFFFFFFFF0C0200000006000000
310
00000000000C0400000006182D4454FB21F93F0C130000000C110000000B0707756E6B6E6F776E110D06636F656467650CFFFFFFFF04FFFFFFFF0CFFFFFFFF0C160000000C280000000CFFFFFFFF0C120000000B0C2900000004000000000CFFFFFFFF110E0873747261696768740D0563757276650CFFFFFFFF04FFFFFFFF
310
0CFFFFFFFF138A2968C5FD28D43FE6ED29B5EE51D03F0000000000000000140000000000000000E5ED29B5EE51E0BF00000000000000000B0B110D04656467650CFFFFFFFF04FFFFFFFF0CFFFFFFFF0C040000000600000000000000000C0600000006000000000000F03F0C160000000C140000000B0707756E6B6E6F776E
310
110D06636F656467650CFFFFFFFF04FFFFFFFF0CFFFFFFFF0C190000000C130000000CFFFFFFFF0C150000000B0C2900000004000000000CFFFFFFFF110E07656C6C697073650D0563757276650CFFFFFFFF04FFFFFFFF0CFFFFFFFF13F8B880E1A670E13FE5ED29B5EE51D0BF000000000000000014000000000000000000
310
00000000000000000000000000F03F14CB9032FB9F70CDBF000000000000903C000000000000000006000000000000F03F0B0B110D04656467650CFFFFFFFF04FFFFFFFF0CFFFFFFFF0C060000000600000000000000000C0800000006182D4454FB21F93F0C190000000C170000000B0707756E6B6E6F776E110D06636F65
310
6467650CFFFFFFFF04FFFFFFFF0CFFFFFFFF0C1C0000000C160000000CFFFFFFFF0C180000000B0C2900000004000000000CFFFFFFFF110E0873747261696768740D0563757276650CFFFFFFFF04FFFFFFFF0CFFFFFFFF13F8B880E1A670E13F4A36C3B23E0ADFBF00000000000000001472A1D912450AD73F000000000000
310
000000000000000000000B0B110D04656467650CFFFFFFFF04FFFFFFFF0CFFFFFFFF0C080000000600000000000000000C0A00000006000000000000F03F0C1C0000000C1A0000000B0707756E6B6E6F776E110D06636F656467650CFFFFFFFF04FFFFFFFF0CFFFFFFFF0C1F0000000C190000000CFFFFFFFF0C1B0000000B
310
0C2900000004000000000CFFFFFFFF110E07656C6C697073650D0563757276650CFFFFFFFF04FFFFFFFF0CFFFFFFFF13B189ED6AC9F5EC3FE5ED29B5EE51D0BF00000000000000001400000000000000000000000000000000000000000000F03F140000000000000000CB9032FB9F70CDBF00000000000000000600000000
310
0000F03F0B0B110D04656467650CFFFFFFFF04FFFFFFFF0CFFFFFFFF0C0A0000000600000000000000000C0C00000006182D4454FB21F93F0C1F0000000C1D0000000B0707756E6B6E6F776E110D06636F656467650CFFFFFFFF04FFFFFFFF0CFFFFFFFF0C220000000C1C0000000CFFFFFFFF0C1E0000000B0C2900000004
310
000000000CFFFFFFFF110E0873747261696768740D0563757276650CFFFFFFFF04FFFFFFFF0CFFFFFFFF13F216DDB4F828F23FE5ED29B5EE51D0BF0000000000000000140000000000000000E5ED29B5EE51E03F00000000000000000B0B110D04656467650CFFFFFFFF04FFFFFFFF0CFFFFFFFF0C0C000000060000000000
310
0000000C0E00000006000000000000F03F0C220000000C200000000B0707756E6B6E6F776E110D06636F656467650CFFFFFFFF04FFFFFFFF0CFFFFFFFF0C250000000C1F0000000CFFFFFFFF0C210000000B0C2900000004000000000CFFFFFFFF110E07656C6C697073650D0563757276650CFFFFFFFF04FFFFFFFF0CFFFF
310
FFFF13B189ED6AC9F5EC3FE5ED29B5EE51D03F00000000000000001400000000000000000000000000000000000000000000F03F14CB9032FB9F70CD3F0000000000000000000000000000000006000000000000F03F0B0B110D04656467650CFFFFFFFF04FFFFFFFF0CFFFFFFFF0C0E0000000600000000000000000C1000
310
000006182D4454FB21F93F0C250000000C230000000B0707756E6B6E6F776E110D06636F656467650CFFFFFFFF04FFFFFFFF0CFFFFFFFF0C280000000C220000000CFFFFFFFF0C240000000B0C2900000004000000000CFFFFFFFF110E0873747261696768740D0563757276650CFFFFFFFF04FFFFFFFF0CFFFFFFFF13B189
310
ED6AC9F5EC3F4A36C3B23E0ADF3F00000000000000001472A1D912450AD7BF000000000000000000000000000000000B0B110D04656467650CFFFFFFFF04FFFFFFFF0CFFFFFFFF0C100000000600000000000000000C0200000006000000000000F03F0C280000000C260000000B0707756E6B6E6F776E110D06636F656467
310
650CFFFFFFFF04FFFFFFFF0CFFFFFFFF0C130000000C250000000CFFFFFFFF0C270000000B0C2900000004000000000CFFFFFFFF110D046C6F6F700CFFFFFFFF04FFFFFFFF0CFFFFFFFF0CFFFFFFFF0C130000000C2B000000110E05706C616E650D07737572666163650CFFFFFFFF04FFFFFFFF0CFFFFFFFF13F8B880E1A6
310
70E13F000000000000000000000000000000001400000000000000800000000000000000000000000000F03F14000000000000F0BF000000000000000000000000000000800B0B0B0B0B110D04666163650CFFFFFFFF04FFFFFFFF0CFFFFFFFF0CFFFFFFFF0C290000000C2C0000000CFFFFFFFF0C2A0000000B0A0B110D05
310
7368656C6C0CFFFFFFFF04FFFFFFFF0CFFFFFFFF0CFFFFFFFF0CFFFFFFFF0C2B0000000CFFFFFFFF0C2D000000110D046C756D700CFFFFFFFF04FFFFFFFF0CFFFFFFFF0CFFFFFFFF0C2C0000000C00000000110E03456E640E026F660E0341534D0D0464617461
  0
ACDSRECORD
 90
        1
  2
AcDbDs::ID
280
    10
320
2F8
  2
ASM_Data
280
    15
 94
     3024
310
414349532042696E61727946696C652855000000000000010000000C00000007214F70656E2044657369676E20416C6C69616E63652041434953204275696C646572070E41434953203231382E3030204E540718546875204A756E2032372031363A32383A3231203230323406000000000000F03F0648AFBC9AF2D77A3E06
310
BBBDD7D9DF7CDB3D0D04626F64790CFFFFFFFF04FFFFFFFF0CFFFFFFFF0C2D0000000CFFFFFFFF0CFFFFFFFF110D05706F696E740CFFFFFFFF04FFFFFFFF0CFFFFFFFF13F8B880E1A670E1BF4C36C3B23E0ADFBF0000000000000000110D067665727465780CFFFFFFFF04FFFFFFFF0CFFFFFFFF0C2700000004020000000C
310
01000000110D05706F696E740CFFFFFFFF04FFFFFFFF0CFFFFFFFF138A2968C5FD28D4BFE6ED29B5EE51D0BF0000000000000000110D067665727465780CFFFFFFFF04FFFFFFFF0CFFFFFFFF0C1500000004020000000C03000000110D05706F696E740CFFFFFFFF04FFFFFFFF0CFFFFFFFF138A2968C5FD28D4BFE4ED29B5
310
EE51D03F0000000000000000110D067665727465780CFFFFFFFF04FFFFFFFF0CFFFFFFFF0C1800000004020000000C05000000110D05706F696E740CFFFFFFFF04FFFFFFFF0CFFFFFFFF13F8B880E1A670E1BF4A36C3B23E0ADF3F0000000000000000110D067665727465780CFFFFFFFF04FFFFFFFF0CFFFFFFFF0C1B0000
310
0004020000000C07000000110D05706F696E740CFFFFFFFF04FFFFFFFF0CFFFFFFFF13B189ED6AC9F5ECBF4C36C3B23E0ADF3F0000000000000000110D067665727465780CFFFFFFFF04FFFFFFFF0CFFFFFFFF0C1E00000004020000000C09000000110D05706F696E740CFFFFFFFF04FFFFFFFF0CFFFFFFFF13F216DDB4F8
310
28F2BFE7ED29B5EE51D03F0000000000000000110D067665727465780CFFFFFFFF04FFFFFFFF0CFFFFFFFF0C2100000004020000000C0B000000110D05706F696E740CFFFFFFFF04FFFFFFFF0CFFFFFFFF13F216DDB4F828F2BFE3ED29B5EE51D0BF0000000000000000110D067665727465780CFFFFFFFF04FFFFFFFF0CFF
310
FFFFFF0C2400000004020000000C0D000000110D05706F696E740CFFFFFFFF04FFFFFFFF0CFFFFFFFF13B189ED6AC9F5ECBF4A36C3B23E0ADFBF0000000000000000110D067665727465780CFFFFFFFF04FFFFFFFF0CFFFFFFFF0C2700000004020000000C0F000000110E07656C6C697073650D0563757276650CFFFFFFFF
310
04FFFFFFFF0CFFFFFFFF13F8B880E1A670E1BFE6ED29B5EE51D0BF00000000000000001400000000000000000000000000000000000000000000F03F140000000000000000CB9032FB9F70CDBF000000000000000006000000000000F03F0B0B110D04656467650CFFFFFFFF04FFFFFFFF0CFFFFFFFF0C0200000006000000
310
00000000000C0400000006182D4454FB21F93F0C130000000C110000000B0707756E6B6E6F776E110D06636F656467650CFFFFFFFF04FFFFFFFF0CFFFFFFFF0C160000000C280000000CFFFFFFFF0C120000000B0C2900000004000000000CFFFFFFFF110E0873747261696768740D0563757276650CFFFFFFFF04FFFFFFFF
310
0CFFFFFFFF138A2968C5FD28D4BFE6ED29B5EE51D0BF0000000000000000140000000000000000E5ED29B5EE51E03F00000000000000000B0B110D04656467650CFFFFFFFF04FFFFFFFF0CFFFFFFFF0C040000000600000000000000000C0600000006000000000000F03F0C160000000C140000000B0707756E6B6E6F776E
310
110D06636F656467650CFFFFFFFF04FFFFFFFF0CFFFFFFFF0C190000000C130000000CFFFFFFFF0C150000000B0C2900000004000000000CFFFFFFFF110E07656C6C697073650D0563757276650CFFFFFFFF04FFFFFFFF0CFFFFFFFF13F8B880E1A670E1BFE4ED29B5EE51D03F000000000000000014000000000000000000
310
00000000000000000000000000F03F14CB9032FB9F70CD3F0000000000000000000000000000000006000000000000F03F0B0B110D04656467650CFFFFFFFF04FFFFFFFF0CFFFFFFFF0C060000000600000000000000000C0800000006182D4454FB21F93F0C190000000C170000000B0707756E6B6E6F776E110D06636F65
310
6467650CFFFFFFFF04FFFFFFFF0CFFFFFFFF0C1C0000000C160000000CFFFFFFFF0C180000000B0C2900000004000000000CFFFFFFFF110E0873747261696768740D0563757276650CFFFFFFFF04FFFFFFFF0CFFFFFFFF13F8B880E1A670E1BF4A36C3B23E0ADF3F00000000000000001472A1D912450AD7BF000000000000
310
A03C00000000000000000B0B110D04656467650CFFFFFFFF04FFFFFFFF0CFFFFFFFF0C080000000600000000000000000C0A00000006000000000000F03F0C1C0000000C1A0000000B0707756E6B6E6F776E110D06636F656467650CFFFFFFFF04FFFFFFFF0CFFFFFFFF0C1F0000000C190000000CFFFFFFFF0C1B0000000B
310
0C2900000004000000000CFFFFFFFF110E07656C6C697073650D0563757276650CFFFFFFFF04FFFFFFFF0CFFFFFFFF13B189ED6AC9F5ECBFE6ED29B5EE51D03F00000000000000001400000000000000000000000000000080000000000000F03F140000000000000000CB9032FB9F70CD3F00000000000000000600000000
310
0000F03F0B0B110D04656467650CFFFFFFFF04FFFFFFFF0CFFFFFFFF0C0A0000000600000000000000000C0C00000006182D4454FB21F93F0C1F0000000C1D0000000B0707756E6B6E6F776E110D06636F656467650CFFFFFFFF04FFFFFFFF0CFFFFFFFF0C220000000C1C0000000CFFFFFFFF0C1E0000000B0C2900000004
310
000000000CFFFFFFFF110E0873747261696768740D0563757276650CFFFFFFFF04FFFFFFFF0CFFFFFFFF13F216DDB4F828F2BFE7ED29B5EE51D03F0000000000000000140000000000000000E5ED29B5EE51E0BF00000000000000000B0B110D04656467650CFFFFFFFF04FFFFFFFF0CFFFFFFFF0C0C000000060000000000
310
0000000C0E00000006000000000000F03F0C220000000C200000000B0707756E6B6E6F776E110D06636F656467650CFFFFFFFF04FFFFFFFF0CFFFFFFFF0C250000000C1F0000000CFFFFFFFF0C210000000B0C2900000004000000000CFFFFFFFF110E07656C6C697073650D0563757276650CFFFFFFFF04FFFFFFFF0CFFFF
310
FFFF13B189ED6AC9F5ECBFE4ED29B5EE51D0BF00000000000000001400000000000000000000000000000000000000000000F03F14CB9032FB9F70CDBF000000000000903C000000000000000006000000000000F03F0B0B110D04656467650CFFFFFFFF04FFFFFFFF0CFFFFFFFF0C0E0000000600000000000000000C1000
310
000006182D4454FB21F93F0C250000000C230000000B0707756E6B6E6F776E110D06636F656467650CFFFFFFFF04FFFFFFFF0CFFFFFFFF0C280000000C220000000CFFFFFFFF0C240000000B0C2900000004000000000CFFFFFFFF110E0873747261696768740D0563757276650CFFFFFFFF04FFFFFFFF0CFFFFFFFF13B189
310
ED6AC9F5ECBF4A36C3B23E0ADFBF00000000000000001472A1D912450AD73F000000000000A0BC00000000000000000B0B110D04656467650CFFFFFFFF04FFFFFFFF0CFFFFFFFF0C100000000600000000000000000C0200000006000000000000F03F0C280000000C260000000B0707756E6B6E6F776E110D06636F656467
310
650CFFFFFFFF04FFFFFFFF0CFFFFFFFF0C130000000C250000000CFFFFFFFF0C270000000B0C2900000004000000000CFFFFFFFF110D046C6F6F700CFFFFFFFF04FFFFFFFF0CFFFFFFFF0CFFFFFFFF0C130000000C2B000000110E05706C616E650D07737572666163650CFFFFFFFF04FFFFFFFF0CFFFFFFFF135421372638
310
33E7BF000000000000000000000000000000001400000000000000000000000000000000000000000000F03F14000000000000F03F000000000000000000000000000000800B0B0B0B0B110D04666163650CFFFFFFFF04FFFFFFFF0CFFFFFFFF0CFFFFFFFF0C290000000C2C0000000CFFFFFFFF0C2A0000000B0A0B110D05
310
7368656C6C0CFFFFFFFF04FFFFFFFF0CFFFFFFFF0CFFFFFFFF0CFFFFFFFF0C2B0000000CFFFFFFFF0C2D000000110D046C756D700CFFFFFFFF04FFFFFFFF0CFFFFFFFF0CFFFFFFFF0C2C0000000C00000000110E03456E640E026F660E0341534D0D0464617461
  0
ACDSRECORD
 90
        1
  2
AcDbDs::ID
280
    10
320
2FC
  2
ASM_Data
280
    15
 94
     3024
310
414349532042696E61727946696C652855000000000000010000000C00000007214F70656E2044657369676E20416C6C69616E63652041434953204275696C646572070E41434953203231382E3030204E540718546875204A756E2032372031363A32383A3231203230323406000000000000F03F0648AFBC9AF2D77A3E06
310
BBBDD7D9DF7CDB3D0D04626F64790CFFFFFFFF04FFFFFFFF0CFFFFFFFF0C2D0000000CFFFFFFFF0CFFFFFFFF110D05706F696E740CFFFFFFFF04FFFFFFFF0CFFFFFFFF139E12C60556941340ECFC361F3200E8BF0000000000000000110D067665727465780CFFFFFFFF04FFFFFFFF0CFFFFFFFF0C2700000004020000000C
310
01000000110D05706F696E740CFFFFFFFF04FFFFFFFF0CFFFFFFFF13872293420F331440A77DCE38680AE3BF0000000000000000110D067665727465780CFFFFFFFF04FFFFFFFF0CFFFFFFFF0C1500000004020000000C03000000110D05706F696E740CFFFFFFFF04FFFFFFFF0CFFFFFFFF13872293420F331440A67DCE38
310
680AE33F0000000000000000110D067665727465780CFFFFFFFF04FFFFFFFF0CFFFFFFFF0C1800000004020000000C05000000110D05706F696E740CFFFFFFFF04FFFFFFFF0CFFFFFFFF139E12C60556941340EBFC361F3200E83F0000000000000000110D067665727465780CFFFFFFFF04FFFFFFFF0CFFFFFFFF0C1B0000
310
0004020000000C07000000110D05706F696E740CFFFFFFFF04FFFFFFFF0CFFFFFFFF13139DC0CF130A0C40ECFC361F3200E83F0000000000000000110D067665727465780CFFFFFFFF04FFFFFFFF0CFFFFFFFF0C1E00000004020000000C09000000110D05706F696E740CFFFFFFFF04FFFFFFFF0CFFFFFFFF13427D2656A1
310
CC0A40A77DCE38680AE33F0000000000000000110D067665727465780CFFFFFFFF04FFFFFFFF0CFFFFFFFF0C2100000004020000000C0B000000110D05706F696E740CFFFFFFFF04FFFFFFFF0CFFFFFFFF13427D2656A1CC0A40A67DCE38680AE3BF0000000000000000110D067665727465780CFFFFFFFF04FFFFFFFF0CFF
310
FFFFFF0C2400000004020000000C0D000000110D05706F696E740CFFFFFFFF04FFFFFFFF0CFFFFFFFF13139DC0CF130A0C40EBFC361F3200E8BF0000000000000000110D067665727465780CFFFFFFFF04FFFFFFFF0CFFFFFFFF0C2700000004020000000C0F000000110E07656C6C697073650D0563757276650CFFFFFFFF
310
04FFFFFFFF0CFFFFFFFF139E12C60556941340A77DCE38680AE3BF00000000000000001400000000000000000000000000000000000000000000F03F14000000000000000015FDA19927D7C3BF000000000000000006000000000000F03F0B0B110D04656467650CFFFFFFFF04FFFFFFFF0CFFFFFFFF0C0200000006000000
310
00000000000C0400000006182D4454FB21F93F0C130000000C110000000B0707756E6B6E6F776E110D06636F656467650CFFFFFFFF04FFFFFFFF0CFFFFFFFF0C160000000C280000000CFFFFFFFF0C120000000B0C2900000004000000000CFFFFFFFF110E0873747261696768740D0563757276650CFFFFFFFF04FFFFFFFF
310
0CFFFFFFFF13872293420F331440A77DCE38680AE3BF0000000000000000140000000000000000A67DCE38680AF33F00000000000000000B0B110D04656467650CFFFFFFFF04FFFFFFFF0CFFFFFFFF0C040000000600000000000000000C0600000006000000000000F03F0C160000000C140000000B0707756E6B6E6F776E
310
110D06636F656467650CFFFFFFFF04FFFFFFFF0CFFFFFFFF0C190000000C130000000CFFFFFFFF0C150000000B0C2900000004000000000CFFFFFFFF110E07656C6C697073650D0563757276650CFFFFFFFF04FFFFFFFF0CFFFFFFFF139E12C60556941340A67DCE38680AE33F000000000000000014000000000000000000
310
00000000000000000000000000F03F1415FDA19927D7C33F0000000000000000000000000000000006000000000000F03F0B0B110D04656467650CFFFFFFFF04FFFFFFFF0CFFFFFFFF0C060000000600000000000000000C0800000006182D4454FB21F93F0C190000000C170000000B0707756E6B6E6F776E110D06636F65
310
6467650CFFFFFFFF04FFFFFFFF0CFFFFFFFF0C1C0000000C160000000CFFFFFFFF0C180000000B0C2900000004000000000CFFFFFFFF110E0873747261696768740D0563757276650CFFFFFFFF04FFFFFFFF0CFFFFFFFF139E12C60556941340EBFC361F3200E83F00000000000000001452109777303DF6BF000000000000
310
A03C00000000000000000B0B110D04656467650CFFFFFFFF04FFFFFFFF0CFFFFFFFF0C080000000600000000000000000C0A00000006000000000000F03F0C1C0000000C1A0000000B0707756E6B6E6F776E110D06636F656467650CFFFFFFFF04FFFFFFFF0CFFFFFFFF0C1F0000000C190000000CFFFFFFFF0C1B0000000B
310
0C2900000004000000000CFFFFFFFF110E07656C6C697073650D0563757276650CFFFFFFFF04FFFFFFFF0CFFFFFFFF13139DC0CF130A0C40A77DCE38680AE33F00000000000000001400000000000000000000000000000080000000000000F03F14000000000000000015FDA19927D7C33F00000000000000000600000000
310
0000F03F0B0B110D04656467650CFFFFFFFF04FFFFFFFF0CFFFFFFFF0C0A0000000600000000000000000C0C00000006182D4454FB21F93F0C1F0000000C1D0000000B0707756E6B6E6F776E110D06636F656467650CFFFFFFFF04FFFFFFFF0CFFFFFFFF0C220000000C1C0000000CFFFFFFFF0C1E0000000B0C2900000004
310
000000000CFFFFFFFF110E0873747261696768740D0563757276650CFFFFFFFF04FFFFFFFF0CFFFFFFFF13427D2656A1CC0A40A77DCE38680AE33F0000000000000000140000000000000000A67DCE38680AF3BF00000000000000000B0B110D04656467650CFFFFFFFF04FFFFFFFF0CFFFFFFFF0C0C000000060000000000
310
0000000C0E00000006000000000000F03F0C220000000C200000000B0707756E6B6E6F776E110D06636F656467650CFFFFFFFF04FFFFFFFF0CFFFFFFFF0C250000000C1F0000000CFFFFFFFF0C210000000B0C2900000004000000000CFFFFFFFF110E07656C6C697073650D0563757276650CFFFFFFFF04FFFFFFFF0CFFFF
310
FFFF13139DC0CF130A0C40A67DCE38680AE3BF00000000000000001400000000000000000000000000000000000000000000F03F1415FDA19927D7C3BF0000000000000000000000000000000006000000000000F03F0B0B110D04656467650CFFFFFFFF04FFFFFFFF0CFFFFFFFF0C0E0000000600000000000000000C1000
310
000006182D4454FB21F93F0C250000000C230000000B0707756E6B6E6F776E110D06636F656467650CFFFFFFFF04FFFFFFFF0CFFFFFFFF0C280000000C220000000CFFFFFFFF0C240000000B0C2900000004000000000CFFFFFFFF110E0873747261696768740D0563757276650CFFFFFFFF04FFFFFFFF0CFFFFFFFF13139D
310
C0CF130A0C40EBFC361F3200E8BF00000000000000001452109777303DF63F000000000000A0BC00000000000000000B0B110D04656467650CFFFFFFFF04FFFFFFFF0CFFFFFFFF0C100000000600000000000000000C0200000006000000000000F03F0C280000000C260000000B0707756E6B6E6F776E110D06636F656467
310
650CFFFFFFFF04FFFFFFFF0CFFFFFFFF0C130000000C250000000CFFFFFFFF0C270000000B0C2900000004000000000CFFFFFFFF110D046C6F6F700CFFFFFFFF04FFFFFFFF0CFFFFFFFF0CFFFFFFFF0C130000000C2B000000110E05706C616E650D07737572666163650CFFFFFFFF04FFFFFFFF0CFFFFFFFF139430D3F6AF
310
CC1040000000000000000000000000000000001400000000000000800000000000000000000000000000F03F14000000000000F0BF000000000000000000000000000000800B0B0B0B0B110D04666163650CFFFFFFFF04FFFFFFFF0CFFFFFFFF0CFFFFFFFF0C290000000C2C0000000CFFFFFFFF0C2A0000000B0A0B110D05
310
7368656C6C0CFFFFFFFF04FFFFFFFF0CFFFFFFFF0CFFFFFFFF0CFFFFFFFF0C2B0000000CFFFFFFFF0C2D000000110D046C756D700CFFFFFFFF04FFFFFFFF0CFFFFFFFF0CFFFFFFFF0C2C0000000C00000000110E03456E640E026F660E0341534D0D0464617461
  0
ACDSRECORD
 90
        1
  2
AcDbDs::ID
280
    10
320
2FE
  2
ASM_Data
280
    15
 94
     3024
310
414349532042696E61727946696C652855000000000000010000000C00000007214F70656E2044657369676E20416C6C69616E63652041434953204275696C646572070E41434953203231382E3030204E540718546875204A756E2032372031363A32383A3231203230323406000000000000F03F0648AFBC9AF2D77A3E06
310
BBBDD7D9DF7CDB3D0D04626F64790CFFFFFFFF04FFFFFFFF0CFFFFFFFF0C2D0000000CFFFFFFFF0CFFFFFFFF110D05706F696E740CFFFFFFFF04FFFFFFFF0CFFFFFFFF13139DC0CF130A0CC08416C8A29FFFF73F0000000000000000110D067665727465780CFFFFFFFF04FFFFFFFF0CFFFFFFFF0C2700000004020000000C
310
01000000110D05706F696E740CFFFFFFFF04FFFFFFFF0CFFFFFFFF13427D2656A1CC0AC02756FC95847AFA3F0000000000000000110D067665727465780CFFFFFFFF04FFFFFFFF0CFFFFFFFF0C1500000004020000000C03000000110D05706F696E740CFFFFFFFF04FFFFFFFF0CFFFFFFFF13427D2656A1CC0AC0E6696567
310
76C206400000000000000000110D067665727465780CFFFFFFFF04FFFFFFFF0CFFFFFFFF0C1800000004020000000C05000000110D05706F696E740CFFFFFFFF04FFFFFFFF0CFFFFFFFF13139DC0CF130A0CC0B789FFE0E8FF07400000000000000000110D067665727465780CFFFFFFFF04FFFFFFFF0CFFFFFFFF0C1B0000
310
0004020000000C07000000110D05706F696E740CFFFFFFFF04FFFFFFFF0CFFFFFFFF139E12C605569413C0B789FFE0E8FF07400000000000000000110D067665727465780CFFFFFFFF04FFFFFFFF0CFFFFFFFF0C1E00000004020000000C09000000110D05706F696E740CFFFFFFFF04FFFFFFFF0CFFFFFFFF13872293420F
310
3314C0E669656776C206400000000000000000110D067665727465780CFFFFFFFF04FFFFFFFF0CFFFFFFFF0C2100000004020000000C0B000000110D05706F696E740CFFFFFFFF04FFFFFFFF0CFFFFFFFF13872293420F3314C02756FC95847AFA3F0000000000000000110D067665727465780CFFFFFFFF04FFFFFFFF0CFF
310
FFFFFF0C2400000004020000000C0D000000110D05706F696E740CFFFFFFFF04FFFFFFFF0CFFFFFFFF139E12C605569413C08416C8A29FFFF73F0000000000000000110D067665727465780CFFFFFFFF04FFFFFFFF0CFFFFFFFF0C2700000004020000000C0F000000110E07656C6C697073650D0563757276650CFFFFFFFF
310
04FFFFFFFF0CFFFFFFFF13139DC0CF130A0CC02756FC95847AFA3F00000000000000001400000000000000000000000000000000000000000000F03F14000000000000000015FDA19927D7C3BF000000000000000006000000000000F03F0B0B110D04656467650CFFFFFFFF04FFFFFFFF0CFFFFFFFF0C0200000006000000
310
00000000000C0400000006182D4454FB21F93F0C130000000C110000000B0707756E6B6E6F776E110D06636F656467650CFFFFFFFF04FFFFFFFF0CFFFFFFFF0C160000000C280000000CFFFFFFFF0C120000000B0C2900000004000000000CFFFFFFFF110E0873747261696768740D0563757276650CFFFFFFFF04FFFFFFFF
310
0CFFFFFFFF13427D2656A1CC0AC02756FC95847AFA3F0000000000000000140000000000000000A57DCE38680AF33F00000000000000000B0B110D04656467650CFFFFFFFF04FFFFFFFF0CFFFFFFFF0C040000000600000000000000000C0600000006000000000000F03F0C160000000C140000000B0707756E6B6E6F776E
310
110D06636F656467650CFFFFFFFF04FFFFFFFF0CFFFFFFFF0C190000000C130000000CFFFFFFFF0C150000000B0C2900000004000000000CFFFFFFFF110E07656C6C697073650D0563757276650CFFFFFFFF04FFFFFFFF0CFFFFFFFF13139DC0CF130A0CC0E669656776C20640000000000000000014000000000000000000
310
00000000000000000000000000F03F1415FDA19927D7C33F0000000000000000000000000000000006000000000000F03F0B0B110D04656467650CFFFFFFFF04FFFFFFFF0CFFFFFFFF0C060000000600000000000000000C0800000006182D4454FB21F93F0C190000000C170000000B0707756E6B6E6F776E110D06636F65
310
6467650CFFFFFFFF04FFFFFFFF0CFFFFFFFF0C1C0000000C160000000CFFFFFFFF0C180000000B0C2900000004000000000CFFFFFFFF110E0873747261696768740D0563757276650CFFFFFFFF04FFFFFFFF0CFFFFFFFF13139DC0CF130A0CC0B789FFE0E8FF074000000000000000001452109777303DF6BF000000000000
310
000000000000000000000B0B110D04656467650CFFFFFFFF04FFFFFFFF0CFFFFFFFF0C080000000600000000000000000C0A00000006000000000000F03F0C1C0000000C1A0000000B0707756E6B6E6F776E110D06636F656467650CFFFFFFFF04FFFFFFFF0CFFFFFFFF0C1F0000000C190000000CFFFFFFFF0C1B0000000B
310
0C2900000004000000000CFFFFFFFF110E07656C6C697073650D0563757276650CFFFFFFFF04FFFFFFFF0CFFFFFFFF139E12C605569413C0E669656776C2064000000000000000001400000000000000000000000000000080000000000000F03F14000000000000000015FDA19927D7C33F00000000000000000600000000
310
0000F03F0B0B110D04656467650CFFFFFFFF04FFFFFFFF0CFFFFFFFF0C0A0000000600000000000000000C0C00000006182D4454FB21F93F0C1F0000000C1D0000000B0707756E6B6E6F776E110D06636F656467650CFFFFFFFF04FFFFFFFF0CFFFFFFFF0C220000000C1C0000000CFFFFFFFF0C1E0000000B0C2900000004
310
000000000CFFFFFFFF110E0873747261696768740D0563757276650CFFFFFFFF04FFFFFFFF0CFFFFFFFF13872293420F3314C0E669656776C206400000000000000000140000000000000000A57DCE38680AF3BF00000000000000000B0B110D04656467650CFFFFFFFF04FFFFFFFF0CFFFFFFFF0C0C000000060000000000
310
0000000C0E00000006000000000000F03F0C220000000C200000000B0707756E6B6E6F776E110D06636F656467650CFFFFFFFF04FFFFFFFF0CFFFFFFFF0C250000000C1F0000000CFFFFFFFF0C210000000B0C2900000004000000000CFFFFFFFF110E07656C6C697073650D0563757276650CFFFFFFFF04FFFFFFFF0CFFFF
310
FFFF139E12C605569413C02756FC95847AFA3F00000000000000001400000000000000000000000000000000000000000000F03F1415FDA19927D7C3BF0000000000000000000000000000000006000000000000F03F0B0B110D04656467650CFFFFFFFF04FFFFFFFF0CFFFFFFFF0C0E0000000600000000000000000C1000
310
000006182D4454FB21F93F0C250000000C230000000B0707756E6B6E6F776E110D06636F656467650CFFFFFFFF04FFFFFFFF0CFFFFFFFF0C280000000C220000000CFFFFFFFF0C240000000B0C2900000004000000000CFFFFFFFF110E0873747261696768740D0563757276650CFFFFFFFF04FFFFFFFF0CFFFFFFFF139E12
310
C605569413C08416C8A29FFFF73F00000000000000001452109777303DF63F000000000000000000000000000000000B0B110D04656467650CFFFFFFFF04FFFFFFFF0CFFFFFFFF0C100000000600000000000000000C0200000006000000000000F03F0C280000000C260000000B0707756E6B6E6F776E110D06636F656467
310
650CFFFFFFFF04FFFFFFFF0CFFFFFFFF0C130000000C250000000CFFFFFFFF0C270000000B0C2900000004000000000CFFFFFFFF110D046C6F6F700CFFFFFFFF04FFFFFFFF0CFFFFFFFF0CFFFFFFFF0C130000000C2B000000110E05706C616E650D07737572666163650CFFFFFFFF04FFFFFFFF0CFFFFFFFF139430D3F6AF
310
CC10C07DCA3159DCFF014000000000000000001400000000000000800000000000000000000000000000F03F14000000000000F03F000000000000000000000000000000000B0B0B0B0B110D04666163650CFFFFFFFF04FFFFFFFF0CFFFFFFFF0CFFFFFFFF0C290000000C2C0000000CFFFFFFFF0C2A0000000B0A0B110D05
310
7368656C6C0CFFFFFFFF04FFFFFFFF0CFFFFFFFF0CFFFFFFFF0CFFFFFFFF0C2B0000000CFFFFFFFF0C2D000000110D046C756D700CFFFFFFFF04FFFFFFFF0CFFFFFFFF0CFFFFFFFF0C2C0000000C00000000110E03456E640E026F660E0341534D0D0464617461
  0
ACDSRECORD
 90
        1
  2
AcDbDs::ID
280
    10
320
300
  2
ASM_Data
280
    15
 94
     3024
310
414349532042696E61727946696C652855000000000000010000000C00000007214F70656E2044657369676E20416C6C69616E63652041434953204275696C646572070E41434953203231382E3030204E540718546875204A756E2032372031363A32383A3231203230323406000000000000F03F0648AFBC9AF2D77A3E06
310
BBBDD7D9DF7CDB3D0D04626F64790CFFFFFFFF04FFFFFFFF0CFFFFFFFF0C2D0000000CFFFFFFFF0CFFFFFFFF110D05706F696E740CFFFFFFFF04FFFFFFFF0CFFFFFFFF139E12C605569413408416C8A29FFFF73F0000000000000000110D067665727465780CFFFFFFFF04FFFFFFFF0CFFFFFFFF0C2700000004020000000C
310
01000000110D05706F696E740CFFFFFFFF04FFFFFFFF0CFFFFFFFF13872293420F3314402756FC95847AFA3F0000000000000000110D067665727465780CFFFFFFFF04FFFFFFFF0CFFFFFFFF0C1500000004020000000C03000000110D05706F696E740CFFFFFFFF04FFFFFFFF0CFFFFFFFF13872293420F331440E6696567
310
76C206400000000000000000110D067665727465780CFFFFFFFF04FFFFFFFF0CFFFFFFFF0C1800000004020000000C05000000110D05706F696E740CFFFFFFFF04FFFFFFFF0CFFFFFFFF139E12C60556941340B789FFE0E8FF07400000000000000000110D067665727465780CFFFFFFFF04FFFFFFFF0CFFFFFFFF0C1B0000
310
0004020000000C07000000110D05706F696E740CFFFFFFFF04FFFFFFFF0CFFFFFFFF13139DC0CF130A0C40B789FFE0E8FF07400000000000000000110D067665727465780CFFFFFFFF04FFFFFFFF0CFFFFFFFF0C1E00000004020000000C09000000110D05706F696E740CFFFFFFFF04FFFFFFFF0CFFFFFFFF13427D2656A1
310
CC0A40E669656776C206400000000000000000110D067665727465780CFFFFFFFF04FFFFFFFF0CFFFFFFFF0C2100000004020000000C0B000000110D05706F696E740CFFFFFFFF04FFFFFFFF0CFFFFFFFF13427D2656A1CC0A402756FC95847AFA3F0000000000000000110D067665727465780CFFFFFFFF04FFFFFFFF0CFF
310
FFFFFF0C2400000004020000000C0D000000110D05706F696E740CFFFFFFFF04FFFFFFFF0CFFFFFFFF13139DC0CF130A0C408416C8A29FFFF73F0000000000000000110D067665727465780CFFFFFFFF04FFFFFFFF0CFFFFFFFF0C2700000004020000000C0F000000110E07656C6C697073650D0563757276650CFFFFFFFF
310
04FFFFFFFF0CFFFFFFFF139E12C605569413402756FC95847AFA3F00000000000000001400000000000000000000000000000000000000000000F03F14000000000000000015FDA19927D7C3BF000000000000000006000000000000F03F0B0B110D04656467650CFFFFFFFF04FFFFFFFF0CFFFFFFFF0C0200000006000000
310
00000000000C0400000006182D4454FB21F93F0C130000000C110000000B0707756E6B6E6F776E110D06636F656467650CFFFFFFFF04FFFFFFFF0CFFFFFFFF0C160000000C280000000CFFFFFFFF0C120000000B0C2900000004000000000CFFFFFFFF110E0873747261696768740D0563757276650CFFFFFFFF04FFFFFFFF
310
0CFFFFFFFF13872293420F3314402756FC95847AFA3F0000000000000000140000000000000000A57DCE38680AF33F00000000000000000B0B110D04656467650CFFFFFFFF04FFFFFFFF0CFFFFFFFF0C040000000600000000000000000C0600000006000000000000F03F0C160000000C140000000B0707756E6B6E6F776E
310
110D06636F656467650CFFFFFFFF04FFFFFFFF0CFFFFFFFF0C190000000C130000000CFFFFFFFF0C150000000B0C2900000004000000000CFFFFFFFF110E07656C6C697073650D0563757276650CFFFFFFFF04FFFFFFFF0CFFFFFFFF139E12C60556941340E669656776C20640000000000000000014000000000000000000
310
00000000000000000000000000F03F1415FDA19927D7C33F0000000000000000000000000000000006000000000000F03F0B0B110D04656467650CFFFFFFFF04FFFFFFFF0CFFFFFFFF0C060000000600000000000000000C0800000006182D4454FB21F93F0C190000000C170000000B0707756E6B6E6F776E110D06636F65
310
6467650CFFFFFFFF04FFFFFFFF0CFFFFFFFF0C1C0000000C160000000CFFFFFFFF0C180000000B0C2900000004000000000CFFFFFFFF110E0873747261696768740D0563757276650CFFFFFFFF04FFFFFFFF0CFFFFFFFF139E12C60556941340B789FFE0E8FF074000000000000000001452109777303DF6BF000000000000
310
000000000000000000000B0B110D04656467650CFFFFFFFF04FFFFFFFF0CFFFFFFFF0C080000000600000000000000000C0A00000006000000000000F03F0C1C0000000C1A0000000B0707756E6B6E6F776E110D06636F656467650CFFFFFFFF04FFFFFFFF0CFFFFFFFF0C1F0000000C190000000CFFFFFFFF0C1B0000000B
310
0C2900000004000000000CFFFFFFFF110E07656C6C697073650D0563757276650CFFFFFFFF04FFFFFFFF0CFFFFFFFF13139DC0CF130A0C40E669656776C2064000000000000000001400000000000000000000000000000080000000000000F03F14000000000000000015FDA19927D7C33F00000000000000000600000000
310
0000F03F0B0B110D04656467650CFFFFFFFF04FFFFFFFF0CFFFFFFFF0C0A0000000600000000000000000C0C00000006182D4454FB21F93F0C1F0000000C1D0000000B0707756E6B6E6F776E110D06636F656467650CFFFFFFFF04FFFFFFFF0CFFFFFFFF0C220000000C1C0000000CFFFFFFFF0C1E0000000B0C2900000004
310
000000000CFFFFFFFF110E0873747261696768740D0563757276650CFFFFFFFF04FFFFFFFF0CFFFFFFFF13427D2656A1CC0A40E669656776C206400000000000000000140000000000000000A57DCE38680AF3BF00000000000000000B0B110D04656467650CFFFFFFFF04FFFFFFFF0CFFFFFFFF0C0C000000060000000000
310
0000000C0E00000006000000000000F03F0C220000000C200000000B0707756E6B6E6F776E110D06636F656467650CFFFFFFFF04FFFFFFFF0CFFFFFFFF0C250000000C1F0000000CFFFFFFFF0C210000000B0C2900000004000000000CFFFFFFFF110E07656C6C697073650D0563757276650CFFFFFFFF04FFFFFFFF0CFFFF
310
FFFF13139DC0CF130A0C402756FC95847AFA3F00000000000000001400000000000000000000000000000000000000000000F03F1415FDA19927D7C3BF0000000000000000000000000000000006000000000000F03F0B0B110D04656467650CFFFFFFFF04FFFFFFFF0CFFFFFFFF0C0E0000000600000000000000000C1000
310
000006182D4454FB21F93F0C250000000C230000000B0707756E6B6E6F776E110D06636F656467650CFFFFFFFF04FFFFFFFF0CFFFFFFFF0C280000000C220000000CFFFFFFFF0C240000000B0C2900000004000000000CFFFFFFFF110E0873747261696768740D0563757276650CFFFFFFFF04FFFFFFFF0CFFFFFFFF13139D
310
C0CF130A0C408416C8A29FFFF73F00000000000000001452109777303DF63F000000000000000000000000000000000B0B110D04656467650CFFFFFFFF04FFFFFFFF0CFFFFFFFF0C100000000600000000000000000C0200000006000000000000F03F0C280000000C260000000B0707756E6B6E6F776E110D06636F656467
310
650CFFFFFFFF04FFFFFFFF0CFFFFFFFF0C130000000C250000000CFFFFFFFF0C270000000B0C2900000004000000000CFFFFFFFF110D046C6F6F700CFFFFFFFF04FFFFFFFF0CFFFFFFFF0CFFFFFFFF0C130000000C2B000000110E05706C616E650D07737572666163650CFFFFFFFF04FFFFFFFF0CFFFFFFFF139430D3F6AF
310
CC10407DCA3159DCFF014000000000000000001400000000000000800000000000000000000000000000F03F14000000000000F0BF000000000000000000000000000000800B0B0B0B0B110D04666163650CFFFFFFFF04FFFFFFFF0CFFFFFFFF0CFFFFFFFF0C290000000C2C0000000CFFFFFFFF0C2A0000000B0A0B110D05
310
7368656C6C0CFFFFFFFF04FFFFFFFF0CFFFFFFFF0CFFFFFFFF0CFFFFFFFF0C2B0000000CFFFFFFFF0C2D000000110D046C756D700CFFFFFFFF04FFFFFFFF0CFFFFFFFF0CFFFFFFFF0C2C0000000C00000000110E03456E640E026F660E0341534D0D0464617461
  0
ACDSRECORD
 90
        1
  2
AcDbDs::ID
280
    10
320
302
  2
ASM_Data
280
    15
 94
     3024
310
414349532042696E61727946696C652855000000000000010000000C00000007214F70656E2044657369676E20416C6C69616E63652041434953204275696C646572070E41434953203231382E3030204E540718546875204A756E2032372031363A32383A3231203230323406000000000000F03F0648AFBC9AF2D77A3E06
310
BBBDD7D9DF7CDB3D0D04626F64790CFFFFFFFF04FFFFFFFF0CFFFFFFFF0C2D0000000CFFFFFFFF0CFFFFFFFF110D05706F696E740CFFFFFFFF04FFFFFFFF0CFFFFFFFF13139DC0CF130A0CC0B789FFE0E8FF07C00000000000000000110D067665727465780CFFFFFFFF04FFFFFFFF0CFFFFFFFF0C2700000004020000000C
310
01000000110D05706F696E740CFFFFFFFF04FFFFFFFF0CFFFFFFFF13427D2656A1CC0AC0E669656776C206C00000000000000000110D067665727465780CFFFFFFFF04FFFFFFFF0CFFFFFFFF0C1500000004020000000C03000000110D05706F696E740CFFFFFFFF04FFFFFFFF0CFFFFFFFF13427D2656A1CC0AC02756FC95
310
847AFABF0000000000000000110D067665727465780CFFFFFFFF04FFFFFFFF0CFFFFFFFF0C1800000004020000000C05000000110D05706F696E740CFFFFFFFF04FFFFFFFF0CFFFFFFFF13139DC0CF130A0CC08416C8A29FFFF7BF0000000000000000110D067665727465780CFFFFFFFF04FFFFFFFF0CFFFFFFFF0C1B0000
310
0004020000000C07000000110D05706F696E740CFFFFFFFF04FFFFFFFF0CFFFFFFFF139E12C605569413C08416C8A29FFFF7BF0000000000000000110D067665727465780CFFFFFFFF04FFFFFFFF0CFFFFFFFF0C1E00000004020000000C09000000110D05706F696E740CFFFFFFFF04FFFFFFFF0CFFFFFFFF13872293420F
310
3314C02756FC95847AFABF0000000000000000110D067665727465780CFFFFFFFF04FFFFFFFF0CFFFFFFFF0C2100000004020000000C0B000000110D05706F696E740CFFFFFFFF04FFFFFFFF0CFFFFFFFF13872293420F3314C0E669656776C206C00000000000000000110D067665727465780CFFFFFFFF04FFFFFFFF0CFF
310
FFFFFF0C2400000004020000000C0D000000110D05706F696E740CFFFFFFFF04FFFFFFFF0CFFFFFFFF139E12C605569413C0B789FFE0E8FF07C00000000000000000110D067665727465780CFFFFFFFF04FFFFFFFF0CFFFFFFFF0C2700000004020000000C0F000000110E07656C6C697073650D0563757276650CFFFFFFFF
310
04FFFFFFFF0CFFFFFFFF13139DC0CF130A0CC0E669656776C206C000000000000000001400000000000000000000000000000000000000000000F03F14000000000000000015FDA19927D7C3BF000000000000000006000000000000F03F0B0B110D04656467650CFFFFFFFF04FFFFFFFF0CFFFFFFFF0C0200000006000000
310
00000000000C0400000006182D4454FB21F93F0C130000000C110000000B0707756E6B6E6F776E110D06636F656467650CFFFFFFFF04FFFFFFFF0CFFFFFFFF0C160000000C280000000CFFFFFFFF0C120000000B0C2900000004000000000CFFFFFFFF110E0873747261696768740D0563757276650CFFFFFFFF04FFFFFFFF
310
0CFFFFFFFF13427D2656A1CC0AC0E669656776C206C00000000000000000140000000000000000A57DCE38680AF33F00000000000000000B0B110D04656467650CFFFFFFFF04FFFFFFFF0CFFFFFFFF0C040000000600000000000000000C0600000006000000000000F03F0C160000000C140000000B0707756E6B6E6F776E
310
110D06636F656467650CFFFFFFFF04FFFFFFFF0CFFFFFFFF0C190000000C130000000CFFFFFFFF0C150000000B0C2900000004000000000CFFFFFFFF110E07656C6C697073650D0563757276650CFFFFFFFF04FFFFFFFF0CFFFFFFFF13139DC0CF130A0CC02756FC95847AFABF000000000000000014000000000000000000
310
00000000000000000000000000F03F1415FDA19927D7C33F0000000000000000000000000000000006000000000000F03F0B0B110D04656467650CFFFFFFFF04FFFFFFFF0CFFFFFFFF0C060000000600000000000000000C0800000006182D4454FB21F93F0C190000000C170000000B0707756E6B6E6F776E110D06636F65
310
6467650CFFFFFFFF04FFFFFFFF0CFFFFFFFF0C1C0000000C160000000CFFFFFFFF0C180000000B0C2900000004000000000CFFFFFFFF110E0873747261696768740D0563757276650CFFFFFFFF04FFFFFFFF0CFFFFFFFF13139DC0CF130A0CC08416C8A29FFFF7BF00000000000000001452109777303DF6BF000000000000
310
000000000000000000000B0B110D04656467650CFFFFFFFF04FFFFFFFF0CFFFFFFFF0C080000000600000000000000000C0A00000006000000000000F03F0C1C0000000C1A0000000B0707756E6B6E6F776E110D06636F656467650CFFFFFFFF04FFFFFFFF0CFFFFFFFF0C1F0000000C190000000CFFFFFFFF0C1B0000000B
310
0C2900000004000000000CFFFFFFFF110E07656C6C697073650D0563757276650CFFFFFFFF04FFFFFFFF0CFFFFFFFF139E12C605569413C02756FC95847AFABF00000000000000001400000000000000000000000000000080000000000000F03F14000000000000000015FDA19927D7C33F00000000000000000600000000
310
0000F03F0B0B110D04656467650CFFFFFFFF04FFFFFFFF0CFFFFFFFF0C0A0000000600000000000000000C0C00000006182D4454FB21F93F0C1F0000000C1D0000000B0707756E6B6E6F776E110D06636F656467650CFFFFFFFF04FFFFFFFF0CFFFFFFFF0C220000000C1C0000000CFFFFFFFF0C1E0000000B0C2900000004
310
000000000CFFFFFFFF110E0873747261696768740D0563757276650CFFFFFFFF04FFFFFFFF0CFFFFFFFF13872293420F3314C02756FC95847AFABF0000000000000000140000000000000000A57DCE38680AF3BF00000000000000000B0B110D04656467650CFFFFFFFF04FFFFFFFF0CFFFFFFFF0C0C000000060000000000
310
0000000C0E00000006000000000000F03F0C220000000C200000000B0707756E6B6E6F776E110D06636F656467650CFFFFFFFF04FFFFFFFF0CFFFFFFFF0C250000000C1F0000000CFFFFFFFF0C210000000B0C2900000004000000000CFFFFFFFF110E07656C6C697073650D0563757276650CFFFFFFFF04FFFFFFFF0CFFFF
310
FFFF139E12C605569413C0E669656776C206C000000000000000001400000000000000000000000000000000000000000000F03F1415FDA19927D7C3BF0000000000000000000000000000000006000000000000F03F0B0B110D04656467650CFFFFFFFF04FFFFFFFF0CFFFFFFFF0C0E0000000600000000000000000C1000
310
000006182D4454FB21F93F0C250000000C230000000B0707756E6B6E6F776E110D06636F656467650CFFFFFFFF04FFFFFFFF0CFFFFFFFF0C280000000C220000000CFFFFFFFF0C240000000B0C2900000004000000000CFFFFFFFF110E0873747261696768740D0563757276650CFFFFFFFF04FFFFFFFF0CFFFFFFFF139E12
310
C605569413C0B789FFE0E8FF07C000000000000000001452109777303DF63F000000000000000000000000000000000B0B110D04656467650CFFFFFFFF04FFFFFFFF0CFFFFFFFF0C100000000600000000000000000C0200000006000000000000F03F0C280000000C260000000B0707756E6B6E6F776E110D06636F656467
310
650CFFFFFFFF04FFFFFFFF0CFFFFFFFF0C130000000C250000000CFFFFFFFF0C270000000B0C2900000004000000000CFFFFFFFF110D046C6F6F700CFFFFFFFF04FFFFFFFF0CFFFFFFFF0CFFFFFFFF0C130000000C2B000000110E05706C616E650D07737572666163650CFFFFFFFF04FFFFFFFF0CFFFFFFFF139430D3F6AF
310
CC10C07DCA3159DCFF01C000000000000000001400000000000000800000000000000000000000000000F03F14000000000000F03F000000000000000000000000000000000B0B0B0B0B110D04666163650CFFFFFFFF04FFFFFFFF0CFFFFFFFF0CFFFFFFFF0C290000000C2C0000000CFFFFFFFF0C2A0000000B0A0B110D05
310
7368656C6C0CFFFFFFFF04FFFFFFFF0CFFFFFFFF0CFFFFFFFF0CFFFFFFFF0C2B0000000CFFFFFFFF0C2D000000110D046C756D700CFFFFFFFF04FFFFFFFF0CFFFFFFFF0CFFFFFFFF0C2C0000000C00000000110E03456E640E026F660E0341534D0D0464617461
  0
ACDSRECORD
 90
        1
  2
AcDbDs::ID
280
    10
320
304
  2
ASM_Data
280
    15
 94
     3024
310
414349532042696E61727946696C652855000000000000010000000C00000007214F70656E2044657369676E20416C6C69616E63652041434953204275696C646572070E41434953203231382E3030204E540718546875204A756E2032372031363A32383A3231203230323406000000000000F03F0648AFBC9AF2D77A3E06
310
BBBDD7D9DF7CDB3D0D04626F64790CFFFFFFFF04FFFFFFFF0CFFFFFFFF0C2D0000000CFFFFFFFF0CFFFFFFFF110D05706F696E740CFFFFFFFF04FFFFFFFF0CFFFFFFFF139E12C60556941340B789FFE0E8FF07C00000000000000000110D067665727465780CFFFFFFFF04FFFFFFFF0CFFFFFFFF0C2700000004020000000C
310
01000000110D05706F696E740CFFFFFFFF04FFFFFFFF0CFFFFFFFF13872293420F331440E669656776C206C00000000000000000110D067665727465780CFFFFFFFF04FFFFFFFF0CFFFFFFFF0C1500000004020000000C03000000110D05706F696E740CFFFFFFFF04FFFFFFFF0CFFFFFFFF13872293420F3314402756FC95
310
847AFABF0000000000000000110D067665727465780CFFFFFFFF04FFFFFFFF0CFFFFFFFF0C1800000004020000000C05000000110D05706F696E740CFFFFFFFF04FFFFFFFF0CFFFFFFFF139E12C605569413408416C8A29FFFF7BF0000000000000000110D067665727465780CFFFFFFFF04FFFFFFFF0CFFFFFFFF0C1B0000
310
0004020000000C07000000110D05706F696E740CFFFFFFFF04FFFFFFFF0CFFFFFFFF13139DC0CF130A0C408416C8A29FFFF7BF0000000000000000110D067665727465780CFFFFFFFF04FFFFFFFF0CFFFFFFFF0C1E00000004020000000C09000000110D05706F696E740CFFFFFFFF04FFFFFFFF0CFFFFFFFF13427D2656A1
310
CC0A402756FC95847AFABF0000000000000000110D067665727465780CFFFFFFFF04FFFFFFFF0CFFFFFFFF0C2100000004020000000C0B000000110D05706F696E740CFFFFFFFF04FFFFFFFF0CFFFFFFFF13427D2656A1CC0A40E669656776C206C00000000000000000110D067665727465780CFFFFFFFF04FFFFFFFF0CFF
310
FFFFFF0C2400000004020000000C0D000000110D05706F696E740CFFFFFFFF04FFFFFFFF0CFFFFFFFF13139DC0CF130A0C40B789FFE0E8FF07C00000000000000000110D067665727465780CFFFFFFFF04FFFFFFFF0CFFFFFFFF0C2700000004020000000C0F000000110E07656C6C697073650D0563757276650CFFFFFFFF
310
04FFFFFFFF0CFFFFFFFF139E12C60556941340E669656776C206C000000000000000001400000000000000000000000000000000000000000000F03F14000000000000000015FDA19927D7C3BF000000000000000006000000000000F03F0B0B110D04656467650CFFFFFFFF04FFFFFFFF0CFFFFFFFF0C0200000006000000
310
00000000000C0400000006182D4454FB21F93F0C130000000C110000000B0707756E6B6E6F776E110D06636F656467650CFFFFFFFF04FFFFFFFF0CFFFFFFFF0C160000000C280000000CFFFFFFFF0C120000000B0C2900000004000000000CFFFFFFFF110E0873747261696768740D0563757276650CFFFFFFFF04FFFFFFFF
310
0CFFFFFFFF13872293420F331440E669656776C206C00000000000000000140000000000000000A57DCE38680AF33F00000000000000000B0B110D04656467650CFFFFFFFF04FFFFFFFF0CFFFFFFFF0C040000000600000000000000000C0600000006000000000000F03F0C160000000C140000000B0707756E6B6E6F776E
310
110D06636F656467650CFFFFFFFF04FFFFFFFF0CFFFFFFFF0C190000000C130000000CFFFFFFFF0C150000000B0C2900000004000000000CFFFFFFFF110E07656C6C697073650D0563757276650CFFFFFFFF04FFFFFFFF0CFFFFFFFF139E12C605569413402756FC95847AFABF000000000000000014000000000000000000
310
00000000000000000000000000F03F1415FDA19927D7C33F0000000000000000000000000000000006000000000000F03F0B0B110D04656467650CFFFFFFFF04FFFFFFFF0CFFFFFFFF0C060000000600000000000000000C0800000006182D4454FB21F93F0C190000000C170000000B0707756E6B6E6F776E110D06636F65
310
6467650CFFFFFFFF04FFFFFFFF0CFFFFFFFF0C1C0000000C160000000CFFFFFFFF0C180000000B0C2900000004000000000CFFFFFFFF110E0873747261696768740D0563757276650CFFFFFFFF04FFFFFFFF0CFFFFFFFF139E12C605569413408416C8A29FFFF7BF00000000000000001452109777303DF6BF000000000000
310
000000000000000000000B0B110D04656467650CFFFFFFFF04FFFFFFFF0CFFFFFFFF0C080000000600000000000000000C0A00000006000000000000F03F0C1C0000000C1A0000000B0707756E6B6E6F776E110D06636F656467650CFFFFFFFF04FFFFFFFF0CFFFFFFFF0C1F0000000C190000000CFFFFFFFF0C1B0000000B
310
0C2900000004000000000CFFFFFFFF110E07656C6C697073650D0563757276650CFFFFFFFF04FFFFFFFF0CFFFFFFFF13139DC0CF130A0C402756FC95847AFABF00000000000000001400000000000000000000000000000080000000000000F03F14000000000000000015FDA19927D7C33F00000000000000000600000000
310
0000F03F0B0B110D04656467650CFFFFFFFF04FFFFFFFF0CFFFFFFFF0C0A0000000600000000000000000C0C00000006182D4454FB21F93F0C1F0000000C1D0000000B0707756E6B6E6F776E110D06636F656467650CFFFFFFFF04FFFFFFFF0CFFFFFFFF0C220000000C1C0000000CFFFFFFFF0C1E0000000B0C2900000004
310
000000000CFFFFFFFF110E0873747261696768740D0563757276650CFFFFFFFF04FFFFFFFF0CFFFFFFFF13427D2656A1CC0A402756FC95847AFABF0000000000000000140000000000000000A57DCE38680AF3BF00000000000000000B0B110D04656467650CFFFFFFFF04FFFFFFFF0CFFFFFFFF0C0C000000060000000000
310
0000000C0E00000006000000000000F03F0C220000000C200000000B0707756E6B6E6F776E110D06636F656467650CFFFFFFFF04FFFFFFFF0CFFFFFFFF0C250000000C1F0000000CFFFFFFFF0C210000000B0C2900000004000000000CFFFFFFFF110E07656C6C697073650D0563757276650CFFFFFFFF04FFFFFFFF0CFFFF
310
FFFF13139DC0CF130A0C40E669656776C206C000000000000000001400000000000000000000000000000000000000000000F03F1415FDA19927D7C3BF0000000000000000000000000000000006000000000000F03F0B0B110D04656467650CFFFFFFFF04FFFFFFFF0CFFFFFFFF0C0E0000000600000000000000000C1000
310
000006182D4454FB21F93F0C250000000C230000000B0707756E6B6E6F776E110D06636F656467650CFFFFFFFF04FFFFFFFF0CFFFFFFFF0C280000000C220000000CFFFFFFFF0C240000000B0C2900000004000000000CFFFFFFFF110E0873747261696768740D0563757276650CFFFFFFFF04FFFFFFFF0CFFFFFFFF13139D
310
C0CF130A0C40B789FFE0E8FF07C000000000000000001452109777303DF63F000000000000000000000000000000000B0B110D04656467650CFFFFFFFF04FFFFFFFF0CFFFFFFFF0C100000000600000000000000000C0200000006000000000000F03F0C280000000C260000000B0707756E6B6E6F776E110D06636F656467
310
650CFFFFFFFF04FFFFFFFF0CFFFFFFFF0C130000000C250000000CFFFFFFFF0C270000000B0C2900000004000000000CFFFFFFFF110D046C6F6F700CFFFFFFFF04FFFFFFFF0CFFFFFFFF0CFFFFFFFF0C130000000C2B000000110E05706C616E650D07737572666163650CFFFFFFFF04FFFFFFFF0CFFFFFFFF139430D3F6AF
310
CC10407DCA3159DCFF01C000000000000000001400000000000000800000000000000000000000000000F03F14000000000000F0BF000000000000000000000000000000800B0B0B0B0B110D04666163650CFFFFFFFF04FFFFFFFF0CFFFFFFFF0CFFFFFFFF0C290000000C2C0000000CFFFFFFFF0C2A0000000B0A0B110D05
310
7368656C6C0CFFFFFFFF04FFFFFFFF0CFFFFFFFF0CFFFFFFFF0CFFFFFFFF0C2B0000000CFFFFFFFF0C2D000000110D046C756D700CFFFFFFFF04FFFFFFFF0CFFFFFFFF0CFFFFFFFF0C2C0000000C00000000110E03456E640E026F660E0341534D0D0464617461
  0
ACDSRECORD
 90
        1
  2
AcDbDs::ID
280
    10
320
308
  2
ASM_Data
280
    15
 94
      811
310
414349532042696E61727946696C652855000000000000010000000C00000007214F70656E2044657369676E20416C6C69616E63652041434953204275696C646572070E41434953203231382E3030204E540718546875204A756E2032372031363A32383A3231203230323406000000000000F03F0648AFBC9AF2D77A3E06
310
BBBDD7D9DF7CDB3D0D04626F64790CFFFFFFFF04FFFFFFFF0CFFFFFFFF0C0A0000000CFFFFFFFF0CFFFFFFFF110D05706F696E740CFFFFFFFF04FFFFFFFF0CFFFFFFFF139FFB17AD48E106C000000000000000000000000000000000110D067665727465780CFFFFFFFF04FFFFFFFF0CFFFFFFFF0C0400000004020000000C
310
01000000110E07656C6C697073650D0563757276650CFFFFFFFF04FFFFFFFF0CFFFFFFFF137A14AE47E17A0EC0000000000000000000000000000000001400000000000000000000000000000000000000000000F03F146D63586A6266EE3F0000000000000000000000000000008006000000000000F03F0B0B110D046564
310
67650CFFFFFFFF04FFFFFFFF0CFFFFFFFF0C020000000600000000000000000C0200000006182D4454FB2119400C050000000C030000000B0707756E6B6E6F776E110D06636F656467650CFFFFFFFF04FFFFFFFF0CFFFFFFFF0C050000000C050000000CFFFFFFFF0C040000000B0C0600000004000000000CFFFFFFFF110D
310
046C6F6F700CFFFFFFFF04FFFFFFFF0CFFFFFFFF0CFFFFFFFF0C050000000C08000000110E05706C616E650D07737572666163650CFFFFFFFF04FFFFFFFF0CFFFFFFFF1374907CCAD62311C0000000000000A03C00000000000000001400000000000000800000000000000000000000000000F03F14000000000000F0BF00
310
0000000000000000000000000000800B0B0B0B0B110D04666163650CFFFFFFFF04FFFFFFFF0CFFFFFFFF0CFFFFFFFF0C060000000C090000000CFFFFFFFF0C070000000B0A0B110D057368656C6C0CFFFFFFFF04FFFFFFFF0CFFFFFFFF0CFFFFFFFF0CFFFFFFFF0C080000000CFFFFFFFF0C0A000000110D046C756D700CFF
310
FFFFFF04FFFFFFFF0CFFFFFFFF0CFFFFFFFF0C090000000C00000000110E03456E640E026F660E0341534D0D0464617461
  0
ACDSRECORD
 90
        1
  2
AcDbDs::ID
280
    10
320
30A
  2
ASM_Data
280
    15
 94
      811
310
414349532042696E61727946696C652855000000000000010000000C00000007214F70656E2044657369676E20416C6C69616E63652041434953204275696C646572070E41434953203231382E3030204E540718546875204A756E2032372031363A32383A3231203230323406000000000000F03F0648AFBC9AF2D77A3E06
310
BBBDD7D9DF7CDB3D0D04626F64790CFFFFFFFF04FFFFFFFF0CFFFFFFFF0C0A0000000CFFFFFFFF0CFFFFFFFF110D05706F696E740CFFFFFFFF04FFFFFFFF0CFFFFFFFF1380D1E5CDE17A0AC000000000000000000000000000000000110D067665727465780CFFFFFFFF04FFFFFFFF0CFFFFFFFF0C0400000004020000000C
310
01000000110E07656C6C697073650D0563757276650CFFFFFFFF04FFFFFFFF0CFFFFFFFF137A14AE47E17A0EC0000000000000000000000000000000001400000000000000000000000000000000000000000000F03F14D31742CEFBFFDF3F0000000000000000000000000000008006000000000000F03F0B0B110D046564
310
67650CFFFFFFFF04FFFFFFFF0CFFFFFFFF0C020000000600000000000000000C0200000006182D4454FB2119400C050000000C030000000B0707756E6B6E6F776E110D06636F656467650CFFFFFFFF04FFFFFFFF0CFFFFFFFF0C050000000C050000000CFFFFFFFF0C040000000B0C0600000004000000000CFFFFFFFF110D
310
046C6F6F700CFFFFFFFF04FFFFFFFF0CFFFFFFFF0CFFFFFFFF0C050000000C08000000110E05706C616E650D07737572666163650CFFFFFFFF04FFFFFFFF0CFFFFFFFF13FC1A4982703D10C0000000000000903C00000000000000001400000000000000800000000000000000000000000000F03F14000000000000F0BF00
310
0000000000000000000000000000800B0B0B0B0B110D04666163650CFFFFFFFF04FFFFFFFF0CFFFFFFFF0CFFFFFFFF0C060000000C090000000CFFFFFFFF0C070000000B0A0B110D057368656C6C0CFFFFFFFF04FFFFFFFF0CFFFFFFFF0CFFFFFFFF0CFFFFFFFF0C080000000CFFFFFFFF0C0A000000110D046C756D700CFF
310
FFFFFF04FFFFFFFF0CFFFFFFFF0CFFFFFFFF0C090000000C00000000110E03456E640E026F660E0341534D0D0464617461
  0
ACDSRECORD
 90
        1
  2
AcDbDs::ID
280
    10
320
30C
  2
ASM_Data
280
    15
 94
      811
310
414349532042696E61727946696C652855000000000000010000000C00000007214F70656E2044657369676E20416C6C69616E63652041434953204275696C646572070E41434953203231382E3030204E540718546875204A756E2032372031363A32383A3231203230323406000000000000F03F0648AFBC9AF2D77A3E06
310
BBBDD7D9DF7CDB3D0D04626F64790CFFFFFFFF04FFFFFFFF0CFFFFFFFF0C0A0000000CFFFFFFFF0CFFFFFFFF110D05706F696E740CFFFFFFFF04FFFFFFFF0CFFFFFFFF136E1ACA3FE97AD4BF00000000000000000000000000000000110D067665727465780CFFFFFFFF04FFFFFFFF0CFFFFFFFF0C0400000004020000000C
310
01000000110E07656C6C697073650D0563757276650CFFFFFFFF04FFFFFFFF0CFFFFFFFF1352B81E85EB51F4BF000000000000000000000000000000001400000000000000000000000000000000000000000000F03F146D63586A6266EE3F0000000000000000000000000000008006000000000000F03F0B0B110D046564
310
67650CFFFFFFFF04FFFFFFFF0CFFFFFFFF0C020000000600000000000000000C0200000006182D4454FB2119400C050000000C030000000B0707756E6B6E6F776E110D06636F656467650CFFFFFFFF04FFFFFFFF0CFFFFFFFF0C050000000C050000000CFFFFFFFF0C040000000B0C0600000004000000000CFFFFFFFF110D
310
046C6F6F700CFFFFFFFF04FFFFFFFF0CFFFFFFFF0CFFFFFFFF0C050000000C08000000110E05706C616E650D07737572666163650CFFFFFFFF04FFFFFFFF0CFFFFFFFF132ED1B41F84EBFBBF000000000000A03C00000000000000001400000000000000800000000000000000000000000000F03F14000000000000F0BF00
310
0000000000000000000000000000800B0B0B0B0B110D04666163650CFFFFFFFF04FFFFFFFF0CFFFFFFFF0CFFFFFFFF0C060000000C090000000CFFFFFFFF0C070000000B0A0B110D057368656C6C0CFFFFFFFF04FFFFFFFF0CFFFFFFFF0CFFFFFFFF0CFFFFFFFF0C080000000CFFFFFFFF0C0A000000110D046C756D700CFF
310
FFFFFF04FFFFFFFF0CFFFFFFFF0CFFFFFFFF0C090000000C00000000110E03456E640E026F660E0341534D0D0464617461
  0
ACDSRECORD
 90
        1
  2
AcDbDs::ID
280
    10
320
30E
  2
ASM_Data
280
    15
 94
      811
310
414349532042696E61727946696C652855000000000000010000000C00000007214F70656E2044657369676E20416C6C69616E63652041434953204275696C646572070E41434953203231382E3030204E540718546875204A756E2032372031363A32383A3231203230323406000000000000F03F0648AFBC9AF2D77A3E06
310
BBBDD7D9DF7CDB3D0D04626F64790CFFFFFFFF04FFFFFFFF0CFFFFFFFF0C0A0000000CFFFFFFFF0CFFFFFFFF110D05706F696E740CFFFFFFFF04FFFFFFFF0CFFFFFFFF13BA641C23D9A3E8BF00000000000000000000000000000000110D067665727465780CFFFFFFFF04FFFFFFFF0CFFFFFFFF0C0400000004020000000C
310
01000000110E07656C6C697073650D0563757276650CFFFFFFFF04FFFFFFFF0CFFFFFFFF1352B81E85EB51F4BF000000000000000000000000000000001400000000000000000000000000000000000000000000F03F14D31742CEFBFFDF3F0000000000000000000000000000008006000000000000F03F0B0B110D046564
310
67650CFFFFFFFF04FFFFFFFF0CFFFFFFFF0C020000000600000000000000000C0200000006182D4454FB2119400C050000000C030000000B0707756E6B6E6F776E110D06636F656467650CFFFFFFFF04FFFFFFFF0CFFFFFFFF0C050000000C050000000CFFFFFFFF0C040000000B0C0600000004000000000CFFFFFFFF110D
310
046C6F6F700CFFFFFFFF04FFFFFFFF0CFFFFFFFF0CFFFFFFFF0C050000000C08000000110E05706C616E650D07737572666163650CFFFFFFFF04FFFFFFFF0CFFFFFFFF134CFBE6FEEA51F8BF000000000000903C00000000000000001400000000000000800000000000000000000000000000F03F14000000000000F0BF00
310
0000000000000000000000000000800B0B0B0B0B110D04666163650CFFFFFFFF04FFFFFFFF0CFFFFFFFF0CFFFFFFFF0C060000000C090000000CFFFFFFFF0C070000000B0A0B110D057368656C6C0CFFFFFFFF04FFFFFFFF0CFFFFFFFF0CFFFFFFFF0CFFFFFFFF0C080000000CFFFFFFFF0C0A000000110D046C756D700CFF
310
FFFFFF04FFFFFFFF0CFFFFFFFF0CFFFFFFFF0C090000000C00000000110E03456E640E026F660E0341534D0D0464617461
  0
ACDSRECORD
 90
        1
  2
AcDbDs::ID
280
    10
320
310
  2
ASM_Data
280
    15
 94
      811
310
414349532042696E61727946696C652855000000000000010000000C00000007214F70656E2044657369676E20416C6C69616E63652041434953204275696C646572070E41434953203231382E3030204E540718546875204A756E2032372031363A32383A3231203230323406000000000000F03F0648AFBC9AF2D77A3E06
310
BBBDD7D9DF7CDB3D0D04626F64790CFFFFFFFF04FFFFFFFF0CFFFFFFFF0C0A0000000CFFFFFFFF0CFFFFFFFF110D05706F696E740CFFFFFFFF04FFFFFFFF0CFFFFFFFF130475255D8EC2014000000000000000000000000000000000110D067665727465780CFFFFFFFF04FFFFFFFF0CFFFFFFFF0C0400000004020000000C
310
01000000110E07656C6C697073650D0563757276650CFFFFFFFF04FFFFFFFF0CFFFFFFFF1352B81E85EB51F43F000000000000000000000000000000001400000000000000000000000000000000000000000000F03F146D63586A6266EE3F0000000000000000000000000000008006000000000000F03F0B0B110D046564
310
67650CFFFFFFFF04FFFFFFFF0CFFFFFFFF0C020000000600000000000000000C0200000006182D4454FB2119400C050000000C030000000B0707756E6B6E6F776E110D06636F656467650CFFFFFFFF04FFFFFFFF0CFFFFFFFF0C050000000C050000000CFFFFFFFF0C040000000B0C0600000004000000000CFFFFFFFF110D
310
046C6F6F700CFFFFFFFF04FFFFFFFF0CFFFFFFFF0CFFFFFFFF0C050000000C08000000110E05706C616E650D07737572666163650CFFFFFFFF04FFFFFFFF0CFFFFFFFF13ED3E11D5A570E93F000000000000A03C00000000000000001400000000000000800000000000000000000000000000F03F14000000000000F0BF00
310
0000000000000000000000000000800B0B0B0B0B110D04666163650CFFFFFFFF04FFFFFFFF0CFFFFFFFF0CFFFFFFFF0C060000000C090000000CFFFFFFFF0C070000000B0A0B110D057368656C6C0CFFFFFFFF04FFFFFFFF0CFFFFFFFF0CFFFFFFFF0CFFFFFFFF0C080000000CFFFFFFFF0C0A000000110D046C756D700CFF
310
FFFFFF04FFFFFFFF0CFFFFFFFF0CFFFFFFFF0C090000000C00000000110E03456E640E026F660E0341534D0D0464617461
  0
ACDSRECORD
 90
        1
  2
AcDbDs::ID
280
    10
320
312
  2
ASM_Data
280
    15
 94
      811
310
414349532042696E61727946696C652855000000000000010000000C00000007214F70656E2044657369676E20416C6C69616E63652041434953204275696C646572070E41434953203231382E3030204E540718546875204A756E2032372031363A32383A3231203230323406000000000000F03F0648AFBC9AF2D77A3E06
310
BBBDD7D9DF7CDB3D0D04626F64790CFFFFFFFF04FFFFFFFF0CFFFFFFFF0C0A0000000CFFFFFFFF0CFFFFFFFF110D05706F696E740CFFFFFFFF04FFFFFFFF0CFFFFFFFF13473EAF78EA51FC3F00000000000000000000000000000000110D067665727465780CFFFFFFFF04FFFFFFFF0CFFFFFFFF0C0400000004020000000C
310
01000000110E07656C6C697073650D0563757276650CFFFFFFFF04FFFFFFFF0CFFFFFFFF1352B81E85EB51F43F000000000000000000000000000000001400000000000000000000000000000000000000000000F03F14D31742CEFBFFDF3F0000000000000000000000000000008006000000000000F03F0B0B110D046564
310
67650CFFFFFFFF04FFFFFFFF0CFFFFFFFF0C020000000600000000000000000C0200000006182D4454FB2119400C050000000C030000000B0707756E6B6E6F776E110D06636F656467650CFFFFFFFF04FFFFFFFF0CFFFFFFFF0C050000000C050000000CFFFFFFFF0C040000000B0C0600000004000000000CFFFFFFFF110D
310
046C6F6F700CFFFFFFFF04FFFFFFFF0CFFFFFFFF0CFFFFFFFF0C050000000C08000000110E05706C616E650D07737572666163650CFFFFFFFF04FFFFFFFF0CFFFFFFFF135875560BEC51F03F000000000000903C00000000000000001400000000000000800000000000000000000000000000F03F14000000000000F0BF00
310
0000000000000000000000000000800B0B0B0B0B110D04666163650CFFFFFFFF04FFFFFFFF0CFFFFFFFF0CFFFFFFFF0C060000000C090000000CFFFFFFFF0C070000000B0A0B110D057368656C6C0CFFFFFFFF04FFFFFFFF0CFFFFFFFF0CFFFFFFFF0CFFFFFFFF0C080000000CFFFFFFFF0C0A000000110D046C756D700CFF
310
FFFFFF04FFFFFFFF0CFFFFFFFF0CFFFFFFFF0C090000000C00000000110E03456E640E026F660E0341534D0D0464617461
  0
ACDSRECORD
 90
        1
  2
AcDbDs::ID
280
    10
320
314
  2
ASM_Data
280
    15
 94
      811
310
414349532042696E61727946696C652855000000000000010000000C00000007214F70656E2044657369676E20416C6C69616E63652041434953204275696C646572070E41434953203231382E3030204E540718546875204A756E2032372031363A32383A3231203230323406000000000000F03F0648AFBC9AF2D77A3E06
310
BBBDD7D9DF7CDB3D0D04626F64790CFFFFFFFF04FFFFFFFF0CFFFFFFFF0C0A0000000CFFFFFFFF0CFFFFFFFF110D05706F696E740CFFFFFFFF04FFFFFFFF0CFFFFFFFF13AB1622F13C0A134000000000000000000000000000000000110D067665727465780CFFFFFFFF04FFFFFFFF0CFFFFFFFF0C0400000004020000000C
310
01000000110E07656C6C697073650D0563757276650CFFFFFFFF04FFFFFFFF0CFFFFFFFF137A14AE47E17A0E40000000000000000000000000000000001400000000000000000000000000000000000000000000F03F146D63586A6266EE3F0000000000000000000000000000008006000000000000F03F0B0B110D046564
310
67650CFFFFFFFF04FFFFFFFF0CFFFFFFFF0C020000000600000000000000000C0200000006182D4454FB2119400C050000000C030000000B0707756E6B6E6F776E110D06636F656467650CFFFFFFFF04FFFFFFFF0CFFFFFFFF0C050000000C050000000CFFFFFFFF0C040000000B0C0600000004000000000CFFFFFFFF110D
310
046C6F6F700CFFFFFFFF04FFFFFFFF0CFFFFFFFF0CFFFFFFFF0C050000000C08000000110E05706C616E650D07737572666163650CFFFFFFFF04FFFFFFFF0CFFFFFFFF130C0863FA14AE0A40000000000000A03C00000000000000001400000000000000800000000000000000000000000000F03F14000000000000F0BF00
310
0000000000000000000000000000800B0B0B0B0B110D04666163650CFFFFFFFF04FFFFFFFF0CFFFFFFFF0CFFFFFFFF0C060000000C090000000CFFFFFFFF0C070000000B0A0B110D057368656C6C0CFFFFFFFF04FFFFFFFF0CFFFFFFFF0CFFFFFFFF0CFFFFFFFF0C080000000CFFFFFFFF0C0A000000110D046C756D700CFF
310
FFFFFF04FFFFFFFF0CFFFFFFFF0CFFFFFFFF0C090000000C00000000110E03456E640E026F660E0341534D0D0464617461
  0
ACDSRECORD
 90
        1
  2
AcDbDs::ID
280
    10
320
316
  2
ASM_Data
280
    15
 94
      811
310
414349532042696E61727946696C652855000000000000010000000C00000007214F70656E2044657369676E20416C6C69616E63652041434953204275696C646572070E41434953203231382E3030204E540718546875204A756E2032372031363A32383A3231203230323406000000000000F03F0648AFBC9AF2D77A3E06
310
BBBDD7D9DF7CDB3D0D04626F64790CFFFFFFFF04FFFFFFFF0CFFFFFFFF0C0A0000000CFFFFFFFF0CFFFFFFFF110D05706F696E740CFFFFFFFF04FFFFFFFF0CFFFFFFFF13BA2BBB60703D114000000000000000000000000000000000110D067665727465780CFFFFFFFF04FFFFFFFF0CFFFFFFFF0C0400000004020000000C
310
01000000110E07656C6C697073650D0563757276650CFFFFFFFF04FFFFFFFF0CFFFFFFFF137A14AE47E17A0E40000000000000000000000000000000001400000000000000000000000000000000000000000000F03F14D31742CEFBFFDF3F0000000000000000000000000000008006000000000000F03F0B0B110D046564
310
67650CFFFFFFFF04FFFFFFFF0CFFFFFFFF0C020000000600000000000000000C0200000006182D4454FB2119400C050000000C030000000B0707756E6B6E6F776E110D06636F656467650CFFFFFFFF04FFFFFFFF0CFFFFFFFF0C050000000C050000000CFFFFFFFF0C040000000B0C0600000004000000000CFFFFFFFF110D
310
046C6F6F700CFFFFFFFF04FFFFFFFF0CFFFFFFFF0CFFFFFFFF0C050000000C08000000110E05706C616E650D07737572666163650CFFFFFFFF04FFFFFFFF0CFFFFFFFF13FCF2C98AE17A0C40000000000000903C00000000000000001400000000000000800000000000000000000000000000F03F14000000000000F0BF00
310
0000000000000000000000000000800B0B0B0B0B110D04666163650CFFFFFFFF04FFFFFFFF0CFFFFFFFF0CFFFFFFFF0C060000000C090000000CFFFFFFFF0C070000000B0A0B110D057368656C6C0CFFFFFFFF04FFFFFFFF0CFFFFFFFF0CFFFFFFFF0CFFFFFFFF0C080000000CFFFFFFFF0C0A000000110D046C756D700CFF
310
FFFFFF04FFFFFFFF0CFFFFFFFF0CFFFFFFFF0C090000000C00000000110E03456E640E026F660E0341534D0D0464617461
  0
ACDSRECORD
 90
        1
  2
AcDbDs::ID
280
    10
320
31A
  2
ASM_Data
280
    15
 94
     3024
310
414349532042696E61727946696C652855000000000000010000000C00000007214F70656E2044657369676E20416C6C69616E63652041434953204275696C646572070E41434953203231382E3030204E540718546875204A756E2032372031363A32383A3231203230323406000000000000F03F0648AFBC9AF2D77A3E06
310
BBBDD7D9DF7CDB3D0D04626F64790CFFFFFFFF04FFFFFFFF0CFFFFFFFF0C2D0000000CFFFFFFFF0CFFFFFFFF110D05706F696E740CFFFFFFFF04FFFFFFFF0CFFFFFFFF13DDC7D98DA170E1BF4A36C3B23E0ADFBF0000000000000000110D067665727465780CFFFFFFFF04FFFFFFFF0CFFFFFFFF0C2700000004020000000C
310
01000000110D05706F696E740CFFFFFFFF04FFFFFFFF0CFFFFFFFF1354471A1EF328D4BFE4ED29B5EE51D0BF0000000000000000110D067665727465780CFFFFFFFF04FFFFFFFF0CFFFFFFFF0C1500000004020000000C03000000110D05706F696E740CFFFFFFFF04FFFFFFFF0CFFFFFFFF1354471A1EF328D4BFE6ED29B5
310
EE51D03F0000000000000000110D067665727465780CFFFFFFFF04FFFFFFFF0CFFFFFFFF0C1800000004020000000C05000000110D05706F696E740CFFFFFFFF04FFFFFFFF0CFFFFFFFF13DDC7D98DA170E1BF4C36C3B23E0ADF3F0000000000000000110D067665727465780CFFFFFFFF04FFFFFFFF0CFFFFFFFF0C1B0000
310
0004020000000C07000000110D05706F696E740CFFFFFFFF04FFFFFFFF0CFFFFFFFF1395984617C4F5ECBF4A36C3B23E0ADF3F0000000000000000110D067665727465780CFFFFFFFF04FFFFFFFF0CFFFFFFFF0C1E00000004020000000C09000000110D05706F696E740CFFFFFFFF04FFFFFFFF0CFFFFFFFF13649E090BF6
310
28F2BFE5ED29B5EE51D03F0000000000000000110D067665727465780CFFFFFFFF04FFFFFFFF0CFFFFFFFF0C2100000004020000000C0B000000110D05706F696E740CFFFFFFFF04FFFFFFFF0CFFFFFFFF13649E090BF628F2BFE5ED29B5EE51D0BF0000000000000000110D067665727465780CFFFFFFFF04FFFFFFFF0CFF
310
FFFFFF0C2400000004020000000C0D000000110D05706F696E740CFFFFFFFF04FFFFFFFF0CFFFFFFFF1395984617C4F5ECBF4C36C3B23E0ADFBF0000000000000000110D067665727465780CFFFFFFFF04FFFFFFFF0CFFFFFFFF0C2700000004020000000C0F000000110E07656C6C697073650D0563757276650CFFFFFFFF
310
04FFFFFFFF0CFFFFFFFF13DDC7D98DA170E1BFE4ED29B5EE51D0BF00000000000000001400000000000000000000000000000000000000000000F03F140000000000000000CB9032FB9F70CDBF000000000000000006000000000000F03F0B0B110D04656467650CFFFFFFFF04FFFFFFFF0CFFFFFFFF0C0200000006000000
310
00000000000C0400000006182D4454FB21F93F0C130000000C110000000B0707756E6B6E6F776E110D06636F656467650CFFFFFFFF04FFFFFFFF0CFFFFFFFF0C160000000C280000000CFFFFFFFF0C120000000B0C2900000004000000000CFFFFFFFF110E0873747261696768740D0563757276650CFFFFFFFF04FFFFFFFF
310
0CFFFFFFFF1354471A1EF328D4BFE4ED29B5EE51D0BF0000000000000000140000000000000000E5ED29B5EE51E03F00000000000000000B0B110D04656467650CFFFFFFFF04FFFFFFFF0CFFFFFFFF0C040000000600000000000000000C0600000006000000000000F03F0C160000000C140000000B0707756E6B6E6F776E
310
110D06636F656467650CFFFFFFFF04FFFFFFFF0CFFFFFFFF0C190000000C130000000CFFFFFFFF0C150000000B0C2900000004000000000CFFFFFFFF110E07656C6C697073650D0563757276650CFFFFFFFF04FFFFFFFF0CFFFFFFFF13DDC7D98DA170E1BFE6ED29B5EE51D03F000000000000000014000000000000000000
310
00000000000000000000000000F03F14CB9032FB9F70CD3F0000000000000000000000000000000006000000000000F03F0B0B110D04656467650CFFFFFFFF04FFFFFFFF0CFFFFFFFF0C060000000600000000000000000C0800000006182D4454FB21F93F0C190000000C170000000B0707756E6B6E6F776E110D06636F65
310
6467650CFFFFFFFF04FFFFFFFF0CFFFFFFFF0C1C0000000C160000000CFFFFFFFF0C180000000B0C2900000004000000000CFFFFFFFF110E0873747261696768740D0563757276650CFFFFFFFF04FFFFFFFF0CFFFFFFFF13DDC7D98DA170E1BF4C36C3B23E0ADF3F00000000000000001470A1D912450AD7BF000000000000
310
A0BC00000000000000000B0B110D04656467650CFFFFFFFF04FFFFFFFF0CFFFFFFFF0C080000000600000000000000000C0A00000006000000000000F03F0C1C0000000C1A0000000B0707756E6B6E6F776E110D06636F656467650CFFFFFFFF04FFFFFFFF0CFFFFFFFF0C1F0000000C190000000CFFFFFFFF0C1B0000000B
310
0C2900000004000000000CFFFFFFFF110E07656C6C697073650D0563757276650CFFFFFFFF04FFFFFFFF0CFFFFFFFF1395984617C4F5ECBFE4ED29B5EE51D03F00000000000000001400000000000000000000000000000080000000000000F03F140000000000000000CB9032FB9F70CD3F00000000000000000600000000
310
0000F03F0B0B110D04656467650CFFFFFFFF04FFFFFFFF0CFFFFFFFF0C0A0000000600000000000000000C0C00000006182D4454FB21F93F0C1F0000000C1D0000000B0707756E6B6E6F776E110D06636F656467650CFFFFFFFF04FFFFFFFF0CFFFFFFFF0C220000000C1C0000000CFFFFFFFF0C1E0000000B0C2900000004
310
000000000CFFFFFFFF110E0873747261696768740D0563757276650CFFFFFFFF04FFFFFFFF0CFFFFFFFF13649E090BF628F2BFE5ED29B5EE51D03F0000000000000000140000000000000000E5ED29B5EE51E0BF00000000000000000B0B110D04656467650CFFFFFFFF04FFFFFFFF0CFFFFFFFF0C0C000000060000000000
310
0000000C0E00000006000000000000F03F0C220000000C200000000B0707756E6B6E6F776E110D06636F656467650CFFFFFFFF04FFFFFFFF0CFFFFFFFF0C250000000C1F0000000CFFFFFFFF0C210000000B0C2900000004000000000CFFFFFFFF110E07656C6C697073650D0563757276650CFFFFFFFF04FFFFFFFF0CFFFF
310
FFFF1395984617C4F5ECBFE6ED29B5EE51D0BF00000000000000001400000000000000000000000000000000000000000000F03F14CB9032FB9F70CDBF000000000000903C000000000000000006000000000000F03F0B0B110D04656467650CFFFFFFFF04FFFFFFFF0CFFFFFFFF0C0E0000000600000000000000000C1000
310
000006182D4454FB21F93F0C250000000C230000000B0707756E6B6E6F776E110D06636F656467650CFFFFFFFF04FFFFFFFF0CFFFFFFFF0C280000000C220000000CFFFFFFFF0C240000000B0C2900000004000000000CFFFFFFFF110E0873747261696768740D0563757276650CFFFFFFFF04FFFFFFFF0CFFFFFFFF139598
310
4617C4F5ECBF4C36C3B23E0ADFBF00000000000000001470A1D912450AD73F000000000000A03C00000000000000000B0B110D04656467650CFFFFFFFF04FFFFFFFF0CFFFFFFFF0C100000000600000000000000000C0200000006000000000000F03F0C280000000C260000000B0707756E6B6E6F776E110D06636F656467
310
650CFFFFFFFF04FFFFFFFF0CFFFFFFFF0C130000000C250000000CFFFFFFFF0C270000000B0C2900000004000000000CFFFFFFFF110D046C6F6F700CFFFFFFFF04FFFFFFFF0CFFFFFFFF0CFFFFFFFF0C130000000C2B000000110E05706C616E650D07737572666163650CFFFFFFFF04FFFFFFFF0CFFFFFFFF133A3090D232
310
33E7BF000000000000000000000000000000001400000000000000800000000000000000000000000000F03F14000000000000F0BF000000000000000000000000000000800B0B0B0B0B110D04666163650CFFFFFFFF04FFFFFFFF0CFFFFFFFF0CFFFFFFFF0C290000000C2C0000000CFFFFFFFF0C2A0000000B0A0B110D05
310
7368656C6C0CFFFFFFFF04FFFFFFFF0CFFFFFFFF0CFFFFFFFF0CFFFFFFFF0C2B0000000CFFFFFFFF0C2D000000110D046C756D700CFFFFFFFF04FFFFFFFF0CFFFFFFFF0CFFFFFFFF0C2C0000000C00000000110E03456E640E026F660E0341534D0D0464617461
  0
ACDSRECORD
 90
        1
  2
AcDbDs::ID
280
    10
320
31C
  2
ASM_Data
280
    15
 94
     3024
310
414349532042696E61727946696C652855000000000000010000000C00000007214F70656E2044657369676E20416C6C69616E63652041434953204275696C646572070E41434953203231382E3030204E540718546875204A756E2032372031363A32383A3231203230323406000000000000F03F0648AFBC9AF2D77A3E06
310
BBBDD7D9DF7CDB3D0D04626F64790CFFFFFFFF04FFFFFFFF0CFFFFFFFF0C2D0000000CFFFFFFFF0CFFFFFFFF110D05706F696E740CFFFFFFFF04FFFFFFFF0CFFFFFFFF13DDC7D98DA170E13F4A36C3B23E0ADF3F0000000000000000110D067665727465780CFFFFFFFF04FFFFFFFF0CFFFFFFFF0C2700000004020000000C
310
01000000110D05706F696E740CFFFFFFFF04FFFFFFFF0CFFFFFFFF1354471A1EF328D43FE6ED29B5EE51D03F0000000000000000110D067665727465780CFFFFFFFF04FFFFFFFF0CFFFFFFFF0C1500000004020000000C03000000110D05706F696E740CFFFFFFFF04FFFFFFFF0CFFFFFFFF1354471A1EF328D43FE4ED29B5
310
EE51D0BF0000000000000000110D067665727465780CFFFFFFFF04FFFFFFFF0CFFFFFFFF0C1800000004020000000C05000000110D05706F696E740CFFFFFFFF04FFFFFFFF0CFFFFFFFF13DDC7D98DA170E13F4A36C3B23E0ADFBF0000000000000000110D067665727465780CFFFFFFFF04FFFFFFFF0CFFFFFFFF0C1B0000
310
0004020000000C07000000110D05706F696E740CFFFFFFFF04FFFFFFFF0CFFFFFFFF1395984617C4F5EC3F4A36C3B23E0ADFBF0000000000000000110D067665727465780CFFFFFFFF04FFFFFFFF0CFFFFFFFF0C1E00000004020000000C09000000110D05706F696E740CFFFFFFFF04FFFFFFFF0CFFFFFFFF13649E090BF6
310
28F23FE5ED29B5EE51D0BF0000000000000000110D067665727465780CFFFFFFFF04FFFFFFFF0CFFFFFFFF0C2100000004020000000C0B000000110D05706F696E740CFFFFFFFF04FFFFFFFF0CFFFFFFFF13649E090BF628F23FE5ED29B5EE51D03F0000000000000000110D067665727465780CFFFFFFFF04FFFFFFFF0CFF
310
FFFFFF0C2400000004020000000C0D000000110D05706F696E740CFFFFFFFF04FFFFFFFF0CFFFFFFFF1395984617C4F5EC3F4A36C3B23E0ADF3F0000000000000000110D067665727465780CFFFFFFFF04FFFFFFFF0CFFFFFFFF0C2700000004020000000C0F000000110E07656C6C697073650D0563757276650CFFFFFFFF
310
04FFFFFFFF0CFFFFFFFF13DDC7D98DA170E13FE5ED29B5EE51D03F00000000000000001400000000000000000000000000000080000000000000F03F140000000000000000CB9032FB9F70CD3F000000000000000006000000000000F03F0B0B110D04656467650CFFFFFFFF04FFFFFFFF0CFFFFFFFF0C0200000006000000
310
00000000000C0400000006182D4454FB21F93F0C130000000C110000000B0707756E6B6E6F776E110D06636F656467650CFFFFFFFF04FFFFFFFF0CFFFFFFFF0C160000000C280000000CFFFFFFFF0C120000000B0C2900000004000000000CFFFFFFFF110E0873747261696768740D0563757276650CFFFFFFFF04FFFFFFFF
310
0CFFFFFFFF1354471A1EF328D43FE6ED29B5EE51D03F0000000000000000140000000000000000E5ED29B5EE51E0BF00000000000000000B0B110D04656467650CFFFFFFFF04FFFFFFFF0CFFFFFFFF0C040000000600000000000000000C0600000006000000000000F03F0C160000000C140000000B0707756E6B6E6F776E
310
110D06636F656467650CFFFFFFFF04FFFFFFFF0CFFFFFFFF0C190000000C130000000CFFFFFFFF0C150000000B0C2900000004000000000CFFFFFFFF110E07656C6C697073650D0563757276650CFFFFFFFF04FFFFFFFF0CFFFFFFFF13DDC7D98DA170E13FE5ED29B5EE51D0BF000000000000000014000000000000000000
310
00000000000000000000000000F03F14CB9032FB9F70CDBF000000000000903C000000000000000006000000000000F03F0B0B110D04656467650CFFFFFFFF04FFFFFFFF0CFFFFFFFF0C060000000600000000000000000C0800000006182D4454FB21F93F0C190000000C170000000B0707756E6B6E6F776E110D06636F65
310
6467650CFFFFFFFF04FFFFFFFF0CFFFFFFFF0C1C0000000C160000000CFFFFFFFF0C180000000B0C2900000004000000000CFFFFFFFF110E0873747261696768740D0563757276650CFFFFFFFF04FFFFFFFF0CFFFFFFFF13DDC7D98DA170E13F4A36C3B23E0ADFBF00000000000000001470A1D912450AD73F000000000000
310
000000000000000000000B0B110D04656467650CFFFFFFFF04FFFFFFFF0CFFFFFFFF0C080000000600000000000000000C0A00000006000000000000F03F0C1C0000000C1A0000000B0707756E6B6E6F776E110D06636F656467650CFFFFFFFF04FFFFFFFF0CFFFFFFFF0C1F0000000C190000000CFFFFFFFF0C1B0000000B
310
0C2900000004000000000CFFFFFFFF110E07656C6C697073650D0563757276650CFFFFFFFF04FFFFFFFF0CFFFFFFFF1395984617C4F5EC3FE5ED29B5EE51D0BF00000000000000001400000000000000000000000000000000000000000000F03F140000000000000000CB9032FB9F70CDBF00000000000000000600000000
310
0000F03F0B0B110D04656467650CFFFFFFFF04FFFFFFFF0CFFFFFFFF0C0A0000000600000000000000000C0C00000006182D4454FB21F93F0C1F0000000C1D0000000B0707756E6B6E6F776E110D06636F656467650CFFFFFFFF04FFFFFFFF0CFFFFFFFF0C220000000C1C0000000CFFFFFFFF0C1E0000000B0C2900000004
310
000000000CFFFFFFFF110E0873747261696768740D0563757276650CFFFFFFFF04FFFFFFFF0CFFFFFFFF13649E090BF628F23FE5ED29B5EE51D0BF0000000000000000140000000000000000E5ED29B5EE51E03F00000000000000000B0B110D04656467650CFFFFFFFF04FFFFFFFF0CFFFFFFFF0C0C000000060000000000
310
0000000C0E00000006000000000000F03F0C220000000C200000000B0707756E6B6E6F776E110D06636F656467650CFFFFFFFF04FFFFFFFF0CFFFFFFFF0C250000000C1F0000000CFFFFFFFF0C210000000B0C2900000004000000000CFFFFFFFF110E07656C6C697073650D0563757276650CFFFFFFFF04FFFFFFFF0CFFFF
310
FFFF1395984617C4F5EC3FE5ED29B5EE51D03F00000000000000001400000000000000000000000000000000000000000000F03F14CB9032FB9F70CD3F0000000000000000000000000000000006000000000000F03F0B0B110D04656467650CFFFFFFFF04FFFFFFFF0CFFFFFFFF0C0E0000000600000000000000000C1000
310
000006182D4454FB21F93F0C250000000C230000000B0707756E6B6E6F776E110D06636F656467650CFFFFFFFF04FFFFFFFF0CFFFFFFFF0C280000000C220000000CFFFFFFFF0C240000000B0C2900000004000000000CFFFFFFFF110E0873747261696768740D0563757276650CFFFFFFFF04FFFFFFFF0CFFFFFFFF139598
310
4617C4F5EC3F4A36C3B23E0ADF3F00000000000000001470A1D912450AD7BF000000000000000000000000000000000B0B110D04656467650CFFFFFFFF04FFFFFFFF0CFFFFFFFF0C100000000600000000000000000C0200000006000000000000F03F0C280000000C260000000B0707756E6B6E6F776E110D06636F656467
310
650CFFFFFFFF04FFFFFFFF0CFFFFFFFF0C130000000C250000000CFFFFFFFF0C270000000B0C2900000004000000000CFFFFFFFF110D046C6F6F700CFFFFFFFF04FFFFFFFF0CFFFFFFFF0CFFFFFFFF0C130000000C2B000000110E05706C616E650D07737572666163650CFFFFFFFF04FFFFFFFF0CFFFFFFFF13DCC7D98DA1
310
70E13F000000000000000000000000000000001400000000000000800000000000000000000000000000F03F14000000000000F0BF000000000000000000000000000000800B0B0B0B0B110D04666163650CFFFFFFFF04FFFFFFFF0CFFFFFFFF0CFFFFFFFF0C290000000C2C0000000CFFFFFFFF0C2A0000000B0A0B110D05
310
7368656C6C0CFFFFFFFF04FFFFFFFF0CFFFFFFFF0CFFFFFFFF0CFFFFFFFF0C2B0000000CFFFFFFFF0C2D000000110D046C756D700CFFFFFFFF04FFFFFFFF0CFFFFFFFF0CFFFFFFFF0C2C0000000C00000000110E03456E640E026F660E0341534D0D0464617461
  0
ACDSRECORD
 90
        1
  2
AcDbDs::ID
280
    10
320
320
  2
ASM_Data
280
    15
 94
      811
310
414349532042696E61727946696C652855000000000000010000000C00000007214F70656E2044657369676E20416C6C69616E63652041434953204275696C646572070E41434953203231382E3030204E540718546875204A756E2032372031363A32383A3231203230323406000000000000F03F0648AFBC9AF2D77A3E06
310
BBBDD7D9DF7CDB3D0D04626F64790CFFFFFFFF04FFFFFFFF0CFFFFFFFF0C0A0000000CFFFFFFFF0CFFFFFFFF110D05706F696E740CFFFFFFFF04FFFFFFFF0CFFFFFFFF136E1ACA3FE97AD4BF00000000000000000000000000000000110D067665727465780CFFFFFFFF04FFFFFFFF0CFFFFFFFF0C0400000004020000000C
310
01000000110E07656C6C697073650D0563757276650CFFFFFFFF04FFFFFFFF0CFFFFFFFF1352B81E85EB51F4BF000000000000000000000000000000001400000000000000000000000000000000000000000000F03F146D63586A6266EE3F0000000000000000000000000000008006000000000000F03F0B0B110D046564
310
67650CFFFFFFFF04FFFFFFFF0CFFFFFFFF0C020000000600000000000000000C0200000006182D4454FB2119400C050000000C030000000B0707756E6B6E6F776E110D06636F656467650CFFFFFFFF04FFFFFFFF0CFFFFFFFF0C050000000C050000000CFFFFFFFF0C040000000B0C0600000004000000000CFFFFFFFF110D
310
046C6F6F700CFFFFFFFF04FFFFFFFF0CFFFFFFFF0CFFFFFFFF0C050000000C08000000110E05706C616E650D07737572666163650CFFFFFFFF04FFFFFFFF0CFFFFFFFF132ED1B41F84EBFBBF000000000000A03C00000000000000001400000000000000800000000000000000000000000000F03F14000000000000F0BF00
310
0000000000000000000000000000800B0B0B0B0B110D04666163650CFFFFFFFF04FFFFFFFF0CFFFFFFFF0CFFFFFFFF0C060000000C090000000CFFFFFFFF0C070000000B0A0B110D057368656C6C0CFFFFFFFF04FFFFFFFF0CFFFFFFFF0CFFFFFFFF0CFFFFFFFF0C080000000CFFFFFFFF0C0A000000110D046C756D700CFF
310
FFFFFF04FFFFFFFF0CFFFFFFFF0CFFFFFFFF0C090000000C00000000110E03456E640E026F660E0341534D0D0464617461
  0
ACDSRECORD
 90
        1
  2
AcDbDs::ID
280
    10
320
322
  2
ASM_Data
280
    15
 94
      811
310
414349532042696E61727946696C652855000000000000010000000C00000007214F70656E2044657369676E20416C6C69616E63652041434953204275696C646572070E41434953203231382E3030204E540718546875204A756E2032372031363A32383A3231203230323406000000000000F03F0648AFBC9AF2D77A3E06
310
BBBDD7D9DF7CDB3D0D04626F64790CFFFFFFFF04FFFFFFFF0CFFFFFFFF0C0A0000000CFFFFFFFF0CFFFFFFFF110D05706F696E740CFFFFFFFF04FFFFFFFF0CFFFFFFFF13BA641C23D9A3E8BF00000000000000000000000000000000110D067665727465780CFFFFFFFF04FFFFFFFF0CFFFFFFFF0C0400000004020000000C
310
01000000110E07656C6C697073650D0563757276650CFFFFFFFF04FFFFFFFF0CFFFFFFFF1352B81E85EB51F4BF000000000000000000000000000000001400000000000000000000000000000000000000000000F03F14D31742CEFBFFDF3F0000000000000000000000000000008006000000000000F03F0B0B110D046564
310
67650CFFFFFFFF04FFFFFFFF0CFFFFFFFF0C020000000600000000000000000C0200000006182D4454FB2119400C050000000C030000000B0707756E6B6E6F776E110D06636F656467650CFFFFFFFF04FFFFFFFF0CFFFFFFFF0C050000000C050000000CFFFFFFFF0C040000000B0C0600000004000000000CFFFFFFFF110D
310
046C6F6F700CFFFFFFFF04FFFFFFFF0CFFFFFFFF0CFFFFFFFF0C050000000C08000000110E05706C616E650D07737572666163650CFFFFFFFF04FFFFFFFF0CFFFFFFFF134CFBE6FEEA51F8BF000000000000903C00000000000000001400000000000000800000000000000000000000000000F03F14000000000000F0BF00
310
0000000000000000000000000000800B0B0B0B0B110D04666163650CFFFFFFFF04FFFFFFFF0CFFFFFFFF0CFFFFFFFF0C060000000C090000000CFFFFFFFF0C070000000B0A0B110D057368656C6C0CFFFFFFFF04FFFFFFFF0CFFFFFFFF0CFFFFFFFF0CFFFFFFFF0C080000000CFFFFFFFF0C0A000000110D046C756D700CFF
310
FFFFFF04FFFFFFFF0CFFFFFFFF0CFFFFFFFF0C090000000C00000000110E03456E640E026F660E0341534D0D0464617461
  0
ACDSRECORD
 90
        1
  2
AcDbDs::ID
280
    10
320
324
  2
ASM_Data
280
    15
 94
      811
310
414349532042696E61727946696C652855000000000000010000000C00000007214F70656E2044657369676E20416C6C69616E63652041434953204275696C646572070E41434953203231382E3030204E540718546875204A756E2032372031363A32383A3231203230323406000000000000F03F0648AFBC9AF2D77A3E06
310
BBBDD7D9DF7CDB3D0D04626F64790CFFFFFFFF04FFFFFFFF0CFFFFFFFF0C0A0000000CFFFFFFFF0CFFFFFFFF110D05706F696E740CFFFFFFFF04FFFFFFFF0CFFFFFFFF139FFB17AD48E106C000000000000000000000000000000000110D067665727465780CFFFFFFFF04FFFFFFFF0CFFFFFFFF0C0400000004020000000C
310
01000000110E07656C6C697073650D0563757276650CFFFFFFFF04FFFFFFFF0CFFFFFFFF137A14AE47E17A0EC0000000000000000000000000000000001400000000000000000000000000000000000000000000F03F146D63586A6266EE3F0000000000000000000000000000008006000000000000F03F0B0B110D046564
310
67650CFFFFFFFF04FFFFFFFF0CFFFFFFFF0C020000000600000000000000000C0200000006182D4454FB2119400C050000000C030000000B0707756E6B6E6F776E110D06636F656467650CFFFFFFFF04FFFFFFFF0CFFFFFFFF0C050000000C050000000CFFFFFFFF0C040000000B0C0600000004000000000CFFFFFFFF110D
310
046C6F6F700CFFFFFFFF04FFFFFFFF0CFFFFFFFF0CFFFFFFFF0C050000000C08000000110E05706C616E650D07737572666163650CFFFFFFFF04FFFFFFFF0CFFFFFFFF1374907CCAD62311C0000000000000A03C00000000000000001400000000000000800000000000000000000000000000F03F14000000000000F0BF00
310
0000000000000000000000000000800B0B0B0B0B110D04666163650CFFFFFFFF04FFFFFFFF0CFFFFFFFF0CFFFFFFFF0C060000000C090000000CFFFFFFFF0C070000000B0A0B110D057368656C6C0CFFFFFFFF04FFFFFFFF0CFFFFFFFF0CFFFFFFFF0CFFFFFFFF0C080000000CFFFFFFFF0C0A000000110D046C756D700CFF
310
FFFFFF04FFFFFFFF0CFFFFFFFF0CFFFFFFFF0C090000000C00000000110E03456E640E026F660E0341534D0D0464617461
  0
ACDSRECORD
 90
        1
  2
AcDbDs::ID
280
    10
320
326
  2
ASM_Data
280
    15
 94
      811
310
414349532042696E61727946696C652855000000000000010000000C00000007214F70656E2044657369676E20416C6C69616E63652041434953204275696C646572070E41434953203231382E3030204E540718546875204A756E2032372031363A32383A3231203230323406000000000000F03F0648AFBC9AF2D77A3E06
310
BBBDD7D9DF7CDB3D0D04626F64790CFFFFFFFF04FFFFFFFF0CFFFFFFFF0C0A0000000CFFFFFFFF0CFFFFFFFF110D05706F696E740CFFFFFFFF04FFFFFFFF0CFFFFFFFF1380D1E5CDE17A0AC000000000000000000000000000000000110D067665727465780CFFFFFFFF04FFFFFFFF0CFFFFFFFF0C0400000004020000000C
310
01000000110E07656C6C697073650D0563757276650CFFFFFFFF04FFFFFFFF0CFFFFFFFF137A14AE47E17A0EC0000000000000000000000000000000001400000000000000000000000000000000000000000000F03F14D31742CEFBFFDF3F0000000000000000000000000000008006000000000000F03F0B0B110D046564
310
67650CFFFFFFFF04FFFFFFFF0CFFFFFFFF0C020000000600000000000000000C0200000006182D4454FB2119400C050000000C030000000B0707756E6B6E6F776E110D06636F656467650CFFFFFFFF04FFFFFFFF0CFFFFFFFF0C050000000C050000000CFFFFFFFF0C040000000B0C0600000004000000000CFFFFFFFF110D
310
046C6F6F700CFFFFFFFF04FFFFFFFF0CFFFFFFFF0CFFFFFFFF0C050000000C08000000110E05706C616E650D07737572666163650CFFFFFFFF04FFFFFFFF0CFFFFFFFF13FC1A4982703D10C0000000000000903C00000000000000001400000000000000800000000000000000000000000000F03F14000000000000F0BF00
310
0000000000000000000000000000800B0B0B0B0B110D04666163650CFFFFFFFF04FFFFFFFF0CFFFFFFFF0CFFFFFFFF0C060000000C090000000CFFFFFFFF0C070000000B0A0B110D057368656C6C0CFFFFFFFF04FFFFFFFF0CFFFFFFFF0CFFFFFFFF0CFFFFFFFF0C080000000CFFFFFFFF0C0A000000110D046C756D700CFF
310
FFFFFF04FFFFFFFF0CFFFFFFFF0CFFFFFFFF0C090000000C00000000110E03456E640E026F660E0341534D0D0464617461
  0
ACDSRECORD
 90
        1
  2
AcDbDs::ID
280
    10
320
328
  2
ASM_Data
280
    15
 94
      811
310
414349532042696E61727946696C652855000000000000010000000C00000007214F70656E2044657369676E20416C6C69616E63652041434953204275696C646572070E41434953203231382E3030204E540718546875204A756E2032372031363A32383A3231203230323406000000000000F03F0648AFBC9AF2D77A3E06
310
BBBDD7D9DF7CDB3D0D04626F64790CFFFFFFFF04FFFFFFFF0CFFFFFFFF0C0A0000000CFFFFFFFF0CFFFFFFFF110D05706F696E740CFFFFFFFF04FFFFFFFF0CFFFFFFFF13F8591B199A9915C000000000000000000000000000000000110D067665727465780CFFFFFFFF04FFFFFFFF0CFFFFFFFF0C0400000004020000000C
310
01000000110E07656C6C697073650D0563757276650CFFFFFFFF04FFFFFFFF0CFFFFFFFF1366666666666619C0000000000000000000000000000000001400000000000000000000000000000000000000000000F03F146D63586A6266EE3F0000000000000000000000000000008006000000000000F03F0B0B110D046564
310
67650CFFFFFFFF04FFFFFFFF0CFFFFFFFF0C020000000600000000000000000C0200000006182D4454FB2119400C050000000C030000000B0707756E6B6E6F776E110D06636F656467650CFFFFFFFF04FFFFFFFF0CFFFFFFFF0C050000000C050000000CFFFFFFFF0C040000000B0C0600000004000000000CFFFFFFFF110D
310
046C6F6F700CFFFFFFFF04FFFFFFFF0CFFFFFFFF0CFFFFFFFF0C050000000C08000000110E05706C616E650D07737572666163650CFFFFFFFF04FFFFFFFF0CFFFFFFFF139DEC0B8DCC4C1BC0000000000000A03C00000000000000001400000000000000800000000000000000000000000000F03F14000000000000F0BF00
310
0000000000000000000000000000800B0B0B0B0B110D04666163650CFFFFFFFF04FFFFFFFF0CFFFFFFFF0CFFFFFFFF0C060000000C090000000CFFFFFFFF0C070000000B0A0B110D057368656C6C0CFFFFFFFF04FFFFFFFF0CFFFFFFFF0CFFFFFFFF0CFFFFFFFF0C080000000CFFFFFFFF0C0A000000110D046C756D700CFF
310
FFFFFF04FFFFFFFF0CFFFFFFFF0CFFFFFFFF0C090000000C00000000110E03456E640E026F660E0341534D0D0464617461
  0
ACDSRECORD
 90
        1
  2
AcDbDs::ID
280
    10
320
32A
  2
ASM_Data
280
    15
 94
      811
310
414349532042696E61727946696C652855000000000000010000000C00000007214F70656E2044657369676E20416C6C69616E63652041434953204275696C646572070E41434953203231382E3030204E540718546875204A756E2032372031363A32383A3231203230323406000000000000F03F0648AFBC9AF2D77A3E06
310
BBBDD7D9DF7CDB3D0D04626F64790CFFFFFFFF04FFFFFFFF0CFFFFFFFF0C0A0000000CFFFFFFFF0CFFFFFFFF110D05706F696E740CFFFFFFFF04FFFFFFFF0CFFFFFFFF13E94482A9666617C000000000000000000000000000000000110D067665727465780CFFFFFFFF04FFFFFFFF0CFFFFFFFF0C0400000004020000000C
310
01000000110E07656C6C697073650D0563757276650CFFFFFFFF04FFFFFFFF0CFFFFFFFF1366666666666619C0000000000000000000000000000000001400000000000000000000000000000000000000000000F03F14D31742CEFBFFDF3F0000000000000000000000000000008006000000000000F03F0B0B110D046564
310
67650CFFFFFFFF04FFFFFFFF0CFFFFFFFF0C020000000600000000000000000C0200000006182D4454FB2119400C050000000C030000000B0707756E6B6E6F776E110D06636F656467650CFFFFFFFF04FFFFFFFF0CFFFFFFFF0C050000000C050000000CFFFFFFFF0C040000000B0C0600000004000000000CFFFFFFFF110D
310
046C6F6F700CFFFFFFFF04FFFFFFFF0CFFFFFFFF0CFFFFFFFF0C050000000C08000000110E05706C616E650D07737572666163650CFFFFFFFF04FFFFFFFF0CFFFFFFFF132477D84466661AC0000000000000903C00000000000000001400000000000000800000000000000000000000000000F03F14000000000000F0BF00
310
0000000000000000000000000000800B0B0B0B0B110D04666163650CFFFFFFFF04FFFFFFFF0CFFFFFFFF0CFFFFFFFF0C060000000C090000000CFFFFFFFF0C070000000B0A0B110D057368656C6C0CFFFFFFFF04FFFFFFFF0CFFFFFFFF0CFFFFFFFF0CFFFFFFFF0C080000000CFFFFFFFF0C0A000000110D046C756D700CFF
310
FFFFFF04FFFFFFFF0CFFFFFFFF0CFFFFFFFF0C090000000C00000000110E03456E640E026F660E0341534D0D0464617461
  0
ACDSRECORD
 90
        1
  2
AcDbDs::ID
280
    10
320
32C
  2
ASM_Data
280
    15
 94
      811
310
414349532042696E61727946696C652855000000000000010000000C00000007214F70656E2044657369676E20416C6C69616E63652041434953204275696C646572070E41434953203231382E3030204E540718546875204A756E2032372031363A32383A3231203230323406000000000000F03F0648AFBC9AF2D77A3E06
310
BBBDD7D9DF7CDB3D0D04626F64790CFFFFFFFF04FFFFFFFF0CFFFFFFFF0C0A0000000CFFFFFFFF0CFFFFFFFF110D05706F696E740CFFFFFFFF04FFFFFFFF0CFFFFFFFF1320B6AADB8FC21FC000000000000000000000000000000000110D067665727465780CFFFFFFFF04FFFFFFFF0CFFFFFFFF0C0400000004020000000C
310
01000000110E07656C6C697073650D0563757276650CFFFFFFFF04FFFFFFFF0CFFFFFFFF1347E17A14AEC721C0000000000000000000000000000000001400000000000000000000000000000000000000000000F03F146D63586A6266EE3F0000000000000000000000000000008006000000000000F03F0B0B110D046564
310
67650CFFFFFFFF04FFFFFFFF0CFFFFFFFF0C020000000600000000000000000C0200000006182D4454FB2119400C050000000C030000000B0707756E6B6E6F776E110D06636F656467650CFFFFFFFF04FFFFFFFF0CFFFFFFFF0C050000000C050000000CFFFFFFFF0C040000000B0C0600000004000000000CFFFFFFFF110D
310
046C6F6F700CFFFFFFFF04FFFFFFFF0CFFFFFFFF0CFFFFFFFF0C050000000C08000000110E05706C616E650D07737572666163650CFFFFFFFF04FFFFFFFF0CFFFFFFFF1362A4CD27E1BA22C0000000000000A03C00000000000000001400000000000000800000000000000000000000000000F03F14000000000000F0BF00
310
0000000000000000000000000000800B0B0B0B0B110D04666163650CFFFFFFFF04FFFFFFFF0CFFFFFFFF0CFFFFFFFF0C060000000C090000000CFFFFFFFF0C070000000B0A0B110D057368656C6C0CFFFFFFFF04FFFFFFFF0CFFFFFFFF0CFFFFFFFF0CFFFFFFFF0C080000000CFFFFFFFF0C0A000000110D046C756D700CFF
310
FFFFFF04FFFFFFFF0CFFFFFFFF0CFFFFFFFF0C090000000C00000000110E03456E640E026F660E0341534D0D0464617461
  0
ACDSRECORD
 90
        1
  2
AcDbDs::ID
280
    10
320
32E
  2
ASM_Data
280
    15
 94
      811
310
414349532042696E61727946696C652855000000000000010000000C00000007214F70656E2044657369676E20416C6C69616E63652041434953204275696C646572070E41434953203231382E3030204E540718546875204A756E2032372031363A32383A3231203230323406000000000000F03F0648AFBC9AF2D77A3E06
310
BBBDD7D9DF7CDB3D0D04626F64790CFFFFFFFF04FFFFFFFF0CFFFFFFFF0C0A0000000CFFFFFFFF0CFFFFFFFF110D05706F696E740CFFFFFFFF04FFFFFFFF0CFFFFFFFF1388D00836AEC720C000000000000000000000000000000000110D067665727465780CFFFFFFFF04FFFFFFFF0CFFFFFFFF0C0400000004020000000C
310
01000000110E07656C6C697073650D0563757276650CFFFFFFFF04FFFFFFFF0CFFFFFFFF1347E17A14AEC721C0000000000000000000000000000000001400000000000000000000000000000000000000000000F03F14D31742CEFBFFDF3F0000000000000000000000000000008006000000000000F03F0B0B110D046564
310
67650CFFFFFFFF04FFFFFFFF0CFFFFFFFF0C020000000600000000000000000C0200000006182D4454FB2119400C050000000C030000000B0707756E6B6E6F776E110D06636F656467650CFFFFFFFF04FFFFFFFF0CFFFFFFFF0C050000000C050000000CFFFFFFFF0C040000000B0C0600000004000000000CFFFFFFFF110D
310
046C6F6F700CFFFFFFFF04FFFFFFFF0CFFFFFFFF0CFFFFFFFF0C050000000C08000000110E05706C616E650D07737572666163650CFFFFFFFF04FFFFFFFF0CFFFFFFFF13A6E9B303AE4722C0000000000000903C00000000000000001400000000000000800000000000000000000000000000F03F14000000000000F0BF00
310
0000000000000000000000000000800B0B0B0B0B110D04666163650CFFFFFFFF04FFFFFFFF0CFFFFFFFF0CFFFFFFFF0C060000000C090000000CFFFFFFFF0C070000000B0A0B110D057368656C6C0CFFFFFFFF04FFFFFFFF0CFFFFFFFF0CFFFFFFFF0CFFFFFFFF0C080000000CFFFFFFFF0C0A000000110D046C756D700CFF
310
FFFFFF04FFFFFFFF0CFFFFFFFF0CFFFFFFFF0C090000000C00000000110E03456E640E026F660E0341534D0D0464617461
  0
ACDSRECORD
 90
        1
  2
AcDbDs::ID
280
    10
320
330
  2
ASM_Data
280
    15
 94
      811
310
414349532042696E61727946696C652855000000000000010000000C00000007214F70656E2044657369676E20416C6C69616E63652041434953204275696C646572070E41434953203231382E3030204E540718546875204A756E2032372031363A32383A3231203230323406000000000000F03F0648AFBC9AF2D77A3E06
310
BBBDD7D9DF7CDB3D0D04626F64790CFFFFFFFF04FFFFFFFF0CFFFFFFFF0C0A0000000CFFFFFFFF0CFFFFFFFF110D05706F696E740CFFFFFFFF04FFFFFFFF0CFFFFFFFF1325091DCFC2F524C000000000000000000000000000000000110D067665727465780CFFFFFFFF04FFFFFFFF0CFFFFFFFF0C0400000004020000000C
310
01000000110E07656C6C697073650D0563757276650CFFFFFFFF04FFFFFFFF0CFFFFFFFF135C8FC2F528DC26C0000000000000000000000000000000001400000000000000000000000000000000000000000000F03F146D63586A6266EE3F0000000000000000000000000000008006000000000000F03F0B0B110D046564
310
67650CFFFFFFFF04FFFFFFFF0CFFFFFFFF0C020000000600000000000000000C0200000006182D4454FB2119400C050000000C030000000B0707756E6B6E6F776E110D06636F656467650CFFFFFFFF04FFFFFFFF0CFFFFFFFF0C050000000C050000000CFFFFFFFF0C040000000B0C0600000004000000000CFFFFFFFF110D
310
046C6F6F700CFFFFFFFF04FFFFFFFF0CFFFFFFFF0CFFFFFFFF0C050000000C08000000110E05706C616E650D07737572666163650CFFFFFFFF04FFFFFFFF0CFFFFFFFF13785215095CCF27C0000000000000A03C00000000000000001400000000000000800000000000000000000000000000F03F14000000000000F0BF00
310
0000000000000000000000000000800B0B0B0B0B110D04666163650CFFFFFFFF04FFFFFFFF0CFFFFFFFF0CFFFFFFFF0C060000000C090000000CFFFFFFFF0C070000000B0A0B110D057368656C6C0CFFFFFFFF04FFFFFFFF0CFFFFFFFF0CFFFFFFFF0CFFFFFFFF0C080000000CFFFFFFFF0C0A000000110D046C756D700CFF
310
FFFFFF04FFFFFFFF0CFFFFFFFF0CFFFFFFFF0C090000000C00000000110E03456E640E026F660E0341534D0D0464617461
  0
ACDSRECORD
 90
        1
  2
AcDbDs::ID
280
    10
320
332
  2
ASM_Data
280
    15
 94
      811
310
414349532042696E61727946696C652855000000000000010000000C00000007214F70656E2044657369676E20416C6C69616E63652041434953204275696C646572070E41434953203231382E3030204E540718546875204A756E2032372031363A32383A3231203230323406000000000000F03F0648AFBC9AF2D77A3E06
310
BBBDD7D9DF7CDB3D0D04626F64790CFFFFFFFF04FFFFFFFF0CFFFFFFFF0C0A0000000CFFFFFFFF0CFFFFFFFF110D05706F696E740CFFFFFFFF04FFFFFFFF0CFFFFFFFF139D7E501729DC25C000000000000000000000000000000000110D067665727465780CFFFFFFFF04FFFFFFFF0CFFFFFFFF0C0400000004020000000C
310
01000000110E07656C6C697073650D0563757276650CFFFFFFFF04FFFFFFFF0CFFFFFFFF135C8FC2F528DC26C0000000000000000000000000000000001400000000000000000000000000000000000000000000F03F14D31742CEFBFFDF3F0000000000000000000000000000008006000000000000F03F0B0B110D046564
310
67650CFFFFFFFF04FFFFFFFF0CFFFFFFFF0C020000000600000000000000000C0200000006182D4454FB2119400C050000000C030000000B0707756E6B6E6F776E110D06636F656467650CFFFFFFFF04FFFFFFFF0CFFFFFFFF0C050000000C050000000CFFFFFFFF0C040000000B0C0600000004000000000CFFFFFFFF110D
310
046C6F6F700CFFFFFFFF04FFFFFFFF0CFFFFFFFF0CFFFFFFFF0C050000000C08000000110E05706C616E650D07737572666163650CFFFFFFFF04FFFFFFFF0CFFFFFFFF13BB97FBE4285C27C0000000000000903C00000000000000001400000000000000800000000000000000000000000000F03F14000000000000F0BF00
310
0000000000000000000000000000800B0B0B0B0B110D04666163650CFFFFFFFF04FFFFFFFF0CFFFFFFFF0CFFFFFFFF0C060000000C090000000CFFFFFFFF0C070000000B0A0B110D057368656C6C0CFFFFFFFF04FFFFFFFF0CFFFFFFFF0CFFFFFFFF0CFFFFFFFF0C080000000CFFFFFFFF0C0A000000110D046C756D700CFF
310
FFFFFF04FFFFFFFF0CFFFFFFFF0CFFFFFFFF0C090000000C00000000110E03456E640E026F660E0341534D0D0464617461
  0
ACDSRECORD
 90
        1
  2
AcDbDs::ID
280
    10
320
334
  2
ASM_Data
280
    15
 94
      811
310
414349532042696E61727946696C652855000000000000010000000C00000007214F70656E2044657369676E20416C6C69616E63652041434953204275696C646572070E41434953203231382E3030204E540718546875204A756E2032372031363A32383A3231203230323406000000000000F03F0648AFBC9AF2D77A3E06
310
BBBDD7D9DF7CDB3D0D04626F64790CFFFFFFFF04FFFFFFFF0CFFFFFFFF0C0A0000000CFFFFFFFF0CFFFFFFFF110D05706F696E740CFFFFFFFF04FFFFFFFF0CFFFFFFFF130475255D8EC2014000000000000000000000000000000000110D067665727465780CFFFFFFFF04FFFFFFFF0CFFFFFFFF0C0400000004020000000C
310
01000000110E07656C6C697073650D0563757276650CFFFFFFFF04FFFFFFFF0CFFFFFFFF1352B81E85EB51F43F000000000000000000000000000000001400000000000000000000000000000000000000000000F03F146D63586A6266EE3F0000000000000000000000000000008006000000000000F03F0B0B110D046564
310
67650CFFFFFFFF04FFFFFFFF0CFFFFFFFF0C020000000600000000000000000C0200000006182D4454FB2119400C050000000C030000000B0707756E6B6E6F776E110D06636F656467650CFFFFFFFF04FFFFFFFF0CFFFFFFFF0C050000000C050000000CFFFFFFFF0C040000000B0C0600000004000000000CFFFFFFFF110D
310
046C6F6F700CFFFFFFFF04FFFFFFFF0CFFFFFFFF0CFFFFFFFF0C050000000C08000000110E05706C616E650D07737572666163650CFFFFFFFF04FFFFFFFF0CFFFFFFFF13ED3E11D5A570E93F000000000000A03C00000000000000001400000000000000800000000000000000000000000000F03F14000000000000F0BF00
310
0000000000000000000000000000800B0B0B0B0B110D04666163650CFFFFFFFF04FFFFFFFF0CFFFFFFFF0CFFFFFFFF0C060000000C090000000CFFFFFFFF0C070000000B0A0B110D057368656C6C0CFFFFFFFF04FFFFFFFF0CFFFFFFFF0CFFFFFFFF0CFFFFFFFF0C080000000CFFFFFFFF0C0A000000110D046C756D700CFF
310
FFFFFF04FFFFFFFF0CFFFFFFFF0CFFFFFFFF0C090000000C00000000110E03456E640E026F660E0341534D0D0464617461
  0
ACDSRECORD
 90
        1
  2
AcDbDs::ID
280
    10
320
336
  2
ASM_Data
280
    15
 94
      811
310
414349532042696E61727946696C652855000000000000010000000C00000007214F70656E2044657369676E20416C6C69616E63652041434953204275696C646572070E41434953203231382E3030204E540718546875204A756E2032372031363A32383A3231203230323406000000000000F03F0648AFBC9AF2D77A3E06
310
BBBDD7D9DF7CDB3D0D04626F64790CFFFFFFFF04FFFFFFFF0CFFFFFFFF0C0A0000000CFFFFFFFF0CFFFFFFFF110D05706F696E740CFFFFFFFF04FFFFFFFF0CFFFFFFFF13473EAF78EA51FC3F00000000000000000000000000000000110D067665727465780CFFFFFFFF04FFFFFFFF0CFFFFFFFF0C0400000004020000000C
310
01000000110E07656C6C697073650D0563757276650CFFFFFFFF04FFFFFFFF0CFFFFFFFF1352B81E85EB51F43F000000000000000000000000000000001400000000000000000000000000000000000000000000F03F14D31742CEFBFFDF3F0000000000000000000000000000008006000000000000F03F0B0B110D046564
310
67650CFFFFFFFF04FFFFFFFF0CFFFFFFFF0C020000000600000000000000000C0200000006182D4454FB2119400C050000000C030000000B0707756E6B6E6F776E110D06636F656467650CFFFFFFFF04FFFFFFFF0CFFFFFFFF0C050000000C050000000CFFFFFFFF0C040000000B0C0600000004000000000CFFFFFFFF110D
310
046C6F6F700CFFFFFFFF04FFFFFFFF0CFFFFFFFF0CFFFFFFFF0C050000000C08000000110E05706C616E650D07737572666163650CFFFFFFFF04FFFFFFFF0CFFFFFFFF135875560BEC51F03F000000000000903C00000000000000001400000000000000800000000000000000000000000000F03F14000000000000F0BF00
310
0000000000000000000000000000800B0B0B0B0B110D04666163650CFFFFFFFF04FFFFFFFF0CFFFFFFFF0CFFFFFFFF0C060000000C090000000CFFFFFFFF0C070000000B0A0B110D057368656C6C0CFFFFFFFF04FFFFFFFF0CFFFFFFFF0CFFFFFFFF0CFFFFFFFF0C080000000CFFFFFFFF0C0A000000110D046C756D700CFF
310
FFFFFF04FFFFFFFF0CFFFFFFFF0CFFFFFFFF0C090000000C00000000110E03456E640E026F660E0341534D0D0464617461
  0
ACDSRECORD
 90
        1
  2
AcDbDs::ID
280
    10
320
338
  2
ASM_Data
280
    15
 94
      811
310
414349532042696E61727946696C652855000000000000010000000C00000007214F70656E2044657369676E20416C6C69616E63652041434953204275696C646572070E41434953203231382E3030204E540718546875204A756E2032372031363A32383A3231203230323406000000000000F03F0648AFBC9AF2D77A3E06
310
BBBDD7D9DF7CDB3D0D04626F64790CFFFFFFFF04FFFFFFFF0CFFFFFFFF0C0A0000000CFFFFFFFF0CFFFFFFFF110D05706F696E740CFFFFFFFF04FFFFFFFF0CFFFFFFFF13AB1622F13C0A134000000000000000000000000000000000110D067665727465780CFFFFFFFF04FFFFFFFF0CFFFFFFFF0C0400000004020000000C
310
01000000110E07656C6C697073650D0563757276650CFFFFFFFF04FFFFFFFF0CFFFFFFFF137A14AE47E17A0E40000000000000000000000000000000001400000000000000000000000000000000000000000000F03F146D63586A6266EE3F0000000000000000000000000000008006000000000000F03F0B0B110D046564
310
67650CFFFFFFFF04FFFFFFFF0CFFFFFFFF0C020000000600000000000000000C0200000006182D4454FB2119400C050000000C030000000B0707756E6B6E6F776E110D06636F656467650CFFFFFFFF04FFFFFFFF0CFFFFFFFF0C050000000C050000000CFFFFFFFF0C040000000B0C0600000004000000000CFFFFFFFF110D
310
046C6F6F700CFFFFFFFF04FFFFFFFF0CFFFFFFFF0CFFFFFFFF0C050000000C08000000110E05706C616E650D07737572666163650CFFFFFFFF04FFFFFFFF0CFFFFFFFF130C0863FA14AE0A40000000000000A03C00000000000000001400000000000000800000000000000000000000000000F03F14000000000000F0BF00
310
0000000000000000000000000000800B0B0B0B0B110D04666163650CFFFFFFFF04FFFFFFFF0CFFFFFFFF0CFFFFFFFF0C060000000C090000000CFFFFFFFF0C070000000B0A0B110D057368656C6C0CFFFFFFFF04FFFFFFFF0CFFFFFFFF0CFFFFFFFF0CFFFFFFFF0C080000000CFFFFFFFF0C0A000000110D046C756D700CFF
310
FFFFFF04FFFFFFFF0CFFFFFFFF0CFFFFFFFF0C090000000C00000000110E03456E640E026F660E0341534D0D0464617461
  0
ACDSRECORD
 90
        1
  2
AcDbDs::ID
280
    10
320
33A
  2
ASM_Data
280
    15
 94
      811
310
414349532042696E61727946696C652855000000000000010000000C00000007214F70656E2044657369676E20416C6C69616E63652041434953204275696C646572070E41434953203231382E3030204E540718546875204A756E2032372031363A32383A3231203230323406000000000000F03F0648AFBC9AF2D77A3E06
310
BBBDD7D9DF7CDB3D0D04626F64790CFFFFFFFF04FFFFFFFF0CFFFFFFFF0C0A0000000CFFFFFFFF0CFFFFFFFF110D05706F696E740CFFFFFFFF04FFFFFFFF0CFFFFFFFF13BA2BBB60703D114000000000000000000000000000000000110D067665727465780CFFFFFFFF04FFFFFFFF0CFFFFFFFF0C0400000004020000000C
310
01000000110E07656C6C697073650D0563757276650CFFFFFFFF04FFFFFFFF0CFFFFFFFF137A14AE47E17A0E40000000000000000000000000000000001400000000000000000000000000000000000000000000F03F14D31742CEFBFFDF3F0000000000000000000000000000008006000000000000F03F0B0B110D046564
310
67650CFFFFFFFF04FFFFFFFF0CFFFFFFFF0C020000000600000000000000000C0200000006182D4454FB2119400C050000000C030000000B0707756E6B6E6F776E110D06636F656467650CFFFFFFFF04FFFFFFFF0CFFFFFFFF0C050000000C050000000CFFFFFFFF0C040000000B0C0600000004000000000CFFFFFFFF110D
310
046C6F6F700CFFFFFFFF04FFFFFFFF0CFFFFFFFF0CFFFFFFFF0C050000000C08000000110E05706C616E650D07737572666163650CFFFFFFFF04FFFFFFFF0CFFFFFFFF13FCF2C98AE17A0C40000000000000903C00000000000000001400000000000000800000000000000000000000000000F03F14000000000000F0BF00
310
0000000000000000000000000000800B0B0B0B0B110D04666163650CFFFFFFFF04FFFFFFFF0CFFFFFFFF0CFFFFFFFF0C060000000C090000000CFFFFFFFF0C070000000B0A0B110D057368656C6C0CFFFFFFFF04FFFFFFFF0CFFFFFFFF0CFFFFFFFF0CFFFFFFFF0C080000000CFFFFFFFF0C0A000000110D046C756D700CFF
310
FFFFFF04FFFFFFFF0CFFFFFFFF0CFFFFFFFF0C090000000C00000000110E03456E640E026F660E0341534D0D0464617461
  0
ACDSRECORD
 90
        1
  2
AcDbDs::ID
280
    10
320
33C
  2
ASM_Data
280
    15
 94
      811
310
414349532042696E61727946696C652855000000000000010000000C00000007214F70656E2044657369676E20416C6C69616E63652041434953204275696C646572070E41434953203231382E3030204E540718546875204A756E2032372031363A32383A3231203230323406000000000000F03F0648AFBC9AF2D77A3E06
310
BBBDD7D9DF7CDB3D0D04626F64790CFFFFFFFF04FFFFFFFF0CFFFFFFFF0C0A0000000CFFFFFFFF0CFFFFFFFF110D05706F696E740CFFFFFFFF04FFFFFFFF0CFFFFFFFF13D472B1B332331D4000000000000000000000000000000000110D067665727465780CFFFFFFFF04FFFFFFFF0CFFFFFFFF0C0400000004020000000C
310
01000000110E07656C6C697073650D0563757276650CFFFFFFFF04FFFFFFFF0CFFFFFFFF136666666666661940000000000000000000000000000000001400000000000000000000000000000000000000000000F03F146D63586A6266EE3F0000000000000000000000000000008006000000000000F03F0B0B110D046564
310
67650CFFFFFFFF04FFFFFFFF0CFFFFFFFF0C020000000600000000000000000C0200000006182D4454FB2119400C050000000C030000000B0707756E6B6E6F776E110D06636F656467650CFFFFFFFF04FFFFFFFF0CFFFFFFFF0C050000000C050000000CFFFFFFFF0C040000000B0C0600000004000000000CFFFFFFFF110D
310
046C6F6F700CFFFFFFFF04FFFFFFFF0CFFFFFFFF0CFFFFFFFF0C050000000C08000000110E05706C616E650D07737572666163650CFFFFFFFF04FFFFFFFF0CFFFFFFFF132FE0C03F00801740000000000000A03C00000000000000001400000000000000800000000000000000000000000000F03F14000000000000F0BF00
310
0000000000000000000000000000800B0B0B0B0B110D04666163650CFFFFFFFF04FFFFFFFF0CFFFFFFFF0CFFFFFFFF0C060000000C090000000CFFFFFFFF0C070000000B0A0B110D057368656C6C0CFFFFFFFF04FFFFFFFF0CFFFFFFFF0CFFFFFFFF0CFFFFFFFF0C080000000CFFFFFFFF0C0A000000110D046C756D700CFF
310
FFFFFF04FFFFFFFF0CFFFFFFFF0CFFFFFFFF0C090000000C00000000110E03456E640E026F660E0341534D0D0464617461
  0
ACDSRECORD
 90
        1
  2
AcDbDs::ID
280
    10
320
33E
  2
ASM_Data
280
    15
 94
      811
310
414349532042696E61727946696C652855000000000000010000000C00000007214F70656E2044657369676E20416C6C69616E63652041434953204275696C646572070E41434953203231382E3030204E540718546875204A756E2032372031363A32383A3231203230323406000000000000F03F0648AFBC9AF2D77A3E06
310
BBBDD7D9DF7CDB3D0D04626F64790CFFFFFFFF04FFFFFFFF0CFFFFFFFF0C0A0000000CFFFFFFFF0CFFFFFFFF110D05706F696E740CFFFFFFFF04FFFFFFFF0CFFFFFFFF13E3874A2366661B4000000000000000000000000000000000110D067665727465780CFFFFFFFF04FFFFFFFF0CFFFFFFFF0C0400000004020000000C
310
01000000110E07656C6C697073650D0563757276650CFFFFFFFF04FFFFFFFF0CFFFFFFFF136666666666661940000000000000000000000000000000001400000000000000000000000000000000000000000000F03F14D31742CEFBFFDF3F0000000000000000000000000000008006000000000000F03F0B0B110D046564
310
67650CFFFFFFFF04FFFFFFFF0CFFFFFFFF0C020000000600000000000000000C0200000006182D4454FB2119400C050000000C030000000B0707756E6B6E6F776E110D06636F656467650CFFFFFFFF04FFFFFFFF0CFFFFFFFF0C050000000C050000000CFFFFFFFF0C040000000B0C0600000004000000000CFFFFFFFF110D
310
046C6F6F700CFFFFFFFF04FFFFFFFF0CFFFFFFFF0CFFFFFFFF0C050000000C08000000110E05706C616E650D07737572666163650CFFFFFFFF04FFFFFFFF0CFFFFFFFF13A855F48766661840000000000000903C00000000000000001400000000000000800000000000000000000000000000F03F14000000000000F0BF00
310
0000000000000000000000000000800B0B0B0B0B110D04666163650CFFFFFFFF04FFFFFFFF0CFFFFFFFF0CFFFFFFFF0C060000000C090000000CFFFFFFFF0C070000000B0A0B110D057368656C6C0CFFFFFFFF04FFFFFFFF0CFFFFFFFF0CFFFFFFFF0CFFFFFFFF0C080000000CFFFFFFFF0C0A000000110D046C756D700CFF
310
FFFFFF04FFFFFFFF0CFFFFFFFF0CFFFFFFFF0C090000000C00000000110E03456E640E026F660E0341534D0D0464617461
  0
ACDSRECORD
 90
        1
  2
AcDbDs::ID
280
    10
320
340
  2
ASM_Data
280
    15
 94
      811
310
414349532042696E61727946696C652855000000000000010000000C00000007214F70656E2044657369676E20416C6C69616E63652041434953204275696C646572070E41434953203231382E3030204E540718546875204A756E2032372031363A32383A3231203230323406000000000000F03F0648AFBC9AF2D77A3E06
310
BBBDD7D9DF7CDB3D0D04626F64790CFFFFFFFF04FFFFFFFF0CFFFFFFFF0C0A0000000CFFFFFFFF0CFFFFFFFF110D05706F696E740CFFFFFFFF04FFFFFFFF0CFFFFFFFF137E67203B14AE234000000000000000000000000000000000110D067665727465780CFFFFFFFF04FFFFFFFF0CFFFFFFFF0C0400000004020000000C
310
01000000110E07656C6C697073650D0563757276650CFFFFFFFF04FFFFFFFF0CFFFFFFFF1347E17A14AEC72140000000000000000000000000000000001400000000000000000000000000000000000000000000F03F146D63586A6266EE3F0000000000000000000000000000008006000000000000F03F0B0B110D046564
310
67650CFFFFFFFF04FFFFFFFF0CFFFFFFFF0C020000000600000000000000000C0200000006182D4454FB2119400C050000000C030000000B0707756E6B6E6F776E110D06636F656467650CFFFFFFFF04FFFFFFFF0CFFFFFFFF0C050000000C050000000CFFFFFFFF0C040000000B0C0600000004000000000CFFFFFFFF110D
310
046C6F6F700CFFFFFFFF04FFFFFFFF0CFFFFFFFF0CFFFFFFFF0C050000000C08000000110E05706C616E650D07737572666163650CFFFFFFFF04FFFFFFFF0CFFFFFFFF132C1E28017BD42040000000000000A03C00000000000000001400000000000000800000000000000000000000000000F03F14000000000000F0BF00
310
0000000000000000000000000000800B0B0B0B0B110D04666163650CFFFFFFFF04FFFFFFFF0CFFFFFFFF0CFFFFFFFF0C060000000C090000000CFFFFFFFF0C070000000B0A0B110D057368656C6C0CFFFFFFFF04FFFFFFFF0CFFFFFFFF0CFFFFFFFF0CFFFFFFFF0C080000000CFFFFFFFF0C0A000000110D046C756D700CFF
310
FFFFFF04FFFFFFFF0CFFFFFFFF0CFFFFFFFF0C090000000C00000000110E03456E640E026F660E0341534D0D0464617461
  0
ACDSRECORD
 90
        1
  2
AcDbDs::ID
280
    10
320
342
  2
ASM_Data
280
    15
 94
      811
310
414349532042696E61727946696C652855000000000000010000000C00000007214F70656E2044657369676E20416C6C69616E63652041434953204275696C646572070E41434953203231382E3030204E540718546875204A756E2032372031363A32383A3231203230323406000000000000F03F0648AFBC9AF2D77A3E06
310
BBBDD7D9DF7CDB3D0D04626F64790CFFFFFFFF04FFFFFFFF0CFFFFFFFF0C0A0000000CFFFFFFFF0CFFFFFFFF110D05706F696E740CFFFFFFFF04FFFFFFFF0CFFFFFFFF1306F2ECF2ADC7224000000000000000000000000000000000110D067665727465780CFFFFFFFF04FFFFFFFF0CFFFFFFFF0C0400000004020000000C
310
01000000110E07656C6C697073650D0563757276650CFFFFFFFF04FFFFFFFF0CFFFFFFFF1347E17A14AEC72140000000000000000000000000000000001400000000000000000000000000000000000000000000F03F14D31742CEFBFFDF3F0000000000000000000000000000008006000000000000F03F0B0B110D046564
310
67650CFFFFFFFF04FFFFFFFF0CFFFFFFFF0C020000000600000000000000000C0200000006182D4454FB2119400C050000000C030000000B0707756E6B6E6F776E110D06636F656467650CFFFFFFFF04FFFFFFFF0CFFFFFFFF0C050000000C050000000CFFFFFFFF0C040000000B0C0600000004000000000CFFFFFFFF110D
310
046C6F6F700CFFFFFFFF04FFFFFFFF0CFFFFFFFF0CFFFFFFFF0C050000000C08000000110E05706C616E650D07737572666163650CFFFFFFFF04FFFFFFFF0CFFFFFFFF13E8D84125AE472140000000000000903C00000000000000001400000000000000800000000000000000000000000000F03F14000000000000F0BF00
310
0000000000000000000000000000800B0B0B0B0B110D04666163650CFFFFFFFF04FFFFFFFF0CFFFFFFFF0CFFFFFFFF0C060000000C090000000CFFFFFFFF0C070000000B0A0B110D057368656C6C0CFFFFFFFF04FFFFFFFF0CFFFFFFFF0CFFFFFFFF0CFFFFFFFF0C080000000CFFFFFFFF0C0A000000110D046C756D700CFF
310
FFFFFF04FFFFFFFF0CFFFFFFFF0CFFFFFFFF0C090000000C00000000110E03456E640E026F660E0341534D0D0464617461
  0
ACDSRECORD
 90
        1
  2
AcDbDs::ID
280
    10
320
344
  2
ASM_Data
280
    15
 94
      811
310
414349532042696E61727946696C652855000000000000010000000C00000007214F70656E2044657369676E20416C6C69616E63652041434953204275696C646572070E41434953203231382E3030204E540718546875204A756E2032372031363A32383A3231203230323406000000000000F03F0648AFBC9AF2D77A3E06
310
BBBDD7D9DF7CDB3D0D04626F64790CFFFFFFFF04FFFFFFFF0CFFFFFFFF0C0A0000000CFFFFFFFF0CFFFFFFFF110D05706F696E740CFFFFFFFF04FFFFFFFF0CFFFFFFFF139315681C8FC2284000000000000000000000000000000000110D067665727465780CFFFFFFFF04FFFFFFFF0CFFFFFFFF0C0400000004020000000C
310
01000000110E07656C6C697073650D0563757276650CFFFFFFFF04FFFFFFFF0CFFFFFFFF135C8FC2F528DC2640000000000000000000000000000000001400000000000000000000000000000000000000000000F03F146D63586A6266EE3F0000000000000000000000000000008006000000000000F03F0B0B110D046564
310
67650CFFFFFFFF04FFFFFFFF0CFFFFFFFF0C020000000600000000000000000C0200000006182D4454FB2119400C050000000C030000000B0707756E6B6E6F776E110D06636F656467650CFFFFFFFF04FFFFFFFF0CFFFFFFFF0C050000000C050000000CFFFFFFFF0C040000000B0C0600000004000000000CFFFFFFFF110D
310
046C6F6F700CFFFFFFFF04FFFFFFFF0CFFFFFFFF0CFFFFFFFF0C050000000C08000000110E05706C616E650D07737572666163650CFFFFFFFF04FFFFFFFF0CFFFFFFFF1340CC6FE2F5E82540000000000000A03C00000000000000001400000000000000800000000000000000000000000000F03F14000000000000F0BF00
310
0000000000000000000000000000800B0B0B0B0B110D04666163650CFFFFFFFF04FFFFFFFF0CFFFFFFFF0CFFFFFFFF0C060000000C090000000CFFFFFFFF0C070000000B0A0B110D057368656C6C0CFFFFFFFF04FFFFFFFF0CFFFFFFFF0CFFFFFFFF0CFFFFFFFF0C080000000CFFFFFFFF0C0A000000110D046C756D700CFF
310
FFFFFF04FFFFFFFF0CFFFFFFFF0CFFFFFFFF0C090000000C00000000110E03456E640E026F660E0341534D0D0464617461
  0
ACDSRECORD
 90
        1
  2
AcDbDs::ID
280
    10
320
346
  2
ASM_Data
280
    15
 94
      811
310
414349532042696E61727946696C652855000000000000010000000C00000007214F70656E2044657369676E20416C6C69616E63652041434953204275696C646572070E41434953203231382E3030204E540718546875204A756E2032372031363A32383A3231203230323406000000000000F03F0648AFBC9AF2D77A3E06
310
BBBDD7D9DF7CDB3D0D04626F64790CFFFFFFFF04FFFFFFFF0CFFFFFFFF0C0A0000000CFFFFFFFF0CFFFFFFFF110D05706F696E740CFFFFFFFF04FFFFFFFF0CFFFFFFFF131BA034D428DC274000000000000000000000000000000000110D067665727465780CFFFFFFFF04FFFFFFFF0CFFFFFFFF0C0400000004020000000C
310
01000000110E07656C6C697073650D0563757276650CFFFFFFFF04FFFFFFFF0CFFFFFFFF135C8FC2F528DC2640000000000000000000000000000000001400000000000000000000000000000000000000000000F03F14D31742CEFBFFDF3F0000000000000000000000000000008006000000000000F03F0B0B110D046564
310
67650CFFFFFFFF04FFFFFFFF0CFFFFFFFF0C020000000600000000000000000C0200000006182D4454FB2119400C050000000C030000000B0707756E6B6E6F776E110D06636F656467650CFFFFFFFF04FFFFFFFF0CFFFFFFFF0C050000000C050000000CFFFFFFFF0C040000000B0C0600000004000000000CFFFFFFFF110D
310
046C6F6F700CFFFFFFFF04FFFFFFFF0CFFFFFFFF0CFFFFFFFF0C050000000C08000000110E05706C616E650D07737572666163650CFFFFFFFF04FFFFFFFF0CFFFFFFFF13FD868906295C2640000000000000903C00000000000000001400000000000000800000000000000000000000000000F03F14000000000000F0BF00
310
0000000000000000000000000000800B0B0B0B0B110D04666163650CFFFFFFFF04FFFFFFFF0CFFFFFFFF0CFFFFFFFF0C060000000C090000000CFFFFFFFF0C070000000B0A0B110D057368656C6C0CFFFFFFFF04FFFFFFFF0CFFFFFFFF0CFFFFFFFF0CFFFFFFFF0C080000000CFFFFFFFF0C0A000000110D046C756D700CFF
310
FFFFFF04FFFFFFFF0CFFFFFFFF0CFFFFFFFF0C090000000C00000000110E03456E640E026F660E0341534D0D0464617461
  0
ACDSRECORD
 90
        1
  2
AcDbDs::ID
280
    10
320
34A
  2
ASM_Data
280
    15
 94
     3024
310
414349532042696E61727946696C652855000000000000010000000C00000007214F70656E2044657369676E20416C6C69616E63652041434953204275696C646572070E41434953203231382E3030204E540718546875204A756E2032372031363A32383A3231203230323406000000000000F03F0648AFBC9AF2D77A3E06
310
BBBDD7D9DF7CDB3D0D04626F64790CFFFFFFFF04FFFFFFFF0CFFFFFFFF0C2D0000000CFFFFFFFF0CFFFFFFFF110D05706F696E740CFFFFFFFF04FFFFFFFF0CFFFFFFFF139E12C60556941340ECFC361F3200E8BF0000000000000000110D067665727465780CFFFFFFFF04FFFFFFFF0CFFFFFFFF0C2700000004020000000C
310
01000000110D05706F696E740CFFFFFFFF04FFFFFFFF0CFFFFFFFF13872293420F331440A77DCE38680AE3BF0000000000000000110D067665727465780CFFFFFFFF04FFFFFFFF0CFFFFFFFF0C1500000004020000000C03000000110D05706F696E740CFFFFFFFF04FFFFFFFF0CFFFFFFFF13872293420F331440A67DCE38
310
680AE33F0000000000000000110D067665727465780CFFFFFFFF04FFFFFFFF0CFFFFFFFF0C1800000004020000000C05000000110D05706F696E740CFFFFFFFF04FFFFFFFF0CFFFFFFFF139E12C60556941340EBFC361F3200E83F0000000000000000110D067665727465780CFFFFFFFF04FFFFFFFF0CFFFFFFFF0C1B0000
310
0004020000000C07000000110D05706F696E740CFFFFFFFF04FFFFFFFF0CFFFFFFFF13139DC0CF130A0C40ECFC361F3200E83F0000000000000000110D067665727465780CFFFFFFFF04FFFFFFFF0CFFFFFFFF0C1E00000004020000000C09000000110D05706F696E740CFFFFFFFF04FFFFFFFF0CFFFFFFFF13427D2656A1
310
CC0A40A77DCE38680AE33F0000000000000000110D067665727465780CFFFFFFFF04FFFFFFFF0CFFFFFFFF0C2100000004020000000C0B000000110D05706F696E740CFFFFFFFF04FFFFFFFF0CFFFFFFFF13427D2656A1CC0A40A67DCE38680AE3BF0000000000000000110D067665727465780CFFFFFFFF04FFFFFFFF0CFF
310
FFFFFF0C2400000004020000000C0D000000110D05706F696E740CFFFFFFFF04FFFFFFFF0CFFFFFFFF13139DC0CF130A0C40EBFC361F3200E8BF0000000000000000110D067665727465780CFFFFFFFF04FFFFFFFF0CFFFFFFFF0C2700000004020000000C0F000000110E07656C6C697073650D0563757276650CFFFFFFFF
310
04FFFFFFFF0CFFFFFFFF139E12C60556941340A77DCE38680AE3BF00000000000000001400000000000000000000000000000000000000000000F03F14000000000000000015FDA19927D7C3BF000000000000000006000000000000F03F0B0B110D04656467650CFFFFFFFF04FFFFFFFF0CFFFFFFFF0C0200000006000000
310
00000000000C0400000006182D4454FB21F93F0C130000000C110000000B0707756E6B6E6F776E110D06636F656467650CFFFFFFFF04FFFFFFFF0CFFFFFFFF0C160000000C280000000CFFFFFFFF0C120000000B0C2900000004000000000CFFFFFFFF110E0873747261696768740D0563757276650CFFFFFFFF04FFFFFFFF
310
0CFFFFFFFF13872293420F331440A77DCE38680AE3BF0000000000000000140000000000000000A67DCE38680AF33F00000000000000000B0B110D04656467650CFFFFFFFF04FFFFFFFF0CFFFFFFFF0C040000000600000000000000000C0600000006000000000000F03F0C160000000C140000000B0707756E6B6E6F776E
310
110D06636F656467650CFFFFFFFF04FFFFFFFF0CFFFFFFFF0C190000000C130000000CFFFFFFFF0C150000000B0C2900000004000000000CFFFFFFFF110E07656C6C697073650D0563757276650CFFFFFFFF04FFFFFFFF0CFFFFFFFF139E12C60556941340A67DCE38680AE33F000000000000000014000000000000000000
310
00000000000000000000000000F03F1415FDA19927D7C33F0000000000000000000000000000000006000000000000F03F0B0B110D04656467650CFFFFFFFF04FFFFFFFF0CFFFFFFFF0C060000000600000000000000000C0800000006182D4454FB21F93F0C190000000C170000000B0707756E6B6E6F776E110D06636F65
310
6467650CFFFFFFFF04FFFFFFFF0CFFFFFFFF0C1C0000000C160000000CFFFFFFFF0C180000000B0C2900000004000000000CFFFFFFFF110E0873747261696768740D0563757276650CFFFFFFFF04FFFFFFFF0CFFFFFFFF139E12C60556941340EBFC361F3200E83F00000000000000001452109777303DF6BF000000000000
310
A03C00000000000000000B0B110D04656467650CFFFFFFFF04FFFFFFFF0CFFFFFFFF0C080000000600000000000000000C0A00000006000000000000F03F0C1C0000000C1A0000000B0707756E6B6E6F776E110D06636F656467650CFFFFFFFF04FFFFFFFF0CFFFFFFFF0C1F0000000C190000000CFFFFFFFF0C1B0000000B
310
0C2900000004000000000CFFFFFFFF110E07656C6C697073650D0563757276650CFFFFFFFF04FFFFFFFF0CFFFFFFFF13139DC0CF130A0C40A77DCE38680AE33F00000000000000001400000000000000000000000000000080000000000000F03F14000000000000000015FDA19927D7C33F00000000000000000600000000
310
0000F03F0B0B110D04656467650CFFFFFFFF04FFFFFFFF0CFFFFFFFF0C0A0000000600000000000000000C0C00000006182D4454FB21F93F0C1F0000000C1D0000000B0707756E6B6E6F776E110D06636F656467650CFFFFFFFF04FFFFFFFF0CFFFFFFFF0C220000000C1C0000000CFFFFFFFF0C1E0000000B0C2900000004
310
000000000CFFFFFFFF110E0873747261696768740D0563757276650CFFFFFFFF04FFFFFFFF0CFFFFFFFF13427D2656A1CC0A40A77DCE38680AE33F0000000000000000140000000000000000A67DCE38680AF3BF00000000000000000B0B110D04656467650CFFFFFFFF04FFFFFFFF0CFFFFFFFF0C0C000000060000000000
310
0000000C0E00000006000000000000F03F0C220000000C200000000B0707756E6B6E6F776E110D06636F656467650CFFFFFFFF04FFFFFFFF0CFFFFFFFF0C250000000C1F0000000CFFFFFFFF0C210000000B0C2900000004000000000CFFFFFFFF110E07656C6C697073650D0563757276650CFFFFFFFF04FFFFFFFF0CFFFF
310
FFFF13139DC0CF130A0C40A67DCE38680AE3BF00000000000000001400000000000000000000000000000000000000000000F03F1415FDA19927D7C3BF0000000000000000000000000000000006000000000000F03F0B0B110D04656467650CFFFFFFFF04FFFFFFFF0CFFFFFFFF0C0E0000000600000000000000000C1000
310
000006182D4454FB21F93F0C250000000C230000000B0707756E6B6E6F776E110D06636F656467650CFFFFFFFF04FFFFFFFF0CFFFFFFFF0C280000000C220000000CFFFFFFFF0C240000000B0C2900000004000000000CFFFFFFFF110E0873747261696768740D0563757276650CFFFFFFFF04FFFFFFFF0CFFFFFFFF13139D
310
C0CF130A0C40EBFC361F3200E8BF00000000000000001452109777303DF63F000000000000A0BC00000000000000000B0B110D04656467650CFFFFFFFF04FFFFFFFF0CFFFFFFFF0C100000000600000000000000000C0200000006000000000000F03F0C280000000C260000000B0707756E6B6E6F776E110D06636F656467
310
650CFFFFFFFF04FFFFFFFF0CFFFFFFFF0C130000000C250000000CFFFFFFFF0C270000000B0C2900000004000000000CFFFFFFFF110D046C6F6F700CFFFFFFFF04FFFFFFFF0CFFFFFFFF0CFFFFFFFF0C130000000C2B000000110E05706C616E650D07737572666163650CFFFFFFFF04FFFFFFFF0CFFFFFFFF139430D3F6AF
310
CC1040000000000000000000000000000000001400000000000000800000000000000000000000000000F03F14000000000000F0BF000000000000000000000000000000800B0B0B0B0B110D04666163650CFFFFFFFF04FFFFFFFF0CFFFFFFFF0CFFFFFFFF0C290000000C2C0000000CFFFFFFFF0C2A0000000B0A0B110D05
310
7368656C6C0CFFFFFFFF04FFFFFFFF0CFFFFFFFF0CFFFFFFFF0CFFFFFFFF0C2B0000000CFFFFFFFF0C2D000000110D046C756D700CFFFFFFFF04FFFFFFFF0CFFFFFFFF0CFFFFFFFF0C2C0000000C00000000110E03456E640E026F660E0341534D0D0464617461
  0
ACDSRECORD
 90
        1
  2
AcDbDs::ID
280
    10
320
34C
  2
ASM_Data
280
    15
 94
     3024
310
414349532042696E61727946696C652855000000000000010000000C00000007214F70656E2044657369676E20416C6C69616E63652041434953204275696C646572070E41434953203231382E3030204E540718546875204A756E2032372031363A32383A3231203230323406000000000000F03F0648AFBC9AF2D77A3E06
310
BBBDD7D9DF7CDB3D0D04626F64790CFFFFFFFF04FFFFFFFF0CFFFFFFFF0C2D0000000CFFFFFFFF0CFFFFFFFF110D05706F696E740CFFFFFFFF04FFFFFFFF0CFFFFFFFF13139DC0CF130A0CC08416C8A29FFFF73F0000000000000000110D067665727465780CFFFFFFFF04FFFFFFFF0CFFFFFFFF0C2700000004020000000C
310
01000000110D05706F696E740CFFFFFFFF04FFFFFFFF0CFFFFFFFF13427D2656A1CC0AC02756FC95847AFA3F0000000000000000110D067665727465780CFFFFFFFF04FFFFFFFF0CFFFFFFFF0C1500000004020000000C03000000110D05706F696E740CFFFFFFFF04FFFFFFFF0CFFFFFFFF13427D2656A1CC0AC0E6696567
310
76C206400000000000000000110D067665727465780CFFFFFFFF04FFFFFFFF0CFFFFFFFF0C1800000004020000000C05000000110D05706F696E740CFFFFFFFF04FFFFFFFF0CFFFFFFFF13139DC0CF130A0CC0B789FFE0E8FF07400000000000000000110D067665727465780CFFFFFFFF04FFFFFFFF0CFFFFFFFF0C1B0000
310
0004020000000C07000000110D05706F696E740CFFFFFFFF04FFFFFFFF0CFFFFFFFF139E12C605569413C0B789FFE0E8FF07400000000000000000110D067665727465780CFFFFFFFF04FFFFFFFF0CFFFFFFFF0C1E00000004020000000C09000000110D05706F696E740CFFFFFFFF04FFFFFFFF0CFFFFFFFF13872293420F
310
3314C0E669656776C206400000000000000000110D067665727465780CFFFFFFFF04FFFFFFFF0CFFFFFFFF0C2100000004020000000C0B000000110D05706F696E740CFFFFFFFF04FFFFFFFF0CFFFFFFFF13872293420F3314C02756FC95847AFA3F0000000000000000110D067665727465780CFFFFFFFF04FFFFFFFF0CFF
310
FFFFFF0C2400000004020000000C0D000000110D05706F696E740CFFFFFFFF04FFFFFFFF0CFFFFFFFF139E12C605569413C08416C8A29FFFF73F0000000000000000110D067665727465780CFFFFFFFF04FFFFFFFF0CFFFFFFFF0C2700000004020000000C0F000000110E07656C6C697073650D0563757276650CFFFFFFFF
310
04FFFFFFFF0CFFFFFFFF13139DC0CF130A0CC02756FC95847AFA3F00000000000000001400000000000000000000000000000000000000000000F03F14000000000000000015FDA19927D7C3BF000000000000000006000000000000F03F0B0B110D04656467650CFFFFFFFF04FFFFFFFF0CFFFFFFFF0C0200000006000000
310
00000000000C0400000006182D4454FB21F93F0C130000000C110000000B0707756E6B6E6F776E110D06636F656467650CFFFFFFFF04FFFFFFFF0CFFFFFFFF0C160000000C280000000CFFFFFFFF0C120000000B0C2900000004000000000CFFFFFFFF110E0873747261696768740D0563757276650CFFFFFFFF04FFFFFFFF
310
0CFFFFFFFF13427D2656A1CC0AC02756FC95847AFA3F0000000000000000140000000000000000A57DCE38680AF33F00000000000000000B0B110D04656467650CFFFFFFFF04FFFFFFFF0CFFFFFFFF0C040000000600000000000000000C0600000006000000000000F03F0C160000000C140000000B0707756E6B6E6F776E
310
110D06636F656467650CFFFFFFFF04FFFFFFFF0CFFFFFFFF0C190000000C130000000CFFFFFFFF0C150000000B0C2900000004000000000CFFFFFFFF110E07656C6C697073650D0563757276650CFFFFFFFF04FFFFFFFF0CFFFFFFFF13139DC0CF130A0CC0E669656776C20640000000000000000014000000000000000000
310
00000000000000000000000000F03F1415FDA19927D7C33F0000000000000000000000000000000006000000000000F03F0B0B110D04656467650CFFFFFFFF04FFFFFFFF0CFFFFFFFF0C060000000600000000000000000C0800000006182D4454FB21F93F0C190000000C170000000B0707756E6B6E6F776E110D06636F65
310
6467650CFFFFFFFF04FFFFFFFF0CFFFFFFFF0C1C0000000C160000000CFFFFFFFF0C180000000B0C2900000004000000000CFFFFFFFF110E0873747261696768740D0563757276650CFFFFFFFF04FFFFFFFF0CFFFFFFFF13139DC0CF130A0CC0B789FFE0E8FF074000000000000000001452109777303DF6BF000000000000
310
000000000000000000000B0B110D04656467650CFFFFFFFF04FFFFFFFF0CFFFFFFFF0C080000000600000000000000000C0A00000006000000000000F03F0C1C0000000C1A0000000B0707756E6B6E6F776E110D06636F656467650CFFFFFFFF04FFFFFFFF0CFFFFFFFF0C1F0000000C190000000CFFFFFFFF0C1B0000000B
310
0C2900000004000000000CFFFFFFFF110E07656C6C697073650D0563757276650CFFFFFFFF04FFFFFFFF0CFFFFFFFF139E12C605569413C0E669656776C2064000000000000000001400000000000000000000000000000080000000000000F03F14000000000000000015FDA19927D7C33F00000000000000000600000000
310
0000F03F0B0B110D04656467650CFFFFFFFF04FFFFFFFF0CFFFFFFFF0C0A0000000600000000000000000C0C00000006182D4454FB21F93F0C1F0000000C1D0000000B0707756E6B6E6F776E110D06636F656467650CFFFFFFFF04FFFFFFFF0CFFFFFFFF0C220000000C1C0000000CFFFFFFFF0C1E0000000B0C2900000004
310
000000000CFFFFFFFF110E0873747261696768740D0563757276650CFFFFFFFF04FFFFFFFF0CFFFFFFFF13872293420F3314C0E669656776C206400000000000000000140000000000000000A57DCE38680AF3BF00000000000000000B0B110D04656467650CFFFFFFFF04FFFFFFFF0CFFFFFFFF0C0C000000060000000000
310
0000000C0E00000006000000000000F03F0C220000000C200000000B0707756E6B6E6F776E110D06636F656467650CFFFFFFFF04FFFFFFFF0CFFFFFFFF0C250000000C1F0000000CFFFFFFFF0C210000000B0C2900000004000000000CFFFFFFFF110E07656C6C697073650D0563757276650CFFFFFFFF04FFFFFFFF0CFFFF
310
FFFF139E12C605569413C02756FC95847AFA3F00000000000000001400000000000000000000000000000000000000000000F03F1415FDA19927D7C3BF0000000000000000000000000000000006000000000000F03F0B0B110D04656467650CFFFFFFFF04FFFFFFFF0CFFFFFFFF0C0E0000000600000000000000000C1000
310
000006182D4454FB21F93F0C250000000C230000000B0707756E6B6E6F776E110D06636F656467650CFFFFFFFF04FFFFFFFF0CFFFFFFFF0C280000000C220000000CFFFFFFFF0C240000000B0C2900000004000000000CFFFFFFFF110E0873747261696768740D0563757276650CFFFFFFFF04FFFFFFFF0CFFFFFFFF139E12
310
C605569413C08416C8A29FFFF73F00000000000000001452109777303DF63F000000000000000000000000000000000B0B110D04656467650CFFFFFFFF04FFFFFFFF0CFFFFFFFF0C100000000600000000000000000C0200000006000000000000F03F0C280000000C260000000B0707756E6B6E6F776E110D06636F656467
310
650CFFFFFFFF04FFFFFFFF0CFFFFFFFF0C130000000C250000000CFFFFFFFF0C270000000B0C2900000004000000000CFFFFFFFF110D046C6F6F700CFFFFFFFF04FFFFFFFF0CFFFFFFFF0CFFFFFFFF0C130000000C2B000000110E05706C616E650D07737572666163650CFFFFFFFF04FFFFFFFF0CFFFFFFFF139430D3F6AF
310
CC10C07DCA3159DCFF014000000000000000001400000000000000800000000000000000000000000000F03F14000000000000F03F000000000000000000000000000000000B0B0B0B0B110D04666163650CFFFFFFFF04FFFFFFFF0CFFFFFFFF0CFFFFFFFF0C290000000C2C0000000CFFFFFFFF0C2A0000000B0A0B110D05
310
7368656C6C0CFFFFFFFF04FFFFFFFF0CFFFFFFFF0CFFFFFFFF0CFFFFFFFF0C2B0000000CFFFFFFFF0C2D000000110D046C756D700CFFFFFFFF04FFFFFFFF0CFFFFFFFF0CFFFFFFFF0C2C0000000C00000000110E03456E640E026F660E0341534D0D0464617461
  0
ACDSRECORD
 90
        1
  2
AcDbDs::ID
280
    10
320
34E
  2
ASM_Data
280
    15
 94
     3024
310
414349532042696E61727946696C652855000000000000010000000C00000007214F70656E2044657369676E20416C6C69616E63652041434953204275696C646572070E41434953203231382E3030204E540718546875204A756E2032372031363A32383A3231203230323406000000000000F03F0648AFBC9AF2D77A3E06
310
BBBDD7D9DF7CDB3D0D04626F64790CFFFFFFFF04FFFFFFFF0CFFFFFFFF0C2D0000000CFFFFFFFF0CFFFFFFFF110D05706F696E740CFFFFFFFF04FFFFFFFF0CFFFFFFFF139E12C605569413408416C8A29FFFF73F0000000000000000110D067665727465780CFFFFFFFF04FFFFFFFF0CFFFFFFFF0C2700000004020000000C
310
01000000110D05706F696E740CFFFFFFFF04FFFFFFFF0CFFFFFFFF13872293420F3314402756FC95847AFA3F0000000000000000110D067665727465780CFFFFFFFF04FFFFFFFF0CFFFFFFFF0C1500000004020000000C03000000110D05706F696E740CFFFFFFFF04FFFFFFFF0CFFFFFFFF13872293420F331440E6696567
310
76C206400000000000000000110D067665727465780CFFFFFFFF04FFFFFFFF0CFFFFFFFF0C1800000004020000000C05000000110D05706F696E740CFFFFFFFF04FFFFFFFF0CFFFFFFFF139E12C60556941340B789FFE0E8FF07400000000000000000110D067665727465780CFFFFFFFF04FFFFFFFF0CFFFFFFFF0C1B0000
310
0004020000000C07000000110D05706F696E740CFFFFFFFF04FFFFFFFF0CFFFFFFFF13139DC0CF130A0C40B789FFE0E8FF07400000000000000000110D067665727465780CFFFFFFFF04FFFFFFFF0CFFFFFFFF0C1E00000004020000000C09000000110D05706F696E740CFFFFFFFF04FFFFFFFF0CFFFFFFFF13427D2656A1
310
CC0A40E669656776C206400000000000000000110D067665727465780CFFFFFFFF04FFFFFFFF0CFFFFFFFF0C2100000004020000000C0B000000110D05706F696E740CFFFFFFFF04FFFFFFFF0CFFFFFFFF13427D2656A1CC0A402756FC95847AFA3F0000000000000000110D067665727465780CFFFFFFFF04FFFFFFFF0CFF
310
FFFFFF0C2400000004020000000C0D000000110D05706F696E740CFFFFFFFF04FFFFFFFF0CFFFFFFFF13139DC0CF130A0C408416C8A29FFFF73F0000000000000000110D067665727465780CFFFFFFFF04FFFFFFFF0CFFFFFFFF0C2700000004020000000C0F000000110E07656C6C697073650D0563757276650CFFFFFFFF
310
04FFFFFFFF0CFFFFFFFF139E12C605569413402756FC95847AFA3F00000000000000001400000000000000000000000000000000000000000000F03F14000000000000000015FDA19927D7C3BF000000000000000006000000000000F03F0B0B110D04656467650CFFFFFFFF04FFFFFFFF0CFFFFFFFF0C0200000006000000
310
00000000000C0400000006182D4454FB21F93F0C130000000C110000000B0707756E6B6E6F776E110D06636F656467650CFFFFFFFF04FFFFFFFF0CFFFFFFFF0C160000000C280000000CFFFFFFFF0C120000000B0C2900000004000000000CFFFFFFFF110E0873747261696768740D0563757276650CFFFFFFFF04FFFFFFFF
310
0CFFFFFFFF13872293420F3314402756FC95847AFA3F0000000000000000140000000000000000A57DCE38680AF33F00000000000000000B0B110D04656467650CFFFFFFFF04FFFFFFFF0CFFFFFFFF0C040000000600000000000000000C0600000006000000000000F03F0C160000000C140000000B0707756E6B6E6F776E
310
110D06636F656467650CFFFFFFFF04FFFFFFFF0CFFFFFFFF0C190000000C130000000CFFFFFFFF0C150000000B0C2900000004000000000CFFFFFFFF110E07656C6C697073650D0563757276650CFFFFFFFF04FFFFFFFF0CFFFFFFFF139E12C60556941340E669656776C20640000000000000000014000000000000000000
310
00000000000000000000000000F03F1415FDA19927D7C33F0000000000000000000000000000000006000000000000F03F0B0B110D04656467650CFFFFFFFF04FFFFFFFF0CFFFFFFFF0C060000000600000000000000000C0800000006182D4454FB21F93F0C190000000C170000000B0707756E6B6E6F776E110D06636F65
310
6467650CFFFFFFFF04FFFFFFFF0CFFFFFFFF0C1C0000000C160000000CFFFFFFFF0C180000000B0C2900000004000000000CFFFFFFFF110E0873747261696768740D0563757276650CFFFFFFFF04FFFFFFFF0CFFFFFFFF139E12C60556941340B789FFE0E8FF074000000000000000001452109777303DF6BF000000000000
310
000000000000000000000B0B110D04656467650CFFFFFFFF04FFFFFFFF0CFFFFFFFF0C080000000600000000000000000C0A00000006000000000000F03F0C1C0000000C1A0000000B0707756E6B6E6F776E110D06636F656467650CFFFFFFFF04FFFFFFFF0CFFFFFFFF0C1F0000000C190000000CFFFFFFFF0C1B0000000B
310
0C2900000004000000000CFFFFFFFF110E07656C6C697073650D0563757276650CFFFFFFFF04FFFFFFFF0CFFFFFFFF13139DC0CF130A0C40E669656776C2064000000000000000001400000000000000000000000000000080000000000000F03F14000000000000000015FDA19927D7C33F00000000000000000600000000
310
0000F03F0B0B110D04656467650CFFFFFFFF04FFFFFFFF0CFFFFFFFF0C0A0000000600000000000000000C0C00000006182D4454FB21F93F0C1F0000000C1D0000000B0707756E6B6E6F776E110D06636F656467650CFFFFFFFF04FFFFFFFF0CFFFFFFFF0C220000000C1C0000000CFFFFFFFF0C1E0000000B0C2900000004
310
000000000CFFFFFFFF110E0873747261696768740D0563757276650CFFFFFFFF04FFFFFFFF0CFFFFFFFF13427D2656A1CC0A40E669656776C206400000000000000000140000000000000000A57DCE38680AF3BF00000000000000000B0B110D04656467650CFFFFFFFF04FFFFFFFF0CFFFFFFFF0C0C000000060000000000
310
0000000C0E00000006000000000000F03F0C220000000C200000000B0707756E6B6E6F776E110D06636F656467650CFFFFFFFF04FFFFFFFF0CFFFFFFFF0C250000000C1F0000000CFFFFFFFF0C210000000B0C2900000004000000000CFFFFFFFF110E07656C6C697073650D0563757276650CFFFFFFFF04FFFFFFFF0CFFFF
310
FFFF13139DC0CF130A0C402756FC95847AFA3F00000000000000001400000000000000000000000000000000000000000000F03F1415FDA19927D7C3BF0000000000000000000000000000000006000000000000F03F0B0B110D04656467650CFFFFFFFF04FFFFFFFF0CFFFFFFFF0C0E0000000600000000000000000C1000
310
000006182D4454FB21F93F0C250000000C230000000B0707756E6B6E6F776E110D06636F656467650CFFFFFFFF04FFFFFFFF0CFFFFFFFF0C280000000C220000000CFFFFFFFF0C240000000B0C2900000004000000000CFFFFFFFF110E0873747261696768740D0563757276650CFFFFFFFF04FFFFFFFF0CFFFFFFFF13139D
310
C0CF130A0C408416C8A29FFFF73F00000000000000001452109777303DF63F000000000000000000000000000000000B0B110D04656467650CFFFFFFFF04FFFFFFFF0CFFFFFFFF0C100000000600000000000000000C0200000006000000000000F03F0C280000000C260000000B0707756E6B6E6F776E110D06636F656467
310
650CFFFFFFFF04FFFFFFFF0CFFFFFFFF0C130000000C250000000CFFFFFFFF0C270000000B0C2900000004000000000CFFFFFFFF110D046C6F6F700CFFFFFFFF04FFFFFFFF0CFFFFFFFF0CFFFFFFFF0C130000000C2B000000110E05706C616E650D07737572666163650CFFFFFFFF04FFFFFFFF0CFFFFFFFF139430D3F6AF
310
CC10407DCA3159DCFF014000000000000000001400000000000000800000000000000000000000000000F03F14000000000000F0BF000000000000000000000000000000800B0B0B0B0B110D04666163650CFFFFFFFF04FFFFFFFF0CFFFFFFFF0CFFFFFFFF0C290000000C2C0000000CFFFFFFFF0C2A0000000B0A0B110D05
310
7368656C6C0CFFFFFFFF04FFFFFFFF0CFFFFFFFF0CFFFFFFFF0CFFFFFFFF0C2B0000000CFFFFFFFF0C2D000000110D046C756D700CFFFFFFFF04FFFFFFFF0CFFFFFFFF0CFFFFFFFF0C2C0000000C00000000110E03456E640E026F660E0341534D0D0464617461
  0
ACDSRECORD
 90
        1
  2
AcDbDs::ID
280
    10
320
350
  2
ASM_Data
280
    15
 94
     3024
310
414349532042696E61727946696C652855000000000000010000000C00000007214F70656E2044657369676E20416C6C69616E63652041434953204275696C646572070E41434953203231382E3030204E540718546875204A756E2032372031363A32383A3231203230323406000000000000F03F0648AFBC9AF2D77A3E06
310
BBBDD7D9DF7CDB3D0D04626F64790CFFFFFFFF04FFFFFFFF0CFFFFFFFF0C2D0000000CFFFFFFFF0CFFFFFFFF110D05706F696E740CFFFFFFFF04FFFFFFFF0CFFFFFFFF13139DC0CF130A0CC0B789FFE0E8FF07C00000000000000000110D067665727465780CFFFFFFFF04FFFFFFFF0CFFFFFFFF0C2700000004020000000C
310
01000000110D05706F696E740CFFFFFFFF04FFFFFFFF0CFFFFFFFF13427D2656A1CC0AC0E669656776C206C00000000000000000110D067665727465780CFFFFFFFF04FFFFFFFF0CFFFFFFFF0C1500000004020000000C03000000110D05706F696E740CFFFFFFFF04FFFFFFFF0CFFFFFFFF13427D2656A1CC0AC02756FC95
310
847AFABF0000000000000000110D067665727465780CFFFFFFFF04FFFFFFFF0CFFFFFFFF0C1800000004020000000C05000000110D05706F696E740CFFFFFFFF04FFFFFFFF0CFFFFFFFF13139DC0CF130A0CC08416C8A29FFFF7BF0000000000000000110D067665727465780CFFFFFFFF04FFFFFFFF0CFFFFFFFF0C1B0000
310
0004020000000C07000000110D05706F696E740CFFFFFFFF04FFFFFFFF0CFFFFFFFF139E12C605569413C08416C8A29FFFF7BF0000000000000000110D067665727465780CFFFFFFFF04FFFFFFFF0CFFFFFFFF0C1E00000004020000000C09000000110D05706F696E740CFFFFFFFF04FFFFFFFF0CFFFFFFFF13872293420F
310
3314C02756FC95847AFABF0000000000000000110D067665727465780CFFFFFFFF04FFFFFFFF0CFFFFFFFF0C2100000004020000000C0B000000110D05706F696E740CFFFFFFFF04FFFFFFFF0CFFFFFFFF13872293420F3314C0E669656776C206C00000000000000000110D067665727465780CFFFFFFFF04FFFFFFFF0CFF
310
FFFFFF0C2400000004020000000C0D000000110D05706F696E740CFFFFFFFF04FFFFFFFF0CFFFFFFFF139E12C605569413C0B789FFE0E8FF07C00000000000000000110D067665727465780CFFFFFFFF04FFFFFFFF0CFFFFFFFF0C2700000004020000000C0F000000110E07656C6C697073650D0563757276650CFFFFFFFF
310
04FFFFFFFF0CFFFFFFFF13139DC0CF130A0CC0E669656776C206C000000000000000001400000000000000000000000000000000000000000000F03F14000000000000000015FDA19927D7C3BF000000000000000006000000000000F03F0B0B110D04656467650CFFFFFFFF04FFFFFFFF0CFFFFFFFF0C0200000006000000
310
00000000000C0400000006182D4454FB21F93F0C130000000C110000000B0707756E6B6E6F776E110D06636F656467650CFFFFFFFF04FFFFFFFF0CFFFFFFFF0C160000000C280000000CFFFFFFFF0C120000000B0C2900000004000000000CFFFFFFFF110E0873747261696768740D0563757276650CFFFFFFFF04FFFFFFFF
310
0CFFFFFFFF13427D2656A1CC0AC0E669656776C206C00000000000000000140000000000000000A57DCE38680AF33F00000000000000000B0B110D04656467650CFFFFFFFF04FFFFFFFF0CFFFFFFFF0C040000000600000000000000000C0600000006000000000000F03F0C160000000C140000000B0707756E6B6E6F776E
310
110D06636F656467650CFFFFFFFF04FFFFFFFF0CFFFFFFFF0C190000000C130000000CFFFFFFFF0C150000000B0C2900000004000000000CFFFFFFFF110E07656C6C697073650D0563757276650CFFFFFFFF04FFFFFFFF0CFFFFFFFF13139DC0CF130A0CC02756FC95847AFABF000000000000000014000000000000000000
310
00000000000000000000000000F03F1415FDA19927D7C33F0000000000000000000000000000000006000000000000F03F0B0B110D04656467650CFFFFFFFF04FFFFFFFF0CFFFFFFFF0C060000000600000000000000000C0800000006182D4454FB21F93F0C190000000C170000000B0707756E6B6E6F776E110D06636F65
310
6467650CFFFFFFFF04FFFFFFFF0CFFFFFFFF0C1C0000000C160000000CFFFFFFFF0C180000000B0C2900000004000000000CFFFFFFFF110E0873747261696768740D0563757276650CFFFFFFFF04FFFFFFFF0CFFFFFFFF13139DC0CF130A0CC08416C8A29FFFF7BF00000000000000001452109777303DF6BF000000000000
310
000000000000000000000B0B110D04656467650CFFFFFFFF04FFFFFFFF0CFFFFFFFF0C080000000600000000000000000C0A00000006000000000000F03F0C1C0000000C1A0000000B0707756E6B6E6F776E110D06636F656467650CFFFFFFFF04FFFFFFFF0CFFFFFFFF0C1F0000000C190000000CFFFFFFFF0C1B0000000B
310
0C2900000004000000000CFFFFFFFF110E07656C6C697073650D0563757276650CFFFFFFFF04FFFFFFFF0CFFFFFFFF139E12C605569413C02756FC95847AFABF00000000000000001400000000000000000000000000000080000000000000F03F14000000000000000015FDA19927D7C33F00000000000000000600000000
310
0000F03F0B0B110D04656467650CFFFFFFFF04FFFFFFFF0CFFFFFFFF0C0A0000000600000000000000000C0C00000006182D4454FB21F93F0C1F0000000C1D0000000B0707756E6B6E6F776E110D06636F656467650CFFFFFFFF04FFFFFFFF0CFFFFFFFF0C220000000C1C0000000CFFFFFFFF0C1E0000000B0C2900000004
310
000000000CFFFFFFFF110E0873747261696768740D0563757276650CFFFFFFFF04FFFFFFFF0CFFFFFFFF13872293420F3314C02756FC95847AFABF0000000000000000140000000000000000A57DCE38680AF3BF00000000000000000B0B110D04656467650CFFFFFFFF04FFFFFFFF0CFFFFFFFF0C0C000000060000000000
310
0000000C0E00000006000000000000F03F0C220000000C200000000B0707756E6B6E6F776E110D06636F656467650CFFFFFFFF04FFFFFFFF0CFFFFFFFF0C250000000C1F0000000CFFFFFFFF0C210000000B0C2900000004000000000CFFFFFFFF110E07656C6C697073650D0563757276650CFFFFFFFF04FFFFFFFF0CFFFF
310
FFFF139E12C605569413C0E669656776C206C000000000000000001400000000000000000000000000000000000000000000F03F1415FDA19927D7C3BF0000000000000000000000000000000006000000000000F03F0B0B110D04656467650CFFFFFFFF04FFFFFFFF0CFFFFFFFF0C0E0000000600000000000000000C1000
310
000006182D4454FB21F93F0C250000000C230000000B0707756E6B6E6F776E110D06636F656467650CFFFFFFFF04FFFFFFFF0CFFFFFFFF0C280000000C220000000CFFFFFFFF0C240000000B0C2900000004000000000CFFFFFFFF110E0873747261696768740D0563757276650CFFFFFFFF04FFFFFFFF0CFFFFFFFF139E12
310
C605569413C0B789FFE0E8FF07C000000000000000001452109777303DF63F000000000000000000000000000000000B0B110D04656467650CFFFFFFFF04FFFFFFFF0CFFFFFFFF0C100000000600000000000000000C0200000006000000000000F03F0C280000000C260000000B0707756E6B6E6F776E110D06636F656467
310
650CFFFFFFFF04FFFFFFFF0CFFFFFFFF0C130000000C250000000CFFFFFFFF0C270000000B0C2900000004000000000CFFFFFFFF110D046C6F6F700CFFFFFFFF04FFFFFFFF0CFFFFFFFF0CFFFFFFFF0C130000000C2B000000110E05706C616E650D07737572666163650CFFFFFFFF04FFFFFFFF0CFFFFFFFF139430D3F6AF
310
CC10C07DCA3159DCFF01C000000000000000001400000000000000800000000000000000000000000000F03F14000000000000F03F000000000000000000000000000000000B0B0B0B0B110D04666163650CFFFFFFFF04FFFFFFFF0CFFFFFFFF0CFFFFFFFF0C290000000C2C0000000CFFFFFFFF0C2A0000000B0A0B110D05
310
7368656C6C0CFFFFFFFF04FFFFFFFF0CFFFFFFFF0CFFFFFFFF0CFFFFFFFF0C2B0000000CFFFFFFFF0C2D000000110D046C756D700CFFFFFFFF04FFFFFFFF0CFFFFFFFF0CFFFFFFFF0C2C0000000C00000000110E03456E640E026F660E0341534D0D0464617461
  0
ACDSRECORD
 90
        1
  2
AcDbDs::ID
280
    10
320
352
  2
ASM_Data
280
    15
 94
     3024
310
414349532042696E61727946696C652855000000000000010000000C00000007214F70656E2044657369676E20416C6C69616E63652041434953204275696C646572070E41434953203231382E3030204E540718546875204A756E2032372031363A32383A3231203230323406000000000000F03F0648AFBC9AF2D77A3E06
310
BBBDD7D9DF7CDB3D0D04626F64790CFFFFFFFF04FFFFFFFF0CFFFFFFFF0C2D0000000CFFFFFFFF0CFFFFFFFF110D05706F696E740CFFFFFFFF04FFFFFFFF0CFFFFFFFF139E12C60556941340B789FFE0E8FF07C00000000000000000110D067665727465780CFFFFFFFF04FFFFFFFF0CFFFFFFFF0C2700000004020000000C
310
01000000110D05706F696E740CFFFFFFFF04FFFFFFFF0CFFFFFFFF13872293420F331440E669656776C206C00000000000000000110D067665727465780CFFFFFFFF04FFFFFFFF0CFFFFFFFF0C1500000004020000000C03000000110D05706F696E740CFFFFFFFF04FFFFFFFF0CFFFFFFFF13872293420F3314402756FC95
310
847AFABF0000000000000000110D067665727465780CFFFFFFFF04FFFFFFFF0CFFFFFFFF0C1800000004020000000C05000000110D05706F696E740CFFFFFFFF04FFFFFFFF0CFFFFFFFF139E12C605569413408416C8A29FFFF7BF0000000000000000110D067665727465780CFFFFFFFF04FFFFFFFF0CFFFFFFFF0C1B0000
310
0004020000000C07000000110D05706F696E740CFFFFFFFF04FFFFFFFF0CFFFFFFFF13139DC0CF130A0C408416C8A29FFFF7BF0000000000000000110D067665727465780CFFFFFFFF04FFFFFFFF0CFFFFFFFF0C1E00000004020000000C09000000110D05706F696E740CFFFFFFFF04FFFFFFFF0CFFFFFFFF13427D2656A1
310
CC0A402756FC95847AFABF0000000000000000110D067665727465780CFFFFFFFF04FFFFFFFF0CFFFFFFFF0C2100000004020000000C0B000000110D05706F696E740CFFFFFFFF04FFFFFFFF0CFFFFFFFF13427D2656A1CC0A40E669656776C206C00000000000000000110D067665727465780CFFFFFFFF04FFFFFFFF0CFF
310
FFFFFF0C2400000004020000000C0D000000110D05706F696E740CFFFFFFFF04FFFFFFFF0CFFFFFFFF13139DC0CF130A0C40B789FFE0E8FF07C00000000000000000110D067665727465780CFFFFFFFF04FFFFFFFF0CFFFFFFFF0C2700000004020000000C0F000000110E07656C6C697073650D0563757276650CFFFFFFFF
310
04FFFFFFFF0CFFFFFFFF139E12C60556941340E669656776C206C000000000000000001400000000000000000000000000000000000000000000F03F14000000000000000015FDA19927D7C3BF000000000000000006000000000000F03F0B0B110D04656467650CFFFFFFFF04FFFFFFFF0CFFFFFFFF0C0200000006000000
310
00000000000C0400000006182D4454FB21F93F0C130000000C110000000B0707756E6B6E6F776E110D06636F656467650CFFFFFFFF04FFFFFFFF0CFFFFFFFF0C160000000C280000000CFFFFFFFF0C120000000B0C2900000004000000000CFFFFFFFF110E0873747261696768740D0563757276650CFFFFFFFF04FFFFFFFF
310
0CFFFFFFFF13872293420F331440E669656776C206C00000000000000000140000000000000000A57DCE38680AF33F00000000000000000B0B110D04656467650CFFFFFFFF04FFFFFFFF0CFFFFFFFF0C040000000600000000000000000C0600000006000000000000F03F0C160000000C140000000B0707756E6B6E6F776E
310
110D06636F656467650CFFFFFFFF04FFFFFFFF0CFFFFFFFF0C190000000C130000000CFFFFFFFF0C150000000B0C2900000004000000000CFFFFFFFF110E07656C6C697073650D0563757276650CFFFFFFFF04FFFFFFFF0CFFFFFFFF139E12C605569413402756FC95847AFABF000000000000000014000000000000000000
310
00000000000000000000000000F03F1415FDA19927D7C33F0000000000000000000000000000000006000000000000F03F0B0B110D04656467650CFFFFFFFF04FFFFFFFF0CFFFFFFFF0C060000000600000000000000000C0800000006182D4454FB21F93F0C190000000C170000000B0707756E6B6E6F776E110D06636F65
310
6467650CFFFFFFFF04FFFFFFFF0CFFFFFFFF0C1C0000000C160000000CFFFFFFFF0C180000000B0C2900000004000000000CFFFFFFFF110E0873747261696768740D0563757276650CFFFFFFFF04FFFFFFFF0CFFFFFFFF139E12C605569413408416C8A29FFFF7BF00000000000000001452109777303DF6BF000000000000
310
000000000000000000000B0B110D04656467650CFFFFFFFF04FFFFFFFF0CFFFFFFFF0C080000000600000000000000000C0A00000006000000000000F03F0C1C0000000C1A0000000B0707756E6B6E6F776E110D06636F656467650CFFFFFFFF04FFFFFFFF0CFFFFFFFF0C1F0000000C190000000CFFFFFFFF0C1B0000000B
310
0C2900000004000000000CFFFFFFFF110E07656C6C697073650D0563757276650CFFFFFFFF04FFFFFFFF0CFFFFFFFF13139DC0CF130A0C402756FC95847AFABF00000000000000001400000000000000000000000000000080000000000000F03F14000000000000000015FDA19927D7C33F00000000000000000600000000
310
0000F03F0B0B110D04656467650CFFFFFFFF04FFFFFFFF0CFFFFFFFF0C0A0000000600000000000000000C0C00000006182D4454FB21F93F0C1F0000000C1D0000000B0707756E6B6E6F776E110D06636F656467650CFFFFFFFF04FFFFFFFF0CFFFFFFFF0C220000000C1C0000000CFFFFFFFF0C1E0000000B0C2900000004
310
000000000CFFFFFFFF110E0873747261696768740D0563757276650CFFFFFFFF04FFFFFFFF0CFFFFFFFF13427D2656A1CC0A402756FC95847AFABF0000000000000000140000000000000000A57DCE38680AF3BF00000000000000000B0B110D04656467650CFFFFFFFF04FFFFFFFF0CFFFFFFFF0C0C000000060000000000
310
0000000C0E00000006000000000000F03F0C220000000C200000000B0707756E6B6E6F776E110D06636F656467650CFFFFFFFF04FFFFFFFF0CFFFFFFFF0C250000000C1F0000000CFFFFFFFF0C210000000B0C2900000004000000000CFFFFFFFF110E07656C6C697073650D0563757276650CFFFFFFFF04FFFFFFFF0CFFFF
310
FFFF13139DC0CF130A0C40E669656776C206C000000000000000001400000000000000000000000000000000000000000000F03F1415FDA19927D7C3BF0000000000000000000000000000000006000000000000F03F0B0B110D04656467650CFFFFFFFF04FFFFFFFF0CFFFFFFFF0C0E0000000600000000000000000C1000
310
000006182D4454FB21F93F0C250000000C230000000B0707756E6B6E6F776E110D06636F656467650CFFFFFFFF04FFFFFFFF0CFFFFFFFF0C280000000C220000000CFFFFFFFF0C240000000B0C2900000004000000000CFFFFFFFF110E0873747261696768740D0563757276650CFFFFFFFF04FFFFFFFF0CFFFFFFFF13139D
310
C0CF130A0C40B789FFE0E8FF07C000000000000000001452109777303DF63F000000000000000000000000000000000B0B110D04656467650CFFFFFFFF04FFFFFFFF0CFFFFFFFF0C100000000600000000000000000C0200000006000000000000F03F0C280000000C260000000B0707756E6B6E6F776E110D06636F656467
310
650CFFFFFFFF04FFFFFFFF0CFFFFFFFF0C130000000C250000000CFFFFFFFF0C270000000B0C2900000004000000000CFFFFFFFF110D046C6F6F700CFFFFFFFF04FFFFFFFF0CFFFFFFFF0CFFFFFFFF0C130000000C2B000000110E05706C616E650D07737572666163650CFFFFFFFF04FFFFFFFF0CFFFFFFFF139430D3F6AF
310
CC10407DCA3159DCFF01C000000000000000001400000000000000800000000000000000000000000000F03F14000000000000F0BF000000000000000000000000000000800B0B0B0B0B110D04666163650CFFFFFFFF04FFFFFFFF0CFFFFFFFF0CFFFFFFFF0C290000000C2C0000000CFFFFFFFF0C2A0000000B0A0B110D05
310
7368656C6C0CFFFFFFFF04FFFFFFFF0CFFFFFFFF0CFFFFFFFF0CFFFFFFFF0C2B0000000CFFFFFFFF0C2D000000110D046C756D700CFFFFFFFF04FFFFFFFF0CFFFFFFFF0CFFFFFFFF0C2C0000000C00000000110E03456E640E026F660E0341534D0D0464617461
  0
ACDSRECORD
 90
        1
  2
AcDbDs::ID
280
    10
320
356
  2
ASM_Data
280
    15
 94
     3024
310
414349532042696E61727946696C652855000000000000010000000C00000007214F70656E2044657369676E20416C6C69616E63652041434953204275696C646572070E41434953203231382E3030204E540718546875204A756E2032372031363A32383A3231203230323406000000000000F03F0648AFBC9AF2D77A3E06
310
BBBDD7D9DF7CDB3D0D04626F64790CFFFFFFFF04FFFFFFFF0CFFFFFFFF0C2D0000000CFFFFFFFF0CFFFFFFFF110D05706F696E740CFFFFFFFF04FFFFFFFF0CFFFFFFFF1387857BE1A5C6D53FB8FB03828CC2D53F0000000000000000110D067665727465780CFFFFFFFF04FFFFFFFF0CFFFFFFFF0C2700000004020000000C
310
01000000110D05706F696E740CFFFFFFFF04FFFFFFFF0CFFFFFFFF13E75642563B33C33F4A435397082BC33F0000000000000000110D067665727465780CFFFFFFFF04FFFFFFFF0CFFFFFFFF0C1500000004020000000C03000000110D05706F696E740CFFFFFFFF04FFFFFFFF0CFFFFFFFF13E75642563B33C33F48435397
310
082BC3BF0000000000000000110D067665727465780CFFFFFFFF04FFFFFFFF0CFFFFFFFF0C1800000004020000000C05000000110D05706F696E740CFFFFFFFF04FFFFFFFF0CFFFFFFFF1386857BE1A5C6D53FB8FB03828CC2D5BF0000000000000000110D067665727465780CFFFFFFFF04FFFFFFFF0CFFFFFFFF0C1B0000
310
0004020000000C07000000110D05706F696E740CFFFFFFFF04FFFFFFFF0CFFFFFFFF13C69141CD1483E33FB8FB03828CC2D5BF0000000000000000110D067665727465780CFFFFFFFF04FFFFFFFF0CFFFFFFFF0C1E00000004020000000C09000000110D05706F696E740CFFFFFFFF04FFFFFFFF0CFFFFFFFF13D0BE6EE898
310
99E93F49435397082BC3BF0000000000000000110D067665727465780CFFFFFFFF04FFFFFFFF0CFFFFFFFF0C2100000004020000000C0B000000110D05706F696E740CFFFFFFFF04FFFFFFFF0CFFFFFFFF13D0BE6EE89899E93F49435397082BC33F0000000000000000110D067665727465780CFFFFFFFF04FFFFFFFF0CFF
310
FFFFFF0C2400000004020000000C0D000000110D05706F696E740CFFFFFFFF04FFFFFFFF0CFFFFFFFF13C69141CD1483E33FB8FB03828CC2D53F0000000000000000110D067665727465780CFFFFFFFF04FFFFFFFF0CFFFFFFFF0C2700000004020000000C0F000000110E07656C6C697073650D0563757276650CFFFFFFFF
310
04FFFFFFFF0CFFFFFFFF1387857BE1A5C6D53F49435397082BC33F00000000000000001400000000000000000000000000000080000000000000F03F14000000000000000027B4B46C105AC83F000000000000000006000000000000F03F0B0B110D04656467650CFFFFFFFF04FFFFFFFF0CFFFFFFFF0C0200000006000000
310
00000000000C0400000006182D4454FB21F93F0C130000000C110000000B0707756E6B6E6F776E110D06636F656467650CFFFFFFFF04FFFFFFFF0CFFFFFFFF0C160000000C280000000CFFFFFFFF0C120000000B0C2900000004000000000CFFFFFFFF110E0873747261696768740D0563757276650CFFFFFFFF04FFFFFFFF
310
0CFFFFFFFF13E75642563B33C33F4A435397082BC33F000000000000000014000000000000000049435397082BD3BF00000000000000000B0B110D04656467650CFFFFFFFF04FFFFFFFF0CFFFFFFFF0C040000000600000000000000000C0600000006000000000000F03F0C160000000C140000000B0707756E6B6E6F776E
310
110D06636F656467650CFFFFFFFF04FFFFFFFF0CFFFFFFFF0C190000000C130000000CFFFFFFFF0C150000000B0C2900000004000000000CFFFFFFFF110E07656C6C697073650D0563757276650CFFFFFFFF04FFFFFFFF0CFFFFFFFF1387857BE1A5C6D53F49435397082BC3BF000000000000000014000000000000000000
310
00000000000000000000000000F03F1427B4B46C105AC8BF000000000000803C000000000000000006000000000000F03F0B0B110D04656467650CFFFFFFFF04FFFFFFFF0CFFFFFFFF0C060000000600000000000000000C0800000006182D4454FB21F93F0C190000000C170000000B0707756E6B6E6F776E110D06636F65
310
6467650CFFFFFFFF04FFFFFFFF0CFFFFFFFF0C1C0000000C160000000CFFFFFFFF0C180000000B0C2900000004000000000CFFFFFFFF110E0873747261696768740D0563757276650CFFFFFFFF04FFFFFFFF0CFFFFFFFF1386857BE1A5C6D53FB8FB03828CC2D5BF000000000000000014069E07B9833FD13F000000000000
310
000000000000000000000B0B110D04656467650CFFFFFFFF04FFFFFFFF0CFFFFFFFF0C080000000600000000000000000C0A00000006000000000000F03F0C1C0000000C1A0000000B0707756E6B6E6F776E110D06636F656467650CFFFFFFFF04FFFFFFFF0CFFFFFFFF0C1F0000000C190000000CFFFFFFFF0C1B0000000B
310
0C2900000004000000000CFFFFFFFF110E07656C6C697073650D0563757276650CFFFFFFFF04FFFFFFFF0CFFFFFFFF13C69141CD1483E33F49435397082BC3BF00000000000000001400000000000000000000000000000000000000000000F03F14000000000000000027B4B46C105AC8BF00000000000000000600000000
310
0000F03F0B0B110D04656467650CFFFFFFFF04FFFFFFFF0CFFFFFFFF0C0A0000000600000000000000000C0C00000006182D4454FB21F93F0C1F0000000C1D0000000B0707756E6B6E6F776E110D06636F656467650CFFFFFFFF04FFFFFFFF0CFFFFFFFF0C220000000C1C0000000CFFFFFFFF0C1E0000000B0C2900000004
310
000000000CFFFFFFFF110E0873747261696768740D0563757276650CFFFFFFFF04FFFFFFFF0CFFFFFFFF13D0BE6EE89899E93F49435397082BC3BF000000000000000014000000000000000049435397082BD33F00000000000000000B0B110D04656467650CFFFFFFFF04FFFFFFFF0CFFFFFFFF0C0C000000060000000000
310
0000000C0E00000006000000000000F03F0C220000000C200000000B0707756E6B6E6F776E110D06636F656467650CFFFFFFFF04FFFFFFFF0CFFFFFFFF0C250000000C1F0000000CFFFFFFFF0C210000000B0C2900000004000000000CFFFFFFFF110E07656C6C697073650D0563757276650CFFFFFFFF04FFFFFFFF0CFFFF
310
FFFF13C69141CD1483E33F49435397082BC33F00000000000000001400000000000000000000000000000000000000000000F03F1427B4B46C105AC83F0000000000000000000000000000000006000000000000F03F0B0B110D04656467650CFFFFFFFF04FFFFFFFF0CFFFFFFFF0C0E0000000600000000000000000C1000
310
000006182D4454FB21F93F0C250000000C230000000B0707756E6B6E6F776E110D06636F656467650CFFFFFFFF04FFFFFFFF0CFFFFFFFF0C280000000C220000000CFFFFFFFF0C240000000B0C2900000004000000000CFFFFFFFF110E0873747261696768740D0563757276650CFFFFFFFF04FFFFFFFF0CFFFFFFFF13C691
310
41CD1483E33FB8FB03828CC2D53F000000000000000014059E07B9833FD1BF000000000000000000000000000000000B0B110D04656467650CFFFFFFFF04FFFFFFFF0CFFFFFFFF0C100000000600000000000000000C0200000006000000000000F03F0C280000000C260000000B0707756E6B6E6F776E110D06636F656467
310
650CFFFFFFFF04FFFFFFFF0CFFFFFFFF0C130000000C250000000CFFFFFFFF0C270000000B0C2900000004000000000CFFFFFFFF110D046C6F6F700CFFFFFFFF04FFFFFFFF0CFFFFFFFF0CFFFFFFFF0C130000000C2B000000110E05706C616E650D07737572666163650CFFFFFFFF04FFFFFFFF0CFFFFFFFF1386857BE1A5
310
C6D53F000000000000000000000000000000001400000000000000800000000000000000000000000000F03F14000000000000F0BF000000000000000000000000000000800B0B0B0B0B110D04666163650CFFFFFFFF04FFFFFFFF0CFFFFFFFF0CFFFFFFFF0C290000000C2C0000000CFFFFFFFF0C2A0000000B0A0B110D05
310
7368656C6C0CFFFFFFFF04FFFFFFFF0CFFFFFFFF0CFFFFFFFF0CFFFFFFFF0C2B0000000CFFFFFFFF0C2D000000110D046C756D700CFFFFFFFF04FFFFFFFF0CFFFFFFFF0CFFFFFFFF0C2C0000000C00000000110E03456E640E026F660E0341534D0D0464617461
  0
ACDSRECORD
 90
        1
  2
AcDbDs::ID
280
    10
320
358
  2
ASM_Data
280
    15
 94
     3024
310
414349532042696E61727946696C652855000000000000010000000C00000007214F70656E2044657369676E20416C6C69616E63652041434953204275696C646572070E41434953203231382E3030204E540718546875204A756E2032372031363A32383A3231203230323406000000000000F03F0648AFBC9AF2D77A3E06
310
BBBDD7D9DF7CDB3D0D04626F64790CFFFFFFFF04FFFFFFFF0CFFFFFFFF0C2D0000000CFFFFFFFF0CFFFFFFFF110D05706F696E740CFFFFFFFF04FFFFFFFF0CFFFFFFFF1388857BE1A5C6D5BFB7FB03828CC2D5BF0000000000000000110D067665727465780CFFFFFFFF04FFFFFFFF0CFFFFFFFF0C2700000004020000000C
310
01000000110D05706F696E740CFFFFFFFF04FFFFFFFF0CFFFFFFFF13E75642563B33C3BF48435397082BC3BF0000000000000000110D067665727465780CFFFFFFFF04FFFFFFFF0CFFFFFFFF0C1500000004020000000C03000000110D05706F696E740CFFFFFFFF04FFFFFFFF0CFFFFFFFF13E75642563B33C3BF4A435397
310
082BC33F0000000000000000110D067665727465780CFFFFFFFF04FFFFFFFF0CFFFFFFFF0C1800000004020000000C05000000110D05706F696E740CFFFFFFFF04FFFFFFFF0CFFFFFFFF1387857BE1A5C6D5BFB8FB03828CC2D53F0000000000000000110D067665727465780CFFFFFFFF04FFFFFFFF0CFFFFFFFF0C1B0000
310
0004020000000C07000000110D05706F696E740CFFFFFFFF04FFFFFFFF0CFFFFFFFF13C69141CD1483E3BFB7FB03828CC2D53F0000000000000000110D067665727465780CFFFFFFFF04FFFFFFFF0CFFFFFFFF0C1E00000004020000000C09000000110D05706F696E740CFFFFFFFF04FFFFFFFF0CFFFFFFFF13D0BE6EE898
310
99E9BF49435397082BC33F0000000000000000110D067665727465780CFFFFFFFF04FFFFFFFF0CFFFFFFFF0C2100000004020000000C0B000000110D05706F696E740CFFFFFFFF04FFFFFFFF0CFFFFFFFF13D0BE6EE89899E9BF49435397082BC3BF0000000000000000110D067665727465780CFFFFFFFF04FFFFFFFF0CFF
310
FFFFFF0C2400000004020000000C0D000000110D05706F696E740CFFFFFFFF04FFFFFFFF0CFFFFFFFF13C69141CD1483E3BFB8FB03828CC2D5BF0000000000000000110D067665727465780CFFFFFFFF04FFFFFFFF0CFFFFFFFF0C2700000004020000000C0F000000110E07656C6C697073650D0563757276650CFFFFFFFF
310
04FFFFFFFF0CFFFFFFFF1387857BE1A5C6D5BF48435397082BC3BF00000000000000001400000000000000000000000000000000000000000000F03F1400000000000090BC27B4B46C105AC8BF000000000000000006000000000000F03F0B0B110D04656467650CFFFFFFFF04FFFFFFFF0CFFFFFFFF0C0200000006000000
310
00000000000C0400000006182D4454FB21F93F0C130000000C110000000B0707756E6B6E6F776E110D06636F656467650CFFFFFFFF04FFFFFFFF0CFFFFFFFF0C160000000C280000000CFFFFFFFF0C120000000B0C2900000004000000000CFFFFFFFF110E0873747261696768740D0563757276650CFFFFFFFF04FFFFFFFF
310
0CFFFFFFFF13E75642563B33C3BF48435397082BC3BF000000000000000014000000000000000049435397082BD33F00000000000000000B0B110D04656467650CFFFFFFFF04FFFFFFFF0CFFFFFFFF0C040000000600000000000000000C0600000006000000000000F03F0C160000000C140000000B0707756E6B6E6F776E
310
110D06636F656467650CFFFFFFFF04FFFFFFFF0CFFFFFFFF0C190000000C130000000CFFFFFFFF0C150000000B0C2900000004000000000CFFFFFFFF110E07656C6C697073650D0563757276650CFFFFFFFF04FFFFFFFF0CFFFFFFFF1387857BE1A5C6D5BF4A435397082BC33F000000000000000014000000000000000000
310
00000000000000000000000000F03F1427B4B46C105AC83F0000000000000000000000000000000006000000000000F03F0B0B110D04656467650CFFFFFFFF04FFFFFFFF0CFFFFFFFF0C060000000600000000000000000C0800000006182D4454FB21F93F0C190000000C170000000B0707756E6B6E6F776E110D06636F65
310
6467650CFFFFFFFF04FFFFFFFF0CFFFFFFFF0C1C0000000C160000000CFFFFFFFF0C180000000B0C2900000004000000000CFFFFFFFF110E0873747261696768740D0563757276650CFFFFFFFF04FFFFFFFF0CFFFFFFFF1387857BE1A5C6D5BFB8FB03828CC2D53F000000000000000014059E07B9833FD1BF000000000000
310
000000000000000000000B0B110D04656467650CFFFFFFFF04FFFFFFFF0CFFFFFFFF0C080000000600000000000000000C0A00000006000000000000F03F0C1C0000000C1A0000000B0707756E6B6E6F776E110D06636F656467650CFFFFFFFF04FFFFFFFF0CFFFFFFFF0C1F0000000C190000000CFFFFFFFF0C1B0000000B
310
0C2900000004000000000CFFFFFFFF110E07656C6C697073650D0563757276650CFFFFFFFF04FFFFFFFF0CFFFFFFFF13C69141CD1483E3BF48435397082BC33F00000000000000001400000000000000000000000000000080000000000000F03F14000000000000000027B4B46C105AC83F00000000000000000600000000
310
0000F03F0B0B110D04656467650CFFFFFFFF04FFFFFFFF0CFFFFFFFF0C0A0000000600000000000000000C0C00000006182D4454FB21F93F0C1F0000000C1D0000000B0707756E6B6E6F776E110D06636F656467650CFFFFFFFF04FFFFFFFF0CFFFFFFFF0C220000000C1C0000000CFFFFFFFF0C1E0000000B0C2900000004
310
000000000CFFFFFFFF110E0873747261696768740D0563757276650CFFFFFFFF04FFFFFFFF0CFFFFFFFF13D0BE6EE89899E9BF49435397082BC33F000000000000000014000000000000000049435397082BD3BF00000000000000000B0B110D04656467650CFFFFFFFF04FFFFFFFF0CFFFFFFFF0C0C000000060000000000
310
0000000C0E00000006000000000000F03F0C220000000C200000000B0707756E6B6E6F776E110D06636F656467650CFFFFFFFF04FFFFFFFF0CFFFFFFFF0C250000000C1F0000000CFFFFFFFF0C210000000B0C2900000004000000000CFFFFFFFF110E07656C6C697073650D0563757276650CFFFFFFFF04FFFFFFFF0CFFFF
310
FFFF13C69141CD1483E3BF4A435397082BC3BF00000000000000001400000000000000000000000000000000000000000000F03F1427B4B46C105AC8BF000000000000803C000000000000000006000000000000F03F0B0B110D04656467650CFFFFFFFF04FFFFFFFF0CFFFFFFFF0C0E0000000600000000000000000C1000
310
000006182D4454FB21F93F0C250000000C230000000B0707756E6B6E6F776E110D06636F656467650CFFFFFFFF04FFFFFFFF0CFFFFFFFF0C280000000C220000000CFFFFFFFF0C240000000B0C2900000004000000000CFFFFFFFF110E0873747261696768740D0563757276650CFFFFFFFF04FFFFFFFF0CFFFFFFFF13C691
310
41CD1483E3BFB8FB03828CC2D5BF000000000000000014049E07B9833FD13F000000000000000000000000000000000B0B110D04656467650CFFFFFFFF04FFFFFFFF0CFFFFFFFF0C100000000600000000000000000C0200000006000000000000F03F0C280000000C260000000B0707756E6B6E6F776E110D06636F656467
310
650CFFFFFFFF04FFFFFFFF0CFFFFFFFF0C130000000C250000000CFFFFFFFF0C270000000B0C2900000004000000000CFFFFFFFF110D046C6F6F700CFFFFFFFF04FFFFFFFF0CFFFFFFFF0CFFFFFFFF0C130000000C2B000000110E05706C616E650D07737572666163650CFFFFFFFF04FFFFFFFF0CFFFFFFFF138A54FFBD67
310
66DEBF000000000000000000000000000000001400000000000000800000000000000000000000000000F03F14000000000000F0BF000000000000000000000000000000800B0B0B0B0B110D04666163650CFFFFFFFF04FFFFFFFF0CFFFFFFFF0CFFFFFFFF0C290000000C2C0000000CFFFFFFFF0C2A0000000B0A0B110D05
310
7368656C6C0CFFFFFFFF04FFFFFFFF0CFFFFFFFF0CFFFFFFFF0CFFFFFFFF0C2B0000000CFFFFFFFF0C2D000000110D046C756D700CFFFFFFFF04FFFFFFFF0CFFFFFFFF0CFFFFFFFF0C2C0000000C00000000110E03456E640E026F660E0341534D0D0464617461
  0
ACDSRECORD
 90
        1
  2
AcDbDs::ID
280
    10
320
35C
  2
ASM_Data
280
    15
 94
     3024
310
414349532042696E61727946696C652855000000000000010000000C00000007214F70656E2044657369676E20416C6C69616E63652041434953204275696C646572070E41434953203231382E3030204E540718546875204A756E2032372031363A32383A3231203230323406000000000000F03F0648AFBC9AF2D77A3E06
310
BBBDD7D9DF7CDB3D0D04626F64790CFFFFFFFF04FFFFFFFF0CFFFFFFFF0C2D0000000CFFFFFFFF0CFFFFFFFF110D05706F696E740CFFFFFFFF04FFFFFFFF0CFFFFFFFF13DDC7D98DA170E1BF4A36C3B23E0ADFBF0000000000000000110D067665727465780CFFFFFFFF04FFFFFFFF0CFFFFFFFF0C2700000004020000000C
310
01000000110D05706F696E740CFFFFFFFF04FFFFFFFF0CFFFFFFFF1354471A1EF328D4BFE4ED29B5EE51D0BF0000000000000000110D067665727465780CFFFFFFFF04FFFFFFFF0CFFFFFFFF0C1500000004020000000C03000000110D05706F696E740CFFFFFFFF04FFFFFFFF0CFFFFFFFF1354471A1EF328D4BFE6ED29B5
310
EE51D03F0000000000000000110D067665727465780CFFFFFFFF04FFFFFFFF0CFFFFFFFF0C1800000004020000000C05000000110D05706F696E740CFFFFFFFF04FFFFFFFF0CFFFFFFFF13DDC7D98DA170E1BF4C36C3B23E0ADF3F0000000000000000110D067665727465780CFFFFFFFF04FFFFFFFF0CFFFFFFFF0C1B0000
310
0004020000000C07000000110D05706F696E740CFFFFFFFF04FFFFFFFF0CFFFFFFFF1395984617C4F5ECBF4A36C3B23E0ADF3F0000000000000000110D067665727465780CFFFFFFFF04FFFFFFFF0CFFFFFFFF0C1E00000004020000000C09000000110D05706F696E740CFFFFFFFF04FFFFFFFF0CFFFFFFFF13649E090BF6
310
28F2BFE5ED29B5EE51D03F0000000000000000110D067665727465780CFFFFFFFF04FFFFFFFF0CFFFFFFFF0C2100000004020000000C0B000000110D05706F696E740CFFFFFFFF04FFFFFFFF0CFFFFFFFF13649E090BF628F2BFE5ED29B5EE51D0BF0000000000000000110D067665727465780CFFFFFFFF04FFFFFFFF0CFF
310
FFFFFF0C2400000004020000000C0D000000110D05706F696E740CFFFFFFFF04FFFFFFFF0CFFFFFFFF1395984617C4F5ECBF4C36C3B23E0ADFBF0000000000000000110D067665727465780CFFFFFFFF04FFFFFFFF0CFFFFFFFF0C2700000004020000000C0F000000110E07656C6C697073650D0563757276650CFFFFFFFF
310
04FFFFFFFF0CFFFFFFFF13DDC7D98DA170E1BFE4ED29B5EE51D0BF00000000000000001400000000000000000000000000000000000000000000F03F140000000000000000CB9032FB9F70CDBF000000000000000006000000000000F03F0B0B110D04656467650CFFFFFFFF04FFFFFFFF0CFFFFFFFF0C0200000006000000
310
00000000000C0400000006182D4454FB21F93F0C130000000C110000000B0707756E6B6E6F776E110D06636F656467650CFFFFFFFF04FFFFFFFF0CFFFFFFFF0C160000000C280000000CFFFFFFFF0C120000000B0C2900000004000000000CFFFFFFFF110E0873747261696768740D0563757276650CFFFFFFFF04FFFFFFFF
310
0CFFFFFFFF1354471A1EF328D4BFE4ED29B5EE51D0BF0000000000000000140000000000000000E5ED29B5EE51E03F00000000000000000B0B110D04656467650CFFFFFFFF04FFFFFFFF0CFFFFFFFF0C040000000600000000000000000C0600000006000000000000F03F0C160000000C140000000B0707756E6B6E6F776E
310
110D06636F656467650CFFFFFFFF04FFFFFFFF0CFFFFFFFF0C190000000C130000000CFFFFFFFF0C150000000B0C2900000004000000000CFFFFFFFF110E07656C6C697073650D0563757276650CFFFFFFFF04FFFFFFFF0CFFFFFFFF13DDC7D98DA170E1BFE6ED29B5EE51D03F000000000000000014000000000000000000
310
00000000000000000000000000F03F14CB9032FB9F70CD3F0000000000000000000000000000000006000000000000F03F0B0B110D04656467650CFFFFFFFF04FFFFFFFF0CFFFFFFFF0C060000000600000000000000000C0800000006182D4454FB21F93F0C190000000C170000000B0707756E6B6E6F776E110D06636F65
310
6467650CFFFFFFFF04FFFFFFFF0CFFFFFFFF0C1C0000000C160000000CFFFFFFFF0C180000000B0C2900000004000000000CFFFFFFFF110E0873747261696768740D0563757276650CFFFFFFFF04FFFFFFFF0CFFFFFFFF13DDC7D98DA170E1BF4C36C3B23E0ADF3F00000000000000001470A1D912450AD7BF000000000000
310
A0BC00000000000000000B0B110D04656467650CFFFFFFFF04FFFFFFFF0CFFFFFFFF0C080000000600000000000000000C0A00000006000000000000F03F0C1C0000000C1A0000000B0707756E6B6E6F776E110D06636F656467650CFFFFFFFF04FFFFFFFF0CFFFFFFFF0C1F0000000C190000000CFFFFFFFF0C1B0000000B
310
0C2900000004000000000CFFFFFFFF110E07656C6C697073650D0563757276650CFFFFFFFF04FFFFFFFF0CFFFFFFFF1395984617C4F5ECBFE4ED29B5EE51D03F00000000000000001400000000000000000000000000000080000000000000F03F140000000000000000CB9032FB9F70CD3F00000000000000000600000000
310
0000F03F0B0B110D04656467650CFFFFFFFF04FFFFFFFF0CFFFFFFFF0C0A0000000600000000000000000C0C00000006182D4454FB21F93F0C1F0000000C1D0000000B0707756E6B6E6F776E110D06636F656467650CFFFFFFFF04FFFFFFFF0CFFFFFFFF0C220000000C1C0000000CFFFFFFFF0C1E0000000B0C2900000004
310
000000000CFFFFFFFF110E0873747261696768740D0563757276650CFFFFFFFF04FFFFFFFF0CFFFFFFFF13649E090BF628F2BFE5ED29B5EE51D03F0000000000000000140000000000000000E5ED29B5EE51E0BF00000000000000000B0B110D04656467650CFFFFFFFF04FFFFFFFF0CFFFFFFFF0C0C000000060000000000
310
0000000C0E00000006000000000000F03F0C220000000C200000000B0707756E6B6E6F776E110D06636F656467650CFFFFFFFF04FFFFFFFF0CFFFFFFFF0C250000000C1F0000000CFFFFFFFF0C210000000B0C2900000004000000000CFFFFFFFF110E07656C6C697073650D0563757276650CFFFFFFFF04FFFFFFFF0CFFFF
310
FFFF1395984617C4F5ECBFE6ED29B5EE51D0BF00000000000000001400000000000000000000000000000000000000000000F03F14CB9032FB9F70CDBF000000000000903C000000000000000006000000000000F03F0B0B110D04656467650CFFFFFFFF04FFFFFFFF0CFFFFFFFF0C0E0000000600000000000000000C1000
310
000006182D4454FB21F93F0C250000000C230000000B0707756E6B6E6F776E110D06636F656467650CFFFFFFFF04FFFFFFFF0CFFFFFFFF0C280000000C220000000CFFFFFFFF0C240000000B0C2900000004000000000CFFFFFFFF110E0873747261696768740D0563757276650CFFFFFFFF04FFFFFFFF0CFFFFFFFF139598
310
4617C4F5ECBF4C36C3B23E0ADFBF00000000000000001470A1D912450AD73F000000000000A03C00000000000000000B0B110D04656467650CFFFFFFFF04FFFFFFFF0CFFFFFFFF0C100000000600000000000000000C0200000006000000000000F03F0C280000000C260000000B0707756E6B6E6F776E110D06636F656467
310
650CFFFFFFFF04FFFFFFFF0CFFFFFFFF0C130000000C250000000CFFFFFFFF0C270000000B0C2900000004000000000CFFFFFFFF110D046C6F6F700CFFFFFFFF04FFFFFFFF0CFFFFFFFF0CFFFFFFFF0C130000000C2B000000110E05706C616E650D07737572666163650CFFFFFFFF04FFFFFFFF0CFFFFFFFF133A3090D232
310
33E7BF000000000000000000000000000000001400000000000000800000000000000000000000000000F03F14000000000000F0BF000000000000000000000000000000800B0B0B0B0B110D04666163650CFFFFFFFF04FFFFFFFF0CFFFFFFFF0CFFFFFFFF0C290000000C2C0000000CFFFFFFFF0C2A0000000B0A0B110D05
310
7368656C6C0CFFFFFFFF04FFFFFFFF0CFFFFFFFF0CFFFFFFFF0CFFFFFFFF0C2B0000000CFFFFFFFF0C2D000000110D046C756D700CFFFFFFFF04FFFFFFFF0CFFFFFFFF0CFFFFFFFF0C2C0000000C00000000110E03456E640E026F660E0341534D0D0464617461
  0
ACDSRECORD
 90
        1
  2
AcDbDs::ID
280
    10
320
35E
  2
ASM_Data
280
    15
 94
     3024
310
414349532042696E61727946696C652855000000000000010000000C00000007214F70656E2044657369676E20416C6C69616E63652041434953204275696C646572070E41434953203231382E3030204E540718546875204A756E2032372031363A32383A3231203230323406000000000000F03F0648AFBC9AF2D77A3E06
310
BBBDD7D9DF7CDB3D0D04626F64790CFFFFFFFF04FFFFFFFF0CFFFFFFFF0C2D0000000CFFFFFFFF0CFFFFFFFF110D05706F696E740CFFFFFFFF04FFFFFFFF0CFFFFFFFF13DDC7D98DA170E13F4A36C3B23E0ADF3F0000000000000000110D067665727465780CFFFFFFFF04FFFFFFFF0CFFFFFFFF0C2700000004020000000C
310
01000000110D05706F696E740CFFFFFFFF04FFFFFFFF0CFFFFFFFF1354471A1EF328D43FE6ED29B5EE51D03F0000000000000000110D067665727465780CFFFFFFFF04FFFFFFFF0CFFFFFFFF0C1500000004020000000C03000000110D05706F696E740CFFFFFFFF04FFFFFFFF0CFFFFFFFF1354471A1EF328D43FE4ED29B5
310
EE51D0BF0000000000000000110D067665727465780CFFFFFFFF04FFFFFFFF0CFFFFFFFF0C1800000004020000000C05000000110D05706F696E740CFFFFFFFF04FFFFFFFF0CFFFFFFFF13DDC7D98DA170E13F4A36C3B23E0ADFBF0000000000000000110D067665727465780CFFFFFFFF04FFFFFFFF0CFFFFFFFF0C1B0000
310
0004020000000C07000000110D05706F696E740CFFFFFFFF04FFFFFFFF0CFFFFFFFF1395984617C4F5EC3F4A36C3B23E0ADFBF0000000000000000110D067665727465780CFFFFFFFF04FFFFFFFF0CFFFFFFFF0C1E00000004020000000C09000000110D05706F696E740CFFFFFFFF04FFFFFFFF0CFFFFFFFF13649E090BF6
310
28F23FE5ED29B5EE51D0BF0000000000000000110D067665727465780CFFFFFFFF04FFFFFFFF0CFFFFFFFF0C2100000004020000000C0B000000110D05706F696E740CFFFFFFFF04FFFFFFFF0CFFFFFFFF13649E090BF628F23FE5ED29B5EE51D03F0000000000000000110D067665727465780CFFFFFFFF04FFFFFFFF0CFF
310
FFFFFF0C2400000004020000000C0D000000110D05706F696E740CFFFFFFFF04FFFFFFFF0CFFFFFFFF1395984617C4F5EC3F4A36C3B23E0ADF3F0000000000000000110D067665727465780CFFFFFFFF04FFFFFFFF0CFFFFFFFF0C2700000004020000000C0F000000110E07656C6C697073650D0563757276650CFFFFFFFF
310
04FFFFFFFF0CFFFFFFFF13DDC7D98DA170E13FE5ED29B5EE51D03F00000000000000001400000000000000000000000000000080000000000000F03F140000000000000000CB9032FB9F70CD3F000000000000000006000000000000F03F0B0B110D04656467650CFFFFFFFF04FFFFFFFF0CFFFFFFFF0C0200000006000000
310
00000000000C0400000006182D4454FB21F93F0C130000000C110000000B0707756E6B6E6F776E110D06636F656467650CFFFFFFFF04FFFFFFFF0CFFFFFFFF0C160000000C280000000CFFFFFFFF0C120000000B0C2900000004000000000CFFFFFFFF110E0873747261696768740D0563757276650CFFFFFFFF04FFFFFFFF
310
0CFFFFFFFF1354471A1EF328D43FE6ED29B5EE51D03F0000000000000000140000000000000000E5ED29B5EE51E0BF00000000000000000B0B110D04656467650CFFFFFFFF04FFFFFFFF0CFFFFFFFF0C040000000600000000000000000C0600000006000000000000F03F0C160000000C140000000B0707756E6B6E6F776E
310
110D06636F656467650CFFFFFFFF04FFFFFFFF0CFFFFFFFF0C190000000C130000000CFFFFFFFF0C150000000B0C2900000004000000000CFFFFFFFF110E07656C6C697073650D0563757276650CFFFFFFFF04FFFFFFFF0CFFFFFFFF13DDC7D98DA170E13FE5ED29B5EE51D0BF000000000000000014000000000000000000
310
00000000000000000000000000F03F14CB9032FB9F70CDBF000000000000903C000000000000000006000000000000F03F0B0B110D04656467650CFFFFFFFF04FFFFFFFF0CFFFFFFFF0C060000000600000000000000000C0800000006182D4454FB21F93F0C190000000C170000000B0707756E6B6E6F776E110D06636F65
310
6467650CFFFFFFFF04FFFFFFFF0CFFFFFFFF0C1C0000000C160000000CFFFFFFFF0C180000000B0C2900000004000000000CFFFFFFFF110E0873747261696768740D0563757276650CFFFFFFFF04FFFFFFFF0CFFFFFFFF13DDC7D98DA170E13F4A36C3B23E0ADFBF00000000000000001470A1D912450AD73F000000000000
310
000000000000000000000B0B110D04656467650CFFFFFFFF04FFFFFFFF0CFFFFFFFF0C080000000600000000000000000C0A00000006000000000000F03F0C1C0000000C1A0000000B0707756E6B6E6F776E110D06636F656467650CFFFFFFFF04FFFFFFFF0CFFFFFFFF0C1F0000000C190000000CFFFFFFFF0C1B0000000B
310
0C2900000004000000000CFFFFFFFF110E07656C6C697073650D0563757276650CFFFFFFFF04FFFFFFFF0CFFFFFFFF1395984617C4F5EC3FE5ED29B5EE51D0BF00000000000000001400000000000000000000000000000000000000000000F03F140000000000000000CB9032FB9F70CDBF00000000000000000600000000
310
0000F03F0B0B110D04656467650CFFFFFFFF04FFFFFFFF0CFFFFFFFF0C0A0000000600000000000000000C0C00000006182D4454FB21F93F0C1F0000000C1D0000000B0707756E6B6E6F776E110D06636F656467650CFFFFFFFF04FFFFFFFF0CFFFFFFFF0C220000000C1C0000000CFFFFFFFF0C1E0000000B0C2900000004
310
000000000CFFFFFFFF110E0873747261696768740D0563757276650CFFFFFFFF04FFFFFFFF0CFFFFFFFF13649E090BF628F23FE5ED29B5EE51D0BF0000000000000000140000000000000000E5ED29B5EE51E03F00000000000000000B0B110D04656467650CFFFFFFFF04FFFFFFFF0CFFFFFFFF0C0C000000060000000000
310
0000000C0E00000006000000000000F03F0C220000000C200000000B0707756E6B6E6F776E110D06636F656467650CFFFFFFFF04FFFFFFFF0CFFFFFFFF0C250000000C1F0000000CFFFFFFFF0C210000000B0C2900000004000000000CFFFFFFFF110E07656C6C697073650D0563757276650CFFFFFFFF04FFFFFFFF0CFFFF
310
FFFF1395984617C4F5EC3FE5ED29B5EE51D03F00000000000000001400000000000000000000000000000000000000000000F03F14CB9032FB9F70CD3F0000000000000000000000000000000006000000000000F03F0B0B110D04656467650CFFFFFFFF04FFFFFFFF0CFFFFFFFF0C0E0000000600000000000000000C1000
310
000006182D4454FB21F93F0C250000000C230000000B0707756E6B6E6F776E110D06636F656467650CFFFFFFFF04FFFFFFFF0CFFFFFFFF0C280000000C220000000CFFFFFFFF0C240000000B0C2900000004000000000CFFFFFFFF110E0873747261696768740D0563757276650CFFFFFFFF04FFFFFFFF0CFFFFFFFF139598
310
4617C4F5EC3F4A36C3B23E0ADF3F00000000000000001470A1D912450AD7BF000000000000000000000000000000000B0B110D04656467650CFFFFFFFF04FFFFFFFF0CFFFFFFFF0C100000000600000000000000000C0200000006000000000000F03F0C280000000C260000000B0707756E6B6E6F776E110D06636F656467
310
650CFFFFFFFF04FFFFFFFF0CFFFFFFFF0C130000000C250000000CFFFFFFFF0C270000000B0C2900000004000000000CFFFFFFFF110D046C6F6F700CFFFFFFFF04FFFFFFFF0CFFFFFFFF0CFFFFFFFF0C130000000C2B000000110E05706C616E650D07737572666163650CFFFFFFFF04FFFFFFFF0CFFFFFFFF13DCC7D98DA1
310
70E13F000000000000000000000000000000001400000000000000800000000000000000000000000000F03F14000000000000F0BF000000000000000000000000000000800B0B0B0B0B110D04666163650CFFFFFFFF04FFFFFFFF0CFFFFFFFF0CFFFFFFFF0C290000000C2C0000000CFFFFFFFF0C2A0000000B0A0B110D05
310
7368656C6C0CFFFFFFFF04FFFFFFFF0CFFFFFFFF0CFFFFFFFF0CFFFFFFFF0C2B0000000CFFFFFFFF0C2D000000110D046C756D700CFFFFFFFF04FFFFFFFF0CFFFFFFFF0CFFFFFFFF0C2C0000000C00000000110E03456E640E026F660E0341534D0D0464617461
  0
ACDSRECORD
 90
        1
  2
AcDbDs::ID
280
    10
320
362
  2
ASM_Data
280
    15
 94
     3024
310
414349532042696E61727946696C652855000000000000010000000C00000007214F70656E2044657369676E20416C6C69616E63652041434953204275696C646572070E41434953203231382E3030204E540718546875204A756E2032372031363A32383A3231203230323406000000000000F03F0648AFBC9AF2D77A3E06
310
BBBDD7D9DF7CDB3D0D04626F64790CFFFFFFFF04FFFFFFFF0CFFFFFFFF0C2D0000000CFFFFFFFF0CFFFFFFFF110D05706F696E740CFFFFFFFF04FFFFFFFF0CFFFFFFFF139E12C60556941340ECFC361F3200E8BF0000000000000000110D067665727465780CFFFFFFFF04FFFFFFFF0CFFFFFFFF0C2700000004020000000C
310
01000000110D05706F696E740CFFFFFFFF04FFFFFFFF0CFFFFFFFF13872293420F331440A77DCE38680AE3BF0000000000000000110D067665727465780CFFFFFFFF04FFFFFFFF0CFFFFFFFF0C1500000004020000000C03000000110D05706F696E740CFFFFFFFF04FFFFFFFF0CFFFFFFFF13872293420F331440A67DCE38
310
680AE33F0000000000000000110D067665727465780CFFFFFFFF04FFFFFFFF0CFFFFFFFF0C1800000004020000000C05000000110D05706F696E740CFFFFFFFF04FFFFFFFF0CFFFFFFFF139E12C60556941340EBFC361F3200E83F0000000000000000110D067665727465780CFFFFFFFF04FFFFFFFF0CFFFFFFFF0C1B0000
310
0004020000000C07000000110D05706F696E740CFFFFFFFF04FFFFFFFF0CFFFFFFFF13139DC0CF130A0C40ECFC361F3200E83F0000000000000000110D067665727465780CFFFFFFFF04FFFFFFFF0CFFFFFFFF0C1E00000004020000000C09000000110D05706F696E740CFFFFFFFF04FFFFFFFF0CFFFFFFFF13427D2656A1
310
CC0A40A77DCE38680AE33F0000000000000000110D067665727465780CFFFFFFFF04FFFFFFFF0CFFFFFFFF0C2100000004020000000C0B000000110D05706F696E740CFFFFFFFF04FFFFFFFF0CFFFFFFFF13427D2656A1CC0A40A67DCE38680AE3BF0000000000000000110D067665727465780CFFFFFFFF04FFFFFFFF0CFF
310
FFFFFF0C2400000004020000000C0D000000110D05706F696E740CFFFFFFFF04FFFFFFFF0CFFFFFFFF13139DC0CF130A0C40EBFC361F3200E8BF0000000000000000110D067665727465780CFFFFFFFF04FFFFFFFF0CFFFFFFFF0C2700000004020000000C0F000000110E07656C6C697073650D0563757276650CFFFFFFFF
310
04FFFFFFFF0CFFFFFFFF139E12C60556941340A77DCE38680AE3BF00000000000000001400000000000000000000000000000000000000000000F03F14000000000000000015FDA19927D7C3BF000000000000000006000000000000F03F0B0B110D04656467650CFFFFFFFF04FFFFFFFF0CFFFFFFFF0C0200000006000000
310
00000000000C0400000006182D4454FB21F93F0C130000000C110000000B0707756E6B6E6F776E110D06636F656467650CFFFFFFFF04FFFFFFFF0CFFFFFFFF0C160000000C280000000CFFFFFFFF0C120000000B0C2900000004000000000CFFFFFFFF110E0873747261696768740D0563757276650CFFFFFFFF04FFFFFFFF
310
0CFFFFFFFF13872293420F331440A77DCE38680AE3BF0000000000000000140000000000000000A67DCE38680AF33F00000000000000000B0B110D04656467650CFFFFFFFF04FFFFFFFF0CFFFFFFFF0C040000000600000000000000000C0600000006000000000000F03F0C160000000C140000000B0707756E6B6E6F776E
310
110D06636F656467650CFFFFFFFF04FFFFFFFF0CFFFFFFFF0C190000000C130000000CFFFFFFFF0C150000000B0C2900000004000000000CFFFFFFFF110E07656C6C697073650D0563757276650CFFFFFFFF04FFFFFFFF0CFFFFFFFF139E12C60556941340A67DCE38680AE33F000000000000000014000000000000000000
310
00000000000000000000000000F03F1415FDA19927D7C33F0000000000000000000000000000000006000000000000F03F0B0B110D04656467650CFFFFFFFF04FFFFFFFF0CFFFFFFFF0C060000000600000000000000000C0800000006182D4454FB21F93F0C190000000C170000000B0707756E6B6E6F776E110D06636F65
310
6467650CFFFFFFFF04FFFFFFFF0CFFFFFFFF0C1C0000000C160000000CFFFFFFFF0C180000000B0C2900000004000000000CFFFFFFFF110E0873747261696768740D0563757276650CFFFFFFFF04FFFFFFFF0CFFFFFFFF139E12C60556941340EBFC361F3200E83F00000000000000001452109777303DF6BF000000000000
310
A03C00000000000000000B0B110D04656467650CFFFFFFFF04FFFFFFFF0CFFFFFFFF0C080000000600000000000000000C0A00000006000000000000F03F0C1C0000000C1A0000000B0707756E6B6E6F776E110D06636F656467650CFFFFFFFF04FFFFFFFF0CFFFFFFFF0C1F0000000C190000000CFFFFFFFF0C1B0000000B
310
0C2900000004000000000CFFFFFFFF110E07656C6C697073650D0563757276650CFFFFFFFF04FFFFFFFF0CFFFFFFFF13139DC0CF130A0C40A77DCE38680AE33F00000000000000001400000000000000000000000000000080000000000000F03F14000000000000000015FDA19927D7C33F00000000000000000600000000
310
0000F03F0B0B110D04656467650CFFFFFFFF04FFFFFFFF0CFFFFFFFF0C0A0000000600000000000000000C0C00000006182D4454FB21F93F0C1F0000000C1D0000000B0707756E6B6E6F776E110D06636F656467650CFFFFFFFF04FFFFFFFF0CFFFFFFFF0C220000000C1C0000000CFFFFFFFF0C1E0000000B0C2900000004
310
000000000CFFFFFFFF110E0873747261696768740D0563757276650CFFFFFFFF04FFFFFFFF0CFFFFFFFF13427D2656A1CC0A40A77DCE38680AE33F0000000000000000140000000000000000A67DCE38680AF3BF00000000000000000B0B110D04656467650CFFFFFFFF04FFFFFFFF0CFFFFFFFF0C0C000000060000000000
310
0000000C0E00000006000000000000F03F0C220000000C200000000B0707756E6B6E6F776E110D06636F656467650CFFFFFFFF04FFFFFFFF0CFFFFFFFF0C250000000C1F0000000CFFFFFFFF0C210000000B0C2900000004000000000CFFFFFFFF110E07656C6C697073650D0563757276650CFFFFFFFF04FFFFFFFF0CFFFF
310
FFFF13139DC0CF130A0C40A67DCE38680AE3BF00000000000000001400000000000000000000000000000000000000000000F03F1415FDA19927D7C3BF0000000000000000000000000000000006000000000000F03F0B0B110D04656467650CFFFFFFFF04FFFFFFFF0CFFFFFFFF0C0E0000000600000000000000000C1000
310
000006182D4454FB21F93F0C250000000C230000000B0707756E6B6E6F776E110D06636F656467650CFFFFFFFF04FFFFFFFF0CFFFFFFFF0C280000000C220000000CFFFFFFFF0C240000000B0C2900000004000000000CFFFFFFFF110E0873747261696768740D0563757276650CFFFFFFFF04FFFFFFFF0CFFFFFFFF13139D
310
C0CF130A0C40EBFC361F3200E8BF00000000000000001452109777303DF63F000000000000A0BC00000000000000000B0B110D04656467650CFFFFFFFF04FFFFFFFF0CFFFFFFFF0C100000000600000000000000000C0200000006000000000000F03F0C280000000C260000000B0707756E6B6E6F776E110D06636F656467
310
650CFFFFFFFF04FFFFFFFF0CFFFFFFFF0C130000000C250000000CFFFFFFFF0C270000000B0C2900000004000000000CFFFFFFFF110D046C6F6F700CFFFFFFFF04FFFFFFFF0CFFFFFFFF0CFFFFFFFF0C130000000C2B000000110E05706C616E650D07737572666163650CFFFFFFFF04FFFFFFFF0CFFFFFFFF139430D3F6AF
310
CC1040000000000000000000000000000000001400000000000000800000000000000000000000000000F03F14000000000000F0BF000000000000000000000000000000800B0B0B0B0B110D04666163650CFFFFFFFF04FFFFFFFF0CFFFFFFFF0CFFFFFFFF0C290000000C2C0000000CFFFFFFFF0C2A0000000B0A0B110D05
310
7368656C6C0CFFFFFFFF04FFFFFFFF0CFFFFFFFF0CFFFFFFFF0CFFFFFFFF0C2B0000000CFFFFFFFF0C2D000000110D046C756D700CFFFFFFFF04FFFFFFFF0CFFFFFFFF0CFFFFFFFF0C2C0000000C00000000110E03456E640E026F660E0341534D0D0464617461
  0
ACDSRECORD
 90
        1
  2
AcDbDs::ID
280
    10
320
364
  2
ASM_Data
280
    15
 94
     3024
310
414349532042696E61727946696C652855000000000000010000000C00000007214F70656E2044657369676E20416C6C69616E63652041434953204275696C646572070E41434953203231382E3030204E540718546875204A756E2032372031363A32383A3231203230323406000000000000F03F0648AFBC9AF2D77A3E06
310
BBBDD7D9DF7CDB3D0D04626F64790CFFFFFFFF04FFFFFFFF0CFFFFFFFF0C2D0000000CFFFFFFFF0CFFFFFFFF110D05706F696E740CFFFFFFFF04FFFFFFFF0CFFFFFFFF13139DC0CF130A0CC08416C8A29FFFF73F0000000000000000110D067665727465780CFFFFFFFF04FFFFFFFF0CFFFFFFFF0C2700000004020000000C
310
01000000110D05706F696E740CFFFFFFFF04FFFFFFFF0CFFFFFFFF13427D2656A1CC0AC02756FC95847AFA3F0000000000000000110D067665727465780CFFFFFFFF04FFFFFFFF0CFFFFFFFF0C1500000004020000000C03000000110D05706F696E740CFFFFFFFF04FFFFFFFF0CFFFFFFFF13427D2656A1CC0AC0E6696567
310
76C206400000000000000000110D067665727465780CFFFFFFFF04FFFFFFFF0CFFFFFFFF0C1800000004020000000C05000000110D05706F696E740CFFFFFFFF04FFFFFFFF0CFFFFFFFF13139DC0CF130A0CC0B789FFE0E8FF07400000000000000000110D067665727465780CFFFFFFFF04FFFFFFFF0CFFFFFFFF0C1B0000
310
0004020000000C07000000110D05706F696E740CFFFFFFFF04FFFFFFFF0CFFFFFFFF139E12C605569413C0B789FFE0E8FF07400000000000000000110D067665727465780CFFFFFFFF04FFFFFFFF0CFFFFFFFF0C1E00000004020000000C09000000110D05706F696E740CFFFFFFFF04FFFFFFFF0CFFFFFFFF13872293420F
310
3314C0E669656776C206400000000000000000110D067665727465780CFFFFFFFF04FFFFFFFF0CFFFFFFFF0C2100000004020000000C0B000000110D05706F696E740CFFFFFFFF04FFFFFFFF0CFFFFFFFF13872293420F3314C02756FC95847AFA3F0000000000000000110D067665727465780CFFFFFFFF04FFFFFFFF0CFF
310
FFFFFF0C2400000004020000000C0D000000110D05706F696E740CFFFFFFFF04FFFFFFFF0CFFFFFFFF139E12C605569413C08416C8A29FFFF73F0000000000000000110D067665727465780CFFFFFFFF04FFFFFFFF0CFFFFFFFF0C2700000004020000000C0F000000110E07656C6C697073650D0563757276650CFFFFFFFF
310
04FFFFFFFF0CFFFFFFFF13139DC0CF130A0CC02756FC95847AFA3F00000000000000001400000000000000000000000000000000000000000000F03F14000000000000000015FDA19927D7C3BF000000000000000006000000000000F03F0B0B110D04656467650CFFFFFFFF04FFFFFFFF0CFFFFFFFF0C0200000006000000
310
00000000000C0400000006182D4454FB21F93F0C130000000C110000000B0707756E6B6E6F776E110D06636F656467650CFFFFFFFF04FFFFFFFF0CFFFFFFFF0C160000000C280000000CFFFFFFFF0C120000000B0C2900000004000000000CFFFFFFFF110E0873747261696768740D0563757276650CFFFFFFFF04FFFFFFFF
310
0CFFFFFFFF13427D2656A1CC0AC02756FC95847AFA3F0000000000000000140000000000000000A57DCE38680AF33F00000000000000000B0B110D04656467650CFFFFFFFF04FFFFFFFF0CFFFFFFFF0C040000000600000000000000000C0600000006000000000000F03F0C160000000C140000000B0707756E6B6E6F776E
310
110D06636F656467650CFFFFFFFF04FFFFFFFF0CFFFFFFFF0C190000000C130000000CFFFFFFFF0C150000000B0C2900000004000000000CFFFFFFFF110E07656C6C697073650D0563757276650CFFFFFFFF04FFFFFFFF0CFFFFFFFF13139DC0CF130A0CC0E669656776C20640000000000000000014000000000000000000
310
00000000000000000000000000F03F1415FDA19927D7C33F0000000000000000000000000000000006000000000000F03F0B0B110D04656467650CFFFFFFFF04FFFFFFFF0CFFFFFFFF0C060000000600000000000000000C0800000006182D4454FB21F93F0C190000000C170000000B0707756E6B6E6F776E110D06636F65
310
6467650CFFFFFFFF04FFFFFFFF0CFFFFFFFF0C1C0000000C160000000CFFFFFFFF0C180000000B0C2900000004000000000CFFFFFFFF110E0873747261696768740D0563757276650CFFFFFFFF04FFFFFFFF0CFFFFFFFF13139DC0CF130A0CC0B789FFE0E8FF074000000000000000001452109777303DF6BF000000000000
310
000000000000000000000B0B110D04656467650CFFFFFFFF04FFFFFFFF0CFFFFFFFF0C080000000600000000000000000C0A00000006000000000000F03F0C1C0000000C1A0000000B0707756E6B6E6F776E110D06636F656467650CFFFFFFFF04FFFFFFFF0CFFFFFFFF0C1F0000000C190000000CFFFFFFFF0C1B0000000B
310
0C2900000004000000000CFFFFFFFF110E07656C6C697073650D0563757276650CFFFFFFFF04FFFFFFFF0CFFFFFFFF139E12C605569413C0E669656776C2064000000000000000001400000000000000000000000000000080000000000000F03F14000000000000000015FDA19927D7C33F00000000000000000600000000
310
0000F03F0B0B110D04656467650CFFFFFFFF04FFFFFFFF0CFFFFFFFF0C0A0000000600000000000000000C0C00000006182D4454FB21F93F0C1F0000000C1D0000000B0707756E6B6E6F776E110D06636F656467650CFFFFFFFF04FFFFFFFF0CFFFFFFFF0C220000000C1C0000000CFFFFFFFF0C1E0000000B0C2900000004
310
000000000CFFFFFFFF110E0873747261696768740D0563757276650CFFFFFFFF04FFFFFFFF0CFFFFFFFF13872293420F3314C0E669656776C206400000000000000000140000000000000000A57DCE38680AF3BF00000000000000000B0B110D04656467650CFFFFFFFF04FFFFFFFF0CFFFFFFFF0C0C000000060000000000
310
0000000C0E00000006000000000000F03F0C220000000C200000000B0707756E6B6E6F776E110D06636F656467650CFFFFFFFF04FFFFFFFF0CFFFFFFFF0C250000000C1F0000000CFFFFFFFF0C210000000B0C2900000004000000000CFFFFFFFF110E07656C6C697073650D0563757276650CFFFFFFFF04FFFFFFFF0CFFFF
310
FFFF139E12C605569413C02756FC95847AFA3F00000000000000001400000000000000000000000000000000000000000000F03F1415FDA19927D7C3BF0000000000000000000000000000000006000000000000F03F0B0B110D04656467650CFFFFFFFF04FFFFFFFF0CFFFFFFFF0C0E0000000600000000000000000C1000
310
000006182D4454FB21F93F0C250000000C230000000B0707756E6B6E6F776E110D06636F656467650CFFFFFFFF04FFFFFFFF0CFFFFFFFF0C280000000C220000000CFFFFFFFF0C240000000B0C2900000004000000000CFFFFFFFF110E0873747261696768740D0563757276650CFFFFFFFF04FFFFFFFF0CFFFFFFFF139E12
310
C605569413C08416C8A29FFFF73F00000000000000001452109777303DF63F000000000000000000000000000000000B0B110D04656467650CFFFFFFFF04FFFFFFFF0CFFFFFFFF0C100000000600000000000000000C0200000006000000000000F03F0C280000000C260000000B0707756E6B6E6F776E110D06636F656467
310
650CFFFFFFFF04FFFFFFFF0CFFFFFFFF0C130000000C250000000CFFFFFFFF0C270000000B0C2900000004000000000CFFFFFFFF110D046C6F6F700CFFFFFFFF04FFFFFFFF0CFFFFFFFF0CFFFFFFFF0C130000000C2B000000110E05706C616E650D07737572666163650CFFFFFFFF04FFFFFFFF0CFFFFFFFF139430D3F6AF
310
CC10C07DCA3159DCFF014000000000000000001400000000000000800000000000000000000000000000F03F14000000000000F03F000000000000000000000000000000000B0B0B0B0B110D04666163650CFFFFFFFF04FFFFFFFF0CFFFFFFFF0CFFFFFFFF0C290000000C2C0000000CFFFFFFFF0C2A0000000B0A0B110D05
310
7368656C6C0CFFFFFFFF04FFFFFFFF0CFFFFFFFF0CFFFFFFFF0CFFFFFFFF0C2B0000000CFFFFFFFF0C2D000000110D046C756D700CFFFFFFFF04FFFFFFFF0CFFFFFFFF0CFFFFFFFF0C2C0000000C00000000110E03456E640E026F660E0341534D0D0464617461
  0
ACDSRECORD
 90
        1
  2
AcDbDs::ID
280
    10
320
366
  2
ASM_Data
280
    15
 94
     3024
310
414349532042696E61727946696C652855000000000000010000000C00000007214F70656E2044657369676E20416C6C69616E63652041434953204275696C646572070E41434953203231382E3030204E540718546875204A756E2032372031363A32383A3231203230323406000000000000F03F0648AFBC9AF2D77A3E06
310
BBBDD7D9DF7CDB3D0D04626F64790CFFFFFFFF04FFFFFFFF0CFFFFFFFF0C2D0000000CFFFFFFFF0CFFFFFFFF110D05706F696E740CFFFFFFFF04FFFFFFFF0CFFFFFFFF139E12C605569413408416C8A29FFFF73F0000000000000000110D067665727465780CFFFFFFFF04FFFFFFFF0CFFFFFFFF0C2700000004020000000C
310
01000000110D05706F696E740CFFFFFFFF04FFFFFFFF0CFFFFFFFF13872293420F3314402756FC95847AFA3F0000000000000000110D067665727465780CFFFFFFFF04FFFFFFFF0CFFFFFFFF0C1500000004020000000C03000000110D05706F696E740CFFFFFFFF04FFFFFFFF0CFFFFFFFF13872293420F331440E6696567
310
76C206400000000000000000110D067665727465780CFFFFFFFF04FFFFFFFF0CFFFFFFFF0C1800000004020000000C05000000110D05706F696E740CFFFFFFFF04FFFFFFFF0CFFFFFFFF139E12C60556941340B789FFE0E8FF07400000000000000000110D067665727465780CFFFFFFFF04FFFFFFFF0CFFFFFFFF0C1B0000
310
0004020000000C07000000110D05706F696E740CFFFFFFFF04FFFFFFFF0CFFFFFFFF13139DC0CF130A0C40B789FFE0E8FF07400000000000000000110D067665727465780CFFFFFFFF04FFFFFFFF0CFFFFFFFF0C1E00000004020000000C09000000110D05706F696E740CFFFFFFFF04FFFFFFFF0CFFFFFFFF13427D2656A1
310
CC0A40E669656776C206400000000000000000110D067665727465780CFFFFFFFF04FFFFFFFF0CFFFFFFFF0C2100000004020000000C0B000000110D05706F696E740CFFFFFFFF04FFFFFFFF0CFFFFFFFF13427D2656A1CC0A402756FC95847AFA3F0000000000000000110D067665727465780CFFFFFFFF04FFFFFFFF0CFF
310
FFFFFF0C2400000004020000000C0D000000110D05706F696E740CFFFFFFFF04FFFFFFFF0CFFFFFFFF13139DC0CF130A0C408416C8A29FFFF73F0000000000000000110D067665727465780CFFFFFFFF04FFFFFFFF0CFFFFFFFF0C2700000004020000000C0F000000110E07656C6C697073650D0563757276650CFFFFFFFF
310
04FFFFFFFF0CFFFFFFFF139E12C605569413402756FC95847AFA3F00000000000000001400000000000000000000000000000000000000000000F03F14000000000000000015FDA19927D7C3BF000000000000000006000000000000F03F0B0B110D04656467650CFFFFFFFF04FFFFFFFF0CFFFFFFFF0C0200000006000000
310
00000000000C0400000006182D4454FB21F93F0C130000000C110000000B0707756E6B6E6F776E110D06636F656467650CFFFFFFFF04FFFFFFFF0CFFFFFFFF0C160000000C280000000CFFFFFFFF0C120000000B0C2900000004000000000CFFFFFFFF110E0873747261696768740D0563757276650CFFFFFFFF04FFFFFFFF
310
0CFFFFFFFF13872293420F3314402756FC95847AFA3F0000000000000000140000000000000000A57DCE38680AF33F00000000000000000B0B110D04656467650CFFFFFFFF04FFFFFFFF0CFFFFFFFF0C040000000600000000000000000C0600000006000000000000F03F0C160000000C140000000B0707756E6B6E6F776E
310
110D06636F656467650CFFFFFFFF04FFFFFFFF0CFFFFFFFF0C190000000C130000000CFFFFFFFF0C150000000B0C2900000004000000000CFFFFFFFF110E07656C6C697073650D0563757276650CFFFFFFFF04FFFFFFFF0CFFFFFFFF139E12C60556941340E669656776C20640000000000000000014000000000000000000
310
00000000000000000000000000F03F1415FDA19927D7C33F0000000000000000000000000000000006000000000000F03F0B0B110D04656467650CFFFFFFFF04FFFFFFFF0CFFFFFFFF0C060000000600000000000000000C0800000006182D4454FB21F93F0C190000000C170000000B0707756E6B6E6F776E110D06636F65
310
6467650CFFFFFFFF04FFFFFFFF0CFFFFFFFF0C1C0000000C160000000CFFFFFFFF0C180000000B0C2900000004000000000CFFFFFFFF110E0873747261696768740D0563757276650CFFFFFFFF04FFFFFFFF0CFFFFFFFF139E12C60556941340B789FFE0E8FF074000000000000000001452109777303DF6BF000000000000
310
000000000000000000000B0B110D04656467650CFFFFFFFF04FFFFFFFF0CFFFFFFFF0C080000000600000000000000000C0A00000006000000000000F03F0C1C0000000C1A0000000B0707756E6B6E6F776E110D06636F656467650CFFFFFFFF04FFFFFFFF0CFFFFFFFF0C1F0000000C190000000CFFFFFFFF0C1B0000000B
310
0C2900000004000000000CFFFFFFFF110E07656C6C697073650D0563757276650CFFFFFFFF04FFFFFFFF0CFFFFFFFF13139DC0CF130A0C40E669656776C2064000000000000000001400000000000000000000000000000080000000000000F03F14000000000000000015FDA19927D7C33F00000000000000000600000000
310
0000F03F0B0B110D04656467650CFFFFFFFF04FFFFFFFF0CFFFFFFFF0C0A0000000600000000000000000C0C00000006182D4454FB21F93F0C1F0000000C1D0000000B0707756E6B6E6F776E110D06636F656467650CFFFFFFFF04FFFFFFFF0CFFFFFFFF0C220000000C1C0000000CFFFFFFFF0C1E0000000B0C2900000004
310
000000000CFFFFFFFF110E0873747261696768740D0563757276650CFFFFFFFF04FFFFFFFF0CFFFFFFFF13427D2656A1CC0A40E669656776C206400000000000000000140000000000000000A57DCE38680AF3BF00000000000000000B0B110D04656467650CFFFFFFFF04FFFFFFFF0CFFFFFFFF0C0C000000060000000000
310
0000000C0E00000006000000000000F03F0C220000000C200000000B0707756E6B6E6F776E110D06636F656467650CFFFFFFFF04FFFFFFFF0CFFFFFFFF0C250000000C1F0000000CFFFFFFFF0C210000000B0C2900000004000000000CFFFFFFFF110E07656C6C697073650D0563757276650CFFFFFFFF04FFFFFFFF0CFFFF
310
FFFF13139DC0CF130A0C402756FC95847AFA3F00000000000000001400000000000000000000000000000000000000000000F03F1415FDA19927D7C3BF0000000000000000000000000000000006000000000000F03F0B0B110D04656467650CFFFFFFFF04FFFFFFFF0CFFFFFFFF0C0E0000000600000000000000000C1000
310
000006182D4454FB21F93F0C250000000C230000000B0707756E6B6E6F776E110D06636F656467650CFFFFFFFF04FFFFFFFF0CFFFFFFFF0C280000000C220000000CFFFFFFFF0C240000000B0C2900000004000000000CFFFFFFFF110E0873747261696768740D0563757276650CFFFFFFFF04FFFFFFFF0CFFFFFFFF13139D
310
C0CF130A0C408416C8A29FFFF73F00000000000000001452109777303DF63F000000000000000000000000000000000B0B110D04656467650CFFFFFFFF04FFFFFFFF0CFFFFFFFF0C100000000600000000000000000C0200000006000000000000F03F0C280000000C260000000B0707756E6B6E6F776E110D06636F656467
310
650CFFFFFFFF04FFFFFFFF0CFFFFFFFF0C130000000C250000000CFFFFFFFF0C270000000B0C2900000004000000000CFFFFFFFF110D046C6F6F700CFFFFFFFF04FFFFFFFF0CFFFFFFFF0CFFFFFFFF0C130000000C2B000000110E05706C616E650D07737572666163650CFFFFFFFF04FFFFFFFF0CFFFFFFFF139430D3F6AF
310
CC10407DCA3159DCFF014000000000000000001400000000000000800000000000000000000000000000F03F14000000000000F0BF000000000000000000000000000000800B0B0B0B0B110D04666163650CFFFFFFFF04FFFFFFFF0CFFFFFFFF0CFFFFFFFF0C290000000C2C0000000CFFFFFFFF0C2A0000000B0A0B110D05
310
7368656C6C0CFFFFFFFF04FFFFFFFF0CFFFFFFFF0CFFFFFFFF0CFFFFFFFF0C2B0000000CFFFFFFFF0C2D000000110D046C756D700CFFFFFFFF04FFFFFFFF0CFFFFFFFF0CFFFFFFFF0C2C0000000C00000000110E03456E640E026F660E0341534D0D0464617461
  0
ACDSRECORD
 90
        1
  2
AcDbDs::ID
280
    10
320
368
  2
ASM_Data
280
    15
 94
     3024
310
414349532042696E61727946696C652855000000000000010000000C00000007214F70656E2044657369676E20416C6C69616E63652041434953204275696C646572070E41434953203231382E3030204E540718546875204A756E2032372031363A32383A3231203230323406000000000000F03F0648AFBC9AF2D77A3E06
310
BBBDD7D9DF7CDB3D0D04626F64790CFFFFFFFF04FFFFFFFF0CFFFFFFFF0C2D0000000CFFFFFFFF0CFFFFFFFF110D05706F696E740CFFFFFFFF04FFFFFFFF0CFFFFFFFF13139DC0CF130A0CC0B789FFE0E8FF07C00000000000000000110D067665727465780CFFFFFFFF04FFFFFFFF0CFFFFFFFF0C2700000004020000000C
310
01000000110D05706F696E740CFFFFFFFF04FFFFFFFF0CFFFFFFFF13427D2656A1CC0AC0E669656776C206C00000000000000000110D067665727465780CFFFFFFFF04FFFFFFFF0CFFFFFFFF0C1500000004020000000C03000000110D05706F696E740CFFFFFFFF04FFFFFFFF0CFFFFFFFF13427D2656A1CC0AC02756FC95
310
847AFABF0000000000000000110D067665727465780CFFFFFFFF04FFFFFFFF0CFFFFFFFF0C1800000004020000000C05000000110D05706F696E740CFFFFFFFF04FFFFFFFF0CFFFFFFFF13139DC0CF130A0CC08416C8A29FFFF7BF0000000000000000110D067665727465780CFFFFFFFF04FFFFFFFF0CFFFFFFFF0C1B0000
310
0004020000000C07000000110D05706F696E740CFFFFFFFF04FFFFFFFF0CFFFFFFFF139E12C605569413C08416C8A29FFFF7BF0000000000000000110D067665727465780CFFFFFFFF04FFFFFFFF0CFFFFFFFF0C1E00000004020000000C09000000110D05706F696E740CFFFFFFFF04FFFFFFFF0CFFFFFFFF13872293420F
310
3314C02756FC95847AFABF0000000000000000110D067665727465780CFFFFFFFF04FFFFFFFF0CFFFFFFFF0C2100000004020000000C0B000000110D05706F696E740CFFFFFFFF04FFFFFFFF0CFFFFFFFF13872293420F3314C0E669656776C206C00000000000000000110D067665727465780CFFFFFFFF04FFFFFFFF0CFF
310
FFFFFF0C2400000004020000000C0D000000110D05706F696E740CFFFFFFFF04FFFFFFFF0CFFFFFFFF139E12C605569413C0B789FFE0E8FF07C00000000000000000110D067665727465780CFFFFFFFF04FFFFFFFF0CFFFFFFFF0C2700000004020000000C0F000000110E07656C6C697073650D0563757276650CFFFFFFFF
310
04FFFFFFFF0CFFFFFFFF13139DC0CF130A0CC0E669656776C206C000000000000000001400000000000000000000000000000000000000000000F03F14000000000000000015FDA19927D7C3BF000000000000000006000000000000F03F0B0B110D04656467650CFFFFFFFF04FFFFFFFF0CFFFFFFFF0C0200000006000000
310
00000000000C0400000006182D4454FB21F93F0C130000000C110000000B0707756E6B6E6F776E110D06636F656467650CFFFFFFFF04FFFFFFFF0CFFFFFFFF0C160000000C280000000CFFFFFFFF0C120000000B0C2900000004000000000CFFFFFFFF110E0873747261696768740D0563757276650CFFFFFFFF04FFFFFFFF
310
0CFFFFFFFF13427D2656A1CC0AC0E669656776C206C00000000000000000140000000000000000A57DCE38680AF33F00000000000000000B0B110D04656467650CFFFFFFFF04FFFFFFFF0CFFFFFFFF0C040000000600000000000000000C0600000006000000000000F03F0C160000000C140000000B0707756E6B6E6F776E
310
110D06636F656467650CFFFFFFFF04FFFFFFFF0CFFFFFFFF0C190000000C130000000CFFFFFFFF0C150000000B0C2900000004000000000CFFFFFFFF110E07656C6C697073650D0563757276650CFFFFFFFF04FFFFFFFF0CFFFFFFFF13139DC0CF130A0CC02756FC95847AFABF000000000000000014000000000000000000
310
00000000000000000000000000F03F1415FDA19927D7C33F0000000000000000000000000000000006000000000000F03F0B0B110D04656467650CFFFFFFFF04FFFFFFFF0CFFFFFFFF0C060000000600000000000000000C0800000006182D4454FB21F93F0C190000000C170000000B0707756E6B6E6F776E110D06636F65
310
6467650CFFFFFFFF04FFFFFFFF0CFFFFFFFF0C1C0000000C160000000CFFFFFFFF0C180000000B0C2900000004000000000CFFFFFFFF110E0873747261696768740D0563757276650CFFFFFFFF04FFFFFFFF0CFFFFFFFF13139DC0CF130A0CC08416C8A29FFFF7BF00000000000000001452109777303DF6BF000000000000
310
000000000000000000000B0B110D04656467650CFFFFFFFF04FFFFFFFF0CFFFFFFFF0C080000000600000000000000000C0A00000006000000000000F03F0C1C0000000C1A0000000B0707756E6B6E6F776E110D06636F656467650CFFFFFFFF04FFFFFFFF0CFFFFFFFF0C1F0000000C190000000CFFFFFFFF0C1B0000000B
310
0C2900000004000000000CFFFFFFFF110E07656C6C697073650D0563757276650CFFFFFFFF04FFFFFFFF0CFFFFFFFF139E12C605569413C02756FC95847AFABF00000000000000001400000000000000000000000000000080000000000000F03F14000000000000000015FDA19927D7C33F00000000000000000600000000
310
0000F03F0B0B110D04656467650CFFFFFFFF04FFFFFFFF0CFFFFFFFF0C0A0000000600000000000000000C0C00000006182D4454FB21F93F0C1F0000000C1D0000000B0707756E6B6E6F776E110D06636F656467650CFFFFFFFF04FFFFFFFF0CFFFFFFFF0C220000000C1C0000000CFFFFFFFF0C1E0000000B0C2900000004
310
000000000CFFFFFFFF110E0873747261696768740D0563757276650CFFFFFFFF04FFFFFFFF0CFFFFFFFF13872293420F3314C02756FC95847AFABF0000000000000000140000000000000000A57DCE38680AF3BF00000000000000000B0B110D04656467650CFFFFFFFF04FFFFFFFF0CFFFFFFFF0C0C000000060000000000
310
0000000C0E00000006000000000000F03F0C220000000C200000000B0707756E6B6E6F776E110D06636F656467650CFFFFFFFF04FFFFFFFF0CFFFFFFFF0C250000000C1F0000000CFFFFFFFF0C210000000B0C2900000004000000000CFFFFFFFF110E07656C6C697073650D0563757276650CFFFFFFFF04FFFFFFFF0CFFFF
310
FFFF139E12C605569413C0E669656776C206C000000000000000001400000000000000000000000000000000000000000000F03F1415FDA19927D7C3BF0000000000000000000000000000000006000000000000F03F0B0B110D04656467650CFFFFFFFF04FFFFFFFF0CFFFFFFFF0C0E0000000600000000000000000C1000
310
000006182D4454FB21F93F0C250000000C230000000B0707756E6B6E6F776E110D06636F656467650CFFFFFFFF04FFFFFFFF0CFFFFFFFF0C280000000C220000000CFFFFFFFF0C240000000B0C2900000004000000000CFFFFFFFF110E0873747261696768740D0563757276650CFFFFFFFF04FFFFFFFF0CFFFFFFFF139E12
310
C605569413C0B789FFE0E8FF07C000000000000000001452109777303DF63F000000000000000000000000000000000B0B110D04656467650CFFFFFFFF04FFFFFFFF0CFFFFFFFF0C100000000600000000000000000C0200000006000000000000F03F0C280000000C260000000B0707756E6B6E6F776E110D06636F656467
310
650CFFFFFFFF04FFFFFFFF0CFFFFFFFF0C130000000C250000000CFFFFFFFF0C270000000B0C2900000004000000000CFFFFFFFF110D046C6F6F700CFFFFFFFF04FFFFFFFF0CFFFFFFFF0CFFFFFFFF0C130000000C2B000000110E05706C616E650D07737572666163650CFFFFFFFF04FFFFFFFF0CFFFFFFFF139430D3F6AF
310
CC10C07DCA3159DCFF01C000000000000000001400000000000000800000000000000000000000000000F03F14000000000000F03F000000000000000000000000000000000B0B0B0B0B110D04666163650CFFFFFFFF04FFFFFFFF0CFFFFFFFF0CFFFFFFFF0C290000000C2C0000000CFFFFFFFF0C2A0000000B0A0B110D05
310
7368656C6C0CFFFFFFFF04FFFFFFFF0CFFFFFFFF0CFFFFFFFF0CFFFFFFFF0C2B0000000CFFFFFFFF0C2D000000110D046C756D700CFFFFFFFF04FFFFFFFF0CFFFFFFFF0CFFFFFFFF0C2C0000000C00000000110E03456E640E026F660E0341534D0D0464617461
  0
ACDSRECORD
 90
        1
  2
AcDbDs::ID
280
    10
320
36A
  2
ASM_Data
280
    15
 94
     3024
310
414349532042696E61727946696C652855000000000000010000000C00000007214F70656E2044657369676E20416C6C69616E63652041434953204275696C646572070E41434953203231382E3030204E540718546875204A756E2032372031363A32383A3231203230323406000000000000F03F0648AFBC9AF2D77A3E06
310
BBBDD7D9DF7CDB3D0D04626F64790CFFFFFFFF04FFFFFFFF0CFFFFFFFF0C2D0000000CFFFFFFFF0CFFFFFFFF110D05706F696E740CFFFFFFFF04FFFFFFFF0CFFFFFFFF139E12C60556941340B789FFE0E8FF07C00000000000000000110D067665727465780CFFFFFFFF04FFFFFFFF0CFFFFFFFF0C2700000004020000000C
310
01000000110D05706F696E740CFFFFFFFF04FFFFFFFF0CFFFFFFFF13872293420F331440E669656776C206C00000000000000000110D067665727465780CFFFFFFFF04FFFFFFFF0CFFFFFFFF0C1500000004020000000C03000000110D05706F696E740CFFFFFFFF04FFFFFFFF0CFFFFFFFF13872293420F3314402756FC95
310
847AFABF0000000000000000110D067665727465780CFFFFFFFF04FFFFFFFF0CFFFFFFFF0C1800000004020000000C05000000110D05706F696E740CFFFFFFFF04FFFFFFFF0CFFFFFFFF139E12C605569413408416C8A29FFFF7BF0000000000000000110D067665727465780CFFFFFFFF04FFFFFFFF0CFFFFFFFF0C1B0000
310
0004020000000C07000000110D05706F696E740CFFFFFFFF04FFFFFFFF0CFFFFFFFF13139DC0CF130A0C408416C8A29FFFF7BF0000000000000000110D067665727465780CFFFFFFFF04FFFFFFFF0CFFFFFFFF0C1E00000004020000000C09000000110D05706F696E740CFFFFFFFF04FFFFFFFF0CFFFFFFFF13427D2656A1
310
CC0A402756FC95847AFABF0000000000000000110D067665727465780CFFFFFFFF04FFFFFFFF0CFFFFFFFF0C2100000004020000000C0B000000110D05706F696E740CFFFFFFFF04FFFFFFFF0CFFFFFFFF13427D2656A1CC0A40E669656776C206C00000000000000000110D067665727465780CFFFFFFFF04FFFFFFFF0CFF
310
FFFFFF0C2400000004020000000C0D000000110D05706F696E740CFFFFFFFF04FFFFFFFF0CFFFFFFFF13139DC0CF130A0C40B789FFE0E8FF07C00000000000000000110D067665727465780CFFFFFFFF04FFFFFFFF0CFFFFFFFF0C2700000004020000000C0F000000110E07656C6C697073650D0563757276650CFFFFFFFF
310
04FFFFFFFF0CFFFFFFFF139E12C60556941340E669656776C206C000000000000000001400000000000000000000000000000000000000000000F03F14000000000000000015FDA19927D7C3BF000000000000000006000000000000F03F0B0B110D04656467650CFFFFFFFF04FFFFFFFF0CFFFFFFFF0C0200000006000000
310
00000000000C0400000006182D4454FB21F93F0C130000000C110000000B0707756E6B6E6F776E110D06636F656467650CFFFFFFFF04FFFFFFFF0CFFFFFFFF0C160000000C280000000CFFFFFFFF0C120000000B0C2900000004000000000CFFFFFFFF110E0873747261696768740D0563757276650CFFFFFFFF04FFFFFFFF
310
0CFFFFFFFF13872293420F331440E669656776C206C00000000000000000140000000000000000A57DCE38680AF33F00000000000000000B0B110D04656467650CFFFFFFFF04FFFFFFFF0CFFFFFFFF0C040000000600000000000000000C0600000006000000000000F03F0C160000000C140000000B0707756E6B6E6F776E
310
110D06636F656467650CFFFFFFFF04FFFFFFFF0CFFFFFFFF0C190000000C130000000CFFFFFFFF0C150000000B0C2900000004000000000CFFFFFFFF110E07656C6C697073650D0563757276650CFFFFFFFF04FFFFFFFF0CFFFFFFFF139E12C605569413402756FC95847AFABF000000000000000014000000000000000000
310
00000000000000000000000000F03F1415FDA19927D7C33F0000000000000000000000000000000006000000000000F03F0B0B110D04656467650CFFFFFFFF04FFFFFFFF0CFFFFFFFF0C060000000600000000000000000C0800000006182D4454FB21F93F0C190000000C170000000B0707756E6B6E6F776E110D06636F65
310
6467650CFFFFFFFF04FFFFFFFF0CFFFFFFFF0C1C0000000C160000000CFFFFFFFF0C180000000B0C2900000004000000000CFFFFFFFF110E0873747261696768740D0563757276650CFFFFFFFF04FFFFFFFF0CFFFFFFFF139E12C605569413408416C8A29FFFF7BF00000000000000001452109777303DF6BF000000000000
310
000000000000000000000B0B110D04656467650CFFFFFFFF04FFFFFFFF0CFFFFFFFF0C080000000600000000000000000C0A00000006000000000000F03F0C1C0000000C1A0000000B0707756E6B6E6F776E110D06636F656467650CFFFFFFFF04FFFFFFFF0CFFFFFFFF0C1F0000000C190000000CFFFFFFFF0C1B0000000B
310
0C2900000004000000000CFFFFFFFF110E07656C6C697073650D0563757276650CFFFFFFFF04FFFFFFFF0CFFFFFFFF13139DC0CF130A0C402756FC95847AFABF00000000000000001400000000000000000000000000000080000000000000F03F14000000000000000015FDA19927D7C33F00000000000000000600000000
310
0000F03F0B0B110D04656467650CFFFFFFFF04FFFFFFFF0CFFFFFFFF0C0A0000000600000000000000000C0C00000006182D4454FB21F93F0C1F0000000C1D0000000B0707756E6B6E6F776E110D06636F656467650CFFFFFFFF04FFFFFFFF0CFFFFFFFF0C220000000C1C0000000CFFFFFFFF0C1E0000000B0C2900000004
310
000000000CFFFFFFFF110E0873747261696768740D0563757276650CFFFFFFFF04FFFFFFFF0CFFFFFFFF13427D2656A1CC0A402756FC95847AFABF0000000000000000140000000000000000A57DCE38680AF3BF00000000000000000B0B110D04656467650CFFFFFFFF04FFFFFFFF0CFFFFFFFF0C0C000000060000000000
310
0000000C0E00000006000000000000F03F0C220000000C200000000B0707756E6B6E6F776E110D06636F656467650CFFFFFFFF04FFFFFFFF0CFFFFFFFF0C250000000C1F0000000CFFFFFFFF0C210000000B0C2900000004000000000CFFFFFFFF110E07656C6C697073650D0563757276650CFFFFFFFF04FFFFFFFF0CFFFF
310
FFFF13139DC0CF130A0C40E669656776C206C000000000000000001400000000000000000000000000000000000000000000F03F1415FDA19927D7C3BF0000000000000000000000000000000006000000000000F03F0B0B110D04656467650CFFFFFFFF04FFFFFFFF0CFFFFFFFF0C0E0000000600000000000000000C1000
310
000006182D4454FB21F93F0C250000000C230000000B0707756E6B6E6F776E110D06636F656467650CFFFFFFFF04FFFFFFFF0CFFFFFFFF0C280000000C220000000CFFFFFFFF0C240000000B0C2900000004000000000CFFFFFFFF110E0873747261696768740D0563757276650CFFFFFFFF04FFFFFFFF0CFFFFFFFF13139D
310
C0CF130A0C40B789FFE0E8FF07C000000000000000001452109777303DF63F000000000000000000000000000000000B0B110D04656467650CFFFFFFFF04FFFFFFFF0CFFFFFFFF0C100000000600000000000000000C0200000006000000000000F03F0C280000000C260000000B0707756E6B6E6F776E110D06636F656467
310
650CFFFFFFFF04FFFFFFFF0CFFFFFFFF0C130000000C250000000CFFFFFFFF0C270000000B0C2900000004000000000CFFFFFFFF110D046C6F6F700CFFFFFFFF04FFFFFFFF0CFFFFFFFF0CFFFFFFFF0C130000000C2B000000110E05706C616E650D07737572666163650CFFFFFFFF04FFFFFFFF0CFFFFFFFF139430D3F6AF
310
CC10407DCA3159DCFF01C000000000000000001400000000000000800000000000000000000000000000F03F14000000000000F0BF000000000000000000000000000000800B0B0B0B0B110D04666163650CFFFFFFFF04FFFFFFFF0CFFFFFFFF0CFFFFFFFF0C290000000C2C0000000CFFFFFFFF0C2A0000000B0A0B110D05
310
7368656C6C0CFFFFFFFF04FFFFFFFF0CFFFFFFFF0CFFFFFFFF0CFFFFFFFF0C2B0000000CFFFFFFFF0C2D000000110D046C756D700CFFFFFFFF04FFFFFFFF0CFFFFFFFF0CFFFFFFFF0C2C0000000C00000000110E03456E640E026F660E0341534D0D0464617461
  0
ACDSRECORD
 90
        1
  2
AcDbDs::ID
280
    10
320
36E
  2
ASM_Data
280
    15
 94
     3024
310
414349532042696E61727946696C652855000000000000010000000C00000007214F70656E2044657369676E20416C6C69616E63652041434953204275696C646572070E41434953203231382E3030204E540718546875204A756E2032372031363A32383A3231203230323406000000000000F03F0648AFBC9AF2D77A3E06
310
BBBDD7D9DF7CDB3D0D04626F64790CFFFFFFFF04FFFFFFFF0CFFFFFFFF0C2D0000000CFFFFFFFF0CFFFFFFFF110D05706F696E740CFFFFFFFF04FFFFFFFF0CFFFFFFFF1387857BE1A5C6D53FB8FB03828CC2D53F0000000000000000110D067665727465780CFFFFFFFF04FFFFFFFF0CFFFFFFFF0C2700000004020000000C
310
01000000110D05706F696E740CFFFFFFFF04FFFFFFFF0CFFFFFFFF13E75642563B33C33F4A435397082BC33F0000000000000000110D067665727465780CFFFFFFFF04FFFFFFFF0CFFFFFFFF0C1500000004020000000C03000000110D05706F696E740CFFFFFFFF04FFFFFFFF0CFFFFFFFF13E75642563B33C33F48435397
310
082BC3BF0000000000000000110D067665727465780CFFFFFFFF04FFFFFFFF0CFFFFFFFF0C1800000004020000000C05000000110D05706F696E740CFFFFFFFF04FFFFFFFF0CFFFFFFFF1386857BE1A5C6D53FB8FB03828CC2D5BF0000000000000000110D067665727465780CFFFFFFFF04FFFFFFFF0CFFFFFFFF0C1B0000
310
0004020000000C07000000110D05706F696E740CFFFFFFFF04FFFFFFFF0CFFFFFFFF13C69141CD1483E33FB8FB03828CC2D5BF0000000000000000110D067665727465780CFFFFFFFF04FFFFFFFF0CFFFFFFFF0C1E00000004020000000C09000000110D05706F696E740CFFFFFFFF04FFFFFFFF0CFFFFFFFF13D0BE6EE898
310
99E93F49435397082BC3BF0000000000000000110D067665727465780CFFFFFFFF04FFFFFFFF0CFFFFFFFF0C2100000004020000000C0B000000110D05706F696E740CFFFFFFFF04FFFFFFFF0CFFFFFFFF13D0BE6EE89899E93F49435397082BC33F0000000000000000110D067665727465780CFFFFFFFF04FFFFFFFF0CFF
310
FFFFFF0C2400000004020000000C0D000000110D05706F696E740CFFFFFFFF04FFFFFFFF0CFFFFFFFF13C69141CD1483E33FB8FB03828CC2D53F0000000000000000110D067665727465780CFFFFFFFF04FFFFFFFF0CFFFFFFFF0C2700000004020000000C0F000000110E07656C6C697073650D0563757276650CFFFFFFFF
310
04FFFFFFFF0CFFFFFFFF1387857BE1A5C6D53F49435397082BC33F00000000000000001400000000000000000000000000000080000000000000F03F14000000000000000027B4B46C105AC83F000000000000000006000000000000F03F0B0B110D04656467650CFFFFFFFF04FFFFFFFF0CFFFFFFFF0C0200000006000000
310
00000000000C0400000006182D4454FB21F93F0C130000000C110000000B0707756E6B6E6F776E110D06636F656467650CFFFFFFFF04FFFFFFFF0CFFFFFFFF0C160000000C280000000CFFFFFFFF0C120000000B0C2900000004000000000CFFFFFFFF110E0873747261696768740D0563757276650CFFFFFFFF04FFFFFFFF
310
0CFFFFFFFF13E75642563B33C33F4A435397082BC33F000000000000000014000000000000000049435397082BD3BF00000000000000000B0B110D04656467650CFFFFFFFF04FFFFFFFF0CFFFFFFFF0C040000000600000000000000000C0600000006000000000000F03F0C160000000C140000000B0707756E6B6E6F776E
310
110D06636F656467650CFFFFFFFF04FFFFFFFF0CFFFFFFFF0C190000000C130000000CFFFFFFFF0C150000000B0C2900000004000000000CFFFFFFFF110E07656C6C697073650D0563757276650CFFFFFFFF04FFFFFFFF0CFFFFFFFF1387857BE1A5C6D53F49435397082BC3BF000000000000000014000000000000000000
310
00000000000000000000000000F03F1427B4B46C105AC8BF000000000000803C000000000000000006000000000000F03F0B0B110D04656467650CFFFFFFFF04FFFFFFFF0CFFFFFFFF0C060000000600000000000000000C0800000006182D4454FB21F93F0C190000000C170000000B0707756E6B6E6F776E110D06636F65
310
6467650CFFFFFFFF04FFFFFFFF0CFFFFFFFF0C1C0000000C160000000CFFFFFFFF0C180000000B0C2900000004000000000CFFFFFFFF110E0873747261696768740D0563757276650CFFFFFFFF04FFFFFFFF0CFFFFFFFF1386857BE1A5C6D53FB8FB03828CC2D5BF000000000000000014069E07B9833FD13F000000000000
310
000000000000000000000B0B110D04656467650CFFFFFFFF04FFFFFFFF0CFFFFFFFF0C080000000600000000000000000C0A00000006000000000000F03F0C1C0000000C1A0000000B0707756E6B6E6F776E110D06636F656467650CFFFFFFFF04FFFFFFFF0CFFFFFFFF0C1F0000000C190000000CFFFFFFFF0C1B0000000B
310
0C2900000004000000000CFFFFFFFF110E07656C6C697073650D0563757276650CFFFFFFFF04FFFFFFFF0CFFFFFFFF13C69141CD1483E33F49435397082BC3BF00000000000000001400000000000000000000000000000000000000000000F03F14000000000000000027B4B46C105AC8BF00000000000000000600000000
310
0000F03F0B0B110D04656467650CFFFFFFFF04FFFFFFFF0CFFFFFFFF0C0A0000000600000000000000000C0C00000006182D4454FB21F93F0C1F0000000C1D0000000B0707756E6B6E6F776E110D06636F656467650CFFFFFFFF04FFFFFFFF0CFFFFFFFF0C220000000C1C0000000CFFFFFFFF0C1E0000000B0C2900000004
310
000000000CFFFFFFFF110E0873747261696768740D0563757276650CFFFFFFFF04FFFFFFFF0CFFFFFFFF13D0BE6EE89899E93F49435397082BC3BF000000000000000014000000000000000049435397082BD33F00000000000000000B0B110D04656467650CFFFFFFFF04FFFFFFFF0CFFFFFFFF0C0C000000060000000000
310
0000000C0E00000006000000000000F03F0C220000000C200000000B0707756E6B6E6F776E110D06636F656467650CFFFFFFFF04FFFFFFFF0CFFFFFFFF0C250000000C1F0000000CFFFFFFFF0C210000000B0C2900000004000000000CFFFFFFFF110E07656C6C697073650D0563757276650CFFFFFFFF04FFFFFFFF0CFFFF
310
FFFF13C69141CD1483E33F49435397082BC33F00000000000000001400000000000000000000000000000000000000000000F03F1427B4B46C105AC83F0000000000000000000000000000000006000000000000F03F0B0B110D04656467650CFFFFFFFF04FFFFFFFF0CFFFFFFFF0C0E0000000600000000000000000C1000
310
000006182D4454FB21F93F0C250000000C230000000B0707756E6B6E6F776E110D06636F656467650CFFFFFFFF04FFFFFFFF0CFFFFFFFF0C280000000C220000000CFFFFFFFF0C240000000B0C2900000004000000000CFFFFFFFF110E0873747261696768740D0563757276650CFFFFFFFF04FFFFFFFF0CFFFFFFFF13C691
310
41CD1483E33FB8FB03828CC2D53F000000000000000014059E07B9833FD1BF000000000000000000000000000000000B0B110D04656467650CFFFFFFFF04FFFFFFFF0CFFFFFFFF0C100000000600000000000000000C0200000006000000000000F03F0C280000000C260000000B0707756E6B6E6F776E110D06636F656467
310
650CFFFFFFFF04FFFFFFFF0CFFFFFFFF0C130000000C250000000CFFFFFFFF0C270000000B0C2900000004000000000CFFFFFFFF110D046C6F6F700CFFFFFFFF04FFFFFFFF0CFFFFFFFF0CFFFFFFFF0C130000000C2B000000110E05706C616E650D07737572666163650CFFFFFFFF04FFFFFFFF0CFFFFFFFF1386857BE1A5
310
C6D53F000000000000000000000000000000001400000000000000800000000000000000000000000000F03F14000000000000F0BF000000000000000000000000000000800B0B0B0B0B110D04666163650CFFFFFFFF04FFFFFFFF0CFFFFFFFF0CFFFFFFFF0C290000000C2C0000000CFFFFFFFF0C2A0000000B0A0B110D05
310
7368656C6C0CFFFFFFFF04FFFFFFFF0CFFFFFFFF0CFFFFFFFF0CFFFFFFFF0C2B0000000CFFFFFFFF0C2D000000110D046C756D700CFFFFFFFF04FFFFFFFF0CFFFFFFFF0CFFFFFFFF0C2C0000000C00000000110E03456E640E026F660E0341534D0D0464617461
  0
ACDSRECORD
 90
        1
  2
AcDbDs::ID
280
    10
320
370
  2
ASM_Data
280
    15
 94
     3024
310
414349532042696E61727946696C652855000000000000010000000C00000007214F70656E2044657369676E20416C6C69616E63652041434953204275696C646572070E41434953203231382E3030204E540718546875204A756E2032372031363A32383A3231203230323406000000000000F03F0648AFBC9AF2D77A3E06
310
BBBDD7D9DF7CDB3D0D04626F64790CFFFFFFFF04FFFFFFFF0CFFFFFFFF0C2D0000000CFFFFFFFF0CFFFFFFFF110D05706F696E740CFFFFFFFF04FFFFFFFF0CFFFFFFFF1388857BE1A5C6D5BFB7FB03828CC2D5BF0000000000000000110D067665727465780CFFFFFFFF04FFFFFFFF0CFFFFFFFF0C2700000004020000000C
310
01000000110D05706F696E740CFFFFFFFF04FFFFFFFF0CFFFFFFFF13E75642563B33C3BF48435397082BC3BF0000000000000000110D067665727465780CFFFFFFFF04FFFFFFFF0CFFFFFFFF0C1500000004020000000C03000000110D05706F696E740CFFFFFFFF04FFFFFFFF0CFFFFFFFF13E75642563B33C3BF4A435397
310
082BC33F0000000000000000110D067665727465780CFFFFFFFF04FFFFFFFF0CFFFFFFFF0C1800000004020000000C05000000110D05706F696E740CFFFFFFFF04FFFFFFFF0CFFFFFFFF1387857BE1A5C6D5BFB8FB03828CC2D53F0000000000000000110D067665727465780CFFFFFFFF04FFFFFFFF0CFFFFFFFF0C1B0000
310
0004020000000C07000000110D05706F696E740CFFFFFFFF04FFFFFFFF0CFFFFFFFF13C69141CD1483E3BFB7FB03828CC2D53F0000000000000000110D067665727465780CFFFFFFFF04FFFFFFFF0CFFFFFFFF0C1E00000004020000000C09000000110D05706F696E740CFFFFFFFF04FFFFFFFF0CFFFFFFFF13D0BE6EE898
310
99E9BF49435397082BC33F0000000000000000110D067665727465780CFFFFFFFF04FFFFFFFF0CFFFFFFFF0C2100000004020000000C0B000000110D05706F696E740CFFFFFFFF04FFFFFFFF0CFFFFFFFF13D0BE6EE89899E9BF49435397082BC3BF0000000000000000110D067665727465780CFFFFFFFF04FFFFFFFF0CFF
310
FFFFFF0C2400000004020000000C0D000000110D05706F696E740CFFFFFFFF04FFFFFFFF0CFFFFFFFF13C69141CD1483E3BFB8FB03828CC2D5BF0000000000000000110D067665727465780CFFFFFFFF04FFFFFFFF0CFFFFFFFF0C2700000004020000000C0F000000110E07656C6C697073650D0563757276650CFFFFFFFF
310
04FFFFFFFF0CFFFFFFFF1387857BE1A5C6D5BF48435397082BC3BF00000000000000001400000000000000000000000000000000000000000000F03F1400000000000090BC27B4B46C105AC8BF000000000000000006000000000000F03F0B0B110D04656467650CFFFFFFFF04FFFFFFFF0CFFFFFFFF0C0200000006000000
310
00000000000C0400000006182D4454FB21F93F0C130000000C110000000B0707756E6B6E6F776E110D06636F656467650CFFFFFFFF04FFFFFFFF0CFFFFFFFF0C160000000C280000000CFFFFFFFF0C120000000B0C2900000004000000000CFFFFFFFF110E0873747261696768740D0563757276650CFFFFFFFF04FFFFFFFF
310
0CFFFFFFFF13E75642563B33C3BF48435397082BC3BF000000000000000014000000000000000049435397082BD33F00000000000000000B0B110D04656467650CFFFFFFFF04FFFFFFFF0CFFFFFFFF0C040000000600000000000000000C0600000006000000000000F03F0C160000000C140000000B0707756E6B6E6F776E
310
110D06636F656467650CFFFFFFFF04FFFFFFFF0CFFFFFFFF0C190000000C130000000CFFFFFFFF0C150000000B0C2900000004000000000CFFFFFFFF110E07656C6C697073650D0563757276650CFFFFFFFF04FFFFFFFF0CFFFFFFFF1387857BE1A5C6D5BF4A435397082BC33F000000000000000014000000000000000000
310
00000000000000000000000000F03F1427B4B46C105AC83F0000000000000000000000000000000006000000000000F03F0B0B110D04656467650CFFFFFFFF04FFFFFFFF0CFFFFFFFF0C060000000600000000000000000C0800000006182D4454FB21F93F0C190000000C170000000B0707756E6B6E6F776E110D06636F65
310
6467650CFFFFFFFF04FFFFFFFF0CFFFFFFFF0C1C0000000C160000000CFFFFFFFF0C180000000B0C2900000004000000000CFFFFFFFF110E0873747261696768740D0563757276650CFFFFFFFF04FFFFFFFF0CFFFFFFFF1387857BE1A5C6D5BFB8FB03828CC2D53F000000000000000014059E07B9833FD1BF000000000000
310
000000000000000000000B0B110D04656467650CFFFFFFFF04FFFFFFFF0CFFFFFFFF0C080000000600000000000000000C0A00000006000000000000F03F0C1C0000000C1A0000000B0707756E6B6E6F776E110D06636F656467650CFFFFFFFF04FFFFFFFF0CFFFFFFFF0C1F0000000C190000000CFFFFFFFF0C1B0000000B
310
0C2900000004000000000CFFFFFFFF110E07656C6C697073650D0563757276650CFFFFFFFF04FFFFFFFF0CFFFFFFFF13C69141CD1483E3BF48435397082BC33F00000000000000001400000000000000000000000000000080000000000000F03F14000000000000000027B4B46C105AC83F00000000000000000600000000
310
0000F03F0B0B110D04656467650CFFFFFFFF04FFFFFFFF0CFFFFFFFF0C0A0000000600000000000000000C0C00000006182D4454FB21F93F0C1F0000000C1D0000000B0707756E6B6E6F776E110D06636F656467650CFFFFFFFF04FFFFFFFF0CFFFFFFFF0C220000000C1C0000000CFFFFFFFF0C1E0000000B0C2900000004
310
000000000CFFFFFFFF110E0873747261696768740D0563757276650CFFFFFFFF04FFFFFFFF0CFFFFFFFF13D0BE6EE89899E9BF49435397082BC33F000000000000000014000000000000000049435397082BD3BF00000000000000000B0B110D04656467650CFFFFFFFF04FFFFFFFF0CFFFFFFFF0C0C000000060000000000
310
0000000C0E00000006000000000000F03F0C220000000C200000000B0707756E6B6E6F776E110D06636F656467650CFFFFFFFF04FFFFFFFF0CFFFFFFFF0C250000000C1F0000000CFFFFFFFF0C210000000B0C2900000004000000000CFFFFFFFF110E07656C6C697073650D0563757276650CFFFFFFFF04FFFFFFFF0CFFFF
310
FFFF13C69141CD1483E3BF4A435397082BC3BF00000000000000001400000000000000000000000000000000000000000000F03F1427B4B46C105AC8BF000000000000803C000000000000000006000000000000F03F0B0B110D04656467650CFFFFFFFF04FFFFFFFF0CFFFFFFFF0C0E0000000600000000000000000C1000
310
000006182D4454FB21F93F0C250000000C230000000B0707756E6B6E6F776E110D06636F656467650CFFFFFFFF04FFFFFFFF0CFFFFFFFF0C280000000C220000000CFFFFFFFF0C240000000B0C2900000004000000000CFFFFFFFF110E0873747261696768740D0563757276650CFFFFFFFF04FFFFFFFF0CFFFFFFFF13C691
310
41CD1483E3BFB8FB03828CC2D5BF000000000000000014049E07B9833FD13F000000000000000000000000000000000B0B110D04656467650CFFFFFFFF04FFFFFFFF0CFFFFFFFF0C100000000600000000000000000C0200000006000000000000F03F0C280000000C260000000B0707756E6B6E6F776E110D06636F656467
310
650CFFFFFFFF04FFFFFFFF0CFFFFFFFF0C130000000C250000000CFFFFFFFF0C270000000B0C2900000004000000000CFFFFFFFF110D046C6F6F700CFFFFFFFF04FFFFFFFF0CFFFFFFFF0CFFFFFFFF0C130000000C2B000000110E05706C616E650D07737572666163650CFFFFFFFF04FFFFFFFF0CFFFFFFFF138A54FFBD67
310
66DEBF000000000000000000000000000000001400000000000000800000000000000000000000000000F03F14000000000000F0BF000000000000000000000000000000800B0B0B0B0B110D04666163650CFFFFFFFF04FFFFFFFF0CFFFFFFFF0CFFFFFFFF0C290000000C2C0000000CFFFFFFFF0C2A0000000B0A0B110D05
310
7368656C6C0CFFFFFFFF04FFFFFFFF0CFFFFFFFF0CFFFFFFFF0CFFFFFFFF0C2B0000000CFFFFFFFF0C2D000000110D046C756D700CFFFFFFFF04FFFFFFFF0CFFFFFFFF0CFFFFFFFF0C2C0000000C00000000110E03456E640E026F660E0341534D0D0464617461
  0
ACDSRECORD
 90
        1
  2
AcDbDs::ID
280
    10
320
374
  2
ASM_Data
280
    15
 94
     3024
310
414349532042696E61727946696C652855000000000000010000000C00000007214F70656E2044657369676E20416C6C69616E63652041434953204275696C646572070E41434953203231382E3030204E540718546875204A756E2032372031363A32383A3231203230323406000000000000F03F0648AFBC9AF2D77A3E06
310
BBBDD7D9DF7CDB3D0D04626F64790CFFFFFFFF04FFFFFFFF0CFFFFFFFF0C2D0000000CFFFFFFFF0CFFFFFFFF110D05706F696E740CFFFFFFFF04FFFFFFFF0CFFFFFFFF13BD67C988B0C6D53FB8FB03828CC2D53F0000000000000000110D067665727465780CFFFFFFFF04FFFFFFFF0CFFFFFFFF0C2700000004020000000C
310
01000000110D05706F696E740CFFFFFFFF04FFFFFFFF0CFFFFFFFF13531BDEA45033C33F4A435397082BC33F0000000000000000110D067665727465780CFFFFFFFF04FFFFFFFF0CFFFFFFFF0C1500000004020000000C03000000110D05706F696E740CFFFFFFFF04FFFFFFFF0CFFFFFFFF13531BDEA45033C33F48435397
310
082BC3BF0000000000000000110D067665727465780CFFFFFFFF04FFFFFFFF0CFFFFFFFF0C1800000004020000000C05000000110D05706F696E740CFFFFFFFF04FFFFFFFF0CFFFFFFFF13BC67C988B0C6D53FB8FB03828CC2D5BF0000000000000000110D067665727465780CFFFFFFFF04FFFFFFFF0CFFFFFFFF0C1B0000
310
0004020000000C07000000110D05706F696E740CFFFFFFFF04FFFFFFFF0CFFFFFFFF13E182E8201A83E33FB8FB03828CC2D5BF0000000000000000110D067665727465780CFFFFFFFF04FFFFFFFF0CFFFFFFFF0C1E00000004020000000C09000000110D05706F696E740CFFFFFFFF04FFFFFFFF0CFFFFFFFF13EBAF153C9E
310
99E93F49435397082BC3BF0000000000000000110D067665727465780CFFFFFFFF04FFFFFFFF0CFFFFFFFF0C2100000004020000000C0B000000110D05706F696E740CFFFFFFFF04FFFFFFFF0CFFFFFFFF13EAAF153C9E99E93F49435397082BC33F0000000000000000110D067665727465780CFFFFFFFF04FFFFFFFF0CFF
310
FFFFFF0C2400000004020000000C0D000000110D05706F696E740CFFFFFFFF04FFFFFFFF0CFFFFFFFF13E182E8201A83E33FB8FB03828CC2D53F0000000000000000110D067665727465780CFFFFFFFF04FFFFFFFF0CFFFFFFFF0C2700000004020000000C0F000000110E07656C6C697073650D0563757276650CFFFFFFFF
310
04FFFFFFFF0CFFFFFFFF13BD67C988B0C6D53F49435397082BC33F00000000000000001400000000000000000000000000000080000000000000F03F14000000000000000027B4B46C105AC83F000000000000000006000000000000F03F0B0B110D04656467650CFFFFFFFF04FFFFFFFF0CFFFFFFFF0C0200000006000000
310
00000000000C0400000006182D4454FB21F93F0C130000000C110000000B0707756E6B6E6F776E110D06636F656467650CFFFFFFFF04FFFFFFFF0CFFFFFFFF0C160000000C280000000CFFFFFFFF0C120000000B0C2900000004000000000CFFFFFFFF110E0873747261696768740D0563757276650CFFFFFFFF04FFFFFFFF
310
0CFFFFFFFF13531BDEA45033C33F4A435397082BC33F000000000000000014000000000000000049435397082BD3BF00000000000000000B0B110D04656467650CFFFFFFFF04FFFFFFFF0CFFFFFFFF0C040000000600000000000000000C0600000006000000000000F03F0C160000000C140000000B0707756E6B6E6F776E
310
110D06636F656467650CFFFFFFFF04FFFFFFFF0CFFFFFFFF0C190000000C130000000CFFFFFFFF0C150000000B0C2900000004000000000CFFFFFFFF110E07656C6C697073650D0563757276650CFFFFFFFF04FFFFFFFF0CFFFFFFFF13BD67C988B0C6D53F49435397082BC3BF000000000000000014000000000000000000
310
00000000000000000000000000F03F1427B4B46C105AC8BF000000000000803C000000000000000006000000000000F03F0B0B110D04656467650CFFFFFFFF04FFFFFFFF0CFFFFFFFF0C060000000600000000000000000C0800000006182D4454FB21F93F0C190000000C170000000B0707756E6B6E6F776E110D06636F65
310
6467650CFFFFFFFF04FFFFFFFF0CFFFFFFFF0C1C0000000C160000000CFFFFFFFF0C180000000B0C2900000004000000000CFFFFFFFF110E0873747261696768740D0563757276650CFFFFFFFF04FFFFFFFF0CFFFFFFFF13BC67C988B0C6D53FB8FB03828CC2D5BF000000000000000014069E07B9833FD13F000000000000
310
000000000000000000000B0B110D04656467650CFFFFFFFF04FFFFFFFF0CFFFFFFFF0C080000000600000000000000000C0A00000006000000000000F03F0C1C0000000C1A0000000B0707756E6B6E6F776E110D06636F656467650CFFFFFFFF04FFFFFFFF0CFFFFFFFF0C1F0000000C190000000CFFFFFFFF0C1B0000000B
310
0C2900000004000000000CFFFFFFFF110E07656C6C697073650D0563757276650CFFFFFFFF04FFFFFFFF0CFFFFFFFF13E182E8201A83E33F49435397082BC3BF00000000000000001400000000000000000000000000000000000000000000F03F14000000000000000027B4B46C105AC8BF00000000000000000600000000
310
0000F03F0B0B110D04656467650CFFFFFFFF04FFFFFFFF0CFFFFFFFF0C0A0000000600000000000000000C0C00000006182D4454FB21F93F0C1F0000000C1D0000000B0707756E6B6E6F776E110D06636F656467650CFFFFFFFF04FFFFFFFF0CFFFFFFFF0C220000000C1C0000000CFFFFFFFF0C1E0000000B0C2900000004
310
000000000CFFFFFFFF110E0873747261696768740D0563757276650CFFFFFFFF04FFFFFFFF0CFFFFFFFF13EBAF153C9E99E93F49435397082BC3BF000000000000000014000000000000000049435397082BD33F00000000000000000B0B110D04656467650CFFFFFFFF04FFFFFFFF0CFFFFFFFF0C0C000000060000000000
310
0000000C0E00000006000000000000F03F0C220000000C200000000B0707756E6B6E6F776E110D06636F656467650CFFFFFFFF04FFFFFFFF0CFFFFFFFF0C250000000C1F0000000CFFFFFFFF0C210000000B0C2900000004000000000CFFFFFFFF110E07656C6C697073650D0563757276650CFFFFFFFF04FFFFFFFF0CFFFF
310
FFFF13E182E8201A83E33F49435397082BC33F00000000000000001400000000000000000000000000000000000000000000F03F1427B4B46C105AC83F0000000000000000000000000000000006000000000000F03F0B0B110D04656467650CFFFFFFFF04FFFFFFFF0CFFFFFFFF0C0E0000000600000000000000000C1000
310
000006182D4454FB21F93F0C250000000C230000000B0707756E6B6E6F776E110D06636F656467650CFFFFFFFF04FFFFFFFF0CFFFFFFFF0C280000000C220000000CFFFFFFFF0C240000000B0C2900000004000000000CFFFFFFFF110E0873747261696768740D0563757276650CFFFFFFFF04FFFFFFFF0CFFFFFFFF13E182
310
E8201A83E33FB8FB03828CC2D53F000000000000000014059E07B9833FD1BF000000000000000000000000000000000B0B110D04656467650CFFFFFFFF04FFFFFFFF0CFFFFFFFF0C100000000600000000000000000C0200000006000000000000F03F0C280000000C260000000B0707756E6B6E6F776E110D06636F656467
310
650CFFFFFFFF04FFFFFFFF0CFFFFFFFF0C130000000C250000000CFFFFFFFF0C270000000B0C2900000004000000000CFFFFFFFF110D046C6F6F700CFFFFFFFF04FFFFFFFF0CFFFFFFFF0CFFFFFFFF0C130000000C2B000000110E05706C616E650D07737572666163650CFFFFFFFF04FFFFFFFF0CFFFFFFFF13BC67C988B0
310
C6D53F000000000000000000000000000000001400000000000000800000000000000000000000000000F03F14000000000000F0BF000000000000000000000000000000800B0B0B0B0B110D04666163650CFFFFFFFF04FFFFFFFF0CFFFFFFFF0CFFFFFFFF0C290000000C2C0000000CFFFFFFFF0C2A0000000B0A0B110D05
310
7368656C6C0CFFFFFFFF04FFFFFFFF0CFFFFFFFF0CFFFFFFFF0CFFFFFFFF0C2B0000000CFFFFFFFF0C2D000000110D046C756D700CFFFFFFFF04FFFFFFFF0CFFFFFFFF0CFFFFFFFF0C2C0000000C00000000110E03456E640E026F660E0341534D0D0464617461
  0
ACDSRECORD
 90
        1
  2
AcDbDs::ID
280
    10
320
376
  2
ASM_Data
280
    15
 94
     3024
310
414349532042696E61727946696C652855000000000000010000000C00000007214F70656E2044657369676E20416C6C69616E63652041434953204275696C646572070E41434953203231382E3030204E540718546875204A756E2032372031363A32383A3231203230323406000000000000F03F0648AFBC9AF2D77A3E06
310
BBBDD7D9DF7CDB3D0D04626F64790CFFFFFFFF04FFFFFFFF0CFFFFFFFF0C2D0000000CFFFFFFFF0CFFFFFFFF110D05706F696E740CFFFFFFFF04FFFFFFFF0CFFFFFFFF13BE67C988B0C6D5BFB8FB03828CC2D5BF0000000000000000110D067665727465780CFFFFFFFF04FFFFFFFF0CFFFFFFFF0C2700000004020000000C
310
01000000110D05706F696E740CFFFFFFFF04FFFFFFFF0CFFFFFFFF13531BDEA45033C3BF4A435397082BC3BF0000000000000000110D067665727465780CFFFFFFFF04FFFFFFFF0CFFFFFFFF0C1500000004020000000C03000000110D05706F696E740CFFFFFFFF04FFFFFFFF0CFFFFFFFF13531BDEA45033C3BF48435397
310
082BC33F0000000000000000110D067665727465780CFFFFFFFF04FFFFFFFF0CFFFFFFFF0C1800000004020000000C05000000110D05706F696E740CFFFFFFFF04FFFFFFFF0CFFFFFFFF13BD67C988B0C6D5BFB8FB03828CC2D53F0000000000000000110D067665727465780CFFFFFFFF04FFFFFFFF0CFFFFFFFF0C1B0000
310
0004020000000C07000000110D05706F696E740CFFFFFFFF04FFFFFFFF0CFFFFFFFF13E182E8201A83E3BFB8FB03828CC2D53F0000000000000000110D067665727465780CFFFFFFFF04FFFFFFFF0CFFFFFFFF0C1E00000004020000000C09000000110D05706F696E740CFFFFFFFF04FFFFFFFF0CFFFFFFFF13EBAF153C9E
310
99E9BF4B435397082BC33F0000000000000000110D067665727465780CFFFFFFFF04FFFFFFFF0CFFFFFFFF0C2100000004020000000C0B000000110D05706F696E740CFFFFFFFF04FFFFFFFF0CFFFFFFFF13EAAF153C9E99E9BF47435397082BC3BF0000000000000000110D067665727465780CFFFFFFFF04FFFFFFFF0CFF
310
FFFFFF0C2400000004020000000C0D000000110D05706F696E740CFFFFFFFF04FFFFFFFF0CFFFFFFFF13E182E8201A83E3BFB8FB03828CC2D5BF0000000000000000110D067665727465780CFFFFFFFF04FFFFFFFF0CFFFFFFFF0C2700000004020000000C0F000000110E07656C6C697073650D0563757276650CFFFFFFFF
310
04FFFFFFFF0CFFFFFFFF13BD67C988B0C6D5BF4A435397082BC3BF00000000000000001400000000000000000000000000000000000000000000F03F1401000000000090BC27B4B46C105AC8BF000000000000000006000000000000F03F0B0B110D04656467650CFFFFFFFF04FFFFFFFF0CFFFFFFFF0C0200000006000000
310
00000000000C0400000006182D4454FB21F93F0C130000000C110000000B0707756E6B6E6F776E110D06636F656467650CFFFFFFFF04FFFFFFFF0CFFFFFFFF0C160000000C280000000CFFFFFFFF0C120000000B0C2900000004000000000CFFFFFFFF110E0873747261696768740D0563757276650CFFFFFFFF04FFFFFFFF
310
0CFFFFFFFF13531BDEA45033C3BF4A435397082BC3BF000000000000000014000000000000000049435397082BD33F00000000000000000B0B110D04656467650CFFFFFFFF04FFFFFFFF0CFFFFFFFF0C040000000600000000000000000C0600000006000000000000F03F0C160000000C140000000B0707756E6B6E6F776E
310
110D06636F656467650CFFFFFFFF04FFFFFFFF0CFFFFFFFF0C190000000C130000000CFFFFFFFF0C150000000B0C2900000004000000000CFFFFFFFF110E07656C6C697073650D0563757276650CFFFFFFFF04FFFFFFFF0CFFFFFFFF13BD67C988B0C6D5BF48435397082BC33F000000000000000014000000000000000000
310
00000000000000000000000000F03F1427B4B46C105AC83F0000000000000000000000000000000006000000000000F03F0B0B110D04656467650CFFFFFFFF04FFFFFFFF0CFFFFFFFF0C060000000600000000000000000C0800000006182D4454FB21F93F0C190000000C170000000B0707756E6B6E6F776E110D06636F65
310
6467650CFFFFFFFF04FFFFFFFF0CFFFFFFFF0C1C0000000C160000000CFFFFFFFF0C180000000B0C2900000004000000000CFFFFFFFF110E0873747261696768740D0563757276650CFFFFFFFF04FFFFFFFF0CFFFFFFFF13BD67C988B0C6D5BFB8FB03828CC2D53F000000000000000014059E07B9833FD1BF000000000000
310
000000000000000000000B0B110D04656467650CFFFFFFFF04FFFFFFFF0CFFFFFFFF0C080000000600000000000000000C0A00000006000000000000F03F0C1C0000000C1A0000000B0707756E6B6E6F776E110D06636F656467650CFFFFFFFF04FFFFFFFF0CFFFFFFFF0C1F0000000C190000000CFFFFFFFF0C1B0000000B
310
0C2900000004000000000CFFFFFFFF110E07656C6C697073650D0563757276650CFFFFFFFF04FFFFFFFF0CFFFFFFFF13E182E8201A83E3BF4A435397082BC33F00000000000000001400000000000000000000000000000080000000000000F03F14000000000000000027B4B46C105AC83F00000000000000000600000000
310
0000F03F0B0B110D04656467650CFFFFFFFF04FFFFFFFF0CFFFFFFFF0C0A0000000600000000000000000C0C00000006182D4454FB21F93F0C1F0000000C1D0000000B0707756E6B6E6F776E110D06636F656467650CFFFFFFFF04FFFFFFFF0CFFFFFFFF0C220000000C1C0000000CFFFFFFFF0C1E0000000B0C2900000004
310
000000000CFFFFFFFF110E0873747261696768740D0563757276650CFFFFFFFF04FFFFFFFF0CFFFFFFFF13EBAF153C9E99E9BF4B435397082BC33F000000000000000014000000000000000049435397082BD3BF00000000000000000B0B110D04656467650CFFFFFFFF04FFFFFFFF0CFFFFFFFF0C0C000000060000000000
310
0000000C0E00000006000000000000F03F0C220000000C200000000B0707756E6B6E6F776E110D06636F656467650CFFFFFFFF04FFFFFFFF0CFFFFFFFF0C250000000C1F0000000CFFFFFFFF0C210000000B0C2900000004000000000CFFFFFFFF110E07656C6C697073650D0563757276650CFFFFFFFF04FFFFFFFF0CFFFF
310
FFFF13E182E8201A83E3BF48435397082BC3BF00000000000000001400000000000000000000000000000000000000000000F03F1427B4B46C105AC8BF000000000000803C000000000000000006000000000000F03F0B0B110D04656467650CFFFFFFFF04FFFFFFFF0CFFFFFFFF0C0E0000000600000000000000000C1000
310
000006182D4454FB21F93F0C250000000C230000000B0707756E6B6E6F776E110D06636F656467650CFFFFFFFF04FFFFFFFF0CFFFFFFFF0C280000000C220000000CFFFFFFFF0C240000000B0C2900000004000000000CFFFFFFFF110E0873747261696768740D0563757276650CFFFFFFFF04FFFFFFFF0CFFFFFFFF13E182
310
E8201A83E3BFB8FB03828CC2D5BF000000000000000014049E07B9833FD13F000000000000000000000000000000000B0B110D04656467650CFFFFFFFF04FFFFFFFF0CFFFFFFFF0C100000000600000000000000000C0200000006000000000000F03F0C280000000C260000000B0707756E6B6E6F776E110D06636F656467
310
650CFFFFFFFF04FFFFFFFF0CFFFFFFFF0C130000000C250000000CFFFFFFFF0C270000000B0C2900000004000000000CFFFFFFFF110D046C6F6F700CFFFFFFFF04FFFFFFFF0CFFFFFFFF0CFFFFFFFF0C130000000C2B000000110E05706C616E650D07737572666163650CFFFFFFFF04FFFFFFFF0CFFFFFFFF13BE67C988B0
310
C6D5BF000000000000000000000000000000001400000000000000000000000000000080000000000000F03F14000000000000F03F000000000000000000000000000000800B0B0B0B0B110D04666163650CFFFFFFFF04FFFFFFFF0CFFFFFFFF0CFFFFFFFF0C290000000C2C0000000CFFFFFFFF0C2A0000000B0A0B110D05
310
7368656C6C0CFFFFFFFF04FFFFFFFF0CFFFFFFFF0CFFFFFFFF0CFFFFFFFF0C2B0000000CFFFFFFFF0C2D000000110D046C756D700CFFFFFFFF04FFFFFFFF0CFFFFFFFF0CFFFFFFFF0C2C0000000C00000000110E03456E640E026F660E0341534D0D0464617461
  0
ENDSEC
  0
EOF
