  0
SECTION
  2
HEADER
  9
$ACADVER
  1
AC1027
  9
$ACADMAINTVER
 70
   105
  9
$DWGCODEPAGE
  3
ANSI_1252
  9
$LASTSAVEDBY
  1
Admin
  9
$REQUIREDVERSIONS
160
                 0
  9
$INSBASE
 10
0.0
 20
0.0
 30
0.0
  9
$EXTMIN
 10
1.000000000000000E+20
 20
1.000000000000000E+20
 30
1.000000000000000E+20
  9
$EXTMAX
 10
-1.000000000000000E+20
 20
-1.000000000000000E+20
 30
-1.000000000000000E+20
  9
$LIMMIN
 10
-20.58408126
 20
-20.56642318
  9
$LIMMAX
 10
63.55542788
 20
47.3657676
  9
$ORTHOMODE
 70
     0
  9
$REGENMODE
 70
     1
  9
$FILLMODE
 70
     1
  9
$QTEXTMODE
 70
     0
  9
$MIRRTEXT
 70
     1
  9
$LTSCALE
 40
1.0
  9
$ATTMODE
 70
     1
  9
$TEXTSIZE
 40
0.2
  9
$TRACEWID
 40
0.05
  9
$TEXTSTYLE
  7
Standard
  9
$CLAYER
  8
0
  9
$CELTYPE
  6
ByLayer
  9
$CECOLOR
 62
   256
  9
$CELTSCALE
 40
1.0
  9
$DISPSILH
 70
     0
  9
$DIMSCALE
 40
1.0
  9
$DIMASZ
 40
0.18
  9
$DIMEXO
 40
0.0625
  9
$DIMDLI
 40
0.38
  9
$DIMRND
 40
0.0
  9
$DIMDLE
 40
0.0
  9
$DIMEXE
 40
0.18
  9
$DIMTP
 40
0.0
  9
$DIMTM
 40
0.0
  9
$DIMTXT
 40
0.18
  9
$DIMCEN
 40
0.09
  9
$DIMTSZ
 40
0.0
  9
$DIMTOL
 70
     0
  9
$DIMLIM
 70
     0
  9
$DIMTIH
 70
     1
  9
$DIMTOH
 70
     1
  9
$DIMSE1
 70
     0
  9
$DIMSE2
 70
     0
  9
$DIMTAD
 70
     0
  9
$DIMZIN
 70
     0
  9
$DIMBLK
  1

  9
$DIMASO
 70
     1
  9
$DIMSHO
 70
     1
  9
$DIMPOST
  1

  9
$DIMAPOST
  1

  9
$DIMALT
 70
     0
  9
$DIMALTD
 70
     2
  9
$DIMALTF
 40
25.4
  9
$DIMLFAC
 40
1.0
  9
$DIMTOFL
 70
     0
  9
$DIMTVP
 40
0.0
  9
$DIMTIX
 70
     0
  9
$DIMSOXD
 70
     0
  9
$DIMSAH
 70
     0
  9
$DIMBLK1
  1

  9
$DIMBLK2
  1

  9
$DIMSTYLE
  2
Standard
  9
$DIMCLRD
 70
     0
  9
$DIMCLRE
 70
     0
  9
$DIMCLRT
 70
     0
  9
$DIMTFAC
 40
1.0
  9
$DIMGAP
 40
0.09
  9
$DIMJUST
 70
     0
  9
$DIMSD1
 70
     0
  9
$DIMSD2
 70
     0
  9
$DIMTOLJ
 70
     1
  9
$DIMTZIN
 70
     0
  9
$DIMALTZ
 70
     0
  9
$DIMALTTZ
 70
     0
  9
$DIMUPT
 70
     0
  9
$DIMDEC
 70
     4
  9
$DIMTDEC
 70
     4
  9
$DIMALTU
 70
     2
  9
$DIMALTTD
 70
     2
  9
$DIMTXSTY
  7
Standard
  9
$DIMAUNIT
 70
     0
  9
$DIMADEC
 70
     0
  9
$DIMALTRND
 40
0.0
  9
$DIMAZIN
 70
     0
  9
$DIMDSEP
 70
    46
  9
$DIMATFIT
 70
     3
  9
$DIMFRAC
 70
     0
  9
$DIMLDRBLK
  1

  9
$DIMLUNIT
 70
     2
  9
$DIMLWD
 70
    -2
  9
$DIMLWE
 70
    -2
  9
$DIMTMOVE
 70
     0
  9
$DIMFXL
 40
1.0
  9
$DIMFXLON
 70
     0
  9
$DIMJOGANG
 40
0.7853981633974483
  9
$DIMTFILL
 70
     0
  9
$DIMTFILLCLR
 70
     0
  9
$DIMARCSYM
 70
     0
  9
$DIMLTYPE
  6

  9
$DIMLTEX1
  6

  9
$DIMLTEX2
  6

  9
$DIMTXTDIRECTION
 70
     0
  9
$LUNITS
 70
     2
  9
$LUPREC
 70
     4
  9
$SKETCHINC
 40
0.1
  9
$FILLETRAD
 40
0.0
  9
$AUNITS
 70
     0
  9
$AUPREC
 70
     0
  9
$MENU
  1
.
  9
$ELEVATION
 40
0.0
  9
$PELEVATION
 40
0.0
  9
$THICKNESS
 40
0.0
  9
$LIMCHECK
 70
     0
  9
$CHAMFERA
 40
0.0
  9
$CHAMFERB
 40
0.0
  9
$CHAMFERC
 40
0.0
  9
$CHAMFERD
 40
0.0
  9
$SKPOLY
 70
     0
  9
$TDCREATE
 40
2460489.686352268
  9
$TDUCREATE
 40
2460489.603018935
  9
$TDUPDATE
 40
2460489.686353195
  9
$TDUUPDATE
 40
2460489.603019861
  9
$TDINDWG
 40
0.0000000116
  9
$TDUSRTIMER
 40
0.0000000116
  9
$USRTIMER
 70
     1
  9
$ANGBASE
 50
0.0
  9
$ANGDIR
 70
     0
  9
$PDMODE
 70
     0
  9
$PDSIZE
 40
0.0
  9
$PLINEWID
 40
0.0
  9
$SPLFRAME
 70
     0
  9
$SPLINETYPE
 70
     6
  9
$SPLINESEGS
 70
     8
  9
$HANDSEED
  5
C0C
  9
$SURFTAB1
 70
     6
  9
$SURFTAB2
 70
     6
  9
$SURFTYPE
 70
     6
  9
$SURFU
 70
     6
  9
$SURFV
 70
     6
  9
$UCSBASE
  2

  9
$UCSNAME
  2

  9
$UCSORG
 10
0.0
 20
0.0
 30
0.0
  9
$UCSXDIR
 10
1.0
 20
0.0
 30
0.0
  9
$UCSYDIR
 10
0.0
 20
1.0
 30
0.0
  9
$UCSORTHOREF
  2

  9
$UCSORTHOVIEW
 70
     0
  9
$UCSORGTOP
 10
0.0
 20
0.0
 30
0.0
  9
$UCSORGBOTTOM
 10
0.0
 20
0.0
 30
0.0
  9
$UCSORGLEFT
 10
0.0
 20
0.0
 30
0.0
  9
$UCSORGRIGHT
 10
0.0
 20
0.0
 30
0.0
  9
$UCSORGFRONT
 10
0.0
 20
0.0
 30
0.0
  9
$UCSORGBACK
 10
0.0
 20
0.0
 30
0.0
  9
$PUCSBASE
  2

  9
$PUCSNAME
  2

  9
$PUCSORG
 10
0.0
 20
0.0
 30
0.0
  9
$PUCSXDIR
 10
1.0
 20
0.0
 30
0.0
  9
$PUCSYDIR
 10
0.0
 20
1.0
 30
0.0
  9
$PUCSORTHOREF
  2

  9
$PUCSORTHOVIEW
 70
     0
  9
$PUCSORGTOP
 10
0.0
 20
0.0
 30
0.0
  9
$PUCSORGBOTTOM
 10
0.0
 20
0.0
 30
0.0
  9
$PUCSORGLEFT
 10
0.0
 20
0.0
 30
0.0
  9
$PUCSORGRIGHT
 10
0.0
 20
0.0
 30
0.0
  9
$PUCSORGFRONT
 10
0.0
 20
0.0
 30
0.0
  9
$PUCSORGBACK
 10
0.0
 20
0.0
 30
0.0
  9
$USERI1
 70
     0
  9
$USERI2
 70
     0
  9
$USERI3
 70
     0
  9
$USERI4
 70
     0
  9
$USERI5
 70
     0
  9
$USERR1
 40
0.0
  9
$USERR2
 40
0.0
  9
$USERR3
 40
0.0
  9
$USERR4
 40
0.0
  9
$USERR5
 40
0.0
  9
$WORLDVIEW
 70
     1
  9
$SHADEDGE
 70
     3
  9
$SHADEDIF
 70
    70
  9
$TILEMODE
 70
     1
  9
$MAXACTVP
 70
    64
  9
$PINSBASE
 10
0.0
 20
0.0
 30
0.0
  9
$PLIMCHECK
 70
     0
  9
$PEXTMIN
 10
1.000000000000000E+20
 20
1.000000000000000E+20
 30
1.000000000000000E+20
  9
$PEXTMAX
 10
-1.000000000000000E+20
 20
-1.000000000000000E+20
 30
-1.000000000000000E+20
  9
$PLIMMIN
 10
0.0
 20
0.0
  9
$PLIMMAX
 10
12.0
 20
9.0
  9
$UNITMODE
 70
     0
  9
$VISRETAIN
 70
     1
  9
$PLINEGEN
 70
     0
  9
$PSLTSCALE
 70
     1
  9
$TREEDEPTH
 70
  3020
  9
$CMLSTYLE
  2
Standard
  9
$CMLJUST
 70
     0
  9
$CMLSCALE
 40
1.0
  9
$PROXYGRAPHICS
 70
     1
  9
$MEASUREMENT
 70
     1
  9
$CELWEIGHT
370
    -1
  9
$ENDCAPS
280
     0
  9
$JOINSTYLE
280
     0
  9
$LWDISPLAY
290
     0
  9
$INSUNITS
 70
     1
  9
$HYPERLINKBASE
  1

  9
$STYLESHEET
  1

  9
$XEDIT
290
     1
  9
$CEPSNTYPE
380
     0
  9
$PSTYLEMODE
290
     1
  9
$FINGERPRINTGUID
  2
{aefc5fc9-f2e8-4b3f-b180-a65e860afd2a}
  9
$VERSIONGUID
  2
{FAEB1C32-E019-11D5-929B-00C0DF256EC4}
  9
$EXTNAMES
290
     1
  9
$PSVPSCALE
 40
0.0
  9
$OLESTARTUP
290
     0
  9
$SORTENTS
280
   127
  9
$INDEXCTL
280
     0
  9
$HIDETEXT
280
     1
  9
$XCLIPFRAME
280
     2
  9
$HALOGAP
280
     0
  9
$OBSCOLOR
 70
   257
  9
$OBSLTYPE
280
     0
  9
$INTERSECTIONDISPLAY
280
     0
  9
$INTERSECTIONCOLOR
 70
   257
  9
$DIMASSOC
280
     2
  9
$PROJECTNAME
  1

  9
$CAMERADISPLAY
290
     0
  9
$LENSLENGTH
 40
50.0
  9
$CAMERAHEIGHT
 40
0.0
  9
$STEPSPERSEC
 40
2.0
  9
$STEPSIZE
 40
6.0
  9
$3DDWFPREC
 40
2.0
  9
$PSOLWIDTH
 40
0.25
  9
$PSOLHEIGHT
 40
4.0
  9
$LOFTANG1
 40
1.570796326794897
  9
$LOFTANG2
 40
1.570796326794897
  9
$LOFTMAG1
 40
0.0
  9
$LOFTMAG2
 40
0.0
  9
$LOFTPARAM
 70
     7
  9
$LOFTNORMALS
280
     1
  9
$LATITUDE
 40
37.795
  9
$LONGITUDE
 40
-122.394
  9
$NORTHDIRECTION
 40
0.0
  9
$TIMEZONE
 70
 -8000
  9
$LIGHTGLYPHDISPLAY
280
     1
  9
$TILEMODELIGHTSYNCH
280
     1
  9
$CMATERIAL
347
44
  9
$SOLIDHIST
280
     0
  9
$SHOWHIST
280
     1
  9
$DWFFRAME
280
     2
  9
$DGNFRAME
280
     2
  9
$REALWORLDSCALE
290
     1
  9
$INTERFERECOLOR
 62
   256
  9
$CSHADOW
280
     0
  9
$SHADOWPLANELOCATION
 40
0.0
  0
ENDSEC
  0
SECTION
  2
CLASSES
  0
CLASS
  1
ACDBDICTIONARYWDFLT
  2
AcDbDictionaryWithDefault
  3
ObjectDBX Classes
 90
        0
 91
        3
280
     0
281
     0
  0
CLASS
  1
VISUALSTYLE
  2
AcDbVisualStyle
  3
ObjectDBX Classes
 90
     4095
 91
        3
280
     0
281
     0
  0
CLASS
  1
MATERIAL
  2
AcDbMaterial
  3
ObjectDBX Classes
 90
     1153
 91
        3
280
     0
281
     0
  0
CLASS
  1
SCALE
  2
AcDbScale
  3
ObjectDBX Classes
 90
     1153
 91
        3
280
     0
281
     0
  0
CLASS
  1
TABLESTYLE
  2
AcDbTableStyle
  3
ObjectDBX Classes
 90
     4095
 91
        3
280
     0
281
     0
  0
CLASS
  1
MLEADERSTYLE
  2
AcDbMLeaderStyle
  3
ACDB_MLEADERSTYLE_CLASS
 90
     4095
 91
        3
280
     0
281
     0
  0
CLASS
  1
SUN
  2
AcDbSun
  3
SCENEOE
 90
     1153
 91
        3
280
     0
281
     0
  0
CLASS
  1
DICTIONARYVAR
  2
AcDbDictionaryVar
  3
ObjectDBX Classes
 90
        0
 91
        3
280
     0
281
     0
  0
CLASS
  1
CELLSTYLEMAP
  2
AcDbCellStyleMap
  3
ObjectDBX Classes
 90
     1152
 91
        3
280
     0
281
     0
  0
ENDSEC
  0
SECTION
  2
TABLES
  0
TABLE
  2
VPORT
  5
8
330
0
100
AcDbSymbolTable
 70
     1
  0
VPORT
  5
29
330
8
100
AcDbSymbolTableRecord
100
AcDbViewportTableRecord
  2
*Active
 70
     0
 10
0.0
 20
0.0
 11
1.0
 21
1.0
 12
10.42990654205607
 22
4.5
 13
0.0
 23
0.0
 14
0.5
 24
0.5
 15
0.5
 25
0.5
 16
0.0
 26
0.0
 36
1.0
 17
0.0
 27
0.0
 37
0.0
 40
9.0
 41
1.972972972850329
 42
50.0
 43
0.0
 44
0.0
 50
0.0
 51
0.0
 71
     0
 72
   100
 73
     1
 74
     3
 75
     0
 76
     0
 77
     0
 78
     0
281
     0
 65
     1
110
0.0
120
0.0
130
0.0
111
1.0
121
0.0
131
0.0
112
0.0
122
1.0
132
0.0
 79
     0
146
0.0
348
2F
 60
     3
 61
     5
292
     1
282
     1
141
0.0
142
0.0
 63
   250
361
5D
  0
ENDTAB
  0
TABLE
  2
LTYPE
  5
5
330
0
100
AcDbSymbolTable
 70
     1
  0
LTYPE
  5
14
330
5
100
AcDbSymbolTableRecord
100
AcDbLinetypeTableRecord
  2
ByBlock
 70
     0
  3

 72
    65
 73
     0
 40
0.0
  0
LTYPE
  5
15
330
5
100
AcDbSymbolTableRecord
100
AcDbLinetypeTableRecord
  2
ByLayer
 70
     0
  3

 72
    65
 73
     0
 40
0.0
  0
LTYPE
  5
16
330
5
100
AcDbSymbolTableRecord
100
AcDbLinetypeTableRecord
  2
Continuous
 70
     0
  3
Solid line
 72
    65
 73
     0
 40
0.0
  0
ENDTAB
  0
TABLE
  2
LAYER
  5
2
330
0
100
AcDbSymbolTable
 70
     4
  0
LAYER
  5
10
330
2
100
AcDbSymbolTableRecord
100
AcDbLayerTableRecord
  2
0
 70
     0
 62
     7
  6
Continuous
370
    -3
390
F
347
46
348
0
  0
LAYER
  5
5E
330
2
100
AcDbSymbolTableRecord
100
AcDbLayerTableRecord
  2
BOTTOM
 70
     0
 62
     5
  6
Continuous
370
    -3
390
F
347
46
348
0
  0
LAYER
  5
5F
330
2
100
AcDbSymbolTableRecord
100
AcDbLayerTableRecord
  2
Pad Holes
 70
     0
 62
   156
  6
Continuous
370
    -3
390
F
347
46
348
0
  0
LAYER
  5
60
330
2
100
AcDbSymbolTableRecord
100
AcDbLayerTableRecord
  2
Via Holes
 70
     0
 62
    16
  6
Continuous
370
    -3
390
F
347
46
348
0
  0
ENDTAB
  0
TABLE
  2
STYLE
  5
3
330
0
100
AcDbSymbolTable
 70
     1
  0
STYLE
  5
11
330
3
100
AcDbSymbolTableRecord
100
AcDbTextStyleTableRecord
  2
Standard
 70
     0
 40
0.0
 41
1.0
 50
0.0
 71
     0
 42
0.2
  3
txt
  4

  0
ENDTAB
  0
TABLE
  2
VIEW
  5
6
330
0
100
AcDbSymbolTable
 70
     0
  0
ENDTAB
  0
TABLE
  2
UCS
  5
7
330
0
100
AcDbSymbolTable
 70
     0
  0
ENDTAB
  0
TABLE
  2
APPID
  5
9
330
0
100
AcDbSymbolTable
 70
     1
  0
APPID
  5
12
330
9
100
AcDbSymbolTableRecord
100
AcDbRegAppTableRecord
  2
ACAD
 70
     0
  0
ENDTAB
  0
TABLE
  2
DIMSTYLE
  5
A
330
0
100
AcDbSymbolTable
 70
     1
100
AcDbDimStyleTable
  0
DIMSTYLE
105
27
330
A
100
AcDbSymbolTableRecord
100
AcDbDimStyleTableRecord
  2
Standard
 70
     0
178
     0
340
11
  0
ENDTAB
  0
TABLE
  2
BLOCK_RECORD
  5
1
330
0
100
AcDbSymbolTable
 70
    48
  0
BLOCK_RECORD
  5
1F
330
1
100
AcDbSymbolTableRecord
100
AcDbBlockTableRecord
  2
*Model_Space
340
22
 70
     0
280
     1
281
     0
  0
BLOCK_RECORD
  5
1B
330
1
100
AcDbSymbolTableRecord
100
AcDbBlockTableRecord
  2
*Paper_Space
340
1E
 70
     0
280
     1
281
     0
  0
BLOCK_RECORD
  5
23
330
1
100
AcDbSymbolTableRecord
100
AcDbBlockTableRecord
  2
*Paper_Space0
340
26
 70
     0
280
     1
281
     0
  0
BLOCK_RECORD
  5
AF1
330
1
100
AcDbSymbolTableRecord
100
AcDbBlockTableRecord
  2
RES_0402_3480
340
0
102
{BLKREFS
331
AF2
102
}
 70
     0
280
     1
281
     0
  0
BLOCK_RECORD
  5
AF3
330
1
100
AcDbSymbolTableRecord
100
AcDbBlockTableRecord
  2
RES_0402_3481
340
0
102
{BLKREFS
331
AF4
102
}
 70
     0
280
     1
281
     0
  0
BLOCK_RECORD
  5
AF5
330
1
100
AcDbSymbolTableRecord
100
AcDbBlockTableRecord
  2
RES_0402_3482
340
0
102
{BLKREFS
331
AF6
102
}
 70
     0
280
     1
281
     0
  0
BLOCK_RECORD
  5
AF7
330
1
100
AcDbSymbolTableRecord
100
AcDbBlockTableRecord
  2
TP_1_00MM_B_3483
340
0
102
{BLKREFS
331
AFA
102
}
 70
     0
280
     1
281
     0
  0
BLOCK_RECORD
  5
AFB
330
1
100
AcDbSymbolTableRecord
100
AcDbBlockTableRecord
  2
TP_1_00MM_B_3484
340
0
102
{BLKREFS
331
AFE
102
}
 70
     0
280
     1
281
     0
  0
BLOCK_RECORD
  5
AFF
330
1
100
AcDbSymbolTableRecord
100
AcDbBlockTableRecord
  2
TP_1_00MM_B_3485
340
0
102
{BLKREFS
331
B02
102
}
 70
     0
280
     1
281
     0
  0
BLOCK_RECORD
  5
B03
330
1
100
AcDbSymbolTableRecord
100
AcDbBlockTableRecord
  2
TP_1_00MM_B_3486
340
0
102
{BLKREFS
331
B06
102
}
 70
     0
280
     1
281
     0
  0
BLOCK_RECORD
  5
B07
330
1
100
AcDbSymbolTableRecord
100
AcDbBlockTableRecord
  2
TP_1_00MM_B_3487
340
0
102
{BLKREFS
331
B0A
102
}
 70
     0
280
     1
281
     0
  0
BLOCK_RECORD
  5
B0B
330
1
100
AcDbSymbolTableRecord
100
AcDbBlockTableRecord
  2
TP_1_00MM_B_3488
340
0
102
{BLKREFS
331
B0E
102
}
 70
     0
280
     1
281
     0
  0
BLOCK_RECORD
  5
B0F
330
1
100
AcDbSymbolTableRecord
100
AcDbBlockTableRecord
  2
TP_1_00MM_B_3489
340
0
102
{BLKREFS
331
B12
102
}
 70
     0
280
     1
281
     0
  0
BLOCK_RECORD
  5
B13
330
1
100
AcDbSymbolTableRecord
100
AcDbBlockTableRecord
  2
TP_1_00MM_B_3490
340
0
102
{BLKREFS
331
B16
102
}
 70
     0
280
     1
281
     0
  0
BLOCK_RECORD
  5
B17
330
1
100
AcDbSymbolTableRecord
100
AcDbBlockTableRecord
  2
TP_1_00MM_B_3491
340
0
102
{BLKREFS
331
B1A
102
}
 70
     0
280
     1
281
     0
  0
BLOCK_RECORD
  5
B1B
330
1
100
AcDbSymbolTableRecord
100
AcDbBlockTableRecord
  2
TP_1_00MM_B_3492
340
0
102
{BLKREFS
331
B1E
102
}
 70
     0
280
     1
281
     0
  0
BLOCK_RECORD
  5
B1F
330
1
100
AcDbSymbolTableRecord
100
AcDbBlockTableRecord
  2
TP_1_00MM_B_3493
340
0
102
{BLKREFS
331
B22
102
}
 70
     0
280
     1
281
     0
  0
BLOCK_RECORD
  5
B23
330
1
100
AcDbSymbolTableRecord
100
AcDbBlockTableRecord
  2
TP_1_00MM_B_3494
340
0
102
{BLKREFS
331
B26
102
}
 70
     0
280
     1
281
     0
  0
BLOCK_RECORD
  5
B27
330
1
100
AcDbSymbolTableRecord
100
AcDbBlockTableRecord
  2
TP_1_00MM_B_3495
340
0
102
{BLKREFS
331
B2A
102
}
 70
     0
280
     1
281
     0
  0
BLOCK_RECORD
  5
B2B
330
1
100
AcDbSymbolTableRecord
100
AcDbBlockTableRecord
  2
TP_1_00MM_B_3496
340
0
102
{BLKREFS
331
B2E
102
}
 70
     0
280
     1
281
     0
  0
BLOCK_RECORD
  5
B2F
330
1
100
AcDbSymbolTableRecord
100
AcDbBlockTableRecord
  2
F_____________1___F_________1_3497
340
0
102
{BLKREFS
331
B30
102
}
 70
     0
280
     1
281
     0
  0
BLOCK_RECORD
  5
B31
330
1
100
AcDbSymbolTableRecord
100
AcDbBlockTableRecord
  2
F_____________1___F_________1_3498
340
0
102
{BLKREFS
331
B32
102
}
 70
     0
280
     1
281
     0
  0
BLOCK_RECORD
  5
B33
330
1
100
AcDbSymbolTableRecord
100
AcDbBlockTableRecord
  2
F_____________1___F_________1_3499
340
0
102
{BLKREFS
331
B34
102
}
 70
     0
280
     1
281
     0
  0
BLOCK_RECORD
  5
B35
330
1
100
AcDbSymbolTableRecord
100
AcDbBlockTableRecord
  2
CAP_0603_3500
340
0
102
{BLKREFS
331
B36
102
}
 70
     0
280
     1
281
     0
  0
BLOCK_RECORD
  5
B37
330
1
100
AcDbSymbolTableRecord
100
AcDbBlockTableRecord
  2
CAP_0402_3501
340
0
102
{BLKREFS
331
B38
102
}
 70
     0
280
     1
281
     0
  0
BLOCK_RECORD
  5
B39
330
1
100
AcDbSymbolTableRecord
100
AcDbBlockTableRecord
  2
RES_0402_3502
340
0
102
{BLKREFS
331
B3A
102
}
 70
     0
280
     1
281
     0
  0
BLOCK_RECORD
  5
B3B
330
1
100
AcDbSymbolTableRecord
100
AcDbBlockTableRecord
  2
RES_0402_3503
340
0
102
{BLKREFS
331
B3C
102
}
 70
     0
280
     1
281
     0
  0
BLOCK_RECORD
  5
B3D
330
1
100
AcDbSymbolTableRecord
100
AcDbBlockTableRecord
  2
RES_0402_3504
340
0
102
{BLKREFS
331
B3E
102
}
 70
     0
280
     1
281
     0
  0
BLOCK_RECORD
  5
B3F
330
1
100
AcDbSymbolTableRecord
100
AcDbBlockTableRecord
  2
RES_0402_3505
340
0
102
{BLKREFS
331
B40
102
}
 70
     0
280
     1
281
     0
  0
BLOCK_RECORD
  5
B41
330
1
100
AcDbSymbolTableRecord
100
AcDbBlockTableRecord
  2
RES_0402_3506
340
0
102
{BLKREFS
331
B42
102
}
 70
     0
280
     1
281
     0
  0
BLOCK_RECORD
  5
B43
330
1
100
AcDbSymbolTableRecord
100
AcDbBlockTableRecord
  2
RES_0402_3507
340
0
102
{BLKREFS
331
B44
102
}
 70
     0
280
     1
281
     0
  0
BLOCK_RECORD
  5
B45
330
1
100
AcDbSymbolTableRecord
100
AcDbBlockTableRecord
  2
UFQFPN20_3508
340
0
102
{BLKREFS
331
B46
102
}
 70
     0
280
     1
281
     0
  0
BLOCK_RECORD
  5
B47
330
1
100
AcDbSymbolTableRecord
100
AcDbBlockTableRecord
  2
RES_0402_3509
340
0
102
{BLKREFS
331
B48
102
}
 70
     0
280
     1
281
     0
  0
BLOCK_RECORD
  5
B49
330
1
100
AcDbSymbolTableRecord
100
AcDbBlockTableRecord
  2
RES_0402_3510
340
0
102
{BLKREFS
331
B4A
102
}
 70
     0
280
     1
281
     0
  0
BLOCK_RECORD
  5
B4B
330
1
100
AcDbSymbolTableRecord
100
AcDbBlockTableRecord
  2
SM04B_SRSS_TB_LF__SN__F_________1_3511
340
0
102
{BLKREFS
331
B4C
102
}
 70
     0
280
     1
281
     0
  0
BLOCK_RECORD
  5
B4D
330
1
100
AcDbSymbolTableRecord
100
AcDbBlockTableRecord
  2
SM04B_SRSS_TB_LF__SN__F_________1_3512
340
0
102
{BLKREFS
331
B4E
102
}
 70
     0
280
     1
281
     0
  0
BLOCK_RECORD
  5
B4F
330
1
100
AcDbSymbolTableRecord
100
AcDbBlockTableRecord
  2
LEDC1608X80N_AK_3513
340
0
102
{BLKREFS
331
B50
102
}
 70
     0
280
     1
281
     0
  0
BLOCK_RECORD
  5
B51
330
1
100
AcDbSymbolTableRecord
100
AcDbBlockTableRecord
  2
RES_0402_3514
340
0
102
{BLKREFS
331
B52
102
}
 70
     0
280
     1
281
     0
  0
BLOCK_RECORD
  5
B53
330
1
100
AcDbSymbolTableRecord
100
AcDbBlockTableRecord
  2
TP_1_00MM_B_3515
340
0
102
{BLKREFS
331
B56
102
}
 70
     0
280
     1
281
     0
  0
BLOCK_RECORD
  5
B57
330
1
100
AcDbSymbolTableRecord
100
AcDbBlockTableRecord
  2
LEDC1608X80N_AK_3516
340
0
102
{BLKREFS
331
B58
102
}
 70
     0
280
     1
281
     0
  0
BLOCK_RECORD
  5
B59
330
1
100
AcDbSymbolTableRecord
100
AcDbBlockTableRecord
  2
TS42_3517
340
0
102
{BLKREFS
331
B5A
102
}
 70
     0
280
     1
281
     0
  0
BLOCK_RECORD
  5
B5B
330
1
100
AcDbSymbolTableRecord
100
AcDbBlockTableRecord
  2
PIN_HEADER_2_54___VERT__1_4POS_F_________1_3518
340
0
102
{BLKREFS
331
B6C
102
}
 70
     0
280
     1
281
     0
  0
BLOCK_RECORD
  5
B6D
330
1
100
AcDbSymbolTableRecord
100
AcDbBlockTableRecord
  2
LEDC1608X80N_AK_3519
340
0
102
{BLKREFS
331
B6E
102
}
 70
     0
280
     1
281
     0
  0
BLOCK_RECORD
  5
B6F
330
1
100
AcDbSymbolTableRecord
100
AcDbBlockTableRecord
  2
PIN_HEADER_2_54___VERT__1_10POS_3520
340
0
102
{BLKREFS
331
B98
102
}
 70
     0
280
     1
281
     0
  0
BLOCK_RECORD
  5
B99
330
1
100
AcDbSymbolTableRecord
100
AcDbBlockTableRecord
  2
TS42_3521
340
0
102
{BLKREFS
331
B9A
102
}
 70
     0
280
     1
281
     0
  0
BLOCK_RECORD
  5
B9B
330
1
100
AcDbSymbolTableRecord
100
AcDbBlockTableRecord
  2
RES_0402_3522
340
0
102
{BLKREFS
331
B9C
102
}
 70
     0
280
     1
281
     0
  0
BLOCK_RECORD
  5
B9D
330
1
100
AcDbSymbolTableRecord
100
AcDbBlockTableRecord
  2
LEDC1608X80N_AK_3523
340
0
102
{BLKREFS
331
B9E
102
}
 70
     0
280
     1
281
     0
  0
BLOCK_RECORD
  5
B9F
330
1
100
AcDbSymbolTableRecord
100
AcDbBlockTableRecord
  2
TS42_3524
340
0
102
{BLKREFS
331
BA0
102
}
 70
     0
280
     1
281
     0
  0
BLOCK_RECORD
  5
BA1
330
1
100
AcDbSymbolTableRecord
100
AcDbBlockTableRecord
  2
RES_0402_3525
340
0
102
{BLKREFS
331
BA2
102
}
 70
     0
280
     1
281
     0
  0
BLOCK_RECORD
  5
BA3
330
1
100
AcDbSymbolTableRecord
100
AcDbBlockTableRecord
  2
RES_0402_3526
340
0
102
{BLKREFS
331
BA4
102
}
 70
     0
280
     1
281
     0
  0
ENDTAB
  0
ENDSEC
  0
SECTION
  2
BLOCKS
  0
BLOCK
  5
20
330
1F
100
AcDbEntity
  8
0
100
AcDbBlockBegin
  2
*Model_Space
 70
     0
 10
0.0
 20
0.0
 30
0.0
  3
*Model_Space
  1

  0
ENDBLK
  5
21
330
1F
100
AcDbEntity
  8
0
100
AcDbBlockEnd
  0
BLOCK
  5
1C
330
1B
100
AcDbEntity
 67
     1
  8
0
100
AcDbBlockBegin
  2
*Paper_Space
 70
     0
 10
0.0
 20
0.0
 30
0.0
  3
*Paper_Space
  1

  0
ENDBLK
  5
1D
330
1B
100
AcDbEntity
 67
     1
  8
0
100
AcDbBlockEnd
  0
BLOCK
  5
24
330
23
100
AcDbEntity
  8
0
100
AcDbBlockBegin
  2
*Paper_Space0
 70
     0
 10
0.0
 20
0.0
 30
0.0
  3
*Paper_Space0
  1

  0
ENDBLK
  5
25
330
23
100
AcDbEntity
  8
0
100
AcDbBlockEnd
  0
BLOCK
  5
BA5
330
AF1
100
AcDbEntity
  8
0
100
AcDbBlockBegin
  2
RES_0402_3480
 70
     0
 10
0.0
 20
0.0
 30
0.0
  3
RES_0402_3480
  1

  0
ENDBLK
  5
BA6
330
AF1
100
AcDbEntity
  8
0
100
AcDbBlockEnd
  0
BLOCK
  5
BA7
330
AF3
100
AcDbEntity
  8
0
100
AcDbBlockBegin
  2
RES_0402_3481
 70
     0
 10
0.0
 20
0.0
 30
0.0
  3
RES_0402_3481
  1

  0
ENDBLK
  5
BA8
330
AF3
100
AcDbEntity
  8
0
100
AcDbBlockEnd
  0
BLOCK
  5
BA9
330
AF5
100
AcDbEntity
  8
0
100
AcDbBlockBegin
  2
RES_0402_3482
 70
     0
 10
0.0
 20
0.0
 30
0.0
  3
RES_0402_3482
  1

  0
ENDBLK
  5
BAA
330
AF5
100
AcDbEntity
  8
0
100
AcDbBlockEnd
  0
BLOCK
  5
BAB
330
AF7
100
AcDbEntity
  8
0
100
AcDbBlockBegin
  2
TP_1_00MM_B_3483
 70
     0
 10
0.0
 20
0.0
 30
0.0
  3
TP_1_00MM_B_3483
  1

  0
REGION
  5
AF8
102
{ACAD_REACTORS
330
AF9
102
}
330
AF7
100
AcDbEntity
  8
BOTTOM
 62
     5
100
AcDbModelerGeometry
290
     1
  2
{c6e9e2b2-8587-4261-89e3-937013a49af2}
  0
HATCH
  5
AF9
330
AF7
100
AcDbEntity
  8
BOTTOM
 62
     5
100
AcDbHatch
 10
0.0
 20
0.0
 30
0.0
210
0.0
220
0.0
230
1.0
  2
SOLID
 70
     1
 71
     1
 91
        1
 92
        1
 93
        1
 72
     2
 10
0.0
 20
0.0
 40
0.499999
 50
0.0
 51
360.0
 73
     1
 97
        1
330
AF8
 75
     0
 76
     1
 98
        0
  0
ENDBLK
  5
BAC
330
AF7
100
AcDbEntity
  8
0
100
AcDbBlockEnd
  0
BLOCK
  5
BAD
330
AFB
100
AcDbEntity
  8
0
100
AcDbBlockBegin
  2
TP_1_00MM_B_3484
 70
     0
 10
0.0
 20
0.0
 30
0.0
  3
TP_1_00MM_B_3484
  1

  0
REGION
  5
AFC
102
{ACAD_REACTORS
330
AFD
102
}
330
AFB
100
AcDbEntity
  8
BOTTOM
 62
     5
100
AcDbModelerGeometry
290
     1
  2
{07455773-2a56-4033-853b-9489a43a9554}
  0
HATCH
  5
AFD
330
AFB
100
AcDbEntity
  8
BOTTOM
 62
     5
100
AcDbHatch
 10
0.0
 20
0.0
 30
0.0
210
0.0
220
0.0
230
1.0
  2
SOLID
 70
     1
 71
     1
 91
        1
 92
        1
 93
        1
 72
     2
 10
0.0
 20
0.0
 40
0.499999
 50
0.0
 51
360.0
 73
     1
 97
        1
330
AFC
 75
     0
 76
     1
 98
        0
  0
ENDBLK
  5
BAE
330
AFB
100
AcDbEntity
  8
0
100
AcDbBlockEnd
  0
BLOCK
  5
BAF
330
AFF
100
AcDbEntity
  8
0
100
AcDbBlockBegin
  2
TP_1_00MM_B_3485
 70
     0
 10
0.0
 20
0.0
 30
0.0
  3
TP_1_00MM_B_3485
  1

  0
REGION
  5
B00
102
{ACAD_REACTORS
330
B01
102
}
330
AFF
100
AcDbEntity
  8
BOTTOM
 62
     5
100
AcDbModelerGeometry
290
     1
  2
{59a3e248-fe81-42bf-b2aa-fd1b02dafad4}
  0
HATCH
  5
B01
330
AFF
100
AcDbEntity
  8
BOTTOM
 62
     5
100
AcDbHatch
 10
0.0
 20
0.0
 30
0.0
210
0.0
220
0.0
230
1.0
  2
SOLID
 70
     1
 71
     1
 91
        1
 92
        1
 93
        1
 72
     2
 10
0.0
 20
0.0
 40
0.499999
 50
0.0
 51
360.0
 73
     1
 97
        1
330
B00
 75
     0
 76
     1
 98
        0
  0
ENDBLK
  5
BB0
330
AFF
100
AcDbEntity
  8
0
100
AcDbBlockEnd
  0
BLOCK
  5
BB1
330
B03
100
AcDbEntity
  8
0
100
AcDbBlockBegin
  2
TP_1_00MM_B_3486
 70
     0
 10
0.0
 20
0.0
 30
0.0
  3
TP_1_00MM_B_3486
  1

  0
REGION
  5
B04
102
{ACAD_REACTORS
330
B05
102
}
330
B03
100
AcDbEntity
  8
BOTTOM
 62
     5
100
AcDbModelerGeometry
290
     1
  2
{adce55d8-6075-4c96-8fab-4e8e274df7d2}
  0
HATCH
  5
B05
330
B03
100
AcDbEntity
  8
BOTTOM
 62
     5
100
AcDbHatch
 10
0.0
 20
0.0
 30
0.0
210
0.0
220
0.0
230
1.0
  2
SOLID
 70
     1
 71
     1
 91
        1
 92
        1
 93
        1
 72
     2
 10
0.0
 20
0.0
 40
0.499999
 50
0.0
 51
360.0
 73
     1
 97
        1
330
B04
 75
     0
 76
     1
 98
        0
  0
ENDBLK
  5
BB2
330
B03
100
AcDbEntity
  8
0
100
AcDbBlockEnd
  0
BLOCK
  5
BB3
330
B07
100
AcDbEntity
  8
0
100
AcDbBlockBegin
  2
TP_1_00MM_B_3487
 70
     0
 10
0.0
 20
0.0
 30
0.0
  3
TP_1_00MM_B_3487
  1

  0
REGION
  5
B08
102
{ACAD_REACTORS
330
B09
102
}
330
B07
100
AcDbEntity
  8
BOTTOM
 62
     5
100
AcDbModelerGeometry
290
     1
  2
{70babe3b-7632-4c1d-8a74-ad41f84b66bc}
  0
HATCH
  5
B09
330
B07
100
AcDbEntity
  8
BOTTOM
 62
     5
100
AcDbHatch
 10
0.0
 20
0.0
 30
0.0
210
0.0
220
0.0
230
1.0
  2
SOLID
 70
     1
 71
     1
 91
        1
 92
        1
 93
        1
 72
     2
 10
0.0
 20
0.0
 40
0.499999
 50
0.0
 51
360.0
 73
     1
 97
        1
330
B08
 75
     0
 76
     1
 98
        0
  0
ENDBLK
  5
BB4
330
B07
100
AcDbEntity
  8
0
100
AcDbBlockEnd
  0
BLOCK
  5
BB5
330
B0B
100
AcDbEntity
  8
0
100
AcDbBlockBegin
  2
TP_1_00MM_B_3488
 70
     0
 10
0.0
 20
0.0
 30
0.0
  3
TP_1_00MM_B_3488
  1

  0
REGION
  5
B0C
102
{ACAD_REACTORS
330
B0D
102
}
330
B0B
100
AcDbEntity
  8
BOTTOM
 62
     5
100
AcDbModelerGeometry
290
     1
  2
{8dae350d-89a5-469b-9b78-147628cd28e2}
  0
HATCH
  5
B0D
330
B0B
100
AcDbEntity
  8
BOTTOM
 62
     5
100
AcDbHatch
 10
0.0
 20
0.0
 30
0.0
210
0.0
220
0.0
230
1.0
  2
SOLID
 70
     1
 71
     1
 91
        1
 92
        1
 93
        1
 72
     2
 10
0.0
 20
0.0
 40
0.499999
 50
0.0
 51
360.0
 73
     1
 97
        1
330
B0C
 75
     0
 76
     1
 98
        0
  0
ENDBLK
  5
BB6
330
B0B
100
AcDbEntity
  8
0
100
AcDbBlockEnd
  0
BLOCK
  5
BB7
330
B0F
100
AcDbEntity
  8
0
100
AcDbBlockBegin
  2
TP_1_00MM_B_3489
 70
     0
 10
0.0
 20
0.0
 30
0.0
  3
TP_1_00MM_B_3489
  1

  0
REGION
  5
B10
102
{ACAD_REACTORS
330
B11
102
}
330
B0F
100
AcDbEntity
  8
BOTTOM
 62
     5
100
AcDbModelerGeometry
290
     1
  2
{423bf206-e95a-4b82-853a-deb4df44a757}
  0
HATCH
  5
B11
330
B0F
100
AcDbEntity
  8
BOTTOM
 62
     5
100
AcDbHatch
 10
0.0
 20
0.0
 30
0.0
210
0.0
220
0.0
230
1.0
  2
SOLID
 70
     1
 71
     1
 91
        1
 92
        1
 93
        1
 72
     2
 10
0.0
 20
0.0
 40
0.499999
 50
0.0
 51
360.0
 73
     1
 97
        1
330
B10
 75
     0
 76
     1
 98
        0
  0
ENDBLK
  5
BB8
330
B0F
100
AcDbEntity
  8
0
100
AcDbBlockEnd
  0
BLOCK
  5
BB9
330
B13
100
AcDbEntity
  8
0
100
AcDbBlockBegin
  2
TP_1_00MM_B_3490
 70
     0
 10
0.0
 20
0.0
 30
0.0
  3
TP_1_00MM_B_3490
  1

  0
REGION
  5
B14
102
{ACAD_REACTORS
330
B15
102
}
330
B13
100
AcDbEntity
  8
BOTTOM
 62
     5
100
AcDbModelerGeometry
290
     1
  2
{6dfdf0fd-47d8-4f10-b2fd-8d7bd2e74cd6}
  0
HATCH
  5
B15
330
B13
100
AcDbEntity
  8
BOTTOM
 62
     5
100
AcDbHatch
 10
0.0
 20
0.0
 30
0.0
210
0.0
220
0.0
230
1.0
  2
SOLID
 70
     1
 71
     1
 91
        1
 92
        1
 93
        1
 72
     2
 10
0.0
 20
0.0
 40
0.499999
 50
0.0
 51
360.0
 73
     1
 97
        1
330
B14
 75
     0
 76
     1
 98
        0
  0
ENDBLK
  5
BBA
330
B13
100
AcDbEntity
  8
0
100
AcDbBlockEnd
  0
BLOCK
  5
BBB
330
B17
100
AcDbEntity
  8
0
100
AcDbBlockBegin
  2
TP_1_00MM_B_3491
 70
     0
 10
0.0
 20
0.0
 30
0.0
  3
TP_1_00MM_B_3491
  1

  0
REGION
  5
B18
102
{ACAD_REACTORS
330
B19
102
}
330
B17
100
AcDbEntity
  8
BOTTOM
 62
     5
100
AcDbModelerGeometry
290
     1
  2
{ef5ff226-b500-4355-9eb5-eb9672b79c5f}
  0
HATCH
  5
B19
330
B17
100
AcDbEntity
  8
BOTTOM
 62
     5
100
AcDbHatch
 10
0.0
 20
0.0
 30
0.0
210
0.0
220
0.0
230
1.0
  2
SOLID
 70
     1
 71
     1
 91
        1
 92
        1
 93
        1
 72
     2
 10
0.0
 20
0.0
 40
0.499999
 50
0.0
 51
360.0
 73
     1
 97
        1
330
B18
 75
     0
 76
     1
 98
        0
  0
ENDBLK
  5
BBC
330
B17
100
AcDbEntity
  8
0
100
AcDbBlockEnd
  0
BLOCK
  5
BBD
330
B1B
100
AcDbEntity
  8
0
100
AcDbBlockBegin
  2
TP_1_00MM_B_3492
 70
     0
 10
0.0
 20
0.0
 30
0.0
  3
TP_1_00MM_B_3492
  1

  0
REGION
  5
B1C
102
{ACAD_REACTORS
330
B1D
102
}
330
B1B
100
AcDbEntity
  8
BOTTOM
 62
     5
100
AcDbModelerGeometry
290
     1
  2
{df3b2eec-3575-43f5-9e00-dcc3fc674738}
  0
HATCH
  5
B1D
330
B1B
100
AcDbEntity
  8
BOTTOM
 62
     5
100
AcDbHatch
 10
0.0
 20
0.0
 30
0.0
210
0.0
220
0.0
230
1.0
  2
SOLID
 70
     1
 71
     1
 91
        1
 92
        1
 93
        1
 72
     2
 10
0.0
 20
0.0
 40
0.499999
 50
0.0
 51
360.0
 73
     1
 97
        1
330
B1C
 75
     0
 76
     1
 98
        0
  0
ENDBLK
  5
BBE
330
B1B
100
AcDbEntity
  8
0
100
AcDbBlockEnd
  0
BLOCK
  5
BBF
330
B1F
100
AcDbEntity
  8
0
100
AcDbBlockBegin
  2
TP_1_00MM_B_3493
 70
     0
 10
0.0
 20
0.0
 30
0.0
  3
TP_1_00MM_B_3493
  1

  0
REGION
  5
B20
102
{ACAD_REACTORS
330
B21
102
}
330
B1F
100
AcDbEntity
  8
BOTTOM
 62
     5
100
AcDbModelerGeometry
290
     1
  2
{2a572db8-9883-471d-8785-0c33e89f918b}
  0
HATCH
  5
B21
330
B1F
100
AcDbEntity
  8
BOTTOM
 62
     5
100
AcDbHatch
 10
0.0
 20
0.0
 30
0.0
210
0.0
220
0.0
230
1.0
  2
SOLID
 70
     1
 71
     1
 91
        1
 92
        1
 93
        1
 72
     2
 10
0.0
 20
0.0
 40
0.499999
 50
0.0
 51
360.0
 73
     1
 97
        1
330
B20
 75
     0
 76
     1
 98
        0
  0
ENDBLK
  5
BC0
330
B1F
100
AcDbEntity
  8
0
100
AcDbBlockEnd
  0
BLOCK
  5
BC1
330
B23
100
AcDbEntity
  8
0
100
AcDbBlockBegin
  2
TP_1_00MM_B_3494
 70
     0
 10
0.0
 20
0.0
 30
0.0
  3
TP_1_00MM_B_3494
  1

  0
REGION
  5
B24
102
{ACAD_REACTORS
330
B25
102
}
330
B23
100
AcDbEntity
  8
BOTTOM
 62
     5
100
AcDbModelerGeometry
290
     1
  2
{0f4794ea-bc33-4f7a-8e51-b37af1f6207f}
  0
HATCH
  5
B25
330
B23
100
AcDbEntity
  8
BOTTOM
 62
     5
100
AcDbHatch
 10
0.0
 20
0.0
 30
0.0
210
0.0
220
0.0
230
1.0
  2
SOLID
 70
     1
 71
     1
 91
        1
 92
        1
 93
        1
 72
     2
 10
0.0
 20
0.0
 40
0.499999
 50
0.0
 51
360.0
 73
     1
 97
        1
330
B24
 75
     0
 76
     1
 98
        0
  0
ENDBLK
  5
BC2
330
B23
100
AcDbEntity
  8
0
100
AcDbBlockEnd
  0
BLOCK
  5
BC3
330
B27
100
AcDbEntity
  8
0
100
AcDbBlockBegin
  2
TP_1_00MM_B_3495
 70
     0
 10
0.0
 20
0.0
 30
0.0
  3
TP_1_00MM_B_3495
  1

  0
REGION
  5
B28
102
{ACAD_REACTORS
330
B29
102
}
330
B27
100
AcDbEntity
  8
BOTTOM
 62
     5
100
AcDbModelerGeometry
290
     1
  2
{701d94bc-d10a-4aab-a82c-ee0cb9601175}
  0
HATCH
  5
B29
330
B27
100
AcDbEntity
  8
BOTTOM
 62
     5
100
AcDbHatch
 10
0.0
 20
0.0
 30
0.0
210
0.0
220
0.0
230
1.0
  2
SOLID
 70
     1
 71
     1
 91
        1
 92
        1
 93
        1
 72
     2
 10
0.0
 20
0.0
 40
0.499999
 50
0.0
 51
360.0
 73
     1
 97
        1
330
B28
 75
     0
 76
     1
 98
        0
  0
ENDBLK
  5
BC4
330
B27
100
AcDbEntity
  8
0
100
AcDbBlockEnd
  0
BLOCK
  5
BC5
330
B2B
100
AcDbEntity
  8
0
100
AcDbBlockBegin
  2
TP_1_00MM_B_3496
 70
     0
 10
0.0
 20
0.0
 30
0.0
  3
TP_1_00MM_B_3496
  1

  0
REGION
  5
B2C
102
{ACAD_REACTORS
330
B2D
102
}
330
B2B
100
AcDbEntity
  8
BOTTOM
 62
     5
100
AcDbModelerGeometry
290
     1
  2
{e284528d-edfc-42c1-958b-bebc181b1841}
  0
HATCH
  5
B2D
330
B2B
100
AcDbEntity
  8
BOTTOM
 62
     5
100
AcDbHatch
 10
0.0
 20
0.0
 30
0.0
210
0.0
220
0.0
230
1.0
  2
SOLID
 70
     1
 71
     1
 91
        1
 92
        1
 93
        1
 72
     2
 10
0.0
 20
0.0
 40
0.499999
 50
0.0
 51
360.0
 73
     1
 97
        1
330
B2C
 75
     0
 76
     1
 98
        0
  0
ENDBLK
  5
BC6
330
B2B
100
AcDbEntity
  8
0
100
AcDbBlockEnd
  0
BLOCK
  5
BC7
330
B2F
100
AcDbEntity
  8
0
100
AcDbBlockBegin
  2
F_____________1___F_________1_3497
 70
     0
 10
0.0
 20
0.0
 30
0.0
  3
F_____________1___F_________1_3497
  1

  0
ENDBLK
  5
BC8
330
B2F
100
AcDbEntity
  8
0
100
AcDbBlockEnd
  0
BLOCK
  5
BC9
330
B31
100
AcDbEntity
  8
0
100
AcDbBlockBegin
  2
F_____________1___F_________1_3498
 70
     0
 10
0.0
 20
0.0
 30
0.0
  3
F_____________1___F_________1_3498
  1

  0
ENDBLK
  5
BCA
330
B31
100
AcDbEntity
  8
0
100
AcDbBlockEnd
  0
BLOCK
  5
BCB
330
B33
100
AcDbEntity
  8
0
100
AcDbBlockBegin
  2
F_____________1___F_________1_3499
 70
     0
 10
0.0
 20
0.0
 30
0.0
  3
F_____________1___F_________1_3499
  1

  0
ENDBLK
  5
BCC
330
B33
100
AcDbEntity
  8
0
100
AcDbBlockEnd
  0
BLOCK
  5
BCD
330
B35
100
AcDbEntity
  8
0
100
AcDbBlockBegin
  2
CAP_0603_3500
 70
     0
 10
0.0
 20
0.0
 30
0.0
  3
CAP_0603_3500
  1

  0
ENDBLK
  5
BCE
330
B35
100
AcDbEntity
  8
0
100
AcDbBlockEnd
  0
BLOCK
  5
BCF
330
B37
100
AcDbEntity
  8
0
100
AcDbBlockBegin
  2
CAP_0402_3501
 70
     0
 10
0.0
 20
0.0
 30
0.0
  3
CAP_0402_3501
  1

  0
ENDBLK
  5
BD0
330
B37
100
AcDbEntity
  8
0
100
AcDbBlockEnd
  0
BLOCK
  5
BD1
330
B39
100
AcDbEntity
  8
0
100
AcDbBlockBegin
  2
RES_0402_3502
 70
     0
 10
0.0
 20
0.0
 30
0.0
  3
RES_0402_3502
  1

  0
ENDBLK
  5
BD2
330
B39
100
AcDbEntity
  8
0
100
AcDbBlockEnd
  0
BLOCK
  5
BD3
330
B3B
100
AcDbEntity
  8
0
100
AcDbBlockBegin
  2
RES_0402_3503
 70
     0
 10
0.0
 20
0.0
 30
0.0
  3
RES_0402_3503
  1

  0
ENDBLK
  5
BD4
330
B3B
100
AcDbEntity
  8
0
100
AcDbBlockEnd
  0
BLOCK
  5
BD5
330
B3D
100
AcDbEntity
  8
0
100
AcDbBlockBegin
  2
RES_0402_3504
 70
     0
 10
0.0
 20
0.0
 30
0.0
  3
RES_0402_3504
  1

  0
ENDBLK
  5
BD6
330
B3D
100
AcDbEntity
  8
0
100
AcDbBlockEnd
  0
BLOCK
  5
BD7
330
B3F
100
AcDbEntity
  8
0
100
AcDbBlockBegin
  2
RES_0402_3505
 70
     0
 10
0.0
 20
0.0
 30
0.0
  3
RES_0402_3505
  1

  0
ENDBLK
  5
BD8
330
B3F
100
AcDbEntity
  8
0
100
AcDbBlockEnd
  0
BLOCK
  5
BD9
330
B41
100
AcDbEntity
  8
0
100
AcDbBlockBegin
  2
RES_0402_3506
 70
     0
 10
0.0
 20
0.0
 30
0.0
  3
RES_0402_3506
  1

  0
ENDBLK
  5
BDA
330
B41
100
AcDbEntity
  8
0
100
AcDbBlockEnd
  0
BLOCK
  5
BDB
330
B43
100
AcDbEntity
  8
0
100
AcDbBlockBegin
  2
RES_0402_3507
 70
     0
 10
0.0
 20
0.0
 30
0.0
  3
RES_0402_3507
  1

  0
ENDBLK
  5
BDC
330
B43
100
AcDbEntity
  8
0
100
AcDbBlockEnd
  0
BLOCK
  5
BDD
330
B45
100
AcDbEntity
  8
0
100
AcDbBlockBegin
  2
UFQFPN20_3508
 70
     0
 10
0.0
 20
0.0
 30
0.0
  3
UFQFPN20_3508
  1

  0
ENDBLK
  5
BDE
330
B45
100
AcDbEntity
  8
0
100
AcDbBlockEnd
  0
BLOCK
  5
BDF
330
B47
100
AcDbEntity
  8
0
100
AcDbBlockBegin
  2
RES_0402_3509
 70
     0
 10
0.0
 20
0.0
 30
0.0
  3
RES_0402_3509
  1

  0
ENDBLK
  5
BE0
330
B47
100
AcDbEntity
  8
0
100
AcDbBlockEnd
  0
BLOCK
  5
BE1
330
B49
100
AcDbEntity
  8
0
100
AcDbBlockBegin
  2
RES_0402_3510
 70
     0
 10
0.0
 20
0.0
 30
0.0
  3
RES_0402_3510
  1

  0
ENDBLK
  5
BE2
330
B49
100
AcDbEntity
  8
0
100
AcDbBlockEnd
  0
BLOCK
  5
BE3
330
B4B
100
AcDbEntity
  8
0
100
AcDbBlockBegin
  2
SM04B_SRSS_TB_LF__SN__F_________1_3511
 70
     0
 10
0.0
 20
0.0
 30
0.0
  3
SM04B_SRSS_TB_LF__SN__F_________1_3511
  1

  0
ENDBLK
  5
BE4
330
B4B
100
AcDbEntity
  8
0
100
AcDbBlockEnd
  0
BLOCK
  5
BE5
330
B4D
100
AcDbEntity
  8
0
100
AcDbBlockBegin
  2
SM04B_SRSS_TB_LF__SN__F_________1_3512
 70
     0
 10
0.0
 20
0.0
 30
0.0
  3
SM04B_SRSS_TB_LF__SN__F_________1_3512
  1

  0
ENDBLK
  5
BE6
330
B4D
100
AcDbEntity
  8
0
100
AcDbBlockEnd
  0
BLOCK
  5
BE7
330
B4F
100
AcDbEntity
  8
0
100
AcDbBlockBegin
  2
LEDC1608X80N_AK_3513
 70
     0
 10
0.0
 20
0.0
 30
0.0
  3
LEDC1608X80N_AK_3513
  1

  0
ENDBLK
  5
BE8
330
B4F
100
AcDbEntity
  8
0
100
AcDbBlockEnd
  0
BLOCK
  5
BE9
330
B51
100
AcDbEntity
  8
0
100
AcDbBlockBegin
  2
RES_0402_3514
 70
     0
 10
0.0
 20
0.0
 30
0.0
  3
RES_0402_3514
  1

  0
ENDBLK
  5
BEA
330
B51
100
AcDbEntity
  8
0
100
AcDbBlockEnd
  0
BLOCK
  5
BEB
330
B53
100
AcDbEntity
  8
0
100
AcDbBlockBegin
  2
TP_1_00MM_B_3515
 70
     0
 10
0.0
 20
0.0
 30
0.0
  3
TP_1_00MM_B_3515
  1

  0
REGION
  5
B54
102
{ACAD_REACTORS
330
B55
102
}
330
B53
100
AcDbEntity
  8
BOTTOM
 62
     5
100
AcDbModelerGeometry
290
     1
  2
{06580c23-e34c-48d7-a245-ef19a44d44b3}
  0
HATCH
  5
B55
330
B53
100
AcDbEntity
  8
BOTTOM
 62
     5
100
AcDbHatch
 10
0.0
 20
0.0
 30
0.0
210
0.0
220
0.0
230
1.0
  2
SOLID
 70
     1
 71
     1
 91
        1
 92
        1
 93
        1
 72
     2
 10
0.0
 20
0.0
 40
0.499999
 50
0.0
 51
360.0
 73
     1
 97
        1
330
B54
 75
     0
 76
     1
 98
        0
  0
ENDBLK
  5
BEC
330
B53
100
AcDbEntity
  8
0
100
AcDbBlockEnd
  0
BLOCK
  5
BED
330
B57
100
AcDbEntity
  8
0
100
AcDbBlockBegin
  2
LEDC1608X80N_AK_3516
 70
     0
 10
0.0
 20
0.0
 30
0.0
  3
LEDC1608X80N_AK_3516
  1

  0
ENDBLK
  5
BEE
330
B57
100
AcDbEntity
  8
0
100
AcDbBlockEnd
  0
BLOCK
  5
BEF
330
B59
100
AcDbEntity
  8
0
100
AcDbBlockBegin
  2
TS42_3517
 70
     0
 10
0.0
 20
0.0
 30
0.0
  3
TS42_3517
  1

  0
ENDBLK
  5
BF0
330
B59
100
AcDbEntity
  8
0
100
AcDbBlockEnd
  0
BLOCK
  5
BF1
330
B5B
100
AcDbEntity
  8
0
100
AcDbBlockBegin
  2
PIN_HEADER_2_54___VERT__1_4POS_F_________1_3518
 70
     0
 10
0.0
 20
0.0
 30
0.0
  3
PIN_HEADER_2_54___VERT__1_4POS_F_________1_3518
  1

  0
REGION
  5
B5C
102
{ACAD_REACTORS
330
B5D
102
}
330
B5B
100
AcDbEntity
  8
BOTTOM
 62
     5
100
AcDbModelerGeometry
290
     1
  2
{e917a878-9ce4-4e44-812b-654253df9ef1}
  0
HATCH
  5
B5D
330
B5B
100
AcDbEntity
  8
BOTTOM
 62
     5
100
AcDbHatch
 10
0.0
 20
0.0
 30
0.0
210
0.0
220
0.0
230
1.0
  2
SOLID
 70
     1
 71
     1
 91
        1
 92
        1
 93
        1
 72
     2
 10
-3.81
 20
0.0
 40
0.8499983
 50
0.0
 51
360.0
 73
     1
 97
        1
330
B5C
 75
     0
 76
     1
 98
        0
  0
REGION
  5
B5E
102
{ACAD_REACTORS
330
B5F
102
}
330
B5B
100
AcDbEntity
  8
Pad Holes
 62
     7
100
AcDbModelerGeometry
290
     1
  2
{89d921af-0d2e-435b-b5a0-094ebd87df56}
  0
HATCH
  5
B5F
330
B5B
100
AcDbEntity
  8
Pad Holes
 62
     7
100
AcDbHatch
 10
0.0
 20
0.0
 30
0.0
210
0.0
220
0.0
230
1.0
  2
SOLID
 70
     1
 71
     1
 91
        1
 92
        1
 93
        1
 72
     2
 10
-3.81
 20
0.0
 40
0.499999
 50
0.0
 51
360.0
 73
     1
 97
        1
330
B5E
 75
     0
 76
     1
 98
        0
  0
REGION
  5
B60
102
{ACAD_REACTORS
330
B61
102
}
330
B5B
100
AcDbEntity
  8
BOTTOM
 62
     5
100
AcDbModelerGeometry
290
     1
  2
{2025469f-0085-4b9a-93a4-f47e13e88fa8}
  0
HATCH
  5
B61
330
B5B
100
AcDbEntity
  8
BOTTOM
 62
     5
100
AcDbHatch
 10
0.0
 20
0.0
 30
0.0
210
0.0
220
0.0
230
1.0
  2
SOLID
 70
     1
 71
     1
 91
        1
 92
        1
 93
        1
 72
     2
 10
-1.27
 20
0.0
 40
0.8499983
 50
0.0
 51
360.0
 73
     1
 97
        1
330
B60
 75
     0
 76
     1
 98
        0
  0
REGION
  5
B62
102
{ACAD_REACTORS
330
B63
102
}
330
B5B
100
AcDbEntity
  8
Pad Holes
 62
     7
100
AcDbModelerGeometry
290
     1
  2
{43ce6b30-d3cb-4950-82df-015f4bb008ab}
  0
HATCH
  5
B63
330
B5B
100
AcDbEntity
  8
Pad Holes
 62
     7
100
AcDbHatch
 10
0.0
 20
0.0
 30
0.0
210
0.0
220
0.0
230
1.0
  2
SOLID
 70
     1
 71
     1
 91
        1
 92
        1
 93
        1
 72
     2
 10
-1.27
 20
0.0
 40
0.499999
 50
0.0
 51
360.0
 73
     1
 97
        1
330
B62
 75
     0
 76
     1
 98
        0
  0
REGION
  5
B64
102
{ACAD_REACTORS
330
B65
102
}
330
B5B
100
AcDbEntity
  8
BOTTOM
 62
     5
100
AcDbModelerGeometry
290
     1
  2
{03153846-d102-4636-aa8e-762ca120c99b}
  0
HATCH
  5
B65
330
B5B
100
AcDbEntity
  8
BOTTOM
 62
     5
100
AcDbHatch
 10
0.0
 20
0.0
 30
0.0
210
0.0
220
0.0
230
1.0
  2
SOLID
 70
     1
 71
     1
 91
        1
 92
        1
 93
        1
 72
     2
 10
1.27
 20
0.0
 40
0.8499983
 50
0.0
 51
360.0
 73
     1
 97
        1
330
B64
 75
     0
 76
     1
 98
        0
  0
REGION
  5
B66
102
{ACAD_REACTORS
330
B67
102
}
330
B5B
100
AcDbEntity
  8
Pad Holes
 62
     7
100
AcDbModelerGeometry
290
     1
  2
{20e404f2-2e84-48bd-9227-42f65d7fde9e}
  0
HATCH
  5
B67
330
B5B
100
AcDbEntity
  8
Pad Holes
 62
     7
100
AcDbHatch
 10
0.0
 20
0.0
 30
0.0
210
0.0
220
0.0
230
1.0
  2
SOLID
 70
     1
 71
     1
 91
        1
 92
        1
 93
        1
 72
     2
 10
1.27
 20
0.0
 40
0.499999
 50
0.0
 51
360.0
 73
     1
 97
        1
330
B66
 75
     0
 76
     1
 98
        0
  0
REGION
  5
B68
102
{ACAD_REACTORS
330
B69
102
}
330
B5B
100
AcDbEntity
  8
BOTTOM
 62
     5
100
AcDbModelerGeometry
290
     1
  2
{d461c067-f9de-4faf-8361-e4e869e53bda}
  0
HATCH
  5
B69
330
B5B
100
AcDbEntity
  8
BOTTOM
 62
     5
100
AcDbHatch
 10
0.0
 20
0.0
 30
0.0
210
0.0
220
0.0
230
1.0
  2
SOLID
 70
     1
 71
     1
 91
        1
 92
        1
 93
        1
 72
     2
 10
3.81
 20
0.0
 40
0.8499983
 50
0.0
 51
360.0
 73
     1
 97
        1
330
B68
 75
     0
 76
     1
 98
        0
  0
REGION
  5
B6A
102
{ACAD_REACTORS
330
B6B
102
}
330
B5B
100
AcDbEntity
  8
Pad Holes
 62
     7
100
AcDbModelerGeometry
290
     1
  2
{c16be7c1-d490-4a78-9166-e181e4e41447}
  0
HATCH
  5
B6B
330
B5B
100
AcDbEntity
  8
Pad Holes
 62
     7
100
AcDbHatch
 10
0.0
 20
0.0
 30
0.0
210
0.0
220
0.0
230
1.0
  2
SOLID
 70
     1
 71
     1
 91
        1
 92
        1
 93
        1
 72
     2
 10
3.81
 20
0.0
 40
0.499999
 50
0.0
 51
360.0
 73
     1
 97
        1
330
B6A
 75
     0
 76
     1
 98
        0
  0
ENDBLK
  5
BF2
330
B5B
100
AcDbEntity
  8
0
100
AcDbBlockEnd
  0
BLOCK
  5
BF3
330
B6D
100
AcDbEntity
  8
0
100
AcDbBlockBegin
  2
LEDC1608X80N_AK_3519
 70
     0
 10
0.0
 20
0.0
 30
0.0
  3
LEDC1608X80N_AK_3519
  1

  0
ENDBLK
  5
BF4
330
B6D
100
AcDbEntity
  8
0
100
AcDbBlockEnd
  0
BLOCK
  5
BF5
330
B6F
100
AcDbEntity
  8
0
100
AcDbBlockBegin
  2
PIN_HEADER_2_54___VERT__1_10POS_3520
 70
     0
 10
0.0
 20
0.0
 30
0.0
  3
PIN_HEADER_2_54___VERT__1_10POS_3520
  1

  0
REGION
  5
B70
102
{ACAD_REACTORS
330
B71
102
}
330
B6F
100
AcDbEntity
  8
BOTTOM
 62
     5
100
AcDbModelerGeometry
290
     1
  2
{2fd330ce-6e24-425a-aba7-7bd3bf5e839f}
  0
HATCH
  5
B71
330
B6F
100
AcDbEntity
  8
BOTTOM
 62
     5
100
AcDbHatch
 10
0.0
 20
0.0
 30
0.0
210
0.0
220
0.0
230
1.0
  2
SOLID
 70
     1
 71
     1
 91
        1
 92
        1
 93
        1
 72
     2
 10
-1.27
 20
0.0
 40
0.8499983
 50
0.0
 51
360.0
 73
     1
 97
        1
330
B70
 75
     0
 76
     1
 98
        0
  0
REGION
  5
B72
102
{ACAD_REACTORS
330
B73
102
}
330
B6F
100
AcDbEntity
  8
Pad Holes
 62
     7
100
AcDbModelerGeometry
290
     1
  2
{7f575808-84ad-446b-a6e8-0b653078a19d}
  0
HATCH
  5
B73
330
B6F
100
AcDbEntity
  8
Pad Holes
 62
     7
100
AcDbHatch
 10
0.0
 20
0.0
 30
0.0
210
0.0
220
0.0
230
1.0
  2
SOLID
 70
     1
 71
     1
 91
        1
 92
        1
 93
        1
 72
     2
 10
-1.27
 20
0.0
 40
0.499999
 50
0.0
 51
360.0
 73
     1
 97
        1
330
B72
 75
     0
 76
     1
 98
        0
  0
REGION
  5
B74
102
{ACAD_REACTORS
330
B75
102
}
330
B6F
100
AcDbEntity
  8
BOTTOM
 62
     5
100
AcDbModelerGeometry
290
     1
  2
{176e5f06-ff43-4573-b2e2-e2c1ff3af3ba}
  0
HATCH
  5
B75
330
B6F
100
AcDbEntity
  8
BOTTOM
 62
     5
100
AcDbHatch
 10
0.0
 20
0.0
 30
0.0
210
0.0
220
0.0
230
1.0
  2
SOLID
 70
     1
 71
     1
 91
        1
 92
        1
 93
        1
 72
     2
 10
-3.81
 20
0.0
 40
0.8499983
 50
0.0
 51
360.0
 73
     1
 97
        1
330
B74
 75
     0
 76
     1
 98
        0
  0
REGION
  5
B76
102
{ACAD_REACTORS
330
B77
102
}
330
B6F
100
AcDbEntity
  8
Pad Holes
 62
     7
100
AcDbModelerGeometry
290
     1
  2
{7fd858f3-1cd3-4739-81fc-0ef8879501c4}
  0
HATCH
  5
B77
330
B6F
100
AcDbEntity
  8
Pad Holes
 62
     7
100
AcDbHatch
 10
0.0
 20
0.0
 30
0.0
210
0.0
220
0.0
230
1.0
  2
SOLID
 70
     1
 71
     1
 91
        1
 92
        1
 93
        1
 72
     2
 10
-3.81
 20
0.0
 40
0.499999
 50
0.0
 51
360.0
 73
     1
 97
        1
330
B76
 75
     0
 76
     1
 98
        0
  0
REGION
  5
B78
102
{ACAD_REACTORS
330
B79
102
}
330
B6F
100
AcDbEntity
  8
BOTTOM
 62
     5
100
AcDbModelerGeometry
290
     1
  2
{1cc62ec4-6e15-4e66-b650-5b940335c6a5}
  0
HATCH
  5
B79
330
B6F
100
AcDbEntity
  8
BOTTOM
 62
     5
100
AcDbHatch
 10
0.0
 20
0.0
 30
0.0
210
0.0
220
0.0
230
1.0
  2
SOLID
 70
     1
 71
     1
 91
        1
 92
        1
 93
        1
 72
     2
 10
-6.35
 20
0.0
 40
0.8499983
 50
0.0
 51
360.0
 73
     1
 97
        1
330
B78
 75
     0
 76
     1
 98
        0
  0
REGION
  5
B7A
102
{ACAD_REACTORS
330
B7B
102
}
330
B6F
100
AcDbEntity
  8
Pad Holes
 62
     7
100
AcDbModelerGeometry
290
     1
  2
{46d3aed4-b7db-4321-88c0-19298b5fb767}
  0
HATCH
  5
B7B
330
B6F
100
AcDbEntity
  8
Pad Holes
 62
     7
100
AcDbHatch
 10
0.0
 20
0.0
 30
0.0
210
0.0
220
0.0
230
1.0
  2
SOLID
 70
     1
 71
     1
 91
        1
 92
        1
 93
        1
 72
     2
 10
-6.35
 20
0.0
 40
0.499999
 50
0.0
 51
360.0
 73
     1
 97
        1
330
B7A
 75
     0
 76
     1
 98
        0
  0
REGION
  5
B7C
102
{ACAD_REACTORS
330
B7D
102
}
330
B6F
100
AcDbEntity
  8
BOTTOM
 62
     5
100
AcDbModelerGeometry
290
     1
  2
{770a158e-8b20-4f89-8d83-f01b90eb2711}
  0
HATCH
  5
B7D
330
B6F
100
AcDbEntity
  8
BOTTOM
 62
     5
100
AcDbHatch
 10
0.0
 20
0.0
 30
0.0
210
0.0
220
0.0
230
1.0
  2
SOLID
 70
     1
 71
     1
 91
        1
 92
        1
 93
        1
 72
     2
 10
-8.889999999999999
 20
0.0
 40
0.8499983
 50
0.0
 51
360.0
 73
     1
 97
        1
330
B7C
 75
     0
 76
     1
 98
        0
  0
REGION
  5
B7E
102
{ACAD_REACTORS
330
B7F
102
}
330
B6F
100
AcDbEntity
  8
Pad Holes
 62
     7
100
AcDbModelerGeometry
290
     1
  2
{fa90864e-203c-48d2-9c5b-0c7e1399efa5}
  0
HATCH
  5
B7F
330
B6F
100
AcDbEntity
  8
Pad Holes
 62
     7
100
AcDbHatch
 10
0.0
 20
0.0
 30
0.0
210
0.0
220
0.0
230
1.0
  2
SOLID
 70
     1
 71
     1
 91
        1
 92
        1
 93
        1
 72
     2
 10
-8.889999999999999
 20
0.0
 40
0.499999
 50
0.0
 51
360.0
 73
     1
 97
        1
330
B7E
 75
     0
 76
     1
 98
        0
  0
REGION
  5
B80
102
{ACAD_REACTORS
330
B81
102
}
330
B6F
100
AcDbEntity
  8
BOTTOM
 62
     5
100
AcDbModelerGeometry
290
     1
  2
{93b73012-29e1-4f05-a981-090304c17afe}
  0
HATCH
  5
B81
330
B6F
100
AcDbEntity
  8
BOTTOM
 62
     5
100
AcDbHatch
 10
0.0
 20
0.0
 30
0.0
210
0.0
220
0.0
230
1.0
  2
SOLID
 70
     1
 71
     1
 91
        1
 92
        1
 93
        1
 72
     2
 10
-11.43
 20
0.0
 40
0.8499983
 50
0.0
 51
360.0
 73
     1
 97
        1
330
B80
 75
     0
 76
     1
 98
        0
  0
REGION
  5
B82
102
{ACAD_REACTORS
330
B83
102
}
330
B6F
100
AcDbEntity
  8
Pad Holes
 62
     7
100
AcDbModelerGeometry
290
     1
  2
{d8fd7d12-5b81-4edb-8960-61e28ebebf65}
  0
HATCH
  5
B83
330
B6F
100
AcDbEntity
  8
Pad Holes
 62
     7
100
AcDbHatch
 10
0.0
 20
0.0
 30
0.0
210
0.0
220
0.0
230
1.0
  2
SOLID
 70
     1
 71
     1
 91
        1
 92
        1
 93
        1
 72
     2
 10
-11.43
 20
0.0
 40
0.499999
 50
0.0
 51
360.0
 73
     1
 97
        1
330
B82
 75
     0
 76
     1
 98
        0
  0
REGION
  5
B84
102
{ACAD_REACTORS
330
B85
102
}
330
B6F
100
AcDbEntity
  8
BOTTOM
 62
     5
100
AcDbModelerGeometry
290
     1
  2
{b1dbd1cb-e5f5-470a-8a98-ae5a1d51166d}
  0
HATCH
  5
B85
330
B6F
100
AcDbEntity
  8
BOTTOM
 62
     5
100
AcDbHatch
 10
0.0
 20
0.0
 30
0.0
210
0.0
220
0.0
230
1.0
  2
SOLID
 70
     1
 71
     1
 91
        1
 92
        1
 93
        1
 72
     2
 10
1.27
 20
0.0
 40
0.8499983
 50
0.0
 51
360.0
 73
     1
 97
        1
330
B84
 75
     0
 76
     1
 98
        0
  0
REGION
  5
B86
102
{ACAD_REACTORS
330
B87
102
}
330
B6F
100
AcDbEntity
  8
Pad Holes
 62
     7
100
AcDbModelerGeometry
290
     1
  2
{40121ceb-0703-4251-bb82-5ead8a6bb721}
  0
HATCH
  5
B87
330
B6F
100
AcDbEntity
  8
Pad Holes
 62
     7
100
AcDbHatch
 10
0.0
 20
0.0
 30
0.0
210
0.0
220
0.0
230
1.0
  2
SOLID
 70
     1
 71
     1
 91
        1
 92
        1
 93
        1
 72
     2
 10
1.27
 20
0.0
 40
0.499999
 50
0.0
 51
360.0
 73
     1
 97
        1
330
B86
 75
     0
 76
     1
 98
        0
  0
REGION
  5
B88
102
{ACAD_REACTORS
330
B89
102
}
330
B6F
100
AcDbEntity
  8
BOTTOM
 62
     5
100
AcDbModelerGeometry
290
     1
  2
{0c6afe08-a685-479c-8d26-fdc3da9a1522}
  0
HATCH
  5
B89
330
B6F
100
AcDbEntity
  8
BOTTOM
 62
     5
100
AcDbHatch
 10
0.0
 20
0.0
 30
0.0
210
0.0
220
0.0
230
1.0
  2
SOLID
 70
     1
 71
     1
 91
        1
 92
        1
 93
        1
 72
     2
 10
3.81
 20
0.0
 40
0.8499983
 50
0.0
 51
360.0
 73
     1
 97
        1
330
B88
 75
     0
 76
     1
 98
        0
  0
REGION
  5
B8A
102
{ACAD_REACTORS
330
B8B
102
}
330
B6F
100
AcDbEntity
  8
Pad Holes
 62
     7
100
AcDbModelerGeometry
290
     1
  2
{245377cf-29d4-49bc-a07e-28f1e0058082}
  0
HATCH
  5
B8B
330
B6F
100
AcDbEntity
  8
Pad Holes
 62
     7
100
AcDbHatch
 10
0.0
 20
0.0
 30
0.0
210
0.0
220
0.0
230
1.0
  2
SOLID
 70
     1
 71
     1
 91
        1
 92
        1
 93
        1
 72
     2
 10
3.81
 20
0.0
 40
0.499999
 50
0.0
 51
360.0
 73
     1
 97
        1
330
B8A
 75
     0
 76
     1
 98
        0
  0
REGION
  5
B8C
102
{ACAD_REACTORS
330
B8D
102
}
330
B6F
100
AcDbEntity
  8
BOTTOM
 62
     5
100
AcDbModelerGeometry
290
     1
  2
{dec6a736-7473-49af-8dbf-11fe955428f2}
  0
HATCH
  5
B8D
330
B6F
100
AcDbEntity
  8
BOTTOM
 62
     5
100
AcDbHatch
 10
0.0
 20
0.0
 30
0.0
210
0.0
220
0.0
230
1.0
  2
SOLID
 70
     1
 71
     1
 91
        1
 92
        1
 93
        1
 72
     2
 10
6.35
 20
0.0
 40
0.8499983
 50
0.0
 51
360.0
 73
     1
 97
        1
330
B8C
 75
     0
 76
     1
 98
        0
  0
REGION
  5
B8E
102
{ACAD_REACTORS
330
B8F
102
}
330
B6F
100
AcDbEntity
  8
Pad Holes
 62
     7
100
AcDbModelerGeometry
290
     1
  2
{acbe6837-634f-4b2c-9675-74577ed8427d}
  0
HATCH
  5
B8F
330
B6F
100
AcDbEntity
  8
Pad Holes
 62
     7
100
AcDbHatch
 10
0.0
 20
0.0
 30
0.0
210
0.0
220
0.0
230
1.0
  2
SOLID
 70
     1
 71
     1
 91
        1
 92
        1
 93
        1
 72
     2
 10
6.35
 20
0.0
 40
0.499999
 50
0.0
 51
360.0
 73
     1
 97
        1
330
B8E
 75
     0
 76
     1
 98
        0
  0
REGION
  5
B90
102
{ACAD_REACTORS
330
B91
102
}
330
B6F
100
AcDbEntity
  8
BOTTOM
 62
     5
100
AcDbModelerGeometry
290
     1
  2
{e0485672-89f5-4a65-92a6-0f434ddec98c}
  0
HATCH
  5
B91
330
B6F
100
AcDbEntity
  8
BOTTOM
 62
     5
100
AcDbHatch
 10
0.0
 20
0.0
 30
0.0
210
0.0
220
0.0
230
1.0
  2
SOLID
 70
     1
 71
     1
 91
        1
 92
        1
 93
        1
 72
     2
 10
8.889999999999999
 20
0.0
 40
0.8499983
 50
0.0
 51
360.0
 73
     1
 97
        1
330
B90
 75
     0
 76
     1
 98
        0
  0
REGION
  5
B92
102
{ACAD_REACTORS
330
B93
102
}
330
B6F
100
AcDbEntity
  8
Pad Holes
 62
     7
100
AcDbModelerGeometry
290
     1
  2
{906d58a7-4df9-4fae-96bd-797d32d49807}
  0
HATCH
  5
B93
330
B6F
100
AcDbEntity
  8
Pad Holes
 62
     7
100
AcDbHatch
 10
0.0
 20
0.0
 30
0.0
210
0.0
220
0.0
230
1.0
  2
SOLID
 70
     1
 71
     1
 91
        1
 92
        1
 93
        1
 72
     2
 10
8.889999999999999
 20
0.0
 40
0.499999
 50
0.0
 51
360.0
 73
     1
 97
        1
330
B92
 75
     0
 76
     1
 98
        0
  0
REGION
  5
B94
102
{ACAD_REACTORS
330
B95
102
}
330
B6F
100
AcDbEntity
  8
BOTTOM
 62
     5
100
AcDbModelerGeometry
290
     1
  2
{82c1a1f1-cb92-4084-b595-3464d8d7f501}
  0
HATCH
  5
B95
330
B6F
100
AcDbEntity
  8
BOTTOM
 62
     5
100
AcDbHatch
 10
0.0
 20
0.0
 30
0.0
210
0.0
220
0.0
230
1.0
  2
SOLID
 70
     1
 71
     1
 91
        1
 92
        1
 93
        1
 72
     2
 10
11.43
 20
0.0
 40
0.8499983
 50
0.0
 51
360.0
 73
     1
 97
        1
330
B94
 75
     0
 76
     1
 98
        0
  0
REGION
  5
B96
102
{ACAD_REACTORS
330
B97
102
}
330
B6F
100
AcDbEntity
  8
Pad Holes
 62
     7
100
AcDbModelerGeometry
290
     1
  2
{0a154897-a03f-4ad2-a565-0c4996b94547}
  0
HATCH
  5
B97
330
B6F
100
AcDbEntity
  8
Pad Holes
 62
     7
100
AcDbHatch
 10
0.0
 20
0.0
 30
0.0
210
0.0
220
0.0
230
1.0
  2
SOLID
 70
     1
 71
     1
 91
        1
 92
        1
 93
        1
 72
     2
 10
11.43
 20
0.0
 40
0.499999
 50
0.0
 51
360.0
 73
     1
 97
        1
330
B96
 75
     0
 76
     1
 98
        0
  0
ENDBLK
  5
BF6
330
B6F
100
AcDbEntity
  8
0
100
AcDbBlockEnd
  0
BLOCK
  5
BF7
330
B99
100
AcDbEntity
  8
0
100
AcDbBlockBegin
  2
TS42_3521
 70
     0
 10
0.0
 20
0.0
 30
0.0
  3
TS42_3521
  1

  0
ENDBLK
  5
BF8
330
B99
100
AcDbEntity
  8
0
100
AcDbBlockEnd
  0
BLOCK
  5
BF9
330
B9B
100
AcDbEntity
  8
0
100
AcDbBlockBegin
  2
RES_0402_3522
 70
     0
 10
0.0
 20
0.0
 30
0.0
  3
RES_0402_3522
  1

  0
ENDBLK
  5
BFA
330
B9B
100
AcDbEntity
  8
0
100
AcDbBlockEnd
  0
BLOCK
  5
BFB
330
B9D
100
AcDbEntity
  8
0
100
AcDbBlockBegin
  2
LEDC1608X80N_AK_3523
 70
     0
 10
0.0
 20
0.0
 30
0.0
  3
LEDC1608X80N_AK_3523
  1

  0
ENDBLK
  5
BFC
330
B9D
100
AcDbEntity
  8
0
100
AcDbBlockEnd
  0
BLOCK
  5
BFD
330
B9F
100
AcDbEntity
  8
0
100
AcDbBlockBegin
  2
TS42_3524
 70
     0
 10
0.0
 20
0.0
 30
0.0
  3
TS42_3524
  1

  0
ENDBLK
  5
BFE
330
B9F
100
AcDbEntity
  8
0
100
AcDbBlockEnd
  0
BLOCK
  5
BFF
330
BA1
100
AcDbEntity
  8
0
100
AcDbBlockBegin
  2
RES_0402_3525
 70
     0
 10
0.0
 20
0.0
 30
0.0
  3
RES_0402_3525
  1

  0
ENDBLK
  5
C00
330
BA1
100
AcDbEntity
  8
0
100
AcDbBlockEnd
  0
BLOCK
  5
C01
330
BA3
100
AcDbEntity
  8
0
100
AcDbBlockBegin
  2
RES_0402_3526
 70
     0
 10
0.0
 20
0.0
 30
0.0
  3
RES_0402_3526
  1

  0
ENDBLK
  5
C02
330
BA3
100
AcDbEntity
  8
0
100
AcDbBlockEnd
  0
ENDSEC
  0
SECTION
  2
ENTITIES
  0
LWPOLYLINE
  5
61
330
1F
100
AcDbEntity
  8
BOTTOM
100
AcDbPolyline
 90
        2
 70
     0
 43
0.499999
 10
6.58007828
 20
15.31000494
 10
6.60713944
 20
15.31000494
  0
LWPOLYLINE
  5
62
330
1F
100
AcDbEntity
  8
BOTTOM
100
AcDbPolyline
 90
        2
 70
     1
 43
0.2499995
 10
6.4550798
 20
15.31000494
 42
1.0
 10
6.705076759999999
 20
15.31000494
 42
1.0
  0
LWPOLYLINE
  5
63
330
1F
100
AcDbEntity
  8
BOTTOM
100
AcDbPolyline
 90
        2
 70
     1
 43
0.2499995
 10
6.48214096
 20
15.31000494
 42
1.0
 10
6.73213792
 20
15.31000494
 42
1.0
  0
LWPOLYLINE
  5
64
330
1F
100
AcDbEntity
  8
BOTTOM
100
AcDbPolyline
 90
        2
 70
     0
 43
0.499999
 10
5.40086804
 20
15.1307927
 10
6.40086604
 20
15.1307927
  0
LWPOLYLINE
  5
65
330
1F
100
AcDbEntity
  8
BOTTOM
100
AcDbPolyline
 90
        2
 70
     1
 43
0.2499995
 10
5.275869559999999
 20
15.1307927
 42
1.0
 10
5.525866519999999
 20
15.1307927
 42
1.0
  0
LWPOLYLINE
  5
66
330
1F
100
AcDbEntity
  8
BOTTOM
100
AcDbPolyline
 90
        2
 70
     1
 43
0.2499995
 10
6.27586756
 20
15.1307927
 42
1.0
 10
6.525864519999999
 20
15.1307927
 42
1.0
  0
LWPOLYLINE
  5
67
330
1F
100
AcDbEntity
  8
BOTTOM
100
AcDbPolyline
 90
        2
 70
     0
 43
0.499999
 10
6.40086604
 20
15.1307927
 10
6.58007828
 20
15.31000494
  0
LWPOLYLINE
  5
68
330
1F
100
AcDbEntity
  8
BOTTOM
100
AcDbPolyline
 90
        2
 70
     1
 43
0.2499995
 10
6.27586756
 20
15.1307927
 42
1.0
 10
6.525864519999999
 20
15.1307927
 42
1.0
  0
LWPOLYLINE
  5
69
330
1F
100
AcDbEntity
  8
BOTTOM
100
AcDbPolyline
 90
        2
 70
     1
 43
0.2499995
 10
6.4550798
 20
15.31000494
 42
1.0
 10
6.705076759999999
 20
15.31000494
 42
1.0
  0
LWPOLYLINE
  5
6A
330
1F
100
AcDbEntity
  8
BOTTOM
100
AcDbPolyline
 90
        2
 70
     0
 43
0.499999
 10
5.40008572
 20
15.13001038
 10
5.40086804
 20
15.1307927
  0
LWPOLYLINE
  5
6B
330
1F
100
AcDbEntity
  8
BOTTOM
100
AcDbPolyline
 90
        2
 70
     1
 43
0.2499995
 10
5.27508724
 20
15.13001038
 42
1.0
 10
5.525084199999999
 20
15.13001038
 42
1.0
  0
LWPOLYLINE
  5
6C
330
1F
100
AcDbEntity
  8
BOTTOM
100
AcDbPolyline
 90
        2
 70
     1
 43
0.2499995
 10
5.275869559999999
 20
15.1307927
 42
1.0
 10
5.525866519999999
 20
15.1307927
 42
1.0
  0
LWPOLYLINE
  5
6D
330
1F
100
AcDbEntity
  8
BOTTOM
100
AcDbPolyline
 90
        2
 70
     0
 43
0.499999
 10
4.86002584
 20
15.13001038
 10
5.40008572
 20
15.13001038
  0
LWPOLYLINE
  5
6E
330
1F
100
AcDbEntity
  8
BOTTOM
100
AcDbPolyline
 90
        2
 70
     1
 43
0.2499995
 10
4.73502736
 20
15.13001038
 42
1.0
 10
4.98502432
 20
15.13001038
 42
1.0
  0
LWPOLYLINE
  5
6F
330
1F
100
AcDbEntity
  8
BOTTOM
100
AcDbPolyline
 90
        2
 70
     1
 43
0.2499995
 10
5.27508724
 20
15.13001038
 42
1.0
 10
5.525084199999999
 20
15.13001038
 42
1.0
  0
LWPOLYLINE
  5
70
330
1F
100
AcDbEntity
  8
BOTTOM
100
AcDbPolyline
 90
        2
 70
     0
 43
0.499999
 10
3.50002602
 20
16.4900102
 10
4.86002584
 20
15.13001038
  0
LWPOLYLINE
  5
71
330
1F
100
AcDbEntity
  8
BOTTOM
100
AcDbPolyline
 90
        2
 70
     1
 43
0.2499995
 10
3.37502754
 20
16.4900102
 42
1.0
 10
3.6250245
 20
16.4900102
 42
1.0
  0
LWPOLYLINE
  5
72
330
1F
100
AcDbEntity
  8
BOTTOM
100
AcDbPolyline
 90
        2
 70
     1
 43
0.2499995
 10
4.73502736
 20
15.13001038
 42
1.0
 10
4.98502432
 20
15.13001038
 42
1.0
  0
LWPOLYLINE
  5
73
330
1F
100
AcDbEntity
  8
BOTTOM
100
AcDbPolyline
 90
        2
 70
     0
 43
0.1499997
 10
8.254812040000001
 20
7.155558459999999
 10
8.254812040000001
 20
11.19927148
  0
LWPOLYLINE
  5
74
330
1F
100
AcDbEntity
  8
BOTTOM
100
AcDbPolyline
 90
        2
 70
     1
 43
0.07499858
 10
8.21731148
 20
7.155558459999999
 42
1.0
 10
8.292312599999999
 20
7.155558459999999
 42
1.0
  0
LWPOLYLINE
  5
75
330
1F
100
AcDbEntity
  8
BOTTOM
100
AcDbPolyline
 90
        2
 70
     1
 43
0.07499858
 10
8.21731148
 20
11.19927148
 42
1.0
 10
8.292312599999999
 20
11.19927148
 42
1.0
  0
LWPOLYLINE
  5
76
330
1F
100
AcDbEntity
  8
BOTTOM
100
AcDbPolyline
 90
        2
 70
     0
 43
0.1499997
 10
8.254812040000001
 20
11.19927148
 10
10.3673656
 20
13.31182504
  0
LWPOLYLINE
  5
77
330
1F
100
AcDbEntity
  8
BOTTOM
100
AcDbPolyline
 90
        2
 70
     1
 43
0.07499858
 10
8.21731148
 20
11.19927148
 42
1.0
 10
8.292312599999999
 20
11.19927148
 42
1.0
  0
LWPOLYLINE
  5
78
330
1F
100
AcDbEntity
  8
BOTTOM
100
AcDbPolyline
 90
        2
 70
     1
 43
0.07499858
 10
10.32986504
 20
13.31182504
 42
1.0
 10
10.40486616
 20
13.31182504
 42
1.0
  0
LWPOLYLINE
  5
79
330
1F
100
AcDbEntity
  8
BOTTOM
100
AcDbPolyline
 90
        2
 70
     0
 43
0.1499997
 10
32.22502318
 20
4.8300132
 10
32.22502318
 20
8.12502312
  0
LWPOLYLINE
  5
7A
330
1F
100
AcDbEntity
  8
BOTTOM
100
AcDbPolyline
 90
        2
 70
     1
 43
0.07499858
 10
32.18752262
 20
4.8300132
 42
1.0
 10
32.26252374
 20
4.8300132
 42
1.0
  0
LWPOLYLINE
  5
7B
330
1F
100
AcDbEntity
  8
BOTTOM
100
AcDbPolyline
 90
        2
 70
     1
 43
0.07499858
 10
32.18752262
 20
8.12502312
 42
1.0
 10
32.26252374
 20
8.12502312
 42
1.0
  0
LWPOLYLINE
  5
7C
330
1F
100
AcDbEntity
  8
BOTTOM
100
AcDbPolyline
 90
        2
 70
     0
 43
0.1499997
 10
31.8699261
 20
8.4801202
 10
32.22502318
 20
8.12502312
  0
LWPOLYLINE
  5
7D
330
1F
100
AcDbEntity
  8
BOTTOM
100
AcDbPolyline
 90
        2
 70
     1
 43
0.07499858
 10
31.83242554
 20
8.4801202
 42
1.0
 10
31.90742666
 20
8.4801202
 42
1.0
  0
LWPOLYLINE
  5
7E
330
1F
100
AcDbEntity
  8
BOTTOM
100
AcDbPolyline
 90
        2
 70
     1
 43
0.07499858
 10
32.18752262
 20
8.12502312
 42
1.0
 10
32.26252374
 20
8.12502312
 42
1.0
  0
LWPOLYLINE
  5
7F
330
1F
100
AcDbEntity
  8
BOTTOM
100
AcDbPolyline
 90
        2
 70
     0
 43
0.1499997
 10
29.51988
 20
8.4801202
 10
31.8699261
 20
8.4801202
  0
LWPOLYLINE
  5
80
330
1F
100
AcDbEntity
  8
BOTTOM
100
AcDbPolyline
 90
        2
 70
     1
 43
0.07499858
 10
29.48237944
 20
8.4801202
 42
1.0
 10
29.55738056
 20
8.4801202
 42
1.0
  0
LWPOLYLINE
  5
81
330
1F
100
AcDbEntity
  8
BOTTOM
100
AcDbPolyline
 90
        2
 70
     1
 43
0.07499858
 10
31.83242554
 20
8.4801202
 42
1.0
 10
31.90742666
 20
8.4801202
 42
1.0
  0
LWPOLYLINE
  5
82
330
1F
100
AcDbEntity
  8
BOTTOM
100
AcDbPolyline
 90
        2
 70
     0
 43
0.1499997
 10
31.52502204
 20
4.130012059999999
 10
32.22502318
 20
4.8300132
  0
LWPOLYLINE
  5
83
330
1F
100
AcDbEntity
  8
BOTTOM
100
AcDbPolyline
 90
        2
 70
     1
 43
0.07499858
 10
31.48752148
 20
4.130012059999999
 42
1.0
 10
31.5625226
 20
4.130012059999999
 42
1.0
  0
LWPOLYLINE
  5
84
330
1F
100
AcDbEntity
  8
BOTTOM
100
AcDbPolyline
 90
        2
 70
     1
 43
0.07499858
 10
32.18752262
 20
4.8300132
 42
1.0
 10
32.26252374
 20
4.8300132
 42
1.0
  0
LWPOLYLINE
  5
85
330
1F
100
AcDbEntity
  8
BOTTOM
100
AcDbPolyline
 90
        2
 70
     0
 43
0.1499997
 10
29.49999942
 20
8.500000779999999
 10
29.51988
 20
8.4801202
  0
LWPOLYLINE
  5
86
330
1F
100
AcDbEntity
  8
BOTTOM
100
AcDbPolyline
 90
        2
 70
     1
 43
0.07499858
 10
29.46249886
 20
8.500000779999999
 42
1.0
 10
29.53749998
 20
8.500000779999999
 42
1.0
  0
LWPOLYLINE
  5
87
330
1F
100
AcDbEntity
  8
BOTTOM
100
AcDbPolyline
 90
        2
 70
     1
 43
0.07499858
 10
29.48237944
 20
8.4801202
 42
1.0
 10
29.55738056
 20
8.4801202
 42
1.0
  0
LWPOLYLINE
  5
88
330
1F
100
AcDbEntity
  8
BOTTOM
100
AcDbPolyline
 90
        2
 70
     0
 43
0.1499997
 10
26.73273292
 20
18.81405178
 10
27.34868292
 20
19.43000178
  0
LWPOLYLINE
  5
89
330
1F
100
AcDbEntity
  8
BOTTOM
100
AcDbPolyline
 90
        2
 70
     1
 43
0.07499858
 10
26.69523236
 20
18.81405178
 42
1.0
 10
26.77023348
 20
18.81405178
 42
1.0
  0
LWPOLYLINE
  5
8A
330
1F
100
AcDbEntity
  8
BOTTOM
100
AcDbPolyline
 90
        2
 70
     1
 43
0.07499858
 10
27.31118236
 20
19.43000178
 42
1.0
 10
27.38618348
 20
19.43000178
 42
1.0
  0
LWPOLYLINE
  5
8B
330
1F
100
AcDbEntity
  8
BOTTOM
100
AcDbPolyline
 90
        2
 70
     0
 43
0.1499997
 10
27.34868292
 20
19.43000178
 10
29.5250235
 20
19.43000178
  0
LWPOLYLINE
  5
8C
330
1F
100
AcDbEntity
  8
BOTTOM
100
AcDbPolyline
 90
        2
 70
     1
 43
0.07499858
 10
27.31118236
 20
19.43000178
 42
1.0
 10
27.38618348
 20
19.43000178
 42
1.0
  0
LWPOLYLINE
  5
8D
330
1F
100
AcDbEntity
  8
BOTTOM
100
AcDbPolyline
 90
        2
 70
     1
 43
0.07499858
 10
29.48752294
 20
19.43000178
 42
1.0
 10
29.56252406
 20
19.43000178
 42
1.0
  0
LWPOLYLINE
  5
8E
330
1F
100
AcDbEntity
  8
BOTTOM
100
AcDbPolyline
 90
        2
 70
     0
 43
0.1499997
 10
18.27502822
 20
5.680003879999999
 10
20.52502118
 20
3.43001092
  0
LWPOLYLINE
  5
8F
330
1F
100
AcDbEntity
  8
BOTTOM
100
AcDbPolyline
 90
        2
 70
     1
 43
0.07499858
 10
18.23752766
 20
5.680003879999999
 42
1.0
 10
18.31252878
 20
5.680003879999999
 42
1.0
  0
LWPOLYLINE
  5
90
330
1F
100
AcDbEntity
  8
BOTTOM
100
AcDbPolyline
 90
        2
 70
     1
 43
0.07499858
 10
20.48752062
 20
3.43001092
 42
1.0
 10
20.56252174
 20
3.43001092
 42
1.0
  0
LWPOLYLINE
  5
91
330
1F
100
AcDbEntity
  8
BOTTOM
100
AcDbPolyline
 90
        2
 70
     0
 43
0.1499997
 10
18.27502822
 20
5.680003879999999
 10
18.27502822
 20
7.03001134
  0
LWPOLYLINE
  5
92
330
1F
100
AcDbEntity
  8
BOTTOM
100
AcDbPolyline
 90
        2
 70
     1
 43
0.07499858
 10
18.23752766
 20
5.680003879999999
 42
1.0
 10
18.31252878
 20
5.680003879999999
 42
1.0
  0
LWPOLYLINE
  5
93
330
1F
100
AcDbEntity
  8
BOTTOM
100
AcDbPolyline
 90
        2
 70
     1
 43
0.07499858
 10
18.23752766
 20
7.03001134
 42
1.0
 10
18.31252878
 20
7.03001134
 42
1.0
  0
LWPOLYLINE
  5
94
330
1F
100
AcDbEntity
  8
BOTTOM
100
AcDbPolyline
 90
        2
 70
     0
 43
0.1499997
 10
19.42502338
 20
12.18000358
 10
19.42502338
 20
15.43000216
  0
LWPOLYLINE
  5
95
330
1F
100
AcDbEntity
  8
BOTTOM
100
AcDbPolyline
 90
        2
 70
     1
 43
0.07499858
 10
19.38752282
 20
12.18000358
 42
1.0
 10
19.46252394
 20
12.18000358
 42
1.0
  0
LWPOLYLINE
  5
96
330
1F
100
AcDbEntity
  8
BOTTOM
100
AcDbPolyline
 90
        2
 70
     1
 43
0.07499858
 10
19.38752282
 20
15.43000216
 42
1.0
 10
19.46252394
 20
15.43000216
 42
1.0
  0
LWPOLYLINE
  5
97
330
1F
100
AcDbEntity
  8
BOTTOM
100
AcDbPolyline
 90
        2
 70
     0
 43
0.1499997
 10
30.84599114
 20
16.55722876
 10
30.84599114
 20
17.20257164
  0
LWPOLYLINE
  5
98
330
1F
100
AcDbEntity
  8
BOTTOM
100
AcDbPolyline
 90
        2
 70
     1
 43
0.07499858
 10
30.80849058
 20
16.55722876
 42
1.0
 10
30.8834917
 20
16.55722876
 42
1.0
  0
LWPOLYLINE
  5
99
330
1F
100
AcDbEntity
  8
BOTTOM
100
AcDbPolyline
 90
        2
 70
     1
 43
0.07499858
 10
30.80849058
 20
17.20257164
 42
1.0
 10
30.8834917
 20
17.20257164
 42
1.0
  0
LWPOLYLINE
  5
9A
330
1F
100
AcDbEntity
  8
BOTTOM
100
AcDbPolyline
 90
        2
 70
     0
 43
0.1499997
 10
30.56899143999999
 20
16.44249188
 10
30.57102344
 20
16.44045988
  0
LWPOLYLINE
  5
9B
330
1F
100
AcDbEntity
  8
BOTTOM
100
AcDbPolyline
 90
        2
 70
     1
 43
0.07499858
 10
30.53149088
 20
16.44249188
 42
1.0
 10
30.606492
 20
16.44249188
 42
1.0
  0
LWPOLYLINE
  5
9C
330
1F
100
AcDbEntity
  8
BOTTOM
100
AcDbPolyline
 90
        2
 70
     1
 43
0.07499858
 10
30.53352288
 20
16.44045988
 42
1.0
 10
30.608524
 20
16.44045988
 42
1.0
  0
LWPOLYLINE
  5
9D
330
1F
100
AcDbEntity
  8
BOTTOM
100
AcDbPolyline
 90
        2
 70
     0
 43
0.1499997
 10
30.29402374
 20
17.4340774
 10
30.29402374
 20
19.32565604
  0
LWPOLYLINE
  5
9E
330
1F
100
AcDbEntity
  8
BOTTOM
100
AcDbPolyline
 90
        2
 70
     1
 43
0.07499858
 10
30.25652317999999
 20
17.4340774
 42
1.0
 10
30.3315243
 20
17.4340774
 42
1.0
  0
LWPOLYLINE
  5
9F
330
1F
100
AcDbEntity
  8
BOTTOM
100
AcDbPolyline
 90
        2
 70
     1
 43
0.07499858
 10
30.25652317999999
 20
19.32565604
 42
1.0
 10
30.3315243
 20
19.32565604
 42
1.0
  0
LWPOLYLINE
  5
A0
330
1F
100
AcDbEntity
  8
BOTTOM
100
AcDbPolyline
 90
        2
 70
     0
 43
0.1499997
 10
30.29199174
 20
16.327755
 10
30.29199174
 20
17.4320454
  0
LWPOLYLINE
  5
A1
330
1F
100
AcDbEntity
  8
BOTTOM
100
AcDbPolyline
 90
        2
 70
     1
 43
0.07499858
 10
30.25449118
 20
16.327755
 42
1.0
 10
30.32949229999999
 20
16.327755
 42
1.0
  0
LWPOLYLINE
  5
A2
330
1F
100
AcDbEntity
  8
BOTTOM
100
AcDbPolyline
 90
        2
 70
     1
 43
0.07499858
 10
30.25449118
 20
17.4320454
 42
1.0
 10
30.32949229999999
 20
17.4320454
 42
1.0
  0
LWPOLYLINE
  5
A3
330
1F
100
AcDbEntity
  8
BOTTOM
100
AcDbPolyline
 90
        2
 70
     0
 43
0.1499997
 10
28.72502256
 20
12.73000248
 10
30.29402374
 20
14.29900366
  0
LWPOLYLINE
  5
A4
330
1F
100
AcDbEntity
  8
BOTTOM
100
AcDbPolyline
 90
        2
 70
     1
 43
0.07499858
 10
28.687522
 20
12.73000248
 42
1.0
 10
28.76252312
 20
12.73000248
 42
1.0
  0
LWPOLYLINE
  5
A5
330
1F
100
AcDbEntity
  8
BOTTOM
100
AcDbPolyline
 90
        2
 70
     1
 43
0.07499858
 10
30.25652317999999
 20
14.29900366
 42
1.0
 10
30.3315243
 20
14.29900366
 42
1.0
  0
LWPOLYLINE
  5
A6
330
1F
100
AcDbEntity
  8
BOTTOM
100
AcDbPolyline
 90
        2
 70
     0
 43
0.1499997
 10
30.57102344
 20
17.31934052
 10
30.57102344
 20
19.44039292
  0
LWPOLYLINE
  5
A7
330
1F
100
AcDbEntity
  8
BOTTOM
100
AcDbPolyline
 90
        2
 70
     1
 43
0.07499858
 10
30.53352288
 20
17.31934052
 42
1.0
 10
30.608524
 20
17.31934052
 42
1.0
  0
LWPOLYLINE
  5
A8
330
1F
100
AcDbEntity
  8
BOTTOM
100
AcDbPolyline
 90
        2
 70
     1
 43
0.07499858
 10
30.53352288
 20
19.44039292
 42
1.0
 10
30.608524
 20
19.44039292
 42
1.0
  0
LWPOLYLINE
  5
A9
330
1F
100
AcDbEntity
  8
BOTTOM
100
AcDbPolyline
 90
        2
 70
     0
 43
0.1499997
 10
29.17611894
 20
20.83529742
 10
30.57102344
 20
19.44039292
  0
LWPOLYLINE
  5
AA
330
1F
100
AcDbEntity
  8
BOTTOM
100
AcDbPolyline
 90
        2
 70
     1
 43
0.07499858
 10
29.13861838
 20
20.83529742
 42
1.0
 10
29.2136195
 20
20.83529742
 42
1.0
  0
LWPOLYLINE
  5
AB
330
1F
100
AcDbEntity
  8
BOTTOM
100
AcDbPolyline
 90
        2
 70
     1
 43
0.07499858
 10
30.53352288
 20
19.44039292
 42
1.0
 10
30.608524
 20
19.44039292
 42
1.0
  0
LWPOLYLINE
  5
AC
330
1F
100
AcDbEntity
  8
BOTTOM
100
AcDbPolyline
 90
        2
 70
     0
 43
0.1499997
 10
29.75407308
 20
12.8999996
 10
30.57102344
 20
13.71694996
  0
LWPOLYLINE
  5
AD
330
1F
100
AcDbEntity
  8
BOTTOM
100
AcDbPolyline
 90
        2
 70
     1
 43
0.07499858
 10
29.71657252
 20
12.8999996
 42
1.0
 10
29.79157364
 20
12.8999996
 42
1.0
  0
LWPOLYLINE
  5
AE
330
1F
100
AcDbEntity
  8
BOTTOM
100
AcDbPolyline
 90
        2
 70
     1
 43
0.07499858
 10
30.53352288
 20
13.71694996
 42
1.0
 10
30.608524
 20
13.71694996
 42
1.0
  0
LWPOLYLINE
  5
AF
330
1F
100
AcDbEntity
  8
BOTTOM
100
AcDbPolyline
 90
        2
 70
     0
 43
0.1499997
 10
31.12299084
 20
16.67196564
 10
31.12299084
 20
17.08783476
  0
LWPOLYLINE
  5
B0
330
1F
100
AcDbEntity
  8
BOTTOM
100
AcDbPolyline
 90
        2
 70
     1
 43
0.07499858
 10
31.08549028
 20
16.67196564
 42
1.0
 10
31.1604914
 20
16.67196564
 42
1.0
  0
LWPOLYLINE
  5
B1
330
1F
100
AcDbEntity
  8
BOTTOM
100
AcDbPolyline
 90
        2
 70
     1
 43
0.07499858
 10
31.08549028
 20
17.08783476
 42
1.0
 10
31.1604914
 20
17.08783476
 42
1.0
  0
LWPOLYLINE
  5
B2
330
1F
100
AcDbEntity
  8
BOTTOM
100
AcDbPolyline
 90
        2
 70
     0
 43
0.1499997
 10
29.55368994
 20
11.93200306
 10
30.84802314
 20
13.22633626
  0
LWPOLYLINE
  5
B3
330
1F
100
AcDbEntity
  8
BOTTOM
100
AcDbPolyline
 90
        2
 70
     1
 43
0.07499858
 10
29.51618938
 20
11.93200306
 42
1.0
 10
29.5911905
 20
11.93200306
 42
1.0
  0
LWPOLYLINE
  5
B4
330
1F
100
AcDbEntity
  8
BOTTOM
100
AcDbPolyline
 90
        2
 70
     1
 43
0.07499858
 10
30.81052258
 20
13.22633626
 42
1.0
 10
30.8855237
 20
13.22633626
 42
1.0
  0
LWPOLYLINE
  5
B5
330
1F
100
AcDbEntity
  8
BOTTOM
100
AcDbPolyline
 90
        2
 70
     0
 43
0.1499997
 10
31.12299084
 20
16.67196564
 10
31.12502284
 20
16.66993364
  0
LWPOLYLINE
  5
B6
330
1F
100
AcDbEntity
  8
BOTTOM
100
AcDbPolyline
 90
        2
 70
     1
 43
0.07499858
 10
31.08549028
 20
16.67196564
 42
1.0
 10
31.1604914
 20
16.67196564
 42
1.0
  0
LWPOLYLINE
  5
B7
330
1F
100
AcDbEntity
  8
BOTTOM
100
AcDbPolyline
 90
        2
 70
     1
 43
0.07499858
 10
31.08752228
 20
16.66993364
 42
1.0
 10
31.1625234
 20
16.66993364
 42
1.0
  0
LWPOLYLINE
  5
B8
330
1F
100
AcDbEntity
  8
BOTTOM
100
AcDbPolyline
 90
        2
 70
     0
 43
0.1499997
 10
29.45311864
 20
20.9500343
 10
30.84802314
 20
19.5551298
  0
LWPOLYLINE
  5
B9
330
1F
100
AcDbEntity
  8
BOTTOM
100
AcDbPolyline
 90
        2
 70
     1
 43
0.07499858
 10
29.41561808
 20
20.9500343
 42
1.0
 10
29.4906192
 20
20.9500343
 42
1.0
  0
LWPOLYLINE
  5
BA
330
1F
100
AcDbEntity
  8
BOTTOM
100
AcDbPolyline
 90
        2
 70
     1
 43
0.07499858
 10
30.81052258
 20
19.5551298
 42
1.0
 10
30.8855237
 20
19.5551298
 42
1.0
  0
LWPOLYLINE
  5
BB
330
1F
100
AcDbEntity
  8
BOTTOM
100
AcDbPolyline
 90
        2
 70
     0
 43
0.1499997
 10
31.12299084
 20
17.08783476
 10
31.12502284
 20
17.08986676
  0
LWPOLYLINE
  5
BC
330
1F
100
AcDbEntity
  8
BOTTOM
100
AcDbPolyline
 90
        2
 70
     1
 43
0.07499858
 10
31.08549028
 20
17.08783476
 42
1.0
 10
31.1604914
 20
17.08783476
 42
1.0
  0
LWPOLYLINE
  5
BD
330
1F
100
AcDbEntity
  8
BOTTOM
100
AcDbPolyline
 90
        2
 70
     1
 43
0.07499858
 10
31.08752228
 20
17.08986676
 42
1.0
 10
31.1625234
 20
17.08986676
 42
1.0
  0
LWPOLYLINE
  5
BE
330
1F
100
AcDbEntity
  8
BOTTOM
100
AcDbPolyline
 90
        2
 70
     0
 43
0.1499997
 10
31.12502284
 20
13.03000188
 10
31.12502284
 20
16.66993364
  0
LWPOLYLINE
  5
BF
330
1F
100
AcDbEntity
  8
BOTTOM
100
AcDbPolyline
 90
        2
 70
     1
 43
0.07499858
 10
31.08752228
 20
13.03000188
 42
1.0
 10
31.1625234
 20
13.03000188
 42
1.0
  0
LWPOLYLINE
  5
C0
330
1F
100
AcDbEntity
  8
BOTTOM
100
AcDbPolyline
 90
        2
 70
     1
 43
0.07499858
 10
31.08752228
 20
16.66993364
 42
1.0
 10
31.1625234
 20
16.66993364
 42
1.0
  0
LWPOLYLINE
  5
C1
330
1F
100
AcDbEntity
  8
BOTTOM
100
AcDbPolyline
 90
        2
 70
     0
 43
0.1499997
 10
30.84802314
 20
13.22633626
 10
30.84802314
 20
16.55519676
  0
LWPOLYLINE
  5
C2
330
1F
100
AcDbEntity
  8
BOTTOM
100
AcDbPolyline
 90
        2
 70
     1
 43
0.07499858
 10
30.81052258
 20
13.22633626
 42
1.0
 10
30.8855237
 20
13.22633626
 42
1.0
  0
LWPOLYLINE
  5
C3
330
1F
100
AcDbEntity
  8
BOTTOM
100
AcDbPolyline
 90
        2
 70
     1
 43
0.07499858
 10
30.81052258
 20
16.55519676
 42
1.0
 10
30.8855237
 20
16.55519676
 42
1.0
  0
LWPOLYLINE
  5
C4
330
1F
100
AcDbEntity
  8
BOTTOM
100
AcDbPolyline
 90
        2
 70
     0
 43
0.1499997
 10
28.89911924
 20
20.72056054
 10
30.29402374
 20
19.32565604
  0
LWPOLYLINE
  5
C5
330
1F
100
AcDbEntity
  8
BOTTOM
100
AcDbPolyline
 90
        2
 70
     1
 43
0.07499858
 10
28.86161868
 20
20.72056054
 42
1.0
 10
28.9366198
 20
20.72056054
 42
1.0
  0
LWPOLYLINE
  5
C6
330
1F
100
AcDbEntity
  8
BOTTOM
100
AcDbPolyline
 90
        2
 70
     1
 43
0.07499858
 10
30.25652317999999
 20
19.32565604
 42
1.0
 10
30.3315243
 20
19.32565604
 42
1.0
  0
LWPOLYLINE
  5
C7
330
1F
100
AcDbEntity
  8
BOTTOM
100
AcDbPolyline
 90
        2
 70
     0
 43
0.1499997
 10
30.56899143999999
 20
16.44249188
 10
30.56899143999999
 20
17.31730852
  0
LWPOLYLINE
  5
C8
330
1F
100
AcDbEntity
  8
BOTTOM
100
AcDbPolyline
 90
        2
 70
     1
 43
0.07499858
 10
30.53149088
 20
16.44249188
 42
1.0
 10
30.606492
 20
16.44249188
 42
1.0
  0
LWPOLYLINE
  5
C9
330
1F
100
AcDbEntity
  8
BOTTOM
100
AcDbPolyline
 90
        2
 70
     1
 43
0.07499858
 10
30.53149088
 20
17.31730852
 42
1.0
 10
30.606492
 20
17.31730852
 42
1.0
  0
LWPOLYLINE
  5
CA
330
1F
100
AcDbEntity
  8
BOTTOM
100
AcDbPolyline
 90
        2
 70
     0
 43
0.1499997
 10
29.73011834
 20
21.06477118
 10
31.12502284
 20
19.66986668
  0
LWPOLYLINE
  5
CB
330
1F
100
AcDbEntity
  8
BOTTOM
100
AcDbPolyline
 90
        2
 70
     1
 43
0.07499858
 10
29.69261778
 20
21.06477118
 42
1.0
 10
29.7676189
 20
21.06477118
 42
1.0
  0
LWPOLYLINE
  5
CC
330
1F
100
AcDbEntity
  8
BOTTOM
100
AcDbPolyline
 90
        2
 70
     1
 43
0.07499858
 10
31.08752228
 20
19.66986668
 42
1.0
 10
31.1625234
 20
19.66986668
 42
1.0
  0
LWPOLYLINE
  5
CD
330
1F
100
AcDbEntity
  8
BOTTOM
100
AcDbPolyline
 90
        2
 70
     0
 43
0.1499997
 10
30.29199174
 20
17.4320454
 10
30.29402374
 20
17.4340774
  0
LWPOLYLINE
  5
CE
330
1F
100
AcDbEntity
  8
BOTTOM
100
AcDbPolyline
 90
        2
 70
     1
 43
0.07499858
 10
30.25449118
 20
17.4320454
 42
1.0
 10
30.32949229999999
 20
17.4320454
 42
1.0
  0
LWPOLYLINE
  5
CF
330
1F
100
AcDbEntity
  8
BOTTOM
100
AcDbPolyline
 90
        2
 70
     1
 43
0.07499858
 10
30.25652317999999
 20
17.4340774
 42
1.0
 10
30.3315243
 20
17.4340774
 42
1.0
  0
LWPOLYLINE
  5
D0
330
1F
100
AcDbEntity
  8
BOTTOM
100
AcDbPolyline
 90
        2
 70
     0
 43
0.1499997
 10
31.12502284
 20
17.08986676
 10
31.12502284
 20
19.66986668
  0
LWPOLYLINE
  5
D1
330
1F
100
AcDbEntity
  8
BOTTOM
100
AcDbPolyline
 90
        2
 70
     1
 43
0.07499858
 10
31.08752228
 20
17.08986676
 42
1.0
 10
31.1625234
 20
17.08986676
 42
1.0
  0
LWPOLYLINE
  5
D2
330
1F
100
AcDbEntity
  8
BOTTOM
100
AcDbPolyline
 90
        2
 70
     1
 43
0.07499858
 10
31.08752228
 20
19.66986668
 42
1.0
 10
31.1625234
 20
19.66986668
 42
1.0
  0
LWPOLYLINE
  5
D3
330
1F
100
AcDbEntity
  8
BOTTOM
100
AcDbPolyline
 90
        2
 70
     0
 43
0.1499997
 10
30.56899143999999
 20
17.31730852
 10
30.57102344
 20
17.31934052
  0
LWPOLYLINE
  5
D4
330
1F
100
AcDbEntity
  8
BOTTOM
100
AcDbPolyline
 90
        2
 70
     1
 43
0.07499858
 10
30.53149088
 20
17.31730852
 42
1.0
 10
30.606492
 20
17.31730852
 42
1.0
  0
LWPOLYLINE
  5
D5
330
1F
100
AcDbEntity
  8
BOTTOM
100
AcDbPolyline
 90
        2
 70
     1
 43
0.07499858
 10
30.53352288
 20
17.31934052
 42
1.0
 10
30.608524
 20
17.31934052
 42
1.0
  0
LWPOLYLINE
  5
D6
330
1F
100
AcDbEntity
  8
BOTTOM
100
AcDbPolyline
 90
        2
 70
     0
 43
0.1499997
 10
30.84599114
 20
17.20257164
 10
30.84802314
 20
17.20460364
  0
LWPOLYLINE
  5
D7
330
1F
100
AcDbEntity
  8
BOTTOM
100
AcDbPolyline
 90
        2
 70
     1
 43
0.07499858
 10
30.80849058
 20
17.20257164
 42
1.0
 10
30.8834917
 20
17.20257164
 42
1.0
  0
LWPOLYLINE
  5
D8
330
1F
100
AcDbEntity
  8
BOTTOM
100
AcDbPolyline
 90
        2
 70
     1
 43
0.07499858
 10
30.81052258
 20
17.20460364
 42
1.0
 10
30.8855237
 20
17.20460364
 42
1.0
  0
LWPOLYLINE
  5
D9
330
1F
100
AcDbEntity
  8
BOTTOM
100
AcDbPolyline
 90
        2
 70
     0
 43
0.1499997
 10
30.29402374
 20
14.29900366
 10
30.29402374
 20
16.325723
  0
LWPOLYLINE
  5
DA
330
1F
100
AcDbEntity
  8
BOTTOM
100
AcDbPolyline
 90
        2
 70
     1
 43
0.07499858
 10
30.25652317999999
 20
14.29900366
 42
1.0
 10
30.3315243
 20
14.29900366
 42
1.0
  0
LWPOLYLINE
  5
DB
330
1F
100
AcDbEntity
  8
BOTTOM
100
AcDbPolyline
 90
        2
 70
     1
 43
0.07499858
 10
30.25652317999999
 20
16.325723
 42
1.0
 10
30.3315243
 20
16.325723
 42
1.0
  0
LWPOLYLINE
  5
DC
330
1F
100
AcDbEntity
  8
BOTTOM
100
AcDbPolyline
 90
        2
 70
     0
 43
0.1499997
 10
30.29199174
 20
16.327755
 10
30.29402374
 20
16.325723
  0
LWPOLYLINE
  5
DD
330
1F
100
AcDbEntity
  8
BOTTOM
100
AcDbPolyline
 90
        2
 70
     1
 43
0.07499858
 10
30.25449118
 20
16.327755
 42
1.0
 10
30.32949229999999
 20
16.327755
 42
1.0
  0
LWPOLYLINE
  5
DE
330
1F
100
AcDbEntity
  8
BOTTOM
100
AcDbPolyline
 90
        2
 70
     1
 43
0.07499858
 10
30.25652317999999
 20
16.325723
 42
1.0
 10
30.3315243
 20
16.325723
 42
1.0
  0
LWPOLYLINE
  5
DF
330
1F
100
AcDbEntity
  8
BOTTOM
100
AcDbPolyline
 90
        2
 70
     0
 43
0.1499997
 10
30.84802314
 20
17.20460364
 10
30.84802314
 20
19.5551298
  0
LWPOLYLINE
  5
E0
330
1F
100
AcDbEntity
  8
BOTTOM
100
AcDbPolyline
 90
        2
 70
     1
 43
0.07499858
 10
30.81052258
 20
17.20460364
 42
1.0
 10
30.8855237
 20
17.20460364
 42
1.0
  0
LWPOLYLINE
  5
E1
330
1F
100
AcDbEntity
  8
BOTTOM
100
AcDbPolyline
 90
        2
 70
     1
 43
0.07499858
 10
30.81052258
 20
19.5551298
 42
1.0
 10
30.8855237
 20
19.5551298
 42
1.0
  0
LWPOLYLINE
  5
E2
330
1F
100
AcDbEntity
  8
BOTTOM
100
AcDbPolyline
 90
        2
 70
     0
 43
0.1499997
 10
30.57102344
 20
13.71694996
 10
30.57102344
 20
16.44045988
  0
LWPOLYLINE
  5
E3
330
1F
100
AcDbEntity
  8
BOTTOM
100
AcDbPolyline
 90
        2
 70
     1
 43
0.07499858
 10
30.53352288
 20
13.71694996
 42
1.0
 10
30.608524
 20
13.71694996
 42
1.0
  0
LWPOLYLINE
  5
E4
330
1F
100
AcDbEntity
  8
BOTTOM
100
AcDbPolyline
 90
        2
 70
     1
 43
0.07499858
 10
30.53352288
 20
16.44045988
 42
1.0
 10
30.608524
 20
16.44045988
 42
1.0
  0
LWPOLYLINE
  5
E5
330
1F
100
AcDbEntity
  8
BOTTOM
100
AcDbPolyline
 90
        2
 70
     0
 43
0.1499997
 10
30.84599114
 20
16.55722876
 10
30.84802314
 20
16.55519676
  0
LWPOLYLINE
  5
E6
330
1F
100
AcDbEntity
  8
BOTTOM
100
AcDbPolyline
 90
        2
 70
     1
 43
0.07499858
 10
30.80849058
 20
16.55722876
 42
1.0
 10
30.8834917
 20
16.55722876
 42
1.0
  0
LWPOLYLINE
  5
E7
330
1F
100
AcDbEntity
  8
BOTTOM
100
AcDbPolyline
 90
        2
 70
     1
 43
0.07499858
 10
30.81052258
 20
16.55519676
 42
1.0
 10
30.8855237
 20
16.55519676
 42
1.0
  0
LWPOLYLINE
  5
E8
330
1F
100
AcDbEntity
  8
BOTTOM
100
AcDbPolyline
 90
        2
 70
     0
 43
0.1499997
 10
29.5250235
 20
11.43000254
 10
31.12502284
 20
13.03000188
  0
LWPOLYLINE
  5
E9
330
1F
100
AcDbEntity
  8
BOTTOM
100
AcDbPolyline
 90
        2
 70
     1
 43
0.07499858
 10
29.48752294
 20
11.43000254
 42
1.0
 10
29.56252406
 20
11.43000254
 42
1.0
  0
LWPOLYLINE
  5
EA
330
1F
100
AcDbEntity
  8
BOTTOM
100
AcDbPolyline
 90
        2
 70
     1
 43
0.07499858
 10
31.08752228
 20
13.03000188
 42
1.0
 10
31.1625234
 20
13.03000188
 42
1.0
  0
LWPOLYLINE
  5
EB
330
1F
100
AcDbEntity
  8
BOTTOM
100
AcDbPolyline
 90
        2
 70
     0
 43
0.1499997
 10
33.16009116
 20
15.16004334
 10
33.39085016
 20
14.92928434
  0
LWPOLYLINE
  5
EC
330
1F
100
AcDbEntity
  8
BOTTOM
100
AcDbPolyline
 90
        2
 70
     1
 43
0.07499858
 10
33.1225906
 20
15.16004334
 42
1.0
 10
33.19759172
 20
15.16004334
 42
1.0
  0
LWPOLYLINE
  5
ED
330
1F
100
AcDbEntity
  8
BOTTOM
100
AcDbPolyline
 90
        2
 70
     1
 43
0.07499858
 10
33.35334959999999
 20
14.92928434
 42
1.0
 10
33.42835072
 20
14.92928434
 42
1.0
  0
LWPOLYLINE
  5
EE
330
1F
100
AcDbEntity
  8
BOTTOM
100
AcDbPolyline
 90
        2
 70
     0
 43
0.1499997
 10
32.93660926
 20
15.39994634
 10
32.93660926
 20
17.47233234
  0
LWPOLYLINE
  5
EF
330
1F
100
AcDbEntity
  8
BOTTOM
100
AcDbPolyline
 90
        2
 70
     1
 43
0.07499858
 10
32.8991087
 20
15.39994634
 42
1.0
 10
32.97410982
 20
15.39994634
 42
1.0
  0
LWPOLYLINE
  5
F0
330
1F
100
AcDbEntity
  8
BOTTOM
100
AcDbPolyline
 90
        2
 70
     1
 43
0.07499858
 10
32.8991087
 20
17.47233234
 42
1.0
 10
32.97410982
 20
17.47233234
 42
1.0
  0
LWPOLYLINE
  5
F1
330
1F
100
AcDbEntity
  8
BOTTOM
100
AcDbPolyline
 90
        2
 70
     0
 43
0.1499997
 10
32.93660926
 20
15.39994634
 10
33.16009116
 20
15.17646444
  0
LWPOLYLINE
  5
F2
330
1F
100
AcDbEntity
  8
BOTTOM
100
AcDbPolyline
 90
        2
 70
     1
 43
0.07499858
 10
32.8991087
 20
15.39994634
 42
1.0
 10
32.97410982
 20
15.39994634
 42
1.0
  0
LWPOLYLINE
  5
F3
330
1F
100
AcDbEntity
  8
BOTTOM
100
AcDbPolyline
 90
        2
 70
     1
 43
0.07499858
 10
33.1225906
 20
15.17646444
 42
1.0
 10
33.19759172
 20
15.17646444
 42
1.0
  0
LWPOLYLINE
  5
F4
330
1F
100
AcDbEntity
  8
BOTTOM
100
AcDbPolyline
 90
        2
 70
     0
 43
0.1499997
 10
32.65960956
 20
14.9700488
 10
32.65960956
 20
17.35759546
  0
LWPOLYLINE
  5
F5
330
1F
100
AcDbEntity
  8
BOTTOM
100
AcDbPolyline
 90
        2
 70
     1
 43
0.07499858
 10
32.622109
 20
14.9700488
 42
1.0
 10
32.69711012
 20
14.9700488
 42
1.0
  0
LWPOLYLINE
  5
F6
330
1F
100
AcDbEntity
  8
BOTTOM
100
AcDbPolyline
 90
        2
 70
     1
 43
0.07499858
 10
32.622109
 20
17.35759546
 42
1.0
 10
32.69711012
 20
17.35759546
 42
1.0
  0
LWPOLYLINE
  5
F7
330
1F
100
AcDbEntity
  8
BOTTOM
100
AcDbPolyline
 90
        2
 70
     0
 43
0.1499997
 10
33.39085016
 20
14.92927418
 10
33.39085016
 20
14.92928434
  0
LWPOLYLINE
  5
F8
330
1F
100
AcDbEntity
  8
BOTTOM
100
AcDbPolyline
 90
        2
 70
     1
 43
0.07499858
 10
33.35334959999999
 20
14.92927418
 42
1.0
 10
33.42835072
 20
14.92927418
 42
1.0
  0
LWPOLYLINE
  5
F9
330
1F
100
AcDbEntity
  8
BOTTOM
100
AcDbPolyline
 90
        2
 70
     1
 43
0.07499858
 10
33.35334959999999
 20
14.92928434
 42
1.0
 10
33.42835072
 20
14.92928434
 42
1.0
  0
LWPOLYLINE
  5
FA
330
1F
100
AcDbEntity
  8
BOTTOM
100
AcDbPolyline
 90
        2
 70
     0
 43
0.1499997
 10
32.65809064
 20
14.96852988
 10
32.65960956
 20
14.9700488
  0
LWPOLYLINE
  5
FB
330
1F
100
AcDbEntity
  8
BOTTOM
100
AcDbPolyline
 90
        2
 70
     1
 43
0.07499858
 10
32.62059008
 20
14.96852988
 42
1.0
 10
32.6955912
 20
14.96852988
 42
1.0
  0
LWPOLYLINE
  5
FC
330
1F
100
AcDbEntity
  8
BOTTOM
100
AcDbPolyline
 90
        2
 70
     1
 43
0.07499858
 10
32.622109
 20
14.9700488
 42
1.0
 10
32.69711012
 20
14.9700488
 42
1.0
  0
LWPOLYLINE
  5
FD
330
1F
100
AcDbEntity
  8
BOTTOM
100
AcDbPolyline
 90
        2
 70
     0
 43
0.1499997
 10
33.16009116
 20
15.16004334
 10
33.16009116
 20
15.17646444
  0
LWPOLYLINE
  5
FE
330
1F
100
AcDbEntity
  8
BOTTOM
100
AcDbPolyline
 90
        2
 70
     1
 43
0.07499858
 10
33.1225906
 20
15.16004334
 42
1.0
 10
33.19759172
 20
15.16004334
 42
1.0
  0
LWPOLYLINE
  5
FF
330
1F
100
AcDbEntity
  8
BOTTOM
100
AcDbPolyline
 90
        2
 70
     1
 43
0.07499858
 10
33.1225906
 20
15.17646444
 42
1.0
 10
33.19759172
 20
15.17646444
 42
1.0
  0
LWPOLYLINE
  5
100
330
1F
100
AcDbEntity
  8
BOTTOM
100
AcDbPolyline
 90
        2
 70
     0
 43
0.1499997
 10
31.68999758
 20
18.71894402
 10
32.93660926
 20
17.47233234
  0
LWPOLYLINE
  5
101
330
1F
100
AcDbEntity
  8
BOTTOM
100
AcDbPolyline
 90
        2
 70
     1
 43
0.07499858
 10
31.65249702
 20
18.71894402
 42
1.0
 10
31.72749813999999
 20
18.71894402
 42
1.0
  0
LWPOLYLINE
  5
102
330
1F
100
AcDbEntity
  8
BOTTOM
100
AcDbPolyline
 90
        2
 70
     1
 43
0.07499858
 10
32.8991087
 20
17.47233234
 42
1.0
 10
32.97410982
 20
17.47233234
 42
1.0
  0
LWPOLYLINE
  5
103
330
1F
100
AcDbEntity
  8
BOTTOM
100
AcDbPolyline
 90
        2
 70
     0
 43
0.1499997
 10
33.67635632
 20
15.67162982
 10
33.67635632
 20
17.41886788
  0
LWPOLYLINE
  5
104
330
1F
100
AcDbEntity
  8
BOTTOM
100
AcDbPolyline
 90
        2
 70
     1
 43
0.07499858
 10
33.63885576
 20
15.67162982
 42
1.0
 10
33.71385687999999
 20
15.67162982
 42
1.0
  0
LWPOLYLINE
  5
105
330
1F
100
AcDbEntity
  8
BOTTOM
100
AcDbPolyline
 90
        2
 70
     1
 43
0.07499858
 10
33.63885576
 20
17.41886788
 42
1.0
 10
33.71385687999999
 20
17.41886788
 42
1.0
  0
LWPOLYLINE
  5
106
330
1F
100
AcDbEntity
  8
BOTTOM
100
AcDbPolyline
 90
        2
 70
     0
 43
0.1499997
 10
31.41299788
 20
18.60420714
 10
32.65960956
 20
17.35759546
  0
LWPOLYLINE
  5
107
330
1F
100
AcDbEntity
  8
BOTTOM
100
AcDbPolyline
 90
        2
 70
     1
 43
0.07499858
 10
31.37549732
 20
18.60420714
 42
1.0
 10
31.45049844
 20
18.60420714
 42
1.0
  0
LWPOLYLINE
  5
108
330
1F
100
AcDbEntity
  8
BOTTOM
100
AcDbPolyline
 90
        2
 70
     1
 43
0.07499858
 10
32.622109
 20
17.35759546
 42
1.0
 10
32.69711012
 20
17.35759546
 42
1.0
  0
LWPOLYLINE
  5
109
330
1F
100
AcDbEntity
  8
BOTTOM
100
AcDbPolyline
 90
        2
 70
     0
 43
0.1499997
 10
31.68999758
 20
18.71894402
 10
31.68999758
 20
19.8883651
  0
LWPOLYLINE
  5
10A
330
1F
100
AcDbEntity
  8
BOTTOM
100
AcDbPolyline
 90
        2
 70
     1
 43
0.07499858
 10
31.65249702
 20
18.71894402
 42
1.0
 10
31.72749813999999
 20
18.71894402
 42
1.0
  0
LWPOLYLINE
  5
10B
330
1F
100
AcDbEntity
  8
BOTTOM
100
AcDbPolyline
 90
        2
 70
     1
 43
0.07499858
 10
31.65249702
 20
19.8883651
 42
1.0
 10
31.72749813999999
 20
19.8883651
 42
1.0
  0
LWPOLYLINE
  5
10C
330
1F
100
AcDbEntity
  8
BOTTOM
100
AcDbPolyline
 90
        2
 70
     0
 43
0.1499997
 10
31.41299788
 20
18.60420714
 10
31.41299788
 20
19.77362822
  0
LWPOLYLINE
  5
10D
330
1F
100
AcDbEntity
  8
BOTTOM
100
AcDbPolyline
 90
        2
 70
     1
 43
0.07499858
 10
31.37549732
 20
18.60420714
 42
1.0
 10
31.45049844
 20
18.60420714
 42
1.0
  0
LWPOLYLINE
  5
10E
330
1F
100
AcDbEntity
  8
BOTTOM
100
AcDbPolyline
 90
        2
 70
     1
 43
0.07499858
 10
31.37549732
 20
19.77362822
 42
1.0
 10
31.45049844
 20
19.77362822
 42
1.0
  0
LWPOLYLINE
  5
10F
330
1F
100
AcDbEntity
  8
BOTTOM
100
AcDbPolyline
 90
        2
 70
     0
 43
0.1499997
 10
28.14618704
 20
11.1677831
 10
28.38596812
 20
10.92800202
  0
LWPOLYLINE
  5
110
330
1F
100
AcDbEntity
  8
BOTTOM
100
AcDbPolyline
 90
        2
 70
     1
 43
0.07499858
 10
28.10868648
 20
11.1677831
 42
1.0
 10
28.1836876
 20
11.1677831
 42
1.0
  0
LWPOLYLINE
  5
111
330
1F
100
AcDbEntity
  8
BOTTOM
100
AcDbPolyline
 90
        2
 70
     1
 43
0.07499858
 10
28.34846756
 20
10.92800202
 42
1.0
 10
28.42346868
 20
10.92800202
 42
1.0
  0
LWPOLYLINE
  5
112
330
1F
100
AcDbEntity
  8
BOTTOM
100
AcDbPolyline
 90
        2
 70
     0
 43
0.1499997
 10
28.14618704
 20
12.901168
 10
29.7250231
 20
14.48000406
  0
LWPOLYLINE
  5
113
330
1F
100
AcDbEntity
  8
BOTTOM
100
AcDbPolyline
 90
        2
 70
     1
 43
0.07499858
 10
28.10868648
 20
12.901168
 42
1.0
 10
28.1836876
 20
12.901168
 42
1.0
  0
LWPOLYLINE
  5
114
330
1F
100
AcDbEntity
  8
BOTTOM
100
AcDbPolyline
 90
        2
 70
     1
 43
0.07499858
 10
29.68752254
 20
14.48000406
 42
1.0
 10
29.76252366
 20
14.48000406
 42
1.0
  0
LWPOLYLINE
  5
115
330
1F
100
AcDbEntity
  8
BOTTOM
100
AcDbPolyline
 90
        2
 70
     0
 43
0.1499997
 10
28.14618704
 20
11.1677831
 10
28.14618704
 20
12.901168
  0
LWPOLYLINE
  5
116
330
1F
100
AcDbEntity
  8
BOTTOM
100
AcDbPolyline
 90
        2
 70
     1
 43
0.07499858
 10
28.10868648
 20
11.1677831
 42
1.0
 10
28.1836876
 20
11.1677831
 42
1.0
  0
LWPOLYLINE
  5
117
330
1F
100
AcDbEntity
  8
BOTTOM
100
AcDbPolyline
 90
        2
 70
     1
 43
0.07499858
 10
28.10868648
 20
12.901168
 42
1.0
 10
28.1836876
 20
12.901168
 42
1.0
  0
LWPOLYLINE
  5
118
330
1F
100
AcDbEntity
  8
BOTTOM
100
AcDbPolyline
 90
        2
 70
     0
 43
0.1499997
 10
28.38596812
 20
10.92800202
 10
29.82302138
 20
10.92800202
  0
LWPOLYLINE
  5
119
330
1F
100
AcDbEntity
  8
BOTTOM
100
AcDbPolyline
 90
        2
 70
     1
 43
0.07499858
 10
28.34846756
 20
10.92800202
 42
1.0
 10
28.42346868
 20
10.92800202
 42
1.0
  0
LWPOLYLINE
  5
11A
330
1F
100
AcDbEntity
  8
BOTTOM
100
AcDbPolyline
 90
        2
 70
     1
 43
0.07499858
 10
29.78552082
 20
10.92800202
 42
1.0
 10
29.86052194
 20
10.92800202
 42
1.0
  0
LWPOLYLINE
  5
11B
330
1F
100
AcDbEntity
  8
BOTTOM
100
AcDbPolyline
 90
        2
 70
     0
 43
0.1499997
 10
29.7250231
 20
14.48000406
 10
29.7250231
 20
15.53000196
  0
LWPOLYLINE
  5
11C
330
1F
100
AcDbEntity
  8
BOTTOM
100
AcDbPolyline
 90
        2
 70
     1
 43
0.07499858
 10
29.68752254
 20
14.48000406
 42
1.0
 10
29.76252366
 20
14.48000406
 42
1.0
  0
LWPOLYLINE
  5
11D
330
1F
100
AcDbEntity
  8
BOTTOM
100
AcDbPolyline
 90
        2
 70
     1
 43
0.07499858
 10
29.68752254
 20
15.53000196
 42
1.0
 10
29.76252366
 20
15.53000196
 42
1.0
  0
LWPOLYLINE
  5
11E
330
1F
100
AcDbEntity
  8
BOTTOM
100
AcDbPolyline
 90
        2
 70
     0
 43
0.1499997
 10
29.82302138
 20
10.92800202
 10
30.3250219
 20
11.43000254
  0
LWPOLYLINE
  5
11F
330
1F
100
AcDbEntity
  8
BOTTOM
100
AcDbPolyline
 90
        2
 70
     1
 43
0.07499858
 10
29.78552082
 20
10.92800202
 42
1.0
 10
29.86052194
 20
10.92800202
 42
1.0
  0
LWPOLYLINE
  5
120
330
1F
100
AcDbEntity
  8
BOTTOM
100
AcDbPolyline
 90
        2
 70
     1
 43
0.07499858
 10
30.28752134
 20
11.43000254
 42
1.0
 10
30.36252246
 20
11.43000254
 42
1.0
  0
LWPOLYLINE
  5
121
330
1F
100
AcDbEntity
  8
BOTTOM
100
AcDbPolyline
 90
        2
 70
     0
 43
0.1499997
 10
25.20230672
 20
6.892383979999999
 10
25.24019082
 20
6.85449988
  0
LWPOLYLINE
  5
122
330
1F
100
AcDbEntity
  8
BOTTOM
100
AcDbPolyline
 90
        2
 70
     1
 43
0.07499858
 10
25.16480616
 20
6.892383979999999
 42
1.0
 10
25.23980728
 20
6.892383979999999
 42
1.0
  0
LWPOLYLINE
  5
123
330
1F
100
AcDbEntity
  8
BOTTOM
100
AcDbPolyline
 90
        2
 70
     1
 43
0.07499858
 10
25.20269026
 20
6.85449988
 42
1.0
 10
25.27769138
 20
6.85449988
 42
1.0
  0
LWPOLYLINE
  5
124
330
1F
100
AcDbEntity
  8
BOTTOM
100
AcDbPolyline
 90
        2
 70
     0
 43
0.1499997
 10
25.24019082
 20
3.78640594
 10
25.27807492
 20
3.74852184
  0
LWPOLYLINE
  5
125
330
1F
100
AcDbEntity
  8
BOTTOM
100
AcDbPolyline
 90
        2
 70
     1
 43
0.07499858
 10
25.20269026
 20
3.78640594
 42
1.0
 10
25.27769138
 20
3.78640594
 42
1.0
  0
LWPOLYLINE
  5
126
330
1F
100
AcDbEntity
  8
BOTTOM
100
AcDbPolyline
 90
        2
 70
     1
 43
0.07499858
 10
25.24057436
 20
3.74852184
 42
1.0
 10
25.31557548
 20
3.74852184
 42
1.0
  0
LWPOLYLINE
  5
127
330
1F
100
AcDbEntity
  8
BOTTOM
100
AcDbPolyline
 90
        2
 70
     0
 43
0.1499997
 10
25.24019082
 20
3.78640594
 10
25.24019082
 20
6.85449988
  0
LWPOLYLINE
  5
128
330
1F
100
AcDbEntity
  8
BOTTOM
100
AcDbPolyline
 90
        2
 70
     1
 43
0.07499858
 10
25.20269026
 20
3.78640594
 42
1.0
 10
25.27769138
 20
3.78640594
 42
1.0
  0
LWPOLYLINE
  5
129
330
1F
100
AcDbEntity
  8
BOTTOM
100
AcDbPolyline
 90
        2
 70
     1
 43
0.07499858
 10
25.20269026
 20
6.85449988
 42
1.0
 10
25.27769138
 20
6.85449988
 42
1.0
  0
LWPOLYLINE
  5
12A
330
1F
100
AcDbEntity
  8
BOTTOM
100
AcDbPolyline
 90
        2
 70
     0
 43
0.1499997
 10
26.0464808
 20
3.793355379999999
 10
26.0464808
 20
6.88661564
  0
LWPOLYLINE
  5
12B
330
1F
100
AcDbEntity
  8
BOTTOM
100
AcDbPolyline
 90
        2
 70
     1
 43
0.07499858
 10
26.00898024
 20
3.793355379999999
 42
1.0
 10
26.08398136
 20
3.793355379999999
 42
1.0
  0
LWPOLYLINE
  5
12C
330
1F
100
AcDbEntity
  8
BOTTOM
100
AcDbPolyline
 90
        2
 70
     1
 43
0.07499858
 10
26.00898024
 20
6.88661564
 42
1.0
 10
26.08398136
 20
6.88661564
 42
1.0
  0
LWPOLYLINE
  5
12D
330
1F
100
AcDbEntity
  8
BOTTOM
100
AcDbPolyline
 90
        2
 70
     0
 43
0.1499997
 10
26.01901324
 20
3.76588782
 10
26.0464808
 20
3.793355379999999
  0
LWPOLYLINE
  5
12E
330
1F
100
AcDbEntity
  8
BOTTOM
100
AcDbPolyline
 90
        2
 70
     1
 43
0.07499858
 10
25.98151268
 20
3.76588782
 42
1.0
 10
26.0565138
 20
3.76588782
 42
1.0
  0
LWPOLYLINE
  5
12F
330
1F
100
AcDbEntity
  8
BOTTOM
100
AcDbPolyline
 90
        2
 70
     1
 43
0.07499858
 10
26.00898024
 20
3.793355379999999
 42
1.0
 10
26.08398136
 20
3.793355379999999
 42
1.0
  0
LWPOLYLINE
  5
130
330
1F
100
AcDbEntity
  8
BOTTOM
100
AcDbPolyline
 90
        2
 70
     0
 43
0.1499997
 10
26.0464808
 20
6.88661564
 10
26.07394836
 20
6.914083199999999
  0
LWPOLYLINE
  5
131
330
1F
100
AcDbEntity
  8
BOTTOM
100
AcDbPolyline
 90
        2
 70
     1
 43
0.07499858
 10
26.00898024
 20
6.88661564
 42
1.0
 10
26.08398136
 20
6.88661564
 42
1.0
  0
LWPOLYLINE
  5
132
330
1F
100
AcDbEntity
  8
BOTTOM
100
AcDbPolyline
 90
        2
 70
     1
 43
0.07499858
 10
26.0364478
 20
6.914083199999999
 42
1.0
 10
26.11144892
 20
6.914083199999999
 42
1.0
  0
LWPOLYLINE
  5
133
330
1F
100
AcDbEntity
  8
BOTTOM
100
AcDbPolyline
 90
        2
 70
     0
 43
0.1499997
 10
21.32502212
 20
2.43001038
 10
22.00402254
 20
3.1090108
  0
LWPOLYLINE
  5
134
330
1F
100
AcDbEntity
  8
BOTTOM
100
AcDbPolyline
 90
        2
 70
     1
 43
0.07499858
 10
21.28752156
 20
2.43001038
 42
1.0
 10
21.36252268
 20
2.43001038
 42
1.0
  0
LWPOLYLINE
  5
135
330
1F
100
AcDbEntity
  8
BOTTOM
100
AcDbPolyline
 90
        2
 70
     1
 43
0.07499858
 10
21.96652198
 20
3.1090108
 42
1.0
 10
22.0415231
 20
3.1090108
 42
1.0
  0
LWPOLYLINE
  5
136
330
1F
100
AcDbEntity
  8
BOTTOM
100
AcDbPolyline
 90
        2
 70
     0
 43
0.1499997
 10
22.42702144
 20
2.8320111
 10
23.23295582
 20
2.8320111
  0
LWPOLYLINE
  5
137
330
1F
100
AcDbEntity
  8
BOTTOM
100
AcDbPolyline
 90
        2
 70
     1
 43
0.07499858
 10
22.38952088
 20
2.8320111
 42
1.0
 10
22.464522
 20
2.8320111
 42
1.0
  0
LWPOLYLINE
  5
138
330
1F
100
AcDbEntity
  8
BOTTOM
100
AcDbPolyline
 90
        2
 70
     1
 43
0.07499858
 10
23.19545526
 20
2.8320111
 42
1.0
 10
23.27045638
 20
2.8320111
 42
1.0
  0
LWPOLYLINE
  5
139
330
1F
100
AcDbEntity
  8
BOTTOM
100
AcDbPolyline
 90
        2
 70
     0
 43
0.1499997
 10
21.79502118
 20
2.20001084
 10
22.42702144
 20
2.8320111
  0
LWPOLYLINE
  5
13A
330
1F
100
AcDbEntity
  8
BOTTOM
100
AcDbPolyline
 90
        2
 70
     1
 43
0.07499858
 10
21.75752062
 20
2.20001084
 42
1.0
 10
21.83252174
 20
2.20001084
 42
1.0
  0
LWPOLYLINE
  5
13B
330
1F
100
AcDbEntity
  8
BOTTOM
100
AcDbPolyline
 90
        2
 70
     1
 43
0.07499858
 10
22.38952088
 20
2.8320111
 42
1.0
 10
22.464522
 20
2.8320111
 42
1.0
  0
LWPOLYLINE
  5
13C
330
1F
100
AcDbEntity
  8
BOTTOM
100
AcDbPolyline
 90
        2
 70
     0
 43
0.1499997
 10
21.22502232
 20
2.83001212
 10
21.7810207
 20
3.3860105
  0
LWPOLYLINE
  5
13D
330
1F
100
AcDbEntity
  8
BOTTOM
100
AcDbPolyline
 90
        2
 70
     1
 43
0.07499858
 10
21.18752176
 20
2.83001212
 42
1.0
 10
21.26252288
 20
2.83001212
 42
1.0
  0
LWPOLYLINE
  5
13E
330
1F
100
AcDbEntity
  8
BOTTOM
100
AcDbPolyline
 90
        2
 70
     1
 43
0.07499858
 10
21.74352014
 20
3.3860105
 42
1.0
 10
21.81852126
 20
3.3860105
 42
1.0
  0
LWPOLYLINE
  5
13F
330
1F
100
AcDbEntity
  8
BOTTOM
100
AcDbPolyline
 90
        2
 70
     0
 43
0.1499997
 10
22.00402254
 20
3.1090108
 10
23.3476927
 20
3.1090108
  0
LWPOLYLINE
  5
140
330
1F
100
AcDbEntity
  8
BOTTOM
100
AcDbPolyline
 90
        2
 70
     1
 43
0.07499858
 10
21.96652198
 20
3.1090108
 42
1.0
 10
22.0415231
 20
3.1090108
 42
1.0
  0
LWPOLYLINE
  5
141
330
1F
100
AcDbEntity
  8
BOTTOM
100
AcDbPolyline
 90
        2
 70
     1
 43
0.07499858
 10
23.31019214
 20
3.1090108
 42
1.0
 10
23.38519326
 20
3.1090108
 42
1.0
  0
LWPOLYLINE
  5
142
330
1F
100
AcDbEntity
  8
BOTTOM
100
AcDbPolyline
 90
        2
 70
     0
 43
0.1499997
 10
21.7810207
 20
3.3860105
 10
23.46242958
 20
3.3860105
  0
LWPOLYLINE
  5
143
330
1F
100
AcDbEntity
  8
BOTTOM
100
AcDbPolyline
 90
        2
 70
     1
 43
0.07499858
 10
21.74352014
 20
3.3860105
 42
1.0
 10
21.81852126
 20
3.3860105
 42
1.0
  0
LWPOLYLINE
  5
144
330
1F
100
AcDbEntity
  8
BOTTOM
100
AcDbPolyline
 90
        2
 70
     1
 43
0.07499858
 10
23.42492902
 20
3.3860105
 42
1.0
 10
23.49993014
 20
3.3860105
 42
1.0
  0
LWPOLYLINE
  5
145
330
1F
100
AcDbEntity
  8
BOTTOM
100
AcDbPolyline
 90
        2
 70
     0
 43
0.1499997
 10
23.3476927
 20
3.1090108
 10
23.5466763
 20
2.9100272
  0
LWPOLYLINE
  5
146
330
1F
100
AcDbEntity
  8
BOTTOM
100
AcDbPolyline
 90
        2
 70
     1
 43
0.07499858
 10
23.31019214
 20
3.1090108
 42
1.0
 10
23.38519326
 20
3.1090108
 42
1.0
  0
LWPOLYLINE
  5
147
330
1F
100
AcDbEntity
  8
BOTTOM
100
AcDbPolyline
 90
        2
 70
     1
 43
0.07499858
 10
23.50917574
 20
2.9100272
 42
1.0
 10
23.58417686
 20
2.9100272
 42
1.0
  0
LWPOLYLINE
  5
148
330
1F
100
AcDbEntity
  8
BOTTOM
100
AcDbPolyline
 90
        2
 70
     0
 43
0.1499997
 10
31.75399034
 20
2.9100272
 10
32.84522768
 20
4.00126454
  0
LWPOLYLINE
  5
149
330
1F
100
AcDbEntity
  8
BOTTOM
100
AcDbPolyline
 90
        2
 70
     1
 43
0.07499858
 10
31.71648978
 20
2.9100272
 42
1.0
 10
31.7914909
 20
2.9100272
 42
1.0
  0
LWPOLYLINE
  5
14A
330
1F
100
AcDbEntity
  8
BOTTOM
100
AcDbPolyline
 90
        2
 70
     1
 43
0.07499858
 10
32.80772712
 20
4.00126454
 42
1.0
 10
32.88272824
 20
4.00126454
 42
1.0
  0
LWPOLYLINE
  5
14B
330
1F
100
AcDbEntity
  8
BOTTOM
100
AcDbPolyline
 90
        2
 70
     0
 43
0.1499997
 10
31.97795738
 20
2.6330275
 10
33.16065504
 20
3.81572516
  0
LWPOLYLINE
  5
14C
330
1F
100
AcDbEntity
  8
BOTTOM
100
AcDbPolyline
 90
        2
 70
     1
 43
0.07499858
 10
31.94045682
 20
2.6330275
 42
1.0
 10
32.01545794
 20
2.6330275
 42
1.0
  0
LWPOLYLINE
  5
14D
330
1F
100
AcDbEntity
  8
BOTTOM
100
AcDbPolyline
 90
        2
 70
     1
 43
0.07499858
 10
33.12315448
 20
3.81572516
 42
1.0
 10
33.19815559999999
 20
3.81572516
 42
1.0
  0
LWPOLYLINE
  5
14E
330
1F
100
AcDbEntity
  8
BOTTOM
100
AcDbPolyline
 90
        2
 70
     0
 43
0.1499997
 10
23.23295582
 20
2.8320111
 10
23.43193942
 20
2.6330275
  0
LWPOLYLINE
  5
14F
330
1F
100
AcDbEntity
  8
BOTTOM
100
AcDbPolyline
 90
        2
 70
     1
 43
0.07499858
 10
23.19545526
 20
2.8320111
 42
1.0
 10
23.27045638
 20
2.8320111
 42
1.0
  0
LWPOLYLINE
  5
150
330
1F
100
AcDbEntity
  8
BOTTOM
100
AcDbPolyline
 90
        2
 70
     1
 43
0.07499858
 10
23.39443886
 20
2.6330275
 42
1.0
 10
23.46943998
 20
2.6330275
 42
1.0
  0
LWPOLYLINE
  5
151
330
1F
100
AcDbEntity
  8
BOTTOM
100
AcDbPolyline
 90
        2
 70
     0
 43
0.1499997
 10
31.45579942
 20
3.187026899999999
 10
32.5298054
 20
4.261032879999999
  0
LWPOLYLINE
  5
152
330
1F
100
AcDbEntity
  8
BOTTOM
100
AcDbPolyline
 90
        2
 70
     1
 43
0.07499858
 10
31.41829886
 20
3.187026899999999
 42
1.0
 10
31.49329998
 20
3.187026899999999
 42
1.0
  0
LWPOLYLINE
  5
153
330
1F
100
AcDbEntity
  8
BOTTOM
100
AcDbPolyline
 90
        2
 70
     1
 43
0.07499858
 10
32.49230484
 20
4.261032879999999
 42
1.0
 10
32.56730596
 20
4.261032879999999
 42
1.0
  0
LWPOLYLINE
  5
154
330
1F
100
AcDbEntity
  8
BOTTOM
100
AcDbPolyline
 90
        2
 70
     0
 43
0.1499997
 10
23.66141318
 20
3.187026899999999
 10
31.45579942
 20
3.187026899999999
  0
LWPOLYLINE
  5
155
330
1F
100
AcDbEntity
  8
BOTTOM
100
AcDbPolyline
 90
        2
 70
     1
 43
0.07499858
 10
23.62391262
 20
3.187026899999999
 42
1.0
 10
23.69891374
 20
3.187026899999999
 42
1.0
  0
LWPOLYLINE
  5
156
330
1F
100
AcDbEntity
  8
BOTTOM
100
AcDbPolyline
 90
        2
 70
     1
 43
0.07499858
 10
31.41829886
 20
3.187026899999999
 42
1.0
 10
31.49329998
 20
3.187026899999999
 42
1.0
  0
LWPOLYLINE
  5
157
330
1F
100
AcDbEntity
  8
BOTTOM
100
AcDbPolyline
 90
        2
 70
     0
 43
0.1499997
 10
23.5466763
 20
2.9100272
 10
31.75399034
 20
2.9100272
  0
LWPOLYLINE
  5
158
330
1F
100
AcDbEntity
  8
BOTTOM
100
AcDbPolyline
 90
        2
 70
     1
 43
0.07499858
 10
23.50917574
 20
2.9100272
 42
1.0
 10
23.58417686
 20
2.9100272
 42
1.0
  0
LWPOLYLINE
  5
159
330
1F
100
AcDbEntity
  8
BOTTOM
100
AcDbPolyline
 90
        2
 70
     1
 43
0.07499858
 10
31.71648978
 20
2.9100272
 42
1.0
 10
31.7914909
 20
2.9100272
 42
1.0
  0
LWPOLYLINE
  5
15A
330
1F
100
AcDbEntity
  8
BOTTOM
100
AcDbPolyline
 90
        2
 70
     0
 43
0.1499997
 10
23.46242958
 20
3.3860105
 10
23.66141318
 20
3.187026899999999
  0
LWPOLYLINE
  5
15B
330
1F
100
AcDbEntity
  8
BOTTOM
100
AcDbPolyline
 90
        2
 70
     1
 43
0.07499858
 10
23.42492902
 20
3.3860105
 42
1.0
 10
23.49993014
 20
3.3860105
 42
1.0
  0
LWPOLYLINE
  5
15C
330
1F
100
AcDbEntity
  8
BOTTOM
100
AcDbPolyline
 90
        2
 70
     1
 43
0.07499858
 10
23.62391262
 20
3.187026899999999
 42
1.0
 10
23.69891374
 20
3.187026899999999
 42
1.0
  0
LWPOLYLINE
  5
15D
330
1F
100
AcDbEntity
  8
BOTTOM
100
AcDbPolyline
 90
        2
 70
     0
 43
0.1499997
 10
23.43193942
 20
2.6330275
 10
31.97795738
 20
2.6330275
  0
LWPOLYLINE
  5
15E
330
1F
100
AcDbEntity
  8
BOTTOM
100
AcDbPolyline
 90
        2
 70
     1
 43
0.07499858
 10
23.39443886
 20
2.6330275
 42
1.0
 10
23.46943998
 20
2.6330275
 42
1.0
  0
LWPOLYLINE
  5
15F
330
1F
100
AcDbEntity
  8
BOTTOM
100
AcDbPolyline
 90
        2
 70
     1
 43
0.07499858
 10
31.94045682
 20
2.6330275
 42
1.0
 10
32.01545794
 20
2.6330275
 42
1.0
  0
LWPOLYLINE
  5
160
330
1F
100
AcDbEntity
  8
BOTTOM
100
AcDbPolyline
 90
        2
 70
     0
 43
0.1499997
 10
9.035013679999999
 20
1.28502156
 10
9.070025039999999
 20
1.2500102
  0
LWPOLYLINE
  5
161
330
1F
100
AcDbEntity
  8
BOTTOM
100
AcDbPolyline
 90
        2
 70
     1
 43
0.07499858
 10
8.99751312
 20
1.28502156
 42
1.0
 10
9.072514239999999
 20
1.28502156
 42
1.0
  0
LWPOLYLINE
  5
162
330
1F
100
AcDbEntity
  8
BOTTOM
100
AcDbPolyline
 90
        2
 70
     1
 43
0.07499858
 10
9.03252448
 20
1.2500102
 42
1.0
 10
9.107525599999999
 20
1.2500102
 42
1.0
  0
LWPOLYLINE
  5
163
330
1F
100
AcDbEntity
  8
BOTTOM
100
AcDbPolyline
 90
        2
 70
     0
 43
0.1499997
 10
8.99999978
 20
4.29999902
 10
9.035013679999999
 20
4.26498512
  0
LWPOLYLINE
  5
164
330
1F
100
AcDbEntity
  8
BOTTOM
100
AcDbPolyline
 90
        2
 70
     1
 43
0.07499858
 10
8.96249922
 20
4.29999902
 42
1.0
 10
9.03750034
 20
4.29999902
 42
1.0
  0
LWPOLYLINE
  5
165
330
1F
100
AcDbEntity
  8
BOTTOM
100
AcDbPolyline
 90
        2
 70
     1
 43
0.07499858
 10
8.99751312
 20
4.26498512
 42
1.0
 10
9.072514239999999
 20
4.26498512
 42
1.0
  0
LWPOLYLINE
  5
166
330
1F
100
AcDbEntity
  8
BOTTOM
100
AcDbPolyline
 90
        2
 70
     0
 43
0.1499997
 10
9.035013679999999
 20
1.28502156
 10
9.035013679999999
 20
4.26498512
  0
LWPOLYLINE
  5
167
330
1F
100
AcDbEntity
  8
BOTTOM
100
AcDbPolyline
 90
        2
 70
     1
 43
0.07499858
 10
8.99751312
 20
1.28502156
 42
1.0
 10
9.072514239999999
 20
1.28502156
 42
1.0
  0
LWPOLYLINE
  5
168
330
1F
100
AcDbEntity
  8
BOTTOM
100
AcDbPolyline
 90
        2
 70
     1
 43
0.07499858
 10
8.99751312
 20
4.26498512
 42
1.0
 10
9.072514239999999
 20
4.26498512
 42
1.0
  0
LWPOLYLINE
  5
169
330
1F
100
AcDbEntity
  8
BOTTOM
100
AcDbPolyline
 90
        2
 70
     0
 43
0.1499997
 10
38.3999994
 20
11.09999812
 10
38.3999994
 20
11.69999946
  0
LWPOLYLINE
  5
16A
330
1F
100
AcDbEntity
  8
BOTTOM
100
AcDbPolyline
 90
        2
 70
     1
 43
0.07499858
 10
38.36249884
 20
11.09999812
 42
1.0
 10
38.43749996
 20
11.09999812
 42
1.0
  0
LWPOLYLINE
  5
16B
330
1F
100
AcDbEntity
  8
BOTTOM
100
AcDbPolyline
 90
        2
 70
     1
 43
0.07499858
 10
38.36249884
 20
11.69999946
 42
1.0
 10
38.43749996
 20
11.69999946
 42
1.0
  0
LWPOLYLINE
  5
16C
330
1F
100
AcDbEntity
  8
BOTTOM
100
AcDbPolyline
 90
        2
 70
     0
 43
0.1499997
 10
37.9000004
 20
9.318558959999999
 10
37.9000004
 20
10.59999912
  0
LWPOLYLINE
  5
16D
330
1F
100
AcDbEntity
  8
BOTTOM
100
AcDbPolyline
 90
        2
 70
     1
 43
0.07499858
 10
37.86249984
 20
9.318558959999999
 42
1.0
 10
37.93750096
 20
9.318558959999999
 42
1.0
  0
LWPOLYLINE
  5
16E
330
1F
100
AcDbEntity
  8
BOTTOM
100
AcDbPolyline
 90
        2
 70
     1
 43
0.07499858
 10
37.86249984
 20
10.59999912
 42
1.0
 10
37.93750096
 20
10.59999912
 42
1.0
  0
LWPOLYLINE
  5
16F
330
1F
100
AcDbEntity
  8
BOTTOM
100
AcDbPolyline
 90
        2
 70
     0
 43
0.1499997
 10
37.9000004
 20
10.59999912
 10
38.3999994
 20
11.09999812
  0
LWPOLYLINE
  5
170
330
1F
100
AcDbEntity
  8
BOTTOM
100
AcDbPolyline
 90
        2
 70
     1
 43
0.07499858
 10
37.86249984
 20
10.59999912
 42
1.0
 10
37.93750096
 20
10.59999912
 42
1.0
  0
LWPOLYLINE
  5
171
330
1F
100
AcDbEntity
  8
BOTTOM
100
AcDbPolyline
 90
        2
 70
     1
 43
0.07499858
 10
38.36249884
 20
11.09999812
 42
1.0
 10
38.43749996
 20
11.09999812
 42
1.0
  0
LWPOLYLINE
  5
172
330
1F
100
AcDbEntity
  8
BOTTOM
100
AcDbPolyline
 90
        2
 70
     0
 43
0.1499997
 10
37.50002406
 20
8.918582619999999
 10
37.9000004
 20
9.318558959999999
  0
LWPOLYLINE
  5
173
330
1F
100
AcDbEntity
  8
BOTTOM
100
AcDbPolyline
 90
        2
 70
     1
 43
0.07499858
 10
37.4625235
 20
8.918582619999999
 42
1.0
 10
37.53752462
 20
8.918582619999999
 42
1.0
  0
LWPOLYLINE
  5
174
330
1F
100
AcDbEntity
  8
BOTTOM
100
AcDbPolyline
 90
        2
 70
     1
 43
0.07499858
 10
37.86249984
 20
9.318558959999999
 42
1.0
 10
37.93750096
 20
9.318558959999999
 42
1.0
  0
LWPOLYLINE
  5
175
330
1F
100
AcDbEntity
  8
BOTTOM
100
AcDbPolyline
 90
        2
 70
     0
 43
0.1499997
 10
37.50002406
 20
8.58000824
 10
37.50002406
 20
8.918582619999999
  0
LWPOLYLINE
  5
176
330
1F
100
AcDbEntity
  8
BOTTOM
100
AcDbPolyline
 90
        2
 70
     1
 43
0.07499858
 10
37.4625235
 20
8.58000824
 42
1.0
 10
37.53752462
 20
8.58000824
 42
1.0
  0
LWPOLYLINE
  5
177
330
1F
100
AcDbEntity
  8
BOTTOM
100
AcDbPolyline
 90
        2
 70
     1
 43
0.07499858
 10
37.4625235
 20
8.918582619999999
 42
1.0
 10
37.53752462
 20
8.918582619999999
 42
1.0
  0
LWPOLYLINE
  5
178
330
1F
100
AcDbEntity
  8
BOTTOM
100
AcDbPolyline
 90
        2
 70
     0
 43
0.1499997
 10
39.15667048
 20
12.45667054
 10
39.15667048
 20
16.36387888
  0
LWPOLYLINE
  5
179
330
1F
100
AcDbEntity
  8
BOTTOM
100
AcDbPolyline
 90
        2
 70
     1
 43
0.07499858
 10
39.11916992
 20
12.45667054
 42
1.0
 10
39.19417103999999
 20
12.45667054
 42
1.0
  0
LWPOLYLINE
  5
17A
330
1F
100
AcDbEntity
  8
BOTTOM
100
AcDbPolyline
 90
        2
 70
     1
 43
0.07499858
 10
39.11916992
 20
16.36387888
 42
1.0
 10
39.19417103999999
 20
16.36387888
 42
1.0
  0
LWPOLYLINE
  5
17B
330
1F
100
AcDbEntity
  8
BOTTOM
100
AcDbPolyline
 90
        2
 70
     0
 43
0.1499997
 10
38.3999994
 20
11.69999946
 10
39.15667048
 20
12.45667054
  0
LWPOLYLINE
  5
17C
330
1F
100
AcDbEntity
  8
BOTTOM
100
AcDbPolyline
 90
        2
 70
     1
 43
0.07499858
 10
38.36249884
 20
11.69999946
 42
1.0
 10
38.43749996
 20
11.69999946
 42
1.0
  0
LWPOLYLINE
  5
17D
330
1F
100
AcDbEntity
  8
BOTTOM
100
AcDbPolyline
 90
        2
 70
     1
 43
0.07499858
 10
39.11916992
 20
12.45667054
 42
1.0
 10
39.19417103999999
 20
12.45667054
 42
1.0
  0
LWPOLYLINE
  5
17E
330
1F
100
AcDbEntity
  8
BOTTOM
100
AcDbPolyline
 90
        2
 70
     0
 43
0.1499997
 10
34.79042318
 20
17.48001076
 10
38.0405386
 20
17.48001076
  0
LWPOLYLINE
  5
17F
330
1F
100
AcDbEntity
  8
BOTTOM
100
AcDbPolyline
 90
        2
 70
     1
 43
0.07499858
 10
34.75292262
 20
17.48001076
 42
1.0
 10
34.82792374
 20
17.48001076
 42
1.0
  0
LWPOLYLINE
  5
180
330
1F
100
AcDbEntity
  8
BOTTOM
100
AcDbPolyline
 90
        2
 70
     1
 43
0.07499858
 10
38.00303804
 20
17.48001076
 42
1.0
 10
38.07803916
 20
17.48001076
 42
1.0
  0
LWPOLYLINE
  5
181
330
1F
100
AcDbEntity
  8
BOTTOM
100
AcDbPolyline
 90
        2
 70
     0
 43
0.1499997
 10
38.0405386
 20
17.48001076
 10
39.15667048
 20
16.36387888
  0
LWPOLYLINE
  5
182
330
1F
100
AcDbEntity
  8
BOTTOM
100
AcDbPolyline
 90
        2
 70
     1
 43
0.07499858
 10
38.00303804
 20
17.48001076
 42
1.0
 10
38.07803916
 20
17.48001076
 42
1.0
  0
LWPOLYLINE
  5
183
330
1F
100
AcDbEntity
  8
BOTTOM
100
AcDbPolyline
 90
        2
 70
     1
 43
0.07499858
 10
39.11916992
 20
16.36387888
 42
1.0
 10
39.19417103999999
 20
16.36387888
 42
1.0
  0
LWPOLYLINE
  5
184
330
1F
100
AcDbEntity
  8
BOTTOM
100
AcDbPolyline
 90
        2
 70
     0
 43
0.1499997
 10
15.70855126
 20
18.5000011
 10
16.07854036
 20
18.130012
  0
LWPOLYLINE
  5
185
330
1F
100
AcDbEntity
  8
BOTTOM
100
AcDbPolyline
 90
        2
 70
     1
 43
0.07499858
 10
15.6710507
 20
18.5000011
 42
1.0
 10
15.74605182
 20
18.5000011
 42
1.0
  0
LWPOLYLINE
  5
186
330
1F
100
AcDbEntity
  8
BOTTOM
100
AcDbPolyline
 90
        2
 70
     1
 43
0.07499858
 10
16.0410398
 20
18.130012
 42
1.0
 10
16.11604092
 20
18.130012
 42
1.0
  0
LWPOLYLINE
  5
187
330
1F
100
AcDbEntity
  8
BOTTOM
100
AcDbPolyline
 90
        2
 70
     0
 43
0.1499997
 10
16.07854036
 20
18.130012
 10
19.425031
 20
18.130012
  0
LWPOLYLINE
  5
188
330
1F
100
AcDbEntity
  8
BOTTOM
100
AcDbPolyline
 90
        2
 70
     1
 43
0.07499858
 10
16.0410398
 20
18.130012
 42
1.0
 10
16.11604092
 20
18.130012
 42
1.0
  0
LWPOLYLINE
  5
189
330
1F
100
AcDbEntity
  8
BOTTOM
100
AcDbPolyline
 90
        2
 70
     1
 43
0.07499858
 10
19.38753044
 20
18.130012
 42
1.0
 10
19.46253156
 20
18.130012
 42
1.0
  0
LWPOLYLINE
  5
18A
330
1F
100
AcDbEntity
  8
BOTTOM
100
AcDbPolyline
 90
        2
 70
     0
 43
0.1499997
 10
15.59999928
 20
18.5000011
 10
15.70855126
 20
18.5000011
  0
LWPOLYLINE
  5
18B
330
1F
100
AcDbEntity
  8
BOTTOM
100
AcDbPolyline
 90
        2
 70
     1
 43
0.07499858
 10
15.56249872
 20
18.5000011
 42
1.0
 10
15.63749984
 20
18.5000011
 42
1.0
  0
LWPOLYLINE
  5
18C
330
1F
100
AcDbEntity
  8
BOTTOM
100
AcDbPolyline
 90
        2
 70
     1
 43
0.07499858
 10
15.6710507
 20
18.5000011
 42
1.0
 10
15.74605182
 20
18.5000011
 42
1.0
  0
LWPOLYLINE
  5
18D
330
1F
100
AcDbEntity
  8
BOTTOM
100
AcDbPolyline
 90
        2
 70
     0
 43
0.1499997
 10
14.19999954
 20
21.59999998
 10
14.59999874
 20
21.99999918
  0
LWPOLYLINE
  5
18E
330
1F
100
AcDbEntity
  8
BOTTOM
100
AcDbPolyline
 90
        2
 70
     1
 43
0.07499858
 10
14.16249898
 20
21.59999998
 42
1.0
 10
14.2375001
 20
21.59999998
 42
1.0
  0
LWPOLYLINE
  5
18F
330
1F
100
AcDbEntity
  8
BOTTOM
100
AcDbPolyline
 90
        2
 70
     1
 43
0.07499858
 10
14.56249818
 20
21.99999918
 42
1.0
 10
14.6374993
 20
21.99999918
 42
1.0
  0
LWPOLYLINE
  5
190
330
1F
100
AcDbEntity
  8
BOTTOM
100
AcDbPolyline
 90
        2
 70
     0
 43
0.1499997
 10
14.19999954
 20
21.32198174
 10
14.19999954
 20
21.59999998
  0
LWPOLYLINE
  5
191
330
1F
100
AcDbEntity
  8
BOTTOM
100
AcDbPolyline
 90
        2
 70
     1
 43
0.07499858
 10
14.16249898
 20
21.32198174
 42
1.0
 10
14.2375001
 20
21.32198174
 42
1.0
  0
LWPOLYLINE
  5
192
330
1F
100
AcDbEntity
  8
BOTTOM
100
AcDbPolyline
 90
        2
 70
     1
 43
0.07499858
 10
14.16249898
 20
21.59999998
 42
1.0
 10
14.2375001
 20
21.59999998
 42
1.0
  0
LWPOLYLINE
  5
193
330
1F
100
AcDbEntity
  8
BOTTOM
100
AcDbPolyline
 90
        2
 70
     0
 43
0.1499997
 10
19.37035242
 20
21.2703537
 10
20.89999884
 20
22.80000012
  0
LWPOLYLINE
  5
194
330
1F
100
AcDbEntity
  8
BOTTOM
100
AcDbPolyline
 90
        2
 70
     1
 43
0.07499858
 10
19.33285186
 20
21.2703537
 42
1.0
 10
19.40785298
 20
21.2703537
 42
1.0
  0
LWPOLYLINE
  5
195
330
1F
100
AcDbEntity
  8
BOTTOM
100
AcDbPolyline
 90
        2
 70
     1
 43
0.07499858
 10
20.86249828
 20
22.80000012
 42
1.0
 10
20.9374994
 20
22.80000012
 42
1.0
  0
LWPOLYLINE
  5
196
330
1F
100
AcDbEntity
  8
BOTTOM
100
AcDbPolyline
 90
        2
 70
     0
 43
0.1499997
 10
19.91835996
 20
20.76835318
 10
21.3550119
 20
22.20500512
  0
LWPOLYLINE
  5
197
330
1F
100
AcDbEntity
  8
BOTTOM
100
AcDbPolyline
 90
        2
 70
     1
 43
0.07499858
 10
19.8808594
 20
20.76835318
 42
1.0
 10
19.95586052
 20
20.76835318
 42
1.0
  0
LWPOLYLINE
  5
198
330
1F
100
AcDbEntity
  8
BOTTOM
100
AcDbPolyline
 90
        2
 70
     1
 43
0.07499858
 10
21.31751134
 20
22.20500512
 42
1.0
 10
21.39251246
 20
22.20500512
 42
1.0
  0
LWPOLYLINE
  5
199
330
1F
100
AcDbEntity
  8
BOTTOM
100
AcDbPolyline
 90
        2
 70
     0
 43
0.1499997
 10
14.96156266
 20
21.2703537
 10
19.37035242
 20
21.2703537
  0
LWPOLYLINE
  5
19A
330
1F
100
AcDbEntity
  8
BOTTOM
100
AcDbPolyline
 90
        2
 70
     1
 43
0.07499858
 10
14.9240621
 20
21.2703537
 42
1.0
 10
14.99906322
 20
21.2703537
 42
1.0
  0
LWPOLYLINE
  5
19B
330
1F
100
AcDbEntity
  8
BOTTOM
100
AcDbPolyline
 90
        2
 70
     1
 43
0.07499858
 10
19.33285186
 20
21.2703537
 42
1.0
 10
19.40785298
 20
21.2703537
 42
1.0
  0
LWPOLYLINE
  5
19C
330
1F
100
AcDbEntity
  8
BOTTOM
100
AcDbPolyline
 90
        2
 70
     0
 43
0.1499997
 10
14.19999954
 20
21.32198174
 10
14.7536281
 20
20.76835318
  0
LWPOLYLINE
  5
19D
330
1F
100
AcDbEntity
  8
BOTTOM
100
AcDbPolyline
 90
        2
 70
     1
 43
0.07499858
 10
14.16249898
 20
21.32198174
 42
1.0
 10
14.2375001
 20
21.32198174
 42
1.0
  0
LWPOLYLINE
  5
19E
330
1F
100
AcDbEntity
  8
BOTTOM
100
AcDbPolyline
 90
        2
 70
     1
 43
0.07499858
 10
14.71612754
 20
20.76835318
 42
1.0
 10
14.79112866
 20
20.76835318
 42
1.0
  0
LWPOLYLINE
  5
19F
330
1F
100
AcDbEntity
  8
BOTTOM
100
AcDbPolyline
 90
        2
 70
     0
 43
0.1499997
 10
14.7536281
 20
20.76835318
 10
19.91835996
 20
20.76835318
  0
LWPOLYLINE
  5
1A0
330
1F
100
AcDbEntity
  8
BOTTOM
100
AcDbPolyline
 90
        2
 70
     1
 43
0.07499858
 10
14.71612754
 20
20.76835318
 42
1.0
 10
14.79112866
 20
20.76835318
 42
1.0
  0
LWPOLYLINE
  5
1A1
330
1F
100
AcDbEntity
  8
BOTTOM
100
AcDbPolyline
 90
        2
 70
     1
 43
0.07499858
 10
19.8808594
 20
20.76835318
 42
1.0
 10
19.95586052
 20
20.76835318
 42
1.0
  0
LWPOLYLINE
  5
1A2
330
1F
100
AcDbEntity
  8
BOTTOM
100
AcDbPolyline
 90
        2
 70
     0
 43
0.1499997
 10
3.6937823
 20
11.13989136
 10
3.6937823
 20
11.5566317
  0
LWPOLYLINE
  5
1A3
330
1F
100
AcDbEntity
  8
BOTTOM
100
AcDbPolyline
 90
        2
 70
     1
 43
0.07499858
 10
3.65628174
 20
11.13989136
 42
1.0
 10
3.73128286
 20
11.13989136
 42
1.0
  0
LWPOLYLINE
  5
1A4
330
1F
100
AcDbEntity
  8
BOTTOM
100
AcDbPolyline
 90
        2
 70
     1
 43
0.07499858
 10
3.65628174
 20
11.5566317
 42
1.0
 10
3.73128286
 20
11.5566317
 42
1.0
  0
LWPOLYLINE
  5
1A5
330
1F
100
AcDbEntity
  8
BOTTOM
100
AcDbPolyline
 90
        2
 70
     0
 43
0.1499997
 10
29.69999902
 20
12.8999996
 10
29.75407308
 20
12.8999996
  0
LWPOLYLINE
  5
1A6
330
1F
100
AcDbEntity
  8
BOTTOM
100
AcDbPolyline
 90
        2
 70
     1
 43
0.07499858
 10
29.66249846
 20
12.8999996
 42
1.0
 10
29.73749958
 20
12.8999996
 42
1.0
  0
LWPOLYLINE
  5
1A7
330
1F
100
AcDbEntity
  8
BOTTOM
100
AcDbPolyline
 90
        2
 70
     1
 43
0.07499858
 10
29.71657252
 20
12.8999996
 42
1.0
 10
29.79157364
 20
12.8999996
 42
1.0
  0
LWPOLYLINE
  5
1A8
330
1F
100
AcDbEntity
  8
BOTTOM
100
AcDbPolyline
 90
        2
 70
     0
 43
0.1499997
 10
28.72502256
 20
12.33000328
 10
28.72502256
 20
12.73000248
  0
LWPOLYLINE
  5
1A9
330
1F
100
AcDbEntity
  8
BOTTOM
100
AcDbPolyline
 90
        2
 70
     1
 43
0.07499858
 10
28.687522
 20
12.33000328
 42
1.0
 10
28.76252312
 20
12.33000328
 42
1.0
  0
LWPOLYLINE
  5
1AA
330
1F
100
AcDbEntity
  8
BOTTOM
100
AcDbPolyline
 90
        2
 70
     1
 43
0.07499858
 10
28.687522
 20
12.73000248
 42
1.0
 10
28.76252312
 20
12.73000248
 42
1.0
  0
LWPOLYLINE
  5
1AB
330
1F
100
AcDbEntity
  8
BOTTOM
100
AcDbPolyline
 90
        2
 70
     0
 43
0.1499997
 10
29.31708894
 20
11.93200306
 10
29.55368994
 20
11.93200306
  0
LWPOLYLINE
  5
1AC
330
1F
100
AcDbEntity
  8
BOTTOM
100
AcDbPolyline
 90
        2
 70
     1
 43
0.07499858
 10
29.27958838
 20
11.93200306
 42
1.0
 10
29.3545895
 20
11.93200306
 42
1.0
  0
LWPOLYLINE
  5
1AD
330
1F
100
AcDbEntity
  8
BOTTOM
100
AcDbPolyline
 90
        2
 70
     1
 43
0.07499858
 10
29.51618938
 20
11.93200306
 42
1.0
 10
29.5911905
 20
11.93200306
 42
1.0
  0
LWPOLYLINE
  5
1AE
330
1F
100
AcDbEntity
  8
BOTTOM
100
AcDbPolyline
 90
        2
 70
     0
 43
0.1499997
 10
16.69002504
 20
1.2500102
 10
18.27002696
 20
2.83001212
  0
LWPOLYLINE
  5
1AF
330
1F
100
AcDbEntity
  8
BOTTOM
100
AcDbPolyline
 90
        2
 70
     1
 43
0.07499858
 10
16.65252448
 20
1.2500102
 42
1.0
 10
16.7275256
 20
1.2500102
 42
1.0
  0
LWPOLYLINE
  5
1B0
330
1F
100
AcDbEntity
  8
BOTTOM
100
AcDbPolyline
 90
        2
 70
     1
 43
0.07499858
 10
18.2325264
 20
2.83001212
 42
1.0
 10
18.30752752
 20
2.83001212
 42
1.0
  0
LWPOLYLINE
  5
1B1
330
1F
100
AcDbEntity
  8
BOTTOM
100
AcDbPolyline
 90
        2
 70
     0
 43
0.1499997
 10
18.27002696
 20
2.83001212
 10
21.22502232
 20
2.83001212
  0
LWPOLYLINE
  5
1B2
330
1F
100
AcDbEntity
  8
BOTTOM
100
AcDbPolyline
 90
        2
 70
     1
 43
0.07499858
 10
18.2325264
 20
2.83001212
 42
1.0
 10
18.30752752
 20
2.83001212
 42
1.0
  0
LWPOLYLINE
  5
1B3
330
1F
100
AcDbEntity
  8
BOTTOM
100
AcDbPolyline
 90
        2
 70
     1
 43
0.07499858
 10
21.18752176
 20
2.83001212
 42
1.0
 10
21.26252288
 20
2.83001212
 42
1.0
  0
LWPOLYLINE
  5
1B4
330
1F
100
AcDbEntity
  8
BOTTOM
100
AcDbPolyline
 90
        2
 70
     0
 43
0.1499997
 10
20.41002522
 20
2.43001038
 10
21.32502212
 20
2.43001038
  0
LWPOLYLINE
  5
1B5
330
1F
100
AcDbEntity
  8
BOTTOM
100
AcDbPolyline
 90
        2
 70
     1
 43
0.07499858
 10
20.37252466
 20
2.43001038
 42
1.0
 10
20.44752578
 20
2.43001038
 42
1.0
  0
LWPOLYLINE
  5
1B6
330
1F
100
AcDbEntity
  8
BOTTOM
100
AcDbPolyline
 90
        2
 70
     1
 43
0.07499858
 10
21.28752156
 20
2.43001038
 42
1.0
 10
21.36252268
 20
2.43001038
 42
1.0
  0
LWPOLYLINE
  5
1B7
330
1F
100
AcDbEntity
  8
BOTTOM
100
AcDbPolyline
 90
        2
 70
     0
 43
0.1499997
 10
19.23002504
 20
1.2500102
 10
20.41002522
 20
2.43001038
  0
LWPOLYLINE
  5
1B8
330
1F
100
AcDbEntity
  8
BOTTOM
100
AcDbPolyline
 90
        2
 70
     1
 43
0.07499858
 10
19.19252448
 20
1.2500102
 42
1.0
 10
19.2675256
 20
1.2500102
 42
1.0
  0
LWPOLYLINE
  5
1B9
330
1F
100
AcDbEntity
  8
BOTTOM
100
AcDbPolyline
 90
        2
 70
     1
 43
0.07499858
 10
20.37252466
 20
2.43001038
 42
1.0
 10
20.44752578
 20
2.43001038
 42
1.0
  0
LWPOLYLINE
  5
1BA
330
1F
100
AcDbEntity
  8
BOTTOM
100
AcDbPolyline
 90
        2
 70
     0
 43
0.1499997
 10
14.22502108
 20
19.53001174
 10
21.32502974
 20
19.53001174
  0
LWPOLYLINE
  5
1BB
330
1F
100
AcDbEntity
  8
BOTTOM
100
AcDbPolyline
 90
        2
 70
     1
 43
0.07499858
 10
14.18752052
 20
19.53001174
 42
1.0
 10
14.26252164
 20
19.53001174
 42
1.0
  0
LWPOLYLINE
  5
1BC
330
1F
100
AcDbEntity
  8
BOTTOM
100
AcDbPolyline
 90
        2
 70
     1
 43
0.07499858
 10
21.28752918
 20
19.53001174
 42
1.0
 10
21.3625303
 20
19.53001174
 42
1.0
  0
LWPOLYLINE
  5
1BD
330
1F
100
AcDbEntity
  8
BOTTOM
100
AcDbPolyline
 90
        2
 70
     0
 43
0.1499997
 10
21.32502974
 20
19.53001174
 10
23.02502126
 20
21.23000326
  0
LWPOLYLINE
  5
1BE
330
1F
100
AcDbEntity
  8
BOTTOM
100
AcDbPolyline
 90
        2
 70
     1
 43
0.07499858
 10
21.28752918
 20
19.53001174
 42
1.0
 10
21.3625303
 20
19.53001174
 42
1.0
  0
LWPOLYLINE
  5
1BF
330
1F
100
AcDbEntity
  8
BOTTOM
100
AcDbPolyline
 90
        2
 70
     1
 43
0.07499858
 10
22.9875207
 20
21.23000326
 42
1.0
 10
23.06252182
 20
21.23000326
 42
1.0
  0
LWPOLYLINE
  5
1C0
330
1F
100
AcDbEntity
  8
BOTTOM
100
AcDbPolyline
 90
        2
 70
     0
 43
0.1499997
 10
20.22502178
 20
18.93000278
 10
22.2349568
 20
18.93000278
  0
LWPOLYLINE
  5
1C1
330
1F
100
AcDbEntity
  8
BOTTOM
100
AcDbPolyline
 90
        2
 70
     1
 43
0.07499858
 10
20.18752122
 20
18.93000278
 42
1.0
 10
20.26252234
 20
18.93000278
 42
1.0
  0
LWPOLYLINE
  5
1C2
330
1F
100
AcDbEntity
  8
BOTTOM
100
AcDbPolyline
 90
        2
 70
     1
 43
0.07499858
 10
22.19745624
 20
18.93000278
 42
1.0
 10
22.27245736
 20
18.93000278
 42
1.0
  0
LWPOLYLINE
  5
1C3
330
1F
100
AcDbEntity
  8
BOTTOM
100
AcDbPolyline
 90
        2
 70
     0
 43
0.1499997
 10
20.52502118
 20
18.53000104
 10
22.26123818
 20
18.53000104
  0
LWPOLYLINE
  5
1C4
330
1F
100
AcDbEntity
  8
BOTTOM
100
AcDbPolyline
 90
        2
 70
     1
 43
0.07499858
 10
20.48752062
 20
18.53000104
 42
1.0
 10
20.56252174
 20
18.53000104
 42
1.0
  0
LWPOLYLINE
  5
1C5
330
1F
100
AcDbEntity
  8
BOTTOM
100
AcDbPolyline
 90
        2
 70
     1
 43
0.07499858
 10
22.22373762
 20
18.53000104
 42
1.0
 10
22.29873874
 20
18.53000104
 42
1.0
  0
LWPOLYLINE
  5
1C6
330
1F
100
AcDbEntity
  8
BOTTOM
100
AcDbPolyline
 90
        2
 70
     0
 43
0.1499997
 10
22.95379204
 20
20.3587731
 10
23.02502126
 20
20.43000232
  0
LWPOLYLINE
  5
1C7
330
1F
100
AcDbEntity
  8
BOTTOM
100
AcDbPolyline
 90
        2
 70
     1
 43
0.07499858
 10
22.91629148
 20
20.3587731
 42
1.0
 10
22.9912926
 20
20.3587731
 42
1.0
  0
LWPOLYLINE
  5
1C8
330
1F
100
AcDbEntity
  8
BOTTOM
100
AcDbPolyline
 90
        2
 70
     1
 43
0.07499858
 10
22.9875207
 20
20.43000232
 42
1.0
 10
23.06252182
 20
20.43000232
 42
1.0
  0
LWPOLYLINE
  5
1C9
330
1F
100
AcDbEntity
  8
BOTTOM
100
AcDbPolyline
 90
        2
 70
     0
 43
0.1499997
 10
25.36324874
 20
21.6320116
 10
26.28574626
 20
21.6320116
  0
LWPOLYLINE
  5
1CA
330
1F
100
AcDbEntity
  8
BOTTOM
100
AcDbPolyline
 90
        2
 70
     1
 43
0.07499858
 10
25.32574818
 20
21.6320116
 42
1.0
 10
25.4007493
 20
21.6320116
 42
1.0
  0
LWPOLYLINE
  5
1CB
330
1F
100
AcDbEntity
  8
BOTTOM
100
AcDbPolyline
 90
        2
 70
     1
 43
0.07499858
 10
26.24824569999999
 20
21.6320116
 42
1.0
 10
26.32324682
 20
21.6320116
 42
1.0
  0
LWPOLYLINE
  5
1CC
330
1F
100
AcDbEntity
  8
BOTTOM
100
AcDbPolyline
 90
        2
 70
     0
 43
0.1499997
 10
22.2349568
 20
18.93000278
 10
25.21396532
 20
21.9090113
  0
LWPOLYLINE
  5
1CD
330
1F
100
AcDbEntity
  8
BOTTOM
100
AcDbPolyline
 90
        2
 70
     1
 43
0.07499858
 10
22.19745624
 20
18.93000278
 42
1.0
 10
22.27245736
 20
18.93000278
 42
1.0
  0
LWPOLYLINE
  5
1CE
330
1F
100
AcDbEntity
  8
BOTTOM
100
AcDbPolyline
 90
        2
 70
     1
 43
0.07499858
 10
25.17646476
 20
21.9090113
 42
1.0
 10
25.25146588
 20
21.9090113
 42
1.0
  0
LWPOLYLINE
  5
1CF
330
1F
100
AcDbEntity
  8
BOTTOM
100
AcDbPolyline
 90
        2
 70
     0
 43
0.1499997
 10
22.65379518
 20
20.3587731
 10
22.95379204
 20
20.3587731
  0
LWPOLYLINE
  5
1D0
330
1F
100
AcDbEntity
  8
BOTTOM
100
AcDbPolyline
 90
        2
 70
     1
 43
0.07499858
 10
22.61629462
 20
20.3587731
 42
1.0
 10
22.69129574
 20
20.3587731
 42
1.0
  0
LWPOLYLINE
  5
1D1
330
1F
100
AcDbEntity
  8
BOTTOM
100
AcDbPolyline
 90
        2
 70
     1
 43
0.07499858
 10
22.91629148
 20
20.3587731
 42
1.0
 10
22.9912926
 20
20.3587731
 42
1.0
  0
LWPOLYLINE
  5
1D2
330
1F
100
AcDbEntity
  8
BOTTOM
100
AcDbPolyline
 90
        2
 70
     0
 43
0.1499997
 10
21.50202456
 20
19.20700248
 10
22.65379518
 20
20.3587731
  0
LWPOLYLINE
  5
1D3
330
1F
100
AcDbEntity
  8
BOTTOM
100
AcDbPolyline
 90
        2
 70
     1
 43
0.07499858
 10
21.464524
 20
19.20700248
 42
1.0
 10
21.53952512
 20
19.20700248
 42
1.0
  0
LWPOLYLINE
  5
1D4
330
1F
100
AcDbEntity
  8
BOTTOM
100
AcDbPolyline
 90
        2
 70
     1
 43
0.07499858
 10
22.61629462
 20
20.3587731
 42
1.0
 10
22.69129574
 20
20.3587731
 42
1.0
  0
LWPOLYLINE
  5
1D5
330
1F
100
AcDbEntity
  8
BOTTOM
100
AcDbPolyline
 90
        2
 70
     0
 43
0.1499997
 10
22.26123818
 20
18.53000104
 10
25.36324874
 20
21.6320116
  0
LWPOLYLINE
  5
1D6
330
1F
100
AcDbEntity
  8
BOTTOM
100
AcDbPolyline
 90
        2
 70
     1
 43
0.07499858
 10
22.22373762
 20
18.53000104
 42
1.0
 10
22.29873874
 20
18.53000104
 42
1.0
  0
LWPOLYLINE
  5
1D7
330
1F
100
AcDbEntity
  8
BOTTOM
100
AcDbPolyline
 90
        2
 70
     1
 43
0.07499858
 10
25.32574818
 20
21.6320116
 42
1.0
 10
25.4007493
 20
21.6320116
 42
1.0
  0
LWPOLYLINE
  5
1D8
330
1F
100
AcDbEntity
  8
BOTTOM
100
AcDbPolyline
 90
        2
 70
     0
 43
0.1499997
 10
25.21396532
 20
21.9090113
 10
26.40048314
 20
21.9090113
  0
LWPOLYLINE
  5
1D9
330
1F
100
AcDbEntity
  8
BOTTOM
100
AcDbPolyline
 90
        2
 70
     1
 43
0.07499858
 10
25.17646476
 20
21.9090113
 42
1.0
 10
25.25146588
 20
21.9090113
 42
1.0
  0
LWPOLYLINE
  5
1DA
330
1F
100
AcDbEntity
  8
BOTTOM
100
AcDbPolyline
 90
        2
 70
     1
 43
0.07499858
 10
26.36298258
 20
21.9090113
 42
1.0
 10
26.4379837
 20
21.9090113
 42
1.0
  0
LWPOLYLINE
  5
1DB
330
1F
100
AcDbEntity
  8
BOTTOM
100
AcDbPolyline
 90
        2
 70
     0
 43
0.1499997
 10
19.30201372
 20
19.20700248
 10
21.50202456
 20
19.20700248
  0
LWPOLYLINE
  5
1DC
330
1F
100
AcDbEntity
  8
BOTTOM
100
AcDbPolyline
 90
        2
 70
     1
 43
0.07499858
 10
19.26451316
 20
19.20700248
 42
1.0
 10
19.33951428
 20
19.20700248
 42
1.0
  0
LWPOLYLINE
  5
1DD
330
1F
100
AcDbEntity
  8
BOTTOM
100
AcDbPolyline
 90
        2
 70
     1
 43
0.07499858
 10
21.464524
 20
19.20700248
 42
1.0
 10
21.53952512
 20
19.20700248
 42
1.0
  0
LWPOLYLINE
  5
1DE
330
1F
100
AcDbEntity
  8
BOTTOM
100
AcDbPolyline
 90
        2
 70
     0
 43
0.1499997
 10
19.425031
 20
18.130012
 10
20.22502178
 20
18.93000278
  0
LWPOLYLINE
  5
1DF
330
1F
100
AcDbEntity
  8
BOTTOM
100
AcDbPolyline
 90
        2
 70
     1
 43
0.07499858
 10
19.38753044
 20
18.130012
 42
1.0
 10
19.46253156
 20
18.130012
 42
1.0
  0
LWPOLYLINE
  5
1E0
330
1F
100
AcDbEntity
  8
BOTTOM
100
AcDbPolyline
 90
        2
 70
     1
 43
0.07499858
 10
20.18752122
 20
18.93000278
 42
1.0
 10
20.26252234
 20
18.93000278
 42
1.0
  0
LWPOLYLINE
  5
1E1
330
1F
100
AcDbEntity
  8
BOTTOM
100
AcDbPolyline
 90
        2
 70
     0
 43
0.1499997
 10
19.42502338
 20
17.43000324
 10
20.52502118
 20
18.53000104
  0
LWPOLYLINE
  5
1E2
330
1F
100
AcDbEntity
  8
BOTTOM
100
AcDbPolyline
 90
        2
 70
     1
 43
0.07499858
 10
19.38752282
 20
17.43000324
 42
1.0
 10
19.46252394
 20
17.43000324
 42
1.0
  0
LWPOLYLINE
  5
1E3
330
1F
100
AcDbEntity
  8
BOTTOM
100
AcDbPolyline
 90
        2
 70
     1
 43
0.07499858
 10
20.48752062
 20
18.53000104
 42
1.0
 10
20.56252174
 20
18.53000104
 42
1.0
  0
LWPOLYLINE
  5
1E4
330
1F
100
AcDbEntity
  8
BOTTOM
100
AcDbPolyline
 90
        2
 70
     0
 43
0.1499997
 10
19.42502338
 20
15.43000216
 10
19.42502338
 20
17.43000324
  0
LWPOLYLINE
  5
1E5
330
1F
100
AcDbEntity
  8
BOTTOM
100
AcDbPolyline
 90
        2
 70
     1
 43
0.07499858
 10
19.38752282
 20
15.43000216
 42
1.0
 10
19.46252394
 20
15.43000216
 42
1.0
  0
LWPOLYLINE
  5
1E6
330
1F
100
AcDbEntity
  8
BOTTOM
100
AcDbPolyline
 90
        2
 70
     1
 43
0.07499858
 10
19.38752282
 20
17.43000324
 42
1.0
 10
19.46252394
 20
17.43000324
 42
1.0
  0
LWPOLYLINE
  5
1E7
330
1F
100
AcDbEntity
  8
BOTTOM
100
AcDbPolyline
 90
        2
 70
     0
 43
0.1499997
 10
18.82502204
 20
18.7300108
 10
19.30201372
 20
19.20700248
  0
LWPOLYLINE
  5
1E8
330
1F
100
AcDbEntity
  8
BOTTOM
100
AcDbPolyline
 90
        2
 70
     1
 43
0.07499858
 10
18.78752148
 20
18.7300108
 42
1.0
 10
18.8625226
 20
18.7300108
 42
1.0
  0
LWPOLYLINE
  5
1E9
330
1F
100
AcDbEntity
  8
BOTTOM
100
AcDbPolyline
 90
        2
 70
     1
 43
0.07499858
 10
19.26451316
 20
19.20700248
 42
1.0
 10
19.33951428
 20
19.20700248
 42
1.0
  0
LWPOLYLINE
  5
1EA
330
1F
100
AcDbEntity
  8
BOTTOM
100
AcDbPolyline
 90
        2
 70
     0
 43
0.1499997
 10
26.5050397
 20
21.86000962
 10
27.69440486
 20
20.67064446
  0
LWPOLYLINE
  5
1EB
330
1F
100
AcDbEntity
  8
BOTTOM
100
AcDbPolyline
 90
        2
 70
     1
 43
0.07499858
 10
26.46753914
 20
21.86000962
 42
1.0
 10
26.54254026
 20
21.86000962
 42
1.0
  0
LWPOLYLINE
  5
1EC
330
1F
100
AcDbEntity
  8
BOTTOM
100
AcDbPolyline
 90
        2
 70
     1
 43
0.07499858
 10
27.6569043
 20
20.67064446
 42
1.0
 10
27.73190542
 20
20.67064446
 42
1.0
  0
LWPOLYLINE
  5
1ED
330
1F
100
AcDbEntity
  8
BOTTOM
100
AcDbPolyline
 90
        2
 70
     0
 43
0.1499997
 10
26.40048314
 20
21.9090113
 10
26.44948482
 20
21.86000962
  0
LWPOLYLINE
  5
1EE
330
1F
100
AcDbEntity
  8
BOTTOM
100
AcDbPolyline
 90
        2
 70
     1
 43
0.07499858
 10
26.36298258
 20
21.9090113
 42
1.0
 10
26.4379837
 20
21.9090113
 42
1.0
  0
LWPOLYLINE
  5
1EF
330
1F
100
AcDbEntity
  8
BOTTOM
100
AcDbPolyline
 90
        2
 70
     1
 43
0.07499858
 10
26.41198426
 20
21.86000962
 42
1.0
 10
26.48698538
 20
21.86000962
 42
1.0
  0
LWPOLYLINE
  5
1F0
330
1F
100
AcDbEntity
  8
BOTTOM
100
AcDbPolyline
 90
        2
 70
     0
 43
0.1499997
 10
26.44948482
 20
21.86000962
 10
26.5050397
 20
21.86000962
  0
LWPOLYLINE
  5
1F1
330
1F
100
AcDbEntity
  8
BOTTOM
100
AcDbPolyline
 90
        2
 70
     1
 43
0.07499858
 10
26.41198426
 20
21.86000962
 42
1.0
 10
26.48698538
 20
21.86000962
 42
1.0
  0
LWPOLYLINE
  5
1F2
330
1F
100
AcDbEntity
  8
BOTTOM
100
AcDbPolyline
 90
        2
 70
     1
 43
0.07499858
 10
26.46753914
 20
21.86000962
 42
1.0
 10
26.54254026
 20
21.86000962
 42
1.0
  0
LWPOLYLINE
  5
1F3
330
1F
100
AcDbEntity
  8
BOTTOM
100
AcDbPolyline
 90
        2
 70
     0
 43
0.1499997
 10
26.28574626
 20
21.6320116
 10
27.74911392
 20
20.16864394
  0
LWPOLYLINE
  5
1F4
330
1F
100
AcDbEntity
  8
BOTTOM
100
AcDbPolyline
 90
        2
 70
     1
 43
0.07499858
 10
26.24824569999999
 20
21.6320116
 42
1.0
 10
26.32324682
 20
21.6320116
 42
1.0
  0
LWPOLYLINE
  5
1F5
330
1F
100
AcDbEntity
  8
BOTTOM
100
AcDbPolyline
 90
        2
 70
     1
 43
0.07499858
 10
27.71161336
 20
20.16864394
 42
1.0
 10
27.78661448
 20
20.16864394
 42
1.0
  0
LWPOLYLINE
  5
1F6
330
1F
100
AcDbEntity
  8
BOTTOM
100
AcDbPolyline
 90
        2
 70
     0
 43
0.1499997
 10
26.13819004
 20
22.62942134
 10
27.05760146
 20
21.71000992
  0
LWPOLYLINE
  5
1F7
330
1F
100
AcDbEntity
  8
BOTTOM
100
AcDbPolyline
 90
        2
 70
     1
 43
0.07499858
 10
26.10068948
 20
22.62942134
 42
1.0
 10
26.1756906
 20
22.62942134
 42
1.0
  0
LWPOLYLINE
  5
1F8
330
1F
100
AcDbEntity
  8
BOTTOM
100
AcDbPolyline
 90
        2
 70
     1
 43
0.07499858
 10
27.0201009
 20
21.71000992
 42
1.0
 10
27.09510202
 20
21.71000992
 42
1.0
  0
LWPOLYLINE
  5
1F9
330
1F
100
AcDbEntity
  8
BOTTOM
100
AcDbPolyline
 90
        2
 70
     0
 43
0.1499997
 10
27.05760146
 20
21.71000992
 10
28.81125047999999
 20
21.71000992
  0
LWPOLYLINE
  5
1FA
330
1F
100
AcDbEntity
  8
BOTTOM
100
AcDbPolyline
 90
        2
 70
     1
 43
0.07499858
 10
27.0201009
 20
21.71000992
 42
1.0
 10
27.09510202
 20
21.71000992
 42
1.0
  0
LWPOLYLINE
  5
1FB
330
1F
100
AcDbEntity
  8
BOTTOM
100
AcDbPolyline
 90
        2
 70
     1
 43
0.07499858
 10
28.77374992
 20
21.71000992
 42
1.0
 10
28.84875104
 20
21.71000992
 42
1.0
  0
LWPOLYLINE
  5
1FC
330
1F
100
AcDbEntity
  8
BOTTOM
100
AcDbPolyline
 90
        2
 70
     0
 43
0.1499997
 10
26.51585248
 20
22.73483134
 10
27.1406747
 20
22.11000912
  0
LWPOLYLINE
  5
1FD
330
1F
100
AcDbEntity
  8
BOTTOM
100
AcDbPolyline
 90
        2
 70
     1
 43
0.07499858
 10
26.47835192
 20
22.73483134
 42
1.0
 10
26.55335304
 20
22.73483134
 42
1.0
  0
LWPOLYLINE
  5
1FE
330
1F
100
AcDbEntity
  8
BOTTOM
100
AcDbPolyline
 90
        2
 70
     1
 43
0.07499858
 10
27.10317414
 20
22.11000912
 42
1.0
 10
27.17817526
 20
22.11000912
 42
1.0
  0
LWPOLYLINE
  5
1FF
330
1F
100
AcDbEntity
  8
BOTTOM
100
AcDbPolyline
 90
        2
 70
     0
 43
0.1499997
 10
28.81125047999999
 20
21.71000992
 10
28.89911924
 20
21.62214116
  0
LWPOLYLINE
  5
200
330
1F
100
AcDbEntity
  8
BOTTOM
100
AcDbPolyline
 90
        2
 70
     1
 43
0.07499858
 10
28.77374992
 20
21.71000992
 42
1.0
 10
28.84875104
 20
21.71000992
 42
1.0
  0
LWPOLYLINE
  5
201
330
1F
100
AcDbEntity
  8
BOTTOM
100
AcDbPolyline
 90
        2
 70
     1
 43
0.07499858
 10
28.86161868
 20
21.62214116
 42
1.0
 10
28.9366198
 20
21.62214116
 42
1.0
  0
LWPOLYLINE
  5
202
330
1F
100
AcDbEntity
  8
BOTTOM
100
AcDbPolyline
 90
        2
 70
     0
 43
0.1499997
 10
27.1406747
 20
22.11000912
 10
28.946602
 20
22.11000912
  0
LWPOLYLINE
  5
203
330
1F
100
AcDbEntity
  8
BOTTOM
100
AcDbPolyline
 90
        2
 70
     1
 43
0.07499858
 10
27.10317414
 20
22.11000912
 42
1.0
 10
27.17817526
 20
22.11000912
 42
1.0
  0
LWPOLYLINE
  5
204
330
1F
100
AcDbEntity
  8
BOTTOM
100
AcDbPolyline
 90
        2
 70
     1
 43
0.07499858
 10
28.90910144
 20
22.11000912
 42
1.0
 10
28.98410256
 20
22.11000912
 42
1.0
  0
LWPOLYLINE
  5
205
330
1F
100
AcDbEntity
  8
BOTTOM
100
AcDbPolyline
 90
        2
 70
     0
 43
0.1499997
 10
26.87123404
 20
22.93881112
 10
27.3498691
 20
22.46017606
  0
LWPOLYLINE
  5
206
330
1F
100
AcDbEntity
  8
BOTTOM
100
AcDbPolyline
 90
        2
 70
     1
 43
0.07499858
 10
26.83373348
 20
22.93881112
 42
1.0
 10
26.9087346
 20
22.93881112
 42
1.0
  0
LWPOLYLINE
  5
207
330
1F
100
AcDbEntity
  8
BOTTOM
100
AcDbPolyline
 90
        2
 70
     1
 43
0.07499858
 10
27.31236854
 20
22.46017606
 42
1.0
 10
27.38736966
 20
22.46017606
 42
1.0
  0
LWPOLYLINE
  5
208
330
1F
100
AcDbEntity
  8
BOTTOM
100
AcDbPolyline
 90
        2
 70
     0
 43
0.1499997
 10
27.3498691
 20
22.46017606
 10
29.05635032
 20
22.46017606
  0
LWPOLYLINE
  5
209
330
1F
100
AcDbEntity
  8
BOTTOM
100
AcDbPolyline
 90
        2
 70
     1
 43
0.07499858
 10
27.31236854
 20
22.46017606
 42
1.0
 10
27.38736966
 20
22.46017606
 42
1.0
  0
LWPOLYLINE
  5
20A
330
1F
100
AcDbEntity
  8
BOTTOM
100
AcDbPolyline
 90
        2
 70
     1
 43
0.07499858
 10
29.01884976
 20
22.46017606
 42
1.0
 10
29.09385088
 20
22.46017606
 42
1.0
  0
LWPOLYLINE
  5
20B
330
1F
100
AcDbEntity
  8
BOTTOM
100
AcDbPolyline
 90
        2
 70
     0
 43
0.1499997
 10
27.46327502
 20
22.85392432
 10
29.12959122
 20
22.85392432
  0
LWPOLYLINE
  5
20C
330
1F
100
AcDbEntity
  8
BOTTOM
100
AcDbPolyline
 90
        2
 70
     1
 43
0.07499858
 10
27.42577446
 20
22.85392432
 42
1.0
 10
27.50077558
 20
22.85392432
 42
1.0
  0
LWPOLYLINE
  5
20D
330
1F
100
AcDbEntity
  8
BOTTOM
100
AcDbPolyline
 90
        2
 70
     1
 43
0.07499858
 10
29.09209066
 20
22.85392432
 42
1.0
 10
29.16709178
 20
22.85392432
 42
1.0
  0
LWPOLYLINE
  5
20E
330
1F
100
AcDbEntity
  8
BOTTOM
100
AcDbPolyline
 90
        2
 70
     0
 43
0.1499997
 10
27.19916328
 20
23.11803606
 10
27.46327502
 20
22.85392432
  0
LWPOLYLINE
  5
20F
330
1F
100
AcDbEntity
  8
BOTTOM
100
AcDbPolyline
 90
        2
 70
     1
 43
0.07499858
 10
27.16166272
 20
23.11803606
 42
1.0
 10
27.23666384
 20
23.11803606
 42
1.0
  0
LWPOLYLINE
  5
210
330
1F
100
AcDbEntity
  8
BOTTOM
100
AcDbPolyline
 90
        2
 70
     1
 43
0.07499858
 10
27.42577446
 20
22.85392432
 42
1.0
 10
27.50077558
 20
22.85392432
 42
1.0
  0
LWPOLYLINE
  5
211
330
1F
100
AcDbEntity
  8
BOTTOM
100
AcDbPolyline
 90
        2
 70
     0
 43
0.1499997
 10
26.13819004
 20
22.62942134
 10
26.13819004
 20
23.4216321
  0
LWPOLYLINE
  5
212
330
1F
100
AcDbEntity
  8
BOTTOM
100
AcDbPolyline
 90
        2
 70
     1
 43
0.07499858
 10
26.10068948
 20
22.62942134
 42
1.0
 10
26.1756906
 20
22.62942134
 42
1.0
  0
LWPOLYLINE
  5
213
330
1F
100
AcDbEntity
  8
BOTTOM
100
AcDbPolyline
 90
        2
 70
     1
 43
0.07499858
 10
26.10068948
 20
23.4216321
 42
1.0
 10
26.1756906
 20
23.4216321
 42
1.0
  0
LWPOLYLINE
  5
214
330
1F
100
AcDbEntity
  8
BOTTOM
100
AcDbPolyline
 90
        2
 70
     0
 43
0.1499997
 10
27.19916328
 20
23.11803606
 10
27.19916328
 20
23.7304707
  0
LWPOLYLINE
  5
215
330
1F
100
AcDbEntity
  8
BOTTOM
100
AcDbPolyline
 90
        2
 70
     1
 43
0.07499858
 10
27.16166272
 20
23.11803606
 42
1.0
 10
27.23666384
 20
23.11803606
 42
1.0
  0
LWPOLYLINE
  5
216
330
1F
100
AcDbEntity
  8
BOTTOM
100
AcDbPolyline
 90
        2
 70
     1
 43
0.07499858
 10
27.16166272
 20
23.7304707
 42
1.0
 10
27.23666384
 20
23.7304707
 42
1.0
  0
LWPOLYLINE
  5
217
330
1F
100
AcDbEntity
  8
BOTTOM
100
AcDbPolyline
 90
        2
 70
     0
 43
0.1499997
 10
27.69440486
 20
20.67064446
 10
28.33795704
 20
20.67064446
  0
LWPOLYLINE
  5
218
330
1F
100
AcDbEntity
  8
BOTTOM
100
AcDbPolyline
 90
        2
 70
     1
 43
0.07499858
 10
27.6569043
 20
20.67064446
 42
1.0
 10
27.73190542
 20
20.67064446
 42
1.0
  0
LWPOLYLINE
  5
219
330
1F
100
AcDbEntity
  8
BOTTOM
100
AcDbPolyline
 90
        2
 70
     1
 43
0.07499858
 10
28.30045648
 20
20.67064446
 42
1.0
 10
28.3754576
 20
20.67064446
 42
1.0
  0
LWPOLYLINE
  5
21A
330
1F
100
AcDbEntity
  8
BOTTOM
100
AcDbPolyline
 90
        2
 70
     0
 43
0.1499997
 10
28.33795704
 20
20.67064446
 10
28.36657268
 20
20.64202882
  0
LWPOLYLINE
  5
21B
330
1F
100
AcDbEntity
  8
BOTTOM
100
AcDbPolyline
 90
        2
 70
     1
 43
0.07499858
 10
28.30045648
 20
20.67064446
 42
1.0
 10
28.3754576
 20
20.67064446
 42
1.0
  0
LWPOLYLINE
  5
21C
330
1F
100
AcDbEntity
  8
BOTTOM
100
AcDbPolyline
 90
        2
 70
     1
 43
0.07499858
 10
28.32907212
 20
20.64202882
 42
1.0
 10
28.40407324
 20
20.64202882
 42
1.0
  0
LWPOLYLINE
  5
21D
330
1F
100
AcDbEntity
  8
BOTTOM
100
AcDbPolyline
 90
        2
 70
     0
 43
0.1499997
 10
29.5250235
 20
19.43000178
 10
29.7250231
 20
19.23000218
  0
LWPOLYLINE
  5
21E
330
1F
100
AcDbEntity
  8
BOTTOM
100
AcDbPolyline
 90
        2
 70
     1
 43
0.07499858
 10
29.48752294
 20
19.43000178
 42
1.0
 10
29.56252406
 20
19.43000178
 42
1.0
  0
LWPOLYLINE
  5
21F
330
1F
100
AcDbEntity
  8
BOTTOM
100
AcDbPolyline
 90
        2
 70
     1
 43
0.07499858
 10
29.68752254
 20
19.23000218
 42
1.0
 10
29.76252366
 20
19.23000218
 42
1.0
  0
LWPOLYLINE
  5
220
330
1F
100
AcDbEntity
  8
BOTTOM
100
AcDbPolyline
 90
        2
 70
     0
 43
0.1499997
 10
29.7250231
 20
15.53000196
 10
29.7250231
 20
19.23000218
  0
LWPOLYLINE
  5
221
330
1F
100
AcDbEntity
  8
BOTTOM
100
AcDbPolyline
 90
        2
 70
     1
 43
0.07499858
 10
29.68752254
 20
15.53000196
 42
1.0
 10
29.76252366
 20
15.53000196
 42
1.0
  0
LWPOLYLINE
  5
222
330
1F
100
AcDbEntity
  8
BOTTOM
100
AcDbPolyline
 90
        2
 70
     1
 43
0.07499858
 10
29.68752254
 20
19.23000218
 42
1.0
 10
29.76252366
 20
19.23000218
 42
1.0
  0
LWPOLYLINE
  5
223
330
1F
100
AcDbEntity
  8
BOTTOM
100
AcDbPolyline
 90
        2
 70
     0
 43
0.1499997
 10
29.12959122
 20
22.85392432
 10
29.73011834
 20
22.2533972
  0
LWPOLYLINE
  5
224
330
1F
100
AcDbEntity
  8
BOTTOM
100
AcDbPolyline
 90
        2
 70
     1
 43
0.07499858
 10
29.09209066
 20
22.85392432
 42
1.0
 10
29.16709178
 20
22.85392432
 42
1.0
  0
LWPOLYLINE
  5
225
330
1F
100
AcDbEntity
  8
BOTTOM
100
AcDbPolyline
 90
        2
 70
     1
 43
0.07499858
 10
29.69261778
 20
22.2533972
 42
1.0
 10
29.7676189
 20
22.2533972
 42
1.0
  0
LWPOLYLINE
  5
226
330
1F
100
AcDbEntity
  8
BOTTOM
100
AcDbPolyline
 90
        2
 70
     0
 43
0.1499997
 10
28.81508842
 20
11.43000254
 10
29.31708894
 20
11.93200306
  0
LWPOLYLINE
  5
227
330
1F
100
AcDbEntity
  8
BOTTOM
100
AcDbPolyline
 90
        2
 70
     1
 43
0.07499858
 10
28.77758786
 20
11.43000254
 42
1.0
 10
28.85258898
 20
11.43000254
 42
1.0
  0
LWPOLYLINE
  5
228
330
1F
100
AcDbEntity
  8
BOTTOM
100
AcDbPolyline
 90
        2
 70
     1
 43
0.07499858
 10
29.27958838
 20
11.93200306
 42
1.0
 10
29.3545895
 20
11.93200306
 42
1.0
  0
LWPOLYLINE
  5
229
330
1F
100
AcDbEntity
  8
BOTTOM
100
AcDbPolyline
 90
        2
 70
     0
 43
0.1499997
 10
28.72502256
 20
11.43000254
 10
28.81508842
 20
11.43000254
  0
LWPOLYLINE
  5
22A
330
1F
100
AcDbEntity
  8
BOTTOM
100
AcDbPolyline
 90
        2
 70
     1
 43
0.07499858
 10
28.687522
 20
11.43000254
 42
1.0
 10
28.76252312
 20
11.43000254
 42
1.0
  0
LWPOLYLINE
  5
22B
330
1F
100
AcDbEntity
  8
BOTTOM
100
AcDbPolyline
 90
        2
 70
     1
 43
0.07499858
 10
28.77758786
 20
11.43000254
 42
1.0
 10
28.85258898
 20
11.43000254
 42
1.0
  0
LWPOLYLINE
  5
22C
330
1F
100
AcDbEntity
  8
BOTTOM
100
AcDbPolyline
 90
        2
 70
     0
 43
0.1499997
 10
30.28411774
 20
21.29424494
 10
31.68999758
 20
19.8883651
  0
LWPOLYLINE
  5
22D
330
1F
100
AcDbEntity
  8
BOTTOM
100
AcDbPolyline
 90
        2
 70
     1
 43
0.07499858
 10
30.24661718
 20
21.29424494
 42
1.0
 10
30.3216183
 20
21.29424494
 42
1.0
  0
LWPOLYLINE
  5
22E
330
1F
100
AcDbEntity
  8
BOTTOM
100
AcDbPolyline
 90
        2
 70
     1
 43
0.07499858
 10
31.65249702
 20
19.8883651
 42
1.0
 10
31.72749813999999
 20
19.8883651
 42
1.0
  0
LWPOLYLINE
  5
22F
330
1F
100
AcDbEntity
  8
BOTTOM
100
AcDbPolyline
 90
        2
 70
     0
 43
0.1499997
 10
30.00711804
 20
21.17950806
 10
31.41299788
 20
19.77362822
  0
LWPOLYLINE
  5
230
330
1F
100
AcDbEntity
  8
BOTTOM
100
AcDbPolyline
 90
        2
 70
     1
 43
0.07499858
 10
29.96961748
 20
21.17950806
 42
1.0
 10
30.0446186
 20
21.17950806
 42
1.0
  0
LWPOLYLINE
  5
231
330
1F
100
AcDbEntity
  8
BOTTOM
100
AcDbPolyline
 90
        2
 70
     1
 43
0.07499858
 10
31.37549732
 20
19.77362822
 42
1.0
 10
31.45049844
 20
19.77362822
 42
1.0
  0
LWPOLYLINE
  5
232
330
1F
100
AcDbEntity
  8
BOTTOM
100
AcDbPolyline
 90
        2
 70
     0
 43
0.1499997
 10
32.16810432
 20
18.92711988
 10
33.67635632
 20
17.41886788
  0
LWPOLYLINE
  5
233
330
1F
100
AcDbEntity
  8
BOTTOM
100
AcDbPolyline
 90
        2
 70
     1
 43
0.07499858
 10
32.13060375999999
 20
18.92711988
 42
1.0
 10
32.20560488
 20
18.92711988
 42
1.0
  0
LWPOLYLINE
  5
234
330
1F
100
AcDbEntity
  8
BOTTOM
100
AcDbPolyline
 90
        2
 70
     1
 43
0.07499858
 10
33.63885576
 20
17.41886788
 42
1.0
 10
33.71385687999999
 20
17.41886788
 42
1.0
  0
LWPOLYLINE
  5
235
330
1F
100
AcDbEntity
  8
BOTTOM
100
AcDbPolyline
 90
        2
 70
     0
 43
0.1499997
 10
30.56111744
 20
21.40898182
 10
32.16810432
 20
19.80199494
  0
LWPOLYLINE
  5
236
330
1F
100
AcDbEntity
  8
BOTTOM
100
AcDbPolyline
 90
        2
 70
     1
 43
0.07499858
 10
30.52361688
 20
21.40898182
 42
1.0
 10
30.59861799999999
 20
21.40898182
 42
1.0
  0
LWPOLYLINE
  5
237
330
1F
100
AcDbEntity
  8
BOTTOM
100
AcDbPolyline
 90
        2
 70
     1
 43
0.07499858
 10
32.13060375999999
 20
19.80199494
 42
1.0
 10
32.20560488
 20
19.80199494
 42
1.0
  0
LWPOLYLINE
  5
238
330
1F
100
AcDbEntity
  8
BOTTOM
100
AcDbPolyline
 90
        2
 70
     0
 43
0.1499997
 10
32.16810432
 20
18.92711988
 10
32.16810432
 20
19.80199494
  0
LWPOLYLINE
  5
239
330
1F
100
AcDbEntity
  8
BOTTOM
100
AcDbPolyline
 90
        2
 70
     1
 43
0.07499858
 10
32.13060375999999
 20
18.92711988
 42
1.0
 10
32.20560488
 20
18.92711988
 42
1.0
  0
LWPOLYLINE
  5
23A
330
1F
100
AcDbEntity
  8
BOTTOM
100
AcDbPolyline
 90
        2
 70
     1
 43
0.07499858
 10
32.13060375999999
 20
19.80199494
 42
1.0
 10
32.20560488
 20
19.80199494
 42
1.0
  0
LWPOLYLINE
  5
23B
330
1F
100
AcDbEntity
  8
BOTTOM
100
AcDbPolyline
 90
        2
 70
     0
 43
0.1499997
 10
28.946602
 20
22.11000912
 10
29.17611894
 20
21.88049218
  0
LWPOLYLINE
  5
23C
330
1F
100
AcDbEntity
  8
BOTTOM
100
AcDbPolyline
 90
        2
 70
     1
 43
0.07499858
 10
28.90910144
 20
22.11000912
 42
1.0
 10
28.98410256
 20
22.11000912
 42
1.0
  0
LWPOLYLINE
  5
23D
330
1F
100
AcDbEntity
  8
BOTTOM
100
AcDbPolyline
 90
        2
 70
     1
 43
0.07499858
 10
29.13861838
 20
21.88049218
 42
1.0
 10
29.2136195
 20
21.88049218
 42
1.0
  0
LWPOLYLINE
  5
23E
330
1F
100
AcDbEntity
  8
BOTTOM
100
AcDbPolyline
 90
        2
 70
     0
 43
0.1499997
 10
30.56111744
 20
23.54545202
 10
31.43054928
 20
24.41488386
  0
LWPOLYLINE
  5
23F
330
1F
100
AcDbEntity
  8
BOTTOM
100
AcDbPolyline
 90
        2
 70
     1
 43
0.07499858
 10
30.52361688
 20
23.54545202
 42
1.0
 10
30.59861799999999
 20
23.54545202
 42
1.0
  0
LWPOLYLINE
  5
240
330
1F
100
AcDbEntity
  8
BOTTOM
100
AcDbPolyline
 90
        2
 70
     1
 43
0.07499858
 10
31.39304872
 20
24.41488386
 42
1.0
 10
31.46804984
 20
24.41488386
 42
1.0
  0
LWPOLYLINE
  5
241
330
1F
100
AcDbEntity
  8
BOTTOM
100
AcDbPolyline
 90
        2
 70
     0
 43
0.1499997
 10
29.45311864
 20
20.9500343
 10
29.45311864
 20
22.06340774
  0
LWPOLYLINE
  5
242
330
1F
100
AcDbEntity
  8
BOTTOM
100
AcDbPolyline
 90
        2
 70
     1
 43
0.07499858
 10
29.41561808
 20
20.9500343
 42
1.0
 10
29.4906192
 20
20.9500343
 42
1.0
  0
LWPOLYLINE
  5
243
330
1F
100
AcDbEntity
  8
BOTTOM
100
AcDbPolyline
 90
        2
 70
     1
 43
0.07499858
 10
29.41561808
 20
22.06340774
 42
1.0
 10
29.4906192
 20
22.06340774
 42
1.0
  0
LWPOLYLINE
  5
244
330
1F
100
AcDbEntity
  8
BOTTOM
100
AcDbPolyline
 90
        2
 70
     0
 43
0.1499997
 10
30.56111744
 20
21.40898182
 10
30.56111744
 20
23.54545202
  0
LWPOLYLINE
  5
245
330
1F
100
AcDbEntity
  8
BOTTOM
100
AcDbPolyline
 90
        2
 70
     1
 43
0.07499858
 10
30.52361688
 20
21.40898182
 42
1.0
 10
30.59861799999999
 20
21.40898182
 42
1.0
  0
LWPOLYLINE
  5
246
330
1F
100
AcDbEntity
  8
BOTTOM
100
AcDbPolyline
 90
        2
 70
     1
 43
0.07499858
 10
30.52361688
 20
23.54545202
 42
1.0
 10
30.59861799999999
 20
23.54545202
 42
1.0
  0
LWPOLYLINE
  5
247
330
1F
100
AcDbEntity
  8
BOTTOM
100
AcDbPolyline
 90
        2
 70
     0
 43
0.1499997
 10
30.28411774
 20
21.29424494
 10
30.28411774
 20
23.12599642
  0
LWPOLYLINE
  5
248
330
1F
100
AcDbEntity
  8
BOTTOM
100
AcDbPolyline
 90
        2
 70
     1
 43
0.07499858
 10
30.24661718
 20
21.29424494
 42
1.0
 10
30.3216183
 20
21.29424494
 42
1.0
  0
LWPOLYLINE
  5
249
330
1F
100
AcDbEntity
  8
BOTTOM
100
AcDbPolyline
 90
        2
 70
     1
 43
0.07499858
 10
30.24661718
 20
23.12599642
 42
1.0
 10
30.3216183
 20
23.12599642
 42
1.0
  0
LWPOLYLINE
  5
24A
330
1F
100
AcDbEntity
  8
BOTTOM
100
AcDbPolyline
 90
        2
 70
     0
 43
0.1499997
 10
29.24753358
 20
24.16258058
 10
30.28411774
 20
23.12599642
  0
LWPOLYLINE
  5
24B
330
1F
100
AcDbEntity
  8
BOTTOM
100
AcDbPolyline
 90
        2
 70
     1
 43
0.07499858
 10
29.21003302
 20
24.16258058
 42
1.0
 10
29.28503414
 20
24.16258058
 42
1.0
  0
LWPOLYLINE
  5
24C
330
1F
100
AcDbEntity
  8
BOTTOM
100
AcDbPolyline
 90
        2
 70
     1
 43
0.07499858
 10
30.24661718
 20
23.12599642
 42
1.0
 10
30.3216183
 20
23.12599642
 42
1.0
  0
LWPOLYLINE
  5
24D
330
1F
100
AcDbEntity
  8
BOTTOM
100
AcDbPolyline
 90
        2
 70
     0
 43
0.1499997
 10
28.89911924
 20
20.72056054
 10
28.89911924
 20
21.62214116
  0
LWPOLYLINE
  5
24E
330
1F
100
AcDbEntity
  8
BOTTOM
100
AcDbPolyline
 90
        2
 70
     1
 43
0.07499858
 10
28.86161868
 20
20.72056054
 42
1.0
 10
28.9366198
 20
20.72056054
 42
1.0
  0
LWPOLYLINE
  5
24F
330
1F
100
AcDbEntity
  8
BOTTOM
100
AcDbPolyline
 90
        2
 70
     1
 43
0.07499858
 10
28.86161868
 20
21.62214116
 42
1.0
 10
28.9366198
 20
21.62214116
 42
1.0
  0
LWPOLYLINE
  5
250
330
1F
100
AcDbEntity
  8
BOTTOM
100
AcDbPolyline
 90
        2
 70
     0
 43
0.1499997
 10
29.17611894
 20
20.83529742
 10
29.17611894
 20
21.88049218
  0
LWPOLYLINE
  5
251
330
1F
100
AcDbEntity
  8
BOTTOM
100
AcDbPolyline
 90
        2
 70
     1
 43
0.07499858
 10
29.13861838
 20
20.83529742
 42
1.0
 10
29.2136195
 20
20.83529742
 42
1.0
  0
LWPOLYLINE
  5
252
330
1F
100
AcDbEntity
  8
BOTTOM
100
AcDbPolyline
 90
        2
 70
     1
 43
0.07499858
 10
29.13861838
 20
21.88049218
 42
1.0
 10
29.2136195
 20
21.88049218
 42
1.0
  0
LWPOLYLINE
  5
253
330
1F
100
AcDbEntity
  8
BOTTOM
100
AcDbPolyline
 90
        2
 70
     0
 43
0.1499997
 10
30.00711804
 20
21.17950806
 10
30.00711804
 20
22.38841598
  0
LWPOLYLINE
  5
254
330
1F
100
AcDbEntity
  8
BOTTOM
100
AcDbPolyline
 90
        2
 70
     1
 43
0.07499858
 10
29.96961748
 20
21.17950806
 42
1.0
 10
30.0446186
 20
21.17950806
 42
1.0
  0
LWPOLYLINE
  5
255
330
1F
100
AcDbEntity
  8
BOTTOM
100
AcDbPolyline
 90
        2
 70
     1
 43
0.07499858
 10
29.96961748
 20
22.38841598
 42
1.0
 10
30.0446186
 20
22.38841598
 42
1.0
  0
LWPOLYLINE
  5
256
330
1F
100
AcDbEntity
  8
BOTTOM
100
AcDbPolyline
 90
        2
 70
     0
 43
0.1499997
 10
29.26461
 20
23.13092402
 10
30.00711804
 20
22.38841598
  0
LWPOLYLINE
  5
257
330
1F
100
AcDbEntity
  8
BOTTOM
100
AcDbPolyline
 90
        2
 70
     1
 43
0.07499858
 10
29.22710944
 20
23.13092402
 42
1.0
 10
29.30211056
 20
23.13092402
 42
1.0
  0
LWPOLYLINE
  5
258
330
1F
100
AcDbEntity
  8
BOTTOM
100
AcDbPolyline
 90
        2
 70
     1
 43
0.07499858
 10
29.96961748
 20
22.38841598
 42
1.0
 10
30.0446186
 20
22.38841598
 42
1.0
  0
LWPOLYLINE
  5
259
330
1F
100
AcDbEntity
  8
BOTTOM
100
AcDbPolyline
 90
        2
 70
     0
 43
0.1499997
 10
29.73011834
 20
21.06477118
 10
29.73011834
 20
22.2533972
  0
LWPOLYLINE
  5
25A
330
1F
100
AcDbEntity
  8
BOTTOM
100
AcDbPolyline
 90
        2
 70
     1
 43
0.07499858
 10
29.69261778
 20
21.06477118
 42
1.0
 10
29.7676189
 20
21.06477118
 42
1.0
  0
LWPOLYLINE
  5
25B
330
1F
100
AcDbEntity
  8
BOTTOM
100
AcDbPolyline
 90
        2
 70
     1
 43
0.07499858
 10
29.69261778
 20
22.2533972
 42
1.0
 10
29.7676189
 20
22.2533972
 42
1.0
  0
LWPOLYLINE
  5
25C
330
1F
100
AcDbEntity
  8
BOTTOM
100
AcDbPolyline
 90
        2
 70
     0
 43
0.1499997
 10
29.05635032
 20
22.46017606
 10
29.45311864
 20
22.06340774
  0
LWPOLYLINE
  5
25D
330
1F
100
AcDbEntity
  8
BOTTOM
100
AcDbPolyline
 90
        2
 70
     1
 43
0.07499858
 10
29.01884976
 20
22.46017606
 42
1.0
 10
29.09385088
 20
22.46017606
 42
1.0
  0
LWPOLYLINE
  5
25E
330
1F
100
AcDbEntity
  8
BOTTOM
100
AcDbPolyline
 90
        2
 70
     1
 43
0.07499858
 10
29.41561808
 20
22.06340774
 42
1.0
 10
29.4906192
 20
22.06340774
 42
1.0
  0
LWPOLYLINE
  5
25F
330
1F
100
AcDbEntity
  8
BOTTOM
100
AcDbPolyline
 90
        2
 70
     0
 43
0.1499997
 10
23.02502126
 20
2.33001058
 10
28.31002466
 20
2.33001058
  0
LWPOLYLINE
  5
260
330
1F
100
AcDbEntity
  8
BOTTOM
100
AcDbPolyline
 90
        2
 70
     1
 43
0.07499858
 10
22.9875207
 20
2.33001058
 42
1.0
 10
23.06252182
 20
2.33001058
 42
1.0
  0
LWPOLYLINE
  5
261
330
1F
100
AcDbEntity
  8
BOTTOM
100
AcDbPolyline
 90
        2
 70
     1
 43
0.07499858
 10
28.27252409999999
 20
2.33001058
 42
1.0
 10
28.34752522
 20
2.33001058
 42
1.0
  0
LWPOLYLINE
  5
262
330
1F
100
AcDbEntity
  8
BOTTOM
100
AcDbPolyline
 90
        2
 70
     0
 43
0.1499997
 10
28.31002466
 20
2.33001058
 10
29.39002504
 20
1.2500102
  0
LWPOLYLINE
  5
263
330
1F
100
AcDbEntity
  8
BOTTOM
100
AcDbPolyline
 90
        2
 70
     1
 43
0.07499858
 10
28.27252409999999
 20
2.33001058
 42
1.0
 10
28.34752522
 20
2.33001058
 42
1.0
  0
LWPOLYLINE
  5
264
330
1F
100
AcDbEntity
  8
BOTTOM
100
AcDbPolyline
 90
        2
 70
     1
 43
0.07499858
 10
29.35252448
 20
1.2500102
 42
1.0
 10
29.4275256
 20
1.2500102
 42
1.0
  0
LWPOLYLINE
  5
265
330
1F
100
AcDbEntity
  8
BOTTOM
100
AcDbPolyline
 90
        2
 70
     0
 43
0.1499997
 10
21.79502118
 20
1.27500634
 10
21.79502118
 20
2.20001084
  0
LWPOLYLINE
  5
266
330
1F
100
AcDbEntity
  8
BOTTOM
100
AcDbPolyline
 90
        2
 70
     1
 43
0.07499858
 10
21.75752062
 20
1.27500634
 42
1.0
 10
21.83252174
 20
1.27500634
 42
1.0
  0
LWPOLYLINE
  5
267
330
1F
100
AcDbEntity
  8
BOTTOM
100
AcDbPolyline
 90
        2
 70
     1
 43
0.07499858
 10
21.75752062
 20
2.20001084
 42
1.0
 10
21.83252174
 20
2.20001084
 42
1.0
  0
LWPOLYLINE
  5
268
330
1F
100
AcDbEntity
  8
BOTTOM
100
AcDbPolyline
 90
        2
 70
     0
 43
0.1499997
 10
21.77002504
 20
1.2500102
 10
21.79502118
 20
1.27500634
  0
LWPOLYLINE
  5
269
330
1F
100
AcDbEntity
  8
BOTTOM
100
AcDbPolyline
 90
        2
 70
     1
 43
0.07499858
 10
21.73252448
 20
1.2500102
 42
1.0
 10
21.8075256
 20
1.2500102
 42
1.0
  0
LWPOLYLINE
  5
26A
330
1F
100
AcDbEntity
  8
BOTTOM
100
AcDbPolyline
 90
        2
 70
     1
 43
0.07499858
 10
21.75752062
 20
1.27500634
 42
1.0
 10
21.83252174
 20
1.27500634
 42
1.0
  0
LWPOLYLINE
  5
26B
330
1F
100
AcDbEntity
  8
BOTTOM
100
AcDbPolyline
 90
        2
 70
     0
 43
0.1499997
 10
30.82502344
 20
4.130012059999999
 10
31.52502204
 20
4.130012059999999
  0
LWPOLYLINE
  5
26C
330
1F
100
AcDbEntity
  8
BOTTOM
100
AcDbPolyline
 90
        2
 70
     1
 43
0.07499858
 10
30.78752288
 20
4.130012059999999
 42
1.0
 10
30.862524
 20
4.130012059999999
 42
1.0
  0
LWPOLYLINE
  5
26D
330
1F
100
AcDbEntity
  8
BOTTOM
100
AcDbPolyline
 90
        2
 70
     1
 43
0.07499858
 10
31.48752148
 20
4.130012059999999
 42
1.0
 10
31.5625226
 20
4.130012059999999
 42
1.0
  0
LWPOLYLINE
  5
26E
330
1F
100
AcDbEntity
  8
BOTTOM
100
AcDbPolyline
 90
        2
 70
     0
 43
0.1499997
 10
32.5298054
 20
4.261032879999999
 10
32.5298054
 20
7.090580179999999
  0
LWPOLYLINE
  5
26F
330
1F
100
AcDbEntity
  8
BOTTOM
100
AcDbPolyline
 90
        2
 70
     1
 43
0.07499858
 10
32.49230484
 20
4.261032879999999
 42
1.0
 10
32.56730596
 20
4.261032879999999
 42
1.0
  0
LWPOLYLINE
  5
270
330
1F
100
AcDbEntity
  8
BOTTOM
100
AcDbPolyline
 90
        2
 70
     1
 43
0.07499858
 10
32.49230484
 20
7.090580179999999
 42
1.0
 10
32.56730596
 20
7.090580179999999
 42
1.0
  0
LWPOLYLINE
  5
271
330
1F
100
AcDbEntity
  8
BOTTOM
100
AcDbPolyline
 90
        2
 70
     0
 43
0.1499997
 10
32.5298054
 20
7.090580179999999
 10
33.9692361
 20
8.530010879999999
  0
LWPOLYLINE
  5
272
330
1F
100
AcDbEntity
  8
BOTTOM
100
AcDbPolyline
 90
        2
 70
     1
 43
0.07499858
 10
32.49230484
 20
7.090580179999999
 42
1.0
 10
32.56730596
 20
7.090580179999999
 42
1.0
  0
LWPOLYLINE
  5
273
330
1F
100
AcDbEntity
  8
BOTTOM
100
AcDbPolyline
 90
        2
 70
     1
 43
0.07499858
 10
33.93173554
 20
8.530010879999999
 42
1.0
 10
34.00673665999999
 20
8.530010879999999
 42
1.0
  0
LWPOLYLINE
  5
274
330
1F
100
AcDbEntity
  8
BOTTOM
100
AcDbPolyline
 90
        2
 70
     0
 43
0.1499997
 10
33.16065504
 20
3.81572516
 10
33.16065504
 20
6.496839939999999
  0
LWPOLYLINE
  5
275
330
1F
100
AcDbEntity
  8
BOTTOM
100
AcDbPolyline
 90
        2
 70
     1
 43
0.07499858
 10
33.12315448
 20
3.81572516
 42
1.0
 10
33.19815559999999
 20
3.81572516
 42
1.0
  0
LWPOLYLINE
  5
276
330
1F
100
AcDbEntity
  8
BOTTOM
100
AcDbPolyline
 90
        2
 70
     1
 43
0.07499858
 10
33.12315448
 20
6.496839939999999
 42
1.0
 10
33.19815559999999
 20
6.496839939999999
 42
1.0
  0
LWPOLYLINE
  5
277
330
1F
100
AcDbEntity
  8
BOTTOM
100
AcDbPolyline
 90
        2
 70
     0
 43
0.1499997
 10
33.16065504
 20
6.496839939999999
 10
34.51817074
 20
7.85435564
  0
LWPOLYLINE
  5
278
330
1F
100
AcDbEntity
  8
BOTTOM
100
AcDbPolyline
 90
        2
 70
     1
 43
0.07499858
 10
33.12315448
 20
6.496839939999999
 42
1.0
 10
33.19815559999999
 20
6.496839939999999
 42
1.0
  0
LWPOLYLINE
  5
279
330
1F
100
AcDbEntity
  8
BOTTOM
100
AcDbPolyline
 90
        2
 70
     1
 43
0.07499858
 10
34.48067018
 20
7.85435564
 42
1.0
 10
34.55567129999999
 20
7.85435564
 42
1.0
  0
LWPOLYLINE
  5
27A
330
1F
100
AcDbEntity
  8
BOTTOM
100
AcDbPolyline
 90
        2
 70
     0
 43
0.1499997
 10
32.84522768
 20
4.00126454
 10
32.84522768
 20
6.79370752
  0
LWPOLYLINE
  5
27B
330
1F
100
AcDbEntity
  8
BOTTOM
100
AcDbPolyline
 90
        2
 70
     1
 43
0.07499858
 10
32.80772712
 20
4.00126454
 42
1.0
 10
32.88272824
 20
4.00126454
 42
1.0
  0
LWPOLYLINE
  5
27C
330
1F
100
AcDbEntity
  8
BOTTOM
100
AcDbPolyline
 90
        2
 70
     1
 43
0.07499858
 10
32.80772712
 20
6.79370752
 42
1.0
 10
32.88272824
 20
6.79370752
 42
1.0
  0
LWPOLYLINE
  5
27D
330
1F
100
AcDbEntity
  8
BOTTOM
100
AcDbPolyline
 90
        2
 70
     0
 43
0.1499997
 10
32.84522768
 20
6.79370752
 10
34.18578888
 20
8.13426872
  0
LWPOLYLINE
  5
27E
330
1F
100
AcDbEntity
  8
BOTTOM
100
AcDbPolyline
 90
        2
 70
     1
 43
0.07499858
 10
32.80772712
 20
6.79370752
 42
1.0
 10
32.88272824
 20
6.79370752
 42
1.0
  0
LWPOLYLINE
  5
27F
330
1F
100
AcDbEntity
  8
BOTTOM
100
AcDbPolyline
 90
        2
 70
     1
 43
0.07499858
 10
34.14828832
 20
8.13426872
 42
1.0
 10
34.22328944
 20
8.13426872
 42
1.0
  0
LWPOLYLINE
  5
280
330
1F
100
AcDbEntity
  8
BOTTOM
100
AcDbPolyline
 90
        2
 70
     0
 43
0.1499997
 10
33.9692361
 20
8.530010879999999
 10
34.99149974
 20
8.530010879999999
  0
LWPOLYLINE
  5
281
330
1F
100
AcDbEntity
  8
BOTTOM
100
AcDbPolyline
 90
        2
 70
     1
 43
0.07499858
 10
33.93173554
 20
8.530010879999999
 42
1.0
 10
34.00673665999999
 20
8.530010879999999
 42
1.0
  0
LWPOLYLINE
  5
282
330
1F
100
AcDbEntity
  8
BOTTOM
100
AcDbPolyline
 90
        2
 70
     1
 43
0.07499858
 10
34.95399918
 20
8.530010879999999
 42
1.0
 10
35.02900029999999
 20
8.530010879999999
 42
1.0
  0
LWPOLYLINE
  5
283
330
1F
100
AcDbEntity
  8
BOTTOM
100
AcDbPolyline
 90
        2
 70
     0
 43
0.1499997
 10
34.99149974
 20
8.530010879999999
 10
35.33149906
 20
8.8700102
  0
LWPOLYLINE
  5
284
330
1F
100
AcDbEntity
  8
BOTTOM
100
AcDbPolyline
 90
        2
 70
     1
 43
0.07499858
 10
34.95399918
 20
8.530010879999999
 42
1.0
 10
35.02900029999999
 20
8.530010879999999
 42
1.0
  0
LWPOLYLINE
  5
285
330
1F
100
AcDbEntity
  8
BOTTOM
100
AcDbPolyline
 90
        2
 70
     1
 43
0.07499858
 10
35.2939985
 20
8.8700102
 42
1.0
 10
35.36899962
 20
8.8700102
 42
1.0
  0
LWPOLYLINE
  5
286
330
1F
100
AcDbEntity
  8
BOTTOM
100
AcDbPolyline
 90
        2
 70
     0
 43
0.1499997
 10
35.33149906
 20
8.8700102
 10
35.50002551999999
 20
8.8700102
  0
LWPOLYLINE
  5
287
330
1F
100
AcDbEntity
  8
BOTTOM
100
AcDbPolyline
 90
        2
 70
     1
 43
0.07499858
 10
35.2939985
 20
8.8700102
 42
1.0
 10
35.36899962
 20
8.8700102
 42
1.0
  0
LWPOLYLINE
  5
288
330
1F
100
AcDbEntity
  8
BOTTOM
100
AcDbPolyline
 90
        2
 70
     1
 43
0.07499858
 10
35.46252496
 20
8.8700102
 42
1.0
 10
35.53752608
 20
8.8700102
 42
1.0
  0
LWPOLYLINE
  5
289
330
1F
100
AcDbEntity
  8
BOTTOM
100
AcDbPolyline
 90
        2
 70
     0
 43
0.1499997
 10
34.27715268
 20
15.80288432
 10
34.27715268
 20
17.2098081
  0
LWPOLYLINE
  5
28A
330
1F
100
AcDbEntity
  8
BOTTOM
100
AcDbPolyline
 90
        2
 70
     1
 43
0.07499858
 10
34.23965212
 20
15.80288432
 42
1.0
 10
34.31465324
 20
15.80288432
 42
1.0
  0
LWPOLYLINE
  5
28B
330
1F
100
AcDbEntity
  8
BOTTOM
100
AcDbPolyline
 90
        2
 70
     1
 43
0.07499858
 10
34.23965212
 20
17.2098081
 42
1.0
 10
34.31465324
 20
17.2098081
 42
1.0
  0
LWPOLYLINE
  5
28C
330
1F
100
AcDbEntity
  8
BOTTOM
100
AcDbPolyline
 90
        2
 70
     0
 43
0.1499997
 10
34.55415238
 20
16.01507338
 10
34.55415238
 20
17.32454498
  0
LWPOLYLINE
  5
28D
330
1F
100
AcDbEntity
  8
BOTTOM
100
AcDbPolyline
 90
        2
 70
     1
 43
0.07499858
 10
34.51665182
 20
16.01507338
 42
1.0
 10
34.59165294
 20
16.01507338
 42
1.0
  0
LWPOLYLINE
  5
28E
330
1F
100
AcDbEntity
  8
BOTTOM
100
AcDbPolyline
 90
        2
 70
     1
 43
0.07499858
 10
34.51665182
 20
17.32454498
 42
1.0
 10
34.59165294
 20
17.32454498
 42
1.0
  0
LWPOLYLINE
  5
28F
330
1F
100
AcDbEntity
  8
BOTTOM
100
AcDbPolyline
 90
        2
 70
     0
 43
0.1499997
 10
34.55415238
 20
16.01507338
 10
35.11378295999999
 20
15.4554428
  0
LWPOLYLINE
  5
290
330
1F
100
AcDbEntity
  8
BOTTOM
100
AcDbPolyline
 90
        2
 70
     1
 43
0.07499858
 10
34.51665182
 20
16.01507338
 42
1.0
 10
34.59165294
 20
16.01507338
 42
1.0
  0
LWPOLYLINE
  5
291
330
1F
100
AcDbEntity
  8
BOTTOM
100
AcDbPolyline
 90
        2
 70
     1
 43
0.07499858
 10
35.0762824
 20
15.4554428
 42
1.0
 10
35.15128352
 20
15.4554428
 42
1.0
  0
LWPOLYLINE
  5
292
330
1F
100
AcDbEntity
  8
BOTTOM
100
AcDbPolyline
 90
        2
 70
     0
 43
0.1499997
 10
35.11378295999999
 20
15.4554428
 10
38.07762768
 20
15.4554428
  0
LWPOLYLINE
  5
293
330
1F
100
AcDbEntity
  8
BOTTOM
100
AcDbPolyline
 90
        2
 70
     1
 43
0.07499858
 10
35.0762824
 20
15.4554428
 42
1.0
 10
35.15128352
 20
15.4554428
 42
1.0
  0
LWPOLYLINE
  5
294
330
1F
100
AcDbEntity
  8
BOTTOM
100
AcDbPolyline
 90
        2
 70
     1
 43
0.07499858
 10
38.04012711999999
 20
15.4554428
 42
1.0
 10
38.11512824
 20
15.4554428
 42
1.0
  0
LWPOLYLINE
  5
295
330
1F
100
AcDbEntity
  8
BOTTOM
100
AcDbPolyline
 90
        2
 70
     0
 43
0.1499997
 10
35.20002612
 20
14.88001088
 10
38.1530606
 20
14.88001088
  0
LWPOLYLINE
  5
296
330
1F
100
AcDbEntity
  8
BOTTOM
100
AcDbPolyline
 90
        2
 70
     1
 43
0.07499858
 10
35.16252556
 20
14.88001088
 42
1.0
 10
35.23752667999999
 20
14.88001088
 42
1.0
  0
LWPOLYLINE
  5
297
330
1F
100
AcDbEntity
  8
BOTTOM
100
AcDbPolyline
 90
        2
 70
     1
 43
0.07499858
 10
38.11556004
 20
14.88001088
 42
1.0
 10
38.19056116
 20
14.88001088
 42
1.0
  0
LWPOLYLINE
  5
298
330
1F
100
AcDbEntity
  8
BOTTOM
100
AcDbPolyline
 90
        2
 70
     0
 43
0.1499997
 10
34.27715268
 20
15.80288432
 10
35.20002612
 20
14.88001088
  0
LWPOLYLINE
  5
299
330
1F
100
AcDbEntity
  8
BOTTOM
100
AcDbPolyline
 90
        2
 70
     1
 43
0.07499858
 10
34.23965212
 20
15.80288432
 42
1.0
 10
34.31465324
 20
15.80288432
 42
1.0
  0
LWPOLYLINE
  5
29A
330
1F
100
AcDbEntity
  8
BOTTOM
100
AcDbPolyline
 90
        2
 70
     1
 43
0.07499858
 10
35.16252556
 20
14.88001088
 42
1.0
 10
35.23752667999999
 20
14.88001088
 42
1.0
  0
LWPOLYLINE
  5
29B
330
1F
100
AcDbEntity
  8
BOTTOM
100
AcDbPolyline
 90
        2
 70
     0
 43
0.1499997
 10
32.5658226
 20
18.92113818
 10
32.5658226
 20
20.66701734
  0
LWPOLYLINE
  5
29C
330
1F
100
AcDbEntity
  8
BOTTOM
100
AcDbPolyline
 90
        2
 70
     1
 43
0.07499858
 10
32.52832204
 20
18.92113818
 42
1.0
 10
32.60332316
 20
18.92113818
 42
1.0
  0
LWPOLYLINE
  5
29D
330
1F
100
AcDbEntity
  8
BOTTOM
100
AcDbPolyline
 90
        2
 70
     1
 43
0.07499858
 10
32.52832204
 20
20.66701734
 42
1.0
 10
32.60332316
 20
20.66701734
 42
1.0
  0
LWPOLYLINE
  5
29E
330
1F
100
AcDbEntity
  8
BOTTOM
100
AcDbPolyline
 90
        2
 70
     0
 43
0.1499997
 10
33.18994378
 20
19.08049016
 10
33.18994378
 20
21.2900895
  0
LWPOLYLINE
  5
29F
330
1F
100
AcDbEntity
  8
BOTTOM
100
AcDbPolyline
 90
        2
 70
     1
 43
0.07499858
 10
33.15244322
 20
19.08049016
 42
1.0
 10
33.22744434
 20
19.08049016
 42
1.0
  0
LWPOLYLINE
  5
2A0
330
1F
100
AcDbEntity
  8
BOTTOM
100
AcDbPolyline
 90
        2
 70
     1
 43
0.07499858
 10
33.15244322
 20
21.2900895
 42
1.0
 10
33.22744434
 20
21.2900895
 42
1.0
  0
LWPOLYLINE
  5
2A1
330
1F
100
AcDbEntity
  8
BOTTOM
100
AcDbPolyline
 90
        2
 70
     0
 43
0.1499997
 10
33.18994378
 20
19.08049016
 10
34.79042318
 20
17.48001076
  0
LWPOLYLINE
  5
2A2
330
1F
100
AcDbEntity
  8
BOTTOM
100
AcDbPolyline
 90
        2
 70
     1
 43
0.07499858
 10
33.15244322
 20
19.08049016
 42
1.0
 10
33.22744434
 20
19.08049016
 42
1.0
  0
LWPOLYLINE
  5
2A3
330
1F
100
AcDbEntity
  8
BOTTOM
100
AcDbPolyline
 90
        2
 70
     1
 43
0.07499858
 10
34.75292262
 20
17.48001076
 42
1.0
 10
34.82792374
 20
17.48001076
 42
1.0
  0
LWPOLYLINE
  5
2A4
330
1F
100
AcDbEntity
  8
BOTTOM
100
AcDbPolyline
 90
        2
 70
     0
 43
0.1499997
 10
31.75282956
 20
21.48001038
 10
32.5658226
 20
20.66701734
  0
LWPOLYLINE
  5
2A5
330
1F
100
AcDbEntity
  8
BOTTOM
100
AcDbPolyline
 90
        2
 70
     1
 43
0.07499858
 10
31.715329
 20
21.48001038
 42
1.0
 10
31.79033012
 20
21.48001038
 42
1.0
  0
LWPOLYLINE
  5
2A6
330
1F
100
AcDbEntity
  8
BOTTOM
100
AcDbPolyline
 90
        2
 70
     1
 43
0.07499858
 10
32.52832204
 20
20.66701734
 42
1.0
 10
32.60332316
 20
20.66701734
 42
1.0
  0
LWPOLYLINE
  5
2A7
330
1F
100
AcDbEntity
  8
BOTTOM
100
AcDbPolyline
 90
        2
 70
     0
 43
0.1499997
 10
32.91294408
 20
18.96575328
 10
32.91294408
 20
21.08369164
  0
LWPOLYLINE
  5
2A8
330
1F
100
AcDbEntity
  8
BOTTOM
100
AcDbPolyline
 90
        2
 70
     1
 43
0.07499858
 10
32.87544352
 20
18.96575328
 42
1.0
 10
32.95044463999999
 20
18.96575328
 42
1.0
  0
LWPOLYLINE
  5
2A9
330
1F
100
AcDbEntity
  8
BOTTOM
100
AcDbPolyline
 90
        2
 70
     1
 43
0.07499858
 10
32.87544352
 20
21.08369164
 42
1.0
 10
32.95044463999999
 20
21.08369164
 42
1.0
  0
LWPOLYLINE
  5
2AA
330
1F
100
AcDbEntity
  8
BOTTOM
100
AcDbPolyline
 90
        2
 70
     0
 43
0.1499997
 10
32.5658226
 20
18.92113818
 10
34.27715268
 20
17.2098081
  0
LWPOLYLINE
  5
2AB
330
1F
100
AcDbEntity
  8
BOTTOM
100
AcDbPolyline
 90
        2
 70
     1
 43
0.07499858
 10
32.52832204
 20
18.92113818
 42
1.0
 10
32.60332316
 20
18.92113818
 42
1.0
  0
LWPOLYLINE
  5
2AC
330
1F
100
AcDbEntity
  8
BOTTOM
100
AcDbPolyline
 90
        2
 70
     1
 43
0.07499858
 10
34.23965212
 20
17.2098081
 42
1.0
 10
34.31465324
 20
17.2098081
 42
1.0
  0
LWPOLYLINE
  5
2AD
330
1F
100
AcDbEntity
  8
BOTTOM
100
AcDbPolyline
 90
        2
 70
     0
 43
0.1499997
 10
32.91294408
 20
18.96575328
 10
34.55415238
 20
17.32454498
  0
LWPOLYLINE
  5
2AE
330
1F
100
AcDbEntity
  8
BOTTOM
100
AcDbPolyline
 90
        2
 70
     1
 43
0.07499858
 10
32.87544352
 20
18.96575328
 42
1.0
 10
32.95044463999999
 20
18.96575328
 42
1.0
  0
LWPOLYLINE
  5
2AF
330
1F
100
AcDbEntity
  8
BOTTOM
100
AcDbPolyline
 90
        2
 70
     1
 43
0.07499858
 10
34.51665182
 20
17.32454498
 42
1.0
 10
34.59165294
 20
17.32454498
 42
1.0
  0
LWPOLYLINE
  5
2B0
330
1F
100
AcDbEntity
  8
BOTTOM
100
AcDbPolyline
 90
        2
 70
     0
 43
0.1499997
 10
38.1530606
 20
14.88001088
 10
38.45368483999999
 20
14.57938664
  0
LWPOLYLINE
  5
2B1
330
1F
100
AcDbEntity
  8
BOTTOM
100
AcDbPolyline
 90
        2
 70
     1
 43
0.07499858
 10
38.11556004
 20
14.88001088
 42
1.0
 10
38.19056116
 20
14.88001088
 42
1.0
  0
LWPOLYLINE
  5
2B2
330
1F
100
AcDbEntity
  8
BOTTOM
100
AcDbPolyline
 90
        2
 70
     1
 43
0.07499858
 10
38.41618428
 20
14.57938664
 42
1.0
 10
38.4911854
 20
14.57938664
 42
1.0
  0
LWPOLYLINE
  5
2B3
330
1F
100
AcDbEntity
  8
BOTTOM
100
AcDbPolyline
 90
        2
 70
     0
 43
0.1499997
 10
34.18578888
 20
8.13426872
 10
35.8542844
 20
8.13426872
  0
LWPOLYLINE
  5
2B4
330
1F
100
AcDbEntity
  8
BOTTOM
100
AcDbPolyline
 90
        2
 70
     1
 43
0.07499858
 10
34.14828832
 20
8.13426872
 42
1.0
 10
34.22328944
 20
8.13426872
 42
1.0
  0
LWPOLYLINE
  5
2B5
330
1F
100
AcDbEntity
  8
BOTTOM
100
AcDbPolyline
 90
        2
 70
     1
 43
0.07499858
 10
35.81678384
 20
8.13426872
 42
1.0
 10
35.89178496
 20
8.13426872
 42
1.0
  0
LWPOLYLINE
  5
2B6
330
1F
100
AcDbEntity
  8
BOTTOM
100
AcDbPolyline
 90
        2
 70
     0
 43
0.1499997
 10
34.51817074
 20
7.85435564
 10
36.77437146
 20
7.85435564
  0
LWPOLYLINE
  5
2B7
330
1F
100
AcDbEntity
  8
BOTTOM
100
AcDbPolyline
 90
        2
 70
     1
 43
0.07499858
 10
34.48067018
 20
7.85435564
 42
1.0
 10
34.55567129999999
 20
7.85435564
 42
1.0
  0
LWPOLYLINE
  5
2B8
330
1F
100
AcDbEntity
  8
BOTTOM
100
AcDbPolyline
 90
        2
 70
     1
 43
0.07499858
 10
36.7368709
 20
7.85435564
 42
1.0
 10
36.81187202
 20
7.85435564
 42
1.0
  0
LWPOLYLINE
  5
2B9
330
1F
100
AcDbEntity
  8
BOTTOM
100
AcDbPolyline
 90
        2
 70
     0
 43
0.1499997
 10
33.43802557999999
 20
24.07800874
 10
33.95002608
 20
24.59000924
  0
LWPOLYLINE
  5
2BA
330
1F
100
AcDbEntity
  8
BOTTOM
100
AcDbPolyline
 90
        2
 70
     1
 43
0.07499858
 10
33.40052502
 20
24.07800874
 42
1.0
 10
33.47552614
 20
24.07800874
 42
1.0
  0
LWPOLYLINE
  5
2BB
330
1F
100
AcDbEntity
  8
BOTTOM
100
AcDbPolyline
 90
        2
 70
     1
 43
0.07499858
 10
33.91252552
 20
24.59000924
 42
1.0
 10
33.98752664
 20
24.59000924
 42
1.0
  0
LWPOLYLINE
  5
2BC
330
1F
100
AcDbEntity
  8
BOTTOM
100
AcDbPolyline
 90
        2
 70
     0
 43
0.1499997
 10
32.7880091
 20
24.07800874
 10
33.43802557999999
 20
24.07800874
  0
LWPOLYLINE
  5
2BD
330
1F
100
AcDbEntity
  8
BOTTOM
100
AcDbPolyline
 90
        2
 70
     1
 43
0.07499858
 10
32.75050854
 20
24.07800874
 42
1.0
 10
32.82550965999999
 20
24.07800874
 42
1.0
  0
LWPOLYLINE
  5
2BE
330
1F
100
AcDbEntity
  8
BOTTOM
100
AcDbPolyline
 90
        2
 70
     1
 43
0.07499858
 10
33.40052502
 20
24.07800874
 42
1.0
 10
33.47552614
 20
24.07800874
 42
1.0
  0
LWPOLYLINE
  5
2BF
330
1F
100
AcDbEntity
  8
BOTTOM
100
AcDbPolyline
 90
        2
 70
     0
 43
0.1499997
 10
32.17413428
 20
24.69188356
 10
32.7880091
 20
24.07800874
  0
LWPOLYLINE
  5
2C0
330
1F
100
AcDbEntity
  8
BOTTOM
100
AcDbPolyline
 90
        2
 70
     1
 43
0.07499858
 10
32.13663372
 20
24.69188356
 42
1.0
 10
32.21163484
 20
24.69188356
 42
1.0
  0
LWPOLYLINE
  5
2C1
330
1F
100
AcDbEntity
  8
BOTTOM
100
AcDbPolyline
 90
        2
 70
     1
 43
0.07499858
 10
32.75050854
 20
24.07800874
 42
1.0
 10
32.82550965999999
 20
24.07800874
 42
1.0
  0
LWPOLYLINE
  5
2C2
330
1F
100
AcDbEntity
  8
BOTTOM
100
AcDbPolyline
 90
        2
 70
     0
 43
0.1499997
 10
28.16057614
 20
24.69188356
 10
32.17413428
 20
24.69188356
  0
LWPOLYLINE
  5
2C3
330
1F
100
AcDbEntity
  8
BOTTOM
100
AcDbPolyline
 90
        2
 70
     1
 43
0.07499858
 10
28.12307558
 20
24.69188356
 42
1.0
 10
28.1980767
 20
24.69188356
 42
1.0
  0
LWPOLYLINE
  5
2C4
330
1F
100
AcDbEntity
  8
BOTTOM
100
AcDbPolyline
 90
        2
 70
     1
 43
0.07499858
 10
32.13663372
 20
24.69188356
 42
1.0
 10
32.21163484
 20
24.69188356
 42
1.0
  0
LWPOLYLINE
  5
2C5
330
1F
100
AcDbEntity
  8
BOTTOM
100
AcDbPolyline
 90
        2
 70
     0
 43
0.1499997
 10
27.19916328
 20
23.7304707
 10
28.16057614
 20
24.69188356
  0
LWPOLYLINE
  5
2C6
330
1F
100
AcDbEntity
  8
BOTTOM
100
AcDbPolyline
 90
        2
 70
     1
 43
0.07499858
 10
27.16166272
 20
23.7304707
 42
1.0
 10
27.23666384
 20
23.7304707
 42
1.0
  0
LWPOLYLINE
  5
2C7
330
1F
100
AcDbEntity
  8
BOTTOM
100
AcDbPolyline
 90
        2
 70
     1
 43
0.07499858
 10
28.12307558
 20
24.69188356
 42
1.0
 10
28.1980767
 20
24.69188356
 42
1.0
  0
LWPOLYLINE
  5
2C8
330
1F
100
AcDbEntity
  8
BOTTOM
100
AcDbPolyline
 90
        2
 70
     0
 43
0.1499997
 10
32.71115124
 20
24.96888326
 10
33.10002523999999
 20
24.58000926
  0
LWPOLYLINE
  5
2C9
330
1F
100
AcDbEntity
  8
BOTTOM
100
AcDbPolyline
 90
        2
 70
     1
 43
0.07499858
 10
32.67365067999999
 20
24.96888326
 42
1.0
 10
32.7486518
 20
24.96888326
 42
1.0
  0
LWPOLYLINE
  5
2CA
330
1F
100
AcDbEntity
  8
BOTTOM
100
AcDbPolyline
 90
        2
 70
     1
 43
0.07499858
 10
33.06252468
 20
24.58000926
 42
1.0
 10
33.1375258
 20
24.58000926
 42
1.0
  0
LWPOLYLINE
  5
2CB
330
1F
100
AcDbEntity
  8
BOTTOM
100
AcDbPolyline
 90
        2
 70
     0
 43
0.1499997
 10
27.88451116
 20
24.96888326
 10
32.71115124
 20
24.96888326
  0
LWPOLYLINE
  5
2CC
330
1F
100
AcDbEntity
  8
BOTTOM
100
AcDbPolyline
 90
        2
 70
     1
 43
0.07499858
 10
27.8470106
 20
24.96888326
 42
1.0
 10
27.92201172
 20
24.96888326
 42
1.0
  0
LWPOLYLINE
  5
2CD
330
1F
100
AcDbEntity
  8
BOTTOM
100
AcDbPolyline
 90
        2
 70
     1
 43
0.07499858
 10
32.67365067999999
 20
24.96888326
 42
1.0
 10
32.7486518
 20
24.96888326
 42
1.0
  0
LWPOLYLINE
  5
2CE
330
1F
100
AcDbEntity
  8
BOTTOM
100
AcDbPolyline
 90
        2
 70
     0
 43
0.1499997
 10
26.87123404
 20
23.95560614
 10
27.88451116
 20
24.96888326
  0
LWPOLYLINE
  5
2CF
330
1F
100
AcDbEntity
  8
BOTTOM
100
AcDbPolyline
 90
        2
 70
     1
 43
0.07499858
 10
26.83373348
 20
23.95560614
 42
1.0
 10
26.9087346
 20
23.95560614
 42
1.0
  0
LWPOLYLINE
  5
2D0
330
1F
100
AcDbEntity
  8
BOTTOM
100
AcDbPolyline
 90
        2
 70
     1
 43
0.07499858
 10
27.8470106
 20
24.96888326
 42
1.0
 10
27.92201172
 20
24.96888326
 42
1.0
  0
LWPOLYLINE
  5
2D1
330
1F
100
AcDbEntity
  8
BOTTOM
100
AcDbPolyline
 90
        2
 70
     0
 43
0.1499997
 10
26.87123404
 20
22.93881112
 10
26.87123404
 20
23.95560614
  0
LWPOLYLINE
  5
2D2
330
1F
100
AcDbEntity
  8
BOTTOM
100
AcDbPolyline
 90
        2
 70
     1
 43
0.07499858
 10
26.83373348
 20
22.93881112
 42
1.0
 10
26.9087346
 20
22.93881112
 42
1.0
  0
LWPOLYLINE
  5
2D3
330
1F
100
AcDbEntity
  8
BOTTOM
100
AcDbPolyline
 90
        2
 70
     1
 43
0.07499858
 10
26.83373348
 20
23.95560614
 42
1.0
 10
26.9087346
 20
23.95560614
 42
1.0
  0
LWPOLYLINE
  5
2D4
330
1F
100
AcDbEntity
  8
BOTTOM
100
AcDbPolyline
 90
        2
 70
     0
 43
0.1499997
 10
26.50003844
 20
24.5100094
 10
26.51585248
 20
24.49419536
  0
LWPOLYLINE
  5
2D5
330
1F
100
AcDbEntity
  8
BOTTOM
100
AcDbPolyline
 90
        2
 70
     1
 43
0.07499858
 10
26.46253788
 20
24.5100094
 42
1.0
 10
26.537539
 20
24.5100094
 42
1.0
  0
LWPOLYLINE
  5
2D6
330
1F
100
AcDbEntity
  8
BOTTOM
100
AcDbPolyline
 90
        2
 70
     1
 43
0.07499858
 10
26.47835192
 20
24.49419536
 42
1.0
 10
26.55335304
 20
24.49419536
 42
1.0
  0
LWPOLYLINE
  5
2D7
330
1F
100
AcDbEntity
  8
BOTTOM
100
AcDbPolyline
 90
        2
 70
     0
 43
0.1499997
 10
26.47804458
 20
24.53200326
 10
26.50003844
 20
24.5100094
  0
LWPOLYLINE
  5
2D8
330
1F
100
AcDbEntity
  8
BOTTOM
100
AcDbPolyline
 90
        2
 70
     1
 43
0.07499858
 10
26.44054402
 20
24.53200326
 42
1.0
 10
26.51554514
 20
24.53200326
 42
1.0
  0
LWPOLYLINE
  5
2D9
330
1F
100
AcDbEntity
  8
BOTTOM
100
AcDbPolyline
 90
        2
 70
     1
 43
0.07499858
 10
26.46253788
 20
24.5100094
 42
1.0
 10
26.537539
 20
24.5100094
 42
1.0
  0
LWPOLYLINE
  5
2DA
330
1F
100
AcDbEntity
  8
BOTTOM
100
AcDbPolyline
 90
        2
 70
     0
 43
0.1499997
 10
25.70962092
 20
24.53200326
 10
26.47804458
 20
24.53200326
  0
LWPOLYLINE
  5
2DB
330
1F
100
AcDbEntity
  8
BOTTOM
100
AcDbPolyline
 90
        2
 70
     1
 43
0.07499858
 10
25.67212036
 20
24.53200326
 42
1.0
 10
25.74712148
 20
24.53200326
 42
1.0
  0
LWPOLYLINE
  5
2DC
330
1F
100
AcDbEntity
  8
BOTTOM
100
AcDbPolyline
 90
        2
 70
     1
 43
0.07499858
 10
26.44054402
 20
24.53200326
 42
1.0
 10
26.51554514
 20
24.53200326
 42
1.0
  0
LWPOLYLINE
  5
2DD
330
1F
100
AcDbEntity
  8
BOTTOM
100
AcDbPolyline
 90
        2
 70
     0
 43
0.1499997
 10
25.28762786
 20
24.1100102
 10
25.70962092
 20
24.53200326
  0
LWPOLYLINE
  5
2DE
330
1F
100
AcDbEntity
  8
BOTTOM
100
AcDbPolyline
 90
        2
 70
     1
 43
0.07499858
 10
25.2501273
 20
24.1100102
 42
1.0
 10
25.32512842
 20
24.1100102
 42
1.0
  0
LWPOLYLINE
  5
2DF
330
1F
100
AcDbEntity
  8
BOTTOM
100
AcDbPolyline
 90
        2
 70
     1
 43
0.07499858
 10
25.67212036
 20
24.53200326
 42
1.0
 10
25.74712148
 20
24.53200326
 42
1.0
  0
LWPOLYLINE
  5
2E0
330
1F
100
AcDbEntity
  8
BOTTOM
100
AcDbPolyline
 90
        2
 70
     0
 43
0.1499997
 10
24.31003012
 20
24.1100102
 10
25.28762786
 20
24.1100102
  0
LWPOLYLINE
  5
2E1
330
1F
100
AcDbEntity
  8
BOTTOM
100
AcDbPolyline
 90
        2
 70
     1
 43
0.07499858
 10
24.27252956
 20
24.1100102
 42
1.0
 10
24.34753068
 20
24.1100102
 42
1.0
  0
LWPOLYLINE
  5
2E2
330
1F
100
AcDbEntity
  8
BOTTOM
100
AcDbPolyline
 90
        2
 70
     1
 43
0.07499858
 10
25.2501273
 20
24.1100102
 42
1.0
 10
25.32512842
 20
24.1100102
 42
1.0
  0
LWPOLYLINE
  5
2E3
330
1F
100
AcDbEntity
  8
BOTTOM
100
AcDbPolyline
 90
        2
 70
     0
 43
0.1499997
 10
26.51585248
 20
22.73483134
 10
26.51585248
 20
24.49419536
  0
LWPOLYLINE
  5
2E4
330
1F
100
AcDbEntity
  8
BOTTOM
100
AcDbPolyline
 90
        2
 70
     1
 43
0.07499858
 10
26.47835192
 20
22.73483134
 42
1.0
 10
26.55335304
 20
22.73483134
 42
1.0
  0
LWPOLYLINE
  5
2E5
330
1F
100
AcDbEntity
  8
BOTTOM
100
AcDbPolyline
 90
        2
 70
     1
 43
0.07499858
 10
26.47835192
 20
24.49419536
 42
1.0
 10
26.55335304
 20
24.49419536
 42
1.0
  0
LWPOLYLINE
  5
2E6
330
1F
100
AcDbEntity
  8
BOTTOM
100
AcDbPolyline
 90
        2
 70
     0
 43
0.1499997
 10
25.83810428
 20
23.72171786
 10
26.13819004
 20
23.4216321
  0
LWPOLYLINE
  5
2E7
330
1F
100
AcDbEntity
  8
BOTTOM
100
AcDbPolyline
 90
        2
 70
     1
 43
0.07499858
 10
25.80060372
 20
23.72171786
 42
1.0
 10
25.87560484
 20
23.72171786
 42
1.0
  0
LWPOLYLINE
  5
2E8
330
1F
100
AcDbEntity
  8
BOTTOM
100
AcDbPolyline
 90
        2
 70
     1
 43
0.07499858
 10
26.10068948
 20
23.4216321
 42
1.0
 10
26.1756906
 20
23.4216321
 42
1.0
  0
LWPOLYLINE
  5
2E9
330
1F
100
AcDbEntity
  8
BOTTOM
100
AcDbPolyline
 90
        2
 70
     0
 43
0.1499997
 10
21.92645094
 20
22.77644162
 10
21.92645094
 20
23.95358938
  0
LWPOLYLINE
  5
2EA
330
1F
100
AcDbEntity
  8
BOTTOM
100
AcDbPolyline
 90
        2
 70
     1
 43
0.07499858
 10
21.88895038
 20
22.77644162
 42
1.0
 10
21.9639515
 20
22.77644162
 42
1.0
  0
LWPOLYLINE
  5
2EB
330
1F
100
AcDbEntity
  8
BOTTOM
100
AcDbPolyline
 90
        2
 70
     1
 43
0.07499858
 10
21.88895038
 20
23.95358938
 42
1.0
 10
21.9639515
 20
23.95358938
 42
1.0
  0
LWPOLYLINE
  5
2EC
330
1F
100
AcDbEntity
  8
BOTTOM
100
AcDbPolyline
 90
        2
 70
     0
 43
0.1499997
 10
21.77003012
 20
24.1100102
 10
21.92645094
 20
23.95358938
  0
LWPOLYLINE
  5
2ED
330
1F
100
AcDbEntity
  8
BOTTOM
100
AcDbPolyline
 90
        2
 70
     1
 43
0.07499858
 10
21.73252956
 20
24.1100102
 42
1.0
 10
21.80753068
 20
24.1100102
 42
1.0
  0
LWPOLYLINE
  5
2EE
330
1F
100
AcDbEntity
  8
BOTTOM
100
AcDbPolyline
 90
        2
 70
     1
 43
0.07499858
 10
21.88895038
 20
23.95358938
 42
1.0
 10
21.9639515
 20
23.95358938
 42
1.0
  0
LWPOLYLINE
  5
2EF
330
1F
100
AcDbEntity
  8
BOTTOM
100
AcDbPolyline
 90
        2
 70
     0
 43
0.1499997
 10
25.8140962
 20
23.72171786
 10
25.83810428
 20
23.72171786
  0
LWPOLYLINE
  5
2F0
330
1F
100
AcDbEntity
  8
BOTTOM
100
AcDbPolyline
 90
        2
 70
     1
 43
0.07499858
 10
25.77659564
 20
23.72171786
 42
1.0
 10
25.85159676
 20
23.72171786
 42
1.0
  0
LWPOLYLINE
  5
2F1
330
1F
100
AcDbEntity
  8
BOTTOM
100
AcDbPolyline
 90
        2
 70
     1
 43
0.07499858
 10
25.80060372
 20
23.72171786
 42
1.0
 10
25.87560484
 20
23.72171786
 42
1.0
  0
LWPOLYLINE
  5
2F2
330
1F
100
AcDbEntity
  8
BOTTOM
100
AcDbPolyline
 90
        2
 70
     0
 43
0.1499997
 10
24.86881996
 20
22.77644162
 10
25.8140962
 20
23.72171786
  0
LWPOLYLINE
  5
2F3
330
1F
100
AcDbEntity
  8
BOTTOM
100
AcDbPolyline
 90
        2
 70
     1
 43
0.07499858
 10
24.8313194
 20
22.77644162
 42
1.0
 10
24.90632052
 20
22.77644162
 42
1.0
  0
LWPOLYLINE
  5
2F4
330
1F
100
AcDbEntity
  8
BOTTOM
100
AcDbPolyline
 90
        2
 70
     1
 43
0.07499858
 10
25.77659564
 20
23.72171786
 42
1.0
 10
25.85159676
 20
23.72171786
 42
1.0
  0
LWPOLYLINE
  5
2F5
330
1F
100
AcDbEntity
  8
BOTTOM
100
AcDbPolyline
 90
        2
 70
     0
 43
0.1499997
 10
21.92645094
 20
22.77644162
 10
24.86881996
 20
22.77644162
  0
LWPOLYLINE
  5
2F6
330
1F
100
AcDbEntity
  8
BOTTOM
100
AcDbPolyline
 90
        2
 70
     1
 43
0.07499858
 10
21.88895038
 20
22.77644162
 42
1.0
 10
21.9639515
 20
22.77644162
 42
1.0
  0
LWPOLYLINE
  5
2F7
330
1F
100
AcDbEntity
  8
BOTTOM
100
AcDbPolyline
 90
        2
 70
     1
 43
0.07499858
 10
24.8313194
 20
22.77644162
 42
1.0
 10
24.90632052
 20
22.77644162
 42
1.0
  0
LWPOLYLINE
  5
2F8
330
1F
100
AcDbEntity
  8
BOTTOM
100
AcDbPolyline
 90
        2
 70
     0
 43
0.1499997
 10
21.35501444
 20
22.20500512
 10
21.92645094
 20
22.77644162
  0
LWPOLYLINE
  5
2F9
330
1F
100
AcDbEntity
  8
BOTTOM
100
AcDbPolyline
 90
        2
 70
     1
 43
0.07499858
 10
21.31751388
 20
22.20500512
 42
1.0
 10
21.392515
 20
22.20500512
 42
1.0
  0
LWPOLYLINE
  5
2FA
330
1F
100
AcDbEntity
  8
BOTTOM
100
AcDbPolyline
 90
        2
 70
     1
 43
0.07499858
 10
21.88895038
 20
22.77644162
 42
1.0
 10
21.9639515
 20
22.77644162
 42
1.0
  0
LWPOLYLINE
  5
2FB
330
1F
100
AcDbEntity
  8
BOTTOM
100
AcDbPolyline
 90
        2
 70
     0
 43
0.1499997
 10
21.3550119
 20
22.20500512
 10
21.35501444
 20
22.20500512
  0
LWPOLYLINE
  5
2FC
330
1F
100
AcDbEntity
  8
BOTTOM
100
AcDbPolyline
 90
        2
 70
     1
 43
0.07499858
 10
21.31751134
 20
22.20500512
 42
1.0
 10
21.39251246
 20
22.20500512
 42
1.0
  0
LWPOLYLINE
  5
2FD
330
1F
100
AcDbEntity
  8
BOTTOM
100
AcDbPolyline
 90
        2
 70
     1
 43
0.07499858
 10
21.31751388
 20
22.20500512
 42
1.0
 10
21.392515
 20
22.20500512
 42
1.0
  0
LWPOLYLINE
  5
2FE
330
1F
100
AcDbEntity
  8
BOTTOM
100
AcDbPolyline
 90
        2
 70
     0
 43
0.1499997
 10
33.07010912
 20
23.34724058
 10
33.61475624
 20
23.34724058
  0
LWPOLYLINE
  5
2FF
330
1F
100
AcDbEntity
  8
BOTTOM
100
AcDbPolyline
 90
        2
 70
     1
 43
0.07499858
 10
33.03260856
 20
23.34724058
 42
1.0
 10
33.10760968
 20
23.34724058
 42
1.0
  0
LWPOLYLINE
  5
300
330
1F
100
AcDbEntity
  8
BOTTOM
100
AcDbPolyline
 90
        2
 70
     1
 43
0.07499858
 10
33.57725568
 20
23.34724058
 42
1.0
 10
33.6522568
 20
23.34724058
 42
1.0
  0
LWPOLYLINE
  5
301
330
1F
100
AcDbEntity
  8
BOTTOM
100
AcDbPolyline
 90
        2
 70
     0
 43
0.1499997
 10
31.43054928
 20
24.41488386
 10
32.00246584
 20
24.41488386
  0
LWPOLYLINE
  5
302
330
1F
100
AcDbEntity
  8
BOTTOM
100
AcDbPolyline
 90
        2
 70
     1
 43
0.07499858
 10
31.39304872
 20
24.41488386
 42
1.0
 10
31.46804984
 20
24.41488386
 42
1.0
  0
LWPOLYLINE
  5
303
330
1F
100
AcDbEntity
  8
BOTTOM
100
AcDbPolyline
 90
        2
 70
     1
 43
0.07499858
 10
31.96496528
 20
24.41488386
 42
1.0
 10
32.0399664
 20
24.41488386
 42
1.0
  0
LWPOLYLINE
  5
304
330
1F
100
AcDbEntity
  8
BOTTOM
100
AcDbPolyline
 90
        2
 70
     0
 43
0.1499997
 10
32.00246584
 20
24.41488386
 10
33.07010912
 20
23.34724058
  0
LWPOLYLINE
  5
305
330
1F
100
AcDbEntity
  8
BOTTOM
100
AcDbPolyline
 90
        2
 70
     1
 43
0.07499858
 10
31.96496528
 20
24.41488386
 42
1.0
 10
32.0399664
 20
24.41488386
 42
1.0
  0
LWPOLYLINE
  5
306
330
1F
100
AcDbEntity
  8
BOTTOM
100
AcDbPolyline
 90
        2
 70
     1
 43
0.07499858
 10
33.03260856
 20
23.34724058
 42
1.0
 10
33.10760968
 20
23.34724058
 42
1.0
  0
LWPOLYLINE
  5
307
330
1F
100
AcDbEntity
  8
BOTTOM
100
AcDbPolyline
 90
        2
 70
     0
 43
0.1499997
 10
27.8400256
 20
23.42000904
 10
28.58259714
 20
24.16258058
  0
LWPOLYLINE
  5
308
330
1F
100
AcDbEntity
  8
BOTTOM
100
AcDbPolyline
 90
        2
 70
     1
 43
0.07499858
 10
27.80252504
 20
23.42000904
 42
1.0
 10
27.87752616
 20
23.42000904
 42
1.0
  0
LWPOLYLINE
  5
309
330
1F
100
AcDbEntity
  8
BOTTOM
100
AcDbPolyline
 90
        2
 70
     1
 43
0.07499858
 10
28.54509658
 20
24.16258058
 42
1.0
 10
28.6200977
 20
24.16258058
 42
1.0
  0
LWPOLYLINE
  5
30A
330
1F
100
AcDbEntity
  8
BOTTOM
100
AcDbPolyline
 90
        2
 70
     0
 43
0.1499997
 10
28.58259714
 20
24.16258058
 10
29.24753358
 20
24.16258058
  0
LWPOLYLINE
  5
30B
330
1F
100
AcDbEntity
  8
BOTTOM
100
AcDbPolyline
 90
        2
 70
     1
 43
0.07499858
 10
28.54509658
 20
24.16258058
 42
1.0
 10
28.6200977
 20
24.16258058
 42
1.0
  0
LWPOLYLINE
  5
30C
330
1F
100
AcDbEntity
  8
BOTTOM
100
AcDbPolyline
 90
        2
 70
     1
 43
0.07499858
 10
29.21003302
 20
24.16258058
 42
1.0
 10
29.28503414
 20
24.16258058
 42
1.0
  0
LWPOLYLINE
  5
30D
330
1F
100
AcDbEntity
  8
BOTTOM
100
AcDbPolyline
 90
        2
 70
     0
 43
0.1499997
 10
28.70754736
 20
23.41000906
 10
28.9866324
 20
23.13092402
  0
LWPOLYLINE
  5
30E
330
1F
100
AcDbEntity
  8
BOTTOM
100
AcDbPolyline
 90
        2
 70
     1
 43
0.07499858
 10
28.67004679999999
 20
23.41000906
 42
1.0
 10
28.74504792
 20
23.41000906
 42
1.0
  0
LWPOLYLINE
  5
30F
330
1F
100
AcDbEntity
  8
BOTTOM
100
AcDbPolyline
 90
        2
 70
     1
 43
0.07499858
 10
28.94913184
 20
23.13092402
 42
1.0
 10
29.02413296
 20
23.13092402
 42
1.0
  0
LWPOLYLINE
  5
310
330
1F
100
AcDbEntity
  8
BOTTOM
100
AcDbPolyline
 90
        2
 70
     0
 43
0.1499997
 10
28.70003658
 20
23.41000906
 10
28.70754736
 20
23.41000906
  0
LWPOLYLINE
  5
311
330
1F
100
AcDbEntity
  8
BOTTOM
100
AcDbPolyline
 90
        2
 70
     1
 43
0.07499858
 10
28.66253602
 20
23.41000906
 42
1.0
 10
28.73753714
 20
23.41000906
 42
1.0
  0
LWPOLYLINE
  5
312
330
1F
100
AcDbEntity
  8
BOTTOM
100
AcDbPolyline
 90
        2
 70
     1
 43
0.07499858
 10
28.67004679999999
 20
23.41000906
 42
1.0
 10
28.74504792
 20
23.41000906
 42
1.0
  0
LWPOLYLINE
  5
313
330
1F
100
AcDbEntity
  8
BOTTOM
100
AcDbPolyline
 90
        2
 70
     0
 43
0.1499997
 10
28.9866324
 20
23.13092402
 10
29.26461
 20
23.13092402
  0
LWPOLYLINE
  5
314
330
1F
100
AcDbEntity
  8
BOTTOM
100
AcDbPolyline
 90
        2
 70
     1
 43
0.07499858
 10
28.94913184
 20
23.13092402
 42
1.0
 10
29.02413296
 20
23.13092402
 42
1.0
  0
LWPOLYLINE
  5
315
330
1F
100
AcDbEntity
  8
BOTTOM
100
AcDbPolyline
 90
        2
 70
     1
 43
0.07499858
 10
29.22710944
 20
23.13092402
 42
1.0
 10
29.30211056
 20
23.13092402
 42
1.0
  0
LWPOLYLINE
  5
316
330
1F
100
AcDbEntity
  8
BOTTOM
100
AcDbPolyline
 90
        2
 70
     0
 43
0.1499997
 10
31.79453128
 20
22.685502
 10
33.18994378
 20
21.2900895
  0
LWPOLYLINE
  5
317
330
1F
100
AcDbEntity
  8
BOTTOM
100
AcDbPolyline
 90
        2
 70
     1
 43
0.07499858
 10
31.75703072
 20
22.685502
 42
1.0
 10
31.83203184
 20
22.685502
 42
1.0
  0
LWPOLYLINE
  5
318
330
1F
100
AcDbEntity
  8
BOTTOM
100
AcDbPolyline
 90
        2
 70
     1
 43
0.07499858
 10
33.15244322
 20
21.2900895
 42
1.0
 10
33.22744434
 20
21.2900895
 42
1.0
  0
LWPOLYLINE
  5
319
330
1F
100
AcDbEntity
  8
BOTTOM
100
AcDbPolyline
 90
        2
 70
     0
 43
0.1499997
 10
31.79453128
 20
22.685502
 10
31.79453128
 20
23.91288334
  0
LWPOLYLINE
  5
31A
330
1F
100
AcDbEntity
  8
BOTTOM
100
AcDbPolyline
 90
        2
 70
     1
 43
0.07499858
 10
31.75703072
 20
22.685502
 42
1.0
 10
31.83203184
 20
22.685502
 42
1.0
  0
LWPOLYLINE
  5
31B
330
1F
100
AcDbEntity
  8
BOTTOM
100
AcDbPolyline
 90
        2
 70
     1
 43
0.07499858
 10
31.75703072
 20
23.91288334
 42
1.0
 10
31.83203184
 20
23.91288334
 42
1.0
  0
LWPOLYLINE
  5
31C
330
1F
100
AcDbEntity
  8
BOTTOM
100
AcDbPolyline
 90
        2
 70
     0
 43
0.1499997
 10
31.20002396
 20
21.48001038
 10
31.75282956
 20
21.48001038
  0
LWPOLYLINE
  5
31D
330
1F
100
AcDbEntity
  8
BOTTOM
100
AcDbPolyline
 90
        2
 70
     1
 43
0.07499858
 10
31.1625234
 20
21.48001038
 42
1.0
 10
31.23752452
 20
21.48001038
 42
1.0
  0
LWPOLYLINE
  5
31E
330
1F
100
AcDbEntity
  8
BOTTOM
100
AcDbPolyline
 90
        2
 70
     1
 43
0.07499858
 10
31.715329
 20
21.48001038
 42
1.0
 10
31.79033012
 20
21.48001038
 42
1.0
  0
LWPOLYLINE
  5
31F
330
1F
100
AcDbEntity
  8
BOTTOM
100
AcDbPolyline
 90
        2
 70
     0
 43
0.1499997
 10
35.8542844
 20
8.13426872
 10
36.60002586
 20
8.88001018
  0
LWPOLYLINE
  5
320
330
1F
100
AcDbEntity
  8
BOTTOM
100
AcDbPolyline
 90
        2
 70
     1
 43
0.07499858
 10
35.81678384
 20
8.13426872
 42
1.0
 10
35.89178496
 20
8.13426872
 42
1.0
  0
LWPOLYLINE
  5
321
330
1F
100
AcDbEntity
  8
BOTTOM
100
AcDbPolyline
 90
        2
 70
     1
 43
0.07499858
 10
36.5625253
 20
8.88001018
 42
1.0
 10
36.63752642
 20
8.88001018
 42
1.0
  0
LWPOLYLINE
  5
322
330
1F
100
AcDbEntity
  8
BOTTOM
100
AcDbPolyline
 90
        2
 70
     0
 43
0.1499997
 10
38.45368483999999
 20
13.19987454
 10
38.45368483999999
 20
14.57938664
  0
LWPOLYLINE
  5
323
330
1F
100
AcDbEntity
  8
BOTTOM
100
AcDbPolyline
 90
        2
 70
     1
 43
0.07499858
 10
38.41618428
 20
13.19987454
 42
1.0
 10
38.4911854
 20
13.19987454
 42
1.0
  0
LWPOLYLINE
  5
324
330
1F
100
AcDbEntity
  8
BOTTOM
100
AcDbPolyline
 90
        2
 70
     1
 43
0.07499858
 10
38.41618428
 20
14.57938664
 42
1.0
 10
38.4911854
 20
14.57938664
 42
1.0
  0
LWPOLYLINE
  5
325
330
1F
100
AcDbEntity
  8
BOTTOM
100
AcDbPolyline
 90
        2
 70
     0
 43
0.1499997
 10
37.9338205
 20
12.6800102
 10
38.45368483999999
 20
13.19987454
  0
LWPOLYLINE
  5
326
330
1F
100
AcDbEntity
  8
BOTTOM
100
AcDbPolyline
 90
        2
 70
     1
 43
0.07499858
 10
37.89631994
 20
12.6800102
 42
1.0
 10
37.97132105999999
 20
12.6800102
 42
1.0
  0
LWPOLYLINE
  5
327
330
1F
100
AcDbEntity
  8
BOTTOM
100
AcDbPolyline
 90
        2
 70
     1
 43
0.07499858
 10
38.41618428
 20
13.19987454
 42
1.0
 10
38.4911854
 20
13.19987454
 42
1.0
  0
LWPOLYLINE
  5
328
330
1F
100
AcDbEntity
  8
BOTTOM
100
AcDbPolyline
 90
        2
 70
     0
 43
0.1499997
 10
37.07750268
 20
12.6800102
 10
37.9338205
 20
12.6800102
  0
LWPOLYLINE
  5
329
330
1F
100
AcDbEntity
  8
BOTTOM
100
AcDbPolyline
 90
        2
 70
     1
 43
0.07499858
 10
37.04000212
 20
12.6800102
 42
1.0
 10
37.11500324
 20
12.6800102
 42
1.0
  0
LWPOLYLINE
  5
32A
330
1F
100
AcDbEntity
  8
BOTTOM
100
AcDbPolyline
 90
        2
 70
     1
 43
0.07499858
 10
37.89631994
 20
12.6800102
 42
1.0
 10
37.97132105999999
 20
12.6800102
 42
1.0
  0
LWPOLYLINE
  5
32B
330
1F
100
AcDbEntity
  8
BOTTOM
100
AcDbPolyline
 90
        2
 70
     0
 43
0.1499997
 10
37.50002406
 20
11.4100102
 10
38.800024
 20
12.71001014
  0
LWPOLYLINE
  5
32C
330
1F
100
AcDbEntity
  8
BOTTOM
100
AcDbPolyline
 90
        2
 70
     1
 43
0.07499858
 10
37.4625235
 20
11.4100102
 42
1.0
 10
37.53752462
 20
11.4100102
 42
1.0
  0
LWPOLYLINE
  5
32D
330
1F
100
AcDbEntity
  8
BOTTOM
100
AcDbPolyline
 90
        2
 70
     1
 43
0.07499858
 10
38.76252344
 20
12.71001014
 42
1.0
 10
38.83752456
 20
12.71001014
 42
1.0
  0
LWPOLYLINE
  5
32E
330
1F
100
AcDbEntity
  8
BOTTOM
100
AcDbPolyline
 90
        2
 70
     0
 43
0.1499997
 10
38.800024
 20
12.71001014
 10
38.800024
 20
14.73304648
  0
LWPOLYLINE
  5
32F
330
1F
100
AcDbEntity
  8
BOTTOM
100
AcDbPolyline
 90
        2
 70
     1
 43
0.07499858
 10
38.76252344
 20
12.71001014
 42
1.0
 10
38.83752456
 20
12.71001014
 42
1.0
  0
LWPOLYLINE
  5
330
330
1F
100
AcDbEntity
  8
BOTTOM
100
AcDbPolyline
 90
        2
 70
     1
 43
0.07499858
 10
38.76252344
 20
14.73304648
 42
1.0
 10
38.83752456
 20
14.73304648
 42
1.0
  0
LWPOLYLINE
  5
331
330
1F
100
AcDbEntity
  8
BOTTOM
100
AcDbPolyline
 90
        2
 70
     0
 43
0.1499997
 10
38.07762768
 20
15.4554428
 10
38.800024
 20
14.73304648
  0
LWPOLYLINE
  5
332
330
1F
100
AcDbEntity
  8
BOTTOM
100
AcDbPolyline
 90
        2
 70
     1
 43
0.07499858
 10
38.04012711999999
 20
15.4554428
 42
1.0
 10
38.11512824
 20
15.4554428
 42
1.0
  0
LWPOLYLINE
  5
333
330
1F
100
AcDbEntity
  8
BOTTOM
100
AcDbPolyline
 90
        2
 70
     1
 43
0.07499858
 10
38.76252344
 20
14.73304648
 42
1.0
 10
38.83752456
 20
14.73304648
 42
1.0
  0
LWPOLYLINE
  5
334
330
1F
100
AcDbEntity
  8
BOTTOM
100
AcDbPolyline
 90
        2
 70
     0
 43
0.1499997
 10
36.50002606
 20
12.10253358
 10
37.07750268
 20
12.6800102
  0
LWPOLYLINE
  5
335
330
1F
100
AcDbEntity
  8
BOTTOM
100
AcDbPolyline
 90
        2
 70
     1
 43
0.07499858
 10
36.4625255
 20
12.10253358
 42
1.0
 10
36.53752661999999
 20
12.10253358
 42
1.0
  0
LWPOLYLINE
  5
336
330
1F
100
AcDbEntity
  8
BOTTOM
100
AcDbPolyline
 90
        2
 70
     1
 43
0.07499858
 10
37.04000212
 20
12.6800102
 42
1.0
 10
37.11500324
 20
12.6800102
 42
1.0
  0
LWPOLYLINE
  5
337
330
1F
100
AcDbEntity
  8
BOTTOM
100
AcDbPolyline
 90
        2
 70
     0
 43
0.1499997
 10
36.50002606
 20
9.87001074
 10
36.50002606
 20
12.10253358
  0
LWPOLYLINE
  5
338
330
1F
100
AcDbEntity
  8
BOTTOM
100
AcDbPolyline
 90
        2
 70
     1
 43
0.07499858
 10
36.4625255
 20
9.87001074
 42
1.0
 10
36.53752661999999
 20
9.87001074
 42
1.0
  0
LWPOLYLINE
  5
339
330
1F
100
AcDbEntity
  8
BOTTOM
100
AcDbPolyline
 90
        2
 70
     1
 43
0.07499858
 10
36.4625255
 20
12.10253358
 42
1.0
 10
36.53752661999999
 20
12.10253358
 42
1.0
  0
LWPOLYLINE
  5
33A
330
1F
100
AcDbEntity
  8
BOTTOM
100
AcDbPolyline
 90
        2
 70
     0
 43
0.1499997
 10
35.50002551999999
 20
8.8700102
 10
36.50002606
 20
9.87001074
  0
LWPOLYLINE
  5
33B
330
1F
100
AcDbEntity
  8
BOTTOM
100
AcDbPolyline
 90
        2
 70
     1
 43
0.07499858
 10
35.46252496
 20
8.8700102
 42
1.0
 10
35.53752608
 20
8.8700102
 42
1.0
  0
LWPOLYLINE
  5
33C
330
1F
100
AcDbEntity
  8
BOTTOM
100
AcDbPolyline
 90
        2
 70
     1
 43
0.07499858
 10
36.4625255
 20
9.87001074
 42
1.0
 10
36.53752661999999
 20
9.87001074
 42
1.0
  0
LWPOLYLINE
  5
33D
330
1F
100
AcDbEntity
  8
BOTTOM
100
AcDbPolyline
 90
        2
 70
     0
 43
0.1499997
 10
36.60002586
 20
9.44493412
 10
37.50002406
 20
10.34493232
  0
LWPOLYLINE
  5
33E
330
1F
100
AcDbEntity
  8
BOTTOM
100
AcDbPolyline
 90
        2
 70
     1
 43
0.07499858
 10
36.5625253
 20
9.44493412
 42
1.0
 10
36.63752642
 20
9.44493412
 42
1.0
  0
LWPOLYLINE
  5
33F
330
1F
100
AcDbEntity
  8
BOTTOM
100
AcDbPolyline
 90
        2
 70
     1
 43
0.07499858
 10
37.4625235
 20
10.34493232
 42
1.0
 10
37.53752462
 20
10.34493232
 42
1.0
  0
LWPOLYLINE
  5
340
330
1F
100
AcDbEntity
  8
BOTTOM
100
AcDbPolyline
 90
        2
 70
     0
 43
0.1499997
 10
36.60002586
 20
8.88001018
 10
36.60002586
 20
9.44493412
  0
LWPOLYLINE
  5
341
330
1F
100
AcDbEntity
  8
BOTTOM
100
AcDbPolyline
 90
        2
 70
     1
 43
0.07499858
 10
36.5625253
 20
8.88001018
 42
1.0
 10
36.63752642
 20
8.88001018
 42
1.0
  0
LWPOLYLINE
  5
342
330
1F
100
AcDbEntity
  8
BOTTOM
100
AcDbPolyline
 90
        2
 70
     1
 43
0.07499858
 10
36.5625253
 20
9.44493412
 42
1.0
 10
36.63752642
 20
9.44493412
 42
1.0
  0
LWPOLYLINE
  5
343
330
1F
100
AcDbEntity
  8
BOTTOM
100
AcDbPolyline
 90
        2
 70
     0
 43
0.1499997
 10
37.50002406
 20
10.34493232
 10
37.50002406
 20
11.4100102
  0
LWPOLYLINE
  5
344
330
1F
100
AcDbEntity
  8
BOTTOM
100
AcDbPolyline
 90
        2
 70
     1
 43
0.07499858
 10
37.4625235
 20
10.34493232
 42
1.0
 10
37.53752462
 20
10.34493232
 42
1.0
  0
LWPOLYLINE
  5
345
330
1F
100
AcDbEntity
  8
BOTTOM
100
AcDbPolyline
 90
        2
 70
     1
 43
0.07499858
 10
37.4625235
 20
11.4100102
 42
1.0
 10
37.53752462
 20
11.4100102
 42
1.0
  0
LWPOLYLINE
  5
346
330
1F
100
AcDbEntity
  8
BOTTOM
100
AcDbPolyline
 90
        2
 70
     0
 43
0.1499997
 10
36.77437146
 20
7.85435564
 10
37.50002406
 20
8.58000824
  0
LWPOLYLINE
  5
347
330
1F
100
AcDbEntity
  8
BOTTOM
100
AcDbPolyline
 90
        2
 70
     1
 43
0.07499858
 10
36.7368709
 20
7.85435564
 42
1.0
 10
36.81187202
 20
7.85435564
 42
1.0
  0
LWPOLYLINE
  5
348
330
1F
100
AcDbEntity
  8
BOTTOM
100
AcDbPolyline
 90
        2
 70
     1
 43
0.07499858
 10
37.4625235
 20
8.58000824
 42
1.0
 10
37.53752462
 20
8.58000824
 42
1.0
  0
LWPOLYLINE
  5
349
330
1F
100
AcDbEntity
  8
BOTTOM
100
AcDbPolyline
 90
        2
 70
     0
 43
0.1499997
 10
31.63715288
 20
22.35948284
 10
32.91294408
 20
21.08369164
  0
LWPOLYLINE
  5
34A
330
1F
100
AcDbEntity
  8
BOTTOM
100
AcDbPolyline
 90
        2
 70
     1
 43
0.07499858
 10
31.59965232
 20
22.35948284
 42
1.0
 10
31.67465344
 20
22.35948284
 42
1.0
  0
LWPOLYLINE
  5
34B
330
1F
100
AcDbEntity
  8
BOTTOM
100
AcDbPolyline
 90
        2
 70
     1
 43
0.07499858
 10
32.87544352
 20
21.08369164
 42
1.0
 10
32.95044463999999
 20
21.08369164
 42
1.0
  0
LWPOLYLINE
  5
34C
330
1F
100
AcDbEntity
  8
BOTTOM
100
AcDbPolyline
 90
        2
 70
     0
 43
0.1499997
 10
31.27949547999999
 20
22.35948284
 10
31.63715288
 20
22.35948284
  0
LWPOLYLINE
  5
34D
330
1F
100
AcDbEntity
  8
BOTTOM
100
AcDbPolyline
 90
        2
 70
     1
 43
0.07499858
 10
31.24199492
 20
22.35948284
 42
1.0
 10
31.31699604
 20
22.35948284
 42
1.0
  0
LWPOLYLINE
  5
34E
330
1F
100
AcDbEntity
  8
BOTTOM
100
AcDbPolyline
 90
        2
 70
     1
 43
0.07499858
 10
31.59965232
 20
22.35948284
 42
1.0
 10
31.67465344
 20
22.35948284
 42
1.0
  0
LWPOLYLINE
  5
34F
330
1F
100
AcDbEntity
  8
BOTTOM
100
AcDbPolyline
 90
        2
 70
     0
 43
0.1499997
 10
31.20002396
 20
22.28001132
 10
31.27949547999999
 20
22.35948284
  0
LWPOLYLINE
  5
350
330
1F
100
AcDbEntity
  8
BOTTOM
100
AcDbPolyline
 90
        2
 70
     1
 43
0.07499858
 10
31.1625234
 20
22.28001132
 42
1.0
 10
31.23752452
 20
22.28001132
 42
1.0
  0
LWPOLYLINE
  5
351
330
1F
100
AcDbEntity
  8
BOTTOM
100
AcDbPolyline
 90
        2
 70
     1
 43
0.07499858
 10
31.24199492
 20
22.35948284
 42
1.0
 10
31.31699604
 20
22.35948284
 42
1.0
  0
LWPOLYLINE
  5
352
330
1F
100
AcDbEntity
  8
BOTTOM
100
AcDbPolyline
 90
        2
 70
     0
 43
0.3999992
 10
16.69003012
 20
22.88999486
 10
16.69003012
 20
24.1100102
  0
LWPOLYLINE
  5
353
330
1F
100
AcDbEntity
  8
BOTTOM
100
AcDbPolyline
 90
        2
 70
     1
 43
0.1999996
 10
16.59003032
 20
22.88999486
 42
1.0
 10
16.79002992
 20
22.88999486
 42
1.0
  0
LWPOLYLINE
  5
354
330
1F
100
AcDbEntity
  8
BOTTOM
100
AcDbPolyline
 90
        2
 70
     1
 43
0.1999996
 10
16.59003032
 20
24.1100102
 42
1.0
 10
16.79002992
 20
24.1100102
 42
1.0
  0
LWPOLYLINE
  5
355
330
1F
100
AcDbEntity
  8
BOTTOM
100
AcDbPolyline
 90
        2
 70
     0
 43
0.3999992
 10
16.69003012
 20
22.88999486
 10
16.70001486
 20
22.88001012
  0
LWPOLYLINE
  5
356
330
1F
100
AcDbEntity
  8
BOTTOM
100
AcDbPolyline
 90
        2
 70
     1
 43
0.1999996
 10
16.59003032
 20
22.88999486
 42
1.0
 10
16.79002992
 20
22.88999486
 42
1.0
  0
LWPOLYLINE
  5
357
330
1F
100
AcDbEntity
  8
BOTTOM
100
AcDbPolyline
 90
        2
 70
     1
 43
0.1999996
 10
16.60001506
 20
22.88001012
 42
1.0
 10
16.80001466
 20
22.88001012
 42
1.0
  0
LWPOLYLINE
  5
358
330
1F
100
AcDbEntity
  8
BOTTOM
100
AcDbPolyline
 90
        2
 70
     0
 43
0.3999992
 10
11.61002504
 20
1.2500102
 10
11.61002504
 20
2.79002236
  0
LWPOLYLINE
  5
359
330
1F
100
AcDbEntity
  8
BOTTOM
100
AcDbPolyline
 90
        2
 70
     1
 43
0.1999996
 10
11.51002524
 20
1.2500102
 42
1.0
 10
11.71002484
 20
1.2500102
 42
1.0
  0
LWPOLYLINE
  5
35A
330
1F
100
AcDbEntity
  8
BOTTOM
100
AcDbPolyline
 90
        2
 70
     1
 43
0.1999996
 10
11.51002524
 20
2.79002236
 42
1.0
 10
11.71002484
 20
2.79002236
 42
1.0
  0
LWPOLYLINE
  5
35B
330
1F
100
AcDbEntity
  8
BOTTOM
100
AcDbPolyline
 90
        2
 70
     0
 43
0.1499997
 10
3.88610094
 20
10.48610044
 10
3.88610094
 20
10.94757272
  0
LWPOLYLINE
  5
35C
330
1F
100
AcDbEntity
  8
BOTTOM
100
AcDbPolyline
 90
        2
 70
     1
 43
0.07499858
 10
3.84860038
 20
10.48610044
 42
1.0
 10
3.9236015
 20
10.48610044
 42
1.0
  0
LWPOLYLINE
  5
35D
330
1F
100
AcDbEntity
  8
BOTTOM
100
AcDbPolyline
 90
        2
 70
     1
 43
0.07499858
 10
3.84860038
 20
10.94757272
 42
1.0
 10
3.9236015
 20
10.94757272
 42
1.0
  0
LWPOLYLINE
  5
35E
330
1F
100
AcDbEntity
  8
BOTTOM
100
AcDbPolyline
 90
        2
 70
     0
 43
0.1499997
 10
3.6937823
 20
11.13989136
 10
3.88610094
 20
10.94757272
  0
LWPOLYLINE
  5
35F
330
1F
100
AcDbEntity
  8
BOTTOM
100
AcDbPolyline
 90
        2
 70
     1
 43
0.07499858
 10
3.65628174
 20
11.13989136
 42
1.0
 10
3.73128286
 20
11.13989136
 42
1.0
  0
LWPOLYLINE
  5
360
330
1F
100
AcDbEntity
  8
BOTTOM
100
AcDbPolyline
 90
        2
 70
     1
 43
0.07499858
 10
3.84860038
 20
10.94757272
 42
1.0
 10
3.9236015
 20
10.94757272
 42
1.0
  0
LWPOLYLINE
  5
361
330
1F
100
AcDbEntity
  8
BOTTOM
100
AcDbPolyline
 90
        2
 70
     0
 43
0.1499997
 10
3.50001332
 20
11.4100102
 10
3.50001332
 20
12.5000131
  0
LWPOLYLINE
  5
362
330
1F
100
AcDbEntity
  8
BOTTOM
100
AcDbPolyline
 90
        2
 70
     1
 43
0.07499858
 10
3.46251276
 20
11.4100102
 42
1.0
 10
3.53751388
 20
11.4100102
 42
1.0
  0
LWPOLYLINE
  5
363
330
1F
100
AcDbEntity
  8
BOTTOM
100
AcDbPolyline
 90
        2
 70
     1
 43
0.07499858
 10
3.46251276
 20
12.5000131
 42
1.0
 10
3.53751388
 20
12.5000131
 42
1.0
  0
LWPOLYLINE
  5
364
330
1F
100
AcDbEntity
  8
BOTTOM
100
AcDbPolyline
 90
        2
 70
     0
 43
0.1499997
 10
3.50001332
 20
12.5000131
 10
3.89999982
 20
12.8999996
  0
LWPOLYLINE
  5
365
330
1F
100
AcDbEntity
  8
BOTTOM
100
AcDbPolyline
 90
        2
 70
     1
 43
0.07499858
 10
3.46251276
 20
12.5000131
 42
1.0
 10
3.53751388
 20
12.5000131
 42
1.0
  0
LWPOLYLINE
  5
366
330
1F
100
AcDbEntity
  8
BOTTOM
100
AcDbPolyline
 90
        2
 70
     1
 43
0.07499858
 10
3.86249926
 20
12.8999996
 42
1.0
 10
3.93750038
 20
12.8999996
 42
1.0
  0
LWPOLYLINE
  5
367
330
1F
100
AcDbEntity
  8
BOTTOM
100
AcDbPolyline
 90
        2
 70
     0
 43
0.1499997
 10
2.99999908
 20
13.44999596
 10
3.50001332
 20
13.9500102
  0
LWPOLYLINE
  5
368
330
1F
100
AcDbEntity
  8
BOTTOM
100
AcDbPolyline
 90
        2
 70
     1
 43
0.07499858
 10
2.96249852
 20
13.44999596
 42
1.0
 10
3.03749964
 20
13.44999596
 42
1.0
  0
LWPOLYLINE
  5
369
330
1F
100
AcDbEntity
  8
BOTTOM
100
AcDbPolyline
 90
        2
 70
     1
 43
0.07499858
 10
3.46251276
 20
13.9500102
 42
1.0
 10
3.53751388
 20
13.9500102
 42
1.0
  0
LWPOLYLINE
  5
36A
330
1F
100
AcDbEntity
  8
BOTTOM
100
AcDbPolyline
 90
        2
 70
     0
 43
0.1499997
 10
2.99999908
 20
12.8999996
 10
2.99999908
 20
13.44999596
  0
LWPOLYLINE
  5
36B
330
1F
100
AcDbEntity
  8
BOTTOM
100
AcDbPolyline
 90
        2
 70
     1
 43
0.07499858
 10
2.96249852
 20
12.8999996
 42
1.0
 10
3.03749964
 20
12.8999996
 42
1.0
  0
LWPOLYLINE
  5
36C
330
1F
100
AcDbEntity
  8
BOTTOM
100
AcDbPolyline
 90
        2
 70
     1
 43
0.07499858
 10
2.96249852
 20
13.44999596
 42
1.0
 10
3.03749964
 20
13.44999596
 42
1.0
  0
REGION
  5
36D
102
{ACAD_REACTORS
330
36E
102
}
330
1F
100
AcDbEntity
  8
BOTTOM
 62
     5
100
AcDbModelerGeometry
290
     1
  2
{8a37835d-e153-48c2-9fca-20b96a714efc}
  0
HATCH
  5
36E
330
1F
100
AcDbEntity
  8
BOTTOM
 62
     5
100
AcDbHatch
 10
0.0
 20
0.0
 30
0.0
210
0.0
220
0.0
230
1.0
  2
SOLID
 70
     1
 71
     1
 91
        1
 92
        1
 93
        1
 72
     2
 10
6.4442467
 20
14.16637248
 40
0.2999994
 50
0.0
 51
360.0
 73
     1
 97
        1
330
36D
 75
     0
 76
     1
 98
        0
  0
REGION
  5
36F
102
{ACAD_REACTORS
330
370
102
}
330
1F
100
AcDbEntity
  8
Via Holes
 62
     7
100
AcDbModelerGeometry
290
     1
  2
{52c6a5a4-e9a5-4022-8bdd-7abcd0bfe3aa}
  0
HATCH
  5
370
330
1F
100
AcDbEntity
  8
Via Holes
 62
     7
100
AcDbHatch
 10
0.0
 20
0.0
 30
0.0
210
0.0
220
0.0
230
1.0
  2
SOLID
 70
     1
 71
     1
 91
        1
 92
        1
 93
        1
 72
     2
 10
6.4442467
 20
14.16637248
 40
0.1499997
 50
0.0
 51
360.0
 73
     1
 97
        1
330
36F
 75
     0
 76
     1
 98
        0
  0
REGION
  5
371
102
{ACAD_REACTORS
330
372
102
}
330
1F
100
AcDbEntity
  8
BOTTOM
 62
     5
100
AcDbModelerGeometry
290
     1
  2
{ccb89b31-76a8-4ca8-9345-68b99734d72e}
  0
HATCH
  5
372
330
1F
100
AcDbEntity
  8
BOTTOM
 62
     5
100
AcDbHatch
 10
0.0
 20
0.0
 30
0.0
210
0.0
220
0.0
230
1.0
  2
SOLID
 70
     1
 71
     1
 91
        1
 92
        1
 93
        1
 72
     2
 10
6.60713944
 20
15.31000494
 40
0.2999994
 50
0.0
 51
360.0
 73
     1
 97
        1
330
371
 75
     0
 76
     1
 98
        0
  0
REGION
  5
373
102
{ACAD_REACTORS
330
374
102
}
330
1F
100
AcDbEntity
  8
Via Holes
 62
     7
100
AcDbModelerGeometry
290
     1
  2
{f822249d-ce67-4a34-b033-2c10307a4883}
  0
HATCH
  5
374
330
1F
100
AcDbEntity
  8
Via Holes
 62
     7
100
AcDbHatch
 10
0.0
 20
0.0
 30
0.0
210
0.0
220
0.0
230
1.0
  2
SOLID
 70
     1
 71
     1
 91
        1
 92
        1
 93
        1
 72
     2
 10
6.60713944
 20
15.31000494
 40
0.1499997
 50
0.0
 51
360.0
 73
     1
 97
        1
330
373
 75
     0
 76
     1
 98
        0
  0
REGION
  5
375
102
{ACAD_REACTORS
330
376
102
}
330
1F
100
AcDbEntity
  8
BOTTOM
 62
     5
100
AcDbModelerGeometry
290
     1
  2
{642d24b8-ed2c-498a-b63a-618ebdfdd6f7}
  0
HATCH
  5
376
330
1F
100
AcDbEntity
  8
BOTTOM
 62
     5
100
AcDbHatch
 10
0.0
 20
0.0
 30
0.0
210
0.0
220
0.0
230
1.0
  2
SOLID
 70
     1
 71
     1
 91
        1
 92
        1
 93
        1
 72
     2
 10
8.254812040000001
 20
7.155558459999999
 40
0.2999994
 50
0.0
 51
360.0
 73
     1
 97
        1
330
375
 75
     0
 76
     1
 98
        0
  0
REGION
  5
377
102
{ACAD_REACTORS
330
378
102
}
330
1F
100
AcDbEntity
  8
Via Holes
 62
     7
100
AcDbModelerGeometry
290
     1
  2
{54be60a5-2d05-4112-8dd3-fd52ddc8b034}
  0
HATCH
  5
378
330
1F
100
AcDbEntity
  8
Via Holes
 62
     7
100
AcDbHatch
 10
0.0
 20
0.0
 30
0.0
210
0.0
220
0.0
230
1.0
  2
SOLID
 70
     1
 71
     1
 91
        1
 92
        1
 93
        1
 72
     2
 10
8.254812040000001
 20
7.155558459999999
 40
0.1499997
 50
0.0
 51
360.0
 73
     1
 97
        1
330
377
 75
     0
 76
     1
 98
        0
  0
REGION
  5
379
102
{ACAD_REACTORS
330
37A
102
}
330
1F
100
AcDbEntity
  8
BOTTOM
 62
     5
100
AcDbModelerGeometry
290
     1
  2
{b66fb0a1-b404-4f8b-8c6b-0182e6cf14eb}
  0
HATCH
  5
37A
330
1F
100
AcDbEntity
  8
BOTTOM
 62
     5
100
AcDbHatch
 10
0.0
 20
0.0
 30
0.0
210
0.0
220
0.0
230
1.0
  2
SOLID
 70
     1
 71
     1
 91
        1
 92
        1
 93
        1
 72
     2
 10
10.3673656
 20
13.31182504
 40
0.2999994
 50
0.0
 51
360.0
 73
     1
 97
        1
330
379
 75
     0
 76
     1
 98
        0
  0
REGION
  5
37B
102
{ACAD_REACTORS
330
37C
102
}
330
1F
100
AcDbEntity
  8
Via Holes
 62
     7
100
AcDbModelerGeometry
290
     1
  2
{dd98a133-a0bc-476f-9ee0-f54febaf70b7}
  0
HATCH
  5
37C
330
1F
100
AcDbEntity
  8
Via Holes
 62
     7
100
AcDbHatch
 10
0.0
 20
0.0
 30
0.0
210
0.0
220
0.0
230
1.0
  2
SOLID
 70
     1
 71
     1
 91
        1
 92
        1
 93
        1
 72
     2
 10
10.3673656
 20
13.31182504
 40
0.1499997
 50
0.0
 51
360.0
 73
     1
 97
        1
330
37B
 75
     0
 76
     1
 98
        0
  0
REGION
  5
37D
102
{ACAD_REACTORS
330
37E
102
}
330
1F
100
AcDbEntity
  8
BOTTOM
 62
     5
100
AcDbModelerGeometry
290
     1
  2
{b7f9cd2b-a916-4249-8d39-1574a69cb317}
  0
HATCH
  5
37E
330
1F
100
AcDbEntity
  8
BOTTOM
 62
     5
100
AcDbHatch
 10
0.0
 20
0.0
 30
0.0
210
0.0
220
0.0
230
1.0
  2
SOLID
 70
     1
 71
     1
 91
        1
 92
        1
 93
        1
 72
     2
 10
12.74995672
 20
7.04995542
 40
0.2999994
 50
0.0
 51
360.0
 73
     1
 97
        1
330
37D
 75
     0
 76
     1
 98
        0
  0
REGION
  5
37F
102
{ACAD_REACTORS
330
380
102
}
330
1F
100
AcDbEntity
  8
Via Holes
 62
     7
100
AcDbModelerGeometry
290
     1
  2
{60c853a4-f6ec-46d6-89c4-74f9a0cf528c}
  0
HATCH
  5
380
330
1F
100
AcDbEntity
  8
Via Holes
 62
     7
100
AcDbHatch
 10
0.0
 20
0.0
 30
0.0
210
0.0
220
0.0
230
1.0
  2
SOLID
 70
     1
 71
     1
 91
        1
 92
        1
 93
        1
 72
     2
 10
12.74995672
 20
7.04995542
 40
0.1499997
 50
0.0
 51
360.0
 73
     1
 97
        1
330
37F
 75
     0
 76
     1
 98
        0
  0
REGION
  5
381
102
{ACAD_REACTORS
330
382
102
}
330
1F
100
AcDbEntity
  8
BOTTOM
 62
     5
100
AcDbModelerGeometry
290
     1
  2
{4b34f6d7-7222-4bbb-8686-5779762d350c}
  0
HATCH
  5
382
330
1F
100
AcDbEntity
  8
BOTTOM
 62
     5
100
AcDbHatch
 10
0.0
 20
0.0
 30
0.0
210
0.0
220
0.0
230
1.0
  2
SOLID
 70
     1
 71
     1
 91
        1
 92
        1
 93
        1
 72
     2
 10
26.73273292
 20
18.81405178
 40
0.2999994
 50
0.0
 51
360.0
 73
     1
 97
        1
330
381
 75
     0
 76
     1
 98
        0
  0
REGION
  5
383
102
{ACAD_REACTORS
330
384
102
}
330
1F
100
AcDbEntity
  8
Via Holes
 62
     7
100
AcDbModelerGeometry
290
     1
  2
{909e5528-bea8-43bd-a93e-e0ea4e1d829e}
  0
HATCH
  5
384
330
1F
100
AcDbEntity
  8
Via Holes
 62
     7
100
AcDbHatch
 10
0.0
 20
0.0
 30
0.0
210
0.0
220
0.0
230
1.0
  2
SOLID
 70
     1
 71
     1
 91
        1
 92
        1
 93
        1
 72
     2
 10
26.73273292
 20
18.81405178
 40
0.1499997
 50
0.0
 51
360.0
 73
     1
 97
        1
330
383
 75
     0
 76
     1
 98
        0
  0
REGION
  5
385
102
{ACAD_REACTORS
330
386
102
}
330
1F
100
AcDbEntity
  8
BOTTOM
 62
     5
100
AcDbModelerGeometry
290
     1
  2
{e4d75527-b475-4719-9efe-c549dce25048}
  0
HATCH
  5
386
330
1F
100
AcDbEntity
  8
BOTTOM
 62
     5
100
AcDbHatch
 10
0.0
 20
0.0
 30
0.0
210
0.0
220
0.0
230
1.0
  2
SOLID
 70
     1
 71
     1
 91
        1
 92
        1
 93
        1
 72
     2
 10
12.77502906
 20
14.33000944
 40
0.2999994
 50
0.0
 51
360.0
 73
     1
 97
        1
330
385
 75
     0
 76
     1
 98
        0
  0
REGION
  5
387
102
{ACAD_REACTORS
330
388
102
}
330
1F
100
AcDbEntity
  8
Via Holes
 62
     7
100
AcDbModelerGeometry
290
     1
  2
{ecc5ba2c-1cad-48d0-af4d-08a99f41269f}
  0
HATCH
  5
388
330
1F
100
AcDbEntity
  8
Via Holes
 62
     7
100
AcDbHatch
 10
0.0
 20
0.0
 30
0.0
210
0.0
220
0.0
230
1.0
  2
SOLID
 70
     1
 71
     1
 91
        1
 92
        1
 93
        1
 72
     2
 10
12.77502906
 20
14.33000944
 40
0.1499997
 50
0.0
 51
360.0
 73
     1
 97
        1
330
387
 75
     0
 76
     1
 98
        0
  0
REGION
  5
389
102
{ACAD_REACTORS
330
38A
102
}
330
1F
100
AcDbEntity
  8
BOTTOM
 62
     5
100
AcDbModelerGeometry
290
     1
  2
{2c718e86-8f00-4f16-b6e0-6d7818fc9540}
  0
HATCH
  5
38A
330
1F
100
AcDbEntity
  8
BOTTOM
 62
     5
100
AcDbHatch
 10
0.0
 20
0.0
 30
0.0
210
0.0
220
0.0
230
1.0
  2
SOLID
 70
     1
 71
     1
 91
        1
 92
        1
 93
        1
 72
     2
 10
22.74995704
 20
9.95508042
 40
0.2999994
 50
0.0
 51
360.0
 73
     1
 97
        1
330
389
 75
     0
 76
     1
 98
        0
  0
REGION
  5
38B
102
{ACAD_REACTORS
330
38C
102
}
330
1F
100
AcDbEntity
  8
Via Holes
 62
     7
100
AcDbModelerGeometry
290
     1
  2
{136f510c-5782-4330-858d-e23e49ac2920}
  0
HATCH
  5
38C
330
1F
100
AcDbEntity
  8
Via Holes
 62
     7
100
AcDbHatch
 10
0.0
 20
0.0
 30
0.0
210
0.0
220
0.0
230
1.0
  2
SOLID
 70
     1
 71
     1
 91
        1
 92
        1
 93
        1
 72
     2
 10
22.74995704
 20
9.95508042
 40
0.1499997
 50
0.0
 51
360.0
 73
     1
 97
        1
330
38B
 75
     0
 76
     1
 98
        0
  0
REGION
  5
38D
102
{ACAD_REACTORS
330
38E
102
}
330
1F
100
AcDbEntity
  8
BOTTOM
 62
     5
100
AcDbModelerGeometry
290
     1
  2
{9ee7b340-f558-41cc-87e0-4fe0c8e188fc}
  0
HATCH
  5
38E
330
1F
100
AcDbEntity
  8
BOTTOM
 62
     5
100
AcDbHatch
 10
0.0
 20
0.0
 30
0.0
210
0.0
220
0.0
230
1.0
  2
SOLID
 70
     1
 71
     1
 91
        1
 92
        1
 93
        1
 72
     2
 10
18.27502822
 20
7.03001134
 40
0.2999994
 50
0.0
 51
360.0
 73
     1
 97
        1
330
38D
 75
     0
 76
     1
 98
        0
  0
REGION
  5
38F
102
{ACAD_REACTORS
330
390
102
}
330
1F
100
AcDbEntity
  8
Via Holes
 62
     7
100
AcDbModelerGeometry
290
     1
  2
{9e91b85d-0768-4004-8a47-6ef0a8f78902}
  0
HATCH
  5
390
330
1F
100
AcDbEntity
  8
Via Holes
 62
     7
100
AcDbHatch
 10
0.0
 20
0.0
 30
0.0
210
0.0
220
0.0
230
1.0
  2
SOLID
 70
     1
 71
     1
 91
        1
 92
        1
 93
        1
 72
     2
 10
18.27502822
 20
7.03001134
 40
0.1499997
 50
0.0
 51
360.0
 73
     1
 97
        1
330
38F
 75
     0
 76
     1
 98
        0
  0
REGION
  5
391
102
{ACAD_REACTORS
330
392
102
}
330
1F
100
AcDbEntity
  8
BOTTOM
 62
     5
100
AcDbModelerGeometry
290
     1
  2
{80d91679-306d-4099-b68f-5f9166acf242}
  0
HATCH
  5
392
330
1F
100
AcDbEntity
  8
BOTTOM
 62
     5
100
AcDbHatch
 10
0.0
 20
0.0
 30
0.0
210
0.0
220
0.0
230
1.0
  2
SOLID
 70
     1
 71
     1
 91
        1
 92
        1
 93
        1
 72
     2
 10
21.675217
 20
15.1668226
 40
0.2999994
 50
0.0
 51
360.0
 73
     1
 97
        1
330
391
 75
     0
 76
     1
 98
        0
  0
REGION
  5
393
102
{ACAD_REACTORS
330
394
102
}
330
1F
100
AcDbEntity
  8
Via Holes
 62
     7
100
AcDbModelerGeometry
290
     1
  2
{63a344b3-4699-4500-b189-5632e1cdbd50}
  0
HATCH
  5
394
330
1F
100
AcDbEntity
  8
Via Holes
 62
     7
100
AcDbHatch
 10
0.0
 20
0.0
 30
0.0
210
0.0
220
0.0
230
1.0
  2
SOLID
 70
     1
 71
     1
 91
        1
 92
        1
 93
        1
 72
     2
 10
21.675217
 20
15.1668226
 40
0.1499997
 50
0.0
 51
360.0
 73
     1
 97
        1
330
393
 75
     0
 76
     1
 98
        0
  0
REGION
  5
395
102
{ACAD_REACTORS
330
396
102
}
330
1F
100
AcDbEntity
  8
BOTTOM
 62
     5
100
AcDbModelerGeometry
290
     1
  2
{a66f87b2-c9c4-48ff-ab6a-b0d0468e585b}
  0
HATCH
  5
396
330
1F
100
AcDbEntity
  8
BOTTOM
 62
     5
100
AcDbHatch
 10
0.0
 20
0.0
 30
0.0
210
0.0
220
0.0
230
1.0
  2
SOLID
 70
     1
 71
     1
 91
        1
 92
        1
 93
        1
 72
     2
 10
19.42502338
 20
12.18000358
 40
0.2999994
 50
0.0
 51
360.0
 73
     1
 97
        1
330
395
 75
     0
 76
     1
 98
        0
  0
REGION
  5
397
102
{ACAD_REACTORS
330
398
102
}
330
1F
100
AcDbEntity
  8
Via Holes
 62
     7
100
AcDbModelerGeometry
290
     1
  2
{a381d75d-7f69-4c9b-a426-c4cfac726e3f}
  0
HATCH
  5
398
330
1F
100
AcDbEntity
  8
Via Holes
 62
     7
100
AcDbHatch
 10
0.0
 20
0.0
 30
0.0
210
0.0
220
0.0
230
1.0
  2
SOLID
 70
     1
 71
     1
 91
        1
 92
        1
 93
        1
 72
     2
 10
19.42502338
 20
12.18000358
 40
0.1499997
 50
0.0
 51
360.0
 73
     1
 97
        1
330
397
 75
     0
 76
     1
 98
        0
  0
REGION
  5
399
102
{ACAD_REACTORS
330
39A
102
}
330
1F
100
AcDbEntity
  8
BOTTOM
 62
     5
100
AcDbModelerGeometry
290
     1
  2
{2dca12e6-40c0-4699-bd26-898dcaff482f}
  0
HATCH
  5
39A
330
1F
100
AcDbEntity
  8
BOTTOM
 62
     5
100
AcDbHatch
 10
0.0
 20
0.0
 30
0.0
210
0.0
220
0.0
230
1.0
  2
SOLID
 70
     1
 71
     1
 91
        1
 92
        1
 93
        1
 72
     2
 10
10.41051512
 20
15.36050522
 40
0.2999994
 50
0.0
 51
360.0
 73
     1
 97
        1
330
399
 75
     0
 76
     1
 98
        0
  0
REGION
  5
39B
102
{ACAD_REACTORS
330
39C
102
}
330
1F
100
AcDbEntity
  8
Via Holes
 62
     7
100
AcDbModelerGeometry
290
     1
  2
{011b1272-8ef9-4dbe-a416-71c27d961164}
  0
HATCH
  5
39C
330
1F
100
AcDbEntity
  8
Via Holes
 62
     7
100
AcDbHatch
 10
0.0
 20
0.0
 30
0.0
210
0.0
220
0.0
230
1.0
  2
SOLID
 70
     1
 71
     1
 91
        1
 92
        1
 93
        1
 72
     2
 10
10.41051512
 20
15.36050522
 40
0.1499997
 50
0.0
 51
360.0
 73
     1
 97
        1
330
39B
 75
     0
 76
     1
 98
        0
  0
REGION
  5
39D
102
{ACAD_REACTORS
330
39E
102
}
330
1F
100
AcDbEntity
  8
BOTTOM
 62
     5
100
AcDbModelerGeometry
290
     1
  2
{3e17b848-a5d3-493c-84e3-7ebac6d32b8c}
  0
HATCH
  5
39E
330
1F
100
AcDbEntity
  8
BOTTOM
 62
     5
100
AcDbHatch
 10
0.0
 20
0.0
 30
0.0
210
0.0
220
0.0
230
1.0
  2
SOLID
 70
     1
 71
     1
 91
        1
 92
        1
 93
        1
 72
     2
 10
31.67238776
 20
15.5799917
 40
0.2999994
 50
0.0
 51
360.0
 73
     1
 97
        1
330
39D
 75
     0
 76
     1
 98
        0
  0
REGION
  5
39F
102
{ACAD_REACTORS
330
3A0
102
}
330
1F
100
AcDbEntity
  8
Via Holes
 62
     7
100
AcDbModelerGeometry
290
     1
  2
{f485f482-b826-4ec1-8ecf-92176eff1741}
  0
HATCH
  5
3A0
330
1F
100
AcDbEntity
  8
Via Holes
 62
     7
100
AcDbHatch
 10
0.0
 20
0.0
 30
0.0
210
0.0
220
0.0
230
1.0
  2
SOLID
 70
     1
 71
     1
 91
        1
 92
        1
 93
        1
 72
     2
 10
31.67238776
 20
15.5799917
 40
0.1499997
 50
0.0
 51
360.0
 73
     1
 97
        1
330
39F
 75
     0
 76
     1
 98
        0
  0
REGION
  5
3A1
102
{ACAD_REACTORS
330
3A2
102
}
330
1F
100
AcDbEntity
  8
BOTTOM
 62
     5
100
AcDbModelerGeometry
290
     1
  2
{4a5f42cc-2362-4602-ac3c-29aab661f17c}
  0
HATCH
  5
3A2
330
1F
100
AcDbEntity
  8
BOTTOM
 62
     5
100
AcDbHatch
 10
0.0
 20
0.0
 30
0.0
210
0.0
220
0.0
230
1.0
  2
SOLID
 70
     1
 71
     1
 91
        1
 92
        1
 93
        1
 72
     2
 10
32.65809064
 20
14.96852988
 40
0.2999994
 50
0.0
 51
360.0
 73
     1
 97
        1
330
3A1
 75
     0
 76
     1
 98
        0
  0
REGION
  5
3A3
102
{ACAD_REACTORS
330
3A4
102
}
330
1F
100
AcDbEntity
  8
Via Holes
 62
     7
100
AcDbModelerGeometry
290
     1
  2
{273e4a35-c6e6-4ce5-93f0-582d64a8641e}
  0
HATCH
  5
3A4
330
1F
100
AcDbEntity
  8
Via Holes
 62
     7
100
AcDbHatch
 10
0.0
 20
0.0
 30
0.0
210
0.0
220
0.0
230
1.0
  2
SOLID
 70
     1
 71
     1
 91
        1
 92
        1
 93
        1
 72
     2
 10
32.65809064
 20
14.96852988
 40
0.1499997
 50
0.0
 51
360.0
 73
     1
 97
        1
330
3A3
 75
     0
 76
     1
 98
        0
  0
REGION
  5
3A5
102
{ACAD_REACTORS
330
3A6
102
}
330
1F
100
AcDbEntity
  8
BOTTOM
 62
     5
100
AcDbModelerGeometry
290
     1
  2
{8a0c5cfc-4c1e-4709-9fbb-21e389f6f78f}
  0
HATCH
  5
3A6
330
1F
100
AcDbEntity
  8
BOTTOM
 62
     5
100
AcDbHatch
 10
0.0
 20
0.0
 30
0.0
210
0.0
220
0.0
230
1.0
  2
SOLID
 70
     1
 71
     1
 91
        1
 92
        1
 93
        1
 72
     2
 10
33.39085016
 20
14.92927418
 40
0.2999994
 50
0.0
 51
360.0
 73
     1
 97
        1
330
3A5
 75
     0
 76
     1
 98
        0
  0
REGION
  5
3A7
102
{ACAD_REACTORS
330
3A8
102
}
330
1F
100
AcDbEntity
  8
Via Holes
 62
     7
100
AcDbModelerGeometry
290
     1
  2
{57247b26-2599-4eb1-b271-ec669e85649d}
  0
HATCH
  5
3A8
330
1F
100
AcDbEntity
  8
Via Holes
 62
     7
100
AcDbHatch
 10
0.0
 20
0.0
 30
0.0
210
0.0
220
0.0
230
1.0
  2
SOLID
 70
     1
 71
     1
 91
        1
 92
        1
 93
        1
 72
     2
 10
33.39085016
 20
14.92927418
 40
0.1499997
 50
0.0
 51
360.0
 73
     1
 97
        1
330
3A7
 75
     0
 76
     1
 98
        0
  0
REGION
  5
3A9
102
{ACAD_REACTORS
330
3AA
102
}
330
1F
100
AcDbEntity
  8
BOTTOM
 62
     5
100
AcDbModelerGeometry
290
     1
  2
{0602974a-bcfc-44e8-9564-10019e9c9686}
  0
HATCH
  5
3AA
330
1F
100
AcDbEntity
  8
BOTTOM
 62
     5
100
AcDbHatch
 10
0.0
 20
0.0
 30
0.0
210
0.0
220
0.0
230
1.0
  2
SOLID
 70
     1
 71
     1
 91
        1
 92
        1
 93
        1
 72
     2
 10
25.20230672
 20
6.892383979999999
 40
0.2999994
 50
0.0
 51
360.0
 73
     1
 97
        1
330
3A9
 75
     0
 76
     1
 98
        0
  0
REGION
  5
3AB
102
{ACAD_REACTORS
330
3AC
102
}
330
1F
100
AcDbEntity
  8
Via Holes
 62
     7
100
AcDbModelerGeometry
290
     1
  2
{fff66ff8-892c-4cda-ab2f-e375edf6d580}
  0
HATCH
  5
3AC
330
1F
100
AcDbEntity
  8
Via Holes
 62
     7
100
AcDbHatch
 10
0.0
 20
0.0
 30
0.0
210
0.0
220
0.0
230
1.0
  2
SOLID
 70
     1
 71
     1
 91
        1
 92
        1
 93
        1
 72
     2
 10
25.20230672
 20
6.892383979999999
 40
0.1499997
 50
0.0
 51
360.0
 73
     1
 97
        1
330
3AB
 75
     0
 76
     1
 98
        0
  0
REGION
  5
3AD
102
{ACAD_REACTORS
330
3AE
102
}
330
1F
100
AcDbEntity
  8
BOTTOM
 62
     5
100
AcDbModelerGeometry
290
     1
  2
{27cbc258-1f5f-4a89-a627-a67675be54ae}
  0
HATCH
  5
3AE
330
1F
100
AcDbEntity
  8
BOTTOM
 62
     5
100
AcDbHatch
 10
0.0
 20
0.0
 30
0.0
210
0.0
220
0.0
230
1.0
  2
SOLID
 70
     1
 71
     1
 91
        1
 92
        1
 93
        1
 72
     2
 10
26.07394836
 20
6.914083199999999
 40
0.2999994
 50
0.0
 51
360.0
 73
     1
 97
        1
330
3AD
 75
     0
 76
     1
 98
        0
  0
REGION
  5
3AF
102
{ACAD_REACTORS
330
3B0
102
}
330
1F
100
AcDbEntity
  8
Via Holes
 62
     7
100
AcDbModelerGeometry
290
     1
  2
{8da8a202-b7b4-4902-a7fc-15d574e05b61}
  0
HATCH
  5
3B0
330
1F
100
AcDbEntity
  8
Via Holes
 62
     7
100
AcDbHatch
 10
0.0
 20
0.0
 30
0.0
210
0.0
220
0.0
230
1.0
  2
SOLID
 70
     1
 71
     1
 91
        1
 92
        1
 93
        1
 72
     2
 10
26.07394836
 20
6.914083199999999
 40
0.1499997
 50
0.0
 51
360.0
 73
     1
 97
        1
330
3AF
 75
     0
 76
     1
 98
        0
  0
REGION
  5
3B1
102
{ACAD_REACTORS
330
3B2
102
}
330
1F
100
AcDbEntity
  8
BOTTOM
 62
     5
100
AcDbModelerGeometry
290
     1
  2
{4848130d-ade7-429e-ba49-4034c83a296a}
  0
HATCH
  5
3B2
330
1F
100
AcDbEntity
  8
BOTTOM
 62
     5
100
AcDbHatch
 10
0.0
 20
0.0
 30
0.0
210
0.0
220
0.0
230
1.0
  2
SOLID
 70
     1
 71
     1
 91
        1
 92
        1
 93
        1
 72
     2
 10
26.01901324
 20
3.76588782
 40
0.2999994
 50
0.0
 51
360.0
 73
     1
 97
        1
330
3B1
 75
     0
 76
     1
 98
        0
  0
REGION
  5
3B3
102
{ACAD_REACTORS
330
3B4
102
}
330
1F
100
AcDbEntity
  8
Via Holes
 62
     7
100
AcDbModelerGeometry
290
     1
  2
{0b530b45-9bc8-40bd-8f70-acae5cda99b9}
  0
HATCH
  5
3B4
330
1F
100
AcDbEntity
  8
Via Holes
 62
     7
100
AcDbHatch
 10
0.0
 20
0.0
 30
0.0
210
0.0
220
0.0
230
1.0
  2
SOLID
 70
     1
 71
     1
 91
        1
 92
        1
 93
        1
 72
     2
 10
26.01901324
 20
3.76588782
 40
0.1499997
 50
0.0
 51
360.0
 73
     1
 97
        1
330
3B3
 75
     0
 76
     1
 98
        0
  0
REGION
  5
3B5
102
{ACAD_REACTORS
330
3B6
102
}
330
1F
100
AcDbEntity
  8
BOTTOM
 62
     5
100
AcDbModelerGeometry
290
     1
  2
{999a6c59-91ac-454e-8eeb-1401a6db7b9c}
  0
HATCH
  5
3B6
330
1F
100
AcDbEntity
  8
BOTTOM
 62
     5
100
AcDbHatch
 10
0.0
 20
0.0
 30
0.0
210
0.0
220
0.0
230
1.0
  2
SOLID
 70
     1
 71
     1
 91
        1
 92
        1
 93
        1
 72
     2
 10
25.27807492
 20
3.74852184
 40
0.2999994
 50
0.0
 51
360.0
 73
     1
 97
        1
330
3B5
 75
     0
 76
     1
 98
        0
  0
REGION
  5
3B7
102
{ACAD_REACTORS
330
3B8
102
}
330
1F
100
AcDbEntity
  8
Via Holes
 62
     7
100
AcDbModelerGeometry
290
     1
  2
{826e6bce-ae93-4d3e-b7fb-5a3cde719cff}
  0
HATCH
  5
3B8
330
1F
100
AcDbEntity
  8
Via Holes
 62
     7
100
AcDbHatch
 10
0.0
 20
0.0
 30
0.0
210
0.0
220
0.0
230
1.0
  2
SOLID
 70
     1
 71
     1
 91
        1
 92
        1
 93
        1
 72
     2
 10
25.27807492
 20
3.74852184
 40
0.1499997
 50
0.0
 51
360.0
 73
     1
 97
        1
330
3B7
 75
     0
 76
     1
 98
        0
  0
REGION
  5
3B9
102
{ACAD_REACTORS
330
3BA
102
}
330
1F
100
AcDbEntity
  8
BOTTOM
 62
     5
100
AcDbModelerGeometry
290
     1
  2
{c978e85e-db19-410e-878c-164da63425f4}
  0
HATCH
  5
3BA
330
1F
100
AcDbEntity
  8
BOTTOM
 62
     5
100
AcDbHatch
 10
0.0
 20
0.0
 30
0.0
210
0.0
220
0.0
230
1.0
  2
SOLID
 70
     1
 71
     1
 91
        1
 92
        1
 93
        1
 72
     2
 10
8.99999978
 20
4.29999902
 40
0.2999994
 50
0.0
 51
360.0
 73
     1
 97
        1
330
3B9
 75
     0
 76
     1
 98
        0
  0
REGION
  5
3BB
102
{ACAD_REACTORS
330
3BC
102
}
330
1F
100
AcDbEntity
  8
Via Holes
 62
     7
100
AcDbModelerGeometry
290
     1
  2
{f3eb1deb-b810-44e0-a37e-a8ab39923ed0}
  0
HATCH
  5
3BC
330
1F
100
AcDbEntity
  8
Via Holes
 62
     7
100
AcDbHatch
 10
0.0
 20
0.0
 30
0.0
210
0.0
220
0.0
230
1.0
  2
SOLID
 70
     1
 71
     1
 91
        1
 92
        1
 93
        1
 72
     2
 10
8.99999978
 20
4.29999902
 40
0.1499997
 50
0.0
 51
360.0
 73
     1
 97
        1
330
3BB
 75
     0
 76
     1
 98
        0
  0
REGION
  5
3BD
102
{ACAD_REACTORS
330
3BE
102
}
330
1F
100
AcDbEntity
  8
BOTTOM
 62
     5
100
AcDbModelerGeometry
290
     1
  2
{8747c5f7-5cdc-4232-b03b-95418439798e}
  0
HATCH
  5
3BE
330
1F
100
AcDbEntity
  8
BOTTOM
 62
     5
100
AcDbHatch
 10
0.0
 20
0.0
 30
0.0
210
0.0
220
0.0
230
1.0
  2
SOLID
 70
     1
 71
     1
 91
        1
 92
        1
 93
        1
 72
     2
 10
39.98522864
 20
12.6800102
 40
0.2999994
 50
0.0
 51
360.0
 73
     1
 97
        1
330
3BD
 75
     0
 76
     1
 98
        0
  0
REGION
  5
3BF
102
{ACAD_REACTORS
330
3C0
102
}
330
1F
100
AcDbEntity
  8
Via Holes
 62
     7
100
AcDbModelerGeometry
290
     1
  2
{cd69d7c2-b973-476f-8f94-a1a66fd1c1aa}
  0
HATCH
  5
3C0
330
1F
100
AcDbEntity
  8
Via Holes
 62
     7
100
AcDbHatch
 10
0.0
 20
0.0
 30
0.0
210
0.0
220
0.0
230
1.0
  2
SOLID
 70
     1
 71
     1
 91
        1
 92
        1
 93
        1
 72
     2
 10
39.98522864
 20
12.6800102
 40
0.1499997
 50
0.0
 51
360.0
 73
     1
 97
        1
330
3BF
 75
     0
 76
     1
 98
        0
  0
REGION
  5
3C1
102
{ACAD_REACTORS
330
3C2
102
}
330
1F
100
AcDbEntity
  8
BOTTOM
 62
     5
100
AcDbModelerGeometry
290
     1
  2
{21c59fc2-3b19-48e5-851a-0d5c650a4127}
  0
HATCH
  5
3C2
330
1F
100
AcDbEntity
  8
BOTTOM
 62
     5
100
AcDbHatch
 10
0.0
 20
0.0
 30
0.0
210
0.0
220
0.0
230
1.0
  2
SOLID
 70
     1
 71
     1
 91
        1
 92
        1
 93
        1
 72
     2
 10
15.59999928
 20
18.5000011
 40
0.2999994
 50
0.0
 51
360.0
 73
     1
 97
        1
330
3C1
 75
     0
 76
     1
 98
        0
  0
REGION
  5
3C3
102
{ACAD_REACTORS
330
3C4
102
}
330
1F
100
AcDbEntity
  8
Via Holes
 62
     7
100
AcDbModelerGeometry
290
     1
  2
{e580d3a6-2bfc-4ce2-9ce0-1a342c5fa0b2}
  0
HATCH
  5
3C4
330
1F
100
AcDbEntity
  8
Via Holes
 62
     7
100
AcDbHatch
 10
0.0
 20
0.0
 30
0.0
210
0.0
220
0.0
230
1.0
  2
SOLID
 70
     1
 71
     1
 91
        1
 92
        1
 93
        1
 72
     2
 10
15.59999928
 20
18.5000011
 40
0.1499997
 50
0.0
 51
360.0
 73
     1
 97
        1
330
3C3
 75
     0
 76
     1
 98
        0
  0
REGION
  5
3C5
102
{ACAD_REACTORS
330
3C6
102
}
330
1F
100
AcDbEntity
  8
BOTTOM
 62
     5
100
AcDbModelerGeometry
290
     1
  2
{a3376927-86f1-42dc-84c0-31d44f77e115}
  0
HATCH
  5
3C6
330
1F
100
AcDbEntity
  8
BOTTOM
 62
     5
100
AcDbHatch
 10
0.0
 20
0.0
 30
0.0
210
0.0
220
0.0
230
1.0
  2
SOLID
 70
     1
 71
     1
 91
        1
 92
        1
 93
        1
 72
     2
 10
14.59999874
 20
21.99999918
 40
0.2999994
 50
0.0
 51
360.0
 73
     1
 97
        1
330
3C5
 75
     0
 76
     1
 98
        0
  0
REGION
  5
3C7
102
{ACAD_REACTORS
330
3C8
102
}
330
1F
100
AcDbEntity
  8
Via Holes
 62
     7
100
AcDbModelerGeometry
290
     1
  2
{f918d294-3106-4e40-9e49-2374a1b48628}
  0
HATCH
  5
3C8
330
1F
100
AcDbEntity
  8
Via Holes
 62
     7
100
AcDbHatch
 10
0.0
 20
0.0
 30
0.0
210
0.0
220
0.0
230
1.0
  2
SOLID
 70
     1
 71
     1
 91
        1
 92
        1
 93
        1
 72
     2
 10
14.59999874
 20
21.99999918
 40
0.1499997
 50
0.0
 51
360.0
 73
     1
 97
        1
330
3C7
 75
     0
 76
     1
 98
        0
  0
REGION
  5
3C9
102
{ACAD_REACTORS
330
3CA
102
}
330
1F
100
AcDbEntity
  8
BOTTOM
 62
     5
100
AcDbModelerGeometry
290
     1
  2
{9dfb3fa6-ab68-4e31-b733-4a9c32ab3bbf}
  0
HATCH
  5
3CA
330
1F
100
AcDbEntity
  8
BOTTOM
 62
     5
100
AcDbHatch
 10
0.0
 20
0.0
 30
0.0
210
0.0
220
0.0
230
1.0
  2
SOLID
 70
     1
 71
     1
 91
        1
 92
        1
 93
        1
 72
     2
 10
14.96156266
 20
21.2703537
 40
0.2999994
 50
0.0
 51
360.0
 73
     1
 97
        1
330
3C9
 75
     0
 76
     1
 98
        0
  0
REGION
  5
3CB
102
{ACAD_REACTORS
330
3CC
102
}
330
1F
100
AcDbEntity
  8
Via Holes
 62
     7
100
AcDbModelerGeometry
290
     1
  2
{82b9d7da-72cb-4511-be49-9cf59c0ea0e3}
  0
HATCH
  5
3CC
330
1F
100
AcDbEntity
  8
Via Holes
 62
     7
100
AcDbHatch
 10
0.0
 20
0.0
 30
0.0
210
0.0
220
0.0
230
1.0
  2
SOLID
 70
     1
 71
     1
 91
        1
 92
        1
 93
        1
 72
     2
 10
14.96156266
 20
21.2703537
 40
0.1499997
 50
0.0
 51
360.0
 73
     1
 97
        1
330
3CB
 75
     0
 76
     1
 98
        0
  0
REGION
  5
3CD
102
{ACAD_REACTORS
330
3CE
102
}
330
1F
100
AcDbEntity
  8
BOTTOM
 62
     5
100
AcDbModelerGeometry
290
     1
  2
{c09cb0b9-5afc-4cf3-9e7d-2d2757418e72}
  0
HATCH
  5
3CE
330
1F
100
AcDbEntity
  8
BOTTOM
 62
     5
100
AcDbHatch
 10
0.0
 20
0.0
 30
0.0
210
0.0
220
0.0
230
1.0
  2
SOLID
 70
     1
 71
     1
 91
        1
 92
        1
 93
        1
 72
     2
 10
29.69999902
 20
12.8999996
 40
0.2999994
 50
0.0
 51
360.0
 73
     1
 97
        1
330
3CD
 75
     0
 76
     1
 98
        0
  0
REGION
  5
3CF
102
{ACAD_REACTORS
330
3D0
102
}
330
1F
100
AcDbEntity
  8
Via Holes
 62
     7
100
AcDbModelerGeometry
290
     1
  2
{027a09f3-c3fa-42de-94a3-23abeabc5776}
  0
HATCH
  5
3D0
330
1F
100
AcDbEntity
  8
Via Holes
 62
     7
100
AcDbHatch
 10
0.0
 20
0.0
 30
0.0
210
0.0
220
0.0
230
1.0
  2
SOLID
 70
     1
 71
     1
 91
        1
 92
        1
 93
        1
 72
     2
 10
29.69999902
 20
12.8999996
 40
0.1499997
 50
0.0
 51
360.0
 73
     1
 97
        1
330
3CF
 75
     0
 76
     1
 98
        0
  0
REGION
  5
3D1
102
{ACAD_REACTORS
330
3D2
102
}
330
1F
100
AcDbEntity
  8
BOTTOM
 62
     5
100
AcDbModelerGeometry
290
     1
  2
{2648c1d7-8112-4824-ab66-eef22cb89846}
  0
HATCH
  5
3D2
330
1F
100
AcDbEntity
  8
BOTTOM
 62
     5
100
AcDbHatch
 10
0.0
 20
0.0
 30
0.0
210
0.0
220
0.0
230
1.0
  2
SOLID
 70
     1
 71
     1
 91
        1
 92
        1
 93
        1
 72
     2
 10
29.49999942
 20
8.500000779999999
 40
0.2999994
 50
0.0
 51
360.0
 73
     1
 97
        1
330
3D1
 75
     0
 76
     1
 98
        0
  0
REGION
  5
3D3
102
{ACAD_REACTORS
330
3D4
102
}
330
1F
100
AcDbEntity
  8
Via Holes
 62
     7
100
AcDbModelerGeometry
290
     1
  2
{a2f0519d-24e8-4d95-a713-dd1d6bd791d3}
  0
HATCH
  5
3D4
330
1F
100
AcDbEntity
  8
Via Holes
 62
     7
100
AcDbHatch
 10
0.0
 20
0.0
 30
0.0
210
0.0
220
0.0
230
1.0
  2
SOLID
 70
     1
 71
     1
 91
        1
 92
        1
 93
        1
 72
     2
 10
29.49999942
 20
8.500000779999999
 40
0.1499997
 50
0.0
 51
360.0
 73
     1
 97
        1
330
3D3
 75
     0
 76
     1
 98
        0
  0
REGION
  5
3D5
102
{ACAD_REACTORS
330
3D6
102
}
330
1F
100
AcDbEntity
  8
BOTTOM
 62
     5
100
AcDbModelerGeometry
290
     1
  2
{966f9f5b-3003-43ad-b498-53aa523a3fc8}
  0
HATCH
  5
3D6
330
1F
100
AcDbEntity
  8
BOTTOM
 62
     5
100
AcDbHatch
 10
0.0
 20
0.0
 30
0.0
210
0.0
220
0.0
230
1.0
  2
SOLID
 70
     1
 71
     1
 91
        1
 92
        1
 93
        1
 72
     2
 10
34.3199974
 20
11.18000304
 40
0.2999994
 50
0.0
 51
360.0
 73
     1
 97
        1
330
3D5
 75
     0
 76
     1
 98
        0
  0
REGION
  5
3D7
102
{ACAD_REACTORS
330
3D8
102
}
330
1F
100
AcDbEntity
  8
Via Holes
 62
     7
100
AcDbModelerGeometry
290
     1
  2
{77210772-4dd7-4f2e-a7d9-89528c53d16c}
  0
HATCH
  5
3D8
330
1F
100
AcDbEntity
  8
Via Holes
 62
     7
100
AcDbHatch
 10
0.0
 20
0.0
 30
0.0
210
0.0
220
0.0
230
1.0
  2
SOLID
 70
     1
 71
     1
 91
        1
 92
        1
 93
        1
 72
     2
 10
34.3199974
 20
11.18000304
 40
0.1499997
 50
0.0
 51
360.0
 73
     1
 97
        1
330
3D7
 75
     0
 76
     1
 98
        0
  0
REGION
  5
3D9
102
{ACAD_REACTORS
330
3DA
102
}
330
1F
100
AcDbEntity
  8
BOTTOM
 62
     5
100
AcDbModelerGeometry
290
     1
  2
{2b0858c5-2c45-43ee-b2ef-0cafb8a9f2a7}
  0
HATCH
  5
3DA
330
1F
100
AcDbEntity
  8
BOTTOM
 62
     5
100
AcDbHatch
 10
0.0
 20
0.0
 30
0.0
210
0.0
220
0.0
230
1.0
  2
SOLID
 70
     1
 71
     1
 91
        1
 92
        1
 93
        1
 72
     2
 10
25.29533676
 20
18.38703714
 40
0.2999994
 50
0.0
 51
360.0
 73
     1
 97
        1
330
3D9
 75
     0
 76
     1
 98
        0
  0
REGION
  5
3DB
102
{ACAD_REACTORS
330
3DC
102
}
330
1F
100
AcDbEntity
  8
Via Holes
 62
     7
100
AcDbModelerGeometry
290
     1
  2
{6ee71796-adfb-4f1f-9ca8-d3f86d1cc86a}
  0
HATCH
  5
3DC
330
1F
100
AcDbEntity
  8
Via Holes
 62
     7
100
AcDbHatch
 10
0.0
 20
0.0
 30
0.0
210
0.0
220
0.0
230
1.0
  2
SOLID
 70
     1
 71
     1
 91
        1
 92
        1
 93
        1
 72
     2
 10
25.29533676
 20
18.38703714
 40
0.1499997
 50
0.0
 51
360.0
 73
     1
 97
        1
330
3DB
 75
     0
 76
     1
 98
        0
  0
REGION
  5
3DD
102
{ACAD_REACTORS
330
3DE
102
}
330
1F
100
AcDbEntity
  8
BOTTOM
 62
     5
100
AcDbModelerGeometry
290
     1
  2
{6badad55-0a65-40fe-a0a5-a7f04e9a30a1}
  0
HATCH
  5
3DE
330
1F
100
AcDbEntity
  8
BOTTOM
 62
     5
100
AcDbHatch
 10
0.0
 20
0.0
 30
0.0
210
0.0
220
0.0
230
1.0
  2
SOLID
 70
     1
 71
     1
 91
        1
 92
        1
 93
        1
 72
     2
 10
20.52502118
 20
3.43001092
 40
0.2999994
 50
0.0
 51
360.0
 73
     1
 97
        1
330
3DD
 75
     0
 76
     1
 98
        0
  0
REGION
  5
3DF
102
{ACAD_REACTORS
330
3E0
102
}
330
1F
100
AcDbEntity
  8
Via Holes
 62
     7
100
AcDbModelerGeometry
290
     1
  2
{4fb908c4-45be-4d8e-bc41-e2db5aed4f42}
  0
HATCH
  5
3E0
330
1F
100
AcDbEntity
  8
Via Holes
 62
     7
100
AcDbHatch
 10
0.0
 20
0.0
 30
0.0
210
0.0
220
0.0
230
1.0
  2
SOLID
 70
     1
 71
     1
 91
        1
 92
        1
 93
        1
 72
     2
 10
20.52502118
 20
3.43001092
 40
0.1499997
 50
0.0
 51
360.0
 73
     1
 97
        1
330
3DF
 75
     0
 76
     1
 98
        0
  0
REGION
  5
3E1
102
{ACAD_REACTORS
330
3E2
102
}
330
1F
100
AcDbEntity
  8
BOTTOM
 62
     5
100
AcDbModelerGeometry
290
     1
  2
{9392daea-f645-4a8a-950f-017be6943491}
  0
HATCH
  5
3E2
330
1F
100
AcDbEntity
  8
BOTTOM
 62
     5
100
AcDbHatch
 10
0.0
 20
0.0
 30
0.0
210
0.0
220
0.0
230
1.0
  2
SOLID
 70
     1
 71
     1
 91
        1
 92
        1
 93
        1
 72
     2
 10
25.8184142
 20
20.87395114
 40
0.2999994
 50
0.0
 51
360.0
 73
     1
 97
        1
330
3E1
 75
     0
 76
     1
 98
        0
  0
REGION
  5
3E3
102
{ACAD_REACTORS
330
3E4
102
}
330
1F
100
AcDbEntity
  8
Via Holes
 62
     7
100
AcDbModelerGeometry
290
     1
  2
{cda9022e-5201-4044-aacc-ea01f791cfb5}
  0
HATCH
  5
3E4
330
1F
100
AcDbEntity
  8
Via Holes
 62
     7
100
AcDbHatch
 10
0.0
 20
0.0
 30
0.0
210
0.0
220
0.0
230
1.0
  2
SOLID
 70
     1
 71
     1
 91
        1
 92
        1
 93
        1
 72
     2
 10
25.8184142
 20
20.87395114
 40
0.1499997
 50
0.0
 51
360.0
 73
     1
 97
        1
330
3E3
 75
     0
 76
     1
 98
        0
  0
REGION
  5
3E5
102
{ACAD_REACTORS
330
3E6
102
}
330
1F
100
AcDbEntity
  8
BOTTOM
 62
     5
100
AcDbModelerGeometry
290
     1
  2
{df6eaa10-af69-4318-a6ec-db8992f07a87}
  0
HATCH
  5
3E6
330
1F
100
AcDbEntity
  8
BOTTOM
 62
     5
100
AcDbHatch
 10
0.0
 20
0.0
 30
0.0
210
0.0
220
0.0
230
1.0
  2
SOLID
 70
     1
 71
     1
 91
        1
 92
        1
 93
        1
 72
     2
 10
23.02502126
 20
21.23000326
 40
0.2999994
 50
0.0
 51
360.0
 73
     1
 97
        1
330
3E5
 75
     0
 76
     1
 98
        0
  0
REGION
  5
3E7
102
{ACAD_REACTORS
330
3E8
102
}
330
1F
100
AcDbEntity
  8
Via Holes
 62
     7
100
AcDbModelerGeometry
290
     1
  2
{3fc5438e-81a0-4027-a408-981b858de69b}
  0
HATCH
  5
3E8
330
1F
100
AcDbEntity
  8
Via Holes
 62
     7
100
AcDbHatch
 10
0.0
 20
0.0
 30
0.0
210
0.0
220
0.0
230
1.0
  2
SOLID
 70
     1
 71
     1
 91
        1
 92
        1
 93
        1
 72
     2
 10
23.02502126
 20
21.23000326
 40
0.1499997
 50
0.0
 51
360.0
 73
     1
 97
        1
330
3E7
 75
     0
 76
     1
 98
        0
  0
REGION
  5
3E9
102
{ACAD_REACTORS
330
3EA
102
}
330
1F
100
AcDbEntity
  8
BOTTOM
 62
     5
100
AcDbModelerGeometry
290
     1
  2
{4fa47ed1-4e91-4f52-b384-4ac45de110ea}
  0
HATCH
  5
3EA
330
1F
100
AcDbEntity
  8
BOTTOM
 62
     5
100
AcDbHatch
 10
0.0
 20
0.0
 30
0.0
210
0.0
220
0.0
230
1.0
  2
SOLID
 70
     1
 71
     1
 91
        1
 92
        1
 93
        1
 72
     2
 10
23.02502126
 20
20.43000232
 40
0.2999994
 50
0.0
 51
360.0
 73
     1
 97
        1
330
3E9
 75
     0
 76
     1
 98
        0
  0
REGION
  5
3EB
102
{ACAD_REACTORS
330
3EC
102
}
330
1F
100
AcDbEntity
  8
Via Holes
 62
     7
100
AcDbModelerGeometry
290
     1
  2
{bf2c6d74-34a6-4306-9c0b-4c46233facde}
  0
HATCH
  5
3EC
330
1F
100
AcDbEntity
  8
Via Holes
 62
     7
100
AcDbHatch
 10
0.0
 20
0.0
 30
0.0
210
0.0
220
0.0
230
1.0
  2
SOLID
 70
     1
 71
     1
 91
        1
 92
        1
 93
        1
 72
     2
 10
23.02502126
 20
20.43000232
 40
0.1499997
 50
0.0
 51
360.0
 73
     1
 97
        1
330
3EB
 75
     0
 76
     1
 98
        0
  0
REGION
  5
3ED
102
{ACAD_REACTORS
330
3EE
102
}
330
1F
100
AcDbEntity
  8
BOTTOM
 62
     5
100
AcDbModelerGeometry
290
     1
  2
{0f882384-9420-4bb1-92bb-082d0789b150}
  0
HATCH
  5
3EE
330
1F
100
AcDbEntity
  8
BOTTOM
 62
     5
100
AcDbHatch
 10
0.0
 20
0.0
 30
0.0
210
0.0
220
0.0
230
1.0
  2
SOLID
 70
     1
 71
     1
 91
        1
 92
        1
 93
        1
 72
     2
 10
24.06559068
 20
19.48396662
 40
0.2999994
 50
0.0
 51
360.0
 73
     1
 97
        1
330
3ED
 75
     0
 76
     1
 98
        0
  0
REGION
  5
3EF
102
{ACAD_REACTORS
330
3F0
102
}
330
1F
100
AcDbEntity
  8
Via Holes
 62
     7
100
AcDbModelerGeometry
290
     1
  2
{6d5a715b-847f-4dce-beeb-663c35559f15}
  0
HATCH
  5
3F0
330
1F
100
AcDbEntity
  8
Via Holes
 62
     7
100
AcDbHatch
 10
0.0
 20
0.0
 30
0.0
210
0.0
220
0.0
230
1.0
  2
SOLID
 70
     1
 71
     1
 91
        1
 92
        1
 93
        1
 72
     2
 10
24.06559068
 20
19.48396662
 40
0.1499997
 50
0.0
 51
360.0
 73
     1
 97
        1
330
3EF
 75
     0
 76
     1
 98
        0
  0
REGION
  5
3F1
102
{ACAD_REACTORS
330
3F2
102
}
330
1F
100
AcDbEntity
  8
BOTTOM
 62
     5
100
AcDbModelerGeometry
290
     1
  2
{84833cde-1f20-481d-8859-bbbec0f21bab}
  0
HATCH
  5
3F2
330
1F
100
AcDbEntity
  8
BOTTOM
 62
     5
100
AcDbHatch
 10
0.0
 20
0.0
 30
0.0
210
0.0
220
0.0
230
1.0
  2
SOLID
 70
     1
 71
     1
 91
        1
 92
        1
 93
        1
 72
     2
 10
19.42502338
 20
15.43000216
 40
0.2999994
 50
0.0
 51
360.0
 73
     1
 97
        1
330
3F1
 75
     0
 76
     1
 98
        0
  0
REGION
  5
3F3
102
{ACAD_REACTORS
330
3F4
102
}
330
1F
100
AcDbEntity
  8
Via Holes
 62
     7
100
AcDbModelerGeometry
290
     1
  2
{f1541ed2-e021-4671-8aa2-039c044a0571}
  0
HATCH
  5
3F4
330
1F
100
AcDbEntity
  8
Via Holes
 62
     7
100
AcDbHatch
 10
0.0
 20
0.0
 30
0.0
210
0.0
220
0.0
230
1.0
  2
SOLID
 70
     1
 71
     1
 91
        1
 92
        1
 93
        1
 72
     2
 10
19.42502338
 20
15.43000216
 40
0.1499997
 50
0.0
 51
360.0
 73
     1
 97
        1
330
3F3
 75
     0
 76
     1
 98
        0
  0
REGION
  5
3F5
102
{ACAD_REACTORS
330
3F6
102
}
330
1F
100
AcDbEntity
  8
BOTTOM
 62
     5
100
AcDbModelerGeometry
290
     1
  2
{ebc73a7c-87b6-444c-bc39-087664654f9f}
  0
HATCH
  5
3F6
330
1F
100
AcDbEntity
  8
BOTTOM
 62
     5
100
AcDbHatch
 10
0.0
 20
0.0
 30
0.0
210
0.0
220
0.0
230
1.0
  2
SOLID
 70
     1
 71
     1
 91
        1
 92
        1
 93
        1
 72
     2
 10
29.7250231
 20
15.53000196
 40
0.2999994
 50
0.0
 51
360.0
 73
     1
 97
        1
330
3F5
 75
     0
 76
     1
 98
        0
  0
REGION
  5
3F7
102
{ACAD_REACTORS
330
3F8
102
}
330
1F
100
AcDbEntity
  8
Via Holes
 62
     7
100
AcDbModelerGeometry
290
     1
  2
{e99559c8-1bfa-4cd4-a503-71dcd11c32ff}
  0
HATCH
  5
3F8
330
1F
100
AcDbEntity
  8
Via Holes
 62
     7
100
AcDbHatch
 10
0.0
 20
0.0
 30
0.0
210
0.0
220
0.0
230
1.0
  2
SOLID
 70
     1
 71
     1
 91
        1
 92
        1
 93
        1
 72
     2
 10
29.7250231
 20
15.53000196
 40
0.1499997
 50
0.0
 51
360.0
 73
     1
 97
        1
330
3F7
 75
     0
 76
     1
 98
        0
  0
REGION
  5
3F9
102
{ACAD_REACTORS
330
3FA
102
}
330
1F
100
AcDbEntity
  8
BOTTOM
 62
     5
100
AcDbModelerGeometry
290
     1
  2
{59f3e6db-a0d2-478f-bdc5-bf1d1d0da99c}
  0
HATCH
  5
3FA
330
1F
100
AcDbEntity
  8
BOTTOM
 62
     5
100
AcDbHatch
 10
0.0
 20
0.0
 30
0.0
210
0.0
220
0.0
230
1.0
  2
SOLID
 70
     1
 71
     1
 91
        1
 92
        1
 93
        1
 72
     2
 10
28.72502256
 20
12.33000328
 40
0.2999994
 50
0.0
 51
360.0
 73
     1
 97
        1
330
3F9
 75
     0
 76
     1
 98
        0
  0
REGION
  5
3FB
102
{ACAD_REACTORS
330
3FC
102
}
330
1F
100
AcDbEntity
  8
Via Holes
 62
     7
100
AcDbModelerGeometry
290
     1
  2
{9ace3a96-b239-4cf1-8094-de137168f832}
  0
HATCH
  5
3FC
330
1F
100
AcDbEntity
  8
Via Holes
 62
     7
100
AcDbHatch
 10
0.0
 20
0.0
 30
0.0
210
0.0
220
0.0
230
1.0
  2
SOLID
 70
     1
 71
     1
 91
        1
 92
        1
 93
        1
 72
     2
 10
28.72502256
 20
12.33000328
 40
0.1499997
 50
0.0
 51
360.0
 73
     1
 97
        1
330
3FB
 75
     0
 76
     1
 98
        0
  0
REGION
  5
3FD
102
{ACAD_REACTORS
330
3FE
102
}
330
1F
100
AcDbEntity
  8
BOTTOM
 62
     5
100
AcDbModelerGeometry
290
     1
  2
{baaf5a22-8a2e-46ab-8f35-28e808e1c0ad}
  0
HATCH
  5
3FE
330
1F
100
AcDbEntity
  8
BOTTOM
 62
     5
100
AcDbHatch
 10
0.0
 20
0.0
 30
0.0
210
0.0
220
0.0
230
1.0
  2
SOLID
 70
     1
 71
     1
 91
        1
 92
        1
 93
        1
 72
     2
 10
28.72502256
 20
11.43000254
 40
0.2999994
 50
0.0
 51
360.0
 73
     1
 97
        1
330
3FD
 75
     0
 76
     1
 98
        0
  0
REGION
  5
3FF
102
{ACAD_REACTORS
330
400
102
}
330
1F
100
AcDbEntity
  8
Via Holes
 62
     7
100
AcDbModelerGeometry
290
     1
  2
{67251231-2301-4736-93dc-abf83c0355ad}
  0
HATCH
  5
400
330
1F
100
AcDbEntity
  8
Via Holes
 62
     7
100
AcDbHatch
 10
0.0
 20
0.0
 30
0.0
210
0.0
220
0.0
230
1.0
  2
SOLID
 70
     1
 71
     1
 91
        1
 92
        1
 93
        1
 72
     2
 10
28.72502256
 20
11.43000254
 40
0.1499997
 50
0.0
 51
360.0
 73
     1
 97
        1
330
3FF
 75
     0
 76
     1
 98
        0
  0
REGION
  5
401
102
{ACAD_REACTORS
330
402
102
}
330
1F
100
AcDbEntity
  8
BOTTOM
 62
     5
100
AcDbModelerGeometry
290
     1
  2
{78573789-fc84-4e14-afea-ead19e6d12bf}
  0
HATCH
  5
402
330
1F
100
AcDbEntity
  8
BOTTOM
 62
     5
100
AcDbHatch
 10
0.0
 20
0.0
 30
0.0
210
0.0
220
0.0
230
1.0
  2
SOLID
 70
     1
 71
     1
 91
        1
 92
        1
 93
        1
 72
     2
 10
29.5250235
 20
11.43000254
 40
0.2999994
 50
0.0
 51
360.0
 73
     1
 97
        1
330
401
 75
     0
 76
     1
 98
        0
  0
REGION
  5
403
102
{ACAD_REACTORS
330
404
102
}
330
1F
100
AcDbEntity
  8
Via Holes
 62
     7
100
AcDbModelerGeometry
290
     1
  2
{8ae28d9c-3bec-4e68-8255-627c6258a719}
  0
HATCH
  5
404
330
1F
100
AcDbEntity
  8
Via Holes
 62
     7
100
AcDbHatch
 10
0.0
 20
0.0
 30
0.0
210
0.0
220
0.0
230
1.0
  2
SOLID
 70
     1
 71
     1
 91
        1
 92
        1
 93
        1
 72
     2
 10
29.5250235
 20
11.43000254
 40
0.1499997
 50
0.0
 51
360.0
 73
     1
 97
        1
330
403
 75
     0
 76
     1
 98
        0
  0
REGION
  5
405
102
{ACAD_REACTORS
330
406
102
}
330
1F
100
AcDbEntity
  8
BOTTOM
 62
     5
100
AcDbModelerGeometry
290
     1
  2
{7b416ae5-3d2e-47c7-9f39-17dbd4b13be4}
  0
HATCH
  5
406
330
1F
100
AcDbEntity
  8
BOTTOM
 62
     5
100
AcDbHatch
 10
0.0
 20
0.0
 30
0.0
210
0.0
220
0.0
230
1.0
  2
SOLID
 70
     1
 71
     1
 91
        1
 92
        1
 93
        1
 72
     2
 10
30.3250219
 20
11.43000254
 40
0.2999994
 50
0.0
 51
360.0
 73
     1
 97
        1
330
405
 75
     0
 76
     1
 98
        0
  0
REGION
  5
407
102
{ACAD_REACTORS
330
408
102
}
330
1F
100
AcDbEntity
  8
Via Holes
 62
     7
100
AcDbModelerGeometry
290
     1
  2
{e11f2410-0106-4e01-ba66-8d2bc823dca6}
  0
HATCH
  5
408
330
1F
100
AcDbEntity
  8
Via Holes
 62
     7
100
AcDbHatch
 10
0.0
 20
0.0
 30
0.0
210
0.0
220
0.0
230
1.0
  2
SOLID
 70
     1
 71
     1
 91
        1
 92
        1
 93
        1
 72
     2
 10
30.3250219
 20
11.43000254
 40
0.1499997
 50
0.0
 51
360.0
 73
     1
 97
        1
330
407
 75
     0
 76
     1
 98
        0
  0
REGION
  5
409
102
{ACAD_REACTORS
330
40A
102
}
330
1F
100
AcDbEntity
  8
BOTTOM
 62
     5
100
AcDbModelerGeometry
290
     1
  2
{14b83fc6-0c0a-4697-9c1d-9b95da32e1a8}
  0
HATCH
  5
40A
330
1F
100
AcDbEntity
  8
BOTTOM
 62
     5
100
AcDbHatch
 10
0.0
 20
0.0
 30
0.0
210
0.0
220
0.0
230
1.0
  2
SOLID
 70
     1
 71
     1
 91
        1
 92
        1
 93
        1
 72
     2
 10
28.22502356
 20
19.43000178
 40
0.2999994
 50
0.0
 51
360.0
 73
     1
 97
        1
330
409
 75
     0
 76
     1
 98
        0
  0
REGION
  5
40B
102
{ACAD_REACTORS
330
40C
102
}
330
1F
100
AcDbEntity
  8
Via Holes
 62
     7
100
AcDbModelerGeometry
290
     1
  2
{1396d07c-e19b-4f2e-8ea1-a893a63e7621}
  0
HATCH
  5
40C
330
1F
100
AcDbEntity
  8
Via Holes
 62
     7
100
AcDbHatch
 10
0.0
 20
0.0
 30
0.0
210
0.0
220
0.0
230
1.0
  2
SOLID
 70
     1
 71
     1
 91
        1
 92
        1
 93
        1
 72
     2
 10
28.22502356
 20
19.43000178
 40
0.1499997
 50
0.0
 51
360.0
 73
     1
 97
        1
330
40B
 75
     0
 76
     1
 98
        0
  0
REGION
  5
40D
102
{ACAD_REACTORS
330
40E
102
}
330
1F
100
AcDbEntity
  8
BOTTOM
 62
     5
100
AcDbModelerGeometry
290
     1
  2
{3ecf965c-b281-4911-9e62-9f9dbed084cb}
  0
HATCH
  5
40E
330
1F
100
AcDbEntity
  8
BOTTOM
 62
     5
100
AcDbHatch
 10
0.0
 20
0.0
 30
0.0
210
0.0
220
0.0
230
1.0
  2
SOLID
 70
     1
 71
     1
 91
        1
 92
        1
 93
        1
 72
     2
 10
27.74911392
 20
20.16864394
 40
0.2999994
 50
0.0
 51
360.0
 73
     1
 97
        1
330
40D
 75
     0
 76
     1
 98
        0
  0
REGION
  5
40F
102
{ACAD_REACTORS
330
410
102
}
330
1F
100
AcDbEntity
  8
Via Holes
 62
     7
100
AcDbModelerGeometry
290
     1
  2
{c7b7f4b0-ce93-40ec-bb55-ad4f294bca6b}
  0
HATCH
  5
410
330
1F
100
AcDbEntity
  8
Via Holes
 62
     7
100
AcDbHatch
 10
0.0
 20
0.0
 30
0.0
210
0.0
220
0.0
230
1.0
  2
SOLID
 70
     1
 71
     1
 91
        1
 92
        1
 93
        1
 72
     2
 10
27.74911392
 20
20.16864394
 40
0.1499997
 50
0.0
 51
360.0
 73
     1
 97
        1
330
40F
 75
     0
 76
     1
 98
        0
  0
REGION
  5
411
102
{ACAD_REACTORS
330
412
102
}
330
1F
100
AcDbEntity
  8
BOTTOM
 62
     5
100
AcDbModelerGeometry
290
     1
  2
{d7030a38-7d77-4a47-8a95-bb271f84de95}
  0
HATCH
  5
412
330
1F
100
AcDbEntity
  8
BOTTOM
 62
     5
100
AcDbHatch
 10
0.0
 20
0.0
 30
0.0
210
0.0
220
0.0
230
1.0
  2
SOLID
 70
     1
 71
     1
 91
        1
 92
        1
 93
        1
 72
     2
 10
28.36657268
 20
20.64202882
 40
0.2999994
 50
0.0
 51
360.0
 73
     1
 97
        1
330
411
 75
     0
 76
     1
 98
        0
  0
REGION
  5
413
102
{ACAD_REACTORS
330
414
102
}
330
1F
100
AcDbEntity
  8
Via Holes
 62
     7
100
AcDbModelerGeometry
290
     1
  2
{010f620d-724c-4d56-b430-d871184cf814}
  0
HATCH
  5
414
330
1F
100
AcDbEntity
  8
Via Holes
 62
     7
100
AcDbHatch
 10
0.0
 20
0.0
 30
0.0
210
0.0
220
0.0
230
1.0
  2
SOLID
 70
     1
 71
     1
 91
        1
 92
        1
 93
        1
 72
     2
 10
28.36657268
 20
20.64202882
 40
0.1499997
 50
0.0
 51
360.0
 73
     1
 97
        1
330
413
 75
     0
 76
     1
 98
        0
  0
REGION
  5
415
102
{ACAD_REACTORS
330
416
102
}
330
1F
100
AcDbEntity
  8
BOTTOM
 62
     5
100
AcDbModelerGeometry
290
     1
  2
{d21d3c76-5116-44af-be79-26d8e75c5f8c}
  0
HATCH
  5
416
330
1F
100
AcDbEntity
  8
BOTTOM
 62
     5
100
AcDbHatch
 10
0.0
 20
0.0
 30
0.0
210
0.0
220
0.0
230
1.0
  2
SOLID
 70
     1
 71
     1
 91
        1
 92
        1
 93
        1
 72
     2
 10
23.02502126
 20
2.33001058
 40
0.2999994
 50
0.0
 51
360.0
 73
     1
 97
        1
330
415
 75
     0
 76
     1
 98
        0
  0
REGION
  5
417
102
{ACAD_REACTORS
330
418
102
}
330
1F
100
AcDbEntity
  8
Via Holes
 62
     7
100
AcDbModelerGeometry
290
     1
  2
{bd763b6c-37e8-4a18-b0fd-d72d85168fa2}
  0
HATCH
  5
418
330
1F
100
AcDbEntity
  8
Via Holes
 62
     7
100
AcDbHatch
 10
0.0
 20
0.0
 30
0.0
210
0.0
220
0.0
230
1.0
  2
SOLID
 70
     1
 71
     1
 91
        1
 92
        1
 93
        1
 72
     2
 10
23.02502126
 20
2.33001058
 40
0.1499997
 50
0.0
 51
360.0
 73
     1
 97
        1
330
417
 75
     0
 76
     1
 98
        0
  0
REGION
  5
419
102
{ACAD_REACTORS
330
41A
102
}
330
1F
100
AcDbEntity
  8
BOTTOM
 62
     5
100
AcDbModelerGeometry
290
     1
  2
{306b0791-9473-4c3f-9f1e-dea827927452}
  0
HATCH
  5
41A
330
1F
100
AcDbEntity
  8
BOTTOM
 62
     5
100
AcDbHatch
 10
0.0
 20
0.0
 30
0.0
210
0.0
220
0.0
230
1.0
  2
SOLID
 70
     1
 71
     1
 91
        1
 92
        1
 93
        1
 72
     2
 10
30.82502344
 20
4.130012059999999
 40
0.2999994
 50
0.0
 51
360.0
 73
     1
 97
        1
330
419
 75
     0
 76
     1
 98
        0
  0
REGION
  5
41B
102
{ACAD_REACTORS
330
41C
102
}
330
1F
100
AcDbEntity
  8
Via Holes
 62
     7
100
AcDbModelerGeometry
290
     1
  2
{bd132821-7665-47e6-a38d-017fa167adc6}
  0
HATCH
  5
41C
330
1F
100
AcDbEntity
  8
Via Holes
 62
     7
100
AcDbHatch
 10
0.0
 20
0.0
 30
0.0
210
0.0
220
0.0
230
1.0
  2
SOLID
 70
     1
 71
     1
 91
        1
 92
        1
 93
        1
 72
     2
 10
30.82502344
 20
4.130012059999999
 40
0.1499997
 50
0.0
 51
360.0
 73
     1
 97
        1
330
41B
 75
     0
 76
     1
 98
        0
  0
REGION
  5
41D
102
{ACAD_REACTORS
330
41E
102
}
330
1F
100
AcDbEntity
  8
BOTTOM
 62
     5
100
AcDbModelerGeometry
290
     1
  2
{6444ca71-2e3b-4937-bd84-71d7da18f177}
  0
HATCH
  5
41E
330
1F
100
AcDbEntity
  8
BOTTOM
 62
     5
100
AcDbHatch
 10
0.0
 20
0.0
 30
0.0
210
0.0
220
0.0
230
1.0
  2
SOLID
 70
     1
 71
     1
 91
        1
 92
        1
 93
        1
 72
     2
 10
14.22502362
 20
18.7300108
 40
0.2999994
 50
0.0
 51
360.0
 73
     1
 97
        1
330
41D
 75
     0
 76
     1
 98
        0
  0
REGION
  5
41F
102
{ACAD_REACTORS
330
420
102
}
330
1F
100
AcDbEntity
  8
Via Holes
 62
     7
100
AcDbModelerGeometry
290
     1
  2
{caf0541d-2ff3-4d66-be39-3076fb941941}
  0
HATCH
  5
420
330
1F
100
AcDbEntity
  8
Via Holes
 62
     7
100
AcDbHatch
 10
0.0
 20
0.0
 30
0.0
210
0.0
220
0.0
230
1.0
  2
SOLID
 70
     1
 71
     1
 91
        1
 92
        1
 93
        1
 72
     2
 10
14.22502362
 20
18.7300108
 40
0.1499997
 50
0.0
 51
360.0
 73
     1
 97
        1
330
41F
 75
     0
 76
     1
 98
        0
  0
REGION
  5
421
102
{ACAD_REACTORS
330
422
102
}
330
1F
100
AcDbEntity
  8
BOTTOM
 62
     5
100
AcDbModelerGeometry
290
     1
  2
{20c15c5e-afd1-4517-8bb1-91a56f74be7f}
  0
HATCH
  5
422
330
1F
100
AcDbEntity
  8
BOTTOM
 62
     5
100
AcDbHatch
 10
0.0
 20
0.0
 30
0.0
210
0.0
220
0.0
230
1.0
  2
SOLID
 70
     1
 71
     1
 91
        1
 92
        1
 93
        1
 72
     2
 10
14.22502108
 20
19.53001174
 40
0.2999994
 50
0.0
 51
360.0
 73
     1
 97
        1
330
421
 75
     0
 76
     1
 98
        0
  0
REGION
  5
423
102
{ACAD_REACTORS
330
424
102
}
330
1F
100
AcDbEntity
  8
Via Holes
 62
     7
100
AcDbModelerGeometry
290
     1
  2
{b59794c4-c28e-4087-bda2-ec42a035a1fc}
  0
HATCH
  5
424
330
1F
100
AcDbEntity
  8
Via Holes
 62
     7
100
AcDbHatch
 10
0.0
 20
0.0
 30
0.0
210
0.0
220
0.0
230
1.0
  2
SOLID
 70
     1
 71
     1
 91
        1
 92
        1
 93
        1
 72
     2
 10
14.22502108
 20
19.53001174
 40
0.1499997
 50
0.0
 51
360.0
 73
     1
 97
        1
330
423
 75
     0
 76
     1
 98
        0
  0
REGION
  5
425
102
{ACAD_REACTORS
330
426
102
}
330
1F
100
AcDbEntity
  8
BOTTOM
 62
     5
100
AcDbModelerGeometry
290
     1
  2
{e1c5cd30-7f31-437e-bf8b-9471e2aed549}
  0
HATCH
  5
426
330
1F
100
AcDbEntity
  8
BOTTOM
 62
     5
100
AcDbHatch
 10
0.0
 20
0.0
 30
0.0
210
0.0
220
0.0
230
1.0
  2
SOLID
 70
     1
 71
     1
 91
        1
 92
        1
 93
        1
 72
     2
 10
18.82502204
 20
18.7300108
 40
0.2999994
 50
0.0
 51
360.0
 73
     1
 97
        1
330
425
 75
     0
 76
     1
 98
        0
  0
REGION
  5
427
102
{ACAD_REACTORS
330
428
102
}
330
1F
100
AcDbEntity
  8
Via Holes
 62
     7
100
AcDbModelerGeometry
290
     1
  2
{0bf83741-5aed-4d33-8592-5c5d0ebbc608}
  0
HATCH
  5
428
330
1F
100
AcDbEntity
  8
Via Holes
 62
     7
100
AcDbHatch
 10
0.0
 20
0.0
 30
0.0
210
0.0
220
0.0
230
1.0
  2
SOLID
 70
     1
 71
     1
 91
        1
 92
        1
 93
        1
 72
     2
 10
18.82502204
 20
18.7300108
 40
0.1499997
 50
0.0
 51
360.0
 73
     1
 97
        1
330
427
 75
     0
 76
     1
 98
        0
  0
REGION
  5
429
102
{ACAD_REACTORS
330
42A
102
}
330
1F
100
AcDbEntity
  8
BOTTOM
 62
     5
100
AcDbModelerGeometry
290
     1
  2
{d7798472-95d2-4482-860e-39cb7a053e3c}
  0
HATCH
  5
42A
330
1F
100
AcDbEntity
  8
BOTTOM
 62
     5
100
AcDbHatch
 10
0.0
 20
0.0
 30
0.0
210
0.0
220
0.0
230
1.0
  2
SOLID
 70
     1
 71
     1
 91
        1
 92
        1
 93
        1
 72
     2
 10
33.67635632
 20
15.67162982
 40
0.2999994
 50
0.0
 51
360.0
 73
     1
 97
        1
330
429
 75
     0
 76
     1
 98
        0
  0
REGION
  5
42B
102
{ACAD_REACTORS
330
42C
102
}
330
1F
100
AcDbEntity
  8
Via Holes
 62
     7
100
AcDbModelerGeometry
290
     1
  2
{952c55fb-c1b3-4232-bafa-92626dd3bac1}
  0
HATCH
  5
42C
330
1F
100
AcDbEntity
  8
Via Holes
 62
     7
100
AcDbHatch
 10
0.0
 20
0.0
 30
0.0
210
0.0
220
0.0
230
1.0
  2
SOLID
 70
     1
 71
     1
 91
        1
 92
        1
 93
        1
 72
     2
 10
33.67635632
 20
15.67162982
 40
0.1499997
 50
0.0
 51
360.0
 73
     1
 97
        1
330
42B
 75
     0
 76
     1
 98
        0
  0
REGION
  5
42D
102
{ACAD_REACTORS
330
42E
102
}
330
1F
100
AcDbEntity
  8
BOTTOM
 62
     5
100
AcDbModelerGeometry
290
     1
  2
{f3cad87c-64f4-4e5c-844c-093ecac70821}
  0
HATCH
  5
42E
330
1F
100
AcDbEntity
  8
BOTTOM
 62
     5
100
AcDbHatch
 10
0.0
 20
0.0
 30
0.0
210
0.0
220
0.0
230
1.0
  2
SOLID
 70
     1
 71
     1
 91
        1
 92
        1
 93
        1
 72
     2
 10
37.00002506
 20
14.88001088
 40
0.2999994
 50
0.0
 51
360.0
 73
     1
 97
        1
330
42D
 75
     0
 76
     1
 98
        0
  0
REGION
  5
42F
102
{ACAD_REACTORS
330
430
102
}
330
1F
100
AcDbEntity
  8
Via Holes
 62
     7
100
AcDbModelerGeometry
290
     1
  2
{4a077458-67fe-4198-bb56-20ca18db568c}
  0
HATCH
  5
430
330
1F
100
AcDbEntity
  8
Via Holes
 62
     7
100
AcDbHatch
 10
0.0
 20
0.0
 30
0.0
210
0.0
220
0.0
230
1.0
  2
SOLID
 70
     1
 71
     1
 91
        1
 92
        1
 93
        1
 72
     2
 10
37.00002506
 20
14.88001088
 40
0.1499997
 50
0.0
 51
360.0
 73
     1
 97
        1
330
42F
 75
     0
 76
     1
 98
        0
  0
REGION
  5
431
102
{ACAD_REACTORS
330
432
102
}
330
1F
100
AcDbEntity
  8
BOTTOM
 62
     5
100
AcDbModelerGeometry
290
     1
  2
{e5af2360-d42f-4620-9aef-2c2e7aa9d1c8}
  0
HATCH
  5
432
330
1F
100
AcDbEntity
  8
BOTTOM
 62
     5
100
AcDbHatch
 10
0.0
 20
0.0
 30
0.0
210
0.0
220
0.0
230
1.0
  2
SOLID
 70
     1
 71
     1
 91
        1
 92
        1
 93
        1
 72
     2
 10
33.95002608
 20
24.59000924
 40
0.2999994
 50
0.0
 51
360.0
 73
     1
 97
        1
330
431
 75
     0
 76
     1
 98
        0
  0
REGION
  5
433
102
{ACAD_REACTORS
330
434
102
}
330
1F
100
AcDbEntity
  8
Via Holes
 62
     7
100
AcDbModelerGeometry
290
     1
  2
{08955afe-577a-4d9b-a28e-3cbd7cd3a396}
  0
HATCH
  5
434
330
1F
100
AcDbEntity
  8
Via Holes
 62
     7
100
AcDbHatch
 10
0.0
 20
0.0
 30
0.0
210
0.0
220
0.0
230
1.0
  2
SOLID
 70
     1
 71
     1
 91
        1
 92
        1
 93
        1
 72
     2
 10
33.95002608
 20
24.59000924
 40
0.1499997
 50
0.0
 51
360.0
 73
     1
 97
        1
330
433
 75
     0
 76
     1
 98
        0
  0
REGION
  5
435
102
{ACAD_REACTORS
330
436
102
}
330
1F
100
AcDbEntity
  8
BOTTOM
 62
     5
100
AcDbModelerGeometry
290
     1
  2
{4c6aef29-e498-445a-b4e0-3b1e93a5a444}
  0
HATCH
  5
436
330
1F
100
AcDbEntity
  8
BOTTOM
 62
     5
100
AcDbHatch
 10
0.0
 20
0.0
 30
0.0
210
0.0
220
0.0
230
1.0
  2
SOLID
 70
     1
 71
     1
 91
        1
 92
        1
 93
        1
 72
     2
 10
33.10002523999999
 20
24.58000926
 40
0.2999994
 50
0.0
 51
360.0
 73
     1
 97
        1
330
435
 75
     0
 76
     1
 98
        0
  0
REGION
  5
437
102
{ACAD_REACTORS
330
438
102
}
330
1F
100
AcDbEntity
  8
Via Holes
 62
     7
100
AcDbModelerGeometry
290
     1
  2
{40e80280-3697-4108-8f02-f003d1196e1d}
  0
HATCH
  5
438
330
1F
100
AcDbEntity
  8
Via Holes
 62
     7
100
AcDbHatch
 10
0.0
 20
0.0
 30
0.0
210
0.0
220
0.0
230
1.0
  2
SOLID
 70
     1
 71
     1
 91
        1
 92
        1
 93
        1
 72
     2
 10
33.10002523999999
 20
24.58000926
 40
0.1499997
 50
0.0
 51
360.0
 73
     1
 97
        1
330
437
 75
     0
 76
     1
 98
        0
  0
REGION
  5
439
102
{ACAD_REACTORS
330
43A
102
}
330
1F
100
AcDbEntity
  8
BOTTOM
 62
     5
100
AcDbModelerGeometry
290
     1
  2
{3996eb4b-c240-4561-b7b8-43534cd81ccf}
  0
HATCH
  5
43A
330
1F
100
AcDbEntity
  8
BOTTOM
 62
     5
100
AcDbHatch
 10
0.0
 20
0.0
 30
0.0
210
0.0
220
0.0
230
1.0
  2
SOLID
 70
     1
 71
     1
 91
        1
 92
        1
 93
        1
 72
     2
 10
26.50003844
 20
24.5100094
 40
0.2999994
 50
0.0
 51
360.0
 73
     1
 97
        1
330
439
 75
     0
 76
     1
 98
        0
  0
REGION
  5
43B
102
{ACAD_REACTORS
330
43C
102
}
330
1F
100
AcDbEntity
  8
Via Holes
 62
     7
100
AcDbModelerGeometry
290
     1
  2
{e6f82b22-85af-4fba-9e4e-c8da462f8699}
  0
HATCH
  5
43C
330
1F
100
AcDbEntity
  8
Via Holes
 62
     7
100
AcDbHatch
 10
0.0
 20
0.0
 30
0.0
210
0.0
220
0.0
230
1.0
  2
SOLID
 70
     1
 71
     1
 91
        1
 92
        1
 93
        1
 72
     2
 10
26.50003844
 20
24.5100094
 40
0.1499997
 50
0.0
 51
360.0
 73
     1
 97
        1
330
43B
 75
     0
 76
     1
 98
        0
  0
REGION
  5
43D
102
{ACAD_REACTORS
330
43E
102
}
330
1F
100
AcDbEntity
  8
BOTTOM
 62
     5
100
AcDbModelerGeometry
290
     1
  2
{ed3804ee-1a85-4100-b82e-5522dcc1d695}
  0
HATCH
  5
43E
330
1F
100
AcDbEntity
  8
BOTTOM
 62
     5
100
AcDbHatch
 10
0.0
 20
0.0
 30
0.0
210
0.0
220
0.0
230
1.0
  2
SOLID
 70
     1
 71
     1
 91
        1
 92
        1
 93
        1
 72
     2
 10
25.83810428
 20
23.72171786
 40
0.2999994
 50
0.0
 51
360.0
 73
     1
 97
        1
330
43D
 75
     0
 76
     1
 98
        0
  0
REGION
  5
43F
102
{ACAD_REACTORS
330
440
102
}
330
1F
100
AcDbEntity
  8
Via Holes
 62
     7
100
AcDbModelerGeometry
290
     1
  2
{fe05a981-afb9-4714-a0b5-d67019718ec6}
  0
HATCH
  5
440
330
1F
100
AcDbEntity
  8
Via Holes
 62
     7
100
AcDbHatch
 10
0.0
 20
0.0
 30
0.0
210
0.0
220
0.0
230
1.0
  2
SOLID
 70
     1
 71
     1
 91
        1
 92
        1
 93
        1
 72
     2
 10
25.83810428
 20
23.72171786
 40
0.1499997
 50
0.0
 51
360.0
 73
     1
 97
        1
330
43F
 75
     0
 76
     1
 98
        0
  0
REGION
  5
441
102
{ACAD_REACTORS
330
442
102
}
330
1F
100
AcDbEntity
  8
BOTTOM
 62
     5
100
AcDbModelerGeometry
290
     1
  2
{93a8f271-a156-420c-9953-c1661aef66ec}
  0
HATCH
  5
442
330
1F
100
AcDbEntity
  8
BOTTOM
 62
     5
100
AcDbHatch
 10
0.0
 20
0.0
 30
0.0
210
0.0
220
0.0
230
1.0
  2
SOLID
 70
     1
 71
     1
 91
        1
 92
        1
 93
        1
 72
     2
 10
33.61475624
 20
23.34724058
 40
0.2999994
 50
0.0
 51
360.0
 73
     1
 97
        1
330
441
 75
     0
 76
     1
 98
        0
  0
REGION
  5
443
102
{ACAD_REACTORS
330
444
102
}
330
1F
100
AcDbEntity
  8
Via Holes
 62
     7
100
AcDbModelerGeometry
290
     1
  2
{b06bab03-2d91-48c8-ba50-bba5ed2f8b84}
  0
HATCH
  5
444
330
1F
100
AcDbEntity
  8
Via Holes
 62
     7
100
AcDbHatch
 10
0.0
 20
0.0
 30
0.0
210
0.0
220
0.0
230
1.0
  2
SOLID
 70
     1
 71
     1
 91
        1
 92
        1
 93
        1
 72
     2
 10
33.61475624
 20
23.34724058
 40
0.1499997
 50
0.0
 51
360.0
 73
     1
 97
        1
330
443
 75
     0
 76
     1
 98
        0
  0
REGION
  5
445
102
{ACAD_REACTORS
330
446
102
}
330
1F
100
AcDbEntity
  8
BOTTOM
 62
     5
100
AcDbModelerGeometry
290
     1
  2
{acbce051-23df-49df-9d04-1d6e2a7c27a4}
  0
HATCH
  5
446
330
1F
100
AcDbEntity
  8
BOTTOM
 62
     5
100
AcDbHatch
 10
0.0
 20
0.0
 30
0.0
210
0.0
220
0.0
230
1.0
  2
SOLID
 70
     1
 71
     1
 91
        1
 92
        1
 93
        1
 72
     2
 10
27.8400256
 20
23.42000904
 40
0.2999994
 50
0.0
 51
360.0
 73
     1
 97
        1
330
445
 75
     0
 76
     1
 98
        0
  0
REGION
  5
447
102
{ACAD_REACTORS
330
448
102
}
330
1F
100
AcDbEntity
  8
Via Holes
 62
     7
100
AcDbModelerGeometry
290
     1
  2
{421ecd04-6a34-4b77-aaab-bbc6c7d558d7}
  0
HATCH
  5
448
330
1F
100
AcDbEntity
  8
Via Holes
 62
     7
100
AcDbHatch
 10
0.0
 20
0.0
 30
0.0
210
0.0
220
0.0
230
1.0
  2
SOLID
 70
     1
 71
     1
 91
        1
 92
        1
 93
        1
 72
     2
 10
27.8400256
 20
23.42000904
 40
0.1499997
 50
0.0
 51
360.0
 73
     1
 97
        1
330
447
 75
     0
 76
     1
 98
        0
  0
REGION
  5
449
102
{ACAD_REACTORS
330
44A
102
}
330
1F
100
AcDbEntity
  8
BOTTOM
 62
     5
100
AcDbModelerGeometry
290
     1
  2
{610df599-a7a3-4de7-bb04-fc175ae394bd}
  0
HATCH
  5
44A
330
1F
100
AcDbEntity
  8
BOTTOM
 62
     5
100
AcDbHatch
 10
0.0
 20
0.0
 30
0.0
210
0.0
220
0.0
230
1.0
  2
SOLID
 70
     1
 71
     1
 91
        1
 92
        1
 93
        1
 72
     2
 10
28.70003658
 20
23.41000906
 40
0.2999994
 50
0.0
 51
360.0
 73
     1
 97
        1
330
449
 75
     0
 76
     1
 98
        0
  0
REGION
  5
44B
102
{ACAD_REACTORS
330
44C
102
}
330
1F
100
AcDbEntity
  8
Via Holes
 62
     7
100
AcDbModelerGeometry
290
     1
  2
{3d21f5d1-a8cc-46f8-99ea-24270aedf2fa}
  0
HATCH
  5
44C
330
1F
100
AcDbEntity
  8
Via Holes
 62
     7
100
AcDbHatch
 10
0.0
 20
0.0
 30
0.0
210
0.0
220
0.0
230
1.0
  2
SOLID
 70
     1
 71
     1
 91
        1
 92
        1
 93
        1
 72
     2
 10
28.70003658
 20
23.41000906
 40
0.1499997
 50
0.0
 51
360.0
 73
     1
 97
        1
330
44B
 75
     0
 76
     1
 98
        0
  0
REGION
  5
44D
102
{ACAD_REACTORS
330
44E
102
}
330
1F
100
AcDbEntity
  8
BOTTOM
 62
     5
100
AcDbModelerGeometry
290
     1
  2
{80418775-3096-4919-9303-b6fe642d0206}
  0
HATCH
  5
44E
330
1F
100
AcDbEntity
  8
BOTTOM
 62
     5
100
AcDbHatch
 10
0.0
 20
0.0
 30
0.0
210
0.0
220
0.0
230
1.0
  2
SOLID
 70
     1
 71
     1
 91
        1
 92
        1
 93
        1
 72
     2
 10
31.79453128
 20
23.91288334
 40
0.2999994
 50
0.0
 51
360.0
 73
     1
 97
        1
330
44D
 75
     0
 76
     1
 98
        0
  0
REGION
  5
44F
102
{ACAD_REACTORS
330
450
102
}
330
1F
100
AcDbEntity
  8
Via Holes
 62
     7
100
AcDbModelerGeometry
290
     1
  2
{9e6cd75f-ecc2-4924-92c7-50c6878841a1}
  0
HATCH
  5
450
330
1F
100
AcDbEntity
  8
Via Holes
 62
     7
100
AcDbHatch
 10
0.0
 20
0.0
 30
0.0
210
0.0
220
0.0
230
1.0
  2
SOLID
 70
     1
 71
     1
 91
        1
 92
        1
 93
        1
 72
     2
 10
31.79453128
 20
23.91288334
 40
0.1499997
 50
0.0
 51
360.0
 73
     1
 97
        1
330
44F
 75
     0
 76
     1
 98
        0
  0
REGION
  5
451
102
{ACAD_REACTORS
330
452
102
}
330
1F
100
AcDbEntity
  8
BOTTOM
 62
     5
100
AcDbModelerGeometry
290
     1
  2
{4410f7a4-9fab-4c25-97b8-e932e14b41df}
  0
HATCH
  5
452
330
1F
100
AcDbEntity
  8
BOTTOM
 62
     5
100
AcDbHatch
 10
0.0
 20
0.0
 30
0.0
210
0.0
220
0.0
230
1.0
  2
SOLID
 70
     1
 71
     1
 91
        1
 92
        1
 93
        1
 72
     2
 10
31.20002396
 20
22.28001132
 40
0.2999994
 50
0.0
 51
360.0
 73
     1
 97
        1
330
451
 75
     0
 76
     1
 98
        0
  0
REGION
  5
453
102
{ACAD_REACTORS
330
454
102
}
330
1F
100
AcDbEntity
  8
Via Holes
 62
     7
100
AcDbModelerGeometry
290
     1
  2
{c9d3010b-1cd1-4c9d-83e4-cc14efdb4e4e}
  0
HATCH
  5
454
330
1F
100
AcDbEntity
  8
Via Holes
 62
     7
100
AcDbHatch
 10
0.0
 20
0.0
 30
0.0
210
0.0
220
0.0
230
1.0
  2
SOLID
 70
     1
 71
     1
 91
        1
 92
        1
 93
        1
 72
     2
 10
31.20002396
 20
22.28001132
 40
0.1499997
 50
0.0
 51
360.0
 73
     1
 97
        1
330
453
 75
     0
 76
     1
 98
        0
  0
REGION
  5
455
102
{ACAD_REACTORS
330
456
102
}
330
1F
100
AcDbEntity
  8
BOTTOM
 62
     5
100
AcDbModelerGeometry
290
     1
  2
{96bce924-4575-4e4b-8e12-e5bfaafe54f4}
  0
HATCH
  5
456
330
1F
100
AcDbEntity
  8
BOTTOM
 62
     5
100
AcDbHatch
 10
0.0
 20
0.0
 30
0.0
210
0.0
220
0.0
230
1.0
  2
SOLID
 70
     1
 71
     1
 91
        1
 92
        1
 93
        1
 72
     2
 10
31.20002396
 20
21.48001038
 40
0.2999994
 50
0.0
 51
360.0
 73
     1
 97
        1
330
455
 75
     0
 76
     1
 98
        0
  0
REGION
  5
457
102
{ACAD_REACTORS
330
458
102
}
330
1F
100
AcDbEntity
  8
Via Holes
 62
     7
100
AcDbModelerGeometry
290
     1
  2
{aa1732a4-c541-4440-a1c3-919ebcb9abe0}
  0
HATCH
  5
458
330
1F
100
AcDbEntity
  8
Via Holes
 62
     7
100
AcDbHatch
 10
0.0
 20
0.0
 30
0.0
210
0.0
220
0.0
230
1.0
  2
SOLID
 70
     1
 71
     1
 91
        1
 92
        1
 93
        1
 72
     2
 10
31.20002396
 20
21.48001038
 40
0.1499997
 50
0.0
 51
360.0
 73
     1
 97
        1
330
457
 75
     0
 76
     1
 98
        0
  0
REGION
  5
459
102
{ACAD_REACTORS
330
45A
102
}
330
1F
100
AcDbEntity
  8
BOTTOM
 62
     5
100
AcDbModelerGeometry
290
     1
  2
{a1759674-bc1e-4503-bdc9-bee6a6487370}
  0
HATCH
  5
45A
330
1F
100
AcDbEntity
  8
BOTTOM
 62
     5
100
AcDbHatch
 10
0.0
 20
0.0
 30
0.0
210
0.0
220
0.0
230
1.0
  2
SOLID
 70
     1
 71
     1
 91
        1
 92
        1
 93
        1
 72
     2
 10
20.89999884
 20
22.80000012
 40
0.2999994
 50
0.0
 51
360.0
 73
     1
 97
        1
330
459
 75
     0
 76
     1
 98
        0
  0
REGION
  5
45B
102
{ACAD_REACTORS
330
45C
102
}
330
1F
100
AcDbEntity
  8
Via Holes
 62
     7
100
AcDbModelerGeometry
290
     1
  2
{af8199dd-6dd5-4095-9b77-e7e73b430992}
  0
HATCH
  5
45C
330
1F
100
AcDbEntity
  8
Via Holes
 62
     7
100
AcDbHatch
 10
0.0
 20
0.0
 30
0.0
210
0.0
220
0.0
230
1.0
  2
SOLID
 70
     1
 71
     1
 91
        1
 92
        1
 93
        1
 72
     2
 10
20.89999884
 20
22.80000012
 40
0.1499997
 50
0.0
 51
360.0
 73
     1
 97
        1
330
45B
 75
     0
 76
     1
 98
        0
  0
REGION
  5
45D
102
{ACAD_REACTORS
330
45E
102
}
330
1F
100
AcDbEntity
  8
BOTTOM
 62
     5
100
AcDbModelerGeometry
290
     1
  2
{3c80f08c-fcc7-4002-ad3c-0237ecc37dbb}
  0
HATCH
  5
45E
330
1F
100
AcDbEntity
  8
BOTTOM
 62
     5
100
AcDbHatch
 10
0.0
 20
0.0
 30
0.0
210
0.0
220
0.0
230
1.0
  2
SOLID
 70
     1
 71
     1
 91
        1
 92
        1
 93
        1
 72
     2
 10
3.88610094
 20
10.48610044
 40
0.2999994
 50
0.0
 51
360.0
 73
     1
 97
        1
330
45D
 75
     0
 76
     1
 98
        0
  0
REGION
  5
45F
102
{ACAD_REACTORS
330
460
102
}
330
1F
100
AcDbEntity
  8
Via Holes
 62
     7
100
AcDbModelerGeometry
290
     1
  2
{70f13071-434a-4e46-a2f6-21853604b31f}
  0
HATCH
  5
460
330
1F
100
AcDbEntity
  8
Via Holes
 62
     7
100
AcDbHatch
 10
0.0
 20
0.0
 30
0.0
210
0.0
220
0.0
230
1.0
  2
SOLID
 70
     1
 71
     1
 91
        1
 92
        1
 93
        1
 72
     2
 10
3.88610094
 20
10.48610044
 40
0.1499997
 50
0.0
 51
360.0
 73
     1
 97
        1
330
45F
 75
     0
 76
     1
 98
        0
  0
REGION
  5
461
102
{ACAD_REACTORS
330
462
102
}
330
1F
100
AcDbEntity
  8
BOTTOM
 62
     5
100
AcDbModelerGeometry
290
     1
  2
{43416030-d21e-4a4c-8ddf-df7f2b862ce2}
  0
HATCH
  5
462
330
1F
100
AcDbEntity
  8
BOTTOM
 62
     5
100
AcDbHatch
 10
0.0
 20
0.0
 30
0.0
210
0.0
220
0.0
230
1.0
  2
SOLID
 70
     1
 71
     1
 91
        1
 92
        1
 93
        1
 72
     2
 10
2.99999908
 20
12.8999996
 40
0.2999994
 50
0.0
 51
360.0
 73
     1
 97
        1
330
461
 75
     0
 76
     1
 98
        0
  0
REGION
  5
463
102
{ACAD_REACTORS
330
464
102
}
330
1F
100
AcDbEntity
  8
Via Holes
 62
     7
100
AcDbModelerGeometry
290
     1
  2
{f51f1fb6-226a-4819-b7fe-f3cf987c94a8}
  0
HATCH
  5
464
330
1F
100
AcDbEntity
  8
Via Holes
 62
     7
100
AcDbHatch
 10
0.0
 20
0.0
 30
0.0
210
0.0
220
0.0
230
1.0
  2
SOLID
 70
     1
 71
     1
 91
        1
 92
        1
 93
        1
 72
     2
 10
2.99999908
 20
12.8999996
 40
0.1499997
 50
0.0
 51
360.0
 73
     1
 97
        1
330
463
 75
     0
 76
     1
 98
        0
  0
REGION
  5
465
102
{ACAD_REACTORS
330
466
102
}
330
1F
100
AcDbEntity
  8
BOTTOM
 62
     5
100
AcDbModelerGeometry
290
     1
  2
{e20dc330-c241-4b9c-8cd9-2d1d9d7e0a65}
  0
HATCH
  5
466
330
1F
100
AcDbEntity
  8
BOTTOM
 62
     5
100
AcDbHatch
 10
0.0
 20
0.0
 30
0.0
210
0.0
220
0.0
230
1.0
  2
SOLID
 70
     1
 71
     1
 91
        1
 92
        1
 93
        1
 72
     2
 10
3.89999982
 20
12.8999996
 40
0.2999994
 50
0.0
 51
360.0
 73
     1
 97
        1
330
465
 75
     0
 76
     1
 98
        0
  0
REGION
  5
467
102
{ACAD_REACTORS
330
468
102
}
330
1F
100
AcDbEntity
  8
Via Holes
 62
     7
100
AcDbModelerGeometry
290
     1
  2
{4bba8bb1-3880-42de-bec8-b685d54fd75c}
  0
HATCH
  5
468
330
1F
100
AcDbEntity
  8
Via Holes
 62
     7
100
AcDbHatch
 10
0.0
 20
0.0
 30
0.0
210
0.0
220
0.0
230
1.0
  2
SOLID
 70
     1
 71
     1
 91
        1
 92
        1
 93
        1
 72
     2
 10
3.89999982
 20
12.8999996
 40
0.1499997
 50
0.0
 51
360.0
 73
     1
 97
        1
330
467
 75
     0
 76
     1
 98
        0
  0
REGION
  5
469
102
{ACAD_REACTORS
330
46A
102
}
330
1F
100
AcDbEntity
  8
BOTTOM
 62
     5
100
AcDbModelerGeometry
290
     1
  2
{2e51842b-0da3-4130-a5c5-60b3e5e3b453}
  0
HATCH
  5
46A
330
1F
100
AcDbEntity
  8
BOTTOM
 62
     5
100
AcDbHatch
 10
0.0
 20
0.0
 30
0.0
210
0.0
220
0.0
230
1.0
  2
SOLID
 70
     1
 71
     1
 91
        1
 92
        1
 93
        1
 72
     2
 10
2.89999928
 20
9.900000519999999
 40
0.2999994
 50
0.0
 51
360.0
 73
     1
 97
        1
330
469
 75
     0
 76
     1
 98
        0
  0
REGION
  5
46B
102
{ACAD_REACTORS
330
46C
102
}
330
1F
100
AcDbEntity
  8
Via Holes
 62
     7
100
AcDbModelerGeometry
290
     1
  2
{72000e72-1d13-421c-867d-1d54c36c0eae}
  0
HATCH
  5
46C
330
1F
100
AcDbEntity
  8
Via Holes
 62
     7
100
AcDbHatch
 10
0.0
 20
0.0
 30
0.0
210
0.0
220
0.0
230
1.0
  2
SOLID
 70
     1
 71
     1
 91
        1
 92
        1
 93
        1
 72
     2
 10
2.89999928
 20
9.900000519999999
 40
0.1499997
 50
0.0
 51
360.0
 73
     1
 97
        1
330
46B
 75
     0
 76
     1
 98
        0
  0
REGION
  5
46D
102
{ACAD_REACTORS
330
46E
102
}
330
1F
100
AcDbEntity
  8
BOTTOM
 62
     5
100
AcDbModelerGeometry
290
     1
  2
{5a7cb74d-838d-4715-8f19-c63d1ea462bc}
  0
HATCH
  5
46E
330
1F
100
AcDbEntity
  8
BOTTOM
 62
     5
100
AcDbHatch
 10
0.0
 20
0.0
 30
0.0
210
0.0
220
0.0
230
1.0
  2
SOLID
 70
     1
 71
     1
 91
        1
 92
        1
 93
        1
 72
     2
 10
6.4999997
 20
7.600000039999999
 40
0.2999994
 50
0.0
 51
360.0
 73
     1
 97
        1
330
46D
 75
     0
 76
     1
 98
        0
  0
REGION
  5
46F
102
{ACAD_REACTORS
330
470
102
}
330
1F
100
AcDbEntity
  8
Via Holes
 62
     7
100
AcDbModelerGeometry
290
     1
  2
{b9c4a7c4-5e3e-4ca7-bd4b-786198ac302f}
  0
HATCH
  5
470
330
1F
100
AcDbEntity
  8
Via Holes
 62
     7
100
AcDbHatch
 10
0.0
 20
0.0
 30
0.0
210
0.0
220
0.0
230
1.0
  2
SOLID
 70
     1
 71
     1
 91
        1
 92
        1
 93
        1
 72
     2
 10
6.4999997
 20
7.600000039999999
 40
0.1499997
 50
0.0
 51
360.0
 73
     1
 97
        1
330
46F
 75
     0
 76
     1
 98
        0
  0
REGION
  5
471
102
{ACAD_REACTORS
330
472
102
}
330
1F
100
AcDbEntity
  8
BOTTOM
 62
     5
100
AcDbModelerGeometry
290
     1
  2
{42598282-209b-413d-a454-6ea92da3a52b}
  0
HATCH
  5
472
330
1F
100
AcDbEntity
  8
BOTTOM
 62
     5
100
AcDbHatch
 10
0.0
 20
0.0
 30
0.0
210
0.0
220
0.0
230
1.0
  2
SOLID
 70
     1
 71
     1
 91
        1
 92
        1
 93
        1
 72
     2
 10
36.50003622
 20
4.68001096
 40
1.49999954
 50
0.0
 51
360.0
 73
     1
 97
        1
330
471
 75
     0
 76
     1
 98
        0
  0
REGION
  5
473
102
{ACAD_REACTORS
330
474
102
}
330
1F
100
AcDbEntity
  8
Pad Holes
 62
     7
100
AcDbModelerGeometry
290
     1
  2
{8b6e045e-ab14-4149-84ac-b2199c5f9dc1}
  0
HATCH
  5
474
330
1F
100
AcDbEntity
  8
Pad Holes
 62
     7
100
AcDbHatch
 10
0.0
 20
0.0
 30
0.0
210
0.0
220
0.0
230
1.0
  2
SOLID
 70
     1
 71
     1
 91
        1
 92
        1
 93
        1
 72
     2
 10
36.50003622
 20
4.68001096
 40
1.59999934
 50
0.0
 51
360.0
 73
     1
 97
        1
330
473
 75
     0
 76
     1
 98
        0
  0
REGION
  5
475
102
{ACAD_REACTORS
330
476
102
}
330
1F
100
AcDbEntity
  8
BOTTOM
 62
     5
100
AcDbModelerGeometry
290
     1
  2
{ac7f5ade-806f-45f5-b7eb-267868562186}
  0
HATCH
  5
476
330
1F
100
AcDbEntity
  8
BOTTOM
 62
     5
100
AcDbHatch
 10
0.0
 20
0.0
 30
0.0
210
0.0
220
0.0
230
1.0
  2
SOLID
 70
     1
 71
     1
 91
        1
 92
        1
 93
        1
 72
     2
 10
36.50003622
 20
20.68000944
 40
1.49999954
 50
0.0
 51
360.0
 73
     1
 97
        1
330
475
 75
     0
 76
     1
 98
        0
  0
REGION
  5
477
102
{ACAD_REACTORS
330
478
102
}
330
1F
100
AcDbEntity
  8
Pad Holes
 62
     7
100
AcDbModelerGeometry
290
     1
  2
{12e0dfff-8e45-4ae5-a70d-cc19b240fdd5}
  0
HATCH
  5
478
330
1F
100
AcDbEntity
  8
Pad Holes
 62
     7
100
AcDbHatch
 10
0.0
 20
0.0
 30
0.0
210
0.0
220
0.0
230
1.0
  2
SOLID
 70
     1
 71
     1
 91
        1
 92
        1
 93
        1
 72
     2
 10
36.50003622
 20
20.68000944
 40
1.59999934
 50
0.0
 51
360.0
 73
     1
 97
        1
330
477
 75
     0
 76
     1
 98
        0
  0
REGION
  5
479
102
{ACAD_REACTORS
330
47A
102
}
330
1F
100
AcDbEntity
  8
BOTTOM
 62
     5
100
AcDbModelerGeometry
290
     1
  2
{3b7c82a2-a8ad-41ca-ad31-b438206df603}
  0
HATCH
  5
47A
330
1F
100
AcDbEntity
  8
BOTTOM
 62
     5
100
AcDbHatch
 10
0.0
 20
0.0
 30
0.0
210
0.0
220
0.0
230
1.0
  2
SOLID
 70
     1
 71
     1
 91
        1
 92
        1
 93
        1
 72
     2
 10
4.500013859999999
 20
20.68000944
 40
1.49999954
 50
0.0
 51
360.0
 73
     1
 97
        1
330
479
 75
     0
 76
     1
 98
        0
  0
REGION
  5
47B
102
{ACAD_REACTORS
330
47C
102
}
330
1F
100
AcDbEntity
  8
Pad Holes
 62
     7
100
AcDbModelerGeometry
290
     1
  2
{09a2d6ca-f1f7-4886-9f35-8fa8b3e01024}
  0
HATCH
  5
47C
330
1F
100
AcDbEntity
  8
Pad Holes
 62
     7
100
AcDbHatch
 10
0.0
 20
0.0
 30
0.0
210
0.0
220
0.0
230
1.0
  2
SOLID
 70
     1
 71
     1
 91
        1
 92
        1
 93
        1
 72
     2
 10
4.500013859999999
 20
20.68000944
 40
1.59999934
 50
0.0
 51
360.0
 73
     1
 97
        1
330
47B
 75
     0
 76
     1
 98
        0
  0
REGION
  5
47D
102
{ACAD_REACTORS
330
47E
102
}
330
1F
100
AcDbEntity
  8
BOTTOM
 62
     5
100
AcDbModelerGeometry
290
     1
  2
{b491cc43-4100-4d97-ad69-d0732cc4dfe3}
  0
HATCH
  5
47E
330
1F
100
AcDbEntity
  8
BOTTOM
 62
     5
100
AcDbHatch
 10
0.0
 20
0.0
 30
0.0
210
0.0
220
0.0
230
1.0
  2
SOLID
 70
     1
 71
     1
 91
        1
 92
        1
 93
        1
 72
     2
 10
4.500013859999999
 20
4.68001096
 40
1.49999954
 50
0.0
 51
360.0
 73
     1
 97
        1
330
47D
 75
     0
 76
     1
 98
        0
  0
REGION
  5
47F
102
{ACAD_REACTORS
330
480
102
}
330
1F
100
AcDbEntity
  8
Pad Holes
 62
     7
100
AcDbModelerGeometry
290
     1
  2
{b28918b4-acb6-4938-bf70-095b02600edf}
  0
HATCH
  5
480
330
1F
100
AcDbEntity
  8
Pad Holes
 62
     7
100
AcDbHatch
 10
0.0
 20
0.0
 30
0.0
210
0.0
220
0.0
230
1.0
  2
SOLID
 70
     1
 71
     1
 91
        1
 92
        1
 93
        1
 72
     2
 10
4.500013859999999
 20
4.68001096
 40
1.59999934
 50
0.0
 51
360.0
 73
     1
 97
        1
330
47F
 75
     0
 76
     1
 98
        0
  0
LINE
  5
481
330
1F
100
AcDbEntity
  8
BOTTOM
100
AcDbLine
 10
37.93945676
 20
16.83747966
 30
0.0
 11
37.93945676
 21
16.83307022
 31
0.0
  0
LINE
  5
482
330
1F
100
AcDbEntity
  8
BOTTOM
100
AcDbLine
 10
37.93945676
 20
16.83307022
 30
0.0
 11
37.9438662
 21
16.83307022
 31
0.0
  0
LINE
  5
483
330
1F
100
AcDbEntity
  8
BOTTOM
100
AcDbLine
 10
37.9438662
 20
16.83307022
 30
0.0
 11
37.9438662
 21
16.82866078
 31
0.0
  0
LINE
  5
484
330
1F
100
AcDbEntity
  8
BOTTOM
100
AcDbLine
 10
37.9438662
 20
16.82866078
 30
0.0
 11
37.94827564
 21
16.82866078
 31
0.0
  0
LINE
  5
485
330
1F
100
AcDbEntity
  8
BOTTOM
100
AcDbLine
 10
37.94827564
 20
16.82866078
 30
0.0
 11
37.94827564
 21
16.82425134
 31
0.0
  0
LINE
  5
486
330
1F
100
AcDbEntity
  8
BOTTOM
100
AcDbLine
 10
37.94827564
 20
16.82425134
 30
0.0
 11
37.95268508
 21
16.82425134
 31
0.0
  0
LINE
  5
487
330
1F
100
AcDbEntity
  8
BOTTOM
100
AcDbLine
 10
37.95268508
 20
16.82425134
 30
0.0
 11
37.95268508
 21
16.81542992
 31
0.0
  0
LINE
  5
488
330
1F
100
AcDbEntity
  8
BOTTOM
100
AcDbLine
 10
37.95268508
 20
16.81542992
 30
0.0
 11
37.9615065
 21
16.81542992
 31
0.0
  0
LINE
  5
489
330
1F
100
AcDbEntity
  8
BOTTOM
100
AcDbLine
 10
37.9615065
 20
16.81542992
 30
0.0
 11
37.9615065
 21
16.81102048
 31
0.0
  0
LINE
  5
48A
330
1F
100
AcDbEntity
  8
BOTTOM
100
AcDbLine
 10
37.9615065
 20
16.81102048
 30
0.0
 11
37.96591594
 21
16.81102048
 31
0.0
  0
LINE
  5
48B
330
1F
100
AcDbEntity
  8
BOTTOM
100
AcDbLine
 10
37.96591594
 20
16.81102048
 30
0.0
 11
37.96591594
 21
16.80661104
 31
0.0
  0
LINE
  5
48C
330
1F
100
AcDbEntity
  8
BOTTOM
100
AcDbLine
 10
37.96591594
 20
16.80661104
 30
0.0
 11
37.97032538
 21
16.80661104
 31
0.0
  0
LINE
  5
48D
330
1F
100
AcDbEntity
  8
BOTTOM
100
AcDbLine
 10
37.97032538
 20
16.80661104
 30
0.0
 11
37.97032538
 21
16.80219906
 31
0.0
  0
LINE
  5
48E
330
1F
100
AcDbEntity
  8
BOTTOM
100
AcDbLine
 10
37.97032538
 20
16.80219906
 30
0.0
 11
37.97473736
 21
16.80219906
 31
0.0
  0
LINE
  5
48F
330
1F
100
AcDbEntity
  8
BOTTOM
100
AcDbLine
 10
37.97473736
 20
16.80219906
 30
0.0
 11
37.97473736
 21
16.7845613
 31
0.0
  0
LINE
  5
490
330
1F
100
AcDbEntity
  8
BOTTOM
100
AcDbLine
 10
37.97473736
 20
16.7845613
 30
0.0
 11
37.9791468
 21
16.7845613
 31
0.0
  0
LINE
  5
491
330
1F
100
AcDbEntity
  8
BOTTOM
100
AcDbLine
 10
37.9791468
 20
16.7845613
 30
0.0
 11
37.9791468
 21
16.78014932
 31
0.0
  0
LINE
  5
492
330
1F
100
AcDbEntity
  8
BOTTOM
100
AcDbLine
 10
37.9791468
 20
16.78014932
 30
0.0
 11
37.98355624
 21
16.78014932
 31
0.0
  0
LINE
  5
493
330
1F
100
AcDbEntity
  8
BOTTOM
100
AcDbLine
 10
37.98355624
 20
16.78014932
 30
0.0
 11
37.98355624
 21
16.766921
 31
0.0
  0
LINE
  5
494
330
1F
100
AcDbEntity
  8
BOTTOM
100
AcDbLine
 10
37.98355624
 20
16.766921
 30
0.0
 11
37.98796567999999
 21
16.766921
 31
0.0
  0
LINE
  5
495
330
1F
100
AcDbEntity
  8
BOTTOM
100
AcDbLine
 10
37.98796567999999
 20
16.766921
 30
0.0
 11
37.98796567999999
 21
16.76250902
 31
0.0
  0
LINE
  5
496
330
1F
100
AcDbEntity
  8
BOTTOM
100
AcDbLine
 10
37.98796567999999
 20
16.76250902
 30
0.0
 11
37.99237766
 21
16.76250902
 31
0.0
  0
LINE
  5
497
330
1F
100
AcDbEntity
  8
BOTTOM
100
AcDbLine
 10
37.99237766
 20
16.76250902
 30
0.0
 11
37.99237766
 21
16.74486872
 31
0.0
  0
LINE
  5
498
330
1F
100
AcDbEntity
  8
BOTTOM
100
AcDbLine
 10
37.99237766
 20
16.74486872
 30
0.0
 11
37.9967871
 21
16.74486872
 31
0.0
  0
LINE
  5
499
330
1F
100
AcDbEntity
  8
BOTTOM
100
AcDbLine
 10
37.9967871
 20
16.74486872
 30
0.0
 11
37.9967871
 21
16.74045928
 31
0.0
  0
LINE
  5
49A
330
1F
100
AcDbEntity
  8
BOTTOM
100
AcDbLine
 10
37.9967871
 20
16.74045928
 30
0.0
 11
38.00560598
 21
16.74045928
 31
0.0
  0
LINE
  5
49B
330
1F
100
AcDbEntity
  8
BOTTOM
100
AcDbLine
 10
38.00560598
 20
16.74045928
 30
0.0
 11
38.00560598
 21
16.72281898
 31
0.0
  0
LINE
  5
49C
330
1F
100
AcDbEntity
  8
BOTTOM
100
AcDbLine
 10
38.00560598
 20
16.72281898
 30
0.0
 11
38.01001542
 21
16.72281898
 31
0.0
  0
LINE
  5
49D
330
1F
100
AcDbEntity
  8
BOTTOM
100
AcDbLine
 10
38.01001542
 20
16.72281898
 30
0.0
 11
38.01001542
 21
16.71840954
 31
0.0
  0
LINE
  5
49E
330
1F
100
AcDbEntity
  8
BOTTOM
100
AcDbLine
 10
38.01001542
 20
16.71840954
 30
0.0
 11
38.0144274
 21
16.71840954
 31
0.0
  0
LINE
  5
49F
330
1F
100
AcDbEntity
  8
BOTTOM
100
AcDbLine
 10
38.0144274
 20
16.71840954
 30
0.0
 11
38.0144274
 21
16.70076924
 31
0.0
  0
LINE
  5
4A0
330
1F
100
AcDbEntity
  8
BOTTOM
100
AcDbLine
 10
38.0144274
 20
16.70076924
 30
0.0
 11
38.02324628
 21
16.70076924
 31
0.0
  0
LINE
  5
4A1
330
1F
100
AcDbEntity
  8
BOTTOM
100
AcDbLine
 10
38.02324628
 20
16.70076924
 30
0.0
 11
38.02324628
 21
16.6963598
 31
0.0
  0
LINE
  5
4A2
330
1F
100
AcDbEntity
  8
BOTTOM
100
AcDbLine
 10
38.02324628
 20
16.6963598
 30
0.0
 11
38.02765572
 21
16.6963598
 31
0.0
  0
LINE
  5
4A3
330
1F
100
AcDbEntity
  8
BOTTOM
100
AcDbLine
 10
38.02765572
 20
16.6963598
 30
0.0
 11
38.02765572
 21
16.66990062
 31
0.0
  0
LINE
  5
4A4
330
1F
100
AcDbEntity
  8
BOTTOM
100
AcDbLine
 10
38.02765572
 20
16.66990062
 30
0.0
 11
38.0320677
 21
16.66990062
 31
0.0
  0
LINE
  5
4A5
330
1F
100
AcDbEntity
  8
BOTTOM
100
AcDbLine
 10
38.0320677
 20
16.66990062
 30
0.0
 11
38.0320677
 21
16.66548864
 31
0.0
  0
LINE
  5
4A6
330
1F
100
AcDbEntity
  8
BOTTOM
100
AcDbLine
 10
38.0320677
 20
16.66548864
 30
0.0
 11
38.03647714
 21
16.66548864
 31
0.0
  0
LINE
  5
4A7
330
1F
100
AcDbEntity
  8
BOTTOM
100
AcDbLine
 10
38.03647714
 20
16.66548864
 30
0.0
 11
38.03647714
 21
16.6257986
 31
0.0
  0
LINE
  5
4A8
330
1F
100
AcDbEntity
  8
BOTTOM
100
AcDbLine
 10
38.03647714
 20
16.6257986
 30
0.0
 11
38.04529601999999
 21
16.6257986
 31
0.0
  0
LINE
  5
4A9
330
1F
100
AcDbEntity
  8
BOTTOM
100
AcDbLine
 10
38.04529601999999
 20
16.6257986
 30
0.0
 11
38.04529601999999
 21
16.61697972
 31
0.0
  0
LINE
  5
4AA
330
1F
100
AcDbEntity
  8
BOTTOM
100
AcDbLine
 10
38.04529601999999
 20
16.61697972
 30
0.0
 11
38.049708
 21
16.61697972
 31
0.0
  0
LINE
  5
4AB
330
1F
100
AcDbEntity
  8
BOTTOM
100
AcDbLine
 10
38.049708
 20
16.61697972
 30
0.0
 11
38.049708
 21
16.61257028
 31
0.0
  0
LINE
  5
4AC
330
1F
100
AcDbEntity
  8
BOTTOM
100
AcDbLine
 10
38.049708
 20
16.61257028
 30
0.0
 11
38.04529601999999
 21
16.61257028
 31
0.0
  0
LINE
  5
4AD
330
1F
100
AcDbEntity
  8
BOTTOM
100
AcDbLine
 10
38.04529601999999
 20
16.61257028
 30
0.0
 11
38.04529601999999
 21
16.56846826
 31
0.0
  0
LINE
  5
4AE
330
1F
100
AcDbEntity
  8
BOTTOM
100
AcDbLine
 10
38.04529601999999
 20
16.56846826
 30
0.0
 11
38.049708
 21
16.56846826
 31
0.0
  0
LINE
  5
4AF
330
1F
100
AcDbEntity
  8
BOTTOM
100
AcDbLine
 10
38.049708
 20
16.56846826
 30
0.0
 11
38.049708
 21
16.56405882
 31
0.0
  0
LINE
  5
4B0
330
1F
100
AcDbEntity
  8
BOTTOM
100
AcDbLine
 10
38.049708
 20
16.56405882
 30
0.0
 11
38.05411744
 21
16.56405882
 31
0.0
  0
LINE
  5
4B1
330
1F
100
AcDbEntity
  8
BOTTOM
100
AcDbLine
 10
38.05411744
 20
16.56405882
 30
0.0
 11
38.05411744
 21
16.55964938
 31
0.0
  0
LINE
  5
4B2
330
1F
100
AcDbEntity
  8
BOTTOM
100
AcDbLine
 10
38.05411744
 20
16.55964938
 30
0.0
 11
38.05852688
 21
16.55964938
 31
0.0
  0
LINE
  5
4B3
330
1F
100
AcDbEntity
  8
BOTTOM
100
AcDbLine
 10
38.05852688
 20
16.55964938
 30
0.0
 11
38.05852688
 21
16.43616728
 31
0.0
  0
LINE
  5
4B4
330
1F
100
AcDbEntity
  8
BOTTOM
100
AcDbLine
 10
38.05852688
 20
16.43616728
 30
0.0
 11
38.049708
 21
16.43616728
 31
0.0
  0
LINE
  5
4B5
330
1F
100
AcDbEntity
  8
BOTTOM
100
AcDbLine
 10
38.049708
 20
16.43616728
 30
0.0
 11
38.049708
 21
16.43175784
 31
0.0
  0
LINE
  5
4B6
330
1F
100
AcDbEntity
  8
BOTTOM
100
AcDbLine
 10
38.049708
 20
16.43175784
 30
0.0
 11
38.04529601999999
 21
16.43175784
 31
0.0
  0
LINE
  5
4B7
330
1F
100
AcDbEntity
  8
BOTTOM
100
AcDbLine
 10
38.04529601999999
 20
16.43175784
 30
0.0
 11
38.04529601999999
 21
16.38324892
 31
0.0
  0
LINE
  5
4B8
330
1F
100
AcDbEntity
  8
BOTTOM
100
AcDbLine
 10
38.04529601999999
 20
16.38324892
 30
0.0
 11
38.049708
 21
16.38324892
 31
0.0
  0
LINE
  5
4B9
330
1F
100
AcDbEntity
  8
BOTTOM
100
AcDbLine
 10
38.049708
 20
16.38324892
 30
0.0
 11
38.049708
 21
16.37883694
 31
0.0
  0
LINE
  5
4BA
330
1F
100
AcDbEntity
  8
BOTTOM
100
AcDbLine
 10
38.049708
 20
16.37883694
 30
0.0
 11
38.04529601999999
 21
16.37883694
 31
0.0
  0
LINE
  5
4BB
330
1F
100
AcDbEntity
  8
BOTTOM
100
AcDbLine
 10
38.04529601999999
 20
16.37883694
 30
0.0
 11
38.04529601999999
 21
16.37001806
 31
0.0
  0
LINE
  5
4BC
330
1F
100
AcDbEntity
  8
BOTTOM
100
AcDbLine
 10
38.04529601999999
 20
16.37001806
 30
0.0
 11
38.03647714
 21
16.37001806
 31
0.0
  0
LINE
  5
4BD
330
1F
100
AcDbEntity
  8
BOTTOM
100
AcDbLine
 10
38.03647714
 20
16.37001806
 30
0.0
 11
38.03647714
 21
16.33032802
 31
0.0
  0
LINE
  5
4BE
330
1F
100
AcDbEntity
  8
BOTTOM
100
AcDbLine
 10
38.03647714
 20
16.33032802
 30
0.0
 11
38.0320677
 21
16.33032802
 31
0.0
  0
LINE
  5
4BF
330
1F
100
AcDbEntity
  8
BOTTOM
100
AcDbLine
 10
38.0320677
 20
16.33032802
 30
0.0
 11
38.0320677
 21
16.32591858
 31
0.0
  0
LINE
  5
4C0
330
1F
100
AcDbEntity
  8
BOTTOM
100
AcDbLine
 10
38.0320677
 20
16.32591858
 30
0.0
 11
38.02765572
 21
16.32591858
 31
0.0
  0
LINE
  5
4C1
330
1F
100
AcDbEntity
  8
BOTTOM
100
AcDbLine
 10
38.02765572
 20
16.32591858
 30
0.0
 11
38.02765572
 21
16.29945686
 31
0.0
  0
LINE
  5
4C2
330
1F
100
AcDbEntity
  8
BOTTOM
100
AcDbLine
 10
38.02765572
 20
16.29945686
 30
0.0
 11
38.01883684
 21
16.29945686
 31
0.0
  0
LINE
  5
4C3
330
1F
100
AcDbEntity
  8
BOTTOM
100
AcDbLine
 10
38.01883684
 20
16.29945686
 30
0.0
 11
38.01883684
 21
16.29504742
 31
0.0
  0
LINE
  5
4C4
330
1F
100
AcDbEntity
  8
BOTTOM
100
AcDbLine
 10
38.01883684
 20
16.29504742
 30
0.0
 11
38.0144274
 21
16.29504742
 31
0.0
  0
LINE
  5
4C5
330
1F
100
AcDbEntity
  8
BOTTOM
100
AcDbLine
 10
38.0144274
 20
16.29504742
 30
0.0
 11
38.0144274
 21
16.27740712
 31
0.0
  0
LINE
  5
4C6
330
1F
100
AcDbEntity
  8
BOTTOM
100
AcDbLine
 10
38.0144274
 20
16.27740712
 30
0.0
 11
38.01001542
 21
16.27740712
 31
0.0
  0
LINE
  5
4C7
330
1F
100
AcDbEntity
  8
BOTTOM
100
AcDbLine
 10
38.01001542
 20
16.27740712
 30
0.0
 11
38.01001542
 21
16.27299768
 31
0.0
  0
LINE
  5
4C8
330
1F
100
AcDbEntity
  8
BOTTOM
100
AcDbLine
 10
38.01001542
 20
16.27299768
 30
0.0
 11
38.00560598
 21
16.27299768
 31
0.0
  0
LINE
  5
4C9
330
1F
100
AcDbEntity
  8
BOTTOM
100
AcDbLine
 10
38.00560598
 20
16.27299768
 30
0.0
 11
38.00560598
 21
16.25535738
 31
0.0
  0
LINE
  5
4CA
330
1F
100
AcDbEntity
  8
BOTTOM
100
AcDbLine
 10
38.00560598
 20
16.25535738
 30
0.0
 11
37.9967871
 21
16.25535738
 31
0.0
  0
LINE
  5
4CB
330
1F
100
AcDbEntity
  8
BOTTOM
100
AcDbLine
 10
37.9967871
 20
16.25535738
 30
0.0
 11
37.9967871
 21
16.25094794
 31
0.0
  0
LINE
  5
4CC
330
1F
100
AcDbEntity
  8
BOTTOM
100
AcDbLine
 10
37.9967871
 20
16.25094794
 30
0.0
 11
37.99237766
 21
16.25094794
 31
0.0
  0
LINE
  5
4CD
330
1F
100
AcDbEntity
  8
BOTTOM
100
AcDbLine
 10
37.99237766
 20
16.25094794
 30
0.0
 11
37.99237766
 21
16.23330764
 31
0.0
  0
LINE
  5
4CE
330
1F
100
AcDbEntity
  8
BOTTOM
100
AcDbLine
 10
37.99237766
 20
16.23330764
 30
0.0
 11
37.98355624
 21
16.23330764
 31
0.0
  0
LINE
  5
4CF
330
1F
100
AcDbEntity
  8
BOTTOM
100
AcDbLine
 10
37.98355624
 20
16.23330764
 30
0.0
 11
37.98355624
 21
16.21566734
 31
0.0
  0
LINE
  5
4D0
330
1F
100
AcDbEntity
  8
BOTTOM
100
AcDbLine
 10
37.98355624
 20
16.21566734
 30
0.0
 11
37.9791468
 21
16.21566734
 31
0.0
  0
LINE
  5
4D1
330
1F
100
AcDbEntity
  8
BOTTOM
100
AcDbLine
 10
37.9791468
 20
16.21566734
 30
0.0
 11
37.9791468
 21
16.2112579
 31
0.0
  0
LINE
  5
4D2
330
1F
100
AcDbEntity
  8
BOTTOM
100
AcDbLine
 10
37.9791468
 20
16.2112579
 30
0.0
 11
37.97473736
 21
16.2112579
 31
0.0
  0
LINE
  5
4D3
330
1F
100
AcDbEntity
  8
BOTTOM
100
AcDbLine
 10
37.97473736
 20
16.2112579
 30
0.0
 11
37.97473736
 21
16.1936176
 31
0.0
  0
LINE
  5
4D4
330
1F
100
AcDbEntity
  8
BOTTOM
100
AcDbLine
 10
37.97473736
 20
16.1936176
 30
0.0
 11
37.96591594
 21
16.1936176
 31
0.0
  0
LINE
  5
4D5
330
1F
100
AcDbEntity
  8
BOTTOM
100
AcDbLine
 10
37.96591594
 20
16.1936176
 30
0.0
 11
37.96591594
 21
16.18920562
 31
0.0
  0
LINE
  5
4D6
330
1F
100
AcDbEntity
  8
BOTTOM
100
AcDbLine
 10
37.96591594
 20
16.18920562
 30
0.0
 11
37.9615065
 21
16.18920562
 31
0.0
  0
LINE
  5
4D7
330
1F
100
AcDbEntity
  8
BOTTOM
100
AcDbLine
 10
37.9615065
 20
16.18920562
 30
0.0
 11
37.9615065
 21
16.18038674
 31
0.0
  0
LINE
  5
4D8
330
1F
100
AcDbEntity
  8
BOTTOM
100
AcDbLine
 10
37.9615065
 20
16.18038674
 30
0.0
 11
37.95268508
 21
16.18038674
 31
0.0
  0
LINE
  5
4D9
330
1F
100
AcDbEntity
  8
BOTTOM
100
AcDbLine
 10
37.95268508
 20
16.18038674
 30
0.0
 11
37.95268508
 21
16.16274644
 31
0.0
  0
LINE
  5
4DA
330
1F
100
AcDbEntity
  8
BOTTOM
100
AcDbLine
 10
37.95268508
 20
16.16274644
 30
0.0
 11
37.94827564
 21
16.16274644
 31
0.0
  0
LINE
  5
4DB
330
1F
100
AcDbEntity
  8
BOTTOM
100
AcDbLine
 10
37.94827564
 20
16.16274644
 30
0.0
 11
37.94827564
 21
16.158337
 31
0.0
  0
LINE
  5
4DC
330
1F
100
AcDbEntity
  8
BOTTOM
100
AcDbLine
 10
37.94827564
 20
16.158337
 30
0.0
 11
37.9438662
 21
16.158337
 31
0.0
  0
LINE
  5
4DD
330
1F
100
AcDbEntity
  8
BOTTOM
100
AcDbLine
 10
37.9438662
 20
16.158337
 30
0.0
 11
37.9438662
 21
16.15392756
 31
0.0
  0
LINE
  5
4DE
330
1F
100
AcDbEntity
  8
BOTTOM
100
AcDbLine
 10
37.9438662
 20
16.15392756
 30
0.0
 11
37.93945676
 21
16.15392756
 31
0.0
  0
LINE
  5
4DF
330
1F
100
AcDbEntity
  8
BOTTOM
100
AcDbLine
 10
37.93945676
 20
16.15392756
 30
0.0
 11
37.93945676
 21
16.14951558
 31
0.0
  0
LINE
  5
4E0
330
1F
100
AcDbEntity
  8
BOTTOM
100
AcDbLine
 10
37.93945676
 20
16.14951558
 30
0.0
 11
37.93504732
 21
16.14951558
 31
0.0
  0
LINE
  5
4E1
330
1F
100
AcDbEntity
  8
BOTTOM
100
AcDbLine
 10
37.93504732
 20
16.14951558
 30
0.0
 11
37.93504732
 21
16.14510614
 31
0.0
  0
LINE
  5
4E2
330
1F
100
AcDbEntity
  8
BOTTOM
100
AcDbLine
 10
37.93504732
 20
16.14510614
 30
0.0
 11
37.93063533999999
 21
16.14510614
 31
0.0
  0
LINE
  5
4E3
330
1F
100
AcDbEntity
  8
BOTTOM
100
AcDbLine
 10
37.93063533999999
 20
16.14510614
 30
0.0
 11
37.93063533999999
 21
16.1406967
 31
0.0
  0
LINE
  5
4E4
330
1F
100
AcDbEntity
  8
BOTTOM
100
AcDbLine
 10
37.93063533999999
 20
16.1406967
 30
0.0
 11
37.9262259
 21
16.1406967
 31
0.0
  0
LINE
  5
4E5
330
1F
100
AcDbEntity
  8
BOTTOM
100
AcDbLine
 10
37.9262259
 20
16.1406967
 30
0.0
 11
37.9262259
 21
16.13628726
 31
0.0
  0
LINE
  5
4E6
330
1F
100
AcDbEntity
  8
BOTTOM
100
AcDbLine
 10
37.9262259
 20
16.13628726
 30
0.0
 11
37.92181646
 21
16.13628726
 31
0.0
  0
LINE
  5
4E7
330
1F
100
AcDbEntity
  8
BOTTOM
100
AcDbLine
 10
37.92181646
 20
16.13628726
 30
0.0
 11
37.92181646
 21
16.13187528
 31
0.0
  0
LINE
  5
4E8
330
1F
100
AcDbEntity
  8
BOTTOM
100
AcDbLine
 10
37.92181646
 20
16.13187528
 30
0.0
 11
37.91740702
 21
16.13187528
 31
0.0
  0
LINE
  5
4E9
330
1F
100
AcDbEntity
  8
BOTTOM
100
AcDbLine
 10
37.91740702
 20
16.13187528
 30
0.0
 11
37.91740702
 21
16.12746584
 31
0.0
  0
LINE
  5
4EA
330
1F
100
AcDbEntity
  8
BOTTOM
100
AcDbLine
 10
37.91740702
 20
16.12746584
 30
0.0
 11
37.91299504
 21
16.12746584
 31
0.0
  0
LINE
  5
4EB
330
1F
100
AcDbEntity
  8
BOTTOM
100
AcDbLine
 10
37.91299504
 20
16.12746584
 30
0.0
 11
37.91299504
 21
16.1230564
 31
0.0
  0
LINE
  5
4EC
330
1F
100
AcDbEntity
  8
BOTTOM
100
AcDbLine
 10
37.91299504
 20
16.1230564
 30
0.0
 11
37.90858559999999
 21
16.1230564
 31
0.0
  0
LINE
  5
4ED
330
1F
100
AcDbEntity
  8
BOTTOM
100
AcDbLine
 10
37.90858559999999
 20
16.1230564
 30
0.0
 11
37.90858559999999
 21
16.11864696
 31
0.0
  0
LINE
  5
4EE
330
1F
100
AcDbEntity
  8
BOTTOM
100
AcDbLine
 10
37.90858559999999
 20
16.11864696
 30
0.0
 11
37.90417616
 21
16.11864696
 31
0.0
  0
LINE
  5
4EF
330
1F
100
AcDbEntity
  8
BOTTOM
100
AcDbLine
 10
37.90417616
 20
16.11864696
 30
0.0
 11
37.90417616
 21
16.11423498
 31
0.0
  0
LINE
  5
4F0
330
1F
100
AcDbEntity
  8
BOTTOM
100
AcDbLine
 10
37.90417616
 20
16.11423498
 30
0.0
 11
37.89976672
 21
16.11423498
 31
0.0
  0
LINE
  5
4F1
330
1F
100
AcDbEntity
  8
BOTTOM
100
AcDbLine
 10
37.89976672
 20
16.11423498
 30
0.0
 11
37.89976672
 21
16.10982554
 31
0.0
  0
LINE
  5
4F2
330
1F
100
AcDbEntity
  8
BOTTOM
100
AcDbLine
 10
37.89976672
 20
16.10982554
 30
0.0
 11
37.89535474
 21
16.10982554
 31
0.0
  0
LINE
  5
4F3
330
1F
100
AcDbEntity
  8
BOTTOM
100
AcDbLine
 10
37.89535474
 20
16.10982554
 30
0.0
 11
37.89535474
 21
16.1054161
 31
0.0
  0
LINE
  5
4F4
330
1F
100
AcDbEntity
  8
BOTTOM
100
AcDbLine
 10
37.89535474
 20
16.1054161
 30
0.0
 11
37.8909453
 21
16.1054161
 31
0.0
  0
LINE
  5
4F5
330
1F
100
AcDbEntity
  8
BOTTOM
100
AcDbLine
 10
37.8909453
 20
16.1054161
 30
0.0
 11
37.8909453
 21
16.10100666
 31
0.0
  0
LINE
  5
4F6
330
1F
100
AcDbEntity
  8
BOTTOM
100
AcDbLine
 10
37.8909453
 20
16.10100666
 30
0.0
 11
37.88653586
 21
16.10100666
 31
0.0
  0
LINE
  5
4F7
330
1F
100
AcDbEntity
  8
BOTTOM
100
AcDbLine
 10
37.88653586
 20
16.10100666
 30
0.0
 11
37.88653586
 21
16.09659722
 31
0.0
  0
LINE
  5
4F8
330
1F
100
AcDbEntity
  8
BOTTOM
100
AcDbLine
 10
37.88653586
 20
16.09659722
 30
0.0
 11
37.88212642
 21
16.09659722
 31
0.0
  0
LINE
  5
4F9
330
1F
100
AcDbEntity
  8
BOTTOM
100
AcDbLine
 10
37.88212642
 20
16.09659722
 30
0.0
 11
37.88212642
 21
16.09218524
 31
0.0
  0
LINE
  5
4FA
330
1F
100
AcDbEntity
  8
BOTTOM
100
AcDbLine
 10
37.88212642
 20
16.09218524
 30
0.0
 11
37.87771698
 21
16.09218524
 31
0.0
  0
LINE
  5
4FB
330
1F
100
AcDbEntity
  8
BOTTOM
100
AcDbLine
 10
37.87771698
 20
16.09218524
 30
0.0
 11
37.87771698
 21
16.0877758
 31
0.0
  0
LINE
  5
4FC
330
1F
100
AcDbEntity
  8
BOTTOM
100
AcDbLine
 10
37.87771698
 20
16.0877758
 30
0.0
 11
37.87330499999999
 21
16.0877758
 31
0.0
  0
LINE
  5
4FD
330
1F
100
AcDbEntity
  8
BOTTOM
100
AcDbLine
 10
37.87330499999999
 20
16.0877758
 30
0.0
 11
37.87330499999999
 21
16.08336636
 31
0.0
  0
LINE
  5
4FE
330
1F
100
AcDbEntity
  8
BOTTOM
100
AcDbLine
 10
37.87330499999999
 20
16.08336636
 30
0.0
 11
37.86889556
 21
16.08336636
 31
0.0
  0
LINE
  5
4FF
330
1F
100
AcDbEntity
  8
BOTTOM
100
AcDbLine
 10
37.86889556
 20
16.08336636
 30
0.0
 11
37.86889556
 21
16.07895692
 31
0.0
  0
LINE
  5
500
330
1F
100
AcDbEntity
  8
BOTTOM
100
AcDbLine
 10
37.86889556
 20
16.07895692
 30
0.0
 11
37.86448612
 21
16.07895692
 31
0.0
  0
LINE
  5
501
330
1F
100
AcDbEntity
  8
BOTTOM
100
AcDbLine
 10
37.86448612
 20
16.07895692
 30
0.0
 11
37.86448612
 21
16.07454494
 31
0.0
  0
LINE
  5
502
330
1F
100
AcDbEntity
  8
BOTTOM
100
AcDbLine
 10
37.86448612
 20
16.07454494
 30
0.0
 11
37.86007668
 21
16.07454494
 31
0.0
  0
LINE
  5
503
330
1F
100
AcDbEntity
  8
BOTTOM
100
AcDbLine
 10
37.86007668
 20
16.07454494
 30
0.0
 11
37.86007668
 21
16.0701355
 31
0.0
  0
LINE
  5
504
330
1F
100
AcDbEntity
  8
BOTTOM
100
AcDbLine
 10
37.86007668
 20
16.0701355
 30
0.0
 11
37.8556647
 21
16.0701355
 31
0.0
  0
LINE
  5
505
330
1F
100
AcDbEntity
  8
BOTTOM
100
AcDbLine
 10
37.8556647
 20
16.0701355
 30
0.0
 11
37.8556647
 21
16.06572606
 31
0.0
  0
LINE
  5
506
330
1F
100
AcDbEntity
  8
BOTTOM
100
AcDbLine
 10
37.8556647
 20
16.06572606
 30
0.0
 11
37.85125525999999
 21
16.06572606
 31
0.0
  0
LINE
  5
507
330
1F
100
AcDbEntity
  8
BOTTOM
100
AcDbLine
 10
37.85125525999999
 20
16.06572606
 30
0.0
 11
37.85125525999999
 21
16.06131662
 31
0.0
  0
LINE
  5
508
330
1F
100
AcDbEntity
  8
BOTTOM
100
AcDbLine
 10
37.85125525999999
 20
16.06131662
 30
0.0
 11
37.84684582
 21
16.06131662
 31
0.0
  0
LINE
  5
509
330
1F
100
AcDbEntity
  8
BOTTOM
100
AcDbLine
 10
37.84684582
 20
16.06131662
 30
0.0
 11
37.84684582
 21
16.05690464
 31
0.0
  0
LINE
  5
50A
330
1F
100
AcDbEntity
  8
BOTTOM
100
AcDbLine
 10
37.84684582
 20
16.05690464
 30
0.0
 11
37.84243638
 21
16.05690464
 31
0.0
  0
LINE
  5
50B
330
1F
100
AcDbEntity
  8
BOTTOM
100
AcDbLine
 10
37.84243638
 20
16.05690464
 30
0.0
 11
37.84243638
 21
16.0524952
 31
0.0
  0
LINE
  5
50C
330
1F
100
AcDbEntity
  8
BOTTOM
100
AcDbLine
 10
37.84243638
 20
16.0524952
 30
0.0
 11
37.8380244
 21
16.0524952
 31
0.0
  0
LINE
  5
50D
330
1F
100
AcDbEntity
  8
BOTTOM
100
AcDbLine
 10
37.8380244
 20
16.0524952
 30
0.0
 11
37.8380244
 21
16.04808576
 31
0.0
  0
LINE
  5
50E
330
1F
100
AcDbEntity
  8
BOTTOM
100
AcDbLine
 10
37.8380244
 20
16.04808576
 30
0.0
 11
37.83361496
 21
16.04808576
 31
0.0
  0
LINE
  5
50F
330
1F
100
AcDbEntity
  8
BOTTOM
100
AcDbLine
 10
37.83361496
 20
16.04808576
 30
0.0
 11
37.83361496
 21
16.04367632
 31
0.0
  0
LINE
  5
510
330
1F
100
AcDbEntity
  8
BOTTOM
100
AcDbLine
 10
37.83361496
 20
16.04367632
 30
0.0
 11
37.81597465999999
 21
16.04367632
 31
0.0
  0
LINE
  5
511
330
1F
100
AcDbEntity
  8
BOTTOM
100
AcDbLine
 10
37.81597465999999
 20
16.04367632
 30
0.0
 11
37.81597465999999
 21
16.0348549
 31
0.0
  0
LINE
  5
512
330
1F
100
AcDbEntity
  8
BOTTOM
100
AcDbLine
 10
37.81597465999999
 20
16.0348549
 30
0.0
 11
37.80715578
 21
16.0348549
 31
0.0
  0
LINE
  5
513
330
1F
100
AcDbEntity
  8
BOTTOM
100
AcDbLine
 10
37.80715578
 20
16.0348549
 30
0.0
 11
37.80715578
 21
16.03044546
 31
0.0
  0
LINE
  5
514
330
1F
100
AcDbEntity
  8
BOTTOM
100
AcDbLine
 10
37.80715578
 20
16.03044546
 30
0.0
 11
37.80274634
 21
16.03044546
 31
0.0
  0
LINE
  5
515
330
1F
100
AcDbEntity
  8
BOTTOM
100
AcDbLine
 10
37.80274634
 20
16.03044546
 30
0.0
 11
37.80274634
 21
16.02162658
 31
0.0
  0
LINE
  5
516
330
1F
100
AcDbEntity
  8
BOTTOM
100
AcDbLine
 10
37.80274634
 20
16.02162658
 30
0.0
 11
37.78510604
 21
16.02162658
 31
0.0
  0
LINE
  5
517
330
1F
100
AcDbEntity
  8
BOTTOM
100
AcDbLine
 10
37.78510604
 20
16.02162658
 30
0.0
 11
37.78510604
 21
16.0172146
 31
0.0
  0
LINE
  5
518
330
1F
100
AcDbEntity
  8
BOTTOM
100
AcDbLine
 10
37.78510604
 20
16.0172146
 30
0.0
 11
37.78069406
 21
16.0172146
 31
0.0
  0
LINE
  5
519
330
1F
100
AcDbEntity
  8
BOTTOM
100
AcDbLine
 10
37.78069406
 20
16.0172146
 30
0.0
 11
37.78069406
 21
16.01280516
 31
0.0
  0
LINE
  5
51A
330
1F
100
AcDbEntity
  8
BOTTOM
100
AcDbLine
 10
37.78069406
 20
16.01280516
 30
0.0
 11
37.7630563
 21
16.01280516
 31
0.0
  0
LINE
  5
51B
330
1F
100
AcDbEntity
  8
BOTTOM
100
AcDbLine
 10
37.7630563
 20
16.01280516
 30
0.0
 11
37.7630563
 21
16.00398628
 31
0.0
  0
LINE
  5
51C
330
1F
100
AcDbEntity
  8
BOTTOM
100
AcDbLine
 10
37.7630563
 20
16.00398628
 30
0.0
 11
37.75864431999999
 21
16.00398628
 31
0.0
  0
LINE
  5
51D
330
1F
100
AcDbEntity
  8
BOTTOM
100
AcDbLine
 10
37.75864431999999
 20
16.00398628
 30
0.0
 11
37.75864431999999
 21
15.9995743
 31
0.0
  0
LINE
  5
51E
330
1F
100
AcDbEntity
  8
BOTTOM
100
AcDbLine
 10
37.75864431999999
 20
15.9995743
 30
0.0
 11
37.74100402
 21
15.9995743
 31
0.0
  0
LINE
  5
51F
330
1F
100
AcDbEntity
  8
BOTTOM
100
AcDbLine
 10
37.74100402
 20
15.9995743
 30
0.0
 11
37.74100402
 21
15.99075542
 31
0.0
  0
LINE
  5
520
330
1F
100
AcDbEntity
  8
BOTTOM
100
AcDbLine
 10
37.74100402
 20
15.99075542
 30
0.0
 11
37.72336372
 21
15.99075542
 31
0.0
  0
LINE
  5
521
330
1F
100
AcDbEntity
  8
BOTTOM
100
AcDbLine
 10
37.72336372
 20
15.99075542
 30
0.0
 11
37.72336372
 21
15.98634598
 31
0.0
  0
LINE
  5
522
330
1F
100
AcDbEntity
  8
BOTTOM
100
AcDbLine
 10
37.72336372
 20
15.98634598
 30
0.0
 11
37.71895428
 21
15.98634598
 31
0.0
  0
LINE
  5
523
330
1F
100
AcDbEntity
  8
BOTTOM
100
AcDbLine
 10
37.71895428
 20
15.98634598
 30
0.0
 11
37.71895428
 21
15.98193654
 31
0.0
  0
LINE
  5
524
330
1F
100
AcDbEntity
  8
BOTTOM
100
AcDbLine
 10
37.71895428
 20
15.98193654
 30
0.0
 11
37.71454484
 21
15.98193654
 31
0.0
  0
LINE
  5
525
330
1F
100
AcDbEntity
  8
BOTTOM
100
AcDbLine
 10
37.71454484
 20
15.98193654
 30
0.0
 11
37.71454484
 21
15.97752456
 31
0.0
  0
LINE
  5
526
330
1F
100
AcDbEntity
  8
BOTTOM
100
AcDbLine
 10
37.71454484
 20
15.97752456
 30
0.0
 11
37.70131397999999
 21
15.97752456
 31
0.0
  0
LINE
  5
527
330
1F
100
AcDbEntity
  8
BOTTOM
100
AcDbLine
 10
37.70131397999999
 20
15.97752456
 30
0.0
 11
37.70131397999999
 21
15.98193654
 31
0.0
  0
LINE
  5
528
330
1F
100
AcDbEntity
  8
BOTTOM
100
AcDbLine
 10
37.70131397999999
 20
15.98193654
 30
0.0
 11
37.6924951
 21
15.98193654
 31
0.0
  0
LINE
  5
529
330
1F
100
AcDbEntity
  8
BOTTOM
100
AcDbLine
 10
37.6924951
 20
15.98193654
 30
0.0
 11
37.6924951
 21
15.97752456
 31
0.0
  0
LINE
  5
52A
330
1F
100
AcDbEntity
  8
BOTTOM
100
AcDbLine
 10
37.6924951
 20
15.97752456
 30
0.0
 11
37.68808566
 21
15.97752456
 31
0.0
  0
LINE
  5
52B
330
1F
100
AcDbEntity
  8
BOTTOM
100
AcDbLine
 10
37.68808566
 20
15.97752456
 30
0.0
 11
37.68808566
 21
15.97311512
 31
0.0
  0
LINE
  5
52C
330
1F
100
AcDbEntity
  8
BOTTOM
100
AcDbLine
 10
37.68808566
 20
15.97311512
 30
0.0
 11
37.68367368
 21
15.97311512
 31
0.0
  0
LINE
  5
52D
330
1F
100
AcDbEntity
  8
BOTTOM
100
AcDbLine
 10
37.68367368
 20
15.97311512
 30
0.0
 11
37.68367368
 21
15.96870568
 31
0.0
  0
LINE
  5
52E
330
1F
100
AcDbEntity
  8
BOTTOM
100
AcDbLine
 10
37.68367368
 20
15.96870568
 30
0.0
 11
37.6572145
 21
15.96870568
 31
0.0
  0
LINE
  5
52F
330
1F
100
AcDbEntity
  8
BOTTOM
100
AcDbLine
 10
37.6572145
 20
15.96870568
 30
0.0
 11
37.6572145
 21
15.96429624
 31
0.0
  0
LINE
  5
530
330
1F
100
AcDbEntity
  8
BOTTOM
100
AcDbLine
 10
37.6572145
 20
15.96429624
 30
0.0
 11
37.65280506
 21
15.96429624
 31
0.0
  0
LINE
  5
531
330
1F
100
AcDbEntity
  8
BOTTOM
100
AcDbLine
 10
37.65280506
 20
15.96429624
 30
0.0
 11
37.65280506
 21
15.95988426
 31
0.0
  0
LINE
  5
532
330
1F
100
AcDbEntity
  8
BOTTOM
100
AcDbLine
 10
37.65280506
 20
15.95988426
 30
0.0
 11
37.61752446
 21
15.95988426
 31
0.0
  0
LINE
  5
533
330
1F
100
AcDbEntity
  8
BOTTOM
100
AcDbLine
 10
37.61752446
 20
15.95988426
 30
0.0
 11
37.61752446
 21
15.95547482
 31
0.0
  0
LINE
  5
534
330
1F
100
AcDbEntity
  8
BOTTOM
100
AcDbLine
 10
37.61752446
 20
15.95547482
 30
0.0
 11
37.61311502
 21
15.95547482
 31
0.0
  0
LINE
  5
535
330
1F
100
AcDbEntity
  8
BOTTOM
100
AcDbLine
 10
37.61311502
 20
15.95547482
 30
0.0
 11
37.61311502
 21
15.95106538
 31
0.0
  0
LINE
  5
536
330
1F
100
AcDbEntity
  8
BOTTOM
100
AcDbLine
 10
37.61311502
 20
15.95106538
 30
0.0
 11
37.60870304
 21
15.95106538
 31
0.0
  0
LINE
  5
537
330
1F
100
AcDbEntity
  8
BOTTOM
100
AcDbLine
 10
37.60870304
 20
15.95106538
 30
0.0
 11
37.60870304
 21
15.94665594
 31
0.0
  0
LINE
  5
538
330
1F
100
AcDbEntity
  8
BOTTOM
100
AcDbLine
 10
37.60870304
 20
15.94665594
 30
0.0
 11
37.53814438
 21
15.94665594
 31
0.0
  0
LINE
  5
539
330
1F
100
AcDbEntity
  8
BOTTOM
100
AcDbLine
 10
37.53814438
 20
15.94665594
 30
0.0
 11
37.53814438
 21
15.93783452
 31
0.0
  0
LINE
  5
53A
330
1F
100
AcDbEntity
  8
BOTTOM
100
AcDbLine
 10
37.53814438
 20
15.93783452
 30
0.0
 11
37.46758318
 21
15.93783452
 31
0.0
  0
LINE
  5
53B
330
1F
100
AcDbEntity
  8
BOTTOM
100
AcDbLine
 10
37.46758318
 20
15.93783452
 30
0.0
 11
37.46758318
 21
15.94224396
 31
0.0
  0
LINE
  5
53C
330
1F
100
AcDbEntity
  8
BOTTOM
100
AcDbLine
 10
37.46758318
 20
15.94224396
 30
0.0
 11
37.46317374
 21
15.94224396
 31
0.0
  0
LINE
  5
53D
330
1F
100
AcDbEntity
  8
BOTTOM
100
AcDbLine
 10
37.46317374
 20
15.94224396
 30
0.0
 11
37.46317374
 21
15.94665594
 31
0.0
  0
LINE
  5
53E
330
1F
100
AcDbEntity
  8
BOTTOM
100
AcDbLine
 10
37.46317374
 20
15.94665594
 30
0.0
 11
37.38379365999999
 21
15.94665594
 31
0.0
  0
LINE
  5
53F
330
1F
100
AcDbEntity
  8
BOTTOM
100
AcDbLine
 10
37.38379365999999
 20
15.94665594
 30
0.0
 11
37.38379365999999
 21
15.95106538
 31
0.0
  0
LINE
  5
540
330
1F
100
AcDbEntity
  8
BOTTOM
100
AcDbLine
 10
37.38379365999999
 20
15.95106538
 30
0.0
 11
37.37938167999999
 21
15.95106538
 31
0.0
  0
LINE
  5
541
330
1F
100
AcDbEntity
  8
BOTTOM
100
AcDbLine
 10
37.37938167999999
 20
15.95106538
 30
0.0
 11
37.37938167999999
 21
15.95547482
 31
0.0
  0
LINE
  5
542
330
1F
100
AcDbEntity
  8
BOTTOM
100
AcDbLine
 10
37.37938167999999
 20
15.95547482
 30
0.0
 11
37.37497224
 21
15.95547482
 31
0.0
  0
LINE
  5
543
330
1F
100
AcDbEntity
  8
BOTTOM
100
AcDbLine
 10
37.37497224
 20
15.95547482
 30
0.0
 11
37.37497224
 21
15.95988426
 31
0.0
  0
LINE
  5
544
330
1F
100
AcDbEntity
  8
BOTTOM
100
AcDbLine
 10
37.37497224
 20
15.95988426
 30
0.0
 11
37.33969164
 21
15.95988426
 31
0.0
  0
LINE
  5
545
330
1F
100
AcDbEntity
  8
BOTTOM
100
AcDbLine
 10
37.33969164
 20
15.95988426
 30
0.0
 11
37.33969164
 21
15.96429624
 31
0.0
  0
LINE
  5
546
330
1F
100
AcDbEntity
  8
BOTTOM
100
AcDbLine
 10
37.33969164
 20
15.96429624
 30
0.0
 11
37.33528219999999
 21
15.96429624
 31
0.0
  0
LINE
  5
547
330
1F
100
AcDbEntity
  8
BOTTOM
100
AcDbLine
 10
37.33528219999999
 20
15.96429624
 30
0.0
 11
37.33528219999999
 21
15.96870568
 31
0.0
  0
LINE
  5
548
330
1F
100
AcDbEntity
  8
BOTTOM
100
AcDbLine
 10
37.33528219999999
 20
15.96870568
 30
0.0
 11
37.30882302
 21
15.96870568
 31
0.0
  0
LINE
  5
549
330
1F
100
AcDbEntity
  8
BOTTOM
100
AcDbLine
 10
37.30882302
 20
15.96870568
 30
0.0
 11
37.30882302
 21
15.97311512
 31
0.0
  0
LINE
  5
54A
330
1F
100
AcDbEntity
  8
BOTTOM
100
AcDbLine
 10
37.30882302
 20
15.97311512
 30
0.0
 11
37.30441357999999
 21
15.97311512
 31
0.0
  0
LINE
  5
54B
330
1F
100
AcDbEntity
  8
BOTTOM
100
AcDbLine
 10
37.30441357999999
 20
15.97311512
 30
0.0
 11
37.30441357999999
 21
15.97752456
 31
0.0
  0
LINE
  5
54C
330
1F
100
AcDbEntity
  8
BOTTOM
100
AcDbLine
 10
37.30441357999999
 20
15.97752456
 30
0.0
 11
37.3000016
 21
15.97752456
 31
0.0
  0
LINE
  5
54D
330
1F
100
AcDbEntity
  8
BOTTOM
100
AcDbLine
 10
37.3000016
 20
15.97752456
 30
0.0
 11
37.3000016
 21
15.98193654
 31
0.0
  0
LINE
  5
54E
330
1F
100
AcDbEntity
  8
BOTTOM
100
AcDbLine
 10
37.3000016
 20
15.98193654
 30
0.0
 11
37.29559216
 21
15.98193654
 31
0.0
  0
LINE
  5
54F
330
1F
100
AcDbEntity
  8
BOTTOM
100
AcDbLine
 10
37.29559216
 20
15.98193654
 30
0.0
 11
37.29559216
 21
15.97752456
 31
0.0
  0
LINE
  5
550
330
1F
100
AcDbEntity
  8
BOTTOM
100
AcDbLine
 10
37.29559216
 20
15.97752456
 30
0.0
 11
37.29118272
 21
15.97752456
 31
0.0
  0
LINE
  5
551
330
1F
100
AcDbEntity
  8
BOTTOM
100
AcDbLine
 10
37.29118272
 20
15.97752456
 30
0.0
 11
37.29118272
 21
15.98193654
 31
0.0
  0
LINE
  5
552
330
1F
100
AcDbEntity
  8
BOTTOM
100
AcDbLine
 10
37.29118272
 20
15.98193654
 30
0.0
 11
37.28677328
 21
15.98193654
 31
0.0
  0
LINE
  5
553
330
1F
100
AcDbEntity
  8
BOTTOM
100
AcDbLine
 10
37.28677328
 20
15.98193654
 30
0.0
 11
37.28677328
 21
15.98634598
 31
0.0
  0
LINE
  5
554
330
1F
100
AcDbEntity
  8
BOTTOM
100
AcDbLine
 10
37.28677328
 20
15.98634598
 30
0.0
 11
37.2823613
 21
15.98634598
 31
0.0
  0
LINE
  5
555
330
1F
100
AcDbEntity
  8
BOTTOM
100
AcDbLine
 10
37.2823613
 20
15.98634598
 30
0.0
 11
37.2823613
 21
15.99075542
 31
0.0
  0
LINE
  5
556
330
1F
100
AcDbEntity
  8
BOTTOM
100
AcDbLine
 10
37.2823613
 20
15.99075542
 30
0.0
 11
37.25590211999999
 21
15.99075542
 31
0.0
  0
LINE
  5
557
330
1F
100
AcDbEntity
  8
BOTTOM
100
AcDbLine
 10
37.25590211999999
 20
15.99075542
 30
0.0
 11
37.25590211999999
 21
15.99516486
 31
0.0
  0
LINE
  5
558
330
1F
100
AcDbEntity
  8
BOTTOM
100
AcDbLine
 10
37.25590211999999
 20
15.99516486
 30
0.0
 11
37.25149268
 21
15.99516486
 31
0.0
  0
LINE
  5
559
330
1F
100
AcDbEntity
  8
BOTTOM
100
AcDbLine
 10
37.25149268
 20
15.99516486
 30
0.0
 11
37.25149268
 21
15.9995743
 31
0.0
  0
LINE
  5
55A
330
1F
100
AcDbEntity
  8
BOTTOM
100
AcDbLine
 10
37.25149268
 20
15.9995743
 30
0.0
 11
37.23385238
 21
15.9995743
 31
0.0
  0
LINE
  5
55B
330
1F
100
AcDbEntity
  8
BOTTOM
100
AcDbLine
 10
37.23385238
 20
15.9995743
 30
0.0
 11
37.23385238
 21
16.00839572
 31
0.0
  0
LINE
  5
55C
330
1F
100
AcDbEntity
  8
BOTTOM
100
AcDbLine
 10
37.23385238
 20
16.00839572
 30
0.0
 11
37.22944294
 21
16.00839572
 31
0.0
  0
LINE
  5
55D
330
1F
100
AcDbEntity
  8
BOTTOM
100
AcDbLine
 10
37.22944294
 20
16.00839572
 30
0.0
 11
37.22944294
 21
16.01280516
 31
0.0
  0
LINE
  5
55E
330
1F
100
AcDbEntity
  8
BOTTOM
100
AcDbLine
 10
37.22944294
 20
16.01280516
 30
0.0
 11
37.22503096
 21
16.01280516
 31
0.0
  0
LINE
  5
55F
330
1F
100
AcDbEntity
  8
BOTTOM
100
AcDbLine
 10
37.22503096
 20
16.01280516
 30
0.0
 11
37.22503096
 21
16.0172146
 31
0.0
  0
LINE
  5
560
330
1F
100
AcDbEntity
  8
BOTTOM
100
AcDbLine
 10
37.22503096
 20
16.0172146
 30
0.0
 11
37.22062152
 21
16.0172146
 31
0.0
  0
LINE
  5
561
330
1F
100
AcDbEntity
  8
BOTTOM
100
AcDbLine
 10
37.22062152
 20
16.0172146
 30
0.0
 11
37.22062152
 21
16.02162658
 31
0.0
  0
LINE
  5
562
330
1F
100
AcDbEntity
  8
BOTTOM
100
AcDbLine
 10
37.22062152
 20
16.02162658
 30
0.0
 11
37.20298122
 21
16.02162658
 31
0.0
  0
LINE
  5
563
330
1F
100
AcDbEntity
  8
BOTTOM
100
AcDbLine
 10
37.20298122
 20
16.02162658
 30
0.0
 11
37.20298122
 21
16.02603602
 31
0.0
  0
LINE
  5
564
330
1F
100
AcDbEntity
  8
BOTTOM
100
AcDbLine
 10
37.20298122
 20
16.02603602
 30
0.0
 11
37.19857177999999
 21
16.02603602
 31
0.0
  0
LINE
  5
565
330
1F
100
AcDbEntity
  8
BOTTOM
100
AcDbLine
 10
37.19857177999999
 20
16.02603602
 30
0.0
 11
37.19857177999999
 21
16.03044546
 31
0.0
  0
LINE
  5
566
330
1F
100
AcDbEntity
  8
BOTTOM
100
AcDbLine
 10
37.19857177999999
 20
16.03044546
 30
0.0
 11
37.19416234
 21
16.03044546
 31
0.0
  0
LINE
  5
567
330
1F
100
AcDbEntity
  8
BOTTOM
100
AcDbLine
 10
37.19416234
 20
16.03044546
 30
0.0
 11
37.19416234
 21
16.0348549
 31
0.0
  0
LINE
  5
568
330
1F
100
AcDbEntity
  8
BOTTOM
100
AcDbLine
 10
37.19416234
 20
16.0348549
 30
0.0
 11
37.18975289999999
 21
16.0348549
 31
0.0
  0
LINE
  5
569
330
1F
100
AcDbEntity
  8
BOTTOM
100
AcDbLine
 10
37.18975289999999
 20
16.0348549
 30
0.0
 11
37.18975289999999
 21
16.03044546
 31
0.0
  0
LINE
  5
56A
330
1F
100
AcDbEntity
  8
BOTTOM
100
AcDbLine
 10
37.18975289999999
 20
16.03044546
 30
0.0
 11
37.18534092
 21
16.03044546
 31
0.0
  0
LINE
  5
56B
330
1F
100
AcDbEntity
  8
BOTTOM
100
AcDbLine
 10
37.18534092
 20
16.03044546
 30
0.0
 11
37.18534092
 21
16.0348549
 31
0.0
  0
LINE
  5
56C
330
1F
100
AcDbEntity
  8
BOTTOM
100
AcDbLine
 10
37.18534092
 20
16.0348549
 30
0.0
 11
37.18093148
 21
16.0348549
 31
0.0
  0
LINE
  5
56D
330
1F
100
AcDbEntity
  8
BOTTOM
100
AcDbLine
 10
37.18093148
 20
16.0348549
 30
0.0
 11
37.18093148
 21
16.03926688
 31
0.0
  0
LINE
  5
56E
330
1F
100
AcDbEntity
  8
BOTTOM
100
AcDbLine
 10
37.18093148
 20
16.03926688
 30
0.0
 11
37.17652204
 21
16.03926688
 31
0.0
  0
LINE
  5
56F
330
1F
100
AcDbEntity
  8
BOTTOM
100
AcDbLine
 10
37.17652204
 20
16.03926688
 30
0.0
 11
37.17652204
 21
16.04367632
 31
0.0
  0
LINE
  5
570
330
1F
100
AcDbEntity
  8
BOTTOM
100
AcDbLine
 10
37.17652204
 20
16.04367632
 30
0.0
 11
37.1721126
 21
16.04367632
 31
0.0
  0
LINE
  5
571
330
1F
100
AcDbEntity
  8
BOTTOM
100
AcDbLine
 10
37.1721126
 20
16.04367632
 30
0.0
 11
37.1721126
 21
16.04808576
 31
0.0
  0
LINE
  5
572
330
1F
100
AcDbEntity
  8
BOTTOM
100
AcDbLine
 10
37.1721126
 20
16.04808576
 30
0.0
 11
37.16770062
 21
16.04808576
 31
0.0
  0
LINE
  5
573
330
1F
100
AcDbEntity
  8
BOTTOM
100
AcDbLine
 10
37.16770062
 20
16.04808576
 30
0.0
 11
37.16770062
 21
16.0524952
 31
0.0
  0
LINE
  5
574
330
1F
100
AcDbEntity
  8
BOTTOM
100
AcDbLine
 10
37.16770062
 20
16.0524952
 30
0.0
 11
37.16329118
 21
16.0524952
 31
0.0
  0
LINE
  5
575
330
1F
100
AcDbEntity
  8
BOTTOM
100
AcDbLine
 10
37.16329118
 20
16.0524952
 30
0.0
 11
37.16329118
 21
16.05690464
 31
0.0
  0
LINE
  5
576
330
1F
100
AcDbEntity
  8
BOTTOM
100
AcDbLine
 10
37.16329118
 20
16.05690464
 30
0.0
 11
37.15888174
 21
16.05690464
 31
0.0
  0
LINE
  5
577
330
1F
100
AcDbEntity
  8
BOTTOM
100
AcDbLine
 10
37.15888174
 20
16.05690464
 30
0.0
 11
37.15888174
 21
16.06131662
 31
0.0
  0
LINE
  5
578
330
1F
100
AcDbEntity
  8
BOTTOM
100
AcDbLine
 10
37.15888174
 20
16.06131662
 30
0.0
 11
37.1544723
 21
16.06131662
 31
0.0
  0
LINE
  5
579
330
1F
100
AcDbEntity
  8
BOTTOM
100
AcDbLine
 10
37.1544723
 20
16.06131662
 30
0.0
 11
37.1544723
 21
16.06572606
 31
0.0
  0
LINE
  5
57A
330
1F
100
AcDbEntity
  8
BOTTOM
100
AcDbLine
 10
37.1544723
 20
16.06572606
 30
0.0
 11
37.136832
 21
16.06572606
 31
0.0
  0
LINE
  5
57B
330
1F
100
AcDbEntity
  8
BOTTOM
100
AcDbLine
 10
37.136832
 20
16.06572606
 30
0.0
 11
37.136832
 21
16.07454494
 31
0.0
  0
LINE
  5
57C
330
1F
100
AcDbEntity
  8
BOTTOM
100
AcDbLine
 10
37.136832
 20
16.07454494
 30
0.0
 11
37.12801057999999
 21
16.07454494
 31
0.0
  0
LINE
  5
57D
330
1F
100
AcDbEntity
  8
BOTTOM
100
AcDbLine
 10
37.12801057999999
 20
16.07454494
 30
0.0
 11
37.12801057999999
 21
16.08336636
 31
0.0
  0
LINE
  5
57E
330
1F
100
AcDbEntity
  8
BOTTOM
100
AcDbLine
 10
37.12801057999999
 20
16.08336636
 30
0.0
 11
37.11919169999999
 21
16.08336636
 31
0.0
  0
LINE
  5
57F
330
1F
100
AcDbEntity
  8
BOTTOM
100
AcDbLine
 10
37.11919169999999
 20
16.08336636
 30
0.0
 11
37.11919169999999
 21
16.0877758
 31
0.0
  0
LINE
  5
580
330
1F
100
AcDbEntity
  8
BOTTOM
100
AcDbLine
 10
37.11919169999999
 20
16.0877758
 30
0.0
 11
37.11478226
 21
16.0877758
 31
0.0
  0
LINE
  5
581
330
1F
100
AcDbEntity
  8
BOTTOM
100
AcDbLine
 10
37.11478226
 20
16.0877758
 30
0.0
 11
37.11478226
 21
16.09659722
 31
0.0
  0
LINE
  5
582
330
1F
100
AcDbEntity
  8
BOTTOM
100
AcDbLine
 10
37.11478226
 20
16.09659722
 30
0.0
 11
37.10596084
 21
16.09659722
 31
0.0
  0
LINE
  5
583
330
1F
100
AcDbEntity
  8
BOTTOM
100
AcDbLine
 10
37.10596084
 20
16.09659722
 30
0.0
 11
37.10596084
 21
16.1054161
 31
0.0
  0
LINE
  5
584
330
1F
100
AcDbEntity
  8
BOTTOM
100
AcDbLine
 10
37.10596084
 20
16.1054161
 30
0.0
 11
37.09714196
 21
16.1054161
 31
0.0
  0
LINE
  5
585
330
1F
100
AcDbEntity
  8
BOTTOM
100
AcDbLine
 10
37.09714196
 20
16.1054161
 30
0.0
 11
37.09714196
 21
16.10982554
 31
0.0
  0
LINE
  5
586
330
1F
100
AcDbEntity
  8
BOTTOM
100
AcDbLine
 10
37.09714196
 20
16.10982554
 30
0.0
 11
37.09272997999999
 21
16.10982554
 31
0.0
  0
LINE
  5
587
330
1F
100
AcDbEntity
  8
BOTTOM
100
AcDbLine
 10
37.09272997999999
 20
16.10982554
 30
0.0
 11
37.09272997999999
 21
16.11864696
 31
0.0
  0
LINE
  5
588
330
1F
100
AcDbEntity
  8
BOTTOM
100
AcDbLine
 10
37.09272997999999
 20
16.11864696
 30
0.0
 11
37.08391109999999
 21
16.11864696
 31
0.0
  0
LINE
  5
589
330
1F
100
AcDbEntity
  8
BOTTOM
100
AcDbLine
 10
37.08391109999999
 20
16.11864696
 30
0.0
 11
37.08391109999999
 21
16.12746584
 31
0.0
  0
LINE
  5
58A
330
1F
100
AcDbEntity
  8
BOTTOM
100
AcDbLine
 10
37.08391109999999
 20
16.12746584
 30
0.0
 11
37.07509221999999
 21
16.12746584
 31
0.0
  0
LINE
  5
58B
330
1F
100
AcDbEntity
  8
BOTTOM
100
AcDbLine
 10
37.07509221999999
 20
16.12746584
 30
0.0
 11
37.07509221999999
 21
16.14510614
 31
0.0
  0
LINE
  5
58C
330
1F
100
AcDbEntity
  8
BOTTOM
100
AcDbLine
 10
37.07509221999999
 20
16.14510614
 30
0.0
 11
37.07068023999999
 21
16.14510614
 31
0.0
  0
LINE
  5
58D
330
1F
100
AcDbEntity
  8
BOTTOM
100
AcDbLine
 10
37.07068023999999
 20
16.14510614
 30
0.0
 11
37.07068023999999
 21
16.14951558
 31
0.0
  0
LINE
  5
58E
330
1F
100
AcDbEntity
  8
BOTTOM
100
AcDbLine
 10
37.07068023999999
 20
16.14951558
 30
0.0
 11
37.0662708
 21
16.14951558
 31
0.0
  0
LINE
  5
58F
330
1F
100
AcDbEntity
  8
BOTTOM
100
AcDbLine
 10
37.0662708
 20
16.14951558
 30
0.0
 11
37.0662708
 21
16.15392756
 31
0.0
  0
LINE
  5
590
330
1F
100
AcDbEntity
  8
BOTTOM
100
AcDbLine
 10
37.0662708
 20
16.15392756
 30
0.0
 11
37.06186135999999
 21
16.15392756
 31
0.0
  0
LINE
  5
591
330
1F
100
AcDbEntity
  8
BOTTOM
100
AcDbLine
 10
37.06186135999999
 20
16.15392756
 30
0.0
 11
37.06186135999999
 21
16.158337
 31
0.0
  0
LINE
  5
592
330
1F
100
AcDbEntity
  8
BOTTOM
100
AcDbLine
 10
37.06186135999999
 20
16.158337
 30
0.0
 11
37.05745192
 21
16.158337
 31
0.0
  0
LINE
  5
593
330
1F
100
AcDbEntity
  8
BOTTOM
100
AcDbLine
 10
37.05745192
 20
16.158337
 30
0.0
 11
37.05745192
 21
16.16274644
 31
0.0
  0
LINE
  5
594
330
1F
100
AcDbEntity
  8
BOTTOM
100
AcDbLine
 10
37.05745192
 20
16.16274644
 30
0.0
 11
37.05303994
 21
16.16274644
 31
0.0
  0
LINE
  5
595
330
1F
100
AcDbEntity
  8
BOTTOM
100
AcDbLine
 10
37.05303994
 20
16.16274644
 30
0.0
 11
37.05303994
 21
16.16715588
 31
0.0
  0
LINE
  5
596
330
1F
100
AcDbEntity
  8
BOTTOM
100
AcDbLine
 10
37.05303994
 20
16.16715588
 30
0.0
 11
37.0486305
 21
16.16715588
 31
0.0
  0
LINE
  5
597
330
1F
100
AcDbEntity
  8
BOTTOM
100
AcDbLine
 10
37.0486305
 20
16.16715588
 30
0.0
 11
37.0486305
 21
16.17156532
 31
0.0
  0
LINE
  5
598
330
1F
100
AcDbEntity
  8
BOTTOM
100
AcDbLine
 10
37.0486305
 20
16.17156532
 30
0.0
 11
37.04422106
 21
16.17156532
 31
0.0
  0
LINE
  5
599
330
1F
100
AcDbEntity
  8
BOTTOM
100
AcDbLine
 10
37.04422106
 20
16.17156532
 30
0.0
 11
37.04422106
 21
16.1759773
 31
0.0
  0
LINE
  5
59A
330
1F
100
AcDbEntity
  8
BOTTOM
100
AcDbLine
 10
37.04422106
 20
16.1759773
 30
0.0
 11
37.03981162
 21
16.1759773
 31
0.0
  0
LINE
  5
59B
330
1F
100
AcDbEntity
  8
BOTTOM
100
AcDbLine
 10
37.03981162
 20
16.1759773
 30
0.0
 11
37.03981162
 21
16.18920562
 31
0.0
  0
LINE
  5
59C
330
1F
100
AcDbEntity
  8
BOTTOM
100
AcDbLine
 10
37.03981162
 20
16.18920562
 30
0.0
 11
37.03539963999999
 21
16.18920562
 31
0.0
  0
LINE
  5
59D
330
1F
100
AcDbEntity
  8
BOTTOM
100
AcDbLine
 10
37.03539963999999
 20
16.18920562
 30
0.0
 11
37.03539963999999
 21
16.1936176
 31
0.0
  0
LINE
  5
59E
330
1F
100
AcDbEntity
  8
BOTTOM
100
AcDbLine
 10
37.03539963999999
 20
16.1936176
 30
0.0
 11
37.0309902
 21
16.1936176
 31
0.0
  0
LINE
  5
59F
330
1F
100
AcDbEntity
  8
BOTTOM
100
AcDbLine
 10
37.0309902
 20
16.1936176
 30
0.0
 11
37.0309902
 21
16.19802704
 31
0.0
  0
LINE
  5
5A0
330
1F
100
AcDbEntity
  8
BOTTOM
100
AcDbLine
 10
37.0309902
 20
16.19802704
 30
0.0
 11
37.02658075999999
 21
16.19802704
 31
0.0
  0
LINE
  5
5A1
330
1F
100
AcDbEntity
  8
BOTTOM
100
AcDbLine
 10
37.02658075999999
 20
16.19802704
 30
0.0
 11
37.02658075999999
 21
16.20243648
 31
0.0
  0
LINE
  5
5A2
330
1F
100
AcDbEntity
  8
BOTTOM
100
AcDbLine
 10
37.02658075999999
 20
16.20243648
 30
0.0
 11
37.02217132
 21
16.20243648
 31
0.0
  0
LINE
  5
5A3
330
1F
100
AcDbEntity
  8
BOTTOM
100
AcDbLine
 10
37.02217132
 20
16.20243648
 30
0.0
 11
37.02217132
 21
16.22007678
 31
0.0
  0
LINE
  5
5A4
330
1F
100
AcDbEntity
  8
BOTTOM
100
AcDbLine
 10
37.02217132
 20
16.22007678
 30
0.0
 11
37.01776187999999
 21
16.22007678
 31
0.0
  0
LINE
  5
5A5
330
1F
100
AcDbEntity
  8
BOTTOM
100
AcDbLine
 10
37.01776187999999
 20
16.22007678
 30
0.0
 11
37.01776187999999
 21
16.22448622
 31
0.0
  0
LINE
  5
5A6
330
1F
100
AcDbEntity
  8
BOTTOM
100
AcDbLine
 10
37.01776187999999
 20
16.22448622
 30
0.0
 11
37.00894046
 21
16.22448622
 31
0.0
  0
LINE
  5
5A7
330
1F
100
AcDbEntity
  8
BOTTOM
100
AcDbLine
 10
37.00894046
 20
16.22448622
 30
0.0
 11
37.00894046
 21
16.24212652
 31
0.0
  0
LINE
  5
5A8
330
1F
100
AcDbEntity
  8
BOTTOM
100
AcDbLine
 10
37.00894046
 20
16.24212652
 30
0.0
 11
37.00453101999999
 21
16.24212652
 31
0.0
  0
LINE
  5
5A9
330
1F
100
AcDbEntity
  8
BOTTOM
100
AcDbLine
 10
37.00453101999999
 20
16.24212652
 30
0.0
 11
37.00453101999999
 21
16.24653596
 31
0.0
  0
LINE
  5
5AA
330
1F
100
AcDbEntity
  8
BOTTOM
100
AcDbLine
 10
37.00453101999999
 20
16.24653596
 30
0.0
 11
37.00012158
 21
16.24653596
 31
0.0
  0
LINE
  5
5AB
330
1F
100
AcDbEntity
  8
BOTTOM
100
AcDbLine
 10
37.00012158
 20
16.24653596
 30
0.0
 11
37.00012158
 21
16.26417626
 31
0.0
  0
LINE
  5
5AC
330
1F
100
AcDbEntity
  8
BOTTOM
100
AcDbLine
 10
37.00012158
 20
16.26417626
 30
0.0
 11
36.99130016
 21
16.26417626
 31
0.0
  0
LINE
  5
5AD
330
1F
100
AcDbEntity
  8
BOTTOM
100
AcDbLine
 10
36.99130016
 20
16.26417626
 30
0.0
 11
36.99130016
 21
16.26858824
 31
0.0
  0
LINE
  5
5AE
330
1F
100
AcDbEntity
  8
BOTTOM
100
AcDbLine
 10
36.99130016
 20
16.26858824
 30
0.0
 11
36.98689072
 21
16.26858824
 31
0.0
  0
LINE
  5
5AF
330
1F
100
AcDbEntity
  8
BOTTOM
100
AcDbLine
 10
36.98689072
 20
16.26858824
 30
0.0
 11
36.98689072
 21
16.27740712
 31
0.0
  0
LINE
  5
5B0
330
1F
100
AcDbEntity
  8
BOTTOM
100
AcDbLine
 10
36.98689072
 20
16.27740712
 30
0.0
 11
36.99130016
 21
16.27740712
 31
0.0
  0
LINE
  5
5B1
330
1F
100
AcDbEntity
  8
BOTTOM
100
AcDbLine
 10
36.99130016
 20
16.27740712
 30
0.0
 11
36.99130016
 21
16.28181656
 31
0.0
  0
LINE
  5
5B2
330
1F
100
AcDbEntity
  8
BOTTOM
100
AcDbLine
 10
36.99130016
 20
16.28181656
 30
0.0
 11
36.98689072
 21
16.28181656
 31
0.0
  0
LINE
  5
5B3
330
1F
100
AcDbEntity
  8
BOTTOM
100
AcDbLine
 10
36.98689072
 20
16.28181656
 30
0.0
 11
36.98689072
 21
16.286226
 31
0.0
  0
LINE
  5
5B4
330
1F
100
AcDbEntity
  8
BOTTOM
100
AcDbLine
 10
36.98689072
 20
16.286226
 30
0.0
 11
36.98248128
 21
16.286226
 31
0.0
  0
LINE
  5
5B5
330
1F
100
AcDbEntity
  8
BOTTOM
100
AcDbLine
 10
36.98248128
 20
16.286226
 30
0.0
 11
36.98248128
 21
16.29063798
 31
0.0
  0
LINE
  5
5B6
330
1F
100
AcDbEntity
  8
BOTTOM
100
AcDbLine
 10
36.98248128
 20
16.29063798
 30
0.0
 11
36.9780693
 21
16.29063798
 31
0.0
  0
LINE
  5
5B7
330
1F
100
AcDbEntity
  8
BOTTOM
100
AcDbLine
 10
36.9780693
 20
16.29063798
 30
0.0
 11
36.9780693
 21
16.31709716
 31
0.0
  0
LINE
  5
5B8
330
1F
100
AcDbEntity
  8
BOTTOM
100
AcDbLine
 10
36.9780693
 20
16.31709716
 30
0.0
 11
36.96925041999999
 21
16.31709716
 31
0.0
  0
LINE
  5
5B9
330
1F
100
AcDbEntity
  8
BOTTOM
100
AcDbLine
 10
36.96925041999999
 20
16.31709716
 30
0.0
 11
36.96925041999999
 21
16.34796832
 31
0.0
  0
LINE
  5
5BA
330
1F
100
AcDbEntity
  8
BOTTOM
100
AcDbLine
 10
36.96925041999999
 20
16.34796832
 30
0.0
 11
36.96043153999999
 21
16.34796832
 31
0.0
  0
LINE
  5
5BB
330
1F
100
AcDbEntity
  8
BOTTOM
100
AcDbLine
 10
36.96043153999999
 20
16.34796832
 30
0.0
 11
36.96043153999999
 21
16.35237776
 31
0.0
  0
LINE
  5
5BC
330
1F
100
AcDbEntity
  8
BOTTOM
100
AcDbLine
 10
36.96043153999999
 20
16.35237776
 30
0.0
 11
36.95601955999999
 21
16.35237776
 31
0.0
  0
LINE
  5
5BD
330
1F
100
AcDbEntity
  8
BOTTOM
100
AcDbLine
 10
36.95601955999999
 20
16.35237776
 30
0.0
 11
36.95601955999999
 21
16.40088668
 31
0.0
  0
LINE
  5
5BE
330
1F
100
AcDbEntity
  8
BOTTOM
100
AcDbLine
 10
36.95601955999999
 20
16.40088668
 30
0.0
 11
36.95161012
 21
16.40088668
 31
0.0
  0
LINE
  5
5BF
330
1F
100
AcDbEntity
  8
BOTTOM
100
AcDbLine
 10
36.95161012
 20
16.40088668
 30
0.0
 11
36.95161012
 21
16.40529866
 31
0.0
  0
LINE
  5
5C0
330
1F
100
AcDbEntity
  8
BOTTOM
100
AcDbLine
 10
36.95161012
 20
16.40529866
 30
0.0
 11
36.94720067999999
 21
16.40529866
 31
0.0
  0
LINE
  5
5C1
330
1F
100
AcDbEntity
  8
BOTTOM
100
AcDbLine
 10
36.94720067999999
 20
16.40529866
 30
0.0
 11
36.94720067999999
 21
16.590518
 31
0.0
  0
LINE
  5
5C2
330
1F
100
AcDbEntity
  8
BOTTOM
100
AcDbLine
 10
36.94720067999999
 20
16.590518
 30
0.0
 11
36.95161012
 21
16.590518
 31
0.0
  0
LINE
  5
5C3
330
1F
100
AcDbEntity
  8
BOTTOM
100
AcDbLine
 10
36.95161012
 20
16.590518
 30
0.0
 11
36.95161012
 21
16.59492998
 31
0.0
  0
LINE
  5
5C4
330
1F
100
AcDbEntity
  8
BOTTOM
100
AcDbLine
 10
36.95161012
 20
16.59492998
 30
0.0
 11
36.95601955999999
 21
16.59492998
 31
0.0
  0
LINE
  5
5C5
330
1F
100
AcDbEntity
  8
BOTTOM
100
AcDbLine
 10
36.95601955999999
 20
16.59492998
 30
0.0
 11
36.95601955999999
 21
16.6434389
 31
0.0
  0
LINE
  5
5C6
330
1F
100
AcDbEntity
  8
BOTTOM
100
AcDbLine
 10
36.95601955999999
 20
16.6434389
 30
0.0
 11
36.96043153999999
 21
16.6434389
 31
0.0
  0
LINE
  5
5C7
330
1F
100
AcDbEntity
  8
BOTTOM
100
AcDbLine
 10
36.96043153999999
 20
16.6434389
 30
0.0
 11
36.96043153999999
 21
16.64784834
 31
0.0
  0
LINE
  5
5C8
330
1F
100
AcDbEntity
  8
BOTTOM
100
AcDbLine
 10
36.96043153999999
 20
16.64784834
 30
0.0
 11
36.96484098
 21
16.64784834
 31
0.0
  0
LINE
  5
5C9
330
1F
100
AcDbEntity
  8
BOTTOM
100
AcDbLine
 10
36.96484098
 20
16.64784834
 30
0.0
 11
36.96484098
 21
16.65226032
 31
0.0
  0
LINE
  5
5CA
330
1F
100
AcDbEntity
  8
BOTTOM
100
AcDbLine
 10
36.96484098
 20
16.65226032
 30
0.0
 11
36.96925041999999
 21
16.65226032
 31
0.0
  0
LINE
  5
5CB
330
1F
100
AcDbEntity
  8
BOTTOM
100
AcDbLine
 10
36.96925041999999
 20
16.65226032
 30
0.0
 11
36.96925041999999
 21
16.6787195
 31
0.0
  0
LINE
  5
5CC
330
1F
100
AcDbEntity
  8
BOTTOM
100
AcDbLine
 10
36.96925041999999
 20
16.6787195
 30
0.0
 11
36.9780693
 21
16.6787195
 31
0.0
  0
LINE
  5
5CD
330
1F
100
AcDbEntity
  8
BOTTOM
100
AcDbLine
 10
36.9780693
 20
16.6787195
 30
0.0
 11
36.9780693
 21
16.70959066
 31
0.0
  0
LINE
  5
5CE
330
1F
100
AcDbEntity
  8
BOTTOM
100
AcDbLine
 10
36.9780693
 20
16.70959066
 30
0.0
 11
36.98689072
 21
16.70959066
 31
0.0
  0
LINE
  5
5CF
330
1F
100
AcDbEntity
  8
BOTTOM
100
AcDbLine
 10
36.98689072
 20
16.70959066
 30
0.0
 11
36.98689072
 21
16.72723096
 31
0.0
  0
LINE
  5
5D0
330
1F
100
AcDbEntity
  8
BOTTOM
100
AcDbLine
 10
36.98689072
 20
16.72723096
 30
0.0
 11
36.99130016
 21
16.72723096
 31
0.0
  0
LINE
  5
5D1
330
1F
100
AcDbEntity
  8
BOTTOM
100
AcDbLine
 10
36.99130016
 20
16.72723096
 30
0.0
 11
36.99130016
 21
16.7316404
 31
0.0
  0
LINE
  5
5D2
330
1F
100
AcDbEntity
  8
BOTTOM
100
AcDbLine
 10
36.99130016
 20
16.7316404
 30
0.0
 11
37.00012158
 21
16.7316404
 31
0.0
  0
LINE
  5
5D3
330
1F
100
AcDbEntity
  8
BOTTOM
100
AcDbLine
 10
37.00012158
 20
16.7316404
 30
0.0
 11
37.00012158
 21
16.7492807
 31
0.0
  0
LINE
  5
5D4
330
1F
100
AcDbEntity
  8
BOTTOM
100
AcDbLine
 10
37.00012158
 20
16.7492807
 30
0.0
 11
37.00453101999999
 21
16.7492807
 31
0.0
  0
LINE
  5
5D5
330
1F
100
AcDbEntity
  8
BOTTOM
100
AcDbLine
 10
37.00453101999999
 20
16.7492807
 30
0.0
 11
37.00453101999999
 21
16.75369014
 31
0.0
  0
LINE
  5
5D6
330
1F
100
AcDbEntity
  8
BOTTOM
100
AcDbLine
 10
37.00453101999999
 20
16.75369014
 30
0.0
 11
37.00894046
 21
16.75369014
 31
0.0
  0
LINE
  5
5D7
330
1F
100
AcDbEntity
  8
BOTTOM
100
AcDbLine
 10
37.00894046
 20
16.75369014
 30
0.0
 11
37.00894046
 21
16.77133044
 31
0.0
  0
LINE
  5
5D8
330
1F
100
AcDbEntity
  8
BOTTOM
100
AcDbLine
 10
37.00894046
 20
16.77133044
 30
0.0
 11
37.01776187999999
 21
16.77133044
 31
0.0
  0
LINE
  5
5D9
330
1F
100
AcDbEntity
  8
BOTTOM
100
AcDbLine
 10
37.01776187999999
 20
16.77133044
 30
0.0
 11
37.01776187999999
 21
16.77573988
 31
0.0
  0
LINE
  5
5DA
330
1F
100
AcDbEntity
  8
BOTTOM
100
AcDbLine
 10
37.01776187999999
 20
16.77573988
 30
0.0
 11
37.02217132
 21
16.77573988
 31
0.0
  0
LINE
  5
5DB
330
1F
100
AcDbEntity
  8
BOTTOM
100
AcDbLine
 10
37.02217132
 20
16.77573988
 30
0.0
 11
37.02217132
 21
16.79338018
 31
0.0
  0
LINE
  5
5DC
330
1F
100
AcDbEntity
  8
BOTTOM
100
AcDbLine
 10
37.02217132
 20
16.79338018
 30
0.0
 11
37.02658075999999
 21
16.79338018
 31
0.0
  0
LINE
  5
5DD
330
1F
100
AcDbEntity
  8
BOTTOM
100
AcDbLine
 10
37.02658075999999
 20
16.79338018
 30
0.0
 11
37.02658075999999
 21
16.79778962
 31
0.0
  0
LINE
  5
5DE
330
1F
100
AcDbEntity
  8
BOTTOM
100
AcDbLine
 10
37.02658075999999
 20
16.79778962
 30
0.0
 11
37.0309902
 21
16.79778962
 31
0.0
  0
LINE
  5
5DF
330
1F
100
AcDbEntity
  8
BOTTOM
100
AcDbLine
 10
37.0309902
 20
16.79778962
 30
0.0
 11
37.0309902
 21
16.80219906
 31
0.0
  0
LINE
  5
5E0
330
1F
100
AcDbEntity
  8
BOTTOM
100
AcDbLine
 10
37.0309902
 20
16.80219906
 30
0.0
 11
37.03539963999999
 21
16.80219906
 31
0.0
  0
LINE
  5
5E1
330
1F
100
AcDbEntity
  8
BOTTOM
100
AcDbLine
 10
37.03539963999999
 20
16.80219906
 30
0.0
 11
37.03539963999999
 21
16.80661104
 31
0.0
  0
LINE
  5
5E2
330
1F
100
AcDbEntity
  8
BOTTOM
100
AcDbLine
 10
37.03539963999999
 20
16.80661104
 30
0.0
 11
37.03981162
 21
16.80661104
 31
0.0
  0
LINE
  5
5E3
330
1F
100
AcDbEntity
  8
BOTTOM
100
AcDbLine
 10
37.03981162
 20
16.80661104
 30
0.0
 11
37.03981162
 21
16.81983936
 31
0.0
  0
LINE
  5
5E4
330
1F
100
AcDbEntity
  8
BOTTOM
100
AcDbLine
 10
37.03981162
 20
16.81983936
 30
0.0
 11
37.04422106
 21
16.81983936
 31
0.0
  0
LINE
  5
5E5
330
1F
100
AcDbEntity
  8
BOTTOM
100
AcDbLine
 10
37.04422106
 20
16.81983936
 30
0.0
 11
37.04422106
 21
16.82425134
 31
0.0
  0
LINE
  5
5E6
330
1F
100
AcDbEntity
  8
BOTTOM
100
AcDbLine
 10
37.04422106
 20
16.82425134
 30
0.0
 11
37.0486305
 21
16.82425134
 31
0.0
  0
LINE
  5
5E7
330
1F
100
AcDbEntity
  8
BOTTOM
100
AcDbLine
 10
37.0486305
 20
16.82425134
 30
0.0
 11
37.0486305
 21
16.82866078
 31
0.0
  0
LINE
  5
5E8
330
1F
100
AcDbEntity
  8
BOTTOM
100
AcDbLine
 10
37.0486305
 20
16.82866078
 30
0.0
 11
37.05303994
 21
16.82866078
 31
0.0
  0
LINE
  5
5E9
330
1F
100
AcDbEntity
  8
BOTTOM
100
AcDbLine
 10
37.05303994
 20
16.82866078
 30
0.0
 11
37.05303994
 21
16.83307022
 31
0.0
  0
LINE
  5
5EA
330
1F
100
AcDbEntity
  8
BOTTOM
100
AcDbLine
 10
37.05303994
 20
16.83307022
 30
0.0
 11
37.05745192
 21
16.83307022
 31
0.0
  0
LINE
  5
5EB
330
1F
100
AcDbEntity
  8
BOTTOM
100
AcDbLine
 10
37.05745192
 20
16.83307022
 30
0.0
 11
37.05745192
 21
16.83747966
 31
0.0
  0
LINE
  5
5EC
330
1F
100
AcDbEntity
  8
BOTTOM
100
AcDbLine
 10
37.05745192
 20
16.83747966
 30
0.0
 11
37.06186135999999
 21
16.83747966
 31
0.0
  0
LINE
  5
5ED
330
1F
100
AcDbEntity
  8
BOTTOM
100
AcDbLine
 10
37.06186135999999
 20
16.83747966
 30
0.0
 11
37.06186135999999
 21
16.84189164
 31
0.0
  0
LINE
  5
5EE
330
1F
100
AcDbEntity
  8
BOTTOM
100
AcDbLine
 10
37.06186135999999
 20
16.84189164
 30
0.0
 11
37.0662708
 21
16.84189164
 31
0.0
  0
LINE
  5
5EF
330
1F
100
AcDbEntity
  8
BOTTOM
100
AcDbLine
 10
37.0662708
 20
16.84189164
 30
0.0
 11
37.0662708
 21
16.84630108
 31
0.0
  0
LINE
  5
5F0
330
1F
100
AcDbEntity
  8
BOTTOM
100
AcDbLine
 10
37.0662708
 20
16.84630108
 30
0.0
 11
37.07068023999999
 21
16.84630108
 31
0.0
  0
LINE
  5
5F1
330
1F
100
AcDbEntity
  8
BOTTOM
100
AcDbLine
 10
37.07068023999999
 20
16.84630108
 30
0.0
 11
37.07068023999999
 21
16.85071052
 31
0.0
  0
LINE
  5
5F2
330
1F
100
AcDbEntity
  8
BOTTOM
100
AcDbLine
 10
37.07068023999999
 20
16.85071052
 30
0.0
 11
37.07509221999999
 21
16.85071052
 31
0.0
  0
LINE
  5
5F3
330
1F
100
AcDbEntity
  8
BOTTOM
100
AcDbLine
 10
37.07509221999999
 20
16.85071052
 30
0.0
 11
37.07509221999999
 21
16.85511996
 31
0.0
  0
LINE
  5
5F4
330
1F
100
AcDbEntity
  8
BOTTOM
100
AcDbLine
 10
37.07509221999999
 20
16.85511996
 30
0.0
 11
37.07950166
 21
16.85511996
 31
0.0
  0
LINE
  5
5F5
330
1F
100
AcDbEntity
  8
BOTTOM
100
AcDbLine
 10
37.07950166
 20
16.85511996
 30
0.0
 11
37.07950166
 21
16.8595294
 31
0.0
  0
LINE
  5
5F6
330
1F
100
AcDbEntity
  8
BOTTOM
100
AcDbLine
 10
37.07950166
 20
16.8595294
 30
0.0
 11
37.08391109999999
 21
16.8595294
 31
0.0
  0
LINE
  5
5F7
330
1F
100
AcDbEntity
  8
BOTTOM
100
AcDbLine
 10
37.08391109999999
 20
16.8595294
 30
0.0
 11
37.08391109999999
 21
16.8771697
 31
0.0
  0
LINE
  5
5F8
330
1F
100
AcDbEntity
  8
BOTTOM
100
AcDbLine
 10
37.08391109999999
 20
16.8771697
 30
0.0
 11
37.08832054
 21
16.8771697
 31
0.0
  0
LINE
  5
5F9
330
1F
100
AcDbEntity
  8
BOTTOM
100
AcDbLine
 10
37.08832054
 20
16.8771697
 30
0.0
 11
37.08832054
 21
16.88158168
 31
0.0
  0
LINE
  5
5FA
330
1F
100
AcDbEntity
  8
BOTTOM
100
AcDbLine
 10
37.08832054
 20
16.88158168
 30
0.0
 11
37.09272997999999
 21
16.88158168
 31
0.0
  0
LINE
  5
5FB
330
1F
100
AcDbEntity
  8
BOTTOM
100
AcDbLine
 10
37.09272997999999
 20
16.88158168
 30
0.0
 11
37.09272997999999
 21
16.88599112
 31
0.0
  0
LINE
  5
5FC
330
1F
100
AcDbEntity
  8
BOTTOM
100
AcDbLine
 10
37.09272997999999
 20
16.88599112
 30
0.0
 11
37.09714196
 21
16.88599112
 31
0.0
  0
LINE
  5
5FD
330
1F
100
AcDbEntity
  8
BOTTOM
100
AcDbLine
 10
37.09714196
 20
16.88599112
 30
0.0
 11
37.09714196
 21
16.89040056
 31
0.0
  0
LINE
  5
5FE
330
1F
100
AcDbEntity
  8
BOTTOM
100
AcDbLine
 10
37.09714196
 20
16.89040056
 30
0.0
 11
37.1015514
 21
16.89040056
 31
0.0
  0
LINE
  5
5FF
330
1F
100
AcDbEntity
  8
BOTTOM
100
AcDbLine
 10
37.1015514
 20
16.89040056
 30
0.0
 11
37.1015514
 21
16.89481
 31
0.0
  0
LINE
  5
600
330
1F
100
AcDbEntity
  8
BOTTOM
100
AcDbLine
 10
37.1015514
 20
16.89481
 30
0.0
 11
37.10596084
 21
16.89481
 31
0.0
  0
LINE
  5
601
330
1F
100
AcDbEntity
  8
BOTTOM
100
AcDbLine
 10
37.10596084
 20
16.89481
 30
0.0
 11
37.10596084
 21
16.89922198
 31
0.0
  0
LINE
  5
602
330
1F
100
AcDbEntity
  8
BOTTOM
100
AcDbLine
 10
37.10596084
 20
16.89922198
 30
0.0
 11
37.11037028
 21
16.89922198
 31
0.0
  0
LINE
  5
603
330
1F
100
AcDbEntity
  8
BOTTOM
100
AcDbLine
 10
37.11037028
 20
16.89922198
 30
0.0
 11
37.11037028
 21
16.90363142
 31
0.0
  0
LINE
  5
604
330
1F
100
AcDbEntity
  8
BOTTOM
100
AcDbLine
 10
37.11037028
 20
16.90363142
 30
0.0
 11
37.11478226
 21
16.90363142
 31
0.0
  0
LINE
  5
605
330
1F
100
AcDbEntity
  8
BOTTOM
100
AcDbLine
 10
37.11478226
 20
16.90363142
 30
0.0
 11
37.11478226
 21
16.90804086
 31
0.0
  0
LINE
  5
606
330
1F
100
AcDbEntity
  8
BOTTOM
100
AcDbLine
 10
37.11478226
 20
16.90804086
 30
0.0
 11
37.11919169999999
 21
16.90804086
 31
0.0
  0
LINE
  5
607
330
1F
100
AcDbEntity
  8
BOTTOM
100
AcDbLine
 10
37.11919169999999
 20
16.90804086
 30
0.0
 11
37.11919169999999
 21
16.9124503
 31
0.0
  0
LINE
  5
608
330
1F
100
AcDbEntity
  8
BOTTOM
100
AcDbLine
 10
37.11919169999999
 20
16.9124503
 30
0.0
 11
37.136832
 21
16.9124503
 31
0.0
  0
LINE
  5
609
330
1F
100
AcDbEntity
  8
BOTTOM
100
AcDbLine
 10
37.136832
 20
16.9124503
 30
0.0
 11
37.136832
 21
16.91685974
 31
0.0
  0
LINE
  5
60A
330
1F
100
AcDbEntity
  8
BOTTOM
100
AcDbLine
 10
37.136832
 20
16.91685974
 30
0.0
 11
37.14124143999999
 21
16.91685974
 31
0.0
  0
LINE
  5
60B
330
1F
100
AcDbEntity
  8
BOTTOM
100
AcDbLine
 10
37.14124143999999
 20
16.91685974
 30
0.0
 11
37.14124143999999
 21
16.92127172
 31
0.0
  0
LINE
  5
60C
330
1F
100
AcDbEntity
  8
BOTTOM
100
AcDbLine
 10
37.14124143999999
 20
16.92127172
 30
0.0
 11
37.14565088
 21
16.92127172
 31
0.0
  0
LINE
  5
60D
330
1F
100
AcDbEntity
  8
BOTTOM
100
AcDbLine
 10
37.14565088
 20
16.92127172
 30
0.0
 11
37.14565088
 21
16.92568116
 31
0.0
  0
LINE
  5
60E
330
1F
100
AcDbEntity
  8
BOTTOM
100
AcDbLine
 10
37.14565088
 20
16.92568116
 30
0.0
 11
37.15006031999999
 21
16.92568116
 31
0.0
  0
LINE
  5
60F
330
1F
100
AcDbEntity
  8
BOTTOM
100
AcDbLine
 10
37.15006031999999
 20
16.92568116
 30
0.0
 11
37.15006031999999
 21
16.9300906
 31
0.0
  0
LINE
  5
610
330
1F
100
AcDbEntity
  8
BOTTOM
100
AcDbLine
 10
37.15006031999999
 20
16.9300906
 30
0.0
 11
37.1544723
 21
16.9300906
 31
0.0
  0
LINE
  5
611
330
1F
100
AcDbEntity
  8
BOTTOM
100
AcDbLine
 10
37.1544723
 20
16.9300906
 30
0.0
 11
37.1544723
 21
16.93450004
 31
0.0
  0
LINE
  5
612
330
1F
100
AcDbEntity
  8
BOTTOM
100
AcDbLine
 10
37.1544723
 20
16.93450004
 30
0.0
 11
37.15888174
 21
16.93450004
 31
0.0
  0
LINE
  5
613
330
1F
100
AcDbEntity
  8
BOTTOM
100
AcDbLine
 10
37.15888174
 20
16.93450004
 30
0.0
 11
37.15888174
 21
16.93891202
 31
0.0
  0
LINE
  5
614
330
1F
100
AcDbEntity
  8
BOTTOM
100
AcDbLine
 10
37.15888174
 20
16.93891202
 30
0.0
 11
37.16329118
 21
16.93891202
 31
0.0
  0
LINE
  5
615
330
1F
100
AcDbEntity
  8
BOTTOM
100
AcDbLine
 10
37.16329118
 20
16.93891202
 30
0.0
 11
37.16329118
 21
16.94332146
 31
0.0
  0
LINE
  5
616
330
1F
100
AcDbEntity
  8
BOTTOM
100
AcDbLine
 10
37.16329118
 20
16.94332146
 30
0.0
 11
37.16770062
 21
16.94332146
 31
0.0
  0
LINE
  5
617
330
1F
100
AcDbEntity
  8
BOTTOM
100
AcDbLine
 10
37.16770062
 20
16.94332146
 30
0.0
 11
37.16770062
 21
16.9477309
 31
0.0
  0
LINE
  5
618
330
1F
100
AcDbEntity
  8
BOTTOM
100
AcDbLine
 10
37.16770062
 20
16.9477309
 30
0.0
 11
37.1721126
 21
16.9477309
 31
0.0
  0
LINE
  5
619
330
1F
100
AcDbEntity
  8
BOTTOM
100
AcDbLine
 10
37.1721126
 20
16.9477309
 30
0.0
 11
37.1721126
 21
16.95214034
 31
0.0
  0
LINE
  5
61A
330
1F
100
AcDbEntity
  8
BOTTOM
100
AcDbLine
 10
37.1721126
 20
16.95214034
 30
0.0
 11
37.18534092
 21
16.95214034
 31
0.0
  0
LINE
  5
61B
330
1F
100
AcDbEntity
  8
BOTTOM
100
AcDbLine
 10
37.18534092
 20
16.95214034
 30
0.0
 11
37.18534092
 21
16.95655232
 31
0.0
  0
LINE
  5
61C
330
1F
100
AcDbEntity
  8
BOTTOM
100
AcDbLine
 10
37.18534092
 20
16.95655232
 30
0.0
 11
37.18975289999999
 21
16.95655232
 31
0.0
  0
LINE
  5
61D
330
1F
100
AcDbEntity
  8
BOTTOM
100
AcDbLine
 10
37.18975289999999
 20
16.95655232
 30
0.0
 11
37.18975289999999
 21
16.96096176
 31
0.0
  0
LINE
  5
61E
330
1F
100
AcDbEntity
  8
BOTTOM
100
AcDbLine
 10
37.18975289999999
 20
16.96096176
 30
0.0
 11
37.19416234
 21
16.96096176
 31
0.0
  0
LINE
  5
61F
330
1F
100
AcDbEntity
  8
BOTTOM
100
AcDbLine
 10
37.19416234
 20
16.96096176
 30
0.0
 11
37.19416234
 21
16.9653712
 31
0.0
  0
LINE
  5
620
330
1F
100
AcDbEntity
  8
BOTTOM
100
AcDbLine
 10
37.19416234
 20
16.9653712
 30
0.0
 11
37.19857177999999
 21
16.9653712
 31
0.0
  0
LINE
  5
621
330
1F
100
AcDbEntity
  8
BOTTOM
100
AcDbLine
 10
37.19857177999999
 20
16.9653712
 30
0.0
 11
37.19857177999999
 21
16.96978064
 31
0.0
  0
LINE
  5
622
330
1F
100
AcDbEntity
  8
BOTTOM
100
AcDbLine
 10
37.19857177999999
 20
16.96978064
 30
0.0
 11
37.20298122
 21
16.96978064
 31
0.0
  0
LINE
  5
623
330
1F
100
AcDbEntity
  8
BOTTOM
100
AcDbLine
 10
37.20298122
 20
16.96978064
 30
0.0
 11
37.20298122
 21
16.97419008
 31
0.0
  0
LINE
  5
624
330
1F
100
AcDbEntity
  8
BOTTOM
100
AcDbLine
 10
37.20298122
 20
16.97419008
 30
0.0
 11
37.22062152
 21
16.97419008
 31
0.0
  0
LINE
  5
625
330
1F
100
AcDbEntity
  8
BOTTOM
100
AcDbLine
 10
37.22062152
 20
16.97419008
 30
0.0
 11
37.22062152
 21
16.9830115
 31
0.0
  0
LINE
  5
626
330
1F
100
AcDbEntity
  8
BOTTOM
100
AcDbLine
 10
37.22062152
 20
16.9830115
 30
0.0
 11
37.23826182
 21
16.9830115
 31
0.0
  0
LINE
  5
627
330
1F
100
AcDbEntity
  8
BOTTOM
100
AcDbLine
 10
37.23826182
 20
16.9830115
 30
0.0
 11
37.23826182
 21
16.98742094
 31
0.0
  0
LINE
  5
628
330
1F
100
AcDbEntity
  8
BOTTOM
100
AcDbLine
 10
37.23826182
 20
16.98742094
 30
0.0
 11
37.24267126
 21
16.98742094
 31
0.0
  0
LINE
  5
629
330
1F
100
AcDbEntity
  8
BOTTOM
100
AcDbLine
 10
37.24267126
 20
16.98742094
 30
0.0
 11
37.24267126
 21
16.99183038
 31
0.0
  0
LINE
  5
62A
330
1F
100
AcDbEntity
  8
BOTTOM
100
AcDbLine
 10
37.24267126
 20
16.99183038
 30
0.0
 11
37.24708323999999
 21
16.99183038
 31
0.0
  0
LINE
  5
62B
330
1F
100
AcDbEntity
  8
BOTTOM
100
AcDbLine
 10
37.24708323999999
 20
16.99183038
 30
0.0
 11
37.24708323999999
 21
16.99624236
 31
0.0
  0
LINE
  5
62C
330
1F
100
AcDbEntity
  8
BOTTOM
100
AcDbLine
 10
37.24708323999999
 20
16.99624236
 30
0.0
 11
37.26472099999999
 21
16.99624236
 31
0.0
  0
LINE
  5
62D
330
1F
100
AcDbEntity
  8
BOTTOM
100
AcDbLine
 10
37.26472099999999
 20
16.99624236
 30
0.0
 11
37.26472099999999
 21
17.00506124
 31
0.0
  0
LINE
  5
62E
330
1F
100
AcDbEntity
  8
BOTTOM
100
AcDbLine
 10
37.26472099999999
 20
17.00506124
 30
0.0
 11
37.2823613
 21
17.00506124
 31
0.0
  0
LINE
  5
62F
330
1F
100
AcDbEntity
  8
BOTTOM
100
AcDbLine
 10
37.2823613
 20
17.00506124
 30
0.0
 11
37.2823613
 21
17.00947068
 31
0.0
  0
LINE
  5
630
330
1F
100
AcDbEntity
  8
BOTTOM
100
AcDbLine
 10
37.2823613
 20
17.00947068
 30
0.0
 11
37.28677328
 21
17.00947068
 31
0.0
  0
LINE
  5
631
330
1F
100
AcDbEntity
  8
BOTTOM
100
AcDbLine
 10
37.28677328
 20
17.00947068
 30
0.0
 11
37.28677328
 21
17.0182921
 31
0.0
  0
LINE
  5
632
330
1F
100
AcDbEntity
  8
BOTTOM
100
AcDbLine
 10
37.28677328
 20
17.0182921
 30
0.0
 11
37.3176419
 21
17.0182921
 31
0.0
  0
LINE
  5
633
330
1F
100
AcDbEntity
  8
BOTTOM
100
AcDbLine
 10
37.3176419
 20
17.0182921
 30
0.0
 11
37.3176419
 21
17.02711098
 31
0.0
  0
LINE
  5
634
330
1F
100
AcDbEntity
  8
BOTTOM
100
AcDbLine
 10
37.3176419
 20
17.02711098
 30
0.0
 11
37.34851306
 21
17.02711098
 31
0.0
  0
LINE
  5
635
330
1F
100
AcDbEntity
  8
BOTTOM
100
AcDbLine
 10
37.34851306
 20
17.02711098
 30
0.0
 11
37.34851306
 21
16.98742094
 31
0.0
  0
LINE
  5
636
330
1F
100
AcDbEntity
  8
BOTTOM
100
AcDbLine
 10
37.34851306
 20
16.98742094
 30
0.0
 11
37.3529225
 21
16.98742094
 31
0.0
  0
LINE
  5
637
330
1F
100
AcDbEntity
  8
BOTTOM
100
AcDbLine
 10
37.3529225
 20
16.98742094
 30
0.0
 11
37.3529225
 21
16.9830115
 31
0.0
  0
LINE
  5
638
330
1F
100
AcDbEntity
  8
BOTTOM
100
AcDbLine
 10
37.3529225
 20
16.9830115
 30
0.0
 11
37.35733194
 21
16.9830115
 31
0.0
  0
LINE
  5
639
330
1F
100
AcDbEntity
  8
BOTTOM
100
AcDbLine
 10
37.35733194
 20
16.9830115
 30
0.0
 11
37.35733194
 21
16.96978064
 31
0.0
  0
LINE
  5
63A
330
1F
100
AcDbEntity
  8
BOTTOM
100
AcDbLine
 10
37.35733194
 20
16.96978064
 30
0.0
 11
37.36174392
 21
16.96978064
 31
0.0
  0
LINE
  5
63B
330
1F
100
AcDbEntity
  8
BOTTOM
100
AcDbLine
 10
37.36174392
 20
16.96978064
 30
0.0
 11
37.36174392
 21
16.9653712
 31
0.0
  0
LINE
  5
63C
330
1F
100
AcDbEntity
  8
BOTTOM
100
AcDbLine
 10
37.36174392
 20
16.9653712
 30
0.0
 11
37.36615336
 21
16.9653712
 31
0.0
  0
LINE
  5
63D
330
1F
100
AcDbEntity
  8
BOTTOM
100
AcDbLine
 10
37.36615336
 20
16.9653712
 30
0.0
 11
37.36615336
 21
16.96096176
 31
0.0
  0
LINE
  5
63E
330
1F
100
AcDbEntity
  8
BOTTOM
100
AcDbLine
 10
37.36615336
 20
16.96096176
 30
0.0
 11
37.37056279999999
 21
16.96096176
 31
0.0
  0
LINE
  5
63F
330
1F
100
AcDbEntity
  8
BOTTOM
100
AcDbLine
 10
37.37056279999999
 20
16.96096176
 30
0.0
 11
37.37056279999999
 21
16.95655232
 31
0.0
  0
LINE
  5
640
330
1F
100
AcDbEntity
  8
BOTTOM
100
AcDbLine
 10
37.37056279999999
 20
16.95655232
 30
0.0
 11
37.37497224
 21
16.95655232
 31
0.0
  0
LINE
  5
641
330
1F
100
AcDbEntity
  8
BOTTOM
100
AcDbLine
 10
37.37497224
 20
16.95655232
 30
0.0
 11
37.37497224
 21
16.95214034
 31
0.0
  0
LINE
  5
642
330
1F
100
AcDbEntity
  8
BOTTOM
100
AcDbLine
 10
37.37497224
 20
16.95214034
 30
0.0
 11
37.37938167999999
 21
16.95214034
 31
0.0
  0
LINE
  5
643
330
1F
100
AcDbEntity
  8
BOTTOM
100
AcDbLine
 10
37.37938167999999
 20
16.95214034
 30
0.0
 11
37.37938167999999
 21
16.93450004
 31
0.0
  0
LINE
  5
644
330
1F
100
AcDbEntity
  8
BOTTOM
100
AcDbLine
 10
37.37938167999999
 20
16.93450004
 30
0.0
 11
37.38379365999999
 21
16.93450004
 31
0.0
  0
LINE
  5
645
330
1F
100
AcDbEntity
  8
BOTTOM
100
AcDbLine
 10
37.38379365999999
 20
16.93450004
 30
0.0
 11
37.38379365999999
 21
16.9300906
 31
0.0
  0
LINE
  5
646
330
1F
100
AcDbEntity
  8
BOTTOM
100
AcDbLine
 10
37.38379365999999
 20
16.9300906
 30
0.0
 11
37.39261253999999
 21
16.9300906
 31
0.0
  0
LINE
  5
647
330
1F
100
AcDbEntity
  8
BOTTOM
100
AcDbLine
 10
37.39261253999999
 20
16.9300906
 30
0.0
 11
37.39261253999999
 21
16.93450004
 31
0.0
  0
LINE
  5
648
330
1F
100
AcDbEntity
  8
BOTTOM
100
AcDbLine
 10
37.39261253999999
 20
16.93450004
 30
0.0
 11
37.39702198
 21
16.93450004
 31
0.0
  0
LINE
  5
649
330
1F
100
AcDbEntity
  8
BOTTOM
100
AcDbLine
 10
37.39702198
 20
16.93450004
 30
0.0
 11
37.39702198
 21
16.9300906
 31
0.0
  0
LINE
  5
64A
330
1F
100
AcDbEntity
  8
BOTTOM
100
AcDbLine
 10
37.39702198
 20
16.9300906
 30
0.0
 11
37.40143396
 21
16.9300906
 31
0.0
  0
LINE
  5
64B
330
1F
100
AcDbEntity
  8
BOTTOM
100
AcDbLine
 10
37.40143396
 20
16.9300906
 30
0.0
 11
37.40143396
 21
16.92568116
 31
0.0
  0
LINE
  5
64C
330
1F
100
AcDbEntity
  8
BOTTOM
100
AcDbLine
 10
37.40143396
 20
16.92568116
 30
0.0
 11
37.4058434
 21
16.92568116
 31
0.0
  0
LINE
  5
64D
330
1F
100
AcDbEntity
  8
BOTTOM
100
AcDbLine
 10
37.4058434
 20
16.92568116
 30
0.0
 11
37.4058434
 21
16.92127172
 31
0.0
  0
LINE
  5
64E
330
1F
100
AcDbEntity
  8
BOTTOM
100
AcDbLine
 10
37.4058434
 20
16.92127172
 30
0.0
 11
37.41025284
 21
16.92127172
 31
0.0
  0
LINE
  5
64F
330
1F
100
AcDbEntity
  8
BOTTOM
100
AcDbLine
 10
37.41025284
 20
16.92127172
 30
0.0
 11
37.41025284
 21
16.91685974
 31
0.0
  0
LINE
  5
650
330
1F
100
AcDbEntity
  8
BOTTOM
100
AcDbLine
 10
37.41025284
 20
16.91685974
 30
0.0
 11
37.41466228
 21
16.91685974
 31
0.0
  0
LINE
  5
651
330
1F
100
AcDbEntity
  8
BOTTOM
100
AcDbLine
 10
37.41466228
 20
16.91685974
 30
0.0
 11
37.41466228
 21
16.9124503
 31
0.0
  0
LINE
  5
652
330
1F
100
AcDbEntity
  8
BOTTOM
100
AcDbLine
 10
37.41466228
 20
16.9124503
 30
0.0
 11
37.42789313999999
 21
16.9124503
 31
0.0
  0
LINE
  5
653
330
1F
100
AcDbEntity
  8
BOTTOM
100
AcDbLine
 10
37.42789313999999
 20
16.9124503
 30
0.0
 11
37.42789313999999
 21
16.90804086
 31
0.0
  0
LINE
  5
654
330
1F
100
AcDbEntity
  8
BOTTOM
100
AcDbLine
 10
37.42789313999999
 20
16.90804086
 30
0.0
 11
37.43230258
 21
16.90804086
 31
0.0
  0
LINE
  5
655
330
1F
100
AcDbEntity
  8
BOTTOM
100
AcDbLine
 10
37.43230258
 20
16.90804086
 30
0.0
 11
37.43230258
 21
16.90363142
 31
0.0
  0
LINE
  5
656
330
1F
100
AcDbEntity
  8
BOTTOM
100
AcDbLine
 10
37.43230258
 20
16.90363142
 30
0.0
 11
37.43671201999999
 21
16.90363142
 31
0.0
  0
LINE
  5
657
330
1F
100
AcDbEntity
  8
BOTTOM
100
AcDbLine
 10
37.43671201999999
 20
16.90363142
 30
0.0
 11
37.43671201999999
 21
16.89922198
 31
0.0
  0
LINE
  5
658
330
1F
100
AcDbEntity
  8
BOTTOM
100
AcDbLine
 10
37.43671201999999
 20
16.89922198
 30
0.0
 11
37.45435232
 21
16.89922198
 31
0.0
  0
LINE
  5
659
330
1F
100
AcDbEntity
  8
BOTTOM
100
AcDbLine
 10
37.45435232
 20
16.89922198
 30
0.0
 11
37.45435232
 21
16.89040056
 31
0.0
  0
LINE
  5
65A
330
1F
100
AcDbEntity
  8
BOTTOM
100
AcDbLine
 10
37.45435232
 20
16.89040056
 30
0.0
 11
37.53814438
 21
16.89040056
 31
0.0
  0
LINE
  5
65B
330
1F
100
AcDbEntity
  8
BOTTOM
100
AcDbLine
 10
37.53814438
 20
16.89040056
 30
0.0
 11
37.53814438
 21
16.89922198
 31
0.0
  0
LINE
  5
65C
330
1F
100
AcDbEntity
  8
BOTTOM
100
AcDbLine
 10
37.53814438
 20
16.89922198
 30
0.0
 11
37.569013
 21
16.89922198
 31
0.0
  0
LINE
  5
65D
330
1F
100
AcDbEntity
  8
BOTTOM
100
AcDbLine
 10
37.569013
 20
16.89922198
 30
0.0
 11
37.569013
 21
16.90804086
 31
0.0
  0
LINE
  5
65E
330
1F
100
AcDbEntity
  8
BOTTOM
100
AcDbLine
 10
37.569013
 20
16.90804086
 30
0.0
 11
37.57342498
 21
16.90804086
 31
0.0
  0
LINE
  5
65F
330
1F
100
AcDbEntity
  8
BOTTOM
100
AcDbLine
 10
37.57342498
 20
16.90804086
 30
0.0
 11
37.57342498
 21
16.9124503
 31
0.0
  0
LINE
  5
660
330
1F
100
AcDbEntity
  8
BOTTOM
100
AcDbLine
 10
37.57342498
 20
16.9124503
 30
0.0
 11
37.58224386
 21
16.9124503
 31
0.0
  0
LINE
  5
661
330
1F
100
AcDbEntity
  8
BOTTOM
100
AcDbLine
 10
37.58224386
 20
16.9124503
 30
0.0
 11
37.58224386
 21
16.92127172
 31
0.0
  0
LINE
  5
662
330
1F
100
AcDbEntity
  8
BOTTOM
100
AcDbLine
 10
37.58224386
 20
16.92127172
 30
0.0
 11
37.59988416
 21
16.92127172
 31
0.0
  0
LINE
  5
663
330
1F
100
AcDbEntity
  8
BOTTOM
100
AcDbLine
 10
37.59988416
 20
16.92127172
 30
0.0
 11
37.59988416
 21
16.92568116
 31
0.0
  0
LINE
  5
664
330
1F
100
AcDbEntity
  8
BOTTOM
100
AcDbLine
 10
37.59988416
 20
16.92568116
 30
0.0
 11
37.6042936
 21
16.92568116
 31
0.0
  0
LINE
  5
665
330
1F
100
AcDbEntity
  8
BOTTOM
100
AcDbLine
 10
37.6042936
 20
16.92568116
 30
0.0
 11
37.6042936
 21
16.9300906
 31
0.0
  0
LINE
  5
666
330
1F
100
AcDbEntity
  8
BOTTOM
100
AcDbLine
 10
37.6042936
 20
16.9300906
 30
0.0
 11
37.60870304
 21
16.9300906
 31
0.0
  0
LINE
  5
667
330
1F
100
AcDbEntity
  8
BOTTOM
100
AcDbLine
 10
37.60870304
 20
16.9300906
 30
0.0
 11
37.60870304
 21
16.93450004
 31
0.0
  0
LINE
  5
668
330
1F
100
AcDbEntity
  8
BOTTOM
100
AcDbLine
 10
37.60870304
 20
16.93450004
 30
0.0
 11
37.61311502
 21
16.93450004
 31
0.0
  0
LINE
  5
669
330
1F
100
AcDbEntity
  8
BOTTOM
100
AcDbLine
 10
37.61311502
 20
16.93450004
 30
0.0
 11
37.61311502
 21
16.93891202
 31
0.0
  0
LINE
  5
66A
330
1F
100
AcDbEntity
  8
BOTTOM
100
AcDbLine
 10
37.61311502
 20
16.93891202
 30
0.0
 11
37.61752446
 21
16.93891202
 31
0.0
  0
LINE
  5
66B
330
1F
100
AcDbEntity
  8
BOTTOM
100
AcDbLine
 10
37.61752446
 20
16.93891202
 30
0.0
 11
37.61752446
 21
16.94332146
 31
0.0
  0
LINE
  5
66C
330
1F
100
AcDbEntity
  8
BOTTOM
100
AcDbLine
 10
37.61752446
 20
16.94332146
 30
0.0
 11
37.62193389999999
 21
16.94332146
 31
0.0
  0
LINE
  5
66D
330
1F
100
AcDbEntity
  8
BOTTOM
100
AcDbLine
 10
37.62193389999999
 20
16.94332146
 30
0.0
 11
37.62193389999999
 21
16.9477309
 31
0.0
  0
LINE
  5
66E
330
1F
100
AcDbEntity
  8
BOTTOM
100
AcDbLine
 10
37.62193389999999
 20
16.9477309
 30
0.0
 11
37.62634334
 21
16.9477309
 31
0.0
  0
LINE
  5
66F
330
1F
100
AcDbEntity
  8
BOTTOM
100
AcDbLine
 10
37.62634334
 20
16.9477309
 30
0.0
 11
37.62634334
 21
16.95214034
 31
0.0
  0
LINE
  5
670
330
1F
100
AcDbEntity
  8
BOTTOM
100
AcDbLine
 10
37.62634334
 20
16.95214034
 30
0.0
 11
37.63075532
 21
16.95214034
 31
0.0
  0
LINE
  5
671
330
1F
100
AcDbEntity
  8
BOTTOM
100
AcDbLine
 10
37.63075532
 20
16.95214034
 30
0.0
 11
37.63075532
 21
16.95655232
 31
0.0
  0
LINE
  5
672
330
1F
100
AcDbEntity
  8
BOTTOM
100
AcDbLine
 10
37.63075532
 20
16.95655232
 30
0.0
 11
37.63516476
 21
16.95655232
 31
0.0
  0
LINE
  5
673
330
1F
100
AcDbEntity
  8
BOTTOM
100
AcDbLine
 10
37.63516476
 20
16.95655232
 30
0.0
 11
37.63516476
 21
16.97419008
 31
0.0
  0
LINE
  5
674
330
1F
100
AcDbEntity
  8
BOTTOM
100
AcDbLine
 10
37.63516476
 20
16.97419008
 30
0.0
 11
37.64398364
 21
16.97419008
 31
0.0
  0
LINE
  5
675
330
1F
100
AcDbEntity
  8
BOTTOM
100
AcDbLine
 10
37.64398364
 20
16.97419008
 30
0.0
 11
37.64398364
 21
17.00506124
 31
0.0
  0
LINE
  5
676
330
1F
100
AcDbEntity
  8
BOTTOM
100
AcDbLine
 10
37.64398364
 20
17.00506124
 30
0.0
 11
37.65280506
 21
17.00506124
 31
0.0
  0
LINE
  5
677
330
1F
100
AcDbEntity
  8
BOTTOM
100
AcDbLine
 10
37.65280506
 20
17.00506124
 30
0.0
 11
37.65280506
 21
17.00947068
 31
0.0
  0
LINE
  5
678
330
1F
100
AcDbEntity
  8
BOTTOM
100
AcDbLine
 10
37.65280506
 20
17.00947068
 30
0.0
 11
37.6572145
 21
17.00947068
 31
0.0
  0
LINE
  5
679
330
1F
100
AcDbEntity
  8
BOTTOM
100
AcDbLine
 10
37.6572145
 20
17.00947068
 30
0.0
 11
37.6572145
 21
17.02711098
 31
0.0
  0
LINE
  5
67A
330
1F
100
AcDbEntity
  8
BOTTOM
100
AcDbLine
 10
37.6572145
 20
17.02711098
 30
0.0
 11
37.68367368
 21
17.02711098
 31
0.0
  0
LINE
  5
67B
330
1F
100
AcDbEntity
  8
BOTTOM
100
AcDbLine
 10
37.68367368
 20
17.02711098
 30
0.0
 11
37.68367368
 21
17.02270154
 31
0.0
  0
LINE
  5
67C
330
1F
100
AcDbEntity
  8
BOTTOM
100
AcDbLine
 10
37.68367368
 20
17.02270154
 30
0.0
 11
37.68808566
 21
17.02270154
 31
0.0
  0
LINE
  5
67D
330
1F
100
AcDbEntity
  8
BOTTOM
100
AcDbLine
 10
37.68808566
 20
17.02270154
 30
0.0
 11
37.68808566
 21
17.0182921
 31
0.0
  0
LINE
  5
67E
330
1F
100
AcDbEntity
  8
BOTTOM
100
AcDbLine
 10
37.68808566
 20
17.0182921
 30
0.0
 11
37.70572596
 21
17.0182921
 31
0.0
  0
LINE
  5
67F
330
1F
100
AcDbEntity
  8
BOTTOM
100
AcDbLine
 10
37.70572596
 20
17.0182921
 30
0.0
 11
37.70572596
 21
17.01388266
 31
0.0
  0
LINE
  5
680
330
1F
100
AcDbEntity
  8
BOTTOM
100
AcDbLine
 10
37.70572596
 20
17.01388266
 30
0.0
 11
37.7101354
 21
17.01388266
 31
0.0
  0
LINE
  5
681
330
1F
100
AcDbEntity
  8
BOTTOM
100
AcDbLine
 10
37.7101354
 20
17.01388266
 30
0.0
 11
37.7101354
 21
17.00506124
 31
0.0
  0
LINE
  5
682
330
1F
100
AcDbEntity
  8
BOTTOM
100
AcDbLine
 10
37.7101354
 20
17.00506124
 30
0.0
 11
37.74100402
 21
17.00506124
 31
0.0
  0
LINE
  5
683
330
1F
100
AcDbEntity
  8
BOTTOM
100
AcDbLine
 10
37.74100402
 20
17.00506124
 30
0.0
 11
37.74100402
 21
16.99624236
 31
0.0
  0
LINE
  5
684
330
1F
100
AcDbEntity
  8
BOTTOM
100
AcDbLine
 10
37.74100402
 20
16.99624236
 30
0.0
 11
37.75864431999999
 21
16.99624236
 31
0.0
  0
LINE
  5
685
330
1F
100
AcDbEntity
  8
BOTTOM
100
AcDbLine
 10
37.75864431999999
 20
16.99624236
 30
0.0
 11
37.75864431999999
 21
16.99183038
 31
0.0
  0
LINE
  5
686
330
1F
100
AcDbEntity
  8
BOTTOM
100
AcDbLine
 10
37.75864431999999
 20
16.99183038
 30
0.0
 11
37.7630563
 21
16.99183038
 31
0.0
  0
LINE
  5
687
330
1F
100
AcDbEntity
  8
BOTTOM
100
AcDbLine
 10
37.7630563
 20
16.99183038
 30
0.0
 11
37.7630563
 21
16.98742094
 31
0.0
  0
LINE
  5
688
330
1F
100
AcDbEntity
  8
BOTTOM
100
AcDbLine
 10
37.7630563
 20
16.98742094
 30
0.0
 11
37.76746574
 21
16.98742094
 31
0.0
  0
LINE
  5
689
330
1F
100
AcDbEntity
  8
BOTTOM
100
AcDbLine
 10
37.76746574
 20
16.98742094
 30
0.0
 11
37.76746574
 21
16.9830115
 31
0.0
  0
LINE
  5
68A
330
1F
100
AcDbEntity
  8
BOTTOM
100
AcDbLine
 10
37.76746574
 20
16.9830115
 30
0.0
 11
37.77187518
 21
16.9830115
 31
0.0
  0
LINE
  5
68B
330
1F
100
AcDbEntity
  8
BOTTOM
100
AcDbLine
 10
37.77187518
 20
16.9830115
 30
0.0
 11
37.77187518
 21
16.98742094
 31
0.0
  0
LINE
  5
68C
330
1F
100
AcDbEntity
  8
BOTTOM
100
AcDbLine
 10
37.77187518
 20
16.98742094
 30
0.0
 11
37.77628462
 21
16.98742094
 31
0.0
  0
LINE
  5
68D
330
1F
100
AcDbEntity
  8
BOTTOM
100
AcDbLine
 10
37.77628462
 20
16.98742094
 30
0.0
 11
37.77628462
 21
16.9830115
 31
0.0
  0
LINE
  5
68E
330
1F
100
AcDbEntity
  8
BOTTOM
100
AcDbLine
 10
37.77628462
 20
16.9830115
 30
0.0
 11
37.78069406
 21
16.9830115
 31
0.0
  0
LINE
  5
68F
330
1F
100
AcDbEntity
  8
BOTTOM
100
AcDbLine
 10
37.78069406
 20
16.9830115
 30
0.0
 11
37.78069406
 21
16.97860206
 31
0.0
  0
LINE
  5
690
330
1F
100
AcDbEntity
  8
BOTTOM
100
AcDbLine
 10
37.78069406
 20
16.97860206
 30
0.0
 11
37.78510604
 21
16.97860206
 31
0.0
  0
LINE
  5
691
330
1F
100
AcDbEntity
  8
BOTTOM
100
AcDbLine
 10
37.78510604
 20
16.97860206
 30
0.0
 11
37.78510604
 21
16.97419008
 31
0.0
  0
LINE
  5
692
330
1F
100
AcDbEntity
  8
BOTTOM
100
AcDbLine
 10
37.78510604
 20
16.97419008
 30
0.0
 11
37.78951548
 21
16.97419008
 31
0.0
  0
LINE
  5
693
330
1F
100
AcDbEntity
  8
BOTTOM
100
AcDbLine
 10
37.78951548
 20
16.97419008
 30
0.0
 11
37.78951548
 21
16.96978064
 31
0.0
  0
LINE
  5
694
330
1F
100
AcDbEntity
  8
BOTTOM
100
AcDbLine
 10
37.78951548
 20
16.96978064
 30
0.0
 11
37.79392491999999
 21
16.96978064
 31
0.0
  0
LINE
  5
695
330
1F
100
AcDbEntity
  8
BOTTOM
100
AcDbLine
 10
37.79392491999999
 20
16.96978064
 30
0.0
 11
37.79392491999999
 21
16.9653712
 31
0.0
  0
LINE
  5
696
330
1F
100
AcDbEntity
  8
BOTTOM
100
AcDbLine
 10
37.79392491999999
 20
16.9653712
 30
0.0
 11
37.81156522
 21
16.9653712
 31
0.0
  0
LINE
  5
697
330
1F
100
AcDbEntity
  8
BOTTOM
100
AcDbLine
 10
37.81156522
 20
16.9653712
 30
0.0
 11
37.81156522
 21
16.96096176
 31
0.0
  0
LINE
  5
698
330
1F
100
AcDbEntity
  8
BOTTOM
100
AcDbLine
 10
37.81156522
 20
16.96096176
 30
0.0
 11
37.81597465999999
 21
16.96096176
 31
0.0
  0
LINE
  5
699
330
1F
100
AcDbEntity
  8
BOTTOM
100
AcDbLine
 10
37.81597465999999
 20
16.96096176
 30
0.0
 11
37.81597465999999
 21
16.95214034
 31
0.0
  0
LINE
  5
69A
330
1F
100
AcDbEntity
  8
BOTTOM
100
AcDbLine
 10
37.81597465999999
 20
16.95214034
 30
0.0
 11
37.82479608
 21
16.95214034
 31
0.0
  0
LINE
  5
69B
330
1F
100
AcDbEntity
  8
BOTTOM
100
AcDbLine
 10
37.82479608
 20
16.95214034
 30
0.0
 11
37.82479608
 21
16.94332146
 31
0.0
  0
LINE
  5
69C
330
1F
100
AcDbEntity
  8
BOTTOM
100
AcDbLine
 10
37.82479608
 20
16.94332146
 30
0.0
 11
37.84243638
 21
16.94332146
 31
0.0
  0
LINE
  5
69D
330
1F
100
AcDbEntity
  8
BOTTOM
100
AcDbLine
 10
37.84243638
 20
16.94332146
 30
0.0
 11
37.84243638
 21
16.93891202
 31
0.0
  0
LINE
  5
69E
330
1F
100
AcDbEntity
  8
BOTTOM
100
AcDbLine
 10
37.84243638
 20
16.93891202
 30
0.0
 11
37.84684582
 21
16.93891202
 31
0.0
  0
LINE
  5
69F
330
1F
100
AcDbEntity
  8
BOTTOM
100
AcDbLine
 10
37.84684582
 20
16.93891202
 30
0.0
 11
37.84684582
 21
16.93450004
 31
0.0
  0
LINE
  5
6A0
330
1F
100
AcDbEntity
  8
BOTTOM
100
AcDbLine
 10
37.84684582
 20
16.93450004
 30
0.0
 11
37.85125525999999
 21
16.93450004
 31
0.0
  0
LINE
  5
6A1
330
1F
100
AcDbEntity
  8
BOTTOM
100
AcDbLine
 10
37.85125525999999
 20
16.93450004
 30
0.0
 11
37.85125525999999
 21
16.9300906
 31
0.0
  0
LINE
  5
6A2
330
1F
100
AcDbEntity
  8
BOTTOM
100
AcDbLine
 10
37.85125525999999
 20
16.9300906
 30
0.0
 11
37.8556647
 21
16.9300906
 31
0.0
  0
LINE
  5
6A3
330
1F
100
AcDbEntity
  8
BOTTOM
100
AcDbLine
 10
37.8556647
 20
16.9300906
 30
0.0
 11
37.8556647
 21
16.92568116
 31
0.0
  0
LINE
  5
6A4
330
1F
100
AcDbEntity
  8
BOTTOM
100
AcDbLine
 10
37.8556647
 20
16.92568116
 30
0.0
 11
37.86007668
 21
16.92568116
 31
0.0
  0
LINE
  5
6A5
330
1F
100
AcDbEntity
  8
BOTTOM
100
AcDbLine
 10
37.86007668
 20
16.92568116
 30
0.0
 11
37.86007668
 21
16.92127172
 31
0.0
  0
LINE
  5
6A6
330
1F
100
AcDbEntity
  8
BOTTOM
100
AcDbLine
 10
37.86007668
 20
16.92127172
 30
0.0
 11
37.86448612
 21
16.92127172
 31
0.0
  0
LINE
  5
6A7
330
1F
100
AcDbEntity
  8
BOTTOM
100
AcDbLine
 10
37.86448612
 20
16.92127172
 30
0.0
 11
37.86448612
 21
16.91685974
 31
0.0
  0
LINE
  5
6A8
330
1F
100
AcDbEntity
  8
BOTTOM
100
AcDbLine
 10
37.86448612
 20
16.91685974
 30
0.0
 11
37.86889556
 21
16.91685974
 31
0.0
  0
LINE
  5
6A9
330
1F
100
AcDbEntity
  8
BOTTOM
100
AcDbLine
 10
37.86889556
 20
16.91685974
 30
0.0
 11
37.86889556
 21
16.9124503
 31
0.0
  0
LINE
  5
6AA
330
1F
100
AcDbEntity
  8
BOTTOM
100
AcDbLine
 10
37.86889556
 20
16.9124503
 30
0.0
 11
37.87330499999999
 21
16.9124503
 31
0.0
  0
LINE
  5
6AB
330
1F
100
AcDbEntity
  8
BOTTOM
100
AcDbLine
 10
37.87330499999999
 20
16.9124503
 30
0.0
 11
37.87330499999999
 21
16.90804086
 31
0.0
  0
LINE
  5
6AC
330
1F
100
AcDbEntity
  8
BOTTOM
100
AcDbLine
 10
37.87330499999999
 20
16.90804086
 30
0.0
 11
37.87771698
 21
16.90804086
 31
0.0
  0
LINE
  5
6AD
330
1F
100
AcDbEntity
  8
BOTTOM
100
AcDbLine
 10
37.87771698
 20
16.90804086
 30
0.0
 11
37.87771698
 21
16.90363142
 31
0.0
  0
LINE
  5
6AE
330
1F
100
AcDbEntity
  8
BOTTOM
100
AcDbLine
 10
37.87771698
 20
16.90363142
 30
0.0
 11
37.88212642
 21
16.90363142
 31
0.0
  0
LINE
  5
6AF
330
1F
100
AcDbEntity
  8
BOTTOM
100
AcDbLine
 10
37.88212642
 20
16.90363142
 30
0.0
 11
37.88212642
 21
16.89922198
 31
0.0
  0
LINE
  5
6B0
330
1F
100
AcDbEntity
  8
BOTTOM
100
AcDbLine
 10
37.88212642
 20
16.89922198
 30
0.0
 11
37.88653586
 21
16.89922198
 31
0.0
  0
LINE
  5
6B1
330
1F
100
AcDbEntity
  8
BOTTOM
100
AcDbLine
 10
37.88653586
 20
16.89922198
 30
0.0
 11
37.88653586
 21
16.89481
 31
0.0
  0
LINE
  5
6B2
330
1F
100
AcDbEntity
  8
BOTTOM
100
AcDbLine
 10
37.88653586
 20
16.89481
 30
0.0
 11
37.8909453
 21
16.89481
 31
0.0
  0
LINE
  5
6B3
330
1F
100
AcDbEntity
  8
BOTTOM
100
AcDbLine
 10
37.8909453
 20
16.89481
 30
0.0
 11
37.8909453
 21
16.89040056
 31
0.0
  0
LINE
  5
6B4
330
1F
100
AcDbEntity
  8
BOTTOM
100
AcDbLine
 10
37.8909453
 20
16.89040056
 30
0.0
 11
37.89535474
 21
16.89040056
 31
0.0
  0
LINE
  5
6B5
330
1F
100
AcDbEntity
  8
BOTTOM
100
AcDbLine
 10
37.89535474
 20
16.89040056
 30
0.0
 11
37.89535474
 21
16.88599112
 31
0.0
  0
LINE
  5
6B6
330
1F
100
AcDbEntity
  8
BOTTOM
100
AcDbLine
 10
37.89535474
 20
16.88599112
 30
0.0
 11
37.89976672
 21
16.88599112
 31
0.0
  0
LINE
  5
6B7
330
1F
100
AcDbEntity
  8
BOTTOM
100
AcDbLine
 10
37.89976672
 20
16.88599112
 30
0.0
 11
37.89976672
 21
16.88158168
 31
0.0
  0
LINE
  5
6B8
330
1F
100
AcDbEntity
  8
BOTTOM
100
AcDbLine
 10
37.89976672
 20
16.88158168
 30
0.0
 11
37.90417616
 21
16.88158168
 31
0.0
  0
LINE
  5
6B9
330
1F
100
AcDbEntity
  8
BOTTOM
100
AcDbLine
 10
37.90417616
 20
16.88158168
 30
0.0
 11
37.90417616
 21
16.8771697
 31
0.0
  0
LINE
  5
6BA
330
1F
100
AcDbEntity
  8
BOTTOM
100
AcDbLine
 10
37.90417616
 20
16.8771697
 30
0.0
 11
37.90858559999999
 21
16.8771697
 31
0.0
  0
LINE
  5
6BB
330
1F
100
AcDbEntity
  8
BOTTOM
100
AcDbLine
 10
37.90858559999999
 20
16.8771697
 30
0.0
 11
37.90858559999999
 21
16.87276026
 31
0.0
  0
LINE
  5
6BC
330
1F
100
AcDbEntity
  8
BOTTOM
100
AcDbLine
 10
37.90858559999999
 20
16.87276026
 30
0.0
 11
37.91299504
 21
16.87276026
 31
0.0
  0
LINE
  5
6BD
330
1F
100
AcDbEntity
  8
BOTTOM
100
AcDbLine
 10
37.91299504
 20
16.87276026
 30
0.0
 11
37.91299504
 21
16.86835082
 31
0.0
  0
LINE
  5
6BE
330
1F
100
AcDbEntity
  8
BOTTOM
100
AcDbLine
 10
37.91299504
 20
16.86835082
 30
0.0
 11
37.91740702
 21
16.86835082
 31
0.0
  0
LINE
  5
6BF
330
1F
100
AcDbEntity
  8
BOTTOM
100
AcDbLine
 10
37.91740702
 20
16.86835082
 30
0.0
 11
37.91740702
 21
16.86394138
 31
0.0
  0
LINE
  5
6C0
330
1F
100
AcDbEntity
  8
BOTTOM
100
AcDbLine
 10
37.91740702
 20
16.86394138
 30
0.0
 11
37.92181646
 21
16.86394138
 31
0.0
  0
LINE
  5
6C1
330
1F
100
AcDbEntity
  8
BOTTOM
100
AcDbLine
 10
37.92181646
 20
16.86394138
 30
0.0
 11
37.92181646
 21
16.8595294
 31
0.0
  0
LINE
  5
6C2
330
1F
100
AcDbEntity
  8
BOTTOM
100
AcDbLine
 10
37.92181646
 20
16.8595294
 30
0.0
 11
37.9262259
 21
16.8595294
 31
0.0
  0
LINE
  5
6C3
330
1F
100
AcDbEntity
  8
BOTTOM
100
AcDbLine
 10
37.9262259
 20
16.8595294
 30
0.0
 11
37.9262259
 21
16.85511996
 31
0.0
  0
LINE
  5
6C4
330
1F
100
AcDbEntity
  8
BOTTOM
100
AcDbLine
 10
37.9262259
 20
16.85511996
 30
0.0
 11
37.93063533999999
 21
16.85511996
 31
0.0
  0
LINE
  5
6C5
330
1F
100
AcDbEntity
  8
BOTTOM
100
AcDbLine
 10
37.93063533999999
 20
16.85511996
 30
0.0
 11
37.93063533999999
 21
16.85071052
 31
0.0
  0
LINE
  5
6C6
330
1F
100
AcDbEntity
  8
BOTTOM
100
AcDbLine
 10
37.93063533999999
 20
16.85071052
 30
0.0
 11
37.93504732
 21
16.85071052
 31
0.0
  0
LINE
  5
6C7
330
1F
100
AcDbEntity
  8
BOTTOM
100
AcDbLine
 10
37.93504732
 20
16.85071052
 30
0.0
 11
37.93504732
 21
16.84630108
 31
0.0
  0
LINE
  5
6C8
330
1F
100
AcDbEntity
  8
BOTTOM
100
AcDbLine
 10
37.93504732
 20
16.84630108
 30
0.0
 11
37.93945676
 21
16.84630108
 31
0.0
  0
LINE
  5
6C9
330
1F
100
AcDbEntity
  8
BOTTOM
100
AcDbLine
 10
37.93945676
 20
16.84630108
 30
0.0
 11
37.93945676
 21
16.84189164
 31
0.0
  0
LINE
  5
6CA
330
1F
100
AcDbEntity
  8
BOTTOM
100
AcDbLine
 10
37.93945676
 20
16.84189164
 30
0.0
 11
37.9438662
 21
16.84189164
 31
0.0
  0
LINE
  5
6CB
330
1F
100
AcDbEntity
  8
BOTTOM
100
AcDbLine
 10
37.9438662
 20
16.84189164
 30
0.0
 11
37.9438662
 21
16.83747966
 31
0.0
  0
LINE
  5
6CC
330
1F
100
AcDbEntity
  8
BOTTOM
100
AcDbLine
 10
37.9438662
 20
16.83747966
 30
0.0
 11
37.93945676
 21
16.83747966
 31
0.0
  0
LINE
  5
6CD
330
1F
100
AcDbEntity
  8
BOTTOM
100
AcDbLine
 10
36.49999811999999
 20
25.05415868
 30
0.0
 11
36.77488708
 21
25.05415614
 31
0.0
  0
LINE
  5
6CE
330
1F
100
AcDbEntity
  8
BOTTOM
100
AcDbLine
 10
36.77488708
 20
25.05415614
 30
0.0
 11
37.31999648
 21
24.98239098
 31
0.0
  0
LINE
  5
6CF
330
1F
100
AcDbEntity
  8
BOTTOM
100
AcDbLine
 10
37.31999648
 20
24.98239098
 30
0.0
 11
37.8510673
 21
24.84009256
 31
0.0
  0
LINE
  5
6D0
330
1F
100
AcDbEntity
  8
BOTTOM
100
AcDbLine
 10
37.8510673
 20
24.84009256
 30
0.0
 11
38.35898348
 21
24.62970436
 31
0.0
  0
LINE
  5
6D1
330
1F
100
AcDbEntity
  8
BOTTOM
100
AcDbLine
 10
38.35898348
 20
24.62970436
 30
0.0
 11
38.83513696
 21
24.3548027
 31
0.0
  0
LINE
  5
6D2
330
1F
100
AcDbEntity
  8
BOTTOM
100
AcDbLine
 10
38.83513696
 20
24.3548027
 30
0.0
 11
39.27131338
 21
24.02011452
 31
0.0
  0
LINE
  5
6D3
330
1F
100
AcDbEntity
  8
BOTTOM
100
AcDbLine
 10
39.27131338
 20
24.02011452
 30
0.0
 11
39.66009848
 21
23.63132942
 31
0.0
  0
LINE
  5
6D4
330
1F
100
AcDbEntity
  8
BOTTOM
100
AcDbLine
 10
39.66009848
 20
23.63132942
 30
0.0
 11
39.99479174
 21
23.19514792
 31
0.0
  0
LINE
  5
6D5
330
1F
100
AcDbEntity
  8
BOTTOM
100
AcDbLine
 10
39.99479174
 20
23.19514792
 30
0.0
 11
40.26968324
 21
22.71902238
 31
0.0
  0
LINE
  5
6D6
330
1F
100
AcDbEntity
  8
BOTTOM
100
AcDbLine
 10
40.26968324
 20
22.71902238
 30
0.0
 11
40.4800816
 21
22.2110808
 31
0.0
  0
LINE
  5
6D7
330
1F
100
AcDbEntity
  8
BOTTOM
100
AcDbLine
 10
40.4800816
 20
22.2110808
 30
0.0
 11
40.62238002
 21
21.68000998
 31
0.0
  0
LINE
  5
6D8
330
1F
100
AcDbEntity
  8
BOTTOM
100
AcDbLine
 10
40.62238002
 20
21.68000998
 30
0.0
 11
40.69414518
 21
21.13491074
 31
0.0
  0
LINE
  5
6D9
330
1F
100
AcDbEntity
  8
BOTTOM
100
AcDbLine
 10
40.69414518
 20
21.13491074
 30
0.0
 11
40.69414518
 21
20.86001924
 31
0.0
  0
LINE
  5
6DA
330
1F
100
AcDbEntity
  8
BOTTOM
100
AcDbLine
 10
40.69414518
 20
20.86001924
 30
0.0
 11
40.69413755999999
 21
4.5000037
 31
0.0
  0
LINE
  5
6DB
330
1F
100
AcDbEntity
  8
BOTTOM
100
AcDbLine
 10
40.69413755999999
 20
4.5000037
 30
0.0
 11
40.69413502
 21
4.22510712
 31
0.0
  0
LINE
  5
6DC
330
1F
100
AcDbEntity
  8
BOTTOM
100
AcDbLine
 10
40.69413502
 20
4.22510712
 30
0.0
 11
40.6223724
 21
3.68000026
 31
0.0
  0
LINE
  5
6DD
330
1F
100
AcDbEntity
  8
BOTTOM
100
AcDbLine
 10
40.6223724
 20
3.68000026
 30
0.0
 11
40.48007398
 21
3.14894468
 31
0.0
  0
LINE
  5
6DE
330
1F
100
AcDbEntity
  8
BOTTOM
100
AcDbLine
 10
40.48007398
 20
3.14894468
 30
0.0
 11
40.26967308
 21
2.64100056
 31
0.0
  0
LINE
  5
6DF
330
1F
100
AcDbEntity
  8
BOTTOM
100
AcDbLine
 10
40.26967308
 20
2.64100056
 30
0.0
 11
39.99478412
 21
2.16487756
 31
0.0
  0
LINE
  5
6E0
330
1F
100
AcDbEntity
  8
BOTTOM
100
AcDbLine
 10
39.99478412
 20
2.16487756
 30
0.0
 11
39.66009086
 21
1.72869352
 31
0.0
  0
LINE
  5
6E1
330
1F
100
AcDbEntity
  8
BOTTOM
100
AcDbLine
 10
39.66009086
 20
1.72869352
 30
0.0
 11
39.27131846
 21
1.33992112
 31
0.0
  0
LINE
  5
6E2
330
1F
100
AcDbEntity
  8
BOTTOM
100
AcDbLine
 10
39.27131846
 20
1.33992112
 30
0.0
 11
38.83513442
 21
1.00522532
 31
0.0
  0
LINE
  5
6E3
330
1F
100
AcDbEntity
  8
BOTTOM
100
AcDbLine
 10
38.83513442
 20
1.00522532
 30
0.0
 11
38.35900126
 21
0.7303312799999999
 31
0.0
  0
LINE
  5
6E4
330
1F
100
AcDbEntity
  8
BOTTOM
100
AcDbLine
 10
38.35900126
 20
0.7303312799999999
 30
0.0
 11
37.85106476
 21
0.5199354599999999
 31
0.0
  0
LINE
  5
6E5
330
1F
100
AcDbEntity
  8
BOTTOM
100
AcDbLine
 10
37.85106476
 20
0.5199354599999999
 30
0.0
 11
37.31998886
 21
0.37763704
 31
0.0
  0
LINE
  5
6E6
330
1F
100
AcDbEntity
  8
BOTTOM
100
AcDbLine
 10
37.31998886
 20
0.37763704
 30
0.0
 11
36.77489216
 21
0.30587188
 31
0.0
  0
LINE
  5
6E7
330
1F
100
AcDbEntity
  8
BOTTOM
100
AcDbLine
 10
36.77489216
 20
0.30587188
 30
0.0
 11
36.5000032
 21
0.30587442
 31
0.0
  0
LINE
  5
6E8
330
1F
100
AcDbEntity
  8
BOTTOM
100
AcDbLine
 10
36.5000032
 20
0.30587442
 30
0.0
 11
32.89507264
 21
0.30587442
 31
0.0
  0
LINE
  5
6E9
330
1F
100
AcDbEntity
  8
BOTTOM
100
AcDbLine
 10
32.89507264
 20
0.30587442
 30
0.0
 11
32.81223054
 21
0.50587402
 31
0.0
  0
LINE
  5
6EA
330
1F
100
AcDbEntity
  8
BOTTOM
100
AcDbLine
 10
32.81223054
 20
0.50587402
 30
0.0
 11
32.8502518
 21
0.54389528
 31
0.0
  0
LINE
  5
6EB
330
1F
100
AcDbEntity
  8
BOTTOM
100
AcDbLine
 10
32.8502518
 20
0.54389528
 30
0.0
 11
33.00165358
 21
0.80612742
 31
0.0
  0
LINE
  5
6EC
330
1F
100
AcDbEntity
  8
BOTTOM
100
AcDbLine
 10
33.00165358
 20
0.80612742
 30
0.0
 11
33.08002274
 21
1.09861096
 31
0.0
  0
LINE
  5
6ED
330
1F
100
AcDbEntity
  8
BOTTOM
100
AcDbLine
 10
33.08002274
 20
1.09861096
 30
0.0
 11
33.08002274
 21
1.40140944
 31
0.0
  0
LINE
  5
6EE
330
1F
100
AcDbEntity
  8
BOTTOM
100
AcDbLine
 10
33.08002274
 20
1.40140944
 30
0.0
 11
33.00165358
 21
1.69389298
 31
0.0
  0
LINE
  5
6EF
330
1F
100
AcDbEntity
  8
BOTTOM
100
AcDbLine
 10
33.00165358
 20
1.69389298
 30
0.0
 11
32.8502518
 21
1.95612512
 31
0.0
  0
LINE
  5
6F0
330
1F
100
AcDbEntity
  8
BOTTOM
100
AcDbLine
 10
32.8502518
 20
1.95612512
 30
0.0
 11
32.63613995999999
 21
2.17023696
 31
0.0
  0
LINE
  5
6F1
330
1F
100
AcDbEntity
  8
BOTTOM
100
AcDbLine
 10
32.63613995999999
 20
2.17023696
 30
0.0
 11
32.44758814
 21
2.27909882
 31
0.0
  0
LINE
  5
6F2
330
1F
100
AcDbEntity
  8
BOTTOM
100
AcDbLine
 10
32.44758814
 20
2.27909882
 30
0.0
 11
32.39871346
 21
2.47606566
 31
0.0
  0
LINE
  5
6F3
330
1F
100
AcDbEntity
  8
BOTTOM
100
AcDbLine
 10
32.39871346
 20
2.47606566
 30
0.0
 11
32.40579498
 21
2.5201499
 31
0.0
  0
LINE
  5
6F4
330
1F
100
AcDbEntity
  8
BOTTOM
100
AcDbLine
 10
32.40579498
 20
2.5201499
 30
0.0
 11
33.43101264
 21
3.54536756
 31
0.0
  0
LINE
  5
6F5
330
1F
100
AcDbEntity
  8
BOTTOM
100
AcDbLine
 10
33.43101264
 20
3.54536756
 30
0.0
 11
33.65310262
 21
3.517757759999999
 31
0.0
  0
LINE
  5
6F6
330
1F
100
AcDbEntity
  8
BOTTOM
100
AcDbLine
 10
33.65310262
 20
3.517757759999999
 30
0.0
 11
33.75172066
 21
3.2796734
 31
0.0
  0
LINE
  5
6F7
330
1F
100
AcDbEntity
  8
BOTTOM
100
AcDbLine
 10
33.75172066
 20
3.2796734
 30
0.0
 11
34.0046183
 21
2.86698182
 31
0.0
  0
LINE
  5
6F8
330
1F
100
AcDbEntity
  8
BOTTOM
100
AcDbLine
 10
34.0046183
 20
2.86698182
 30
0.0
 11
34.31896107999999
 21
2.49893582
 31
0.0
  0
LINE
  5
6F9
330
1F
100
AcDbEntity
  8
BOTTOM
100
AcDbLine
 10
34.31896107999999
 20
2.49893582
 30
0.0
 11
34.68700708
 21
2.18459304
 31
0.0
  0
LINE
  5
6FA
330
1F
100
AcDbEntity
  8
BOTTOM
100
AcDbLine
 10
34.68700708
 20
2.18459304
 30
0.0
 11
35.09969866
 21
1.9316954
 31
0.0
  0
LINE
  5
6FB
330
1F
100
AcDbEntity
  8
BOTTOM
100
AcDbLine
 10
35.09969866
 20
1.9316954
 30
0.0
 11
35.54687074
 21
1.74647098
 31
0.0
  0
LINE
  5
6FC
330
1F
100
AcDbEntity
  8
BOTTOM
100
AcDbLine
 10
35.54687074
 20
1.74647098
 30
0.0
 11
36.01751242
 21
1.63347908
 31
0.0
  0
LINE
  5
6FD
330
1F
100
AcDbEntity
  8
BOTTOM
100
AcDbLine
 10
36.01751242
 20
1.63347908
 30
0.0
 11
36.50003622
 21
1.59550354
 31
0.0
  0
LINE
  5
6FE
330
1F
100
AcDbEntity
  8
BOTTOM
100
AcDbLine
 10
36.50003622
 20
1.59550354
 30
0.0
 11
36.98256002
 21
1.63347908
 31
0.0
  0
LINE
  5
6FF
330
1F
100
AcDbEntity
  8
BOTTOM
100
AcDbLine
 10
36.98256002
 20
1.63347908
 30
0.0
 11
37.4532017
 21
1.74647098
 31
0.0
  0
LINE
  5
700
330
1F
100
AcDbEntity
  8
BOTTOM
100
AcDbLine
 10
37.4532017
 20
1.74647098
 30
0.0
 11
37.90037378
 21
1.9316954
 31
0.0
  0
LINE
  5
701
330
1F
100
AcDbEntity
  8
BOTTOM
100
AcDbLine
 10
37.90037378
 20
1.9316954
 30
0.0
 11
38.31306536
 21
2.18459304
 31
0.0
  0
LINE
  5
702
330
1F
100
AcDbEntity
  8
BOTTOM
100
AcDbLine
 10
38.31306536
 20
2.18459304
 30
0.0
 11
38.68111136
 21
2.49893582
 31
0.0
  0
LINE
  5
703
330
1F
100
AcDbEntity
  8
BOTTOM
100
AcDbLine
 10
38.68111136
 20
2.49893582
 30
0.0
 11
38.99545414
 21
2.86698182
 31
0.0
  0
LINE
  5
704
330
1F
100
AcDbEntity
  8
BOTTOM
100
AcDbLine
 10
38.99545414
 20
2.86698182
 30
0.0
 11
39.24835177999999
 21
3.2796734
 31
0.0
  0
LINE
  5
705
330
1F
100
AcDbEntity
  8
BOTTOM
100
AcDbLine
 10
39.24835177999999
 20
3.2796734
 30
0.0
 11
39.4335762
 21
3.72684548
 31
0.0
  0
LINE
  5
706
330
1F
100
AcDbEntity
  8
BOTTOM
100
AcDbLine
 10
39.4335762
 20
3.72684548
 30
0.0
 11
39.5465681
 21
4.19748716
 31
0.0
  0
LINE
  5
707
330
1F
100
AcDbEntity
  8
BOTTOM
100
AcDbLine
 10
39.5465681
 20
4.19748716
 30
0.0
 11
39.58454363999999
 21
4.68001096
 31
0.0
  0
LINE
  5
708
330
1F
100
AcDbEntity
  8
BOTTOM
100
AcDbLine
 10
39.58454363999999
 20
4.68001096
 30
0.0
 11
39.5465681
 21
5.16253476
 31
0.0
  0
LINE
  5
709
330
1F
100
AcDbEntity
  8
BOTTOM
100
AcDbLine
 10
39.5465681
 20
5.16253476
 30
0.0
 11
39.4335762
 21
5.63317644
 31
0.0
  0
LINE
  5
70A
330
1F
100
AcDbEntity
  8
BOTTOM
100
AcDbLine
 10
39.4335762
 20
5.63317644
 30
0.0
 11
39.24835177999999
 21
6.08034852
 31
0.0
  0
LINE
  5
70B
330
1F
100
AcDbEntity
  8
BOTTOM
100
AcDbLine
 10
39.24835177999999
 20
6.08034852
 30
0.0
 11
38.99545414
 21
6.4930401
 31
0.0
  0
LINE
  5
70C
330
1F
100
AcDbEntity
  8
BOTTOM
100
AcDbLine
 10
38.99545414
 20
6.4930401
 30
0.0
 11
38.68111136
 21
6.8610861
 31
0.0
  0
LINE
  5
70D
330
1F
100
AcDbEntity
  8
BOTTOM
100
AcDbLine
 10
38.68111136
 20
6.8610861
 30
0.0
 11
38.31306536
 21
7.17542888
 31
0.0
  0
LINE
  5
70E
330
1F
100
AcDbEntity
  8
BOTTOM
100
AcDbLine
 10
38.31306536
 20
7.17542888
 30
0.0
 11
37.90037378
 21
7.428326519999999
 31
0.0
  0
LINE
  5
70F
330
1F
100
AcDbEntity
  8
BOTTOM
100
AcDbLine
 10
37.90037378
 20
7.428326519999999
 30
0.0
 11
37.4532017
 21
7.61355094
 31
0.0
  0
LINE
  5
710
330
1F
100
AcDbEntity
  8
BOTTOM
100
AcDbLine
 10
37.4532017
 20
7.61355094
 30
0.0
 11
37.34664361999999
 21
7.63913382
 31
0.0
  0
LINE
  5
711
330
1F
100
AcDbEntity
  8
BOTTOM
100
AcDbLine
 10
37.34664361999999
 20
7.63913382
 30
0.0
 11
37.29235619999999
 21
7.83162518
 31
0.0
  0
LINE
  5
712
330
1F
100
AcDbEntity
  8
BOTTOM
100
AcDbLine
 10
37.29235619999999
 20
7.83162518
 30
0.0
 11
37.53074282
 21
8.0700118
 31
0.0
  0
LINE
  5
713
330
1F
100
AcDbEntity
  8
BOTTOM
100
AcDbLine
 10
37.53074282
 20
8.0700118
 30
0.0
 11
37.60534516
 21
8.0700118
 31
0.0
  0
LINE
  5
714
330
1F
100
AcDbEntity
  8
BOTTOM
100
AcDbLine
 10
37.60534516
 20
8.0700118
 30
0.0
 11
37.80881186
 21
8.12453036
 31
0.0
  0
LINE
  5
715
330
1F
100
AcDbEntity
  8
BOTTOM
100
AcDbLine
 10
37.80881186
 20
8.12453036
 30
0.0
 11
37.99123466
 21
8.22985146
 31
0.0
  0
LINE
  5
716
330
1F
100
AcDbEntity
  8
BOTTOM
100
AcDbLine
 10
37.99123466
 20
8.22985146
 30
0.0
 11
38.1401828
 21
8.378799599999999
 31
0.0
  0
LINE
  5
717
330
1F
100
AcDbEntity
  8
BOTTOM
100
AcDbLine
 10
38.1401828
 20
8.378799599999999
 30
0.0
 11
38.2455039
 21
8.5612224
 31
0.0
  0
LINE
  5
718
330
1F
100
AcDbEntity
  8
BOTTOM
100
AcDbLine
 10
38.2455039
 20
8.5612224
 30
0.0
 11
38.30002246
 21
8.7646891
 31
0.0
  0
LINE
  5
719
330
1F
100
AcDbEntity
  8
BOTTOM
100
AcDbLine
 10
38.30002246
 20
8.7646891
 30
0.0
 11
38.30002246
 21
8.975331299999999
 31
0.0
  0
LINE
  5
71A
330
1F
100
AcDbEntity
  8
BOTTOM
100
AcDbLine
 10
38.30002246
 20
8.975331299999999
 30
0.0
 11
38.248971
 21
9.16585416
 31
0.0
  0
LINE
  5
71B
330
1F
100
AcDbEntity
  8
BOTTOM
100
AcDbLine
 10
38.248971
 20
9.16585416
 30
0.0
 11
38.25324074
 21
9.172242259999999
 31
0.0
  0
LINE
  5
71C
330
1F
100
AcDbEntity
  8
BOTTOM
100
AcDbLine
 10
38.25324074
 20
9.172242259999999
 30
0.0
 11
38.28234406
 21
9.318558959999999
 31
0.0
  0
LINE
  5
71D
330
1F
100
AcDbEntity
  8
BOTTOM
100
AcDbLine
 10
38.28234406
 20
9.318558959999999
 30
0.0
 11
38.28234406
 21
10.44162758
 31
0.0
  0
LINE
  5
71E
330
1F
100
AcDbEntity
  8
BOTTOM
100
AcDbLine
 10
38.28234406
 20
10.44162758
 30
0.0
 11
38.670357
 21
10.82964052
 31
0.0
  0
LINE
  5
71F
330
1F
100
AcDbEntity
  8
BOTTOM
100
AcDbLine
 10
38.670357
 20
10.82964052
 30
0.0
 11
38.75323974
 21
10.95368142
 31
0.0
  0
LINE
  5
720
330
1F
100
AcDbEntity
  8
BOTTOM
100
AcDbLine
 10
38.75323974
 20
10.95368142
 30
0.0
 11
38.78234306
 21
11.09999812
 31
0.0
  0
LINE
  5
721
330
1F
100
AcDbEntity
  8
BOTTOM
100
AcDbLine
 10
38.78234306
 20
11.09999812
 30
0.0
 11
38.78234306
 21
11.54162792
 31
0.0
  0
LINE
  5
722
330
1F
100
AcDbEntity
  8
BOTTOM
100
AcDbLine
 10
38.78234306
 20
11.54162792
 30
0.0
 11
39.42702808
 21
12.18631294
 31
0.0
  0
LINE
  5
723
330
1F
100
AcDbEntity
  8
BOTTOM
100
AcDbLine
 10
39.42702808
 20
12.18631294
 30
0.0
 11
39.50991082
 21
12.31035384
 31
0.0
  0
LINE
  5
724
330
1F
100
AcDbEntity
  8
BOTTOM
100
AcDbLine
 10
39.50991082
 20
12.31035384
 30
0.0
 11
39.53901414
 21
12.45667054
 31
0.0
  0
LINE
  5
725
330
1F
100
AcDbEntity
  8
BOTTOM
100
AcDbLine
 10
39.53901414
 20
12.45667054
 30
0.0
 11
39.53901414
 21
16.36387888
 31
0.0
  0
LINE
  5
726
330
1F
100
AcDbEntity
  8
BOTTOM
100
AcDbLine
 10
39.53901414
 20
16.36387888
 30
0.0
 11
39.50991082
 21
16.51019558
 31
0.0
  0
LINE
  5
727
330
1F
100
AcDbEntity
  8
BOTTOM
100
AcDbLine
 10
39.50991082
 20
16.51019558
 30
0.0
 11
39.42702808
 21
16.63423648
 31
0.0
  0
LINE
  5
728
330
1F
100
AcDbEntity
  8
BOTTOM
100
AcDbLine
 10
39.42702808
 20
16.63423648
 30
0.0
 11
38.31089619999999
 21
17.75036836
 31
0.0
  0
LINE
  5
729
330
1F
100
AcDbEntity
  8
BOTTOM
100
AcDbLine
 10
38.31089619999999
 20
17.75036836
 30
0.0
 11
38.1868553
 21
17.8332511
 31
0.0
  0
LINE
  5
72A
330
1F
100
AcDbEntity
  8
BOTTOM
100
AcDbLine
 10
38.1868553
 20
17.8332511
 30
0.0
 11
38.13827526
 21
17.84291326
 31
0.0
  0
LINE
  5
72B
330
1F
100
AcDbEntity
  8
BOTTOM
100
AcDbLine
 10
38.13827526
 20
17.84291326
 30
0.0
 11
38.10051815999999
 21
18.05434286
 31
0.0
  0
LINE
  5
72C
330
1F
100
AcDbEntity
  8
BOTTOM
100
AcDbLine
 10
38.10051815999999
 20
18.05434286
 30
0.0
 11
38.31306536
 21
18.18459152
 31
0.0
  0
LINE
  5
72D
330
1F
100
AcDbEntity
  8
BOTTOM
100
AcDbLine
 10
38.31306536
 20
18.18459152
 30
0.0
 11
38.68111136
 21
18.4989343
 31
0.0
  0
LINE
  5
72E
330
1F
100
AcDbEntity
  8
BOTTOM
100
AcDbLine
 10
38.68111136
 20
18.4989343
 30
0.0
 11
38.99545414
 21
18.8669803
 31
0.0
  0
LINE
  5
72F
330
1F
100
AcDbEntity
  8
BOTTOM
100
AcDbLine
 10
38.99545414
 20
18.8669803
 30
0.0
 11
39.24835177999999
 21
19.27967188
 31
0.0
  0
LINE
  5
730
330
1F
100
AcDbEntity
  8
BOTTOM
100
AcDbLine
 10
39.24835177999999
 20
19.27967188
 30
0.0
 11
39.4335762
 21
19.72684396
 31
0.0
  0
LINE
  5
731
330
1F
100
AcDbEntity
  8
BOTTOM
100
AcDbLine
 10
39.4335762
 20
19.72684396
 30
0.0
 11
39.5465681
 21
20.19748564
 31
0.0
  0
LINE
  5
732
330
1F
100
AcDbEntity
  8
BOTTOM
100
AcDbLine
 10
39.5465681
 20
20.19748564
 30
0.0
 11
39.58454363999999
 21
20.68000944
 31
0.0
  0
LINE
  5
733
330
1F
100
AcDbEntity
  8
BOTTOM
100
AcDbLine
 10
39.58454363999999
 20
20.68000944
 30
0.0
 11
39.5465681
 21
21.16253324
 31
0.0
  0
LINE
  5
734
330
1F
100
AcDbEntity
  8
BOTTOM
100
AcDbLine
 10
39.5465681
 20
21.16253324
 30
0.0
 11
39.4335762
 21
21.63317492
 31
0.0
  0
LINE
  5
735
330
1F
100
AcDbEntity
  8
BOTTOM
100
AcDbLine
 10
39.4335762
 20
21.63317492
 30
0.0
 11
39.24835177999999
 21
22.080347
 31
0.0
  0
LINE
  5
736
330
1F
100
AcDbEntity
  8
BOTTOM
100
AcDbLine
 10
39.24835177999999
 20
22.080347
 30
0.0
 11
38.99545414
 21
22.49303858
 31
0.0
  0
LINE
  5
737
330
1F
100
AcDbEntity
  8
BOTTOM
100
AcDbLine
 10
38.99545414
 20
22.49303858
 30
0.0
 11
38.68111136
 21
22.86108458
 31
0.0
  0
LINE
  5
738
330
1F
100
AcDbEntity
  8
BOTTOM
100
AcDbLine
 10
38.68111136
 20
22.86108458
 30
0.0
 11
38.31306536
 21
23.17542736
 31
0.0
  0
LINE
  5
739
330
1F
100
AcDbEntity
  8
BOTTOM
100
AcDbLine
 10
38.31306536
 20
23.17542736
 30
0.0
 11
37.90037378
 21
23.428325
 31
0.0
  0
LINE
  5
73A
330
1F
100
AcDbEntity
  8
BOTTOM
100
AcDbLine
 10
37.90037378
 20
23.428325
 30
0.0
 11
37.4532017
 21
23.61354942
 31
0.0
  0
LINE
  5
73B
330
1F
100
AcDbEntity
  8
BOTTOM
100
AcDbLine
 10
37.4532017
 20
23.61354942
 30
0.0
 11
36.98256002
 21
23.72654132
 31
0.0
  0
LINE
  5
73C
330
1F
100
AcDbEntity
  8
BOTTOM
100
AcDbLine
 10
36.98256002
 20
23.72654132
 30
0.0
 11
36.50003622
 21
23.76451686
 31
0.0
  0
LINE
  5
73D
330
1F
100
AcDbEntity
  8
BOTTOM
100
AcDbLine
 10
36.50003622
 20
23.76451686
 30
0.0
 11
36.01751242
 21
23.72654132
 31
0.0
  0
LINE
  5
73E
330
1F
100
AcDbEntity
  8
BOTTOM
100
AcDbLine
 10
36.01751242
 20
23.72654132
 30
0.0
 11
35.54687074
 21
23.61354942
 31
0.0
  0
LINE
  5
73F
330
1F
100
AcDbEntity
  8
BOTTOM
100
AcDbLine
 10
35.54687074
 20
23.61354942
 30
0.0
 11
35.09969866
 21
23.428325
 31
0.0
  0
LINE
  5
740
330
1F
100
AcDbEntity
  8
BOTTOM
100
AcDbLine
 10
35.09969866
 20
23.428325
 30
0.0
 11
34.68700708
 21
23.17542736
 31
0.0
  0
LINE
  5
741
330
1F
100
AcDbEntity
  8
BOTTOM
100
AcDbLine
 10
34.68700708
 20
23.17542736
 30
0.0
 11
34.31896107999999
 21
22.86108458
 31
0.0
  0
LINE
  5
742
330
1F
100
AcDbEntity
  8
BOTTOM
100
AcDbLine
 10
34.31896107999999
 20
22.86108458
 30
0.0
 11
34.0046183
 21
22.49303858
 31
0.0
  0
LINE
  5
743
330
1F
100
AcDbEntity
  8
BOTTOM
100
AcDbLine
 10
34.0046183
 20
22.49303858
 30
0.0
 11
33.75172066
 21
22.080347
 31
0.0
  0
LINE
  5
744
330
1F
100
AcDbEntity
  8
BOTTOM
100
AcDbLine
 10
33.75172066
 20
22.080347
 30
0.0
 11
33.59693306
 21
21.70665966
 31
0.0
  0
LINE
  5
745
330
1F
100
AcDbEntity
  8
BOTTOM
100
AcDbLine
 10
33.59693306
 20
21.70665966
 30
0.0
 11
33.41498523999999
 21
21.64948172
 31
0.0
  0
LINE
  5
746
330
1F
100
AcDbEntity
  8
BOTTOM
100
AcDbLine
 10
33.41498523999999
 20
21.64948172
 30
0.0
 11
33.36599372
 21
21.65475476
 31
0.0
  0
LINE
  5
747
330
1F
100
AcDbEntity
  8
BOTTOM
100
AcDbLine
 10
33.36599372
 20
21.65475476
 30
0.0
 11
32.17687494
 21
22.84387354
 31
0.0
  0
LINE
  5
748
330
1F
100
AcDbEntity
  8
BOTTOM
100
AcDbLine
 10
32.17687494
 20
22.84387354
 30
0.0
 11
32.17687494
 21
23.41691532
 31
0.0
  0
LINE
  5
749
330
1F
100
AcDbEntity
  8
BOTTOM
100
AcDbLine
 10
32.17687494
 20
23.41691532
 30
0.0
 11
32.3393562
 21
23.5372783
 31
0.0
  0
LINE
  5
74A
330
1F
100
AcDbEntity
  8
BOTTOM
100
AcDbLine
 10
32.3393562
 20
23.5372783
 30
0.0
 11
32.79975152
 21
23.07688298
 31
0.0
  0
LINE
  5
74B
330
1F
100
AcDbEntity
  8
BOTTOM
100
AcDbLine
 10
32.79975152
 20
23.07688298
 30
0.0
 11
32.92379242
 21
22.99400024
 31
0.0
  0
LINE
  5
74C
330
1F
100
AcDbEntity
  8
BOTTOM
100
AcDbLine
 10
32.92379242
 20
22.99400024
 30
0.0
 11
33.07010912
 21
22.96489692
 31
0.0
  0
LINE
  5
74D
330
1F
100
AcDbEntity
  8
BOTTOM
100
AcDbLine
 10
33.07010912
 20
22.96489692
 30
0.0
 11
33.14857226
 21
22.96489692
 31
0.0
  0
LINE
  5
74E
330
1F
100
AcDbEntity
  8
BOTTOM
100
AcDbLine
 10
33.14857226
 20
22.96489692
 30
0.0
 11
33.27488391999999
 21
22.83858526
 31
0.0
  0
LINE
  5
74F
330
1F
100
AcDbEntity
  8
BOTTOM
100
AcDbLine
 10
33.27488391999999
 20
22.83858526
 30
0.0
 11
33.49540926
 21
22.74724178
 31
0.0
  0
LINE
  5
750
330
1F
100
AcDbEntity
  8
BOTTOM
100
AcDbLine
 10
33.49540926
 20
22.74724178
 30
0.0
 11
33.73410321999999
 21
22.74724178
 31
0.0
  0
LINE
  5
751
330
1F
100
AcDbEntity
  8
BOTTOM
100
AcDbLine
 10
33.73410321999999
 20
22.74724178
 30
0.0
 11
33.95462856
 21
22.83858526
 31
0.0
  0
LINE
  5
752
330
1F
100
AcDbEntity
  8
BOTTOM
100
AcDbLine
 10
33.95462856
 20
22.83858526
 30
0.0
 11
34.12341155999999
 21
23.00736826
 31
0.0
  0
LINE
  5
753
330
1F
100
AcDbEntity
  8
BOTTOM
100
AcDbLine
 10
34.12341155999999
 20
23.00736826
 30
0.0
 11
34.21475504
 21
23.2278936
 31
0.0
  0
LINE
  5
754
330
1F
100
AcDbEntity
  8
BOTTOM
100
AcDbLine
 10
34.21475504
 20
23.2278936
 30
0.0
 11
34.21475504
 21
23.46658756
 31
0.0
  0
LINE
  5
755
330
1F
100
AcDbEntity
  8
BOTTOM
100
AcDbLine
 10
34.21475504
 20
23.46658756
 30
0.0
 11
34.12341155999999
 21
23.6871129
 31
0.0
  0
LINE
  5
756
330
1F
100
AcDbEntity
  8
BOTTOM
100
AcDbLine
 10
34.12341155999999
 20
23.6871129
 30
0.0
 11
34.02051362
 21
23.79001084
 31
0.0
  0
LINE
  5
757
330
1F
100
AcDbEntity
  8
BOTTOM
100
AcDbLine
 10
34.02051362
 20
23.79001084
 30
0.0
 11
34.04733348
 21
23.8997871
 31
0.0
  0
LINE
  5
758
330
1F
100
AcDbEntity
  8
BOTTOM
100
AcDbLine
 10
34.04733348
 20
23.8997871
 30
0.0
 11
34.09153202
 21
23.99919
 31
0.0
  0
LINE
  5
759
330
1F
100
AcDbEntity
  8
BOTTOM
100
AcDbLine
 10
34.09153202
 20
23.99919
 30
0.0
 11
34.2898984
 21
24.08135392
 31
0.0
  0
LINE
  5
75A
330
1F
100
AcDbEntity
  8
BOTTOM
100
AcDbLine
 10
34.2898984
 20
24.08135392
 30
0.0
 11
34.4586814
 21
24.25013692
 31
0.0
  0
LINE
  5
75B
330
1F
100
AcDbEntity
  8
BOTTOM
100
AcDbLine
 10
34.4586814
 20
24.25013692
 30
0.0
 11
34.55002488
 21
24.47066226
 31
0.0
  0
LINE
  5
75C
330
1F
100
AcDbEntity
  8
BOTTOM
100
AcDbLine
 10
34.55002488
 20
24.47066226
 30
0.0
 11
34.55002488
 21
24.70935622
 31
0.0
  0
LINE
  5
75D
330
1F
100
AcDbEntity
  8
BOTTOM
100
AcDbLine
 10
34.55002488
 20
24.70935622
 30
0.0
 11
34.49004786
 21
24.85415654
 31
0.0
  0
LINE
  5
75E
330
1F
100
AcDbEntity
  8
BOTTOM
100
AcDbLine
 10
34.49004786
 20
24.85415654
 30
0.0
 11
34.59571947999999
 21
25.05415868
 31
0.0
  0
LINE
  5
75F
330
1F
100
AcDbEntity
  8
BOTTOM
100
AcDbLine
 10
34.59571947999999
 20
25.05415868
 30
0.0
 11
36.49999811999999
 21
25.05415868
 31
0.0
  0
LINE
  5
760
330
1F
100
AcDbEntity
  8
BOTTOM
100
AcDbLine
 10
20.8049876
 20
25.0541536
 30
0.0
 11
20.8878297
 21
24.85415146
 31
0.0
  0
LINE
  5
761
330
1F
100
AcDbEntity
  8
BOTTOM
100
AcDbLine
 10
20.8878297
 20
24.85415146
 30
0.0
 11
20.84980336
 21
24.81612512
 31
0.0
  0
LINE
  5
762
330
1F
100
AcDbEntity
  8
BOTTOM
100
AcDbLine
 10
20.84980336
 20
24.81612512
 30
0.0
 11
20.69840158
 21
24.55389298
 31
0.0
  0
LINE
  5
763
330
1F
100
AcDbEntity
  8
BOTTOM
100
AcDbLine
 10
20.69840158
 20
24.55389298
 30
0.0
 11
20.62003242
 21
24.26140944
 31
0.0
  0
LINE
  5
764
330
1F
100
AcDbEntity
  8
BOTTOM
100
AcDbLine
 10
20.62003242
 20
24.26140944
 30
0.0
 11
20.62003242
 21
23.95861096
 31
0.0
  0
LINE
  5
765
330
1F
100
AcDbEntity
  8
BOTTOM
100
AcDbLine
 10
20.62003242
 20
23.95861096
 30
0.0
 11
20.69840158
 21
23.66612742
 31
0.0
  0
LINE
  5
766
330
1F
100
AcDbEntity
  8
BOTTOM
100
AcDbLine
 10
20.69840158
 20
23.66612742
 30
0.0
 11
20.74508678
 21
23.58526906
 31
0.0
  0
LINE
  5
767
330
1F
100
AcDbEntity
  8
BOTTOM
100
AcDbLine
 10
20.74508678
 20
23.58526906
 30
0.0
 11
20.74524426
 21
23.58445118
 31
0.0
  0
LINE
  5
768
330
1F
100
AcDbEntity
  8
BOTTOM
100
AcDbLine
 10
20.74524426
 20
23.58445118
 30
0.0
 11
20.6519018
 21
23.34666908
 31
0.0
  0
LINE
  5
769
330
1F
100
AcDbEntity
  8
BOTTOM
100
AcDbLine
 10
20.6519018
 20
23.34666908
 30
0.0
 11
20.56012652
 21
23.30865544
 31
0.0
  0
LINE
  5
76A
330
1F
100
AcDbEntity
  8
BOTTOM
100
AcDbLine
 10
20.56012652
 20
23.30865544
 30
0.0
 11
20.39134352
 21
23.13987244
 31
0.0
  0
LINE
  5
76B
330
1F
100
AcDbEntity
  8
BOTTOM
100
AcDbLine
 10
20.39134352
 20
23.13987244
 30
0.0
 11
20.30000004
 21
22.9193471
 31
0.0
  0
LINE
  5
76C
330
1F
100
AcDbEntity
  8
BOTTOM
100
AcDbLine
 10
20.30000004
 20
22.9193471
 30
0.0
 11
20.30000004
 21
22.74071652
 31
0.0
  0
LINE
  5
76D
330
1F
100
AcDbEntity
  8
BOTTOM
100
AcDbLine
 10
20.30000004
 20
22.74071652
 30
0.0
 11
19.21198088
 21
21.65269736
 31
0.0
  0
LINE
  5
76E
330
1F
100
AcDbEntity
  8
BOTTOM
100
AcDbLine
 10
19.21198088
 20
21.65269736
 30
0.0
 11
15.42774664
 21
21.65269736
 31
0.0
  0
LINE
  5
76F
330
1F
100
AcDbEntity
  8
BOTTOM
100
AcDbLine
 10
15.42774664
 20
21.65269736
 30
0.0
 11
15.30143498
 21
21.77900902
 31
0.0
  0
LINE
  5
770
330
1F
100
AcDbEntity
  8
BOTTOM
100
AcDbLine
 10
15.30143498
 20
21.77900902
 30
0.0
 11
15.17891554
 21
21.82975822
 31
0.0
  0
LINE
  5
771
330
1F
100
AcDbEntity
  8
BOTTOM
100
AcDbLine
 10
15.17891554
 20
21.82975822
 30
0.0
 11
15.19999754
 21
21.8806522
 31
0.0
  0
LINE
  5
772
330
1F
100
AcDbEntity
  8
BOTTOM
100
AcDbLine
 10
15.19999754
 20
21.8806522
 30
0.0
 11
15.19999754
 21
22.11934616
 31
0.0
  0
LINE
  5
773
330
1F
100
AcDbEntity
  8
BOTTOM
100
AcDbLine
 10
15.19999754
 20
22.11934616
 30
0.0
 11
15.10865406
 21
22.3398715
 31
0.0
  0
LINE
  5
774
330
1F
100
AcDbEntity
  8
BOTTOM
100
AcDbLine
 10
15.10865406
 20
22.3398715
 30
0.0
 11
14.93987106
 21
22.5086545
 31
0.0
  0
LINE
  5
775
330
1F
100
AcDbEntity
  8
BOTTOM
100
AcDbLine
 10
14.93987106
 20
22.5086545
 30
0.0
 11
14.71934572
 21
22.59999798
 31
0.0
  0
LINE
  5
776
330
1F
100
AcDbEntity
  8
BOTTOM
100
AcDbLine
 10
14.71934572
 20
22.59999798
 30
0.0
 11
14.48065176
 21
22.59999798
 31
0.0
  0
LINE
  5
777
330
1F
100
AcDbEntity
  8
BOTTOM
100
AcDbLine
 10
14.48065176
 20
22.59999798
 30
0.0
 11
14.26012642
 21
22.5086545
 31
0.0
  0
LINE
  5
778
330
1F
100
AcDbEntity
  8
BOTTOM
100
AcDbLine
 10
14.26012642
 20
22.5086545
 30
0.0
 11
14.09134342
 21
22.3398715
 31
0.0
  0
LINE
  5
779
330
1F
100
AcDbEntity
  8
BOTTOM
100
AcDbLine
 10
14.09134342
 20
22.3398715
 30
0.0
 11
13.99999994
 21
22.11934616
 31
0.0
  0
LINE
  5
77A
330
1F
100
AcDbEntity
  8
BOTTOM
100
AcDbLine
 10
13.99999994
 20
22.11934616
 30
0.0
 11
13.99999994
 21
21.94071558
 31
0.0
  0
LINE
  5
77B
330
1F
100
AcDbEntity
  8
BOTTOM
100
AcDbLine
 10
13.99999994
 20
21.94071558
 30
0.0
 11
13.92964194
 21
21.87035758
 31
0.0
  0
LINE
  5
77C
330
1F
100
AcDbEntity
  8
BOTTOM
100
AcDbLine
 10
13.92964194
 20
21.87035758
 30
0.0
 11
13.8467592
 21
21.74631668
 31
0.0
  0
LINE
  5
77D
330
1F
100
AcDbEntity
  8
BOTTOM
100
AcDbLine
 10
13.8467592
 20
21.74631668
 30
0.0
 11
13.81765588
 21
21.59999998
 31
0.0
  0
LINE
  5
77E
330
1F
100
AcDbEntity
  8
BOTTOM
100
AcDbLine
 10
13.81765588
 20
21.59999998
 30
0.0
 11
13.81765588
 21
21.32198174
 31
0.0
  0
LINE
  5
77F
330
1F
100
AcDbEntity
  8
BOTTOM
100
AcDbLine
 10
13.81765588
 20
21.32198174
 30
0.0
 11
13.8467592
 21
21.17566504
 31
0.0
  0
LINE
  5
780
330
1F
100
AcDbEntity
  8
BOTTOM
100
AcDbLine
 10
13.8467592
 20
21.17566504
 30
0.0
 11
13.92964194
 21
21.05162414
 31
0.0
  0
LINE
  5
781
330
1F
100
AcDbEntity
  8
BOTTOM
100
AcDbLine
 10
13.92964194
 20
21.05162414
 30
0.0
 11
14.4832705
 21
20.49799558
 31
0.0
  0
LINE
  5
782
330
1F
100
AcDbEntity
  8
BOTTOM
100
AcDbLine
 10
14.4832705
 20
20.49799558
 30
0.0
 11
14.6073114
 21
20.41511284
 31
0.0
  0
LINE
  5
783
330
1F
100
AcDbEntity
  8
BOTTOM
100
AcDbLine
 10
14.6073114
 20
20.41511284
 30
0.0
 11
14.7536281
 21
20.38600952
 31
0.0
  0
LINE
  5
784
330
1F
100
AcDbEntity
  8
BOTTOM
100
AcDbLine
 10
14.7536281
 20
20.38600952
 30
0.0
 11
19.91835996
 21
20.38600952
 31
0.0
  0
LINE
  5
785
330
1F
100
AcDbEntity
  8
BOTTOM
100
AcDbLine
 10
19.91835996
 20
20.38600952
 30
0.0
 11
20.06467666
 21
20.41511284
 31
0.0
  0
LINE
  5
786
330
1F
100
AcDbEntity
  8
BOTTOM
100
AcDbLine
 10
20.06467666
 20
20.41511284
 30
0.0
 11
20.18871756
 21
20.49799558
 31
0.0
  0
LINE
  5
787
330
1F
100
AcDbEntity
  8
BOTTOM
100
AcDbLine
 10
20.18871756
 20
20.49799558
 30
0.0
 11
21.62536442
 21
21.93464244
 31
0.0
  0
LINE
  5
788
330
1F
100
AcDbEntity
  8
BOTTOM
100
AcDbLine
 10
21.62536442
 20
21.93464244
 30
0.0
 11
21.62537204
 21
21.93464752
 31
0.0
  0
LINE
  5
789
330
1F
100
AcDbEntity
  8
BOTTOM
100
AcDbLine
 10
21.62537204
 20
21.93464752
 30
0.0
 11
22.08482248
 21
22.39409796
 31
0.0
  0
LINE
  5
78A
330
1F
100
AcDbEntity
  8
BOTTOM
100
AcDbLine
 10
22.08482248
 20
22.39409796
 30
0.0
 11
24.86881996
 21
22.39409796
 31
0.0
  0
LINE
  5
78B
330
1F
100
AcDbEntity
  8
BOTTOM
100
AcDbLine
 10
24.86881996
 20
22.39409796
 30
0.0
 11
24.9203083
 21
22.40433924
 31
0.0
  0
LINE
  5
78C
330
1F
100
AcDbEntity
  8
BOTTOM
100
AcDbLine
 10
24.9203083
 20
22.40433924
 30
0.0
 11
24.99834472
 21
22.21594236
 31
0.0
  0
LINE
  5
78D
330
1F
100
AcDbEntity
  8
BOTTOM
100
AcDbLine
 10
24.99834472
 20
22.21594236
 30
0.0
 11
24.94360772
 21
22.1793689
 31
0.0
  0
LINE
  5
78E
330
1F
100
AcDbEntity
  8
BOTTOM
100
AcDbLine
 10
24.94360772
 20
22.1793689
 30
0.0
 11
23.80979744
 21
21.04555862
 31
0.0
  0
LINE
  5
78F
330
1F
100
AcDbEntity
  8
BOTTOM
100
AcDbLine
 10
23.80979744
 20
21.04555862
 30
0.0
 11
23.71542374
 21
21.07880722
 31
0.0
  0
LINE
  5
790
330
1F
100
AcDbEntity
  8
BOTTOM
100
AcDbLine
 10
23.71542374
 20
21.07880722
 30
0.0
 11
23.62502006
 21
21.14362548
 31
0.0
  0
LINE
  5
791
330
1F
100
AcDbEntity
  8
BOTTOM
100
AcDbLine
 10
23.62502006
 20
21.14362548
 30
0.0
 11
23.62502006
 21
21.34935024
 31
0.0
  0
LINE
  5
792
330
1F
100
AcDbEntity
  8
BOTTOM
100
AcDbLine
 10
23.62502006
 20
21.34935024
 30
0.0
 11
23.53367658
 21
21.56987558
 31
0.0
  0
LINE
  5
793
330
1F
100
AcDbEntity
  8
BOTTOM
100
AcDbLine
 10
23.53367658
 20
21.56987558
 30
0.0
 11
23.36489358
 21
21.73865858
 31
0.0
  0
LINE
  5
794
330
1F
100
AcDbEntity
  8
BOTTOM
100
AcDbLine
 10
23.36489358
 20
21.73865858
 30
0.0
 11
23.14436824
 21
21.83000206
 31
0.0
  0
LINE
  5
795
330
1F
100
AcDbEntity
  8
BOTTOM
100
AcDbLine
 10
23.14436824
 20
21.83000206
 30
0.0
 11
22.90567428
 21
21.83000206
 31
0.0
  0
LINE
  5
796
330
1F
100
AcDbEntity
  8
BOTTOM
100
AcDbLine
 10
22.90567428
 20
21.83000206
 30
0.0
 11
22.68514894
 21
21.73865858
 31
0.0
  0
LINE
  5
797
330
1F
100
AcDbEntity
  8
BOTTOM
100
AcDbLine
 10
22.68514894
 20
21.73865858
 30
0.0
 11
22.51636594
 21
21.56987558
 31
0.0
  0
LINE
  5
798
330
1F
100
AcDbEntity
  8
BOTTOM
100
AcDbLine
 10
22.51636594
 20
21.56987558
 30
0.0
 11
22.42502246
 21
21.34935024
 31
0.0
  0
LINE
  5
799
330
1F
100
AcDbEntity
  8
BOTTOM
100
AcDbLine
 10
22.42502246
 20
21.34935024
 30
0.0
 11
22.42502246
 21
21.17071966
 31
0.0
  0
LINE
  5
79A
330
1F
100
AcDbEntity
  8
BOTTOM
100
AcDbLine
 10
22.42502246
 20
21.17071966
 30
0.0
 11
21.1666582
 21
19.9123554
 31
0.0
  0
LINE
  5
79B
330
1F
100
AcDbEntity
  8
BOTTOM
100
AcDbLine
 10
21.1666582
 20
19.9123554
 30
0.0
 11
14.69120506
 21
19.9123554
 31
0.0
  0
LINE
  5
79C
330
1F
100
AcDbEntity
  8
BOTTOM
100
AcDbLine
 10
14.69120506
 20
19.9123554
 30
0.0
 11
14.5648934
 21
20.03866706
 31
0.0
  0
LINE
  5
79D
330
1F
100
AcDbEntity
  8
BOTTOM
100
AcDbLine
 10
14.5648934
 20
20.03866706
 30
0.0
 11
14.34436806
 21
20.13001054
 31
0.0
  0
LINE
  5
79E
330
1F
100
AcDbEntity
  8
BOTTOM
100
AcDbLine
 10
14.34436806
 20
20.13001054
 30
0.0
 11
14.1056741
 21
20.13001054
 31
0.0
  0
LINE
  5
79F
330
1F
100
AcDbEntity
  8
BOTTOM
100
AcDbLine
 10
14.1056741
 20
20.13001054
 30
0.0
 11
13.88514876
 21
20.03866706
 31
0.0
  0
LINE
  5
7A0
330
1F
100
AcDbEntity
  8
BOTTOM
100
AcDbLine
 10
13.88514876
 20
20.03866706
 30
0.0
 11
13.71636576
 21
19.86988406
 31
0.0
  0
LINE
  5
7A1
330
1F
100
AcDbEntity
  8
BOTTOM
100
AcDbLine
 10
13.71636576
 20
19.86988406
 30
0.0
 11
13.62502228
 21
19.64935872
 31
0.0
  0
LINE
  5
7A2
330
1F
100
AcDbEntity
  8
BOTTOM
100
AcDbLine
 10
13.62502228
 20
19.64935872
 30
0.0
 11
13.62502228
 21
19.41066476
 31
0.0
  0
LINE
  5
7A3
330
1F
100
AcDbEntity
  8
BOTTOM
100
AcDbLine
 10
13.62502228
 20
19.41066476
 30
0.0
 11
13.71636576
 21
19.19013942
 31
0.0
  0
LINE
  5
7A4
330
1F
100
AcDbEntity
  8
BOTTOM
100
AcDbLine
 10
13.71636576
 20
19.19013942
 30
0.0
 11
13.88514876
 21
19.02135642
 31
0.0
  0
LINE
  5
7A5
330
1F
100
AcDbEntity
  8
BOTTOM
100
AcDbLine
 10
13.88514876
 20
19.02135642
 30
0.0
 11
14.1056741
 21
18.93001294
 31
0.0
  0
LINE
  5
7A6
330
1F
100
AcDbEntity
  8
BOTTOM
100
AcDbLine
 10
14.1056741
 20
18.93001294
 30
0.0
 11
14.34436806
 21
18.93001294
 31
0.0
  0
LINE
  5
7A7
330
1F
100
AcDbEntity
  8
BOTTOM
100
AcDbLine
 10
14.34436806
 20
18.93001294
 30
0.0
 11
14.5648934
 21
19.02135642
 31
0.0
  0
LINE
  5
7A8
330
1F
100
AcDbEntity
  8
BOTTOM
100
AcDbLine
 10
14.5648934
 20
19.02135642
 30
0.0
 11
14.69120506
 21
19.14766808
 31
0.0
  0
LINE
  5
7A9
330
1F
100
AcDbEntity
  8
BOTTOM
100
AcDbLine
 10
14.69120506
 20
19.14766808
 30
0.0
 11
15.11629438
 21
19.14766808
 31
0.0
  0
LINE
  5
7AA
330
1F
100
AcDbEntity
  8
BOTTOM
100
AcDbLine
 10
15.11629438
 20
19.14766808
 30
0.0
 11
15.19913902
 21
18.94766848
 31
0.0
  0
LINE
  5
7AB
330
1F
100
AcDbEntity
  8
BOTTOM
100
AcDbLine
 10
15.19913902
 20
18.94766848
 30
0.0
 11
15.09134396
 21
18.83987342
 31
0.0
  0
LINE
  5
7AC
330
1F
100
AcDbEntity
  8
BOTTOM
100
AcDbLine
 10
15.09134396
 20
18.83987342
 30
0.0
 11
15.00000048
 21
18.61934808
 31
0.0
  0
LINE
  5
7AD
330
1F
100
AcDbEntity
  8
BOTTOM
100
AcDbLine
 10
15.00000048
 20
18.61934808
 30
0.0
 11
15.00000048
 21
18.38065412
 31
0.0
  0
LINE
  5
7AE
330
1F
100
AcDbEntity
  8
BOTTOM
100
AcDbLine
 10
15.00000048
 20
18.38065412
 30
0.0
 11
15.09134396
 21
18.16012878
 31
0.0
  0
LINE
  5
7AF
330
1F
100
AcDbEntity
  8
BOTTOM
100
AcDbLine
 10
15.09134396
 20
18.16012878
 30
0.0
 11
15.26012696
 21
17.99134578
 31
0.0
  0
LINE
  5
7B0
330
1F
100
AcDbEntity
  8
BOTTOM
100
AcDbLine
 10
15.26012696
 20
17.99134578
 30
0.0
 11
15.4806523
 21
17.9000023
 31
0.0
  0
LINE
  5
7B1
330
1F
100
AcDbEntity
  8
BOTTOM
100
AcDbLine
 10
15.4806523
 20
17.9000023
 30
0.0
 11
15.71934626
 21
17.9000023
 31
0.0
  0
LINE
  5
7B2
330
1F
100
AcDbEntity
  8
BOTTOM
100
AcDbLine
 10
15.71934626
 20
17.9000023
 30
0.0
 11
15.75363372
 21
17.91420344
 31
0.0
  0
LINE
  5
7B3
330
1F
100
AcDbEntity
  8
BOTTOM
100
AcDbLine
 10
15.75363372
 20
17.91420344
 30
0.0
 11
15.80818276
 21
17.8596544
 31
0.0
  0
LINE
  5
7B4
330
1F
100
AcDbEntity
  8
BOTTOM
100
AcDbLine
 10
15.80818276
 20
17.8596544
 30
0.0
 11
15.93222366
 21
17.77677166
 31
0.0
  0
LINE
  5
7B5
330
1F
100
AcDbEntity
  8
BOTTOM
100
AcDbLine
 10
15.93222366
 20
17.77677166
 30
0.0
 11
16.07854036
 21
17.74766834
 31
0.0
  0
LINE
  5
7B6
330
1F
100
AcDbEntity
  8
BOTTOM
100
AcDbLine
 10
16.07854036
 20
17.74766834
 30
0.0
 11
18.94573554
 21
17.74766834
 31
0.0
  0
LINE
  5
7B7
330
1F
100
AcDbEntity
  8
BOTTOM
100
AcDbLine
 10
18.94573554
 20
17.74766834
 30
0.0
 11
19.03417072
 21
17.6274476
 31
0.0
  0
LINE
  5
7B8
330
1F
100
AcDbEntity
  8
BOTTOM
100
AcDbLine
 10
19.03417072
 20
17.6274476
 30
0.0
 11
19.06608328
 21
17.5476662
 31
0.0
  0
LINE
  5
7B9
330
1F
100
AcDbEntity
  8
BOTTOM
100
AcDbLine
 10
19.06608328
 20
17.5476662
 30
0.0
 11
19.04267972
 21
17.43000324
 31
0.0
  0
LINE
  5
7BA
330
1F
100
AcDbEntity
  8
BOTTOM
100
AcDbLine
 10
19.04267972
 20
17.43000324
 30
0.0
 11
19.04267972
 21
15.89618614
 31
0.0
  0
LINE
  5
7BB
330
1F
100
AcDbEntity
  8
BOTTOM
100
AcDbLine
 10
19.04267972
 20
15.89618614
 30
0.0
 11
18.91636806
 21
15.76987448
 31
0.0
  0
LINE
  5
7BC
330
1F
100
AcDbEntity
  8
BOTTOM
100
AcDbLine
 10
18.91636806
 20
15.76987448
 30
0.0
 11
18.82502458
 21
15.54934914
 31
0.0
  0
LINE
  5
7BD
330
1F
100
AcDbEntity
  8
BOTTOM
100
AcDbLine
 10
18.82502458
 20
15.54934914
 30
0.0
 11
18.82502458
 21
15.31065518
 31
0.0
  0
LINE
  5
7BE
330
1F
100
AcDbEntity
  8
BOTTOM
100
AcDbLine
 10
18.82502458
 20
15.31065518
 30
0.0
 11
18.91636806
 21
15.09012984
 31
0.0
  0
LINE
  5
7BF
330
1F
100
AcDbEntity
  8
BOTTOM
100
AcDbLine
 10
18.91636806
 20
15.09012984
 30
0.0
 11
19.04267972
 21
14.96381818
 31
0.0
  0
LINE
  5
7C0
330
1F
100
AcDbEntity
  8
BOTTOM
100
AcDbLine
 10
19.04267972
 20
14.96381818
 30
0.0
 11
19.04267972
 21
12.64618756
 31
0.0
  0
LINE
  5
7C1
330
1F
100
AcDbEntity
  8
BOTTOM
100
AcDbLine
 10
19.04267972
 20
12.64618756
 30
0.0
 11
18.91636806
 21
12.5198759
 31
0.0
  0
LINE
  5
7C2
330
1F
100
AcDbEntity
  8
BOTTOM
100
AcDbLine
 10
18.91636806
 20
12.5198759
 30
0.0
 11
18.82502458
 21
12.29935056
 31
0.0
  0
LINE
  5
7C3
330
1F
100
AcDbEntity
  8
BOTTOM
100
AcDbLine
 10
18.82502458
 20
12.29935056
 30
0.0
 11
18.82502458
 21
12.0606566
 31
0.0
  0
LINE
  5
7C4
330
1F
100
AcDbEntity
  8
BOTTOM
100
AcDbLine
 10
18.82502458
 20
12.0606566
 30
0.0
 11
18.91636806
 21
11.84013126
 31
0.0
  0
LINE
  5
7C5
330
1F
100
AcDbEntity
  8
BOTTOM
100
AcDbLine
 10
18.91636806
 20
11.84013126
 30
0.0
 11
19.08515106
 21
11.67134826
 31
0.0
  0
LINE
  5
7C6
330
1F
100
AcDbEntity
  8
BOTTOM
100
AcDbLine
 10
19.08515106
 20
11.67134826
 30
0.0
 11
19.3056764
 21
11.58000478
 31
0.0
  0
LINE
  5
7C7
330
1F
100
AcDbEntity
  8
BOTTOM
100
AcDbLine
 10
19.3056764
 20
11.58000478
 30
0.0
 11
19.54437036
 21
11.58000478
 31
0.0
  0
LINE
  5
7C8
330
1F
100
AcDbEntity
  8
BOTTOM
100
AcDbLine
 10
19.54437036
 20
11.58000478
 30
0.0
 11
19.7648957
 21
11.67134826
 31
0.0
  0
LINE
  5
7C9
330
1F
100
AcDbEntity
  8
BOTTOM
100
AcDbLine
 10
19.7648957
 20
11.67134826
 30
0.0
 11
19.9336787
 21
11.84013126
 31
0.0
  0
LINE
  5
7CA
330
1F
100
AcDbEntity
  8
BOTTOM
100
AcDbLine
 10
19.9336787
 20
11.84013126
 30
0.0
 11
20.02502218
 21
12.0606566
 31
0.0
  0
LINE
  5
7CB
330
1F
100
AcDbEntity
  8
BOTTOM
100
AcDbLine
 10
20.02502218
 20
12.0606566
 30
0.0
 11
20.02502218
 21
12.29935056
 31
0.0
  0
LINE
  5
7CC
330
1F
100
AcDbEntity
  8
BOTTOM
100
AcDbLine
 10
20.02502218
 20
12.29935056
 30
0.0
 11
19.9336787
 21
12.5198759
 31
0.0
  0
LINE
  5
7CD
330
1F
100
AcDbEntity
  8
BOTTOM
100
AcDbLine
 10
19.9336787
 20
12.5198759
 30
0.0
 11
19.80736704
 21
12.64618756
 31
0.0
  0
LINE
  5
7CE
330
1F
100
AcDbEntity
  8
BOTTOM
100
AcDbLine
 10
19.80736704
 20
12.64618756
 30
0.0
 11
19.80736704
 21
14.96381818
 31
0.0
  0
LINE
  5
7CF
330
1F
100
AcDbEntity
  8
BOTTOM
100
AcDbLine
 10
19.80736704
 20
14.96381818
 30
0.0
 11
19.9336787
 21
15.09012984
 31
0.0
  0
LINE
  5
7D0
330
1F
100
AcDbEntity
  8
BOTTOM
100
AcDbLine
 10
19.9336787
 20
15.09012984
 30
0.0
 11
20.02502218
 21
15.31065518
 31
0.0
  0
LINE
  5
7D1
330
1F
100
AcDbEntity
  8
BOTTOM
100
AcDbLine
 10
20.02502218
 20
15.31065518
 30
0.0
 11
20.02502218
 21
15.54934914
 31
0.0
  0
LINE
  5
7D2
330
1F
100
AcDbEntity
  8
BOTTOM
100
AcDbLine
 10
20.02502218
 20
15.54934914
 30
0.0
 11
19.9336787
 21
15.76987448
 31
0.0
  0
LINE
  5
7D3
330
1F
100
AcDbEntity
  8
BOTTOM
100
AcDbLine
 10
19.9336787
 20
15.76987448
 30
0.0
 11
19.80736704
 21
15.89618614
 31
0.0
  0
LINE
  5
7D4
330
1F
100
AcDbEntity
  8
BOTTOM
100
AcDbLine
 10
19.80736704
 20
15.89618614
 30
0.0
 11
19.80736704
 21
17.2716317
 31
0.0
  0
LINE
  5
7D5
330
1F
100
AcDbEntity
  8
BOTTOM
100
AcDbLine
 10
19.80736704
 20
17.2716317
 30
0.0
 11
20.68339272
 21
18.14765738
 31
0.0
  0
LINE
  5
7D6
330
1F
100
AcDbEntity
  8
BOTTOM
100
AcDbLine
 10
20.68339272
 20
18.14765738
 30
0.0
 11
22.26123818
 21
18.14765738
 31
0.0
  0
LINE
  5
7D7
330
1F
100
AcDbEntity
  8
BOTTOM
100
AcDbLine
 10
22.26123818
 20
18.14765738
 30
0.0
 11
22.40755488
 21
18.1767607
 31
0.0
  0
LINE
  5
7D8
330
1F
100
AcDbEntity
  8
BOTTOM
100
AcDbLine
 10
22.40755488
 20
18.1767607
 30
0.0
 11
22.53159578
 21
18.25964344
 31
0.0
  0
LINE
  5
7D9
330
1F
100
AcDbEntity
  8
BOTTOM
100
AcDbLine
 10
22.53159578
 20
18.25964344
 30
0.0
 11
25.52162028
 21
21.24966794
 31
0.0
  0
LINE
  5
7DA
330
1F
100
AcDbEntity
  8
BOTTOM
100
AcDbLine
 10
25.52162028
 20
21.24966794
 30
0.0
 11
26.12737472
 21
21.24966794
 31
0.0
  0
LINE
  5
7DB
330
1F
100
AcDbEntity
  8
BOTTOM
100
AcDbLine
 10
26.12737472
 20
21.24966794
 30
0.0
 11
27.14911512
 21
20.22792754
 31
0.0
  0
LINE
  5
7DC
330
1F
100
AcDbEntity
  8
BOTTOM
100
AcDbLine
 10
27.14911512
 20
20.22792754
 30
0.0
 11
27.14911512
 21
20.04929696
 31
0.0
  0
LINE
  5
7DD
330
1F
100
AcDbEntity
  8
BOTTOM
100
AcDbLine
 10
27.14911512
 20
20.04929696
 30
0.0
 11
27.1769459
 21
19.9821038
 31
0.0
  0
LINE
  5
7DE
330
1F
100
AcDbEntity
  8
BOTTOM
100
AcDbLine
 10
27.1769459
 20
19.9821038
 30
0.0
 11
27.20062632
 21
19.79683112
 31
0.0
  0
LINE
  5
7DF
330
1F
100
AcDbEntity
  8
BOTTOM
100
AcDbLine
 10
27.20062632
 20
19.79683112
 30
0.0
 11
27.09032682
 21
19.70837816
 31
0.0
  0
LINE
  5
7E0
330
1F
100
AcDbEntity
  8
BOTTOM
100
AcDbLine
 10
27.09032682
 20
19.70837816
 30
0.0
 11
27.07832532
 21
19.70035938
 31
0.0
  0
LINE
  5
7E1
330
1F
100
AcDbEntity
  8
BOTTOM
100
AcDbLine
 10
27.07832532
 20
19.70035938
 30
0.0
 11
26.79201652
 21
19.41405058
 31
0.0
  0
LINE
  5
7E2
330
1F
100
AcDbEntity
  8
BOTTOM
100
AcDbLine
 10
26.79201652
 20
19.41405058
 30
0.0
 11
26.61338594
 21
19.41405058
 31
0.0
  0
LINE
  5
7E3
330
1F
100
AcDbEntity
  8
BOTTOM
100
AcDbLine
 10
26.61338594
 20
19.41405058
 30
0.0
 11
26.3928606
 21
19.3227071
 31
0.0
  0
LINE
  5
7E4
330
1F
100
AcDbEntity
  8
BOTTOM
100
AcDbLine
 10
26.3928606
 20
19.3227071
 30
0.0
 11
26.2240776
 21
19.1539241
 31
0.0
  0
LINE
  5
7E5
330
1F
100
AcDbEntity
  8
BOTTOM
100
AcDbLine
 10
26.2240776
 20
19.1539241
 30
0.0
 11
26.13273412
 21
18.93339876
 31
0.0
  0
LINE
  5
7E6
330
1F
100
AcDbEntity
  8
BOTTOM
100
AcDbLine
 10
26.13273412
 20
18.93339876
 30
0.0
 11
26.13273412
 21
18.6947048
 31
0.0
  0
LINE
  5
7E7
330
1F
100
AcDbEntity
  8
BOTTOM
100
AcDbLine
 10
26.13273412
 20
18.6947048
 30
0.0
 11
26.2240776
 21
18.47417946
 31
0.0
  0
LINE
  5
7E8
330
1F
100
AcDbEntity
  8
BOTTOM
100
AcDbLine
 10
26.2240776
 20
18.47417946
 30
0.0
 11
26.3928606
 21
18.30539646
 31
0.0
  0
LINE
  5
7E9
330
1F
100
AcDbEntity
  8
BOTTOM
100
AcDbLine
 10
26.3928606
 20
18.30539646
 30
0.0
 11
26.61338594
 21
18.21405298
 31
0.0
  0
LINE
  5
7EA
330
1F
100
AcDbEntity
  8
BOTTOM
100
AcDbLine
 10
26.61338594
 20
18.21405298
 30
0.0
 11
26.8520799
 21
18.21405298
 31
0.0
  0
LINE
  5
7EB
330
1F
100
AcDbEntity
  8
BOTTOM
100
AcDbLine
 10
26.8520799
 20
18.21405298
 30
0.0
 11
27.07260524
 21
18.30539646
 31
0.0
  0
LINE
  5
7EC
330
1F
100
AcDbEntity
  8
BOTTOM
100
AcDbLine
 10
27.07260524
 20
18.30539646
 30
0.0
 11
27.24138824
 21
18.47417946
 31
0.0
  0
LINE
  5
7ED
330
1F
100
AcDbEntity
  8
BOTTOM
100
AcDbLine
 10
27.24138824
 20
18.47417946
 30
0.0
 11
27.33273172
 21
18.6947048
 31
0.0
  0
LINE
  5
7EE
330
1F
100
AcDbEntity
  8
BOTTOM
100
AcDbLine
 10
27.33273172
 20
18.6947048
 30
0.0
 11
27.33273172
 21
18.87333538
 31
0.0
  0
LINE
  5
7EF
330
1F
100
AcDbEntity
  8
BOTTOM
100
AcDbLine
 10
27.33273172
 20
18.87333538
 30
0.0
 11
27.50705446
 21
19.04765812
 31
0.0
  0
LINE
  5
7F0
330
1F
100
AcDbEntity
  8
BOTTOM
100
AcDbLine
 10
27.50705446
 20
19.04765812
 30
0.0
 11
27.75883958
 21
19.04765812
 31
0.0
  0
LINE
  5
7F1
330
1F
100
AcDbEntity
  8
BOTTOM
100
AcDbLine
 10
27.75883958
 20
19.04765812
 30
0.0
 11
27.88515124
 21
18.92134646
 31
0.0
  0
LINE
  5
7F2
330
1F
100
AcDbEntity
  8
BOTTOM
100
AcDbLine
 10
27.88515124
 20
18.92134646
 30
0.0
 11
28.10567658
 21
18.83000298
 31
0.0
  0
LINE
  5
7F3
330
1F
100
AcDbEntity
  8
BOTTOM
100
AcDbLine
 10
28.10567658
 20
18.83000298
 30
0.0
 11
28.34437054
 21
18.83000298
 31
0.0
  0
LINE
  5
7F4
330
1F
100
AcDbEntity
  8
BOTTOM
100
AcDbLine
 10
28.34437054
 20
18.83000298
 30
0.0
 11
28.56489588
 21
18.92134646
 31
0.0
  0
LINE
  5
7F5
330
1F
100
AcDbEntity
  8
BOTTOM
100
AcDbLine
 10
28.56489588
 20
18.92134646
 30
0.0
 11
28.69120754
 21
19.04765812
 31
0.0
  0
LINE
  5
7F6
330
1F
100
AcDbEntity
  8
BOTTOM
100
AcDbLine
 10
28.69120754
 20
19.04765812
 30
0.0
 11
29.34267944
 21
19.04765812
 31
0.0
  0
LINE
  5
7F7
330
1F
100
AcDbEntity
  8
BOTTOM
100
AcDbLine
 10
29.34267944
 20
19.04765812
 30
0.0
 11
29.34267944
 21
15.99618594
 31
0.0
  0
LINE
  5
7F8
330
1F
100
AcDbEntity
  8
BOTTOM
100
AcDbLine
 10
29.34267944
 20
15.99618594
 30
0.0
 11
29.21636778
 21
15.86987428
 31
0.0
  0
LINE
  5
7F9
330
1F
100
AcDbEntity
  8
BOTTOM
100
AcDbLine
 10
29.21636778
 20
15.86987428
 30
0.0
 11
29.1250243
 21
15.64934894
 31
0.0
  0
LINE
  5
7FA
330
1F
100
AcDbEntity
  8
BOTTOM
100
AcDbLine
 10
29.1250243
 20
15.64934894
 30
0.0
 11
29.1250243
 21
15.41065498
 31
0.0
  0
LINE
  5
7FB
330
1F
100
AcDbEntity
  8
BOTTOM
100
AcDbLine
 10
29.1250243
 20
15.41065498
 30
0.0
 11
29.21636778
 21
15.19012964
 31
0.0
  0
LINE
  5
7FC
330
1F
100
AcDbEntity
  8
BOTTOM
100
AcDbLine
 10
29.21636778
 20
15.19012964
 30
0.0
 11
29.34267944
 21
15.06381798
 31
0.0
  0
LINE
  5
7FD
330
1F
100
AcDbEntity
  8
BOTTOM
100
AcDbLine
 10
29.34267944
 20
15.06381798
 30
0.0
 11
29.34267944
 21
14.6383756
 31
0.0
  0
LINE
  5
7FE
330
1F
100
AcDbEntity
  8
BOTTOM
100
AcDbLine
 10
29.34267944
 20
14.6383756
 30
0.0
 11
27.87582944
 21
13.1715256
 31
0.0
  0
LINE
  5
7FF
330
1F
100
AcDbEntity
  8
BOTTOM
100
AcDbLine
 10
27.87582944
 20
13.1715256
 30
0.0
 11
27.7929467
 21
13.0474847
 31
0.0
  0
LINE
  5
800
330
1F
100
AcDbEntity
  8
BOTTOM
100
AcDbLine
 10
27.7929467
 20
13.0474847
 30
0.0
 11
27.76384338
 21
12.901168
 31
0.0
  0
LINE
  5
801
330
1F
100
AcDbEntity
  8
BOTTOM
100
AcDbLine
 10
27.76384338
 20
12.901168
 30
0.0
 11
27.76384338
 21
11.1677831
 31
0.0
  0
LINE
  5
802
330
1F
100
AcDbEntity
  8
BOTTOM
100
AcDbLine
 10
27.76384338
 20
11.1677831
 30
0.0
 11
27.7929467
 21
11.0214664
 31
0.0
  0
LINE
  5
803
330
1F
100
AcDbEntity
  8
BOTTOM
100
AcDbLine
 10
27.7929467
 20
11.0214664
 30
0.0
 11
27.87582944
 21
10.8974255
 31
0.0
  0
LINE
  5
804
330
1F
100
AcDbEntity
  8
BOTTOM
100
AcDbLine
 10
27.87582944
 20
10.8974255
 30
0.0
 11
28.11561052
 21
10.65764442
 31
0.0
  0
LINE
  5
805
330
1F
100
AcDbEntity
  8
BOTTOM
100
AcDbLine
 10
28.11561052
 20
10.65764442
 30
0.0
 11
28.23965142
 21
10.57476168
 31
0.0
  0
LINE
  5
806
330
1F
100
AcDbEntity
  8
BOTTOM
100
AcDbLine
 10
28.23965142
 20
10.57476168
 30
0.0
 11
28.38596812
 21
10.54565836
 31
0.0
  0
LINE
  5
807
330
1F
100
AcDbEntity
  8
BOTTOM
100
AcDbLine
 10
28.38596812
 20
10.54565836
 30
0.0
 11
29.82302138
 21
10.54565836
 31
0.0
  0
LINE
  5
808
330
1F
100
AcDbEntity
  8
BOTTOM
100
AcDbLine
 10
29.82302138
 20
10.54565836
 30
0.0
 11
29.96933808
 21
10.57476168
 31
0.0
  0
LINE
  5
809
330
1F
100
AcDbEntity
  8
BOTTOM
100
AcDbLine
 10
29.96933808
 20
10.57476168
 30
0.0
 11
30.09337898
 21
10.65764442
 31
0.0
  0
LINE
  5
80A
330
1F
100
AcDbEntity
  8
BOTTOM
100
AcDbLine
 10
30.09337898
 20
10.65764442
 30
0.0
 11
30.2657383
 21
10.83000374
 31
0.0
  0
LINE
  5
80B
330
1F
100
AcDbEntity
  8
BOTTOM
100
AcDbLine
 10
30.2657383
 20
10.83000374
 30
0.0
 11
30.44436888
 21
10.83000374
 31
0.0
  0
LINE
  5
80C
330
1F
100
AcDbEntity
  8
BOTTOM
100
AcDbLine
 10
30.44436888
 20
10.83000374
 30
0.0
 11
30.66489422
 21
10.92134722
 31
0.0
  0
LINE
  5
80D
330
1F
100
AcDbEntity
  8
BOTTOM
100
AcDbLine
 10
30.66489422
 20
10.92134722
 30
0.0
 11
30.83367722
 21
11.09013022
 31
0.0
  0
LINE
  5
80E
330
1F
100
AcDbEntity
  8
BOTTOM
100
AcDbLine
 10
30.83367722
 20
11.09013022
 30
0.0
 11
30.9250207
 21
11.31065556
 31
0.0
  0
LINE
  5
80F
330
1F
100
AcDbEntity
  8
BOTTOM
100
AcDbLine
 10
30.9250207
 20
11.31065556
 30
0.0
 11
30.9250207
 21
11.54934952
 31
0.0
  0
LINE
  5
810
330
1F
100
AcDbEntity
  8
BOTTOM
100
AcDbLine
 10
30.9250207
 20
11.54934952
 30
0.0
 11
30.83367722
 21
11.76987486
 31
0.0
  0
LINE
  5
811
330
1F
100
AcDbEntity
  8
BOTTOM
100
AcDbLine
 10
30.83367722
 20
11.76987486
 30
0.0
 11
30.66489676
 21
11.93865532
 31
0.0
  0
LINE
  5
812
330
1F
100
AcDbEntity
  8
BOTTOM
100
AcDbLine
 10
30.66489676
 20
11.93865532
 30
0.0
 11
30.64988028
 21
12.01414412
 31
0.0
  0
LINE
  5
813
330
1F
100
AcDbEntity
  8
BOTTOM
100
AcDbLine
 10
30.64988028
 20
12.01414412
 30
0.0
 11
31.39538044
 21
12.75964428
 31
0.0
  0
LINE
  5
814
330
1F
100
AcDbEntity
  8
BOTTOM
100
AcDbLine
 10
31.39538044
 20
12.75964428
 30
0.0
 11
31.47826318
 21
12.88368518
 31
0.0
  0
LINE
  5
815
330
1F
100
AcDbEntity
  8
BOTTOM
100
AcDbLine
 10
31.47826318
 20
12.88368518
 30
0.0
 11
31.5073665
 21
13.03000188
 31
0.0
  0
LINE
  5
816
330
1F
100
AcDbEntity
  8
BOTTOM
100
AcDbLine
 10
31.5073665
 20
13.03000188
 30
0.0
 11
31.5073665
 21
16.66993364
 31
0.0
  0
LINE
  5
817
330
1F
100
AcDbEntity
  8
BOTTOM
100
AcDbLine
 10
31.5073665
 20
16.66993364
 30
0.0
 11
31.5053345
 21
16.68014952
 31
0.0
  0
LINE
  5
818
330
1F
100
AcDbEntity
  8
BOTTOM
100
AcDbLine
 10
31.5053345
 20
16.68014952
 30
0.0
 11
31.5053345
 21
17.07965088
 31
0.0
  0
LINE
  5
819
330
1F
100
AcDbEntity
  8
BOTTOM
100
AcDbLine
 10
31.5053345
 20
17.07965088
 30
0.0
 11
31.5073665
 21
17.08986676
 31
0.0
  0
LINE
  5
81A
330
1F
100
AcDbEntity
  8
BOTTOM
100
AcDbLine
 10
31.5073665
 20
17.08986676
 30
0.0
 11
31.5073665
 21
17.70781066
 31
0.0
  0
LINE
  5
81B
330
1F
100
AcDbEntity
  8
BOTTOM
100
AcDbLine
 10
31.5073665
 20
17.70781066
 30
0.0
 11
31.69214388
 21
17.78434594
 31
0.0
  0
LINE
  5
81C
330
1F
100
AcDbEntity
  8
BOTTOM
100
AcDbLine
 10
31.69214388
 20
17.78434594
 30
0.0
 11
32.2772659
 21
17.19922392
 31
0.0
  0
LINE
  5
81D
330
1F
100
AcDbEntity
  8
BOTTOM
100
AcDbLine
 10
32.2772659
 20
17.19922392
 30
0.0
 11
32.2772659
 21
15.43623278
 31
0.0
  0
LINE
  5
81E
330
1F
100
AcDbEntity
  8
BOTTOM
100
AcDbLine
 10
32.2772659
 20
15.43623278
 30
0.0
 11
32.14943532
 21
15.3084022
 31
0.0
  0
LINE
  5
81F
330
1F
100
AcDbEntity
  8
BOTTOM
100
AcDbLine
 10
32.14943532
 20
15.3084022
 30
0.0
 11
32.05809184
 21
15.08787686
 31
0.0
  0
LINE
  5
820
330
1F
100
AcDbEntity
  8
BOTTOM
100
AcDbLine
 10
32.05809184
 20
15.08787686
 30
0.0
 11
32.05809184
 21
14.8491829
 31
0.0
  0
LINE
  5
821
330
1F
100
AcDbEntity
  8
BOTTOM
100
AcDbLine
 10
32.05809184
 20
14.8491829
 30
0.0
 11
32.14943532
 21
14.62865756
 31
0.0
  0
LINE
  5
822
330
1F
100
AcDbEntity
  8
BOTTOM
100
AcDbLine
 10
32.14943532
 20
14.62865756
 30
0.0
 11
32.31821832
 21
14.45987456
 31
0.0
  0
LINE
  5
823
330
1F
100
AcDbEntity
  8
BOTTOM
100
AcDbLine
 10
32.31821832
 20
14.45987456
 30
0.0
 11
32.53874365999999
 21
14.36853108
 31
0.0
  0
LINE
  5
824
330
1F
100
AcDbEntity
  8
BOTTOM
100
AcDbLine
 10
32.53874365999999
 20
14.36853108
 30
0.0
 11
32.77743762
 21
14.36853108
 31
0.0
  0
LINE
  5
825
330
1F
100
AcDbEntity
  8
BOTTOM
100
AcDbLine
 10
32.77743762
 20
14.36853108
 30
0.0
 11
32.99796296
 21
14.45987456
 31
0.0
  0
LINE
  5
826
330
1F
100
AcDbEntity
  8
BOTTOM
100
AcDbLine
 10
32.99796296
 20
14.45987456
 30
0.0
 11
33.00484128
 21
14.46675542
 31
0.0
  0
LINE
  5
827
330
1F
100
AcDbEntity
  8
BOTTOM
100
AcDbLine
 10
33.00484128
 20
14.46675542
 30
0.0
 11
33.05097784
 21
14.42061886
 31
0.0
  0
LINE
  5
828
330
1F
100
AcDbEntity
  8
BOTTOM
100
AcDbLine
 10
33.05097784
 20
14.42061886
 30
0.0
 11
33.27150318
 21
14.32927538
 31
0.0
  0
LINE
  5
829
330
1F
100
AcDbEntity
  8
BOTTOM
100
AcDbLine
 10
33.27150318
 20
14.32927538
 30
0.0
 11
33.51019714
 21
14.32927538
 31
0.0
  0
LINE
  5
82A
330
1F
100
AcDbEntity
  8
BOTTOM
100
AcDbLine
 10
33.51019714
 20
14.32927538
 30
0.0
 11
33.73072248
 21
14.42061886
 31
0.0
  0
LINE
  5
82B
330
1F
100
AcDbEntity
  8
BOTTOM
100
AcDbLine
 10
33.73072248
 20
14.42061886
 30
0.0
 11
33.89950547999999
 21
14.58940186
 31
0.0
  0
LINE
  5
82C
330
1F
100
AcDbEntity
  8
BOTTOM
100
AcDbLine
 10
33.89950547999999
 20
14.58940186
 30
0.0
 11
33.99084896
 21
14.8099272
 31
0.0
  0
LINE
  5
82D
330
1F
100
AcDbEntity
  8
BOTTOM
100
AcDbLine
 10
33.99084896
 20
14.8099272
 30
0.0
 11
33.99084896
 21
15.04861862
 31
0.0
  0
LINE
  5
82E
330
1F
100
AcDbEntity
  8
BOTTOM
100
AcDbLine
 10
33.99084896
 20
15.04861862
 30
0.0
 11
34.13701326
 21
15.19668538
 31
0.0
  0
LINE
  5
82F
330
1F
100
AcDbEntity
  8
BOTTOM
100
AcDbLine
 10
34.13701326
 20
15.19668538
 30
0.0
 11
34.34090921999999
 21
15.19841258
 31
0.0
  0
LINE
  5
830
330
1F
100
AcDbEntity
  8
BOTTOM
100
AcDbLine
 10
34.34090921999999
 20
15.19841258
 30
0.0
 11
34.83756304
 21
14.70175876
 31
0.0
  0
LINE
  5
831
330
1F
100
AcDbEntity
  8
BOTTOM
100
AcDbLine
 10
34.83756304
 20
14.70175876
 30
0.0
 11
34.85986678
 21
14.44121826
 31
0.0
  0
LINE
  5
832
330
1F
100
AcDbEntity
  8
BOTTOM
100
AcDbLine
 10
34.85986678
 20
14.44121826
 30
0.0
 11
34.75454568
 21
14.258798
 31
0.0
  0
LINE
  5
833
330
1F
100
AcDbEntity
  8
BOTTOM
100
AcDbLine
 10
34.75454568
 20
14.258798
 30
0.0
 11
34.70002711999999
 21
14.0553313
 31
0.0
  0
LINE
  5
834
330
1F
100
AcDbEntity
  8
BOTTOM
100
AcDbLine
 10
34.70002711999999
 20
14.0553313
 30
0.0
 11
34.70002711999999
 21
13.8446891
 31
0.0
  0
LINE
  5
835
330
1F
100
AcDbEntity
  8
BOTTOM
100
AcDbLine
 10
34.70002711999999
 20
13.8446891
 30
0.0
 11
34.75454568
 21
13.6412224
 31
0.0
  0
LINE
  5
836
330
1F
100
AcDbEntity
  8
BOTTOM
100
AcDbLine
 10
34.75454568
 20
13.6412224
 30
0.0
 11
34.85986678
 21
13.4587996
 31
0.0
  0
LINE
  5
837
330
1F
100
AcDbEntity
  8
BOTTOM
100
AcDbLine
 10
34.85986678
 20
13.4587996
 30
0.0
 11
35.00881492
 21
13.30985146
 31
0.0
  0
LINE
  5
838
330
1F
100
AcDbEntity
  8
BOTTOM
100
AcDbLine
 10
35.00881492
 20
13.30985146
 30
0.0
 11
35.19123772
 21
13.20453036
 31
0.0
  0
LINE
  5
839
330
1F
100
AcDbEntity
  8
BOTTOM
100
AcDbLine
 10
35.19123772
 20
13.20453036
 30
0.0
 11
35.39470442
 21
13.1500118
 31
0.0
  0
LINE
  5
83A
330
1F
100
AcDbEntity
  8
BOTTOM
100
AcDbLine
 10
35.39470442
 20
13.1500118
 30
0.0
 11
35.60534662
 21
13.1500118
 31
0.0
  0
LINE
  5
83B
330
1F
100
AcDbEntity
  8
BOTTOM
100
AcDbLine
 10
35.60534662
 20
13.1500118
 30
0.0
 11
35.80881332
 21
13.20453036
 31
0.0
  0
LINE
  5
83C
330
1F
100
AcDbEntity
  8
BOTTOM
100
AcDbLine
 10
35.80881332
 20
13.20453036
 30
0.0
 11
35.99123612
 21
13.30985146
 31
0.0
  0
LINE
  5
83D
330
1F
100
AcDbEntity
  8
BOTTOM
100
AcDbLine
 10
35.99123612
 20
13.30985146
 30
0.0
 11
36.14018426
 21
13.4587996
 31
0.0
  0
LINE
  5
83E
330
1F
100
AcDbEntity
  8
BOTTOM
100
AcDbLine
 10
36.14018426
 20
13.4587996
 30
0.0
 11
36.24550536
 21
13.6412224
 31
0.0
  0
LINE
  5
83F
330
1F
100
AcDbEntity
  8
BOTTOM
100
AcDbLine
 10
36.24550536
 20
13.6412224
 30
0.0
 11
36.30002391999999
 21
13.8446891
 31
0.0
  0
LINE
  5
840
330
1F
100
AcDbEntity
  8
BOTTOM
100
AcDbLine
 10
36.30002391999999
 20
13.8446891
 30
0.0
 11
36.30002391999999
 21
14.0553313
 31
0.0
  0
LINE
  5
841
330
1F
100
AcDbEntity
  8
BOTTOM
100
AcDbLine
 10
36.30002391999999
 20
14.0553313
 30
0.0
 11
36.24550536
 21
14.258798
 31
0.0
  0
LINE
  5
842
330
1F
100
AcDbEntity
  8
BOTTOM
100
AcDbLine
 10
36.24550536
 20
14.258798
 30
0.0
 11
36.22306446
 21
14.29766508
 31
0.0
  0
LINE
  5
843
330
1F
100
AcDbEntity
  8
BOTTOM
100
AcDbLine
 10
36.22306446
 20
14.29766508
 30
0.0
 11
36.3385354
 21
14.49766722
 31
0.0
  0
LINE
  5
844
330
1F
100
AcDbEntity
  8
BOTTOM
100
AcDbLine
 10
36.3385354
 20
14.49766722
 30
0.0
 11
36.53384108
 21
14.49766722
 31
0.0
  0
LINE
  5
845
330
1F
100
AcDbEntity
  8
BOTTOM
100
AcDbLine
 10
36.53384108
 20
14.49766722
 30
0.0
 11
36.66015273999999
 21
14.37135556
 31
0.0
  0
LINE
  5
846
330
1F
100
AcDbEntity
  8
BOTTOM
100
AcDbLine
 10
36.66015273999999
 20
14.37135556
 30
0.0
 11
36.72552726
 21
14.34427662
 31
0.0
  0
LINE
  5
847
330
1F
100
AcDbEntity
  8
BOTTOM
100
AcDbLine
 10
36.72552726
 20
14.34427662
 30
0.0
 11
36.75454422
 21
14.25879546
 31
0.0
  0
LINE
  5
848
330
1F
100
AcDbEntity
  8
BOTTOM
100
AcDbLine
 10
36.75454422
 20
14.25879546
 30
0.0
 11
36.70002566
 21
14.0553313
 31
0.0
  0
LINE
  5
849
330
1F
100
AcDbEntity
  8
BOTTOM
100
AcDbLine
 10
36.70002566
 20
14.0553313
 30
0.0
 11
36.70002566
 21
13.8446891
 31
0.0
  0
LINE
  5
84A
330
1F
100
AcDbEntity
  8
BOTTOM
100
AcDbLine
 10
36.70002566
 20
13.8446891
 30
0.0
 11
36.75454422
 21
13.6412224
 31
0.0
  0
LINE
  5
84B
330
1F
100
AcDbEntity
  8
BOTTOM
100
AcDbLine
 10
36.75454422
 20
13.6412224
 30
0.0
 11
36.85986532
 21
13.4587996
 31
0.0
  0
LINE
  5
84C
330
1F
100
AcDbEntity
  8
BOTTOM
100
AcDbLine
 10
36.85986532
 20
13.4587996
 30
0.0
 11
37.00881346
 21
13.30985146
 31
0.0
  0
LINE
  5
84D
330
1F
100
AcDbEntity
  8
BOTTOM
100
AcDbLine
 10
37.00881346
 20
13.30985146
 30
0.0
 11
37.09108152
 21
13.26235346
 31
0.0
  0
LINE
  5
84E
330
1F
100
AcDbEntity
  8
BOTTOM
100
AcDbLine
 10
37.09108152
 20
13.26235346
 30
0.0
 11
37.08244552
 21
13.13516804
 31
0.0
  0
LINE
  5
84F
330
1F
100
AcDbEntity
  8
BOTTOM
100
AcDbLine
 10
37.08244552
 20
13.13516804
 30
0.0
 11
37.04774404
 21
13.05643566
 31
0.0
  0
LINE
  5
850
330
1F
100
AcDbEntity
  8
BOTTOM
100
AcDbLine
 10
37.04774404
 20
13.05643566
 30
0.0
 11
36.93118598
 21
13.03325054
 31
0.0
  0
LINE
  5
851
330
1F
100
AcDbEntity
  8
BOTTOM
100
AcDbLine
 10
36.93118598
 20
13.03325054
 30
0.0
 11
36.80714508
 21
12.9503678
 31
0.0
  0
LINE
  5
852
330
1F
100
AcDbEntity
  8
BOTTOM
100
AcDbLine
 10
36.80714508
 20
12.9503678
 30
0.0
 11
36.22966846
 21
12.37289118
 31
0.0
  0
LINE
  5
853
330
1F
100
AcDbEntity
  8
BOTTOM
100
AcDbLine
 10
36.22966846
 20
12.37289118
 30
0.0
 11
36.14678572
 21
12.24885028
 31
0.0
  0
LINE
  5
854
330
1F
100
AcDbEntity
  8
BOTTOM
100
AcDbLine
 10
36.14678572
 20
12.24885028
 30
0.0
 11
36.1349417
 21
12.1893076
 31
0.0
  0
LINE
  5
855
330
1F
100
AcDbEntity
  8
BOTTOM
100
AcDbLine
 10
36.1349417
 20
12.1893076
 30
0.0
 11
36.10351428
 21
12.1588784
 31
0.0
  0
LINE
  5
856
330
1F
100
AcDbEntity
  8
BOTTOM
100
AcDbLine
 10
36.10351428
 20
12.1588784
 30
0.0
 11
35.95760144
 21
12.09461132
 31
0.0
  0
LINE
  5
857
330
1F
100
AcDbEntity
  8
BOTTOM
100
AcDbLine
 10
35.95760144
 20
12.09461132
 30
0.0
 11
35.9176828
 21
12.0926352
 31
0.0
  0
LINE
  5
858
330
1F
100
AcDbEntity
  8
BOTTOM
100
AcDbLine
 10
35.9176828
 20
12.0926352
 30
0.0
 11
35.80881332
 21
12.15549004
 31
0.0
  0
LINE
  5
859
330
1F
100
AcDbEntity
  8
BOTTOM
100
AcDbLine
 10
35.80881332
 20
12.15549004
 30
0.0
 11
35.60534662
 21
12.2100086
 31
0.0
  0
LINE
  5
85A
330
1F
100
AcDbEntity
  8
BOTTOM
100
AcDbLine
 10
35.60534662
 20
12.2100086
 30
0.0
 11
35.39470442
 21
12.2100086
 31
0.0
  0
LINE
  5
85B
330
1F
100
AcDbEntity
  8
BOTTOM
100
AcDbLine
 10
35.39470442
 20
12.2100086
 30
0.0
 11
35.19123772
 21
12.15549004
 31
0.0
  0
LINE
  5
85C
330
1F
100
AcDbEntity
  8
BOTTOM
100
AcDbLine
 10
35.19123772
 20
12.15549004
 30
0.0
 11
35.00881492
 21
12.05016894
 31
0.0
  0
LINE
  5
85D
330
1F
100
AcDbEntity
  8
BOTTOM
100
AcDbLine
 10
35.00881492
 20
12.05016894
 30
0.0
 11
34.85986678
 21
11.9012208
 31
0.0
  0
LINE
  5
85E
330
1F
100
AcDbEntity
  8
BOTTOM
100
AcDbLine
 10
34.85986678
 20
11.9012208
 30
0.0
 11
34.75454568
 21
11.718798
 31
0.0
  0
LINE
  5
85F
330
1F
100
AcDbEntity
  8
BOTTOM
100
AcDbLine
 10
34.75454568
 20
11.718798
 30
0.0
 11
34.70002711999999
 21
11.5153313
 31
0.0
  0
LINE
  5
860
330
1F
100
AcDbEntity
  8
BOTTOM
100
AcDbLine
 10
34.70002711999999
 20
11.5153313
 30
0.0
 11
34.70002711999999
 21
11.3046891
 31
0.0
  0
LINE
  5
861
330
1F
100
AcDbEntity
  8
BOTTOM
100
AcDbLine
 10
34.70002711999999
 20
11.3046891
 30
0.0
 11
34.75454568
 21
11.1012224
 31
0.0
  0
LINE
  5
862
330
1F
100
AcDbEntity
  8
BOTTOM
100
AcDbLine
 10
34.75454568
 20
11.1012224
 30
0.0
 11
34.85986678
 21
10.9187996
 31
0.0
  0
LINE
  5
863
330
1F
100
AcDbEntity
  8
BOTTOM
100
AcDbLine
 10
34.85986678
 20
10.9187996
 30
0.0
 11
35.00881492
 21
10.76985146
 31
0.0
  0
LINE
  5
864
330
1F
100
AcDbEntity
  8
BOTTOM
100
AcDbLine
 10
35.00881492
 20
10.76985146
 30
0.0
 11
35.19123772
 21
10.66453036
 31
0.0
  0
LINE
  5
865
330
1F
100
AcDbEntity
  8
BOTTOM
100
AcDbLine
 10
35.19123772
 20
10.66453036
 30
0.0
 11
35.39470442
 21
10.6100118
 31
0.0
  0
LINE
  5
866
330
1F
100
AcDbEntity
  8
BOTTOM
100
AcDbLine
 10
35.39470442
 20
10.6100118
 30
0.0
 11
35.60534662
 21
10.6100118
 31
0.0
  0
LINE
  5
867
330
1F
100
AcDbEntity
  8
BOTTOM
100
AcDbLine
 10
35.60534662
 20
10.6100118
 30
0.0
 11
35.80881332
 21
10.66453036
 31
0.0
  0
LINE
  5
868
330
1F
100
AcDbEntity
  8
BOTTOM
100
AcDbLine
 10
35.80881332
 20
10.66453036
 30
0.0
 11
35.9176828
 21
10.7273852
 31
0.0
  0
LINE
  5
869
330
1F
100
AcDbEntity
  8
BOTTOM
100
AcDbLine
 10
35.9176828
 20
10.7273852
 30
0.0
 11
36.1176824
 21
10.63111158
 31
0.0
  0
LINE
  5
86A
330
1F
100
AcDbEntity
  8
BOTTOM
100
AcDbLine
 10
36.1176824
 20
10.63111158
 30
0.0
 11
36.1176824
 21
10.02838228
 31
0.0
  0
LINE
  5
86B
330
1F
100
AcDbEntity
  8
BOTTOM
100
AcDbLine
 10
36.1176824
 20
10.02838228
 30
0.0
 11
35.72677385999999
 21
9.637473739999999
 31
0.0
  0
LINE
  5
86C
330
1F
100
AcDbEntity
  8
BOTTOM
100
AcDbLine
 10
35.72677385999999
 20
9.637473739999999
 30
0.0
 11
35.60534662
 21
9.6700086
 31
0.0
  0
LINE
  5
86D
330
1F
100
AcDbEntity
  8
BOTTOM
100
AcDbLine
 10
35.60534662
 20
9.6700086
 30
0.0
 11
35.39470442
 21
9.6700086
 31
0.0
  0
LINE
  5
86E
330
1F
100
AcDbEntity
  8
BOTTOM
100
AcDbLine
 10
35.39470442
 20
9.6700086
 30
0.0
 11
35.19123772
 21
9.615490040000001
 31
0.0
  0
LINE
  5
86F
330
1F
100
AcDbEntity
  8
BOTTOM
100
AcDbLine
 10
35.19123772
 20
9.615490040000001
 30
0.0
 11
35.00881492
 21
9.510168939999998
 31
0.0
  0
LINE
  5
870
330
1F
100
AcDbEntity
  8
BOTTOM
100
AcDbLine
 10
35.00881492
 20
9.510168939999998
 30
0.0
 11
34.85986678
 21
9.3612208
 31
0.0
  0
LINE
  5
871
330
1F
100
AcDbEntity
  8
BOTTOM
100
AcDbLine
 10
34.85986678
 20
9.3612208
 30
0.0
 11
34.75454568
 21
9.178798
 31
0.0
  0
LINE
  5
872
330
1F
100
AcDbEntity
  8
BOTTOM
100
AcDbLine
 10
34.75454568
 20
9.178798
 30
0.0
 11
34.70002711999999
 21
8.975331299999999
 31
0.0
  0
LINE
  5
873
330
1F
100
AcDbEntity
  8
BOTTOM
100
AcDbLine
 10
34.70002711999999
 20
8.975331299999999
 30
0.0
 11
34.70002711999999
 21
8.912354539999999
 31
0.0
  0
LINE
  5
874
330
1F
100
AcDbEntity
  8
BOTTOM
100
AcDbLine
 10
34.70002711999999
 20
8.912354539999999
 30
0.0
 11
33.9692361
 21
8.912354539999999
 31
0.0
  0
LINE
  5
875
330
1F
100
AcDbEntity
  8
BOTTOM
100
AcDbLine
 10
33.9692361
 20
8.912354539999999
 30
0.0
 11
33.8229194
 21
8.88325122
 31
0.0
  0
LINE
  5
876
330
1F
100
AcDbEntity
  8
BOTTOM
100
AcDbLine
 10
33.8229194
 20
8.88325122
 30
0.0
 11
33.6988785
 21
8.80036848
 31
0.0
  0
LINE
  5
877
330
1F
100
AcDbEntity
  8
BOTTOM
100
AcDbLine
 10
33.6988785
 20
8.80036848
 30
0.0
 11
32.79214422
 21
7.8936342
 31
0.0
  0
LINE
  5
878
330
1F
100
AcDbEntity
  8
BOTTOM
100
AcDbLine
 10
32.79214422
 20
7.8936342
 30
0.0
 11
32.60736684
 21
7.97016948
 31
0.0
  0
LINE
  5
879
330
1F
100
AcDbEntity
  8
BOTTOM
100
AcDbLine
 10
32.60736684
 20
7.97016948
 30
0.0
 11
32.60736684
 21
8.12502312
 31
0.0
  0
LINE
  5
87A
330
1F
100
AcDbEntity
  8
BOTTOM
100
AcDbLine
 10
32.60736684
 20
8.12502312
 30
0.0
 11
32.57826352
 21
8.27133982
 31
0.0
  0
LINE
  5
87B
330
1F
100
AcDbEntity
  8
BOTTOM
100
AcDbLine
 10
32.57826352
 20
8.27133982
 30
0.0
 11
32.49538078
 21
8.39538072
 31
0.0
  0
LINE
  5
87C
330
1F
100
AcDbEntity
  8
BOTTOM
100
AcDbLine
 10
32.49538078
 20
8.39538072
 30
0.0
 11
32.1402837
 21
8.7504778
 31
0.0
  0
LINE
  5
87D
330
1F
100
AcDbEntity
  8
BOTTOM
100
AcDbLine
 10
32.1402837
 20
8.7504778
 30
0.0
 11
32.0162428
 21
8.833360540000001
 31
0.0
  0
LINE
  5
87E
330
1F
100
AcDbEntity
  8
BOTTOM
100
AcDbLine
 10
32.0162428
 20
8.833360540000001
 30
0.0
 11
31.8699261
 21
8.86246386
 31
0.0
  0
LINE
  5
87F
330
1F
100
AcDbEntity
  8
BOTTOM
100
AcDbLine
 10
31.8699261
 20
8.86246386
 30
0.0
 11
29.98606398
 21
8.86246386
 31
0.0
  0
LINE
  5
880
330
1F
100
AcDbEntity
  8
BOTTOM
100
AcDbLine
 10
29.98606398
 20
8.86246386
 30
0.0
 11
29.83987174
 21
9.0086561
 31
0.0
  0
LINE
  5
881
330
1F
100
AcDbEntity
  8
BOTTOM
100
AcDbLine
 10
29.83987174
 20
9.0086561
 30
0.0
 11
29.6193464
 21
9.09999958
 31
0.0
  0
LINE
  5
882
330
1F
100
AcDbEntity
  8
BOTTOM
100
AcDbLine
 10
29.6193464
 20
9.09999958
 30
0.0
 11
29.38065244
 21
9.09999958
 31
0.0
  0
LINE
  5
883
330
1F
100
AcDbEntity
  8
BOTTOM
100
AcDbLine
 10
29.38065244
 20
9.09999958
 30
0.0
 11
29.1601271
 21
9.0086561
 31
0.0
  0
LINE
  5
884
330
1F
100
AcDbEntity
  8
BOTTOM
100
AcDbLine
 10
29.1601271
 20
9.0086561
 30
0.0
 11
28.9913441
 21
8.8398731
 31
0.0
  0
LINE
  5
885
330
1F
100
AcDbEntity
  8
BOTTOM
100
AcDbLine
 10
28.9913441
 20
8.8398731
 30
0.0
 11
28.90000062
 21
8.61934776
 31
0.0
  0
LINE
  5
886
330
1F
100
AcDbEntity
  8
BOTTOM
100
AcDbLine
 10
28.90000062
 20
8.61934776
 30
0.0
 11
28.90000062
 21
8.3806538
 31
0.0
  0
LINE
  5
887
330
1F
100
AcDbEntity
  8
BOTTOM
100
AcDbLine
 10
28.90000062
 20
8.3806538
 30
0.0
 11
28.9913441
 21
8.16012846
 31
0.0
  0
LINE
  5
888
330
1F
100
AcDbEntity
  8
BOTTOM
100
AcDbLine
 10
28.9913441
 20
8.16012846
 30
0.0
 11
29.1601271
 21
7.99134546
 31
0.0
  0
LINE
  5
889
330
1F
100
AcDbEntity
  8
BOTTOM
100
AcDbLine
 10
29.1601271
 20
7.99134546
 30
0.0
 11
29.38065244
 21
7.90000198
 31
0.0
  0
LINE
  5
88A
330
1F
100
AcDbEntity
  8
BOTTOM
100
AcDbLine
 10
29.38065244
 20
7.90000198
 30
0.0
 11
29.6193464
 21
7.90000198
 31
0.0
  0
LINE
  5
88B
330
1F
100
AcDbEntity
  8
BOTTOM
100
AcDbLine
 10
29.6193464
 20
7.90000198
 30
0.0
 11
29.83987174
 21
7.99134546
 31
0.0
  0
LINE
  5
88C
330
1F
100
AcDbEntity
  8
BOTTOM
100
AcDbLine
 10
29.83987174
 20
7.99134546
 30
0.0
 11
29.94630282
 21
8.09777654
 31
0.0
  0
LINE
  5
88D
330
1F
100
AcDbEntity
  8
BOTTOM
100
AcDbLine
 10
29.94630282
 20
8.09777654
 30
0.0
 11
31.71155456
 21
8.09777654
 31
0.0
  0
LINE
  5
88E
330
1F
100
AcDbEntity
  8
BOTTOM
100
AcDbLine
 10
31.71155456
 20
8.09777654
 30
0.0
 11
31.84267952
 21
7.966651579999999
 31
0.0
  0
LINE
  5
88F
330
1F
100
AcDbEntity
  8
BOTTOM
100
AcDbLine
 10
31.84267952
 20
7.966651579999999
 30
0.0
 11
31.84267952
 21
4.988384739999999
 31
0.0
  0
LINE
  5
890
330
1F
100
AcDbEntity
  8
BOTTOM
100
AcDbLine
 10
31.84267952
 20
4.988384739999999
 30
0.0
 11
31.3666505
 21
4.51235572
 31
0.0
  0
LINE
  5
891
330
1F
100
AcDbEntity
  8
BOTTOM
100
AcDbLine
 10
31.3666505
 20
4.51235572
 30
0.0
 11
31.29120742
 21
4.51235572
 31
0.0
  0
LINE
  5
892
330
1F
100
AcDbEntity
  8
BOTTOM
100
AcDbLine
 10
31.29120742
 20
4.51235572
 30
0.0
 11
31.16489576
 21
4.638667379999999
 31
0.0
  0
LINE
  5
893
330
1F
100
AcDbEntity
  8
BOTTOM
100
AcDbLine
 10
31.16489576
 20
4.638667379999999
 30
0.0
 11
30.94437042
 21
4.730010859999999
 31
0.0
  0
LINE
  5
894
330
1F
100
AcDbEntity
  8
BOTTOM
100
AcDbLine
 10
30.94437042
 20
4.730010859999999
 30
0.0
 11
30.70567646
 21
4.730010859999999
 31
0.0
  0
LINE
  5
895
330
1F
100
AcDbEntity
  8
BOTTOM
100
AcDbLine
 10
30.70567646
 20
4.730010859999999
 30
0.0
 11
30.48515112
 21
4.638667379999999
 31
0.0
  0
LINE
  5
896
330
1F
100
AcDbEntity
  8
BOTTOM
100
AcDbLine
 10
30.48515112
 20
4.638667379999999
 30
0.0
 11
30.31636812
 21
4.46988438
 31
0.0
  0
LINE
  5
897
330
1F
100
AcDbEntity
  8
BOTTOM
100
AcDbLine
 10
30.31636812
 20
4.46988438
 30
0.0
 11
30.22502464
 21
4.24935904
 31
0.0
  0
LINE
  5
898
330
1F
100
AcDbEntity
  8
BOTTOM
100
AcDbLine
 10
30.22502464
 20
4.24935904
 30
0.0
 11
30.22502464
 21
4.01066508
 31
0.0
  0
LINE
  5
899
330
1F
100
AcDbEntity
  8
BOTTOM
100
AcDbLine
 10
30.22502464
 20
4.01066508
 30
0.0
 11
30.31636812
 21
3.790139739999999
 31
0.0
  0
LINE
  5
89A
330
1F
100
AcDbEntity
  8
BOTTOM
100
AcDbLine
 10
30.31636812
 20
3.790139739999999
 30
0.0
 11
30.3371377
 21
3.769370159999999
 31
0.0
  0
LINE
  5
89B
330
1F
100
AcDbEntity
  8
BOTTOM
100
AcDbLine
 10
30.3371377
 20
3.769370159999999
 30
0.0
 11
30.25429306
 21
3.56937056
 31
0.0
  0
LINE
  5
89C
330
1F
100
AcDbEntity
  8
BOTTOM
100
AcDbLine
 10
30.25429306
 20
3.56937056
 30
0.0
 11
26.67057658
 21
3.56937056
 31
0.0
  0
LINE
  5
89D
330
1F
100
AcDbEntity
  8
BOTTOM
100
AcDbLine
 10
26.67057658
 20
3.56937056
 30
0.0
 11
26.61901204
 21
3.646543379999999
 31
0.0
  0
LINE
  5
89E
330
1F
100
AcDbEntity
  8
BOTTOM
100
AcDbLine
 10
26.61901204
 20
3.646543379999999
 30
0.0
 11
26.61901204
 21
3.8852348
 31
0.0
  0
LINE
  5
89F
330
1F
100
AcDbEntity
  8
BOTTOM
100
AcDbLine
 10
26.61901204
 20
3.8852348
 30
0.0
 11
26.52766856
 21
4.10576014
 31
0.0
  0
LINE
  5
8A0
330
1F
100
AcDbEntity
  8
BOTTOM
100
AcDbLine
 10
26.52766856
 20
4.10576014
 30
0.0
 11
26.42882446
 21
4.20460424
 31
0.0
  0
LINE
  5
8A1
330
1F
100
AcDbEntity
  8
BOTTOM
100
AcDbLine
 10
26.42882446
 20
4.20460424
 30
0.0
 11
26.42882446
 21
6.42043166
 31
0.0
  0
LINE
  5
8A2
330
1F
100
AcDbEntity
  8
BOTTOM
100
AcDbLine
 10
26.42882446
 20
6.42043166
 30
0.0
 11
26.58260367999999
 21
6.574210879999999
 31
0.0
  0
LINE
  5
8A3
330
1F
100
AcDbEntity
  8
BOTTOM
100
AcDbLine
 10
26.58260367999999
 20
6.574210879999999
 30
0.0
 11
26.67394716
 21
6.79473622
 31
0.0
  0
LINE
  5
8A4
330
1F
100
AcDbEntity
  8
BOTTOM
100
AcDbLine
 10
26.67394716
 20
6.79473622
 30
0.0
 11
26.67394716
 21
7.03343018
 31
0.0
  0
LINE
  5
8A5
330
1F
100
AcDbEntity
  8
BOTTOM
100
AcDbLine
 10
26.67394716
 20
7.03343018
 30
0.0
 11
26.58260367999999
 21
7.253955519999999
 31
0.0
  0
LINE
  5
8A6
330
1F
100
AcDbEntity
  8
BOTTOM
100
AcDbLine
 10
26.58260367999999
 20
7.253955519999999
 30
0.0
 11
26.41382068
 21
7.422738519999999
 31
0.0
  0
LINE
  5
8A7
330
1F
100
AcDbEntity
  8
BOTTOM
100
AcDbLine
 10
26.41382068
 20
7.422738519999999
 30
0.0
 11
26.19329534
 21
7.514081999999999
 31
0.0
  0
LINE
  5
8A8
330
1F
100
AcDbEntity
  8
BOTTOM
100
AcDbLine
 10
26.19329534
 20
7.514081999999999
 30
0.0
 11
25.95460138
 21
7.514081999999999
 31
0.0
  0
LINE
  5
8A9
330
1F
100
AcDbEntity
  8
BOTTOM
100
AcDbLine
 10
25.95460138
 20
7.514081999999999
 30
0.0
 11
25.73407604
 21
7.422738519999999
 31
0.0
  0
LINE
  5
8AA
330
1F
100
AcDbEntity
  8
BOTTOM
100
AcDbLine
 10
25.73407604
 20
7.422738519999999
 30
0.0
 11
25.6272792
 21
7.315939139999999
 31
0.0
  0
LINE
  5
8AB
330
1F
100
AcDbEntity
  8
BOTTOM
100
AcDbLine
 10
25.6272792
 20
7.315939139999999
 30
0.0
 11
25.54217904
 21
7.4010393
 31
0.0
  0
LINE
  5
8AC
330
1F
100
AcDbEntity
  8
BOTTOM
100
AcDbLine
 10
25.54217904
 20
7.4010393
 30
0.0
 11
25.3216537
 21
7.49238278
 31
0.0
  0
LINE
  5
8AD
330
1F
100
AcDbEntity
  8
BOTTOM
100
AcDbLine
 10
25.3216537
 20
7.49238278
 30
0.0
 11
25.08295974
 21
7.49238278
 31
0.0
  0
LINE
  5
8AE
330
1F
100
AcDbEntity
  8
BOTTOM
100
AcDbLine
 10
25.08295974
 20
7.49238278
 30
0.0
 11
24.8624344
 21
7.4010393
 31
0.0
  0
LINE
  5
8AF
330
1F
100
AcDbEntity
  8
BOTTOM
100
AcDbLine
 10
24.8624344
 20
7.4010393
 30
0.0
 11
24.6936514
 21
7.2322563
 31
0.0
  0
LINE
  5
8B0
330
1F
100
AcDbEntity
  8
BOTTOM
100
AcDbLine
 10
24.6936514
 20
7.2322563
 30
0.0
 11
24.60230792
 21
7.011730959999999
 31
0.0
  0
LINE
  5
8B1
330
1F
100
AcDbEntity
  8
BOTTOM
100
AcDbLine
 10
24.60230792
 20
7.011730959999999
 30
0.0
 11
24.60230792
 21
6.773036999999999
 31
0.0
  0
LINE
  5
8B2
330
1F
100
AcDbEntity
  8
BOTTOM
100
AcDbLine
 10
24.60230792
 20
6.773036999999999
 30
0.0
 11
24.6936514
 21
6.55251166
 31
0.0
  0
LINE
  5
8B3
330
1F
100
AcDbEntity
  8
BOTTOM
100
AcDbLine
 10
24.6936514
 20
6.55251166
 30
0.0
 11
24.85784716
 21
6.3883159
 31
0.0
  0
LINE
  5
8B4
330
1F
100
AcDbEntity
  8
BOTTOM
100
AcDbLine
 10
24.85784716
 20
6.3883159
 30
0.0
 11
24.85784716
 21
4.17682172
 31
0.0
  0
LINE
  5
8B5
330
1F
100
AcDbEntity
  8
BOTTOM
100
AcDbLine
 10
24.85784716
 20
4.17682172
 30
0.0
 11
24.7694196
 21
4.08839416
 31
0.0
  0
LINE
  5
8B6
330
1F
100
AcDbEntity
  8
BOTTOM
100
AcDbLine
 10
24.7694196
 20
4.08839416
 30
0.0
 11
24.67807612
 21
3.86786882
 31
0.0
  0
LINE
  5
8B7
330
1F
100
AcDbEntity
  8
BOTTOM
100
AcDbLine
 10
24.67807612
 20
3.86786882
 30
0.0
 11
24.67807612
 21
3.6291774
 31
0.0
  0
LINE
  5
8B8
330
1F
100
AcDbEntity
  8
BOTTOM
100
AcDbLine
 10
24.67807612
 20
3.6291774
 30
0.0
 11
24.6381143
 21
3.56937056
 31
0.0
  0
LINE
  5
8B9
330
1F
100
AcDbEntity
  8
BOTTOM
100
AcDbLine
 10
24.6381143
 20
3.56937056
 30
0.0
 11
23.81978472
 21
3.56937056
 31
0.0
  0
LINE
  5
8BA
330
1F
100
AcDbEntity
  8
BOTTOM
100
AcDbLine
 10
23.81978472
 20
3.56937056
 30
0.0
 11
23.73278718
 21
3.6563681
 31
0.0
  0
LINE
  5
8BB
330
1F
100
AcDbEntity
  8
BOTTOM
100
AcDbLine
 10
23.73278718
 20
3.6563681
 30
0.0
 11
23.60874628
 21
3.73925084
 31
0.0
  0
LINE
  5
8BC
330
1F
100
AcDbEntity
  8
BOTTOM
100
AcDbLine
 10
23.60874628
 20
3.73925084
 30
0.0
 11
23.46242958
 21
3.76835416
 31
0.0
  0
LINE
  5
8BD
330
1F
100
AcDbEntity
  8
BOTTOM
100
AcDbLine
 10
23.46242958
 20
3.76835416
 30
0.0
 11
21.7810207
 21
3.76835416
 31
0.0
  0
LINE
  5
8BE
330
1F
100
AcDbEntity
  8
BOTTOM
100
AcDbLine
 10
21.7810207
 20
3.76835416
 30
0.0
 11
21.634704
 21
3.73925084
 31
0.0
  0
LINE
  5
8BF
330
1F
100
AcDbEntity
  8
BOTTOM
100
AcDbLine
 10
21.634704
 20
3.73925084
 30
0.0
 11
21.5106631
 21
3.6563681
 31
0.0
  0
LINE
  5
8C0
330
1F
100
AcDbEntity
  8
BOTTOM
100
AcDbLine
 10
21.5106631
 20
3.6563681
 30
0.0
 11
21.32501958
 21
3.47072458
 31
0.0
  0
LINE
  5
8C1
330
1F
100
AcDbEntity
  8
BOTTOM
100
AcDbLine
 10
21.32501958
 20
3.47072458
 30
0.0
 11
21.12501998
 21
3.54936044
 31
0.0
  0
LINE
  5
8C2
330
1F
100
AcDbEntity
  8
BOTTOM
100
AcDbLine
 10
21.12501998
 20
3.54936044
 30
0.0
 11
21.0336765
 21
3.76988324
 31
0.0
  0
LINE
  5
8C3
330
1F
100
AcDbEntity
  8
BOTTOM
100
AcDbLine
 10
21.0336765
 20
3.76988324
 30
0.0
 11
20.8648935
 21
3.93866624
 31
0.0
  0
LINE
  5
8C4
330
1F
100
AcDbEntity
  8
BOTTOM
100
AcDbLine
 10
20.8648935
 20
3.93866624
 30
0.0
 11
20.64436816
 21
4.03000972
 31
0.0
  0
LINE
  5
8C5
330
1F
100
AcDbEntity
  8
BOTTOM
100
AcDbLine
 10
20.64436816
 20
4.03000972
 30
0.0
 11
20.46573758
 21
4.03000972
 31
0.0
  0
LINE
  5
8C6
330
1F
100
AcDbEntity
  8
BOTTOM
100
AcDbLine
 10
20.46573758
 20
4.03000972
 30
0.0
 11
18.65737188
 21
5.838375419999999
 31
0.0
  0
LINE
  5
8C7
330
1F
100
AcDbEntity
  8
BOTTOM
100
AcDbLine
 10
18.65737188
 20
5.838375419999999
 30
0.0
 11
18.65737188
 21
6.563827359999999
 31
0.0
  0
LINE
  5
8C8
330
1F
100
AcDbEntity
  8
BOTTOM
100
AcDbLine
 10
18.65737188
 20
6.563827359999999
 30
0.0
 11
18.78368354
 21
6.690139019999999
 31
0.0
  0
LINE
  5
8C9
330
1F
100
AcDbEntity
  8
BOTTOM
100
AcDbLine
 10
18.78368354
 20
6.690139019999999
 30
0.0
 11
18.87502702
 21
6.91066436
 31
0.0
  0
LINE
  5
8CA
330
1F
100
AcDbEntity
  8
BOTTOM
100
AcDbLine
 10
18.87502702
 20
6.91066436
 30
0.0
 11
18.87502702
 21
7.14935832
 31
0.0
  0
LINE
  5
8CB
330
1F
100
AcDbEntity
  8
BOTTOM
100
AcDbLine
 10
18.87502702
 20
7.14935832
 30
0.0
 11
18.78368354
 21
7.369883659999999
 31
0.0
  0
LINE
  5
8CC
330
1F
100
AcDbEntity
  8
BOTTOM
100
AcDbLine
 10
18.78368354
 20
7.369883659999999
 30
0.0
 11
18.61490054
 21
7.53866666
 31
0.0
  0
LINE
  5
8CD
330
1F
100
AcDbEntity
  8
BOTTOM
100
AcDbLine
 10
18.61490054
 20
7.53866666
 30
0.0
 11
18.3943752
 21
7.63001014
 31
0.0
  0
LINE
  5
8CE
330
1F
100
AcDbEntity
  8
BOTTOM
100
AcDbLine
 10
18.3943752
 20
7.63001014
 30
0.0
 11
18.15568124
 21
7.63001014
 31
0.0
  0
LINE
  5
8CF
330
1F
100
AcDbEntity
  8
BOTTOM
100
AcDbLine
 10
18.15568124
 20
7.63001014
 30
0.0
 11
17.9351559
 21
7.53866666
 31
0.0
  0
LINE
  5
8D0
330
1F
100
AcDbEntity
  8
BOTTOM
100
AcDbLine
 10
17.9351559
 20
7.53866666
 30
0.0
 11
17.7663729
 21
7.369883659999999
 31
0.0
  0
LINE
  5
8D1
330
1F
100
AcDbEntity
  8
BOTTOM
100
AcDbLine
 10
17.7663729
 20
7.369883659999999
 30
0.0
 11
17.67502942
 21
7.14935832
 31
0.0
  0
LINE
  5
8D2
330
1F
100
AcDbEntity
  8
BOTTOM
100
AcDbLine
 10
17.67502942
 20
7.14935832
 30
0.0
 11
17.67502942
 21
6.91066436
 31
0.0
  0
LINE
  5
8D3
330
1F
100
AcDbEntity
  8
BOTTOM
100
AcDbLine
 10
17.67502942
 20
6.91066436
 30
0.0
 11
17.7663729
 21
6.690139019999999
 31
0.0
  0
LINE
  5
8D4
330
1F
100
AcDbEntity
  8
BOTTOM
100
AcDbLine
 10
17.7663729
 20
6.690139019999999
 30
0.0
 11
17.89268456
 21
6.563827359999999
 31
0.0
  0
LINE
  5
8D5
330
1F
100
AcDbEntity
  8
BOTTOM
100
AcDbLine
 10
17.89268456
 20
6.563827359999999
 30
0.0
 11
17.89268456
 21
5.680003879999999
 31
0.0
  0
LINE
  5
8D6
330
1F
100
AcDbEntity
  8
BOTTOM
100
AcDbLine
 10
17.89268456
 20
5.680003879999999
 30
0.0
 11
17.92178788
 21
5.533687179999999
 31
0.0
  0
LINE
  5
8D7
330
1F
100
AcDbEntity
  8
BOTTOM
100
AcDbLine
 10
17.92178788
 20
5.533687179999999
 30
0.0
 11
18.00467062
 21
5.40964628
 31
0.0
  0
LINE
  5
8D8
330
1F
100
AcDbEntity
  8
BOTTOM
100
AcDbLine
 10
18.00467062
 20
5.40964628
 30
0.0
 11
19.92502238
 21
3.48929452
 31
0.0
  0
LINE
  5
8D9
330
1F
100
AcDbEntity
  8
BOTTOM
100
AcDbLine
 10
19.92502238
 20
3.48929452
 30
0.0
 11
19.92502238
 21
3.31066648
 31
0.0
  0
LINE
  5
8DA
330
1F
100
AcDbEntity
  8
BOTTOM
100
AcDbLine
 10
19.92502238
 20
3.31066648
 30
0.0
 11
19.8593329
 21
3.21235578
 31
0.0
  0
LINE
  5
8DB
330
1F
100
AcDbEntity
  8
BOTTOM
100
AcDbLine
 10
19.8593329
 20
3.21235578
 30
0.0
 11
18.27002696
 21
3.21235578
 31
0.0
  0
LINE
  5
8DC
330
1F
100
AcDbEntity
  8
BOTTOM
100
AcDbLine
 10
18.27002696
 20
3.21235578
 30
0.0
 11
18.12371026
 21
3.183252459999999
 31
0.0
  0
LINE
  5
8DD
330
1F
100
AcDbEntity
  8
BOTTOM
100
AcDbLine
 10
18.12371026
 20
3.183252459999999
 30
0.0
 11
17.99966936
 21
3.10036972
 31
0.0
  0
LINE
  5
8DE
330
1F
100
AcDbEntity
  8
BOTTOM
100
AcDbLine
 10
17.99966936
 20
3.10036972
 30
0.0
 11
17.1890817
 21
2.28978206
 31
0.0
  0
LINE
  5
8DF
330
1F
100
AcDbEntity
  8
BOTTOM
100
AcDbLine
 10
17.1890817
 20
2.28978206
 30
0.0
 11
17.13390782
 21
2.32163874
 31
0.0
  0
LINE
  5
8E0
330
1F
100
AcDbEntity
  8
BOTTOM
100
AcDbLine
 10
17.13390782
 20
2.32163874
 30
0.0
 11
16.84142428
 21
2.4000079
 31
0.0
  0
LINE
  5
8E1
330
1F
100
AcDbEntity
  8
BOTTOM
100
AcDbLine
 10
16.84142428
 20
2.4000079
 30
0.0
 11
16.5386258
 21
2.4000079
 31
0.0
  0
LINE
  5
8E2
330
1F
100
AcDbEntity
  8
BOTTOM
100
AcDbLine
 10
16.5386258
 20
2.4000079
 30
0.0
 11
16.24614226
 21
2.32163874
 31
0.0
  0
LINE
  5
8E3
330
1F
100
AcDbEntity
  8
BOTTOM
100
AcDbLine
 10
16.24614226
 20
2.32163874
 30
0.0
 11
15.98391012
 21
2.17023696
 31
0.0
  0
LINE
  5
8E4
330
1F
100
AcDbEntity
  8
BOTTOM
100
AcDbLine
 10
15.98391012
 20
2.17023696
 30
0.0
 11
15.76979828
 21
1.95612512
 31
0.0
  0
LINE
  5
8E5
330
1F
100
AcDbEntity
  8
BOTTOM
100
AcDbLine
 10
15.76979828
 20
1.95612512
 30
0.0
 11
15.6183965
 21
1.69389298
 31
0.0
  0
LINE
  5
8E6
330
1F
100
AcDbEntity
  8
BOTTOM
100
AcDbLine
 10
15.6183965
 20
1.69389298
 30
0.0
 11
15.54002734
 21
1.40140944
 31
0.0
  0
LINE
  5
8E7
330
1F
100
AcDbEntity
  8
BOTTOM
100
AcDbLine
 10
15.54002734
 20
1.40140944
 30
0.0
 11
15.54002734
 21
1.09861096
 31
0.0
  0
LINE
  5
8E8
330
1F
100
AcDbEntity
  8
BOTTOM
100
AcDbLine
 10
15.54002734
 20
1.09861096
 30
0.0
 11
15.6183965
 21
0.80612742
 31
0.0
  0
LINE
  5
8E9
330
1F
100
AcDbEntity
  8
BOTTOM
100
AcDbLine
 10
15.6183965
 20
0.80612742
 30
0.0
 11
15.76979828
 21
0.54389528
 31
0.0
  0
LINE
  5
8EA
330
1F
100
AcDbEntity
  8
BOTTOM
100
AcDbLine
 10
15.76979828
 20
0.54389528
 30
0.0
 11
15.80782462
 21
0.5058689399999999
 31
0.0
  0
LINE
  5
8EB
330
1F
100
AcDbEntity
  8
BOTTOM
100
AcDbLine
 10
15.80782462
 20
0.5058689399999999
 30
0.0
 11
15.72498252
 21
0.3058668
 31
0.0
  0
LINE
  5
8EC
330
1F
100
AcDbEntity
  8
BOTTOM
100
AcDbLine
 10
15.72498252
 20
0.3058668
 30
0.0
 11
15.11506756
 21
0.3058668
 31
0.0
  0
LINE
  5
8ED
330
1F
100
AcDbEntity
  8
BOTTOM
100
AcDbLine
 10
15.11506756
 20
0.3058668
 30
0.0
 11
15.03222546
 21
0.5058689399999999
 31
0.0
  0
LINE
  5
8EE
330
1F
100
AcDbEntity
  8
BOTTOM
100
AcDbLine
 10
15.03222546
 20
0.5058689399999999
 30
0.0
 11
15.0702518
 21
0.54389528
 31
0.0
  0
LINE
  5
8EF
330
1F
100
AcDbEntity
  8
BOTTOM
100
AcDbLine
 10
15.0702518
 20
0.54389528
 30
0.0
 11
15.22165358
 21
0.80612742
 31
0.0
  0
LINE
  5
8F0
330
1F
100
AcDbEntity
  8
BOTTOM
100
AcDbLine
 10
15.22165358
 20
0.80612742
 30
0.0
 11
15.30002274
 21
1.09861096
 31
0.0
  0
LINE
  5
8F1
330
1F
100
AcDbEntity
  8
BOTTOM
100
AcDbLine
 10
15.30002274
 20
1.09861096
 30
0.0
 11
15.30002274
 21
1.40140944
 31
0.0
  0
LINE
  5
8F2
330
1F
100
AcDbEntity
  8
BOTTOM
100
AcDbLine
 10
15.30002274
 20
1.40140944
 30
0.0
 11
15.22165358
 21
1.69389298
 31
0.0
  0
LINE
  5
8F3
330
1F
100
AcDbEntity
  8
BOTTOM
100
AcDbLine
 10
15.22165358
 20
1.69389298
 30
0.0
 11
15.0702518
 21
1.95612512
 31
0.0
  0
LINE
  5
8F4
330
1F
100
AcDbEntity
  8
BOTTOM
100
AcDbLine
 10
15.0702518
 20
1.95612512
 30
0.0
 11
14.85613996
 21
2.17023696
 31
0.0
  0
LINE
  5
8F5
330
1F
100
AcDbEntity
  8
BOTTOM
100
AcDbLine
 10
14.85613996
 20
2.17023696
 30
0.0
 11
14.59390782
 21
2.32163874
 31
0.0
  0
LINE
  5
8F6
330
1F
100
AcDbEntity
  8
BOTTOM
100
AcDbLine
 10
14.59390782
 20
2.32163874
 30
0.0
 11
14.30142428
 21
2.4000079
 31
0.0
  0
LINE
  5
8F7
330
1F
100
AcDbEntity
  8
BOTTOM
100
AcDbLine
 10
14.30142428
 20
2.4000079
 30
0.0
 11
13.9986258
 21
2.4000079
 31
0.0
  0
LINE
  5
8F8
330
1F
100
AcDbEntity
  8
BOTTOM
100
AcDbLine
 10
13.9986258
 20
2.4000079
 30
0.0
 11
13.70614226
 21
2.32163874
 31
0.0
  0
LINE
  5
8F9
330
1F
100
AcDbEntity
  8
BOTTOM
100
AcDbLine
 10
13.70614226
 20
2.32163874
 30
0.0
 11
13.44391012
 21
2.17023696
 31
0.0
  0
LINE
  5
8FA
330
1F
100
AcDbEntity
  8
BOTTOM
100
AcDbLine
 10
13.44391012
 20
2.17023696
 30
0.0
 11
13.22979828
 21
1.95612512
 31
0.0
  0
LINE
  5
8FB
330
1F
100
AcDbEntity
  8
BOTTOM
100
AcDbLine
 10
13.22979828
 20
1.95612512
 30
0.0
 11
13.0783965
 21
1.69389298
 31
0.0
  0
LINE
  5
8FC
330
1F
100
AcDbEntity
  8
BOTTOM
100
AcDbLine
 10
13.0783965
 20
1.69389298
 30
0.0
 11
13.00002734
 21
1.40140944
 31
0.0
  0
LINE
  5
8FD
330
1F
100
AcDbEntity
  8
BOTTOM
100
AcDbLine
 10
13.00002734
 20
1.40140944
 30
0.0
 11
13.00002734
 21
1.09861096
 31
0.0
  0
LINE
  5
8FE
330
1F
100
AcDbEntity
  8
BOTTOM
100
AcDbLine
 10
13.00002734
 20
1.09861096
 30
0.0
 11
13.0783965
 21
0.80612742
 31
0.0
  0
LINE
  5
8FF
330
1F
100
AcDbEntity
  8
BOTTOM
100
AcDbLine
 10
13.0783965
 20
0.80612742
 30
0.0
 11
13.22979828
 21
0.54389528
 31
0.0
  0
LINE
  5
900
330
1F
100
AcDbEntity
  8
BOTTOM
100
AcDbLine
 10
13.22979828
 20
0.54389528
 30
0.0
 11
13.26782462
 21
0.5058689399999999
 31
0.0
  0
LINE
  5
901
330
1F
100
AcDbEntity
  8
BOTTOM
100
AcDbLine
 10
13.26782462
 20
0.5058689399999999
 30
0.0
 11
13.18498252
 21
0.3058668
 31
0.0
  0
LINE
  5
902
330
1F
100
AcDbEntity
  8
BOTTOM
100
AcDbLine
 10
13.18498252
 20
0.3058668
 30
0.0
 11
12.51001816
 21
0.3058668
 31
0.0
  0
LINE
  5
903
330
1F
100
AcDbEntity
  8
BOTTOM
100
AcDbLine
 10
12.51001816
 20
0.3058668
 30
0.0
 11
12.42717352
 21
0.5058663999999999
 31
0.0
  0
LINE
  5
904
330
1F
100
AcDbEntity
  8
BOTTOM
100
AcDbLine
 10
12.42717352
 20
0.5058663999999999
 30
0.0
 11
12.49344466
 21
0.5721375399999999
 31
0.0
  0
LINE
  5
905
330
1F
100
AcDbEntity
  8
BOTTOM
100
AcDbLine
 10
12.49344466
 20
0.5721375399999999
 30
0.0
 11
12.63878854
 21
0.82388202
 31
0.0
  0
LINE
  5
906
330
1F
100
AcDbEntity
  8
BOTTOM
100
AcDbLine
 10
12.63878854
 20
0.82388202
 30
0.0
 11
12.71402334
 21
1.10466632
 31
0.0
  0
LINE
  5
907
330
1F
100
AcDbEntity
  8
BOTTOM
100
AcDbLine
 10
12.71402334
 20
1.10466632
 30
0.0
 11
12.71402334
 21
1.1500104
 31
0.0
  0
LINE
  5
908
330
1F
100
AcDbEntity
  8
BOTTOM
100
AcDbLine
 10
12.71402334
 20
1.1500104
 30
0.0
 11
10.50602674
 21
1.1500104
 31
0.0
  0
LINE
  5
909
330
1F
100
AcDbEntity
  8
BOTTOM
100
AcDbLine
 10
10.50602674
 20
1.1500104
 30
0.0
 11
10.50602674
 21
1.10466632
 31
0.0
  0
LINE
  5
90A
330
1F
100
AcDbEntity
  8
BOTTOM
100
AcDbLine
 10
10.50602674
 20
1.10466632
 30
0.0
 11
10.58126154
 21
0.82388202
 31
0.0
  0
LINE
  5
90B
330
1F
100
AcDbEntity
  8
BOTTOM
100
AcDbLine
 10
10.58126154
 20
0.82388202
 30
0.0
 11
10.72660542
 21
0.5721375399999999
 31
0.0
  0
LINE
  5
90C
330
1F
100
AcDbEntity
  8
BOTTOM
100
AcDbLine
 10
10.72660542
 20
0.5721375399999999
 30
0.0
 11
10.79287656
 21
0.5058663999999999
 31
0.0
  0
LINE
  5
90D
330
1F
100
AcDbEntity
  8
BOTTOM
100
AcDbLine
 10
10.79287656
 20
0.5058663999999999
 30
0.0
 11
10.71003192
 21
0.3058668
 31
0.0
  0
LINE
  5
90E
330
1F
100
AcDbEntity
  8
BOTTOM
100
AcDbLine
 10
10.71003192
 20
0.3058668
 30
0.0
 11
10.03506502
 21
0.3058668
 31
0.0
  0
LINE
  5
90F
330
1F
100
AcDbEntity
  8
BOTTOM
100
AcDbLine
 10
10.03506502
 20
0.3058668
 30
0.0
 11
9.952222919999999
 21
0.5058663999999999
 31
0.0
  0
LINE
  5
910
330
1F
100
AcDbEntity
  8
BOTTOM
100
AcDbLine
 10
9.952222919999999
 20
0.5058663999999999
 30
0.0
 11
9.9902518
 21
0.54389528
 31
0.0
  0
LINE
  5
911
330
1F
100
AcDbEntity
  8
BOTTOM
100
AcDbLine
 10
9.9902518
 20
0.54389528
 30
0.0
 11
10.14165358
 21
0.80612742
 31
0.0
  0
LINE
  5
912
330
1F
100
AcDbEntity
  8
BOTTOM
100
AcDbLine
 10
10.14165358
 20
0.80612742
 30
0.0
 11
10.22002274
 21
1.09861096
 31
0.0
  0
LINE
  5
913
330
1F
100
AcDbEntity
  8
BOTTOM
100
AcDbLine
 10
10.22002274
 20
1.09861096
 30
0.0
 11
10.22002274
 21
1.40140944
 31
0.0
  0
LINE
  5
914
330
1F
100
AcDbEntity
  8
BOTTOM
100
AcDbLine
 10
10.22002274
 20
1.40140944
 30
0.0
 11
10.14165358
 21
1.69389298
 31
0.0
  0
LINE
  5
915
330
1F
100
AcDbEntity
  8
BOTTOM
100
AcDbLine
 10
10.14165358
 20
1.69389298
 30
0.0
 11
9.9902518
 21
1.95612512
 31
0.0
  0
LINE
  5
916
330
1F
100
AcDbEntity
  8
BOTTOM
100
AcDbLine
 10
9.9902518
 20
1.95612512
 30
0.0
 11
9.77613996
 21
2.17023696
 31
0.0
  0
LINE
  5
917
330
1F
100
AcDbEntity
  8
BOTTOM
100
AcDbLine
 10
9.77613996
 20
2.17023696
 30
0.0
 11
9.51390782
 21
2.32163874
 31
0.0
  0
LINE
  5
918
330
1F
100
AcDbEntity
  8
BOTTOM
100
AcDbLine
 10
9.51390782
 20
2.32163874
 30
0.0
 11
9.417357339999999
 21
2.34750864
 31
0.0
  0
LINE
  5
919
330
1F
100
AcDbEntity
  8
BOTTOM
100
AcDbLine
 10
9.417357339999999
 20
2.34750864
 30
0.0
 11
9.417357339999999
 21
3.86882894
 31
0.0
  0
LINE
  5
91A
330
1F
100
AcDbEntity
  8
BOTTOM
100
AcDbLine
 10
9.417357339999999
 20
3.86882894
 30
0.0
 11
9.508655099999999
 21
3.9601267
 31
0.0
  0
LINE
  5
91B
330
1F
100
AcDbEntity
  8
BOTTOM
100
AcDbLine
 10
9.508655099999999
 20
3.9601267
 30
0.0
 11
9.59999858
 21
4.18065204
 31
0.0
  0
LINE
  5
91C
330
1F
100
AcDbEntity
  8
BOTTOM
100
AcDbLine
 10
9.59999858
 20
4.18065204
 30
0.0
 11
9.59999858
 21
4.419346
 31
0.0
  0
LINE
  5
91D
330
1F
100
AcDbEntity
  8
BOTTOM
100
AcDbLine
 10
9.59999858
 20
4.419346
 30
0.0
 11
9.508655099999999
 21
4.63987134
 31
0.0
  0
LINE
  5
91E
330
1F
100
AcDbEntity
  8
BOTTOM
100
AcDbLine
 10
9.508655099999999
 20
4.63987134
 30
0.0
 11
9.339872100000001
 21
4.808654339999999
 31
0.0
  0
LINE
  5
91F
330
1F
100
AcDbEntity
  8
BOTTOM
100
AcDbLine
 10
9.339872100000001
 20
4.808654339999999
 30
0.0
 11
9.119346759999999
 21
4.89999782
 31
0.0
  0
LINE
  5
920
330
1F
100
AcDbEntity
  8
BOTTOM
100
AcDbLine
 10
9.119346759999999
 20
4.89999782
 30
0.0
 11
8.8806528
 21
4.89999782
 31
0.0
  0
LINE
  5
921
330
1F
100
AcDbEntity
  8
BOTTOM
100
AcDbLine
 10
8.8806528
 20
4.89999782
 30
0.0
 11
8.660127459999998
 21
4.808654339999999
 31
0.0
  0
LINE
  5
922
330
1F
100
AcDbEntity
  8
BOTTOM
100
AcDbLine
 10
8.660127459999998
 20
4.808654339999999
 30
0.0
 11
8.49134446
 21
4.63987134
 31
0.0
  0
LINE
  5
923
330
1F
100
AcDbEntity
  8
BOTTOM
100
AcDbLine
 10
8.49134446
 20
4.63987134
 30
0.0
 11
8.40000098
 21
4.419346
 31
0.0
  0
LINE
  5
924
330
1F
100
AcDbEntity
  8
BOTTOM
100
AcDbLine
 10
8.40000098
 20
4.419346
 30
0.0
 11
8.40000098
 21
4.18065204
 31
0.0
  0
LINE
  5
925
330
1F
100
AcDbEntity
  8
BOTTOM
100
AcDbLine
 10
8.40000098
 20
4.18065204
 30
0.0
 11
8.49134446
 21
3.9601267
 31
0.0
  0
LINE
  5
926
330
1F
100
AcDbEntity
  8
BOTTOM
100
AcDbLine
 10
8.49134446
 20
3.9601267
 30
0.0
 11
8.65267002
 21
3.79880114
 31
0.0
  0
LINE
  5
927
330
1F
100
AcDbEntity
  8
BOTTOM
100
AcDbLine
 10
8.65267002
 20
3.79880114
 30
0.0
 11
8.65267002
 21
2.32874566
 31
0.0
  0
LINE
  5
928
330
1F
100
AcDbEntity
  8
BOTTOM
100
AcDbLine
 10
8.65267002
 20
2.32874566
 30
0.0
 11
8.62614226
 21
2.32163874
 31
0.0
  0
LINE
  5
929
330
1F
100
AcDbEntity
  8
BOTTOM
100
AcDbLine
 10
8.62614226
 20
2.32163874
 30
0.0
 11
8.36391012
 21
2.17023696
 31
0.0
  0
LINE
  5
92A
330
1F
100
AcDbEntity
  8
BOTTOM
100
AcDbLine
 10
8.36391012
 20
2.17023696
 30
0.0
 11
8.149798279999999
 21
1.95612512
 31
0.0
  0
LINE
  5
92B
330
1F
100
AcDbEntity
  8
BOTTOM
100
AcDbLine
 10
8.149798279999999
 20
1.95612512
 30
0.0
 11
7.998396499999999
 21
1.69389298
 31
0.0
  0
LINE
  5
92C
330
1F
100
AcDbEntity
  8
BOTTOM
100
AcDbLine
 10
7.998396499999999
 20
1.69389298
 30
0.0
 11
7.920027339999999
 21
1.40140944
 31
0.0
  0
LINE
  5
92D
330
1F
100
AcDbEntity
  8
BOTTOM
100
AcDbLine
 10
7.920027339999999
 20
1.40140944
 30
0.0
 11
7.920027339999999
 21
1.09861096
 31
0.0
  0
LINE
  5
92E
330
1F
100
AcDbEntity
  8
BOTTOM
100
AcDbLine
 10
7.920027339999999
 20
1.09861096
 30
0.0
 11
7.998396499999999
 21
0.80612742
 31
0.0
  0
LINE
  5
92F
330
1F
100
AcDbEntity
  8
BOTTOM
100
AcDbLine
 10
7.998396499999999
 20
0.80612742
 30
0.0
 11
8.149798279999999
 21
0.54389528
 31
0.0
  0
LINE
  5
930
330
1F
100
AcDbEntity
  8
BOTTOM
100
AcDbLine
 10
8.149798279999999
 20
0.54389528
 30
0.0
 11
8.18782716
 21
0.5058663999999999
 31
0.0
  0
LINE
  5
931
330
1F
100
AcDbEntity
  8
BOTTOM
100
AcDbLine
 10
8.18782716
 20
0.5058663999999999
 30
0.0
 11
8.104985059999999
 21
0.3058642599999999
 31
0.0
  0
LINE
  5
932
330
1F
100
AcDbEntity
  8
BOTTOM
100
AcDbLine
 10
8.104985059999999
 20
0.3058642599999999
 30
0.0
 11
4.5000164
 21
0.3058642599999999
 31
0.0
  0
LINE
  5
933
330
1F
100
AcDbEntity
  8
BOTTOM
100
AcDbLine
 10
4.5000164
 20
0.3058642599999999
 30
0.0
 11
4.22511982
 21
0.3058668
 31
0.0
  0
LINE
  5
934
330
1F
100
AcDbEntity
  8
BOTTOM
100
AcDbLine
 10
4.22511982
 20
0.3058668
 30
0.0
 11
3.68002058
 21
0.37762942
 31
0.0
  0
LINE
  5
935
330
1F
100
AcDbEntity
  8
BOTTOM
100
AcDbLine
 10
3.68002058
 20
0.37762942
 30
0.0
 11
3.1489523
 21
0.51992784
 31
0.0
  0
LINE
  5
936
330
1F
100
AcDbEntity
  8
BOTTOM
100
AcDbLine
 10
3.1489523
 20
0.51992784
 30
0.0
 11
2.64101072
 21
0.7303261999999999
 31
0.0
  0
LINE
  5
937
330
1F
100
AcDbEntity
  8
BOTTOM
100
AcDbLine
 10
2.64101072
 20
0.7303261999999999
 30
0.0
 11
2.16488772
 21
1.00521516
 31
0.0
  0
LINE
  5
938
330
1F
100
AcDbEntity
  8
BOTTOM
100
AcDbLine
 10
2.16488772
 20
1.00521516
 30
0.0
 11
1.72870368
 21
1.33990842
 31
0.0
  0
LINE
  5
939
330
1F
100
AcDbEntity
  8
BOTTOM
100
AcDbLine
 10
1.72870368
 20
1.33990842
 30
0.0
 11
1.33992112
 21
1.72869098
 31
0.0
  0
LINE
  5
93A
330
1F
100
AcDbEntity
  8
BOTTOM
100
AcDbLine
 10
1.33992112
 20
1.72869098
 30
0.0
 11
1.00523294
 21
2.16486486
 31
0.0
  0
LINE
  5
93B
330
1F
100
AcDbEntity
  8
BOTTOM
100
AcDbLine
 10
1.00523294
 20
2.16486486
 30
0.0
 11
0.7303389
 21
2.64099802
 31
0.0
  0
LINE
  5
93C
330
1F
100
AcDbEntity
  8
BOTTOM
100
AcDbLine
 10
0.7303389
 20
2.64099802
 30
0.0
 11
0.51994054
 21
3.1489396
 31
0.0
  0
LINE
  5
93D
330
1F
100
AcDbEntity
  8
BOTTOM
100
AcDbLine
 10
0.51994054
 20
3.1489396
 30
0.0
 11
0.37764212
 21
3.68001296
 31
0.0
  0
LINE
  5
93E
330
1F
100
AcDbEntity
  8
BOTTOM
100
AcDbLine
 10
0.37764212
 20
3.68001296
 30
0.0
 11
0.3058795
 21
4.22510458
 31
0.0
  0
LINE
  5
93F
330
1F
100
AcDbEntity
  8
BOTTOM
100
AcDbLine
 10
0.3058795
 20
4.22510458
 30
0.0
 11
0.3058795
 21
4.50000116
 31
0.0
  0
LINE
  5
940
330
1F
100
AcDbEntity
  8
BOTTOM
100
AcDbLine
 10
0.3058795
 20
4.50000116
 30
0.0
 11
0.30587696
 21
20.86002178
 31
0.0
  0
LINE
  5
941
330
1F
100
AcDbEntity
  8
BOTTOM
100
AcDbLine
 10
0.30587696
 20
20.86002178
 30
0.0
 11
0.30587696
 21
21.13491582
 31
0.0
  0
LINE
  5
942
330
1F
100
AcDbEntity
  8
BOTTOM
100
AcDbLine
 10
0.30587696
 20
21.13491582
 30
0.0
 11
0.37763958
 21
21.68002014
 31
0.0
  0
LINE
  5
943
330
1F
100
AcDbEntity
  8
BOTTOM
100
AcDbLine
 10
0.37763958
 20
21.68002014
 30
0.0
 11
0.5199379999999999
 21
22.21107572
 31
0.0
  0
LINE
  5
944
330
1F
100
AcDbEntity
  8
BOTTOM
100
AcDbLine
 10
0.5199379999999999
 20
22.21107572
 30
0.0
 11
0.7303389
 21
22.71901984
 31
0.0
  0
LINE
  5
945
330
1F
100
AcDbEntity
  8
BOTTOM
100
AcDbLine
 10
0.7303389
 20
22.71901984
 30
0.0
 11
1.00522786
 21
23.19514284
 31
0.0
  0
LINE
  5
946
330
1F
100
AcDbEntity
  8
BOTTOM
100
AcDbLine
 10
1.00522786
 20
23.19514284
 30
0.0
 11
1.33992112
 21
23.63132688
 31
0.0
  0
LINE
  5
947
330
1F
100
AcDbEntity
  8
BOTTOM
100
AcDbLine
 10
1.33992112
 20
23.63132688
 30
0.0
 11
1.72869352
 21
24.02009928
 31
0.0
  0
LINE
  5
948
330
1F
100
AcDbEntity
  8
BOTTOM
100
AcDbLine
 10
1.72869352
 20
24.02009928
 30
0.0
 11
2.16487756
 21
24.35479508
 31
0.0
  0
LINE
  5
949
330
1F
100
AcDbEntity
  8
BOTTOM
100
AcDbLine
 10
2.16487756
 20
24.35479508
 30
0.0
 11
2.64101072
 21
24.62968912
 31
0.0
  0
LINE
  5
94A
330
1F
100
AcDbEntity
  8
BOTTOM
100
AcDbLine
 10
2.64101072
 20
24.62968912
 30
0.0
 11
3.14894722
 21
24.84008494
 31
0.0
  0
LINE
  5
94B
330
1F
100
AcDbEntity
  8
BOTTOM
100
AcDbLine
 10
3.14894722
 20
24.84008494
 30
0.0
 11
3.68002312
 21
24.98238336
 31
0.0
  0
LINE
  5
94C
330
1F
100
AcDbEntity
  8
BOTTOM
100
AcDbLine
 10
3.68002312
 20
24.98238336
 30
0.0
 11
4.22511982
 21
25.05414852
 31
0.0
  0
LINE
  5
94D
330
1F
100
AcDbEntity
  8
BOTTOM
100
AcDbLine
 10
4.22511982
 20
25.05414852
 30
0.0
 11
4.50001132
 21
25.05414598
 31
0.0
  0
LINE
  5
94E
330
1F
100
AcDbEntity
  8
BOTTOM
100
AcDbLine
 10
4.50001132
 20
25.05414598
 30
0.0
 11
15.79003446
 21
25.05415106
 31
0.0
  0
LINE
  5
94F
330
1F
100
AcDbEntity
  8
BOTTOM
100
AcDbLine
 10
15.79003446
 20
25.05415106
 30
0.0
 11
15.87287656
 21
24.85414892
 31
0.0
  0
LINE
  5
950
330
1F
100
AcDbEntity
  8
BOTTOM
100
AcDbLine
 10
15.87287656
 20
24.85414892
 30
0.0
 11
15.8066105
 21
24.78788286
 31
0.0
  0
LINE
  5
951
330
1F
100
AcDbEntity
  8
BOTTOM
100
AcDbLine
 10
15.8066105
 20
24.78788286
 30
0.0
 11
15.66126662
 21
24.53613838
 31
0.0
  0
LINE
  5
952
330
1F
100
AcDbEntity
  8
BOTTOM
100
AcDbLine
 10
15.66126662
 20
24.53613838
 30
0.0
 11
15.58603182
 21
24.25535408
 31
0.0
  0
LINE
  5
953
330
1F
100
AcDbEntity
  8
BOTTOM
100
AcDbLine
 10
15.58603182
 20
24.25535408
 30
0.0
 11
15.58603182
 21
24.21001
 31
0.0
  0
LINE
  5
954
330
1F
100
AcDbEntity
  8
BOTTOM
100
AcDbLine
 10
15.58603182
 20
24.21001
 30
0.0
 11
17.79402842
 21
24.21001
 31
0.0
  0
LINE
  5
955
330
1F
100
AcDbEntity
  8
BOTTOM
100
AcDbLine
 10
17.79402842
 20
24.21001
 30
0.0
 11
17.79402842
 21
24.25535408
 31
0.0
  0
LINE
  5
956
330
1F
100
AcDbEntity
  8
BOTTOM
100
AcDbLine
 10
17.79402842
 20
24.25535408
 30
0.0
 11
17.71879362
 21
24.53613838
 31
0.0
  0
LINE
  5
957
330
1F
100
AcDbEntity
  8
BOTTOM
100
AcDbLine
 10
17.71879362
 20
24.53613838
 30
0.0
 11
17.57344974
 21
24.78788286
 31
0.0
  0
LINE
  5
958
330
1F
100
AcDbEntity
  8
BOTTOM
100
AcDbLine
 10
17.57344974
 20
24.78788286
 30
0.0
 11
17.50718114
 21
24.85415146
 31
0.0
  0
LINE
  5
959
330
1F
100
AcDbEntity
  8
BOTTOM
100
AcDbLine
 10
17.50718114
 20
24.85415146
 30
0.0
 11
17.59002578
 21
25.05415106
 31
0.0
  0
LINE
  5
95A
330
1F
100
AcDbEntity
  8
BOTTOM
100
AcDbLine
 10
17.59002578
 20
25.05415106
 30
0.0
 11
18.26498506
 21
25.05415106
 31
0.0
  0
LINE
  5
95B
330
1F
100
AcDbEntity
  8
BOTTOM
100
AcDbLine
 10
18.26498506
 20
25.05415106
 30
0.0
 11
18.3478297
 21
24.85415146
 31
0.0
  0
LINE
  5
95C
330
1F
100
AcDbEntity
  8
BOTTOM
100
AcDbLine
 10
18.3478297
 20
24.85415146
 30
0.0
 11
18.30980336
 21
24.81612512
 31
0.0
  0
LINE
  5
95D
330
1F
100
AcDbEntity
  8
BOTTOM
100
AcDbLine
 10
18.30980336
 20
24.81612512
 30
0.0
 11
18.15840158
 21
24.55389298
 31
0.0
  0
LINE
  5
95E
330
1F
100
AcDbEntity
  8
BOTTOM
100
AcDbLine
 10
18.15840158
 20
24.55389298
 30
0.0
 11
18.08003242
 21
24.26140944
 31
0.0
  0
LINE
  5
95F
330
1F
100
AcDbEntity
  8
BOTTOM
100
AcDbLine
 10
18.08003242
 20
24.26140944
 30
0.0
 11
18.08003242
 21
23.95861096
 31
0.0
  0
LINE
  5
960
330
1F
100
AcDbEntity
  8
BOTTOM
100
AcDbLine
 10
18.08003242
 20
23.95861096
 30
0.0
 11
18.15840158
 21
23.66612742
 31
0.0
  0
LINE
  5
961
330
1F
100
AcDbEntity
  8
BOTTOM
100
AcDbLine
 10
18.15840158
 20
23.66612742
 30
0.0
 11
18.30980336
 21
23.40389528
 31
0.0
  0
LINE
  5
962
330
1F
100
AcDbEntity
  8
BOTTOM
100
AcDbLine
 10
18.30980336
 20
23.40389528
 30
0.0
 11
18.5239152
 21
23.18978344
 31
0.0
  0
LINE
  5
963
330
1F
100
AcDbEntity
  8
BOTTOM
100
AcDbLine
 10
18.5239152
 20
23.18978344
 30
0.0
 11
18.78614734
 21
23.03838166
 31
0.0
  0
LINE
  5
964
330
1F
100
AcDbEntity
  8
BOTTOM
100
AcDbLine
 10
18.78614734
 20
23.03838166
 30
0.0
 11
19.07863088
 21
22.9600125
 31
0.0
  0
LINE
  5
965
330
1F
100
AcDbEntity
  8
BOTTOM
100
AcDbLine
 10
19.07863088
 20
22.9600125
 30
0.0
 11
19.38142936
 21
22.9600125
 31
0.0
  0
LINE
  5
966
330
1F
100
AcDbEntity
  8
BOTTOM
100
AcDbLine
 10
19.38142936
 20
22.9600125
 30
0.0
 11
19.6739129
 21
23.03838166
 31
0.0
  0
LINE
  5
967
330
1F
100
AcDbEntity
  8
BOTTOM
100
AcDbLine
 10
19.6739129
 20
23.03838166
 30
0.0
 11
19.93614504
 21
23.18978344
 31
0.0
  0
LINE
  5
968
330
1F
100
AcDbEntity
  8
BOTTOM
100
AcDbLine
 10
19.93614504
 20
23.18978344
 30
0.0
 11
20.15025688
 21
23.40389528
 31
0.0
  0
LINE
  5
969
330
1F
100
AcDbEntity
  8
BOTTOM
100
AcDbLine
 10
20.15025688
 20
23.40389528
 30
0.0
 11
20.30165866
 21
23.66612742
 31
0.0
  0
LINE
  5
96A
330
1F
100
AcDbEntity
  8
BOTTOM
100
AcDbLine
 10
20.30165866
 20
23.66612742
 30
0.0
 11
20.38002782
 21
23.95861096
 31
0.0
  0
LINE
  5
96B
330
1F
100
AcDbEntity
  8
BOTTOM
100
AcDbLine
 10
20.38002782
 20
23.95861096
 30
0.0
 11
20.38002782
 21
24.26140944
 31
0.0
  0
LINE
  5
96C
330
1F
100
AcDbEntity
  8
BOTTOM
100
AcDbLine
 10
20.38002782
 20
24.26140944
 30
0.0
 11
20.30165866
 21
24.55389298
 31
0.0
  0
LINE
  5
96D
330
1F
100
AcDbEntity
  8
BOTTOM
100
AcDbLine
 10
20.30165866
 20
24.55389298
 30
0.0
 11
20.15025688
 21
24.81612512
 31
0.0
  0
LINE
  5
96E
330
1F
100
AcDbEntity
  8
BOTTOM
100
AcDbLine
 10
20.15025688
 20
24.81612512
 30
0.0
 11
20.11223054
 21
24.85415146
 31
0.0
  0
LINE
  5
96F
330
1F
100
AcDbEntity
  8
BOTTOM
100
AcDbLine
 10
20.11223054
 20
24.85415146
 30
0.0
 11
20.19507264
 21
25.05415106
 31
0.0
  0
LINE
  5
970
330
1F
100
AcDbEntity
  8
BOTTOM
100
AcDbLine
 10
20.19507264
 20
25.05415106
 30
0.0
 11
20.8049876
 21
25.0541536
 31
0.0
  0
LINE
  5
971
330
1F
100
AcDbEntity
  8
BOTTOM
100
AcDbLine
 10
17.79402842
 20
23.96466632
 30
0.0
 11
17.79402842
 21
24.0100104
 31
0.0
  0
LINE
  5
972
330
1F
100
AcDbEntity
  8
BOTTOM
100
AcDbLine
 10
17.79402842
 20
24.0100104
 30
0.0
 11
16.79002992
 21
24.0100104
 31
0.0
  0
LINE
  5
973
330
1F
100
AcDbEntity
  8
BOTTOM
100
AcDbLine
 10
16.79002992
 20
24.0100104
 30
0.0
 11
16.79002992
 21
23.0060119
 31
0.0
  0
LINE
  5
974
330
1F
100
AcDbEntity
  8
BOTTOM
100
AcDbLine
 10
16.79002992
 20
23.0060119
 30
0.0
 11
16.835374
 21
23.0060119
 31
0.0
  0
LINE
  5
975
330
1F
100
AcDbEntity
  8
BOTTOM
100
AcDbLine
 10
16.835374
 20
23.0060119
 30
0.0
 11
17.1161583
 21
23.0812467
 31
0.0
  0
LINE
  5
976
330
1F
100
AcDbEntity
  8
BOTTOM
100
AcDbLine
 10
17.1161583
 20
23.0812467
 30
0.0
 11
17.36790278
 21
23.22659058
 31
0.0
  0
LINE
  5
977
330
1F
100
AcDbEntity
  8
BOTTOM
100
AcDbLine
 10
17.36790278
 20
23.22659058
 30
0.0
 11
17.57344974
 21
23.43213754
 31
0.0
  0
LINE
  5
978
330
1F
100
AcDbEntity
  8
BOTTOM
100
AcDbLine
 10
17.57344974
 20
23.43213754
 30
0.0
 11
17.71879362
 21
23.68388202
 31
0.0
  0
LINE
  5
979
330
1F
100
AcDbEntity
  8
BOTTOM
100
AcDbLine
 10
17.71879362
 20
23.68388202
 30
0.0
 11
17.79402842
 21
23.96466632
 31
0.0
  0
LINE
  5
97A
330
1F
100
AcDbEntity
  8
BOTTOM
100
AcDbLine
 10
16.59003032
 20
23.0060119
 30
0.0
 11
16.59003032
 21
24.0100104
 31
0.0
  0
LINE
  5
97B
330
1F
100
AcDbEntity
  8
BOTTOM
100
AcDbLine
 10
16.59003032
 20
24.0100104
 30
0.0
 11
15.58603182
 21
24.0100104
 31
0.0
  0
LINE
  5
97C
330
1F
100
AcDbEntity
  8
BOTTOM
100
AcDbLine
 10
15.58603182
 20
24.0100104
 30
0.0
 11
15.58603182
 21
23.96466632
 31
0.0
  0
LINE
  5
97D
330
1F
100
AcDbEntity
  8
BOTTOM
100
AcDbLine
 10
15.58603182
 20
23.96466632
 30
0.0
 11
15.66126662
 21
23.68388202
 31
0.0
  0
LINE
  5
97E
330
1F
100
AcDbEntity
  8
BOTTOM
100
AcDbLine
 10
15.66126662
 20
23.68388202
 30
0.0
 11
15.8066105
 21
23.43213754
 31
0.0
  0
LINE
  5
97F
330
1F
100
AcDbEntity
  8
BOTTOM
100
AcDbLine
 10
15.8066105
 20
23.43213754
 30
0.0
 11
16.01215746
 21
23.22659058
 31
0.0
  0
LINE
  5
980
330
1F
100
AcDbEntity
  8
BOTTOM
100
AcDbLine
 10
16.01215746
 20
23.22659058
 30
0.0
 11
16.26390194
 21
23.0812467
 31
0.0
  0
LINE
  5
981
330
1F
100
AcDbEntity
  8
BOTTOM
100
AcDbLine
 10
16.26390194
 20
23.0812467
 30
0.0
 11
16.54468624
 21
23.0060119
 31
0.0
  0
LINE
  5
982
330
1F
100
AcDbEntity
  8
BOTTOM
100
AcDbLine
 10
16.54468624
 20
23.0060119
 30
0.0
 11
16.59003032
 21
23.0060119
 31
0.0
  0
LINE
  5
983
330
1F
100
AcDbEntity
  8
BOTTOM
100
AcDbLine
 10
4.982537659999999
 20
23.72654132
 30
0.0
 11
4.500013859999999
 21
23.76451686
 31
0.0
  0
LINE
  5
984
330
1F
100
AcDbEntity
  8
BOTTOM
100
AcDbLine
 10
4.500013859999999
 20
23.76451686
 30
0.0
 11
4.01749006
 21
23.72654132
 31
0.0
  0
LINE
  5
985
330
1F
100
AcDbEntity
  8
BOTTOM
100
AcDbLine
 10
4.01749006
 20
23.72654132
 30
0.0
 11
3.54684838
 21
23.61354942
 31
0.0
  0
LINE
  5
986
330
1F
100
AcDbEntity
  8
BOTTOM
100
AcDbLine
 10
3.54684838
 20
23.61354942
 30
0.0
 11
3.0996763
 21
23.428325
 31
0.0
  0
LINE
  5
987
330
1F
100
AcDbEntity
  8
BOTTOM
100
AcDbLine
 10
3.0996763
 20
23.428325
 30
0.0
 11
2.68698472
 21
23.17542736
 31
0.0
  0
LINE
  5
988
330
1F
100
AcDbEntity
  8
BOTTOM
100
AcDbLine
 10
2.68698472
 20
23.17542736
 30
0.0
 11
2.31893872
 21
22.86108458
 31
0.0
  0
LINE
  5
989
330
1F
100
AcDbEntity
  8
BOTTOM
100
AcDbLine
 10
2.31893872
 20
22.86108458
 30
0.0
 11
2.00459594
 21
22.49303858
 31
0.0
  0
LINE
  5
98A
330
1F
100
AcDbEntity
  8
BOTTOM
100
AcDbLine
 10
2.00459594
 20
22.49303858
 30
0.0
 11
1.7516983
 21
22.080347
 31
0.0
  0
LINE
  5
98B
330
1F
100
AcDbEntity
  8
BOTTOM
100
AcDbLine
 10
1.7516983
 20
22.080347
 30
0.0
 11
1.56647388
 21
21.63317492
 31
0.0
  0
LINE
  5
98C
330
1F
100
AcDbEntity
  8
BOTTOM
100
AcDbLine
 10
1.56647388
 20
21.63317492
 30
0.0
 11
1.45348198
 21
21.16253324
 31
0.0
  0
LINE
  5
98D
330
1F
100
AcDbEntity
  8
BOTTOM
100
AcDbLine
 10
1.45348198
 20
21.16253324
 30
0.0
 11
1.41550644
 21
20.68000944
 31
0.0
  0
LINE
  5
98E
330
1F
100
AcDbEntity
  8
BOTTOM
100
AcDbLine
 10
1.41550644
 20
20.68000944
 30
0.0
 11
1.45348198
 21
20.19748564
 31
0.0
  0
LINE
  5
98F
330
1F
100
AcDbEntity
  8
BOTTOM
100
AcDbLine
 10
1.45348198
 20
20.19748564
 30
0.0
 11
1.56647388
 21
19.72684396
 31
0.0
  0
LINE
  5
990
330
1F
100
AcDbEntity
  8
BOTTOM
100
AcDbLine
 10
1.56647388
 20
19.72684396
 30
0.0
 11
1.7516983
 21
19.27967188
 31
0.0
  0
LINE
  5
991
330
1F
100
AcDbEntity
  8
BOTTOM
100
AcDbLine
 10
1.7516983
 20
19.27967188
 30
0.0
 11
2.00459594
 21
18.8669803
 31
0.0
  0
LINE
  5
992
330
1F
100
AcDbEntity
  8
BOTTOM
100
AcDbLine
 10
2.00459594
 20
18.8669803
 30
0.0
 11
2.31893872
 21
18.4989343
 31
0.0
  0
LINE
  5
993
330
1F
100
AcDbEntity
  8
BOTTOM
100
AcDbLine
 10
2.31893872
 20
18.4989343
 30
0.0
 11
2.68698472
 21
18.18459152
 31
0.0
  0
LINE
  5
994
330
1F
100
AcDbEntity
  8
BOTTOM
100
AcDbLine
 10
2.68698472
 20
18.18459152
 30
0.0
 11
3.0996763
 21
17.93169388
 31
0.0
  0
LINE
  5
995
330
1F
100
AcDbEntity
  8
BOTTOM
100
AcDbLine
 10
3.0996763
 20
17.93169388
 30
0.0
 11
3.54684838
 21
17.74646946
 31
0.0
  0
LINE
  5
996
330
1F
100
AcDbEntity
  8
BOTTOM
100
AcDbLine
 10
3.54684838
 20
17.74646946
 30
0.0
 11
4.01749006
 21
17.63347756
 31
0.0
  0
LINE
  5
997
330
1F
100
AcDbEntity
  8
BOTTOM
100
AcDbLine
 10
4.01749006
 20
17.63347756
 30
0.0
 11
4.500013859999999
 21
17.59550202
 31
0.0
  0
LINE
  5
998
330
1F
100
AcDbEntity
  8
BOTTOM
100
AcDbLine
 10
4.500013859999999
 20
17.59550202
 30
0.0
 11
4.982537659999999
 21
17.63347756
 31
0.0
  0
LINE
  5
999
330
1F
100
AcDbEntity
  8
BOTTOM
100
AcDbLine
 10
4.982537659999999
 20
17.63347756
 30
0.0
 11
5.453179339999999
 21
17.74646946
 31
0.0
  0
LINE
  5
99A
330
1F
100
AcDbEntity
  8
BOTTOM
100
AcDbLine
 10
5.453179339999999
 20
17.74646946
 30
0.0
 11
5.90035142
 21
17.93169388
 31
0.0
  0
LINE
  5
99B
330
1F
100
AcDbEntity
  8
BOTTOM
100
AcDbLine
 10
5.90035142
 20
17.93169388
 30
0.0
 11
6.313043
 21
18.18459152
 31
0.0
  0
LINE
  5
99C
330
1F
100
AcDbEntity
  8
BOTTOM
100
AcDbLine
 10
6.313043
 20
18.18459152
 30
0.0
 11
6.681089
 21
18.4989343
 31
0.0
  0
LINE
  5
99D
330
1F
100
AcDbEntity
  8
BOTTOM
100
AcDbLine
 10
6.681089
 20
18.4989343
 30
0.0
 11
6.99543178
 21
18.8669803
 31
0.0
  0
LINE
  5
99E
330
1F
100
AcDbEntity
  8
BOTTOM
100
AcDbLine
 10
6.99543178
 20
18.8669803
 30
0.0
 11
7.248329419999999
 21
19.27967188
 31
0.0
  0
LINE
  5
99F
330
1F
100
AcDbEntity
  8
BOTTOM
100
AcDbLine
 10
7.248329419999999
 20
19.27967188
 30
0.0
 11
7.43355384
 21
19.72684396
 31
0.0
  0
LINE
  5
9A0
330
1F
100
AcDbEntity
  8
BOTTOM
100
AcDbLine
 10
7.43355384
 20
19.72684396
 30
0.0
 11
7.546545739999999
 21
20.19748564
 31
0.0
  0
LINE
  5
9A1
330
1F
100
AcDbEntity
  8
BOTTOM
100
AcDbLine
 10
7.546545739999999
 20
20.19748564
 30
0.0
 11
7.58452128
 21
20.68000944
 31
0.0
  0
LINE
  5
9A2
330
1F
100
AcDbEntity
  8
BOTTOM
100
AcDbLine
 10
7.58452128
 20
20.68000944
 30
0.0
 11
7.546545739999999
 21
21.16253324
 31
0.0
  0
LINE
  5
9A3
330
1F
100
AcDbEntity
  8
BOTTOM
100
AcDbLine
 10
7.546545739999999
 20
21.16253324
 30
0.0
 11
7.43355384
 21
21.63317492
 31
0.0
  0
LINE
  5
9A4
330
1F
100
AcDbEntity
  8
BOTTOM
100
AcDbLine
 10
7.43355384
 20
21.63317492
 30
0.0
 11
7.248329419999999
 21
22.080347
 31
0.0
  0
LINE
  5
9A5
330
1F
100
AcDbEntity
  8
BOTTOM
100
AcDbLine
 10
7.248329419999999
 20
22.080347
 30
0.0
 11
6.99543178
 21
22.49303858
 31
0.0
  0
LINE
  5
9A6
330
1F
100
AcDbEntity
  8
BOTTOM
100
AcDbLine
 10
6.99543178
 20
22.49303858
 30
0.0
 11
6.681089
 21
22.86108458
 31
0.0
  0
LINE
  5
9A7
330
1F
100
AcDbEntity
  8
BOTTOM
100
AcDbLine
 10
6.681089
 20
22.86108458
 30
0.0
 11
6.313043
 21
23.17542736
 31
0.0
  0
LINE
  5
9A8
330
1F
100
AcDbEntity
  8
BOTTOM
100
AcDbLine
 10
6.313043
 20
23.17542736
 30
0.0
 11
5.90035142
 21
23.428325
 31
0.0
  0
LINE
  5
9A9
330
1F
100
AcDbEntity
  8
BOTTOM
100
AcDbLine
 10
5.90035142
 20
23.428325
 30
0.0
 11
5.453179339999999
 21
23.61354942
 31
0.0
  0
LINE
  5
9AA
330
1F
100
AcDbEntity
  8
BOTTOM
100
AcDbLine
 10
5.453179339999999
 20
23.61354942
 30
0.0
 11
4.982537659999999
 21
23.72654132
 31
0.0
  0
LINE
  5
9AB
330
1F
100
AcDbEntity
  8
BOTTOM
100
AcDbLine
 10
5.808812359999999
 20
17.23549004
 30
0.0
 11
5.605345659999999
 21
17.2900086
 31
0.0
  0
LINE
  5
9AC
330
1F
100
AcDbEntity
  8
BOTTOM
100
AcDbLine
 10
5.605345659999999
 20
17.2900086
 30
0.0
 11
5.39470346
 21
17.2900086
 31
0.0
  0
LINE
  5
9AD
330
1F
100
AcDbEntity
  8
BOTTOM
100
AcDbLine
 10
5.39470346
 20
17.2900086
 30
0.0
 11
5.19123676
 21
17.23549004
 31
0.0
  0
LINE
  5
9AE
330
1F
100
AcDbEntity
  8
BOTTOM
100
AcDbLine
 10
5.19123676
 20
17.23549004
 30
0.0
 11
5.008813959999999
 21
17.13016894
 31
0.0
  0
LINE
  5
9AF
330
1F
100
AcDbEntity
  8
BOTTOM
100
AcDbLine
 10
5.008813959999999
 20
17.13016894
 30
0.0
 11
4.85986582
 21
16.9812208
 31
0.0
  0
LINE
  5
9B0
330
1F
100
AcDbEntity
  8
BOTTOM
100
AcDbLine
 10
4.85986582
 20
16.9812208
 30
0.0
 11
4.754544719999999
 21
16.798798
 31
0.0
  0
LINE
  5
9B1
330
1F
100
AcDbEntity
  8
BOTTOM
100
AcDbLine
 10
4.754544719999999
 20
16.798798
 30
0.0
 11
4.700026159999999
 21
16.5953313
 31
0.0
  0
LINE
  5
9B2
330
1F
100
AcDbEntity
  8
BOTTOM
100
AcDbLine
 10
4.700026159999999
 20
16.5953313
 30
0.0
 11
4.700026159999999
 21
16.3846891
 31
0.0
  0
LINE
  5
9B3
330
1F
100
AcDbEntity
  8
BOTTOM
100
AcDbLine
 10
4.700026159999999
 20
16.3846891
 30
0.0
 11
4.70690194
 21
16.35903256
 31
0.0
  0
LINE
  5
9B4
330
1F
100
AcDbEntity
  8
BOTTOM
100
AcDbLine
 10
4.70690194
 20
16.35903256
 30
0.0
 11
4.527585559999999
 21
16.2555047
 31
0.0
  0
LINE
  5
9B5
330
1F
100
AcDbEntity
  8
BOTTOM
100
AcDbLine
 10
4.527585559999999
 20
16.2555047
 30
0.0
 11
4.30002442
 21
16.48306584
 31
0.0
  0
LINE
  5
9B6
330
1F
100
AcDbEntity
  8
BOTTOM
100
AcDbLine
 10
4.30002442
 20
16.48306584
 30
0.0
 11
4.30002442
 21
16.5953313
 31
0.0
  0
LINE
  5
9B7
330
1F
100
AcDbEntity
  8
BOTTOM
100
AcDbLine
 10
4.30002442
 20
16.5953313
 30
0.0
 11
4.24550586
 21
16.798798
 31
0.0
  0
LINE
  5
9B8
330
1F
100
AcDbEntity
  8
BOTTOM
100
AcDbLine
 10
4.24550586
 20
16.798798
 30
0.0
 11
4.140184759999999
 21
16.9812208
 31
0.0
  0
LINE
  5
9B9
330
1F
100
AcDbEntity
  8
BOTTOM
100
AcDbLine
 10
4.140184759999999
 20
16.9812208
 30
0.0
 11
3.99123662
 21
17.13016894
 31
0.0
  0
LINE
  5
9BA
330
1F
100
AcDbEntity
  8
BOTTOM
100
AcDbLine
 10
3.99123662
 20
17.13016894
 30
0.0
 11
3.80881382
 21
17.23549004
 31
0.0
  0
LINE
  5
9BB
330
1F
100
AcDbEntity
  8
BOTTOM
100
AcDbLine
 10
3.80881382
 20
17.23549004
 30
0.0
 11
3.60534712
 21
17.2900086
 31
0.0
  0
LINE
  5
9BC
330
1F
100
AcDbEntity
  8
BOTTOM
100
AcDbLine
 10
3.60534712
 20
17.2900086
 30
0.0
 11
3.39470492
 21
17.2900086
 31
0.0
  0
LINE
  5
9BD
330
1F
100
AcDbEntity
  8
BOTTOM
100
AcDbLine
 10
3.39470492
 20
17.2900086
 30
0.0
 11
3.19123822
 21
17.23549004
 31
0.0
  0
LINE
  5
9BE
330
1F
100
AcDbEntity
  8
BOTTOM
100
AcDbLine
 10
3.19123822
 20
17.23549004
 30
0.0
 11
3.00881542
 21
17.13016894
 31
0.0
  0
LINE
  5
9BF
330
1F
100
AcDbEntity
  8
BOTTOM
100
AcDbLine
 10
3.00881542
 20
17.13016894
 30
0.0
 11
2.85986728
 21
16.9812208
 31
0.0
  0
LINE
  5
9C0
330
1F
100
AcDbEntity
  8
BOTTOM
100
AcDbLine
 10
2.85986728
 20
16.9812208
 30
0.0
 11
2.75454618
 21
16.798798
 31
0.0
  0
LINE
  5
9C1
330
1F
100
AcDbEntity
  8
BOTTOM
100
AcDbLine
 10
2.75454618
 20
16.798798
 30
0.0
 11
2.70002762
 21
16.5953313
 31
0.0
  0
LINE
  5
9C2
330
1F
100
AcDbEntity
  8
BOTTOM
100
AcDbLine
 10
2.70002762
 20
16.5953313
 30
0.0
 11
2.70002762
 21
16.3846891
 31
0.0
  0
LINE
  5
9C3
330
1F
100
AcDbEntity
  8
BOTTOM
100
AcDbLine
 10
2.70002762
 20
16.3846891
 30
0.0
 11
2.75454618
 21
16.1812224
 31
0.0
  0
LINE
  5
9C4
330
1F
100
AcDbEntity
  8
BOTTOM
100
AcDbLine
 10
2.75454618
 20
16.1812224
 30
0.0
 11
2.85986728
 21
15.9987996
 31
0.0
  0
LINE
  5
9C5
330
1F
100
AcDbEntity
  8
BOTTOM
100
AcDbLine
 10
2.85986728
 20
15.9987996
 30
0.0
 11
3.00881542
 21
15.84985146
 31
0.0
  0
LINE
  5
9C6
330
1F
100
AcDbEntity
  8
BOTTOM
100
AcDbLine
 10
3.00881542
 20
15.84985146
 30
0.0
 11
3.19123822
 21
15.74453036
 31
0.0
  0
LINE
  5
9C7
330
1F
100
AcDbEntity
  8
BOTTOM
100
AcDbLine
 10
3.19123822
 20
15.74453036
 30
0.0
 11
3.39470492
 21
15.6900118
 31
0.0
  0
LINE
  5
9C8
330
1F
100
AcDbEntity
  8
BOTTOM
100
AcDbLine
 10
3.39470492
 20
15.6900118
 30
0.0
 11
3.506970379999999
 21
15.6900118
 31
0.0
  0
LINE
  5
9C9
330
1F
100
AcDbEntity
  8
BOTTOM
100
AcDbLine
 10
3.506970379999999
 20
15.6900118
 30
0.0
 11
4.46349882
 21
14.73348336
 31
0.0
  0
LINE
  5
9CA
330
1F
100
AcDbEntity
  8
BOTTOM
100
AcDbLine
 10
4.46349882
 20
14.73348336
 30
0.0
 11
4.64542886
 21
14.6119215
 31
0.0
  0
LINE
  5
9CB
330
1F
100
AcDbEntity
  8
BOTTOM
100
AcDbLine
 10
4.64542886
 20
14.6119215
 30
0.0
 11
4.73075254
 21
14.59494922
 31
0.0
  0
LINE
  5
9CC
330
1F
100
AcDbEntity
  8
BOTTOM
100
AcDbLine
 10
4.73075254
 20
14.59494922
 30
0.0
 11
4.76179642
 21
14.55798714
 31
0.0
  0
LINE
  5
9CD
330
1F
100
AcDbEntity
  8
BOTTOM
100
AcDbLine
 10
4.76179642
 20
14.55798714
 30
0.0
 11
4.82057456
 21
14.37316404
 31
0.0
  0
LINE
  5
9CE
330
1F
100
AcDbEntity
  8
BOTTOM
100
AcDbLine
 10
4.82057456
 20
14.37316404
 30
0.0
 11
4.754544719999999
 21
14.258798
 31
0.0
  0
LINE
  5
9CF
330
1F
100
AcDbEntity
  8
BOTTOM
100
AcDbLine
 10
4.754544719999999
 20
14.258798
 30
0.0
 11
4.700026159999999
 21
14.0553313
 31
0.0
  0
LINE
  5
9D0
330
1F
100
AcDbEntity
  8
BOTTOM
100
AcDbLine
 10
4.700026159999999
 20
14.0553313
 30
0.0
 11
4.700026159999999
 21
13.8446891
 31
0.0
  0
LINE
  5
9D1
330
1F
100
AcDbEntity
  8
BOTTOM
100
AcDbLine
 10
4.700026159999999
 20
13.8446891
 30
0.0
 11
4.754544719999999
 21
13.6412224
 31
0.0
  0
LINE
  5
9D2
330
1F
100
AcDbEntity
  8
BOTTOM
100
AcDbLine
 10
4.754544719999999
 20
13.6412224
 30
0.0
 11
4.85986582
 21
13.4587996
 31
0.0
  0
LINE
  5
9D3
330
1F
100
AcDbEntity
  8
BOTTOM
100
AcDbLine
 10
4.85986582
 20
13.4587996
 30
0.0
 11
5.008813959999999
 21
13.30985146
 31
0.0
  0
LINE
  5
9D4
330
1F
100
AcDbEntity
  8
BOTTOM
100
AcDbLine
 10
5.008813959999999
 20
13.30985146
 30
0.0
 11
5.19123676
 21
13.20453036
 31
0.0
  0
LINE
  5
9D5
330
1F
100
AcDbEntity
  8
BOTTOM
100
AcDbLine
 10
5.19123676
 20
13.20453036
 30
0.0
 11
5.39470346
 21
13.1500118
 31
0.0
  0
LINE
  5
9D6
330
1F
100
AcDbEntity
  8
BOTTOM
100
AcDbLine
 10
5.39470346
 20
13.1500118
 30
0.0
 11
5.605345659999999
 21
13.1500118
 31
0.0
  0
LINE
  5
9D7
330
1F
100
AcDbEntity
  8
BOTTOM
100
AcDbLine
 10
5.605345659999999
 20
13.1500118
 30
0.0
 11
5.808812359999999
 21
13.20453036
 31
0.0
  0
LINE
  5
9D8
330
1F
100
AcDbEntity
  8
BOTTOM
100
AcDbLine
 10
5.808812359999999
 20
13.20453036
 30
0.0
 11
5.99123516
 21
13.30985146
 31
0.0
  0
LINE
  5
9D9
330
1F
100
AcDbEntity
  8
BOTTOM
100
AcDbLine
 10
5.99123516
 20
13.30985146
 30
0.0
 11
6.140183299999999
 21
13.4587996
 31
0.0
  0
LINE
  5
9DA
330
1F
100
AcDbEntity
  8
BOTTOM
100
AcDbLine
 10
6.140183299999999
 20
13.4587996
 30
0.0
 11
6.2455044
 21
13.6412224
 31
0.0
  0
LINE
  5
9DB
330
1F
100
AcDbEntity
  8
BOTTOM
100
AcDbLine
 10
6.2455044
 20
13.6412224
 30
0.0
 11
6.30002296
 21
13.8446891
 31
0.0
  0
LINE
  5
9DC
330
1F
100
AcDbEntity
  8
BOTTOM
100
AcDbLine
 10
6.30002296
 20
13.8446891
 30
0.0
 11
6.30002296
 21
14.0553313
 31
0.0
  0
LINE
  5
9DD
330
1F
100
AcDbEntity
  8
BOTTOM
100
AcDbLine
 10
6.30002296
 20
14.0553313
 30
0.0
 11
6.2455044
 21
14.258798
 31
0.0
  0
LINE
  5
9DE
330
1F
100
AcDbEntity
  8
BOTTOM
100
AcDbLine
 10
6.2455044
 20
14.258798
 30
0.0
 11
6.181290659999999
 21
14.37001952
 31
0.0
  0
LINE
  5
9DF
330
1F
100
AcDbEntity
  8
BOTTOM
100
AcDbLine
 10
6.181290659999999
 20
14.37001952
 30
0.0
 11
6.2758574
 21
14.57001912
 31
0.0
  0
LINE
  5
9E0
330
1F
100
AcDbEntity
  8
BOTTOM
100
AcDbLine
 10
6.2758574
 20
14.57001912
 30
0.0
 11
6.40086604
 21
14.57001912
 31
0.0
  0
LINE
  5
9E1
330
1F
100
AcDbEntity
  8
BOTTOM
100
AcDbLine
 10
6.40086604
 20
14.57001912
 30
0.0
 11
6.61546556
 21
14.61270636
 31
0.0
  0
LINE
  5
9E2
330
1F
100
AcDbEntity
  8
BOTTOM
100
AcDbLine
 10
6.61546556
 20
14.61270636
 30
0.0
 11
6.79739306
 21
14.73426568
 31
0.0
  0
LINE
  5
9E3
330
1F
100
AcDbEntity
  8
BOTTOM
100
AcDbLine
 10
6.79739306
 20
14.73426568
 30
0.0
 11
6.80611796
 21
14.74299058
 31
0.0
  0
LINE
  5
9E4
330
1F
100
AcDbEntity
  8
BOTTOM
100
AcDbLine
 10
6.80611796
 20
14.74299058
 30
0.0
 11
6.947011759999999
 21
14.80134962
 31
0.0
  0
LINE
  5
9E5
330
1F
100
AcDbEntity
  8
BOTTOM
100
AcDbLine
 10
6.947011759999999
 20
14.80134962
 30
0.0
 11
7.115794759999999
 21
14.97013262
 31
0.0
  0
LINE
  5
9E6
330
1F
100
AcDbEntity
  8
BOTTOM
100
AcDbLine
 10
7.115794759999999
 20
14.97013262
 30
0.0
 11
7.207138239999999
 21
15.19065796
 31
0.0
  0
LINE
  5
9E7
330
1F
100
AcDbEntity
  8
BOTTOM
100
AcDbLine
 10
7.207138239999999
 20
15.19065796
 30
0.0
 11
7.207138239999999
 21
15.42935192
 31
0.0
  0
LINE
  5
9E8
330
1F
100
AcDbEntity
  8
BOTTOM
100
AcDbLine
 10
7.207138239999999
 20
15.42935192
 30
0.0
 11
7.115794759999999
 21
15.64987726
 31
0.0
  0
LINE
  5
9E9
330
1F
100
AcDbEntity
  8
BOTTOM
100
AcDbLine
 10
7.115794759999999
 20
15.64987726
 30
0.0
 11
6.947011759999999
 21
15.81866026
 31
0.0
  0
LINE
  5
9EA
330
1F
100
AcDbEntity
  8
BOTTOM
100
AcDbLine
 10
6.947011759999999
 20
15.81866026
 30
0.0
 11
6.72648642
 21
15.91000374
 31
0.0
  0
LINE
  5
9EB
330
1F
100
AcDbEntity
  8
BOTTOM
100
AcDbLine
 10
6.72648642
 20
15.91000374
 30
0.0
 11
6.48779246
 21
15.91000374
 31
0.0
  0
LINE
  5
9EC
330
1F
100
AcDbEntity
  8
BOTTOM
100
AcDbLine
 10
6.48779246
 20
15.91000374
 30
0.0
 11
6.26726712
 21
15.81866026
 31
0.0
  0
LINE
  5
9ED
330
1F
100
AcDbEntity
  8
BOTTOM
100
AcDbLine
 10
6.26726712
 20
15.81866026
 30
0.0
 11
6.26395242
 21
15.81534556
 31
0.0
  0
LINE
  5
9EE
330
1F
100
AcDbEntity
  8
BOTTOM
100
AcDbLine
 10
6.26395242
 20
15.81534556
 30
0.0
 11
6.244521419999999
 21
15.82029348
 31
0.0
  0
LINE
  5
9EF
330
1F
100
AcDbEntity
  8
BOTTOM
100
AcDbLine
 10
6.244521419999999
 20
15.82029348
 30
0.0
 11
6.20493298
 21
15.88802512
 31
0.0
  0
LINE
  5
9F0
330
1F
100
AcDbEntity
  8
BOTTOM
100
AcDbLine
 10
6.20493298
 20
15.88802512
 30
0.0
 11
6.167584819999999
 21
16.0462595
 31
0.0
  0
LINE
  5
9F1
330
1F
100
AcDbEntity
  8
BOTTOM
100
AcDbLine
 10
6.167584819999999
 20
16.0462595
 30
0.0
 11
6.2455044
 21
16.1812224
 31
0.0
  0
LINE
  5
9F2
330
1F
100
AcDbEntity
  8
BOTTOM
100
AcDbLine
 10
6.2455044
 20
16.1812224
 30
0.0
 11
6.30002296
 21
16.3846891
 31
0.0
  0
LINE
  5
9F3
330
1F
100
AcDbEntity
  8
BOTTOM
100
AcDbLine
 10
6.30002296
 20
16.3846891
 30
0.0
 11
6.30002296
 21
16.5953313
 31
0.0
  0
LINE
  5
9F4
330
1F
100
AcDbEntity
  8
BOTTOM
100
AcDbLine
 10
6.30002296
 20
16.5953313
 30
0.0
 11
6.2455044
 21
16.798798
 31
0.0
  0
LINE
  5
9F5
330
1F
100
AcDbEntity
  8
BOTTOM
100
AcDbLine
 10
6.2455044
 20
16.798798
 30
0.0
 11
6.140183299999999
 21
16.9812208
 31
0.0
  0
LINE
  5
9F6
330
1F
100
AcDbEntity
  8
BOTTOM
100
AcDbLine
 10
6.140183299999999
 20
16.9812208
 30
0.0
 11
5.99123516
 21
17.13016894
 31
0.0
  0
LINE
  5
9F7
330
1F
100
AcDbEntity
  8
BOTTOM
100
AcDbLine
 10
5.99123516
 20
17.13016894
 30
0.0
 11
5.808812359999999
 21
17.23549004
 31
0.0
  0
LINE
  5
9F8
330
1F
100
AcDbEntity
  8
BOTTOM
100
AcDbLine
 10
13.11490138
 20
14.83866476
 30
0.0
 11
12.89437604
 21
14.93000824
 31
0.0
  0
LINE
  5
9F9
330
1F
100
AcDbEntity
  8
BOTTOM
100
AcDbLine
 10
12.89437604
 20
14.93000824
 30
0.0
 11
12.65568208
 21
14.93000824
 31
0.0
  0
LINE
  5
9FA
330
1F
100
AcDbEntity
  8
BOTTOM
100
AcDbLine
 10
12.65568208
 20
14.93000824
 30
0.0
 11
12.43515674
 21
14.83866476
 31
0.0
  0
LINE
  5
9FB
330
1F
100
AcDbEntity
  8
BOTTOM
100
AcDbLine
 10
12.43515674
 20
14.83866476
 30
0.0
 11
12.26637374
 21
14.66988176
 31
0.0
  0
LINE
  5
9FC
330
1F
100
AcDbEntity
  8
BOTTOM
100
AcDbLine
 10
12.26637374
 20
14.66988176
 30
0.0
 11
12.17503026
 21
14.44935642
 31
0.0
  0
LINE
  5
9FD
330
1F
100
AcDbEntity
  8
BOTTOM
100
AcDbLine
 10
12.17503026
 20
14.44935642
 30
0.0
 11
12.17503026
 21
14.21066246
 31
0.0
  0
LINE
  5
9FE
330
1F
100
AcDbEntity
  8
BOTTOM
100
AcDbLine
 10
12.17503026
 20
14.21066246
 30
0.0
 11
12.26637374
 21
13.99013712
 31
0.0
  0
LINE
  5
9FF
330
1F
100
AcDbEntity
  8
BOTTOM
100
AcDbLine
 10
12.26637374
 20
13.99013712
 30
0.0
 11
12.43515674
 21
13.82135412
 31
0.0
  0
LINE
  5
A00
330
1F
100
AcDbEntity
  8
BOTTOM
100
AcDbLine
 10
12.43515674
 20
13.82135412
 30
0.0
 11
12.65568208
 21
13.73001064
 31
0.0
  0
LINE
  5
A01
330
1F
100
AcDbEntity
  8
BOTTOM
100
AcDbLine
 10
12.65568208
 20
13.73001064
 30
0.0
 11
12.89437604
 21
13.73001064
 31
0.0
  0
LINE
  5
A02
330
1F
100
AcDbEntity
  8
BOTTOM
100
AcDbLine
 10
12.89437604
 20
13.73001064
 30
0.0
 11
13.11490138
 21
13.82135412
 31
0.0
  0
LINE
  5
A03
330
1F
100
AcDbEntity
  8
BOTTOM
100
AcDbLine
 10
13.11490138
 20
13.82135412
 30
0.0
 11
13.28368438
 21
13.99013712
 31
0.0
  0
LINE
  5
A04
330
1F
100
AcDbEntity
  8
BOTTOM
100
AcDbLine
 10
13.28368438
 20
13.99013712
 30
0.0
 11
13.37502786
 21
14.21066246
 31
0.0
  0
LINE
  5
A05
330
1F
100
AcDbEntity
  8
BOTTOM
100
AcDbLine
 10
13.37502786
 20
14.21066246
 30
0.0
 11
13.37502786
 21
14.44935642
 31
0.0
  0
LINE
  5
A06
330
1F
100
AcDbEntity
  8
BOTTOM
100
AcDbLine
 10
13.37502786
 20
14.44935642
 30
0.0
 11
13.28368438
 21
14.66988176
 31
0.0
  0
LINE
  5
A07
330
1F
100
AcDbEntity
  8
BOTTOM
100
AcDbLine
 10
13.28368438
 20
14.66988176
 30
0.0
 11
13.11490138
 21
14.83866476
 31
0.0
  0
LINE
  5
A08
330
1F
100
AcDbEntity
  8
BOTTOM
100
AcDbLine
 10
5.808812359999999
 20
12.15549004
 30
0.0
 11
5.605345659999999
 21
12.2100086
 31
0.0
  0
LINE
  5
A09
330
1F
100
AcDbEntity
  8
BOTTOM
100
AcDbLine
 10
5.605345659999999
 20
12.2100086
 30
0.0
 11
5.39470346
 21
12.2100086
 31
0.0
  0
LINE
  5
A0A
330
1F
100
AcDbEntity
  8
BOTTOM
100
AcDbLine
 10
5.39470346
 20
12.2100086
 30
0.0
 11
5.19123676
 21
12.15549004
 31
0.0
  0
LINE
  5
A0B
330
1F
100
AcDbEntity
  8
BOTTOM
100
AcDbLine
 10
5.19123676
 20
12.15549004
 30
0.0
 11
5.008813959999999
 21
12.05016894
 31
0.0
  0
LINE
  5
A0C
330
1F
100
AcDbEntity
  8
BOTTOM
100
AcDbLine
 10
5.008813959999999
 20
12.05016894
 30
0.0
 11
4.85986582
 21
11.9012208
 31
0.0
  0
LINE
  5
A0D
330
1F
100
AcDbEntity
  8
BOTTOM
100
AcDbLine
 10
4.85986582
 20
11.9012208
 30
0.0
 11
4.754544719999999
 21
11.718798
 31
0.0
  0
LINE
  5
A0E
330
1F
100
AcDbEntity
  8
BOTTOM
100
AcDbLine
 10
4.754544719999999
 20
11.718798
 30
0.0
 11
4.700026159999999
 21
11.5153313
 31
0.0
  0
LINE
  5
A0F
330
1F
100
AcDbEntity
  8
BOTTOM
100
AcDbLine
 10
4.700026159999999
 20
11.5153313
 30
0.0
 11
4.700026159999999
 21
11.3046891
 31
0.0
  0
LINE
  5
A10
330
1F
100
AcDbEntity
  8
BOTTOM
100
AcDbLine
 10
4.700026159999999
 20
11.3046891
 30
0.0
 11
4.754544719999999
 21
11.1012224
 31
0.0
  0
LINE
  5
A11
330
1F
100
AcDbEntity
  8
BOTTOM
100
AcDbLine
 10
4.754544719999999
 20
11.1012224
 30
0.0
 11
4.85986582
 21
10.9187996
 31
0.0
  0
LINE
  5
A12
330
1F
100
AcDbEntity
  8
BOTTOM
100
AcDbLine
 10
4.85986582
 20
10.9187996
 30
0.0
 11
5.008813959999999
 21
10.76985146
 31
0.0
  0
LINE
  5
A13
330
1F
100
AcDbEntity
  8
BOTTOM
100
AcDbLine
 10
5.008813959999999
 20
10.76985146
 30
0.0
 11
5.19123676
 21
10.66453036
 31
0.0
  0
LINE
  5
A14
330
1F
100
AcDbEntity
  8
BOTTOM
100
AcDbLine
 10
5.19123676
 20
10.66453036
 30
0.0
 11
5.39470346
 21
10.6100118
 31
0.0
  0
LINE
  5
A15
330
1F
100
AcDbEntity
  8
BOTTOM
100
AcDbLine
 10
5.39470346
 20
10.6100118
 30
0.0
 11
5.605345659999999
 21
10.6100118
 31
0.0
  0
LINE
  5
A16
330
1F
100
AcDbEntity
  8
BOTTOM
100
AcDbLine
 10
5.605345659999999
 20
10.6100118
 30
0.0
 11
5.808812359999999
 21
10.66453036
 31
0.0
  0
LINE
  5
A17
330
1F
100
AcDbEntity
  8
BOTTOM
100
AcDbLine
 10
5.808812359999999
 20
10.66453036
 30
0.0
 11
5.99123516
 21
10.76985146
 31
0.0
  0
LINE
  5
A18
330
1F
100
AcDbEntity
  8
BOTTOM
100
AcDbLine
 10
5.99123516
 20
10.76985146
 30
0.0
 11
6.140183299999999
 21
10.9187996
 31
0.0
  0
LINE
  5
A19
330
1F
100
AcDbEntity
  8
BOTTOM
100
AcDbLine
 10
6.140183299999999
 20
10.9187996
 30
0.0
 11
6.2455044
 21
11.1012224
 31
0.0
  0
LINE
  5
A1A
330
1F
100
AcDbEntity
  8
BOTTOM
100
AcDbLine
 10
6.2455044
 20
11.1012224
 30
0.0
 11
6.30002296
 21
11.3046891
 31
0.0
  0
LINE
  5
A1B
330
1F
100
AcDbEntity
  8
BOTTOM
100
AcDbLine
 10
6.30002296
 20
11.3046891
 30
0.0
 11
6.30002296
 21
11.5153313
 31
0.0
  0
LINE
  5
A1C
330
1F
100
AcDbEntity
  8
BOTTOM
100
AcDbLine
 10
6.30002296
 20
11.5153313
 30
0.0
 11
6.2455044
 21
11.718798
 31
0.0
  0
LINE
  5
A1D
330
1F
100
AcDbEntity
  8
BOTTOM
100
AcDbLine
 10
6.2455044
 20
11.718798
 30
0.0
 11
6.140183299999999
 21
11.9012208
 31
0.0
  0
LINE
  5
A1E
330
1F
100
AcDbEntity
  8
BOTTOM
100
AcDbLine
 10
6.140183299999999
 20
11.9012208
 30
0.0
 11
5.99123516
 21
12.05016894
 31
0.0
  0
LINE
  5
A1F
330
1F
100
AcDbEntity
  8
BOTTOM
100
AcDbLine
 10
5.99123516
 20
12.05016894
 30
0.0
 11
5.808812359999999
 21
12.15549004
 31
0.0
  0
LINE
  5
A20
330
1F
100
AcDbEntity
  8
BOTTOM
100
AcDbLine
 10
3.80880112
 20
14.69549004
 30
0.0
 11
3.60533442
 21
14.7500086
 31
0.0
  0
LINE
  5
A21
330
1F
100
AcDbEntity
  8
BOTTOM
100
AcDbLine
 10
3.60533442
 20
14.7500086
 30
0.0
 11
3.39469222
 21
14.7500086
 31
0.0
  0
LINE
  5
A22
330
1F
100
AcDbEntity
  8
BOTTOM
100
AcDbLine
 10
3.39469222
 20
14.7500086
 30
0.0
 11
3.19122552
 21
14.69549004
 31
0.0
  0
LINE
  5
A23
330
1F
100
AcDbEntity
  8
BOTTOM
100
AcDbLine
 10
3.19122552
 20
14.69549004
 30
0.0
 11
3.00880272
 21
14.59016894
 31
0.0
  0
LINE
  5
A24
330
1F
100
AcDbEntity
  8
BOTTOM
100
AcDbLine
 10
3.00880272
 20
14.59016894
 30
0.0
 11
2.85985458
 21
14.4412208
 31
0.0
  0
LINE
  5
A25
330
1F
100
AcDbEntity
  8
BOTTOM
100
AcDbLine
 10
2.85985458
 20
14.4412208
 30
0.0
 11
2.75453348
 21
14.258798
 31
0.0
  0
LINE
  5
A26
330
1F
100
AcDbEntity
  8
BOTTOM
100
AcDbLine
 10
2.75453348
 20
14.258798
 30
0.0
 11
2.70001492
 21
14.0553313
 31
0.0
  0
LINE
  5
A27
330
1F
100
AcDbEntity
  8
BOTTOM
100
AcDbLine
 10
2.70001492
 20
14.0553313
 30
0.0
 11
2.70001492
 21
13.8446891
 31
0.0
  0
LINE
  5
A28
330
1F
100
AcDbEntity
  8
BOTTOM
100
AcDbLine
 10
2.70001492
 20
13.8446891
 30
0.0
 11
2.73254978
 21
13.72326186
 31
0.0
  0
LINE
  5
A29
330
1F
100
AcDbEntity
  8
BOTTOM
100
AcDbLine
 10
2.73254978
 20
13.72326186
 30
0.0
 11
2.72964148
 21
13.72035356
 31
0.0
  0
LINE
  5
A2A
330
1F
100
AcDbEntity
  8
BOTTOM
100
AcDbLine
 10
2.72964148
 20
13.72035356
 30
0.0
 11
2.64675874
 21
13.59631266
 31
0.0
  0
LINE
  5
A2B
330
1F
100
AcDbEntity
  8
BOTTOM
100
AcDbLine
 10
2.64675874
 20
13.59631266
 30
0.0
 11
2.61765542
 21
13.44999596
 31
0.0
  0
LINE
  5
A2C
330
1F
100
AcDbEntity
  8
BOTTOM
100
AcDbLine
 10
2.61765542
 20
13.44999596
 30
0.0
 11
2.61765542
 21
13.36618358
 31
0.0
  0
LINE
  5
A2D
330
1F
100
AcDbEntity
  8
BOTTOM
100
AcDbLine
 10
2.61765542
 20
13.36618358
 30
0.0
 11
2.49134376
 21
13.23987192
 31
0.0
  0
LINE
  5
A2E
330
1F
100
AcDbEntity
  8
BOTTOM
100
AcDbLine
 10
2.49134376
 20
13.23987192
 30
0.0
 11
2.40000028
 21
13.01934658
 31
0.0
  0
LINE
  5
A2F
330
1F
100
AcDbEntity
  8
BOTTOM
100
AcDbLine
 10
2.40000028
 20
13.01934658
 30
0.0
 11
2.40000028
 21
12.78065262
 31
0.0
  0
LINE
  5
A30
330
1F
100
AcDbEntity
  8
BOTTOM
100
AcDbLine
 10
2.40000028
 20
12.78065262
 30
0.0
 11
2.49134376
 21
12.56012728
 31
0.0
  0
LINE
  5
A31
330
1F
100
AcDbEntity
  8
BOTTOM
100
AcDbLine
 10
2.49134376
 20
12.56012728
 30
0.0
 11
2.66012676
 21
12.39134428
 31
0.0
  0
LINE
  5
A32
330
1F
100
AcDbEntity
  8
BOTTOM
100
AcDbLine
 10
2.66012676
 20
12.39134428
 30
0.0
 11
2.8806521
 21
12.3000008
 31
0.0
  0
LINE
  5
A33
330
1F
100
AcDbEntity
  8
BOTTOM
100
AcDbLine
 10
2.8806521
 20
12.3000008
 30
0.0
 11
3.11766966
 21
12.3000008
 31
0.0
  0
LINE
  5
A34
330
1F
100
AcDbEntity
  8
BOTTOM
100
AcDbLine
 10
3.11766966
 20
12.3000008
 30
0.0
 11
3.11766966
 21
12.11302378
 31
0.0
  0
LINE
  5
A35
330
1F
100
AcDbEntity
  8
BOTTOM
100
AcDbLine
 10
3.11766966
 20
12.11302378
 30
0.0
 11
3.00880272
 21
12.05016894
 31
0.0
  0
LINE
  5
A36
330
1F
100
AcDbEntity
  8
BOTTOM
100
AcDbLine
 10
3.00880272
 20
12.05016894
 30
0.0
 11
2.85985458
 21
11.9012208
 31
0.0
  0
LINE
  5
A37
330
1F
100
AcDbEntity
  8
BOTTOM
100
AcDbLine
 10
2.85985458
 20
11.9012208
 30
0.0
 11
2.75453348
 21
11.718798
 31
0.0
  0
LINE
  5
A38
330
1F
100
AcDbEntity
  8
BOTTOM
100
AcDbLine
 10
2.75453348
 20
11.718798
 30
0.0
 11
2.70001492
 21
11.5153313
 31
0.0
  0
LINE
  5
A39
330
1F
100
AcDbEntity
  8
BOTTOM
100
AcDbLine
 10
2.70001492
 20
11.5153313
 30
0.0
 11
2.70001492
 21
11.3046891
 31
0.0
  0
LINE
  5
A3A
330
1F
100
AcDbEntity
  8
BOTTOM
100
AcDbLine
 10
2.70001492
 20
11.3046891
 30
0.0
 11
2.75453348
 21
11.1012224
 31
0.0
  0
LINE
  5
A3B
330
1F
100
AcDbEntity
  8
BOTTOM
100
AcDbLine
 10
2.75453348
 20
11.1012224
 30
0.0
 11
2.85985458
 21
10.9187996
 31
0.0
  0
LINE
  5
A3C
330
1F
100
AcDbEntity
  8
BOTTOM
100
AcDbLine
 10
2.85985458
 20
10.9187996
 30
0.0
 11
3.00880272
 21
10.76985146
 31
0.0
  0
LINE
  5
A3D
330
1F
100
AcDbEntity
  8
BOTTOM
100
AcDbLine
 10
3.00880272
 20
10.76985146
 30
0.0
 11
3.19122552
 21
10.66453036
 31
0.0
  0
LINE
  5
A3E
330
1F
100
AcDbEntity
  8
BOTTOM
100
AcDbLine
 10
3.19122552
 20
10.66453036
 30
0.0
 11
3.2669734
 21
10.64423322
 31
0.0
  0
LINE
  5
A3F
330
1F
100
AcDbEntity
  8
BOTTOM
100
AcDbLine
 10
3.2669734
 20
10.64423322
 30
0.0
 11
3.28610214
 21
10.60544488
 31
0.0
  0
LINE
  5
A40
330
1F
100
AcDbEntity
  8
BOTTOM
100
AcDbLine
 10
3.28610214
 20
10.60544488
 30
0.0
 11
3.28610214
 21
10.36675346
 31
0.0
  0
LINE
  5
A41
330
1F
100
AcDbEntity
  8
BOTTOM
100
AcDbLine
 10
3.28610214
 20
10.36675346
 30
0.0
 11
3.37744562
 21
10.14622812
 31
0.0
  0
LINE
  5
A42
330
1F
100
AcDbEntity
  8
BOTTOM
100
AcDbLine
 10
3.37744562
 20
10.14622812
 30
0.0
 11
3.54622862
 21
9.97744512
 31
0.0
  0
LINE
  5
A43
330
1F
100
AcDbEntity
  8
BOTTOM
100
AcDbLine
 10
3.54622862
 20
9.97744512
 30
0.0
 11
3.76675396
 21
9.88610164
 31
0.0
  0
LINE
  5
A44
330
1F
100
AcDbEntity
  8
BOTTOM
100
AcDbLine
 10
3.76675396
 20
9.88610164
 30
0.0
 11
4.00544792
 21
9.88610164
 31
0.0
  0
LINE
  5
A45
330
1F
100
AcDbEntity
  8
BOTTOM
100
AcDbLine
 10
4.00544792
 20
9.88610164
 30
0.0
 11
4.22597326
 21
9.97744512
 31
0.0
  0
LINE
  5
A46
330
1F
100
AcDbEntity
  8
BOTTOM
100
AcDbLine
 10
4.22597326
 20
9.97744512
 30
0.0
 11
4.39475626
 21
10.14622812
 31
0.0
  0
LINE
  5
A47
330
1F
100
AcDbEntity
  8
BOTTOM
100
AcDbLine
 10
4.39475626
 20
10.14622812
 30
0.0
 11
4.486099739999999
 21
10.36675346
 31
0.0
  0
LINE
  5
A48
330
1F
100
AcDbEntity
  8
BOTTOM
100
AcDbLine
 10
4.486099739999999
 20
10.36675346
 30
0.0
 11
4.486099739999999
 21
10.60544742
 31
0.0
  0
LINE
  5
A49
330
1F
100
AcDbEntity
  8
BOTTOM
100
AcDbLine
 10
4.486099739999999
 20
10.60544742
 30
0.0
 11
4.39475626
 21
10.82597276
 31
0.0
  0
LINE
  5
A4A
330
1F
100
AcDbEntity
  8
BOTTOM
100
AcDbLine
 10
4.39475626
 20
10.82597276
 30
0.0
 11
4.26727366
 21
10.95345536
 31
0.0
  0
LINE
  5
A4B
330
1F
100
AcDbEntity
  8
BOTTOM
100
AcDbLine
 10
4.26727366
 20
10.95345536
 30
0.0
 11
4.23983404
 21
11.091418
 31
0.0
  0
LINE
  5
A4C
330
1F
100
AcDbEntity
  8
BOTTOM
100
AcDbLine
 10
4.23983404
 20
11.091418
 30
0.0
 11
4.24549316
 21
11.1012224
 31
0.0
  0
LINE
  5
A4D
330
1F
100
AcDbEntity
  8
BOTTOM
100
AcDbLine
 10
4.24549316
 20
11.1012224
 30
0.0
 11
4.30001172
 21
11.3046891
 31
0.0
  0
LINE
  5
A4E
330
1F
100
AcDbEntity
  8
BOTTOM
100
AcDbLine
 10
4.30001172
 20
11.3046891
 30
0.0
 11
4.30001172
 21
11.5153313
 31
0.0
  0
LINE
  5
A4F
330
1F
100
AcDbEntity
  8
BOTTOM
100
AcDbLine
 10
4.30001172
 20
11.5153313
 30
0.0
 11
4.24549316
 21
11.718798
 31
0.0
  0
LINE
  5
A50
330
1F
100
AcDbEntity
  8
BOTTOM
100
AcDbLine
 10
4.24549316
 20
11.718798
 30
0.0
 11
4.14017206
 21
11.9012208
 31
0.0
  0
LINE
  5
A51
330
1F
100
AcDbEntity
  8
BOTTOM
100
AcDbLine
 10
4.14017206
 20
11.9012208
 30
0.0
 11
3.991223919999999
 21
12.05016894
 31
0.0
  0
LINE
  5
A52
330
1F
100
AcDbEntity
  8
BOTTOM
100
AcDbLine
 10
3.991223919999999
 20
12.05016894
 30
0.0
 11
3.88235698
 21
12.11302378
 31
0.0
  0
LINE
  5
A53
330
1F
100
AcDbEntity
  8
BOTTOM
100
AcDbLine
 10
3.88235698
 20
12.11302378
 30
0.0
 11
3.88235698
 21
12.3000008
 31
0.0
  0
LINE
  5
A54
330
1F
100
AcDbEntity
  8
BOTTOM
100
AcDbLine
 10
3.88235698
 20
12.3000008
 30
0.0
 11
4.019346799999999
 21
12.3000008
 31
0.0
  0
LINE
  5
A55
330
1F
100
AcDbEntity
  8
BOTTOM
100
AcDbLine
 10
4.019346799999999
 20
12.3000008
 30
0.0
 11
4.239872139999999
 21
12.39134428
 31
0.0
  0
LINE
  5
A56
330
1F
100
AcDbEntity
  8
BOTTOM
100
AcDbLine
 10
4.239872139999999
 20
12.39134428
 30
0.0
 11
4.40865514
 21
12.56012728
 31
0.0
  0
LINE
  5
A57
330
1F
100
AcDbEntity
  8
BOTTOM
100
AcDbLine
 10
4.40865514
 20
12.56012728
 30
0.0
 11
4.49999862
 21
12.78065262
 31
0.0
  0
LINE
  5
A58
330
1F
100
AcDbEntity
  8
BOTTOM
100
AcDbLine
 10
4.49999862
 20
12.78065262
 30
0.0
 11
4.49999862
 21
13.01934658
 31
0.0
  0
LINE
  5
A59
330
1F
100
AcDbEntity
  8
BOTTOM
100
AcDbLine
 10
4.49999862
 20
13.01934658
 30
0.0
 11
4.40865514
 21
13.23987192
 31
0.0
  0
LINE
  5
A5A
330
1F
100
AcDbEntity
  8
BOTTOM
100
AcDbLine
 10
4.40865514
 20
13.23987192
 30
0.0
 11
4.23987468
 21
13.40865238
 31
0.0
  0
LINE
  5
A5B
330
1F
100
AcDbEntity
  8
BOTTOM
100
AcDbLine
 10
4.23987468
 20
13.40865238
 30
0.0
 11
4.23691304
 21
13.62636086
 31
0.0
  0
LINE
  5
A5C
330
1F
100
AcDbEntity
  8
BOTTOM
100
AcDbLine
 10
4.23691304
 20
13.62636086
 30
0.0
 11
4.24549316
 21
13.6412224
 31
0.0
  0
LINE
  5
A5D
330
1F
100
AcDbEntity
  8
BOTTOM
100
AcDbLine
 10
4.24549316
 20
13.6412224
 30
0.0
 11
4.30001172
 21
13.8446891
 31
0.0
  0
LINE
  5
A5E
330
1F
100
AcDbEntity
  8
BOTTOM
100
AcDbLine
 10
4.30001172
 20
13.8446891
 30
0.0
 11
4.30001172
 21
14.0553313
 31
0.0
  0
LINE
  5
A5F
330
1F
100
AcDbEntity
  8
BOTTOM
100
AcDbLine
 10
4.30001172
 20
14.0553313
 30
0.0
 11
4.24549316
 21
14.258798
 31
0.0
  0
LINE
  5
A60
330
1F
100
AcDbEntity
  8
BOTTOM
100
AcDbLine
 10
4.24549316
 20
14.258798
 30
0.0
 11
4.14017206
 21
14.4412208
 31
0.0
  0
LINE
  5
A61
330
1F
100
AcDbEntity
  8
BOTTOM
100
AcDbLine
 10
4.14017206
 20
14.4412208
 30
0.0
 11
3.991223919999999
 21
14.59016894
 31
0.0
  0
LINE
  5
A62
330
1F
100
AcDbEntity
  8
BOTTOM
100
AcDbLine
 10
3.991223919999999
 20
14.59016894
 30
0.0
 11
3.80880112
 21
14.69549004
 31
0.0
  0
LINE
  5
A63
330
1F
100
AcDbEntity
  8
BOTTOM
100
AcDbLine
 10
3.79104652
 20
9.57262754
 30
0.0
 11
3.600013119999999
 21
9.62381362
 31
0.0
  0
LINE
  5
A64
330
1F
100
AcDbEntity
  8
BOTTOM
100
AcDbLine
 10
3.600013119999999
 20
9.62381362
 30
0.0
 11
3.600013119999999
 21
8.97001
 31
0.0
  0
LINE
  5
A65
330
1F
100
AcDbEntity
  8
BOTTOM
100
AcDbLine
 10
3.600013119999999
 20
8.97001
 30
0.0
 11
4.25381674
 21
8.97001
 31
0.0
  0
LINE
  5
A66
330
1F
100
AcDbEntity
  8
BOTTOM
100
AcDbLine
 10
4.25381674
 20
8.97001
 30
0.0
 11
4.20263066
 21
9.1610434
 31
0.0
  0
LINE
  5
A67
330
1F
100
AcDbEntity
  8
BOTTOM
100
AcDbLine
 10
4.20263066
 20
9.1610434
 30
0.0
 11
4.10336492
 21
9.332975999999999
 31
0.0
  0
LINE
  5
A68
330
1F
100
AcDbEntity
  8
BOTTOM
100
AcDbLine
 10
4.10336492
 20
9.332975999999999
 30
0.0
 11
3.96297912
 21
9.4733618
 31
0.0
  0
LINE
  5
A69
330
1F
100
AcDbEntity
  8
BOTTOM
100
AcDbLine
 10
3.96297912
 20
9.4733618
 30
0.0
 11
3.79104652
 21
9.57262754
 31
0.0
  0
LINE
  5
A6A
330
1F
100
AcDbEntity
  8
BOTTOM
100
AcDbLine
 10
3.40001352
 20
8.97001
 30
0.0
 11
3.40001352
 21
9.62381362
 31
0.0
  0
LINE
  5
A6B
330
1F
100
AcDbEntity
  8
BOTTOM
100
AcDbLine
 10
3.40001352
 20
9.62381362
 30
0.0
 11
3.20898012
 21
9.57262754
 31
0.0
  0
LINE
  5
A6C
330
1F
100
AcDbEntity
  8
BOTTOM
100
AcDbLine
 10
3.20898012
 20
9.57262754
 30
0.0
 11
3.03704752
 21
9.4733618
 31
0.0
  0
LINE
  5
A6D
330
1F
100
AcDbEntity
  8
BOTTOM
100
AcDbLine
 10
3.03704752
 20
9.4733618
 30
0.0
 11
2.89666172
 21
9.332975999999999
 31
0.0
  0
LINE
  5
A6E
330
1F
100
AcDbEntity
  8
BOTTOM
100
AcDbLine
 10
2.89666172
 20
9.332975999999999
 30
0.0
 11
2.79739598
 21
9.1610434
 31
0.0
  0
LINE
  5
A6F
330
1F
100
AcDbEntity
  8
BOTTOM
100
AcDbLine
 10
2.79739598
 20
9.1610434
 30
0.0
 11
2.7462099
 21
8.97001
 31
0.0
  0
LINE
  5
A70
330
1F
100
AcDbEntity
  8
BOTTOM
100
AcDbLine
 10
2.7462099
 20
8.97001
 30
0.0
 11
3.40001352
 21
8.97001
 31
0.0
  0
LINE
  5
A71
330
1F
100
AcDbEntity
  8
BOTTOM
100
AcDbLine
 10
4.20263066
 20
8.578977
 30
0.0
 11
4.25381674
 21
8.7700104
 31
0.0
  0
LINE
  5
A72
330
1F
100
AcDbEntity
  8
BOTTOM
100
AcDbLine
 10
4.25381674
 20
8.7700104
 30
0.0
 11
3.600013119999999
 21
8.7700104
 31
0.0
  0
LINE
  5
A73
330
1F
100
AcDbEntity
  8
BOTTOM
100
AcDbLine
 10
3.600013119999999
 20
8.7700104
 30
0.0
 11
3.600013119999999
 21
8.116206779999999
 31
0.0
  0
LINE
  5
A74
330
1F
100
AcDbEntity
  8
BOTTOM
100
AcDbLine
 10
3.600013119999999
 20
8.116206779999999
 30
0.0
 11
3.79104652
 21
8.16739286
 31
0.0
  0
LINE
  5
A75
330
1F
100
AcDbEntity
  8
BOTTOM
100
AcDbLine
 10
3.79104652
 20
8.16739286
 30
0.0
 11
3.96297912
 21
8.2666586
 31
0.0
  0
LINE
  5
A76
330
1F
100
AcDbEntity
  8
BOTTOM
100
AcDbLine
 10
3.96297912
 20
8.2666586
 30
0.0
 11
4.10336492
 21
8.4070444
 31
0.0
  0
LINE
  5
A77
330
1F
100
AcDbEntity
  8
BOTTOM
100
AcDbLine
 10
4.10336492
 20
8.4070444
 30
0.0
 11
4.20263066
 21
8.578977
 31
0.0
  0
LINE
  5
A78
330
1F
100
AcDbEntity
  8
BOTTOM
100
AcDbLine
 10
3.40001352
 20
8.116206779999999
 30
0.0
 11
3.40001352
 21
8.7700104
 31
0.0
  0
LINE
  5
A79
330
1F
100
AcDbEntity
  8
BOTTOM
100
AcDbLine
 10
3.40001352
 20
8.7700104
 30
0.0
 11
2.7462099
 21
8.7700104
 31
0.0
  0
LINE
  5
A7A
330
1F
100
AcDbEntity
  8
BOTTOM
100
AcDbLine
 10
2.7462099
 20
8.7700104
 30
0.0
 11
2.79739598
 21
8.578977
 31
0.0
  0
LINE
  5
A7B
330
1F
100
AcDbEntity
  8
BOTTOM
100
AcDbLine
 10
2.79739598
 20
8.578977
 30
0.0
 11
2.89666172
 21
8.4070444
 31
0.0
  0
LINE
  5
A7C
330
1F
100
AcDbEntity
  8
BOTTOM
100
AcDbLine
 10
2.89666172
 20
8.4070444
 30
0.0
 11
3.03704752
 21
8.2666586
 31
0.0
  0
LINE
  5
A7D
330
1F
100
AcDbEntity
  8
BOTTOM
100
AcDbLine
 10
3.03704752
 20
8.2666586
 30
0.0
 11
3.20898012
 21
8.16739286
 31
0.0
  0
LINE
  5
A7E
330
1F
100
AcDbEntity
  8
BOTTOM
100
AcDbLine
 10
3.20898012
 20
8.16739286
 30
0.0
 11
3.40001352
 21
8.116206779999999
 31
0.0
  0
LINE
  5
A7F
330
1F
100
AcDbEntity
  8
BOTTOM
100
AcDbLine
 10
5.808812359999999
 20
9.615490040000001
 30
0.0
 11
5.605345659999999
 21
9.6700086
 31
0.0
  0
LINE
  5
A80
330
1F
100
AcDbEntity
  8
BOTTOM
100
AcDbLine
 10
5.605345659999999
 20
9.6700086
 30
0.0
 11
5.39470346
 21
9.6700086
 31
0.0
  0
LINE
  5
A81
330
1F
100
AcDbEntity
  8
BOTTOM
100
AcDbLine
 10
5.39470346
 20
9.6700086
 30
0.0
 11
5.19123676
 21
9.615490040000001
 31
0.0
  0
LINE
  5
A82
330
1F
100
AcDbEntity
  8
BOTTOM
100
AcDbLine
 10
5.19123676
 20
9.615490040000001
 30
0.0
 11
5.008813959999999
 21
9.510168939999998
 31
0.0
  0
LINE
  5
A83
330
1F
100
AcDbEntity
  8
BOTTOM
100
AcDbLine
 10
5.008813959999999
 20
9.510168939999998
 30
0.0
 11
4.85986582
 21
9.3612208
 31
0.0
  0
LINE
  5
A84
330
1F
100
AcDbEntity
  8
BOTTOM
100
AcDbLine
 10
4.85986582
 20
9.3612208
 30
0.0
 11
4.754544719999999
 21
9.178798
 31
0.0
  0
LINE
  5
A85
330
1F
100
AcDbEntity
  8
BOTTOM
100
AcDbLine
 10
4.754544719999999
 20
9.178798
 30
0.0
 11
4.700026159999999
 21
8.975331299999999
 31
0.0
  0
LINE
  5
A86
330
1F
100
AcDbEntity
  8
BOTTOM
100
AcDbLine
 10
4.700026159999999
 20
8.975331299999999
 30
0.0
 11
4.700026159999999
 21
8.7646891
 31
0.0
  0
LINE
  5
A87
330
1F
100
AcDbEntity
  8
BOTTOM
100
AcDbLine
 10
4.700026159999999
 20
8.7646891
 30
0.0
 11
4.754544719999999
 21
8.5612224
 31
0.0
  0
LINE
  5
A88
330
1F
100
AcDbEntity
  8
BOTTOM
100
AcDbLine
 10
4.754544719999999
 20
8.5612224
 30
0.0
 11
4.85986582
 21
8.378799599999999
 31
0.0
  0
LINE
  5
A89
330
1F
100
AcDbEntity
  8
BOTTOM
100
AcDbLine
 10
4.85986582
 20
8.378799599999999
 30
0.0
 11
5.008813959999999
 21
8.22985146
 31
0.0
  0
LINE
  5
A8A
330
1F
100
AcDbEntity
  8
BOTTOM
100
AcDbLine
 10
5.008813959999999
 20
8.22985146
 30
0.0
 11
5.19123676
 21
8.12453036
 31
0.0
  0
LINE
  5
A8B
330
1F
100
AcDbEntity
  8
BOTTOM
100
AcDbLine
 10
5.19123676
 20
8.12453036
 30
0.0
 11
5.39470346
 21
8.0700118
 31
0.0
  0
LINE
  5
A8C
330
1F
100
AcDbEntity
  8
BOTTOM
100
AcDbLine
 10
5.39470346
 20
8.0700118
 30
0.0
 11
5.605345659999999
 21
8.0700118
 31
0.0
  0
LINE
  5
A8D
330
1F
100
AcDbEntity
  8
BOTTOM
100
AcDbLine
 10
5.605345659999999
 20
8.0700118
 30
0.0
 11
5.808812359999999
 21
8.12453036
 31
0.0
  0
LINE
  5
A8E
330
1F
100
AcDbEntity
  8
BOTTOM
100
AcDbLine
 10
5.808812359999999
 20
8.12453036
 30
0.0
 11
5.99123516
 21
8.22985146
 31
0.0
  0
LINE
  5
A8F
330
1F
100
AcDbEntity
  8
BOTTOM
100
AcDbLine
 10
5.99123516
 20
8.22985146
 30
0.0
 11
6.140183299999999
 21
8.378799599999999
 31
0.0
  0
LINE
  5
A90
330
1F
100
AcDbEntity
  8
BOTTOM
100
AcDbLine
 10
6.140183299999999
 20
8.378799599999999
 30
0.0
 11
6.2455044
 21
8.5612224
 31
0.0
  0
LINE
  5
A91
330
1F
100
AcDbEntity
  8
BOTTOM
100
AcDbLine
 10
6.2455044
 20
8.5612224
 30
0.0
 11
6.30002296
 21
8.7646891
 31
0.0
  0
LINE
  5
A92
330
1F
100
AcDbEntity
  8
BOTTOM
100
AcDbLine
 10
6.30002296
 20
8.7646891
 30
0.0
 11
6.30002296
 21
8.975331299999999
 31
0.0
  0
LINE
  5
A93
330
1F
100
AcDbEntity
  8
BOTTOM
100
AcDbLine
 10
6.30002296
 20
8.975331299999999
 30
0.0
 11
6.2455044
 21
9.178798
 31
0.0
  0
LINE
  5
A94
330
1F
100
AcDbEntity
  8
BOTTOM
100
AcDbLine
 10
6.2455044
 20
9.178798
 30
0.0
 11
6.140183299999999
 21
9.3612208
 31
0.0
  0
LINE
  5
A95
330
1F
100
AcDbEntity
  8
BOTTOM
100
AcDbLine
 10
6.140183299999999
 20
9.3612208
 30
0.0
 11
5.99123516
 21
9.510168939999998
 31
0.0
  0
LINE
  5
A96
330
1F
100
AcDbEntity
  8
BOTTOM
100
AcDbLine
 10
5.99123516
 20
9.510168939999998
 30
0.0
 11
5.808812359999999
 21
9.615490040000001
 31
0.0
  0
LINE
  5
A97
330
1F
100
AcDbEntity
  8
BOTTOM
100
AcDbLine
 10
10.70723792
 20
13.82048036
 30
0.0
 11
10.48671258
 21
13.91182384
 31
0.0
  0
LINE
  5
A98
330
1F
100
AcDbEntity
  8
BOTTOM
100
AcDbLine
 10
10.48671258
 20
13.91182384
 30
0.0
 11
10.24801862
 21
13.91182384
 31
0.0
  0
LINE
  5
A99
330
1F
100
AcDbEntity
  8
BOTTOM
100
AcDbLine
 10
10.24801862
 20
13.91182384
 30
0.0
 11
10.02749328
 21
13.82048036
 31
0.0
  0
LINE
  5
A9A
330
1F
100
AcDbEntity
  8
BOTTOM
100
AcDbLine
 10
10.02749328
 20
13.82048036
 30
0.0
 11
9.858710279999999
 21
13.65169736
 31
0.0
  0
LINE
  5
A9B
330
1F
100
AcDbEntity
  8
BOTTOM
100
AcDbLine
 10
9.858710279999999
 20
13.65169736
 30
0.0
 11
9.7673668
 21
13.43117202
 31
0.0
  0
LINE
  5
A9C
330
1F
100
AcDbEntity
  8
BOTTOM
100
AcDbLine
 10
9.7673668
 20
13.43117202
 30
0.0
 11
9.7673668
 21
13.25254144
 31
0.0
  0
LINE
  5
A9D
330
1F
100
AcDbEntity
  8
BOTTOM
100
AcDbLine
 10
9.7673668
 20
13.25254144
 30
0.0
 11
7.984454439999999
 21
11.46962908
 31
0.0
  0
LINE
  5
A9E
330
1F
100
AcDbEntity
  8
BOTTOM
100
AcDbLine
 10
7.984454439999999
 20
11.46962908
 30
0.0
 11
7.9015717
 21
11.34558818
 31
0.0
  0
LINE
  5
A9F
330
1F
100
AcDbEntity
  8
BOTTOM
100
AcDbLine
 10
7.9015717
 20
11.34558818
 30
0.0
 11
7.872468379999999
 21
11.19927148
 31
0.0
  0
LINE
  5
AA0
330
1F
100
AcDbEntity
  8
BOTTOM
100
AcDbLine
 10
7.872468379999999
 20
11.19927148
 30
0.0
 11
7.872468379999999
 21
7.62174244
 31
0.0
  0
LINE
  5
AA1
330
1F
100
AcDbEntity
  8
BOTTOM
100
AcDbLine
 10
7.872468379999999
 20
7.62174244
 30
0.0
 11
7.746156719999999
 21
7.49543078
 31
0.0
  0
LINE
  5
AA2
330
1F
100
AcDbEntity
  8
BOTTOM
100
AcDbLine
 10
7.746156719999999
 20
7.49543078
 30
0.0
 11
7.654813239999999
 21
7.27490544
 31
0.0
  0
LINE
  5
AA3
330
1F
100
AcDbEntity
  8
BOTTOM
100
AcDbLine
 10
7.654813239999999
 20
7.27490544
 30
0.0
 11
7.654813239999999
 21
7.03621148
 31
0.0
  0
LINE
  5
AA4
330
1F
100
AcDbEntity
  8
BOTTOM
100
AcDbLine
 10
7.654813239999999
 20
7.03621148
 30
0.0
 11
7.746156719999999
 21
6.81568614
 31
0.0
  0
LINE
  5
AA5
330
1F
100
AcDbEntity
  8
BOTTOM
100
AcDbLine
 10
7.746156719999999
 20
6.81568614
 30
0.0
 11
7.91493972
 21
6.64690314
 31
0.0
  0
LINE
  5
AA6
330
1F
100
AcDbEntity
  8
BOTTOM
100
AcDbLine
 10
7.91493972
 20
6.64690314
 30
0.0
 11
8.13546506
 21
6.55555966
 31
0.0
  0
LINE
  5
AA7
330
1F
100
AcDbEntity
  8
BOTTOM
100
AcDbLine
 10
8.13546506
 20
6.55555966
 30
0.0
 11
8.37415902
 21
6.55555966
 31
0.0
  0
LINE
  5
AA8
330
1F
100
AcDbEntity
  8
BOTTOM
100
AcDbLine
 10
8.37415902
 20
6.55555966
 30
0.0
 11
8.594684359999999
 21
6.64690314
 31
0.0
  0
LINE
  5
AA9
330
1F
100
AcDbEntity
  8
BOTTOM
100
AcDbLine
 10
8.594684359999999
 20
6.64690314
 30
0.0
 11
8.76346736
 21
6.81568614
 31
0.0
  0
LINE
  5
AAA
330
1F
100
AcDbEntity
  8
BOTTOM
100
AcDbLine
 10
8.76346736
 20
6.81568614
 30
0.0
 11
8.854810839999999
 21
7.03621148
 31
0.0
  0
LINE
  5
AAB
330
1F
100
AcDbEntity
  8
BOTTOM
100
AcDbLine
 10
8.854810839999999
 20
7.03621148
 30
0.0
 11
8.854810839999999
 21
7.27490544
 31
0.0
  0
LINE
  5
AAC
330
1F
100
AcDbEntity
  8
BOTTOM
100
AcDbLine
 10
8.854810839999999
 20
7.27490544
 30
0.0
 11
8.76346736
 21
7.49543078
 31
0.0
  0
LINE
  5
AAD
330
1F
100
AcDbEntity
  8
BOTTOM
100
AcDbLine
 10
8.76346736
 20
7.49543078
 30
0.0
 11
8.6371557
 21
7.62174244
 31
0.0
  0
LINE
  5
AAE
330
1F
100
AcDbEntity
  8
BOTTOM
100
AcDbLine
 10
8.6371557
 20
7.62174244
 30
0.0
 11
8.6371557
 21
11.04089994
 31
0.0
  0
LINE
  5
AAF
330
1F
100
AcDbEntity
  8
BOTTOM
100
AcDbLine
 10
8.6371557
 20
11.04089994
 30
0.0
 11
10.308082
 21
12.71182624
 31
0.0
  0
LINE
  5
AB0
330
1F
100
AcDbEntity
  8
BOTTOM
100
AcDbLine
 10
10.308082
 20
12.71182624
 30
0.0
 11
10.48671258
 21
12.71182624
 31
0.0
  0
LINE
  5
AB1
330
1F
100
AcDbEntity
  8
BOTTOM
100
AcDbLine
 10
10.48671258
 20
12.71182624
 30
0.0
 11
10.70723792
 21
12.80316972
 31
0.0
  0
LINE
  5
AB2
330
1F
100
AcDbEntity
  8
BOTTOM
100
AcDbLine
 10
10.70723792
 20
12.80316972
 30
0.0
 11
10.87602092
 21
12.97195272
 31
0.0
  0
LINE
  5
AB3
330
1F
100
AcDbEntity
  8
BOTTOM
100
AcDbLine
 10
10.87602092
 20
12.97195272
 30
0.0
 11
10.9673644
 21
13.19247806
 31
0.0
  0
LINE
  5
AB4
330
1F
100
AcDbEntity
  8
BOTTOM
100
AcDbLine
 10
10.9673644
 20
13.19247806
 30
0.0
 11
10.9673644
 21
13.43117202
 31
0.0
  0
LINE
  5
AB5
330
1F
100
AcDbEntity
  8
BOTTOM
100
AcDbLine
 10
10.9673644
 20
13.43117202
 30
0.0
 11
10.87602092
 21
13.65169736
 31
0.0
  0
LINE
  5
AB6
330
1F
100
AcDbEntity
  8
BOTTOM
100
AcDbLine
 10
10.87602092
 20
13.65169736
 30
0.0
 11
10.70723792
 21
13.82048036
 31
0.0
  0
LINE
  5
AB7
330
1F
100
AcDbEntity
  8
BOTTOM
100
AcDbLine
 10
4.982537659999999
 20
7.726542839999999
 30
0.0
 11
4.500013859999999
 21
7.76451838
 31
0.0
  0
LINE
  5
AB8
330
1F
100
AcDbEntity
  8
BOTTOM
100
AcDbLine
 10
4.500013859999999
 20
7.76451838
 30
0.0
 11
4.01749006
 21
7.726542839999999
 31
0.0
  0
LINE
  5
AB9
330
1F
100
AcDbEntity
  8
BOTTOM
100
AcDbLine
 10
4.01749006
 20
7.726542839999999
 30
0.0
 11
3.54684838
 21
7.61355094
 31
0.0
  0
LINE
  5
ABA
330
1F
100
AcDbEntity
  8
BOTTOM
100
AcDbLine
 10
3.54684838
 20
7.61355094
 30
0.0
 11
3.0996763
 21
7.428326519999999
 31
0.0
  0
LINE
  5
ABB
330
1F
100
AcDbEntity
  8
BOTTOM
100
AcDbLine
 10
3.0996763
 20
7.428326519999999
 30
0.0
 11
2.68698472
 21
7.17542888
 31
0.0
  0
LINE
  5
ABC
330
1F
100
AcDbEntity
  8
BOTTOM
100
AcDbLine
 10
2.68698472
 20
7.17542888
 30
0.0
 11
2.31893872
 21
6.8610861
 31
0.0
  0
LINE
  5
ABD
330
1F
100
AcDbEntity
  8
BOTTOM
100
AcDbLine
 10
2.31893872
 20
6.8610861
 30
0.0
 11
2.00459594
 21
6.4930401
 31
0.0
  0
LINE
  5
ABE
330
1F
100
AcDbEntity
  8
BOTTOM
100
AcDbLine
 10
2.00459594
 20
6.4930401
 30
0.0
 11
1.7516983
 21
6.08034852
 31
0.0
  0
LINE
  5
ABF
330
1F
100
AcDbEntity
  8
BOTTOM
100
AcDbLine
 10
1.7516983
 20
6.08034852
 30
0.0
 11
1.56647388
 21
5.63317644
 31
0.0
  0
LINE
  5
AC0
330
1F
100
AcDbEntity
  8
BOTTOM
100
AcDbLine
 10
1.56647388
 20
5.63317644
 30
0.0
 11
1.45348198
 21
5.16253476
 31
0.0
  0
LINE
  5
AC1
330
1F
100
AcDbEntity
  8
BOTTOM
100
AcDbLine
 10
1.45348198
 20
5.16253476
 30
0.0
 11
1.41550644
 21
4.68001096
 31
0.0
  0
LINE
  5
AC2
330
1F
100
AcDbEntity
  8
BOTTOM
100
AcDbLine
 10
1.41550644
 20
4.68001096
 30
0.0
 11
1.45348198
 21
4.19748716
 31
0.0
  0
LINE
  5
AC3
330
1F
100
AcDbEntity
  8
BOTTOM
100
AcDbLine
 10
1.45348198
 20
4.19748716
 30
0.0
 11
1.56647388
 21
3.72684548
 31
0.0
  0
LINE
  5
AC4
330
1F
100
AcDbEntity
  8
BOTTOM
100
AcDbLine
 10
1.56647388
 20
3.72684548
 30
0.0
 11
1.7516983
 21
3.2796734
 31
0.0
  0
LINE
  5
AC5
330
1F
100
AcDbEntity
  8
BOTTOM
100
AcDbLine
 10
1.7516983
 20
3.2796734
 30
0.0
 11
2.00459594
 21
2.86698182
 31
0.0
  0
LINE
  5
AC6
330
1F
100
AcDbEntity
  8
BOTTOM
100
AcDbLine
 10
2.00459594
 20
2.86698182
 30
0.0
 11
2.31893872
 21
2.49893582
 31
0.0
  0
LINE
  5
AC7
330
1F
100
AcDbEntity
  8
BOTTOM
100
AcDbLine
 10
2.31893872
 20
2.49893582
 30
0.0
 11
2.68698472
 21
2.18459304
 31
0.0
  0
LINE
  5
AC8
330
1F
100
AcDbEntity
  8
BOTTOM
100
AcDbLine
 10
2.68698472
 20
2.18459304
 30
0.0
 11
3.0996763
 21
1.9316954
 31
0.0
  0
LINE
  5
AC9
330
1F
100
AcDbEntity
  8
BOTTOM
100
AcDbLine
 10
3.0996763
 20
1.9316954
 30
0.0
 11
3.54684838
 21
1.74647098
 31
0.0
  0
LINE
  5
ACA
330
1F
100
AcDbEntity
  8
BOTTOM
100
AcDbLine
 10
3.54684838
 20
1.74647098
 30
0.0
 11
4.01749006
 21
1.63347908
 31
0.0
  0
LINE
  5
ACB
330
1F
100
AcDbEntity
  8
BOTTOM
100
AcDbLine
 10
4.01749006
 20
1.63347908
 30
0.0
 11
4.500013859999999
 21
1.59550354
 31
0.0
  0
LINE
  5
ACC
330
1F
100
AcDbEntity
  8
BOTTOM
100
AcDbLine
 10
4.500013859999999
 20
1.59550354
 30
0.0
 11
4.982537659999999
 21
1.63347908
 31
0.0
  0
LINE
  5
ACD
330
1F
100
AcDbEntity
  8
BOTTOM
100
AcDbLine
 10
4.982537659999999
 20
1.63347908
 30
0.0
 11
5.453179339999999
 21
1.74647098
 31
0.0
  0
LINE
  5
ACE
330
1F
100
AcDbEntity
  8
BOTTOM
100
AcDbLine
 10
5.453179339999999
 20
1.74647098
 30
0.0
 11
5.90035142
 21
1.9316954
 31
0.0
  0
LINE
  5
ACF
330
1F
100
AcDbEntity
  8
BOTTOM
100
AcDbLine
 10
5.90035142
 20
1.9316954
 30
0.0
 11
6.313043
 21
2.18459304
 31
0.0
  0
LINE
  5
AD0
330
1F
100
AcDbEntity
  8
BOTTOM
100
AcDbLine
 10
6.313043
 20
2.18459304
 30
0.0
 11
6.681089
 21
2.49893582
 31
0.0
  0
LINE
  5
AD1
330
1F
100
AcDbEntity
  8
BOTTOM
100
AcDbLine
 10
6.681089
 20
2.49893582
 30
0.0
 11
6.99543178
 21
2.86698182
 31
0.0
  0
LINE
  5
AD2
330
1F
100
AcDbEntity
  8
BOTTOM
100
AcDbLine
 10
6.99543178
 20
2.86698182
 30
0.0
 11
7.248329419999999
 21
3.2796734
 31
0.0
  0
LINE
  5
AD3
330
1F
100
AcDbEntity
  8
BOTTOM
100
AcDbLine
 10
7.248329419999999
 20
3.2796734
 30
0.0
 11
7.43355384
 21
3.72684548
 31
0.0
  0
LINE
  5
AD4
330
1F
100
AcDbEntity
  8
BOTTOM
100
AcDbLine
 10
7.43355384
 20
3.72684548
 30
0.0
 11
7.546545739999999
 21
4.19748716
 31
0.0
  0
LINE
  5
AD5
330
1F
100
AcDbEntity
  8
BOTTOM
100
AcDbLine
 10
7.546545739999999
 20
4.19748716
 30
0.0
 11
7.58452128
 21
4.68001096
 31
0.0
  0
LINE
  5
AD6
330
1F
100
AcDbEntity
  8
BOTTOM
100
AcDbLine
 10
7.58452128
 20
4.68001096
 30
0.0
 11
7.546545739999999
 21
5.16253476
 31
0.0
  0
LINE
  5
AD7
330
1F
100
AcDbEntity
  8
BOTTOM
100
AcDbLine
 10
7.546545739999999
 20
5.16253476
 30
0.0
 11
7.43355384
 21
5.63317644
 31
0.0
  0
LINE
  5
AD8
330
1F
100
AcDbEntity
  8
BOTTOM
100
AcDbLine
 10
7.43355384
 20
5.63317644
 30
0.0
 11
7.248329419999999
 21
6.08034852
 31
0.0
  0
LINE
  5
AD9
330
1F
100
AcDbEntity
  8
BOTTOM
100
AcDbLine
 10
7.248329419999999
 20
6.08034852
 30
0.0
 11
6.99543178
 21
6.4930401
 31
0.0
  0
LINE
  5
ADA
330
1F
100
AcDbEntity
  8
BOTTOM
100
AcDbLine
 10
6.99543178
 20
6.4930401
 30
0.0
 11
6.681089
 21
6.8610861
 31
0.0
  0
LINE
  5
ADB
330
1F
100
AcDbEntity
  8
BOTTOM
100
AcDbLine
 10
6.681089
 20
6.8610861
 30
0.0
 11
6.313043
 21
7.17542888
 31
0.0
  0
LINE
  5
ADC
330
1F
100
AcDbEntity
  8
BOTTOM
100
AcDbLine
 10
6.313043
 20
7.17542888
 30
0.0
 11
5.90035142
 21
7.428326519999999
 31
0.0
  0
LINE
  5
ADD
330
1F
100
AcDbEntity
  8
BOTTOM
100
AcDbLine
 10
5.90035142
 20
7.428326519999999
 30
0.0
 11
5.453179339999999
 21
7.61355094
 31
0.0
  0
LINE
  5
ADE
330
1F
100
AcDbEntity
  8
BOTTOM
100
AcDbLine
 10
5.453179339999999
 20
7.61355094
 30
0.0
 11
4.982537659999999
 21
7.726542839999999
 31
0.0
  0
LINE
  5
ADF
330
1F
100
AcDbEntity
  8
BOTTOM
100
AcDbLine
 10
12.03615322
 20
2.2787737
 30
0.0
 11
11.75536892
 21
2.3540085
 31
0.0
  0
LINE
  5
AE0
330
1F
100
AcDbEntity
  8
BOTTOM
100
AcDbLine
 10
11.75536892
 20
2.3540085
 30
0.0
 11
11.71002484
 21
2.3540085
 31
0.0
  0
LINE
  5
AE1
330
1F
100
AcDbEntity
  8
BOTTOM
100
AcDbLine
 10
11.71002484
 20
2.3540085
 30
0.0
 11
11.71002484
 21
1.35001
 31
0.0
  0
LINE
  5
AE2
330
1F
100
AcDbEntity
  8
BOTTOM
100
AcDbLine
 10
11.71002484
 20
1.35001
 30
0.0
 11
12.71402334
 21
1.35001
 31
0.0
  0
LINE
  5
AE3
330
1F
100
AcDbEntity
  8
BOTTOM
100
AcDbLine
 10
12.71402334
 20
1.35001
 30
0.0
 11
12.71402334
 21
1.39535408
 31
0.0
  0
LINE
  5
AE4
330
1F
100
AcDbEntity
  8
BOTTOM
100
AcDbLine
 10
12.71402334
 20
1.39535408
 30
0.0
 11
12.63878854
 21
1.67613838
 31
0.0
  0
LINE
  5
AE5
330
1F
100
AcDbEntity
  8
BOTTOM
100
AcDbLine
 10
12.63878854
 20
1.67613838
 30
0.0
 11
12.49344466
 21
1.92788286
 31
0.0
  0
LINE
  5
AE6
330
1F
100
AcDbEntity
  8
BOTTOM
100
AcDbLine
 10
12.49344466
 20
1.92788286
 30
0.0
 11
12.2878977
 21
2.13342982
 31
0.0
  0
LINE
  5
AE7
330
1F
100
AcDbEntity
  8
BOTTOM
100
AcDbLine
 10
12.2878977
 20
2.13342982
 30
0.0
 11
12.03615322
 21
2.2787737
 31
0.0
  0
LINE
  5
AE8
330
1F
100
AcDbEntity
  8
BOTTOM
100
AcDbLine
 10
11.51002524
 20
1.35001
 30
0.0
 11
11.51002524
 21
2.3540085
 31
0.0
  0
LINE
  5
AE9
330
1F
100
AcDbEntity
  8
BOTTOM
100
AcDbLine
 10
11.51002524
 20
2.3540085
 30
0.0
 11
11.46468116
 21
2.3540085
 31
0.0
  0
LINE
  5
AEA
330
1F
100
AcDbEntity
  8
BOTTOM
100
AcDbLine
 10
11.46468116
 20
2.3540085
 30
0.0
 11
11.18389686
 21
2.2787737
 31
0.0
  0
LINE
  5
AEB
330
1F
100
AcDbEntity
  8
BOTTOM
100
AcDbLine
 10
11.18389686
 20
2.2787737
 30
0.0
 11
10.93215238
 21
2.13342982
 31
0.0
  0
LINE
  5
AEC
330
1F
100
AcDbEntity
  8
BOTTOM
100
AcDbLine
 10
10.93215238
 20
2.13342982
 30
0.0
 11
10.72660542
 21
1.92788286
 31
0.0
  0
LINE
  5
AED
330
1F
100
AcDbEntity
  8
BOTTOM
100
AcDbLine
 10
10.72660542
 20
1.92788286
 30
0.0
 11
10.58126154
 21
1.67613838
 31
0.0
  0
LINE
  5
AEE
330
1F
100
AcDbEntity
  8
BOTTOM
100
AcDbLine
 10
10.58126154
 20
1.67613838
 30
0.0
 11
10.50602674
 21
1.39535408
 31
0.0
  0
LINE
  5
AEF
330
1F
100
AcDbEntity
  8
BOTTOM
100
AcDbLine
 10
10.50602674
 20
1.39535408
 30
0.0
 11
10.50602674
 21
1.35001
 31
0.0
  0
LINE
  5
AF0
330
1F
100
AcDbEntity
  8
BOTTOM
100
AcDbLine
 10
10.50602674
 20
1.35001
 30
0.0
 11
11.51002524
 21
1.35001
 31
0.0
  0
INSERT
  5
AF2
330
1F
100
AcDbEntity
  8
0
100
AcDbBlockReference
  2
RES_0402_3480
 10
25.50002774
 20
7.73000994
 30
0.0
  0
INSERT
  5
AF4
330
1F
100
AcDbEntity
  8
0
100
AcDbBlockReference
  2
RES_0402_3481
 10
15.4999563
 20
11.02999826
 30
0.0
 50
180.0
  0
INSERT
  5
AF6
330
1F
100
AcDbEntity
  8
0
100
AcDbBlockReference
  2
RES_0402_3482
 10
15.4999563
 20
14.32999928
 30
0.0
  0
INSERT
  5
AFA
330
1F
100
AcDbEntity
  8
0
100
AcDbBlockReference
  2
TP_1_00MM_B_3483
 10
3.50002602
 20
16.4900102
 30
0.0
 50
90.0
  0
INSERT
  5
AFE
330
1F
100
AcDbEntity
  8
0
100
AcDbBlockReference
  2
TP_1_00MM_B_3484
 10
3.50001332
 20
8.8700102
 30
0.0
 50
90.0
  0
INSERT
  5
B02
330
1F
100
AcDbEntity
  8
0
100
AcDbBlockReference
  2
TP_1_00MM_B_3485
 10
35.50002551999999
 20
8.8700102
 30
0.0
 50
180.0
  0
INSERT
  5
B06
330
1F
100
AcDbEntity
  8
0
100
AcDbBlockReference
  2
TP_1_00MM_B_3486
 10
35.50002551999999
 20
11.4100102
 30
0.0
 50
180.0
  0
INSERT
  5
B0A
330
1F
100
AcDbEntity
  8
0
100
AcDbBlockReference
  2
TP_1_00MM_B_3487
 10
35.50002551999999
 20
13.9500102
 30
0.0
 50
180.0
  0
INSERT
  5
B0E
330
1F
100
AcDbEntity
  8
0
100
AcDbBlockReference
  2
TP_1_00MM_B_3488
 10
37.50002406
 20
13.9500102
 30
0.0
 50
180.0
  0
INSERT
  5
B12
330
1F
100
AcDbEntity
  8
0
100
AcDbBlockReference
  2
TP_1_00MM_B_3489
 10
35.50002551999999
 20
16.4900102
 30
0.0
 50
180.0
  0
INSERT
  5
B16
330
1F
100
AcDbEntity
  8
0
100
AcDbBlockReference
  2
TP_1_00MM_B_3490
 10
3.50001332
 20
11.4100102
 30
0.0
 50
90.0
  0
INSERT
  5
B1A
330
1F
100
AcDbEntity
  8
0
100
AcDbBlockReference
  2
TP_1_00MM_B_3491
 10
3.50001332
 20
13.9500102
 30
0.0
 50
90.0
  0
INSERT
  5
B1E
330
1F
100
AcDbEntity
  8
0
100
AcDbBlockReference
  2
TP_1_00MM_B_3492
 10
37.50002406
 20
8.8700102
 30
0.0
 50
180.0
  0
INSERT
  5
B22
330
1F
100
AcDbEntity
  8
0
100
AcDbBlockReference
  2
TP_1_00MM_B_3493
 10
37.50002406
 20
11.4100102
 30
0.0
 50
180.0
  0
INSERT
  5
B26
330
1F
100
AcDbEntity
  8
0
100
AcDbBlockReference
  2
TP_1_00MM_B_3494
 10
5.500024559999999
 20
13.9500102
 30
0.0
  0
INSERT
  5
B2A
330
1F
100
AcDbEntity
  8
0
100
AcDbBlockReference
  2
TP_1_00MM_B_3495
 10
5.500024559999999
 20
11.4100102
 30
0.0
  0
INSERT
  5
B2E
330
1F
100
AcDbEntity
  8
0
100
AcDbBlockReference
  2
TP_1_00MM_B_3496
 10
5.500024559999999
 20
8.8700102
 30
0.0
  0
INSERT
  5
B30
330
1F
100
AcDbEntity
  8
0
100
AcDbBlockReference
  2
F_____________1___F_________1_3497
 10
1.29999994
 20
7.799999639999999
 30
0.0
 50
270.0
  0
INSERT
  5
B32
330
1F
100
AcDbEntity
  8
0
100
AcDbBlockReference
  2
F_____________1___F_________1_3498
 10
1.29999994
 20
17.56002584
 30
0.0
 50
270.0
  0
INSERT
  5
B34
330
1F
100
AcDbEntity
  8
0
100
AcDbBlockReference
  2
F_____________1___F_________1_3499
 10
39.70001457999999
 20
17.56000044
 30
0.0
 50
270.0
  0
INSERT
  5
B36
330
1F
100
AcDbEntity
  8
0
100
AcDbBlockReference
  2
CAP_0603_3500
 10
26.85004028
 20
21.86000962
 30
0.0
 50
90.0
  0
INSERT
  5
B38
330
1F
100
AcDbEntity
  8
0
100
AcDbBlockReference
  2
CAP_0402_3501
 10
28.05004042
 20
21.86000962
 30
0.0
 50
270.0
  0
INSERT
  5
B3A
330
1F
100
AcDbEntity
  8
0
100
AcDbBlockReference
  2
RES_0402_3502
 10
25.5000252
 20
14.33001198
 30
0.0
  0
INSERT
  5
B3C
330
1F
100
AcDbEntity
  8
0
100
AcDbBlockReference
  2
RES_0402_3503
 10
25.5000252
 20
13.23001164
 30
0.0
  0
INSERT
  5
B3E
330
1F
100
AcDbEntity
  8
0
100
AcDbBlockReference
  2
RES_0402_3504
 10
25.5000252
 20
16.53000504
 30
0.0
  0
INSERT
  5
B40
330
1F
100
AcDbEntity
  8
0
100
AcDbBlockReference
  2
RES_0402_3505
 10
25.5000252
 20
11.03001096
 30
0.0
  0
INSERT
  5
B42
330
1F
100
AcDbEntity
  8
0
100
AcDbBlockReference
  2
RES_0402_3506
 10
25.5000252
 20
15.43000978
 30
0.0
  0
INSERT
  5
B44
330
1F
100
AcDbEntity
  8
0
100
AcDbBlockReference
  2
RES_0402_3507
 10
25.5000252
 20
12.1300113
 30
0.0
  0
INSERT
  5
B46
330
1F
100
AcDbEntity
  8
0
100
AcDbBlockReference
  2
UFQFPN20_3508
 10
30.80004
 20
21.86000962
 30
0.0
  0
INSERT
  5
B48
330
1F
100
AcDbEntity
  8
0
100
AcDbBlockReference
  2
RES_0402_3509
 10
25.5000252
 20
9.93001062
 30
0.0
 50
180.0
  0
INSERT
  5
B4A
330
1F
100
AcDbEntity
  8
0
100
AcDbBlockReference
  2
RES_0402_3510
 10
25.5000252
 20
8.83001028
 30
0.0
 50
180.0
  0
INSERT
  5
B4C
330
1F
100
AcDbEntity
  8
0
100
AcDbBlockReference
  2
SM04B_SRSS_TB_LF__SN__F_________1_3511
 10
3.3370012
 20
12.6800102
 30
0.0
 50
90.0
  0
INSERT
  5
B4E
330
1F
100
AcDbEntity
  8
0
100
AcDbBlockReference
  2
SM04B_SRSS_TB_LF__SN__F_________1_3512
 10
37.66302602
 20
12.68000766
 30
0.0
 50
270.0
  0
INSERT
  5
B50
330
1F
100
AcDbEntity
  8
0
100
AcDbBlockReference
  2
LEDC1608X80N_AK_3513
 10
3.70000022
 20
8.50002364
 30
0.0
 50
180.0
  0
INSERT
  5
B52
330
1F
100
AcDbEntity
  8
0
100
AcDbBlockReference
  2
RES_0402_3514
 10
6.000000699999999
 20
8.50002364
 30
0.0
 50
180.0
  0
INSERT
  5
B56
330
1F
100
AcDbEntity
  8
0
100
AcDbBlockReference
  2
TP_1_00MM_B_3515
 10
5.500024559999999
 20
16.4900102
 30
0.0
  0
INSERT
  5
B58
330
1F
100
AcDbEntity
  8
0
100
AcDbBlockReference
  2
LEDC1608X80N_AK_3516
 10
30.49999996
 20
18.7300235
 30
0.0
  0
INSERT
  5
B5A
330
1F
100
AcDbEntity
  8
0
100
AcDbBlockReference
  2
TS42_3517
 10
30.50002536
 20
12.6800102
 30
0.0
 50
90.0
  0
INSERT
  5
B6C
330
1F
100
AcDbEntity
  8
0
100
AcDbBlockReference
  2
PIN_HEADER_2_54___VERT__1_4POS_F_________1_3518
 10
20.50003012
 20
24.1100102
 30
0.0
  0
INSERT
  5
B6E
330
1F
100
AcDbEntity
  8
0
100
AcDbBlockReference
  2
LEDC1608X80N_AK_3519
 10
20.50002504
 20
18.7300108
 30
0.0
 50
180.0
  0
INSERT
  5
B98
330
1F
100
AcDbEntity
  8
0
100
AcDbBlockReference
  2
PIN_HEADER_2_54___VERT__1_10POS_3520
 10
20.50002504
 20
1.2500102
 30
0.0
  0
INSERT
  5
B9A
330
1F
100
AcDbEntity
  8
0
100
AcDbBlockReference
  2
TS42_3521
 10
20.50002504
 20
12.6800102
 30
0.0
 50
90.0
  0
INSERT
  5
B9C
330
1F
100
AcDbEntity
  8
0
100
AcDbBlockReference
  2
RES_0402_3522
 10
13.0000248
 20
18.7300108
 30
0.0
 50
180.0
  0
INSERT
  5
B9E
330
1F
100
AcDbEntity
  8
0
100
AcDbBlockReference
  2
LEDC1608X80N_AK_3523
 10
10.50002472
 20
18.7300108
 30
0.0
 50
180.0
  0
INSERT
  5
BA0
330
1F
100
AcDbEntity
  8
0
100
AcDbBlockReference
  2
TS42_3524
 10
10.50002472
 20
12.6800102
 30
0.0
 50
90.0
  0
INSERT
  5
BA2
330
1F
100
AcDbEntity
  8
0
100
AcDbBlockReference
  2
RES_0402_3525
 10
23.00002512
 20
18.7300108
 30
0.0
 50
180.0
  0
INSERT
  5
BA4
330
1F
100
AcDbEntity
  8
0
100
AcDbBlockReference
  2
RES_0402_3526
 10
25.5000252
 20
17.63000284
 30
0.0
  0
ENDSEC
  0
SECTION
  2
OBJECTS
  0
DICTIONARY
  5
C
330
0
100
AcDbDictionary
281
     1
  3
ACAD_DETAILVIEWSTYLE
350
C0A
  3
ACAD_GROUP
350
D
  3
ACAD_LAYOUT
350
1A
  3
ACAD_MATERIAL
350
43
  3
ACAD_MLEADERSTYLE
350
5B
  3
ACAD_MLINESTYLE
350
17
  3
ACAD_PLOTSETTINGS
350
19
  3
ACAD_PLOTSTYLENAME
350
E
  3
ACAD_SCALELIST
350
47
  3
ACAD_SECTIONVIEWSTYLE
350
C0B
  3
ACAD_TABLESTYLE
350
59
  3
ACAD_VISUALSTYLE
350
2A
  3
ACDB_RECOMPOSE_DATA
350
C07
  3
AcDbVariableDictionary
350
C03
  0
SUN
  5
5D
330
29
100
AcDbSun
 90
        1
290
     0
 63
     7
421
 16777215
 40
1.0
291
     1
 91
  2455826
 92
 54000000
292
     0
 70
     2
 71
   256
280
     1
  0
DICTIONARY
  5
C0A
102
{ACAD_REACTORS
330
C
102
}
330
C
100
AcDbDictionary
281
     1
  0
DICTIONARY
  5
D
102
{ACAD_REACTORS
330
C
102
}
330
C
100
AcDbDictionary
281
     1
  0
DICTIONARY
  5
1A
102
{ACAD_REACTORS
330
C
102
}
330
C
100
AcDbDictionary
281
     1
  3
Layout1
350
1E
  3
Layout2
350
26
  3
Model
350
22
  0
DICTIONARY
  5
43
102
{ACAD_REACTORS
330
C
102
}
330
C
100
AcDbDictionary
281
     1
  3
ByBlock
350
45
  3
ByLayer
350
44
  3
Global
350
46
  0
DICTIONARY
  5
5B
102
{ACAD_REACTORS
330
C
102
}
330
C
100
AcDbDictionary
281
     1
  3
Standard
350
5C
  0
DICTIONARY
  5
17
102
{ACAD_REACTORS
330
C
102
}
330
C
100
AcDbDictionary
281
     1
  3
Standard
350
18
  0
DICTIONARY
  5
19
102
{ACAD_REACTORS
330
C
102
}
330
C
100
AcDbDictionary
281
     1
  0
ACDBDICTIONARYWDFLT
  5
E
102
{ACAD_REACTORS
330
C
102
}
330
C
100
AcDbDictionary
281
     1
  3
Normal
350
F
100
AcDbDictionaryWithDefault
340
F
  0
DICTIONARY
  5
47
102
{ACAD_REACTORS
330
C
102
}
330
C
100
AcDbDictionary
281
     1
  3
A0
350
48
  3
A1
350
49
  3
A2
350
4A
  3
A3
350
4B
  3
A4
350
4C
  3
A5
350
4D
  3
A6
350
4E
  3
A7
350
4F
  3
A8
350
50
  3
A9
350
51
  3
B1
350
52
  3
B2
350
53
  3
B3
350
54
  3
B4
350
55
  3
B5
350
56
  3
B6
350
57
  3
B7
350
58
  0
DICTIONARY
  5
C0B
102
{ACAD_REACTORS
330
C
102
}
330
C
100
AcDbDictionary
281
     1
  0
DICTIONARY
  5
59
102
{ACAD_REACTORS
330
C
102
}
330
C
100
AcDbDictionary
281
     1
  3
Standard
350
5A
  0
DICTIONARY
  5
2A
102
{ACAD_REACTORS
330
C
102
}
330
C
100
AcDbDictionary
281
     1
  3
2dWireframe
350
2F
  3
Basic
350
32
  3
Brighten
350
36
  3
ColorChange
350
3A
  3
Conceptual
350
34
  3
Dim
350
35
  3
EdgeColorOff
350
3D
  3
Facepattern
350
39
  3
Flat
350
2B
  3
FlatWithEdges
350
2C
  3
Gouraud
350
2D
  3
GouraudWithEdges
350
2E
  3
Hidden
350
31
  3
JitterOff
350
3B
  3
Linepattern
350
38
  3
OverhangOff
350
3C
  3
Realistic
350
33
  3
Shaded
350
42
  3
Shaded with edges
350
41
  3
Shades of Gray
350
3E
  3
Sketchy
350
3F
  3
Thicken
350
37
  3
Wireframe
350
30
  3
X-Ray
350
40
  0
XRECORD
  5
C07
102
{ACAD_REACTORS
330
C
102
}
330
C
100
AcDbXrecord
280
     1
 90
        1
330
5A
  0
DICTIONARY
  5
C03
102
{ACAD_REACTORS
330
C
102
}
330
C
100
AcDbDictionary
281
     1
  3
CANNOSCALE
350
C04
  3
CMLEADERSTYLE
350
C09
  3
CTABLESTYLE
350
C08
  0
LAYOUT
  5
1E
102
{ACAD_REACTORS
330
1A
102
}
330
1A
100
AcDbPlotSettings
  1

  2
none_device
  4

  6

 40
0.0
 41
0.0
 42
0.0
 43
0.0
 44
0.0
 45
0.0
 46
0.0
 47
0.0
 48
0.0
 49
0.0
140
0.0
141
0.0
142
1.0
143
1.0
 70
   688
 72
     0
 73
     0
 74
     5
  7

 75
    16
 76
     0
 77
     2
 78
   300
147
1.0
148
0.0
149
0.0
100
AcDbLayout
  1
Layout1
 70
     1
 71
     1
 10
0.0
 20
0.0
 11
12.0
 21
9.0
 12
0.0
 22
0.0
 32
0.0
 14
1.000000000000000E+20
 24
1.000000000000000E+20
 34
1.000000000000000E+20
 15
-1.000000000000000E+20
 25
-1.000000000000000E+20
 35
-1.000000000000000E+20
146
0.0
 13
0.0
 23
0.0
 33
0.0
 16
1.0
 26
0.0
 36
0.0
 17
0.0
 27
1.0
 37
0.0
 76
     0
330
1B
  0
LAYOUT
  5
26
102
{ACAD_REACTORS
330
1A
102
}
330
1A
100
AcDbPlotSettings
  1

  2
none_device
  4

  6

 40
0.0
 41
0.0
 42
0.0
 43
0.0
 44
0.0
 45
0.0
 46
0.0
 47
0.0
 48
0.0
 49
0.0
140
0.0
141
0.0
142
1.0
143
1.0
 70
   688
 72
     0
 73
     0
 74
     5
  7

 75
    16
 76
     0
 77
     2
 78
   300
147
1.0
148
0.0
149
0.0
100
AcDbLayout
  1
Layout2
 70
     1
 71
     2
 10
0.0
 20
0.0
 11
0.0
 21
0.0
 12
0.0
 22
0.0
 32
0.0
 14
0.0
 24
0.0
 34
0.0
 15
0.0
 25
0.0
 35
0.0
146
0.0
 13
0.0
 23
0.0
 33
0.0
 16
1.0
 26
0.0
 36
0.0
 17
0.0
 27
1.0
 37
0.0
 76
     0
330
23
  0
LAYOUT
  5
22
102
{ACAD_REACTORS
330
1A
102
}
330
1A
100
AcDbPlotSettings
  1

  2
none_device
  4
Letter_(8.50_x_11.00_Inches)
  6

 40
6.35
 41
6.35
 42
6.35000508
 43
6.35000508
 44
215.9
 45
279.4
 46
0.0
 47
0.0
 48
0.0
 49
0.0
140
0.0
141
0.0
142
1.0
143
1.0
 70
  1712
 72
     0
 73
     0
 74
     0
  7

 75
     0
 76
     0
 77
     2
 78
   300
147
1.0
148
0.0
149
0.0
100
AcDbLayout
  1
Model
 70
     1
 71
     0
 10
-20.58408126
 20
-20.56642318
 11
63.55542788
 21
47.3657676
 12
0.0
 22
0.0
 32
0.0
 14
1.000000000000000E+20
 24
1.000000000000000E+20
 34
1.000000000000000E+20
 15
-1.000000000000000E+20
 25
-1.000000000000000E+20
 35
-1.000000000000000E+20
146
0.0
 13
0.0
 23
0.0
 33
0.0
 16
1.0
 26
0.0
 36
0.0
 17
0.0
 27
1.0
 37
0.0
 76
     0
330
1F
331
29
  0
MATERIAL
  5
45
102
{ACAD_REACTORS
330
43
102
}
330
43
100
AcDbMaterial
  1
ByBlock
 72
     1
 94
      127
  0
MATERIAL
  5
44
102
{ACAD_REACTORS
330
43
102
}
330
43
100
AcDbMaterial
  1
ByLayer
 72
     1
 94
      127
  0
MATERIAL
  5
46
102
{ACAD_REACTORS
330
43
102
}
330
43
100
AcDbMaterial
  1
Global
 72
     1
 94
      127
  0
MLEADERSTYLE
  5
5C
102
{ACAD_REACTORS
330
5B
102
}
330
5B
100
AcDbMLeaderStyle
179
     2
170
     2
171
     1
172
     0
 90
        2
 40
0.0
 41
0.0
173
     1
 91
-1056964608
340
14
 92
       -2
290
     1
 42
0.09
291
     1
 43
0.36
  3
Standard
341
0
 44
0.18
300

342
11
174
     1
178
     6
175
     1
176
     0
 93
-1056964608
 45
0.18
292
     0
297
     0
 46
0.18
343
0
 94
-1056964608
 47
1.0
 49
1.0
140
1.0
293
     1
141
0.0
294
     1
177
     0
142
1.0
295
     0
296
     0
143
0.125
271
     0
272
     9
273
     9
298
     0
  0
MLINESTYLE
  5
18
102
{ACAD_REACTORS
330
17
102
}
330
17
100
AcDbMlineStyle
  2
Standard
 70
     0
  3

 62
   256
 51
90.0
 52
90.0
 71
     2
 49
0.5
 62
   256
  6
BYLAYER
 49
-0.5
 62
   256
  6
BYLAYER
  0
ACDBPLACEHOLDER
  5
F
102
{ACAD_REACTORS
330
E
102
}
330
E
  0
SCALE
  5
48
102
{ACAD_REACTORS
330
47
102
}
330
47
100
AcDbScale
 70
     0
300
1:1
140
1.0
141
1.0
290
     1
  0
SCALE
  5
49
102
{ACAD_REACTORS
330
47
102
}
330
47
100
AcDbScale
 70
     0
300
1/128" = 1'-0"
140
0.0078125
141
12.0
290
     0
  0
SCALE
  5
4A
102
{ACAD_REACTORS
330
47
102
}
330
47
100
AcDbScale
 70
     0
300
1/64" = 1'-0"
140
0.015625
141
12.0
290
     0
  0
SCALE
  5
4B
102
{ACAD_REACTORS
330
47
102
}
330
47
100
AcDbScale
 70
     0
300
1/32" = 1'-0"
140
0.03125
141
12.0
290
     0
  0
SCALE
  5
4C
102
{ACAD_REACTORS
330
47
102
}
330
47
100
AcDbScale
 70
     0
300
1/16" = 1'-0"
140
0.0625
141
12.0
290
     0
  0
SCALE
  5
4D
102
{ACAD_REACTORS
330
47
102
}
330
47
100
AcDbScale
 70
     0
300
3/32" = 1'-0"
140
0.09375
141
12.0
290
     0
  0
SCALE
  5
4E
102
{ACAD_REACTORS
330
47
102
}
330
47
100
AcDbScale
 70
     0
300
1/8" = 1'-0"
140
0.125
141
12.0
290
     0
  0
SCALE
  5
4F
102
{ACAD_REACTORS
330
47
102
}
330
47
100
AcDbScale
 70
     0
300
3/16" = 1'-0"
140
0.1875
141
12.0
290
     0
  0
SCALE
  5
50
102
{ACAD_REACTORS
330
47
102
}
330
47
100
AcDbScale
 70
     0
300
1/4" = 1'-0"
140
0.25
141
12.0
290
     0
  0
SCALE
  5
51
102
{ACAD_REACTORS
330
47
102
}
330
47
100
AcDbScale
 70
     0
300
3/8" = 1'-0"
140
0.375
141
12.0
290
     0
  0
SCALE
  5
52
102
{ACAD_REACTORS
330
47
102
}
330
47
100
AcDbScale
 70
     0
300
1/2" = 1'-0"
140
0.5
141
12.0
290
     0
  0
SCALE
  5
53
102
{ACAD_REACTORS
330
47
102
}
330
47
100
AcDbScale
 70
     0
300
3/4" = 1'-0"
140
0.75
141
12.0
290
     0
  0
SCALE
  5
54
102
{ACAD_REACTORS
330
47
102
}
330
47
100
AcDbScale
 70
     0
300
1" = 1'-0"
140
1.0
141
12.0
290
     0
  0
SCALE
  5
55
102
{ACAD_REACTORS
330
47
102
}
330
47
100
AcDbScale
 70
     0
300
1-1/2" = 1'-0"
140
1.5
141
12.0
290
     0
  0
SCALE
  5
56
102
{ACAD_REACTORS
330
47
102
}
330
47
100
AcDbScale
 70
     0
300
3" = 1'-0"
140
3.0
141
12.0
290
     0
  0
SCALE
  5
57
102
{ACAD_REACTORS
330
47
102
}
330
47
100
AcDbScale
 70
     0
300
6" = 1'-0"
140
6.0
141
12.0
290
     0
  0
SCALE
  5
58
102
{ACAD_REACTORS
330
47
102
}
330
47
100
AcDbScale
 70
     0
300
1'-0" = 1'-0"
140
12.0
141
12.0
290
     0
  0
TABLESTYLE
  5
5A
102
{ACAD_REACTORS
330
59
102
}
102
{ACAD_XDICTIONARY
360
C05
102
}
330
59
100
AcDbTableStyle
  3
Standard
 70
     0
 71
     0
 40
0.06
 41
0.06
280
     0
281
     0
  7
Standard
140
0.18
170
     2
 62
     0
 63
   257
283
     0
 90
        4
 91
        0
  1

274
    -2
284
     1
 64
     0
275
    -2
285
     1
 65
     0
276
    -2
286
     1
 66
     0
277
    -2
287
     1
 67
     0
278
    -2
288
     1
 68
     0
279
    -2
289
     1
 69
     0
  7
Standard
140
0.25
170
     5
 62
     0
 63
   257
283
     0
 90
        4
 91
        0
  1

274
    -2
284
     1
 64
     0
275
    -2
285
     1
 65
     0
276
    -2
286
     1
 66
     0
277
    -2
287
     1
 67
     0
278
    -2
288
     1
 68
     0
279
    -2
289
     1
 69
     0
  7
Standard
140
0.18
170
     5
 62
     0
 63
   257
283
     0
 90
        4
 91
        0
  1

274
    -2
284
     1
 64
     0
275
    -2
285
     1
 65
     0
276
    -2
286
     1
 66
     0
277
    -2
287
     1
 67
     0
278
    -2
288
     1
 68
     0
279
    -2
289
     1
 69
     0
  0
VISUALSTYLE
  5
2F
102
{ACAD_REACTORS
330
2A
102
}
330
2A
100
AcDbVisualStyle
  2
2dWireframe
 70
     4
177
     3
291
     0
 70
    58
 90
        0
176
     1
 90
        2
176
     1
 90
        0
176
     1
 90
        0
176
     1
 40
0.6
176
     1
 40
30.0
176
     1
 62
     7
420
 16777215
176
     1
 90
        1
176
     1
 90
        4
176
     1
 62
     7
176
     1
 62
   257
176
     1
 90
        1
176
     1
 90
        1
176
     1
 40
1.0
176
     1
 90
        0
176
     1
 62
   257
176
     1
 40
1.0
176
     1
 90
        1
176
     1
 90
        6
176
     1
 90
        2
176
     1
 62
     7
176
     1
 90
        5
176
     1
 90
        0
176
     1
 90
        0
176
     1
290
     0
176
     1
 90
        1
176
     1
 40
0.0
176
     1
 90
        0
176
     1
290
     1
176
     1
290
     1
176
     1
290
     0
176
     1
290
     0
176
     1
290
     0
176
     1
290
     0
176
     1
290
     0
176
     1
290
     0
176
     1
290
     0
176
     1
 90
       50
176
     1
 40
0.0
176
     1
 40
1.0
176
     1
 90
        0
176
     1
 62
    18
420
        0
176
     1
 90
       50
176
     1
 90
        3
176
     1
 62
     5
420
      255
176
     1
290
     0
176
     1
 90
       50
176
     1
 90
       50
176
     1
 90
       50
176
     1
290
     0
176
     1
 90
       50
176
     1
 62
   256
176
     0
 40
1.0
176
     0
 90
        2
176
     1
  1
strokes_ogs.tif
176
     1
290
     0
176
     1
 40
1.0
176
     1
 40
1.0
176
     1
  0
VISUALSTYLE
  5
32
102
{ACAD_REACTORS
330
2A
102
}
330
2A
100
AcDbVisualStyle
  2
Basic
 70
     7
177
     3
291
     1
 70
    58
 90
        1
176
     1
 90
        0
176
     1
 90
        1
176
     1
 90
        0
176
     1
 40
0.6
176
     1
 40
30.0
176
     1
 62
     7
420
 16777215
176
     1
 90
        0
176
     1
 90
        4
176
     1
 62
     7
176
     1
 62
   257
176
     1
 90
        1
176
     1
 90
        1
176
     1
 40
1.0
176
     1
 90
        8
176
     1
 62
     7
176
     1
 40
1.0
176
     1
 90
        1
176
     1
 90
        6
176
     1
 90
        2
176
     1
 62
     7
176
     1
 90
        5
176
     1
 90
        0
176
     1
 90
        0
176
     1
290
     0
176
     1
 90
        1
176
     1
 40
0.0
176
     1
 90
        0
176
     1
290
     0
176
     1
290
     1
176
     1
290
     1
176
     1
290
     0
176
     1
290
     0
176
     1
290
     0
176
     1
290
     0
176
     1
290
     0
176
     1
290
     0
176
     1
 90
       50
176
     1
 40
0.0
176
     1
 40
1.0
176
     1
 90
        0
176
     1
 62
    18
420
        0
176
     1
 90
       50
176
     1
 90
        3
176
     1
 62
     5
420
      255
176
     1
290
     0
176
     1
 90
       50
176
     1
 90
       50
176
     1
 90
       50
176
     1
290
     0
176
     1
 90
       50
176
     1
 62
   256
176
     0
 40
1.0
176
     0
 90
        2
176
     1
  1
strokes_ogs.tif
176
     1
290
     0
176
     1
 40
1.0
176
     1
 40
1.0
176
     1
  0
VISUALSTYLE
  5
36
102
{ACAD_REACTORS
330
2A
102
}
330
2A
100
AcDbVisualStyle
  2
Brighten
 70
    12
177
     3
291
     1
 70
    58
 90
        2
176
     1
 90
        2
176
     1
 90
        0
176
     1
 90
        0
176
     1
 40
0.6
176
     1
 40
30.0
176
     1
 62
     7
420
 16777215
176
     1
 90
        1
176
     1
 90
        4
176
     1
 62
     7
176
     1
 62
   257
176
     1
 90
        1
176
     1
 90
        1
176
     1
 40
1.0
176
     1
 90
        8
176
     1
 62
     7
176
     1
 40
1.0
176
     1
 90
        1
176
     1
 90
        6
176
     1
 90
        2
176
     1
 62
     7
176
     1
 90
        5
176
     1
 90
        0
176
     1
 90
        0
176
     1
290
     0
176
     1
 90
        1
176
     1
 40
50.0
176
     1
 90
        0
176
     1
290
     0
176
     1
290
     1
176
     1
290
     1
176
     1
290
     0
176
     1
290
     0
176
     1
290
     0
176
     1
290
     0
176
     1
290
     0
176
     1
290
     0
176
     1
 90
       50
176
     1
 40
0.0
176
     1
 40
1.0
176
     1
 90
        0
176
     1
 62
    18
420
        0
176
     1
 90
       50
176
     1
 90
        3
176
     1
 62
     5
420
      255
176
     1
290
     0
176
     1
 90
       50
176
     1
 90
       50
176
     1
 90
       50
176
     1
290
     0
176
     1
 90
       50
176
     1
 62
   256
176
     0
 40
1.0
176
     0
 90
        2
176
     1
  1
strokes_ogs.tif
176
     1
290
     0
176
     1
 40
1.0
176
     1
 40
1.0
176
     1
  0
VISUALSTYLE
  5
3A
102
{ACAD_REACTORS
330
2A
102
}
330
2A
100
AcDbVisualStyle
  2
ColorChange
 70
    16
177
     3
291
     1
 70
    58
 90
        2
176
     1
 90
        2
176
     1
 90
        3
176
     1
 90
        0
176
     1
 40
0.6
176
     1
 40
30.0
176
     1
 62
     8
420
  8421504
176
     1
 90
        1
176
     1
 90
        4
176
     1
 62
     7
176
     1
 62
   257
176
     1
 90
        1
176
     1
 90
        1
176
     1
 40
1.0
176
     1
 90
        8
176
     1
 62
     8
420
  8421504
176
     1
 40
1.0
176
     1
 90
        1
176
     1
 90
        6
176
     1
 90
        2
176
     1
 62
     7
176
     1
 90
        5
176
     1
 90
        0
176
     1
 90
        0
176
     1
290
     0
176
     1
 90
        1
176
     1
 40
0.0
176
     1
 90
        0
176
     1
290
     0
176
     1
290
     1
176
     1
290
     1
176
     1
290
     0
176
     1
290
     0
176
     1
290
     0
176
     1
290
     0
176
     1
290
     0
176
     1
290
     0
176
     1
 90
       50
176
     1
 40
0.0
176
     1
 40
1.0
176
     1
 90
        0
176
     1
 62
    18
420
        0
176
     1
 90
       50
176
     1
 90
        3
176
     1
 62
     5
420
      255
176
     1
290
     0
176
     1
 90
       50
176
     1
 90
       50
176
     1
 90
       50
176
     1
290
     0
176
     1
 90
       50
176
     1
 62
   256
176
     0
 40
1.0
176
     0
 90
        2
176
     1
  1
strokes_ogs.tif
176
     1
290
     0
176
     1
 40
1.0
176
     1
 40
1.0
176
     1
  0
VISUALSTYLE
  5
34
102
{ACAD_REACTORS
330
2A
102
}
330
2A
100
AcDbVisualStyle
  2
Conceptual
 70
     9
177
     3
291
     0
 70
    58
 90
        3
176
     1
 90
        2
176
     1
 90
        0
176
     1
 90
        0
176
     1
 40
0.6
176
     1
 40
30.0
176
     1
 62
     7
420
 16777215
176
     1
 90
        2
176
     1
 90
        2
176
     1
 62
     7
176
     1
 62
   257
176
     1
 90
        1
176
     1
 90
        1
176
     1
 40
179.0
176
     1
 90
        8
176
     1
 62
     7
176
     1
 40
1.0
176
     1
 90
        1
176
     1
 90
        6
176
     1
 90
        2
176
     1
 62
     7
176
     1
 90
        3
176
     1
 90
        0
176
     1
 90
        0
176
     1
290
     0
176
     1
 90
        1
176
     1
 40
0.0
176
     1
 90
        0
176
     1
290
     0
176
     1
290
     1
176
     1
290
     1
176
     1
290
     0
176
     1
290
     0
176
     1
290
     0
176
     1
290
     0
176
     1
290
     0
176
     1
290
     0
176
     1
 90
       50
176
     1
 40
0.0
176
     1
 40
1.0
176
     1
 90
        0
176
     1
 62
    18
420
        0
176
     1
 90
       50
176
     1
 90
        3
176
     1
 62
     5
420
      255
176
     1
290
     0
176
     1
 90
       50
176
     1
 90
       50
176
     1
 90
       50
176
     1
290
     0
176
     1
 90
       50
176
     1
 62
   256
176
     0
 40
1.0
176
     0
 90
        2
176
     1
  1
strokes_ogs.tif
176
     1
290
     0
176
     1
 40
1.0
176
     1
 40
1.0
176
     1
  0
VISUALSTYLE
  5
35
102
{ACAD_REACTORS
330
2A
102
}
330
2A
100
AcDbVisualStyle
  2
Dim
 70
    11
177
     3
291
     1
 70
    58
 90
        2
176
     1
 90
        2
176
     1
 90
        0
176
     1
 90
        0
176
     1
 40
0.6
176
     1
 40
30.0
176
     1
 62
     7
420
 16777215
176
     1
 90
        1
176
     1
 90
        4
176
     1
 62
     7
176
     1
 62
   257
176
     1
 90
        1
176
     1
 90
        1
176
     1
 40
1.0
176
     1
 90
        8
176
     1
 62
     7
176
     1
 40
1.0
176
     1
 90
        1
176
     1
 90
        6
176
     1
 90
        2
176
     1
 62
     7
176
     1
 90
        5
176
     1
 90
        0
176
     1
 90
        0
176
     1
290
     0
176
     1
 90
        1
176
     1
 40
-50.0
176
     1
 90
        0
176
     1
290
     0
176
     1
290
     1
176
     1
290
     1
176
     1
290
     0
176
     1
290
     0
176
     1
290
     0
176
     1
290
     0
176
     1
290
     0
176
     1
290
     0
176
     1
 90
       50
176
     1
 40
0.0
176
     1
 40
1.0
176
     1
 90
        0
176
     1
 62
    18
420
        0
176
     1
 90
       50
176
     1
 90
        3
176
     1
 62
     5
420
      255
176
     1
290
     0
176
     1
 90
       50
176
     1
 90
       50
176
     1
 90
       50
176
     1
290
     0
176
     1
 90
       50
176
     1
 62
   256
176
     0
 40
1.0
176
     0
 90
        2
176
     1
  1
strokes_ogs.tif
176
     1
290
     0
176
     1
 40
1.0
176
     1
 40
1.0
176
     1
  0
VISUALSTYLE
  5
3D
102
{ACAD_REACTORS
330
2A
102
}
330
2A
100
AcDbVisualStyle
  2
EdgeColorOff
 70
    22
177
     3
291
     1
 70
    58
 90
        2
176
     0
 90
        2
176
     0
 90
        0
176
     0
 90
        0
176
     0
 40
0.6
176
     0
 40
30.0
176
     0
 62
     7
420
 16777215
176
     0
 90
        1
176
     0
 90
        4
176
     0
 62
     7
176
     0
 62
   257
176
     0
 90
        1
176
     0
 90
        1
176
     0
 40
1.0
176
     0
 90
        8
176
     2
 62
     7
176
     0
 40
1.0
176
     0
 90
        1
176
     0
 90
        6
176
     0
 90
        2
176
     0
 62
     7
176
     0
 90
        5
176
     0
 90
        0
176
     0
 90
        0
176
     0
290
     0
176
     0
 90
        1
176
     0
 40
0.0
176
     0
 90
        0
176
     0
290
     0
176
     0
290
     1
176
     0
290
     1
176
     0
290
     0
176
     0
290
     0
176
     0
290
     0
176
     0
290
     0
176
     0
290
     0
176
     0
290
     0
176
     0
 90
       50
176
     0
 40
0.0
176
     0
 40
1.0
176
     0
 90
        0
176
     0
 62
    18
420
        0
176
     0
 90
       50
176
     0
 90
        3
176
     0
 62
     5
420
      255
176
     0
290
     0
176
     0
 90
       50
176
     0
 90
       50
176
     0
 90
       50
176
     0
290
     0
176
     0
 90
       50
176
     0
 62
   256
176
     0
 40
1.0
176
     0
 90
        2
176
     0
  1
strokes_ogs.tif
176
     0
290
     0
176
     0
 40
1.0
176
     0
 40
1.0
176
     0
  0
VISUALSTYLE
  5
39
102
{ACAD_REACTORS
330
2A
102
}
330
2A
100
AcDbVisualStyle
  2
Facepattern
 70
    15
177
     3
291
     1
 70
    58
 90
        2
176
     1
 90
        2
176
     1
 90
        0
176
     1
 90
        0
176
     1
 40
0.6
176
     1
 40
30.0
176
     1
 62
     7
420
 16777215
176
     1
 90
        1
176
     1
 90
        4
176
     1
 62
     7
176
     1
 62
   257
176
     1
 90
        1
176
     1
 90
        1
176
     1
 40
1.0
176
     1
 90
        8
176
     1
 62
     7
176
     1
 40
1.0
176
     1
 90
        1
176
     1
 90
        6
176
     1
 90
        2
176
     1
 62
     7
176
     1
 90
        5
176
     1
 90
        0
176
     1
 90
        0
176
     1
290
     0
176
     1
 90
        1
176
     1
 40
0.0
176
     1
 90
        0
176
     1
290
     0
176
     1
290
     1
176
     1
290
     1
176
     1
290
     0
176
     1
290
     0
176
     1
290
     0
176
     1
290
     0
176
     1
290
     0
176
     1
290
     0
176
     1
 90
       50
176
     1
 40
0.0
176
     1
 40
1.0
176
     1
 90
        0
176
     1
 62
    18
420
        0
176
     1
 90
       50
176
     1
 90
        3
176
     1
 62
     5
420
      255
176
     1
290
     0
176
     1
 90
       50
176
     1
 90
       50
176
     1
 90
       50
176
     1
290
     0
176
     1
 90
       50
176
     1
 62
   256
176
     0
 40
1.0
176
     0
 90
        2
176
     1
  1
strokes_ogs.tif
176
     1
290
     0
176
     1
 40
1.0
176
     1
 40
1.0
176
     1
  0
VISUALSTYLE
  5
2B
102
{ACAD_REACTORS
330
2A
102
}
330
2A
100
AcDbVisualStyle
  2
Flat
 70
     0
177
     3
291
     1
 70
    58
 90
        2
176
     1
 90
        1
176
     1
 90
        1
176
     1
 90
        2
176
     1
 40
0.6
176
     1
 40
30.0
176
     1
 62
     7
420
 16777215
176
     1
 90
        0
176
     1
 90
        0
176
     1
 62
     7
176
     1
 62
   257
176
     1
 90
        1
176
     1
 90
        1
176
     1
 40
1.0
176
     1
 90
        8
176
     1
 62
     7
176
     1
 40
1.0
176
     1
 90
        1
176
     1
 90
        6
176
     1
 90
        2
176
     1
 62
     7
176
     1
 90
        5
176
     1
 90
        0
176
     1
 90
        0
176
     1
290
     0
176
     1
 90
       13
176
     1
 40
0.0
176
     1
 90
        0
176
     1
290
     0
176
     1
290
     1
176
     1
290
     1
176
     1
290
     0
176
     1
290
     0
176
     1
290
     0
176
     1
290
     0
176
     1
290
     0
176
     1
290
     0
176
     1
 90
       50
176
     1
 40
0.0
176
     1
 40
1.0
176
     1
 90
        0
176
     1
 62
    18
420
        0
176
     1
 90
       50
176
     1
 90
        3
176
     1
 62
     5
420
      255
176
     1
290
     0
176
     1
 90
       50
176
     1
 90
       50
176
     1
 90
       50
176
     1
290
     0
176
     1
 90
       50
176
     1
 62
   256
176
     0
 40
1.0
176
     0
 90
        2
176
     1
  1
strokes_ogs.tif
176
     1
290
     0
176
     1
 40
1.0
176
     1
 40
1.0
176
     1
  0
VISUALSTYLE
  5
2C
102
{ACAD_REACTORS
330
2A
102
}
330
2A
100
AcDbVisualStyle
  2
FlatWithEdges
 70
     1
177
     3
291
     1
 70
    58
 90
        2
176
     1
 90
        1
176
     1
 90
        1
176
     1
 90
        2
176
     1
 40
0.6
176
     1
 40
30.0
176
     1
 62
     7
420
 16777215
176
     1
 90
        1
176
     1
 90
        0
176
     1
 62
     7
176
     1
 62
   257
176
     1
 90
        1
176
     1
 90
        1
176
     1
 40
1.0
176
     1
 90
        0
176
     1
 62
   257
176
     1
 40
1.0
176
     1
 90
        1
176
     1
 90
        6
176
     1
 90
        2
176
     1
 62
     7
176
     1
 90
        5
176
     1
 90
        0
176
     1
 90
        0
176
     1
290
     0
176
     1
 90
       13
176
     1
 40
0.0
176
     1
 90
        0
176
     1
290
     0
176
     1
290
     1
176
     1
290
     1
176
     1
290
     0
176
     1
290
     0
176
     1
290
     0
176
     1
290
     0
176
     1
290
     0
176
     1
290
     0
176
     1
 90
       50
176
     1
 40
0.0
176
     1
 40
1.0
176
     1
 90
        0
176
     1
 62
    18
420
        0
176
     1
 90
       50
176
     1
 90
        3
176
     1
 62
     5
420
      255
176
     1
290
     0
176
     1
 90
       50
176
     1
 90
       50
176
     1
 90
       50
176
     1
290
     0
176
     1
 90
       50
176
     1
 62
   256
176
     0
 40
1.0
176
     0
 90
        2
176
     1
  1
strokes_ogs.tif
176
     1
290
     0
176
     1
 40
1.0
176
     1
 40
1.0
176
     1
  0
VISUALSTYLE
  5
2D
102
{ACAD_REACTORS
330
2A
102
}
330
2A
100
AcDbVisualStyle
  2
Gouraud
 70
     2
177
     3
291
     1
 70
    58
 90
        2
176
     1
 90
        2
176
     1
 90
        1
176
     1
 90
        2
176
     1
 40
0.6
176
     1
 40
30.0
176
     1
 62
     7
420
 16777215
176
     1
 90
        0
176
     1
 90
        0
176
     1
 62
     7
176
     1
 62
   257
176
     1
 90
        1
176
     1
 90
        1
176
     1
 40
1.0
176
     1
 90
        0
176
     1
 62
     7
176
     1
 40
1.0
176
     1
 90
        1
176
     1
 90
        6
176
     1
 90
        2
176
     1
 62
     7
176
     1
 90
        5
176
     1
 90
        0
176
     1
 90
        0
176
     1
290
     0
176
     1
 90
       13
176
     1
 40
0.0
176
     1
 90
        0
176
     1
290
     0
176
     1
290
     1
176
     1
290
     1
176
     1
290
     0
176
     1
290
     0
176
     1
290
     0
176
     1
290
     0
176
     1
290
     0
176
     1
290
     0
176
     1
 90
       50
176
     1
 40
0.0
176
     1
 40
1.0
176
     1
 90
        0
176
     1
 62
    18
420
        0
176
     1
 90
       50
176
     1
 90
        3
176
     1
 62
     5
420
      255
176
     1
290
     0
176
     1
 90
       50
176
     1
 90
       50
176
     1
 90
       50
176
     1
290
     0
176
     1
 90
       50
176
     1
 62
   256
176
     0
 40
1.0
176
     0
 90
        2
176
     1
  1
strokes_ogs.tif
176
     1
290
     0
176
     1
 40
1.0
176
     1
 40
1.0
176
     1
  0
VISUALSTYLE
  5
2E
102
{ACAD_REACTORS
330
2A
102
}
330
2A
100
AcDbVisualStyle
  2
GouraudWithEdges
 70
     3
177
     3
291
     1
 70
    58
 90
        2
176
     1
 90
        2
176
     1
 90
        1
176
     1
 90
        2
176
     1
 40
0.6
176
     1
 40
30.0
176
     1
 62
     7
420
 16777215
176
     1
 90
        1
176
     1
 90
        0
176
     1
 62
     7
176
     1
 62
   257
176
     1
 90
        1
176
     1
 90
        1
176
     1
 40
1.0
176
     1
 90
        0
176
     1
 62
   257
176
     1
 40
1.0
176
     1
 90
        1
176
     1
 90
        6
176
     1
 90
        2
176
     1
 62
     7
176
     1
 90
        5
176
     1
 90
        0
176
     1
 90
        0
176
     1
290
     0
176
     1
 90
       13
176
     1
 40
0.0
176
     1
 90
        0
176
     1
290
     0
176
     1
290
     1
176
     1
290
     1
176
     1
290
     0
176
     1
290
     0
176
     1
290
     0
176
     1
290
     0
176
     1
290
     0
176
     1
290
     0
176
     1
 90
       50
176
     1
 40
0.0
176
     1
 40
1.0
176
     1
 90
        0
176
     1
 62
    18
420
        0
176
     1
 90
       50
176
     1
 90
        3
176
     1
 62
     5
420
      255
176
     1
290
     0
176
     1
 90
       50
176
     1
 90
       50
176
     1
 90
       50
176
     1
290
     0
176
     1
 90
       50
176
     1
 62
   256
176
     0
 40
1.0
176
     0
 90
        2
176
     1
  1
strokes_ogs.tif
176
     1
290
     0
176
     1
 40
1.0
176
     1
 40
1.0
176
     1
  0
VISUALSTYLE
  5
31
102
{ACAD_REACTORS
330
2A
102
}
330
2A
100
AcDbVisualStyle
  2
Hidden
 70
     6
177
     3
291
     0
 70
    58
 90
        1
176
     1
 90
        2
176
     1
 90
        2
176
     1
 90
        0
176
     1
 40
0.6
176
     1
 40
30.0
176
     1
 62
     7
420
 16777215
176
     1
 90
        2
176
     1
 90
        2
176
     1
 62
     7
176
     1
 62
   257
176
     1
 90
        2
176
     1
 90
        1
176
     1
 40
40.0
176
     1
 90
        0
176
     1
 62
   257
176
     1
 40
1.0
176
     1
 90
        1
176
     1
 90
        6
176
     1
 90
        2
176
     1
 62
     7
176
     1
 90
        3
176
     1
 90
        0
176
     1
 90
        0
176
     1
290
     0
176
     1
 90
        1
176
     1
 40
0.0
176
     1
 90
        0
176
     1
290
     0
176
     1
290
     1
176
     1
290
     1
176
     1
290
     0
176
     1
290
     0
176
     1
290
     0
176
     1
290
     0
176
     1
290
     0
176
     1
290
     0
176
     1
 90
       50
176
     1
 40
0.0
176
     1
 40
1.0
176
     1
 90
        0
176
     1
 62
    18
420
        0
176
     1
 90
       50
176
     1
 90
        3
176
     1
 62
     5
420
      255
176
     1
290
     0
176
     1
 90
       50
176
     1
 90
       50
176
     1
 90
       50
176
     1
290
     0
176
     1
 90
       50
176
     1
 62
   256
176
     0
 40
1.0
176
     0
 90
        2
176
     1
  1
strokes_ogs.tif
176
     1
290
     0
176
     1
 40
1.0
176
     1
 40
1.0
176
     1
  0
VISUALSTYLE
  5
3B
102
{ACAD_REACTORS
330
2A
102
}
330
2A
100
AcDbVisualStyle
  2
JitterOff
 70
    20
177
     3
291
     1
 70
    58
 90
        2
176
     0
 90
        2
176
     0
 90
        0
176
     0
 90
        0
176
     0
 40
0.6
176
     0
 40
30.0
176
     0
 62
     7
420
 16777215
176
     0
 90
        1
176
     0
 90
        4
176
     0
 62
     7
176
     0
 62
   257
176
     0
 90
        1
176
     0
 90
        1
176
     0
 40
1.0
176
     0
 90
       10
176
     2
 62
     7
176
     0
 40
1.0
176
     0
 90
        1
176
     0
 90
        6
176
     0
 90
        2
176
     0
 62
     7
176
     0
 90
        5
176
     0
 90
        0
176
     0
 90
        0
176
     0
290
     0
176
     0
 90
        1
176
     0
 40
0.0
176
     0
 90
        0
176
     0
290
     0
176
     0
290
     1
176
     0
290
     1
176
     0
290
     0
176
     0
290
     0
176
     0
290
     0
176
     0
290
     0
176
     0
290
     0
176
     0
290
     0
176
     0
 90
       50
176
     0
 40
0.0
176
     0
 40
1.0
176
     0
 90
        0
176
     0
 62
    18
420
        0
176
     0
 90
       50
176
     0
 90
        3
176
     0
 62
     5
420
      255
176
     0
290
     0
176
     0
 90
       50
176
     0
 90
       50
176
     0
 90
       50
176
     0
290
     0
176
     0
 90
       50
176
     0
 62
   256
176
     0
 40
1.0
176
     0
 90
        2
176
     0
  1
strokes_ogs.tif
176
     0
290
     0
176
     0
 40
1.0
176
     0
 40
1.0
176
     0
  0
VISUALSTYLE
  5
38
102
{ACAD_REACTORS
330
2A
102
}
330
2A
100
AcDbVisualStyle
  2
Linepattern
 70
    14
177
     3
291
     1
 70
    58
 90
        2
176
     1
 90
        2
176
     1
 90
        0
176
     1
 90
        0
176
     1
 40
0.6
176
     1
 40
30.0
176
     1
 62
     7
420
 16777215
176
     1
 90
        1
176
     1
 90
        4
176
     1
 62
     7
176
     1
 62
   257
176
     1
 90
        7
176
     1
 90
        7
176
     1
 40
1.0
176
     1
 90
        8
176
     1
 62
     7
176
     1
 40
1.0
176
     1
 90
        1
176
     1
 90
        6
176
     1
 90
        2
176
     1
 62
     7
176
     1
 90
        5
176
     1
 90
        0
176
     1
 90
        0
176
     1
290
     0
176
     1
 90
        1
176
     1
 40
0.0
176
     1
 90
        0
176
     1
290
     0
176
     1
290
     1
176
     1
290
     1
176
     1
290
     0
176
     1
290
     0
176
     1
290
     0
176
     1
290
     0
176
     1
290
     0
176
     1
290
     0
176
     1
 90
       50
176
     1
 40
0.0
176
     1
 40
1.0
176
     1
 90
        0
176
     1
 62
    18
420
        0
176
     1
 90
       50
176
     1
 90
        3
176
     1
 62
     5
420
      255
176
     1
290
     0
176
     1
 90
       50
176
     1
 90
       50
176
     1
 90
       50
176
     1
290
     0
176
     1
 90
       50
176
     1
 62
   256
176
     0
 40
1.0
176
     0
 90
        2
176
     1
  1
strokes_ogs.tif
176
     1
290
     0
176
     1
 40
1.0
176
     1
 40
1.0
176
     1
  0
VISUALSTYLE
  5
3C
102
{ACAD_REACTORS
330
2A
102
}
330
2A
100
AcDbVisualStyle
  2
OverhangOff
 70
    21
177
     3
291
     1
 70
    58
 90
        2
176
     0
 90
        2
176
     0
 90
        0
176
     0
 90
        0
176
     0
 40
0.6
176
     0
 40
30.0
176
     0
 62
     7
420
 16777215
176
     0
 90
        1
176
     0
 90
        4
176
     0
 62
     7
176
     0
 62
   257
176
     0
 90
        1
176
     0
 90
        1
176
     0
 40
1.0
176
     0
 90
        9
176
     2
 62
     7
176
     0
 40
1.0
176
     0
 90
        1
176
     0
 90
        6
176
     0
 90
        2
176
     0
 62
     7
176
     0
 90
        5
176
     0
 90
        0
176
     0
 90
        0
176
     0
290
     0
176
     0
 90
        1
176
     0
 40
0.0
176
     0
 90
        0
176
     0
290
     0
176
     0
290
     1
176
     0
290
     1
176
     0
290
     0
176
     0
290
     0
176
     0
290
     0
176
     0
290
     0
176
     0
290
     0
176
     0
290
     0
176
     0
 90
       50
176
     0
 40
0.0
176
     0
 40
1.0
176
     0
 90
        0
176
     0
 62
    18
420
        0
176
     0
 90
       50
176
     0
 90
        3
176
     0
 62
     5
420
      255
176
     0
290
     0
176
     0
 90
       50
176
     0
 90
       50
176
     0
 90
       50
176
     0
290
     0
176
     0
 90
       50
176
     0
 62
   256
176
     0
 40
1.0
176
     0
 90
        2
176
     0
  1
strokes_ogs.tif
176
     0
290
     0
176
     0
 40
1.0
176
     0
 40
1.0
176
     0
  0
VISUALSTYLE
  5
33
102
{ACAD_REACTORS
330
2A
102
}
330
2A
100
AcDbVisualStyle
  2
Realistic
 70
     8
177
     3
291
     0
 70
    58
 90
        2
176
     1
 90
        3
176
     1
 90
        0
176
     1
 90
        2
176
     1
 40
0.6
176
     1
 40
30.0
176
     1
 62
     7
420
 16777215
176
     1
 90
        0
176
     1
 90
        0
176
     1
 62
     7
176
     1
 62
   257
176
     1
 90
        1
176
     1
 90
        1
176
     1
 40
1.0
176
     1
 90
        8
176
     1
 62
   257
176
     1
 40
1.0
176
     1
 90
        1
176
     1
 90
        6
176
     1
 90
        2
176
     1
 62
     7
176
     1
 90
        3
176
     1
 90
        0
176
     1
 90
        0
176
     1
290
     0
176
     1
 90
       13
176
     1
 40
0.0
176
     1
 90
        0
176
     1
290
     0
176
     1
290
     1
176
     1
290
     1
176
     1
290
     0
176
     1
290
     0
176
     1
290
     0
176
     1
290
     0
176
     1
290
     0
176
     1
290
     0
176
     1
 90
       50
176
     1
 40
0.0
176
     1
 40
1.0
176
     1
 90
        0
176
     1
 62
    18
420
        0
176
     1
 90
       50
176
     1
 90
        3
176
     1
 62
     5
420
      255
176
     1
290
     0
176
     1
 90
       50
176
     1
 90
       50
176
     1
 90
       50
176
     1
290
     0
176
     1
 90
       50
176
     1
 62
   256
176
     0
 40
1.0
176
     0
 90
        2
176
     1
  1
strokes_ogs.tif
176
     1
290
     0
176
     1
 40
1.0
176
     1
 40
1.0
176
     1
  0
VISUALSTYLE
  5
42
102
{ACAD_REACTORS
330
2A
102
}
330
2A
100
AcDbVisualStyle
  2
Shaded
 70
    27
177
     3
291
     0
 70
    58
 90
        2
176
     1
 90
        2
176
     1
 90
        1
176
     1
 90
        2
176
     1
 40
0.6
176
     1
 40
30.0
176
     1
 62
     7
420
 16777215
176
     1
 90
        0
176
     1
 90
        4
176
     1
 62
     7
176
     1
 62
   257
176
     1
 90
        1
176
     1
 90
        1
176
     1
 40
1.0
176
     1
 90
        8
176
     1
 62
   257
176
     1
 40
1.0
176
     1
 90
        1
176
     1
 90
        6
176
     1
 90
        2
176
     1
 62
     8
420
  7895160
176
     1
 90
        3
176
     1
 90
        0
176
     1
 90
        0
176
     1
290
     0
176
     1
 90
        5
176
     1
 40
0.0
176
     1
 90
        0
176
     1
290
     0
176
     1
290
     1
176
     1
290
     1
176
     1
290
     0
176
     1
290
     0
176
     1
290
     0
176
     1
290
     0
176
     1
290
     0
176
     1
290
     0
176
     1
 90
       50
176
     1
 40
0.0
176
     1
 40
1.0
176
     1
 90
        0
176
     1
 62
    18
420
        0
176
     1
 90
       50
176
     1
 90
        3
176
     1
 62
     5
420
      255
176
     1
290
     0
176
     1
 90
       50
176
     1
 90
       50
176
     1
 90
       50
176
     1
290
     0
176
     1
 90
       50
176
     1
 62
   256
176
     0
 40
1.0
176
     0
 90
        2
176
     1
  1
strokes_ogs.tif
176
     1
290
     0
176
     1
 40
1.0
176
     1
 40
1.0
176
     1
  0
VISUALSTYLE
  5
41
102
{ACAD_REACTORS
330
2A
102
}
330
2A
100
AcDbVisualStyle
  2
Shaded with edges
 70
    26
177
     3
291
     0
 70
    58
 90
        2
176
     1
 90
        2
176
     1
 90
        1
176
     1
 90
        2
176
     1
 40
0.6
176
     1
 40
30.0
176
     1
 62
     7
420
 16777215
176
     1
 90
        1
176
     1
 90
       10
176
     1
 62
     7
176
     1
 62
   257
176
     1
 90
        2
176
     1
 90
        1
176
     1
 40
1.0
176
     1
 90
        8
176
     1
 62
   257
176
     1
 40
1.0
176
     1
 90
        1
176
     1
 90
        6
176
     1
 90
        2
176
     1
 62
     7
176
     1
 90
        3
176
     1
 90
        0
176
     1
 90
        0
176
     1
290
     0
176
     1
 90
        5
176
     1
 40
0.0
176
     1
 90
        0
176
     1
290
     0
176
     1
290
     1
176
     1
290
     1
176
     1
290
     0
176
     1
290
     0
176
     1
290
     0
176
     1
290
     0
176
     1
290
     0
176
     1
290
     0
176
     1
 90
       50
176
     1
 40
0.0
176
     1
 40
1.0
176
     1
 90
        0
176
     1
 62
    18
420
        0
176
     1
 90
       50
176
     1
 90
        3
176
     1
 62
     5
420
      255
176
     1
290
     0
176
     1
 90
       50
176
     1
 90
       50
176
     1
 90
       50
176
     1
290
     0
176
     1
 90
       50
176
     1
 62
   256
176
     0
 40
1.0
176
     0
 90
        2
176
     1
  1
strokes_ogs.tif
176
     1
290
     0
176
     1
 40
1.0
176
     1
 40
1.0
176
     1
  0
VISUALSTYLE
  5
3E
102
{ACAD_REACTORS
330
2A
102
}
330
2A
100
AcDbVisualStyle
  2
Shades of Gray
 70
    23
177
     3
291
     0
 70
    58
 90
        2
176
     1
 90
        2
176
     1
 90
        3
176
     1
 90
        0
176
     1
 40
0.6
176
     1
 40
30.0
176
     1
 62
     7
420
 16777215
176
     1
 90
        2
176
     1
 90
        2
176
     1
 62
     7
176
     1
 62
     7
176
     1
 90
        1
176
     1
 90
        1
176
     1
 40
40.0
176
     1
 90
        8
176
     1
 62
     7
176
     1
 40
1.0
176
     1
 90
        1
176
     1
 90
        6
176
     1
 90
        2
176
     1
 62
     7
176
     1
 90
        3
176
     1
 90
        0
176
     1
 90
        0
176
     1
290
     0
176
     1
 90
        1
176
     1
 40
0.0
176
     1
 90
        0
176
     1
290
     0
176
     1
290
     1
176
     1
290
     1
176
     1
290
     0
176
     1
290
     0
176
     1
290
     0
176
     1
290
     0
176
     1
290
     0
176
     1
290
     0
176
     1
 90
       50
176
     1
 40
0.0
176
     1
 40
1.0
176
     1
 90
        0
176
     1
 62
    18
420
        0
176
     1
 90
       50
176
     1
 90
        3
176
     1
 62
     5
420
      255
176
     1
290
     0
176
     1
 90
       50
176
     1
 90
       50
176
     1
 90
       50
176
     1
290
     0
176
     1
 90
       50
176
     1
 62
   256
176
     0
 40
1.0
176
     0
 90
        2
176
     1
  1
strokes_ogs.tif
176
     1
290
     0
176
     1
 40
1.0
176
     1
 40
1.0
176
     1
  0
VISUALSTYLE
  5
3F
102
{ACAD_REACTORS
330
2A
102
}
330
2A
100
AcDbVisualStyle
  2
Sketchy
 70
    24
177
     3
291
     0
 70
    58
 90
        1
176
     1
 90
        2
176
     1
 90
        2
176
     1
 90
        0
176
     1
 40
0.6
176
     1
 40
30.0
176
     1
 62
     7
420
 16777215
176
     1
 90
        2
176
     1
 90
        2
176
     1
 62
     7
176
     1
 62
     7
176
     1
 90
        1
176
     1
 90
        1
176
     1
 40
40.0
176
     1
 90
       11
176
     1
 62
     7
176
     1
 40
1.0
176
     1
 90
        1
176
     1
 90
        6
176
     1
 90
        2
176
     1
 62
     7
176
     1
 90
        6
176
     1
 90
        0
176
     1
 90
        0
176
     1
290
     0
176
     1
 90
        1
176
     1
 40
0.0
176
     1
 90
        0
176
     1
290
     0
176
     1
290
     1
176
     1
290
     1
176
     1
290
     0
176
     1
290
     0
176
     1
290
     0
176
     1
290
     0
176
     1
290
     0
176
     1
290
     0
176
     1
 90
       50
176
     1
 40
0.0
176
     1
 40
1.0
176
     1
 90
        0
176
     1
 62
    18
420
        0
176
     1
 90
       50
176
     1
 90
        3
176
     1
 62
     5
420
      255
176
     1
290
     0
176
     1
 90
       50
176
     1
 90
       50
176
     1
 90
       50
176
     1
290
     0
176
     1
 90
       50
176
     1
 62
   256
176
     0
 40
1.0
176
     0
 90
        2
176
     1
  1
strokes_ogs.tif
176
     1
290
     0
176
     1
 40
1.0
176
     1
 40
1.0
176
     1
  0
VISUALSTYLE
  5
37
102
{ACAD_REACTORS
330
2A
102
}
330
2A
100
AcDbVisualStyle
  2
Thicken
 70
    13
177
     3
291
     1
 70
    58
 90
        2
176
     1
 90
        2
176
     1
 90
        0
176
     1
 90
        0
176
     1
 40
0.6
176
     1
 40
30.0
176
     1
 62
     7
420
 16777215
176
     1
 90
        1
176
     1
 90
        4
176
     1
 62
     7
176
     1
 62
   257
176
     1
 90
        1
176
     1
 90
        1
176
     1
 40
1.0
176
     1
 90
       12
176
     1
 62
     7
176
     1
 40
1.0
176
     1
 90
        1
176
     1
 90
        6
176
     1
 90
        2
176
     1
 62
     7
176
     1
 90
        5
176
     1
 90
        0
176
     1
 90
        0
176
     1
290
     0
176
     1
 90
        1
176
     1
 40
0.0
176
     1
 90
        0
176
     1
290
     0
176
     1
290
     1
176
     1
290
     1
176
     1
290
     0
176
     1
290
     0
176
     1
290
     0
176
     1
290
     0
176
     1
290
     0
176
     1
290
     0
176
     1
 90
       50
176
     1
 40
0.0
176
     1
 40
1.0
176
     1
 90
        0
176
     1
 62
    18
420
        0
176
     1
 90
       50
176
     1
 90
        3
176
     1
 62
     5
420
      255
176
     1
290
     0
176
     1
 90
       50
176
     1
 90
       50
176
     1
 90
       50
176
     1
290
     0
176
     1
 90
       50
176
     1
 62
   256
176
     0
 40
1.0
176
     0
 90
        2
176
     1
  1
strokes_ogs.tif
176
     1
290
     0
176
     1
 40
1.0
176
     1
 40
1.0
176
     1
  0
VISUALSTYLE
  5
30
102
{ACAD_REACTORS
330
2A
102
}
330
2A
100
AcDbVisualStyle
  2
Wireframe
 70
     5
177
     3
291
     0
 70
    58
 90
        0
176
     1
 90
        2
176
     1
 90
        0
176
     1
 90
        0
176
     1
 40
0.6
176
     1
 40
30.0
176
     1
 62
     7
420
 16777215
176
     1
 90
        1
176
     1
 90
        4
176
     1
 62
     7
176
     1
 62
   257
176
     1
 90
        1
176
     1
 90
        1
176
     1
 40
1.0
176
     1
 90
        0
176
     1
 62
   257
176
     1
 40
1.0
176
     1
 90
        1
176
     1
 90
        6
176
     1
 90
        2
176
     1
 62
     7
176
     1
 90
        3
176
     1
 90
        0
176
     1
 90
        0
176
     1
290
     0
176
     1
 90
        1
176
     1
 40
0.0
176
     1
 90
        0
176
     1
290
     0
176
     1
290
     1
176
     1
290
     1
176
     1
290
     0
176
     1
290
     0
176
     1
290
     0
176
     1
290
     0
176
     1
290
     0
176
     1
290
     0
176
     1
 90
       50
176
     1
 40
0.0
176
     1
 40
1.0
176
     1
 90
        0
176
     1
 62
    18
420
        0
176
     1
 90
       50
176
     1
 90
        3
176
     1
 62
     5
420
      255
176
     1
290
     0
176
     1
 90
       50
176
     1
 90
       50
176
     1
 90
       50
176
     1
290
     0
176
     1
 90
       50
176
     1
 62
   256
176
     0
 40
1.0
176
     0
 90
        2
176
     1
  1
strokes_ogs.tif
176
     1
290
     0
176
     1
 40
1.0
176
     1
 40
1.0
176
     1
  0
VISUALSTYLE
  5
40
102
{ACAD_REACTORS
330
2A
102
}
330
2A
100
AcDbVisualStyle
  2
X-Ray
 70
    25
177
     3
291
     0
 70
    58
 90
        2
176
     1
 90
        2
176
     1
 90
        1
176
     1
 90
        1
176
     1
 40
0.5
176
     1
 40
30.0
176
     1
 62
     7
420
 16777215
176
     1
 90
        1
176
     1
 90
        0
176
     1
 62
     7
176
     1
 62
   257
176
     1
 90
        1
176
     1
 90
        1
176
     1
 40
1.0
176
     1
 90
        8
176
     1
 62
     7
176
     1
 40
1.0
176
     1
 90
        1
176
     1
 90
        6
176
     1
 90
        2
176
     1
 62
     7
176
     1
 90
        3
176
     1
 90
        0
176
     1
 90
        0
176
     1
290
     0
176
     1
 90
       13
176
     1
 40
0.0
176
     1
 90
        0
176
     1
290
     0
176
     1
290
     1
176
     1
290
     1
176
     1
290
     0
176
     1
290
     0
176
     1
290
     0
176
     1
290
     0
176
     1
290
     0
176
     1
290
     0
176
     1
 90
       50
176
     1
 40
0.0
176
     1
 40
1.0
176
     1
 90
        0
176
     1
 62
    18
420
        0
176
     1
 90
       50
176
     1
 90
        3
176
     1
 62
     5
420
      255
176
     1
290
     0
176
     1
 90
       50
176
     1
 90
       50
176
     1
 90
       50
176
     1
290
     0
176
     1
 90
       50
176
     1
 62
   256
176
     0
 40
1.0
176
     0
 90
        2
176
     1
  1
strokes_ogs.tif
176
     1
290
     0
176
     1
 40
1.0
176
     1
 40
1.0
176
     1
  0
DICTIONARYVAR
  5
C04
102
{ACAD_REACTORS
330
C03
102
}
330
C03
100
DictionaryVariables
280
     0
  1
1:1
  0
DICTIONARYVAR
  5
C09
102
{ACAD_REACTORS
330
C03
102
}
330
C03
100
DictionaryVariables
280
     0
  1
Standard
  0
DICTIONARYVAR
  5
C08
102
{ACAD_REACTORS
330
C03
102
}
330
C03
100
DictionaryVariables
280
     0
  1
Standard
  0
DICTIONARY
  5
C05
330
5A
100
AcDbDictionary
280
     1
281
     1
  3
ACAD_ROUNDTRIP_2008_TABLESTYLE_CELLSTYLEMAP
360
C06
  0
CELLSTYLEMAP
  5
C06
102
{ACAD_REACTORS
330
C05
102
}
330
C05
100
AcDbCellStyleMap
 90
        3
300
CELLSTYLE
  1
TABLEFORMAT_BEGIN
 90
        5
170
     1
 91
        0
 92
    32768
 62
   257
 93
        1
300
CONTENTFORMAT
  1
CONTENTFORMAT_BEGIN
 90
        0
 91
        0
 92
        4
 93
        0
300

 40
0.0
140
1.0
 94
        5
 62
     0
340
11
144
0.25
309
CONTENTFORMAT_END
171
     1
301
MARGIN
  1
CELLMARGIN_BEGIN
 40
0.06
 40
0.06
 40
0.06
 40
0.06
 40
0.06
 40
0.06
309
CELLMARGIN_END
 94
        6
 95
        1
302
GRIDFORMAT
  1
GRIDFORMAT_BEGIN
 90
        0
 91
        1
 62
     0
 92
       -2
340
14
 93
        0
 40
0.045
309
GRIDFORMAT_END
 95
        2
302
GRIDFORMAT
  1
GRIDFORMAT_BEGIN
 90
        0
 91
        1
 62
     0
 92
       -2
340
14
 93
        0
 40
0.045
309
GRIDFORMAT_END
 95
        4
302
GRIDFORMAT
  1
GRIDFORMAT_BEGIN
 90
        0
 91
        1
 62
     0
 92
       -2
340
14
 93
        0
 40
0.045
309
GRIDFORMAT_END
 95
        8
302
GRIDFORMAT
  1
GRIDFORMAT_BEGIN
 90
        0
 91
        1
 62
     0
 92
       -2
340
14
 93
        0
 40
0.045
309
GRIDFORMAT_END
 95
       16
302
GRIDFORMAT
  1
GRIDFORMAT_BEGIN
 90
        0
 91
        1
 62
     0
 92
       -2
340
14
 93
        0
 40
0.045
309
GRIDFORMAT_END
 95
       32
302
GRIDFORMAT
  1
GRIDFORMAT_BEGIN
 90
        0
 91
        1
 62
     0
 92
       -2
340
14
 93
        0
 40
0.045
309
GRIDFORMAT_END
309
TABLEFORMAT_END
  1
CELLSTYLE_BEGIN
 90
        1
 91
        1
300
_TITLE
309
CELLSTYLE_END
300
CELLSTYLE
  1
TABLEFORMAT_BEGIN
 90
        5
170
     1
 91
        0
 92
        0
 62
   257
 93
        1
300
CONTENTFORMAT
  1
CONTENTFORMAT_BEGIN
 90
        0
 91
        0
 92
        4
 93
        0
300

 40
0.0
140
1.0
 94
        5
 62
     0
340
11
144
0.18
309
CONTENTFORMAT_END
171
     1
301
MARGIN
  1
CELLMARGIN_BEGIN
 40
0.06
 40
0.06
 40
0.06
 40
0.06
 40
0.06
 40
0.06
309
CELLMARGIN_END
 94
        6
 95
        1
302
GRIDFORMAT
  1
GRIDFORMAT_BEGIN
 90
        0
 91
        1
 62
     0
 92
       -2
340
14
 93
        0
 40
0.045
309
GRIDFORMAT_END
 95
        2
302
GRIDFORMAT
  1
GRIDFORMAT_BEGIN
 90
        0
 91
        1
 62
     0
 92
       -2
340
14
 93
        0
 40
0.045
309
GRIDFORMAT_END
 95
        4
302
GRIDFORMAT
  1
GRIDFORMAT_BEGIN
 90
        0
 91
        1
 62
     0
 92
       -2
340
14
 93
        0
 40
0.045
309
GRIDFORMAT_END
 95
        8
302
GRIDFORMAT
  1
GRIDFORMAT_BEGIN
 90
        0
 91
        1
 62
     0
 92
       -2
340
14
 93
        0
 40
0.045
309
GRIDFORMAT_END
 95
       16
302
GRIDFORMAT
  1
GRIDFORMAT_BEGIN
 90
        0
 91
        1
 62
     0
 92
       -2
340
14
 93
        0
 40
0.045
309
GRIDFORMAT_END
 95
       32
302
GRIDFORMAT
  1
GRIDFORMAT_BEGIN
 90
        0
 91
        1
 62
     0
 92
       -2
340
14
 93
        0
 40
0.045
309
GRIDFORMAT_END
309
TABLEFORMAT_END
  1
CELLSTYLE_BEGIN
 90
        2
 91
        1
300
_HEADER
309
CELLSTYLE_END
300
CELLSTYLE
  1
TABLEFORMAT_BEGIN
 90
        5
170
     1
 91
        0
 92
        0
 62
   257
 93
        1
300
CONTENTFORMAT
  1
CONTENTFORMAT_BEGIN
 90
        0
 91
        0
 92
        4
 93
        0
300

 40
0.0
140
1.0
 94
        2
 62
     0
340
11
144
0.18
309
CONTENTFORMAT_END
171
     1
301
MARGIN
  1
CELLMARGIN_BEGIN
 40
0.06
 40
0.06
 40
0.06
 40
0.06
 40
0.06
 40
0.06
309
CELLMARGIN_END
 94
        6
 95
        1
302
GRIDFORMAT
  1
GRIDFORMAT_BEGIN
 90
        0
 91
        1
 62
     0
 92
       -2
340
14
 93
        0
 40
0.045
309
GRIDFORMAT_END
 95
        2
302
GRIDFORMAT
  1
GRIDFORMAT_BEGIN
 90
        0
 91
        1
 62
     0
 92
       -2
340
14
 93
        0
 40
0.045
309
GRIDFORMAT_END
 95
        4
302
GRIDFORMAT
  1
GRIDFORMAT_BEGIN
 90
        0
 91
        1
 62
     0
 92
       -2
340
14
 93
        0
 40
0.045
309
GRIDFORMAT_END
 95
        8
302
GRIDFORMAT
  1
GRIDFORMAT_BEGIN
 90
        0
 91
        1
 62
     0
 92
       -2
340
14
 93
        0
 40
0.045
309
GRIDFORMAT_END
 95
       16
302
GRIDFORMAT
  1
GRIDFORMAT_BEGIN
 90
        0
 91
        1
 62
     0
 92
       -2
340
14
 93
        0
 40
0.045
309
GRIDFORMAT_END
 95
       32
302
GRIDFORMAT
  1
GRIDFORMAT_BEGIN
 90
        0
 91
        1
 62
     0
 92
       -2
340
14
 93
        0
 40
0.045
309
GRIDFORMAT_END
309
TABLEFORMAT_END
  1
CELLSTYLE_BEGIN
 90
        3
 91
        2
300
_DATA
309
CELLSTYLE_END
  0
ENDSEC
  0
SECTION
  2
ACDSDATA
 70
     2
 71
     2
  0
ACDSSCHEMA
 90
        0
  1
AcDb_Thumbnail_Schema
  2
AcDbDs::ID
280
    10
 91
        8
  2
Thumbnail_Data
280
    15
 91
        0
101
ACDSRECORD
 95
        0
 90
        2
  2
AcDbDs::TreatedAsObjectData
280
     1
291
     1
101
ACDSRECORD
 95
        0
 90
        3
  2
AcDbDs::Legacy
280
     1
291
     1
101
ACDSRECORD
  1
AcDbDs::ID
 90
        4
  2
AcDs:Indexable
280
     1
291
     1
101
ACDSRECORD
  1
AcDbDs::ID
 90
        5
  2
AcDbDs::HandleAttribute
280
     7
282
     1
  0
ACDSSCHEMA
 90
        1
  1
AcDb3DSolid_ASM_Data
  2
AcDbDs::ID
280
    10
 91
        8
  2
ASM_Data
280
    15
 91
        0
101
ACDSRECORD
 95
        1
 90
        2
  2
AcDbDs::TreatedAsObjectData
280
     1
291
     1
101
ACDSRECORD
 95
        1
 90
        3
  2
AcDbDs::Legacy
280
     1
291
     1
101
ACDSRECORD
  1
AcDbDs::ID
 90
        4
  2
AcDs:Indexable
280
     1
291
     1
101
ACDSRECORD
  1
AcDbDs::ID
 90
        5
  2
AcDbDs::HandleAttribute
280
     7
282
     1
  0
ACDSSCHEMA
 90
        2
  1
AcDbDs::TreatedAsObjectDataSchema
  2
AcDbDs::TreatedAsObjectData
280
     1
 91
        0
  0
ACDSSCHEMA
 90
        3
  1
AcDbDs::LegacySchema
  2
AcDbDs::Legacy
280
     1
 91
        0
  0
ACDSSCHEMA
 90
        4
  1
AcDbDs::IndexedPropertySchema
  2
AcDs:Indexable
280
     1
 91
        0
  0
ACDSSCHEMA
 90
        5
  1
AcDbDs::HandleAttributeSchema
  2
AcDbDs::HandleAttribute
280
     7
 91
        1
284
     1
  0
ACDSRECORD
 90
        1
  2
AcDbDs::ID
280
    10
320
36D
  2
ASM_Data
280
    15
 94
      811
310
414349532042696E61727946696C652855000000000000010000000C00000007214F70656E2044657369676E20416C6C69616E63652041434953204275696C646572070E41434953203231382E3030204E540718546875204A756E2032372031363A32383A3230203230323406000000000000F03F0648AFBC9AF2D77A3E06
310
BBBDD7D9DF7CDB3D0D04626F64790CFFFFFFFF04FFFFFFFF0CFFFFFFFF0C0A0000000CFFFFFFFF0CFFFFFFFF110D05706F696E740CFFFFFFFF04FFFFFFFF0CFFFFFFFF13C2B34EA61BFA1A40DB1B11C62E552C400000000000000000110D067665727465780CFFFFFFFF04FFFFFFFF0CFFFFFFFF0C0400000004020000000C
310
01000000110E07656C6C697073650D0563757276650CFFFFFFFF04FFFFFFFF0CFFFFFFFF13776C5F9BE8C61940DB1B11C62E552C4000000000000000001400000000000000000000000000000000000000000000F03F14B174F4AE3033D33F0000000000000000000000000000008006000000000000F03F0B0B110D046564
310
67650CFFFFFFFF04FFFFFFFF0CFFFFFFFF0C020000000600000000000000000C0200000006182D4454FB2119400C050000000C030000000B0707756E6B6E6F776E110D06636F656467650CFFFFFFFF04FFFFFFFF0CFFFFFFFF0C050000000C050000000CFFFFFFFF0C040000000B0C0600000004000000000CFFFFFFFF110D
310
046C6F6F700CFFFFFFFF04FFFFFFFF0CFFFFFFFF0CFFFFFFFF0C050000000C08000000110E05706C616E650D07737572666163650CFFFFFFFF04FFFFFFFF0CFFFFFFFF13D2C8E7154F2D1940DB1B11C62E552C4000000000000000001400000000000000800000000000000000000000000000F03F14000000000000F0BF00
310
0000000000000000000000000000800B0B0B0B0B110D04666163650CFFFFFFFF04FFFFFFFF0CFFFFFFFF0CFFFFFFFF0C060000000C090000000CFFFFFFFF0C070000000B0A0B110D057368656C6C0CFFFFFFFF04FFFFFFFF0CFFFFFFFF0CFFFFFFFF0CFFFFFFFF0C080000000CFFFFFFFF0C0A000000110D046C756D700CFF
310
FFFFFF04FFFFFFFF0CFFFFFFFF0CFFFFFFFF0C090000000C00000000110E03456E640E026F660E0341534D0D0464617461
  0
ACDSRECORD
 90
        1
  2
AcDbDs::ID
280
    10
320
36F
  2
ASM_Data
280
    15
 94
      811
310
414349532042696E61727946696C652855000000000000010000000C00000007214F70656E2044657369676E20416C6C69616E63652041434953204275696C646572070E41434953203231382E3030204E540718546875204A756E2032372031363A32383A3230203230323406000000000000F03F0648AFBC9AF2D77A3E06
310
BBBDD7D9DF7CDB3D0D04626F64790CFFFFFFFF04FFFFFFFF0CFFFFFFFF0C0A0000000CFFFFFFFF0CFFFFFFFF110D05706F696E740CFFFFFFFF04FFFFFFFF0CFFFFFFFF131D10D72082601A40DB1B11C62E552C400000000000000000110D067665727465780CFFFFFFFF04FFFFFFFF0CFFFFFFFF0C0400000004020000000C
310
01000000110E07656C6C697073650D0563757276650CFFFFFFFF04FFFFFFFF0CFFFFFFFF13776C5F9BE8C61940DB1B11C62E552C4000000000000000001400000000000000000000000000000000000000000000F03F14B174F4AE3033C33F0000000000000000000000000000008006000000000000F03F0B0B110D046564
310
67650CFFFFFFFF04FFFFFFFF0CFFFFFFFF0C020000000600000000000000000C0200000006182D4454FB2119400C050000000C030000000B0707756E6B6E6F776E110D06636F656467650CFFFFFFFF04FFFFFFFF0CFFFFFFFF0C050000000C050000000CFFFFFFFF0C040000000B0C0600000004000000000CFFFFFFFF110D
310
046C6F6F700CFFFFFFFF04FFFFFFFF0CFFFFFFFF0CFFFFFFFF0C050000000C08000000110E05706C616E650D07737572666163650CFFFFFFFF04FFFFFFFF0CFFFFFFFF13A49AA3D81B7A1940DB1B11C62E552C4000000000000000001400000000000000800000000000000000000000000000F03F14000000000000F0BF00
310
0000000000000000000000000000800B0B0B0B0B110D04666163650CFFFFFFFF04FFFFFFFF0CFFFFFFFF0CFFFFFFFF0C060000000C090000000CFFFFFFFF0C070000000B0A0B110D057368656C6C0CFFFFFFFF04FFFFFFFF0CFFFFFFFF0CFFFFFFFF0CFFFFFFFF0C080000000CFFFFFFFF0C0A000000110D046C756D700CFF
310
FFFFFF04FFFFFFFF0CFFFFFFFF0CFFFFFFFF0C090000000C00000000110E03456E640E026F660E0341534D0D0464617461
  0
ACDSRECORD
 90
        1
  2
AcDbDs::ID
280
    10
320
371
  2
ASM_Data
280
    15
 94
      811
310
414349532042696E61727946696C652855000000000000010000000C00000007214F70656E2044657369676E20416C6C69616E63652041434953204275696C646572070E41434953203231382E3030204E540718546875204A756E2032372031363A32383A3230203230323406000000000000F03F0648AFBC9AF2D77A3E06
310
BBBDD7D9DF7CDB3D0D04626F64790CFFFFFFFF04FFFFFFFF0CFFFFFFFF0C0A0000000CFFFFFFFF0CFFFFFFFF110D05706F696E740CFFFFFFFF04FFFFFFFF0CFFFFFFFF13EEEC0A01E9A01B4000CCADF7B89E2E400000000000000000110D067665727465780CFFFFFFFF04FFFFFFFF0CFFFFFFFF0C0400000004020000000C
310
01000000110E07656C6C697073650D0563757276650CFFFFFFFF04FFFFFFFF0CFFFFFFFF13A3A51BF6B56D1A4000CCADF7B89E2E4000000000000000001400000000000000000000000000000000000000000000F03F14B174F4AE3033D33F0000000000000000000000000000008006000000000000F03F0B0B110D046564
310
67650CFFFFFFFF04FFFFFFFF0CFFFFFFFF0C020000000600000000000000000C0200000006182D4454FB2119400C050000000C030000000B0707756E6B6E6F776E110D06636F656467650CFFFFFFFF04FFFFFFFF0CFFFFFFFF0C050000000C050000000CFFFFFFFF0C040000000B0C0600000004000000000CFFFFFFFF110D
310
046C6F6F700CFFFFFFFF04FFFFFFFF0CFFFFFFFF0CFFFFFFFF0C050000000C08000000110E05706C616E650D07737572666163650CFFFFFFFF04FFFFFFFF0CFFFFFFFF13FE01A4701CD4194000CCADF7B89E2E4000000000000000001400000000000000800000000000000000000000000000F03F14000000000000F0BF00
310
0000000000000000000000000000800B0B0B0B0B110D04666163650CFFFFFFFF04FFFFFFFF0CFFFFFFFF0CFFFFFFFF0C060000000C090000000CFFFFFFFF0C070000000B0A0B110D057368656C6C0CFFFFFFFF04FFFFFFFF0CFFFFFFFF0CFFFFFFFF0CFFFFFFFF0C080000000CFFFFFFFF0C0A000000110D046C756D700CFF
310
FFFFFF04FFFFFFFF0CFFFFFFFF0CFFFFFFFF0C090000000C00000000110E03456E640E026F660E0341534D0D0464617461
  0
ACDSRECORD
 90
        1
  2
AcDbDs::ID
280
    10
320
373
  2
ASM_Data
280
    15
 94
      811
310
414349532042696E61727946696C652855000000000000010000000C00000007214F70656E2044657369676E20416C6C69616E63652041434953204275696C646572070E41434953203231382E3030204E540718546875204A756E2032372031363A32383A3230203230323406000000000000F03F0648AFBC9AF2D77A3E06
310
BBBDD7D9DF7CDB3D0D04626F64790CFFFFFFFF04FFFFFFFF0CFFFFFFFF0C0A0000000CFFFFFFFF0CFFFFFFFF110D05706F696E740CFFFFFFFF04FFFFFFFF0CFFFFFFFF134949937B4F071B4000CCADF7B89E2E400000000000000000110D067665727465780CFFFFFFFF04FFFFFFFF0CFFFFFFFF0C0400000004020000000C
310
01000000110E07656C6C697073650D0563757276650CFFFFFFFF04FFFFFFFF0CFFFFFFFF13A3A51BF6B56D1A4000CCADF7B89E2E4000000000000000001400000000000000000000000000000000000000000000F03F14B174F4AE3033C33F0000000000000000000000000000008006000000000000F03F0B0B110D046564
310
67650CFFFFFFFF04FFFFFFFF0CFFFFFFFF0C020000000600000000000000000C0200000006182D4454FB2119400C050000000C030000000B0707756E6B6E6F776E110D06636F656467650CFFFFFFFF04FFFFFFFF0CFFFFFFFF0C050000000C050000000CFFFFFFFF0C040000000B0C0600000004000000000CFFFFFFFF110D
310
046C6F6F700CFFFFFFFF04FFFFFFFF0CFFFFFFFF0CFFFFFFFF0C050000000C08000000110E05706C616E650D07737572666163650CFFFFFFFF04FFFFFFFF0CFFFFFFFF13D0D35F33E9201A4000CCADF7B89E2E4000000000000000001400000000000000800000000000000000000000000000F03F14000000000000F0BF00
310
0000000000000000000000000000800B0B0B0B0B110D04666163650CFFFFFFFF04FFFFFFFF0CFFFFFFFF0CFFFFFFFF0C060000000C090000000CFFFFFFFF0C070000000B0A0B110D057368656C6C0CFFFFFFFF04FFFFFFFF0CFFFFFFFF0CFFFFFFFF0CFFFFFFFF0C080000000CFFFFFFFF0C0A000000110D046C756D700CFF
310
FFFFFF04FFFFFFFF0CFFFFFFFF0CFFFFFFFF0C090000000C00000000110E03456E640E026F660E0341534D0D0464617461
  0
ACDSRECORD
 90
        1
  2
AcDbDs::ID
280
    10
320
375
  2
ASM_Data
280
    15
 94
      811
310
414349532042696E61727946696C652855000000000000010000000C00000007214F70656E2044657369676E20416C6C69616E63652041434953204275696C646572070E41434953203231382E3030204E540718546875204A756E2032372031363A32383A3230203230323406000000000000F03F0648AFBC9AF2D77A3E06
310
BBBDD7D9DF7CDB3D0D04626F64790CFFFFFFFF04FFFFFFFF0CFFFFFFFF0C0A0000000CFFFFFFFF0CFFFFFFFF110D05706F696E740CFFFFFFFF04FFFFFFFF0CFFFFFFFF134C7EBC3E101C2140B54389B74A9F1C400000000000000000110D067665727465780CFFFFFFFF04FFFFFFFF0CFFFFFFFF0C0400000004020000000C
310
01000000110E07656C6C697073650D0563757276650CFFFFFFFF04FFFFFFFF0CFFFFFFFF13A6DA44B976822040B54389B74A9F1C4000000000000000001400000000000000000000000000000000000000000000F03F14B174F4AE3033D33F0000000000000000000000000000008006000000000000F03F0B0B110D046564
310
67650CFFFFFFFF04FFFFFFFF0CFFFFFFFF0C020000000600000000000000000C0200000006182D4454FB2119400C050000000C030000000B0707756E6B6E6F776E110D06636F656467650CFFFFFFFF04FFFFFFFF0CFFFFFFFF0C050000000C050000000CFFFFFFFF0C040000000B0C0600000004000000000CFFFFFFFF110D
310
046C6F6F700CFFFFFFFF04FFFFFFFF0CFFFFFFFF0CFFFFFFFF0C050000000C08000000110E05706C616E650D07737572666163650CFFFFFFFF04FFFFFFFF0CFFFFFFFF13D30889F6A9352040B54389B74A9F1C4000000000000000001400000000000000800000000000000000000000000000F03F14000000000000F0BF00
310
0000000000000000000000000000800B0B0B0B0B110D04666163650CFFFFFFFF04FFFFFFFF0CFFFFFFFF0CFFFFFFFF0C060000000C090000000CFFFFFFFF0C070000000B0A0B110D057368656C6C0CFFFFFFFF04FFFFFFFF0CFFFFFFFF0CFFFFFFFF0CFFFFFFFF0C080000000CFFFFFFFF0C0A000000110D046C756D700CFF
310
FFFFFF04FFFFFFFF0CFFFFFFFF0CFFFFFFFF0C090000000C00000000110E03456E640E026F660E0341534D0D0464617461
  0
ACDSRECORD
 90
        1
  2
AcDbDs::ID
280
    10
320
377
  2
ASM_Data
280
    15
 94
      811
310
414349532042696E61727946696C652855000000000000010000000C00000007214F70656E2044657369676E20416C6C69616E63652041434953204275696C646572070E41434953203231382E3030204E540718546875204A756E2032372031363A32383A3230203230323406000000000000F03F0648AFBC9AF2D77A3E06
310
BBBDD7D9DF7CDB3D0D04626F64790CFFFFFFFF04FFFFFFFF0CFFFFFFFF0C0A0000000CFFFFFFFF0CFFFFFFFF110D05706F696E740CFFFFFFFF04FFFFFFFF0CFFFFFFFF1379AC007C43CF2040B54389B74A9F1C400000000000000000110D067665727465780CFFFFFFFF04FFFFFFFF0CFFFFFFFF0C0400000004020000000C
310
01000000110E07656C6C697073650D0563757276650CFFFFFFFF04FFFFFFFF0CFFFFFFFF13A6DA44B976822040B54389B74A9F1C4000000000000000001400000000000000000000000000000000000000000000F03F14B174F4AE3033C33F0000000000000000000000000000008006000000000000F03F0B0B110D046564
310
67650CFFFFFFFF04FFFFFFFF0CFFFFFFFF0C020000000600000000000000000C0200000006182D4454FB2119400C050000000C030000000B0707756E6B6E6F776E110D06636F656467650CFFFFFFFF04FFFFFFFF0CFFFFFFFF0C050000000C050000000CFFFFFFFF0C040000000B0C0600000004000000000CFFFFFFFF110D
310
046C6F6F700CFFFFFFFF04FFFFFFFF0CFFFFFFFF0CFFFFFFFF0C050000000C08000000110E05706C616E650D07737572666163650CFFFFFFFF04FFFFFFFF0CFFFFFFFF13BDF1E657105C2040B54389B74A9F1C4000000000000000001400000000000000800000000000000000000000000000F03F14000000000000F0BF00
310
0000000000000000000000000000800B0B0B0B0B110D04666163650CFFFFFFFF04FFFFFFFF0CFFFFFFFF0CFFFFFFFF0C060000000C090000000CFFFFFFFF0C070000000B0A0B110D057368656C6C0CFFFFFFFF04FFFFFFFF0CFFFFFFFF0CFFFFFFFF0CFFFFFFFF0C080000000CFFFFFFFF0C0A000000110D046C756D700CFF
310
FFFFFF04FFFFFFFF0CFFFFFFFF0CFFFFFFFF0C090000000C00000000110E03456E640E026F660E0341534D0D0464617461
  0
ACDSRECORD
 90
        1
  2
AcDbDs::ID
280
    10
320
379
  2
ASM_Data
280
    15
 94
      811
310
414349532042696E61727946696C652855000000000000010000000C00000007214F70656E2044657369676E20416C6C69616E63652041434953204275696C646572070E41434953203231382E3030204E540718546875204A756E2032372031363A32383A3230203230323406000000000000F03F0648AFBC9AF2D77A3E06
310
BBBDD7D9DF7CDB3D0D04626F64790CFFFFFFFF04FFFFFFFF0CFFFFFFFF0C0A0000000CFFFFFFFF0CFFFFFFFF110D05706F696E740CFFFFFFFF04FFFFFFFF0CFFFFFFFF1376FD82DDB05525406EBF1988A79F2A400000000000000000110D067665727465780CFFFFFFFF04FFFFFFFF0CFFFFFFFF0C0400000004020000000C
310
01000000110E07656C6C697073650D0563757276650CFFFFFFFF04FFFFFFFF0CFFFFFFFF13D0590B5817BC24406EBF1988A79F2A4000000000000000001400000000000000000000000000000000000000000000F03F14B174F4AE3033D33F0000000000000000000000000000008006000000000000F03F0B0B110D046564
310
67650CFFFFFFFF04FFFFFFFF0CFFFFFFFF0C020000000600000000000000000C0200000006182D4454FB2119400C050000000C030000000B0707756E6B6E6F776E110D06636F656467650CFFFFFFFF04FFFFFFFF0CFFFFFFFF0C050000000C050000000CFFFFFFFF0C040000000B0C0600000004000000000CFFFFFFFF110D
310
046C6F6F700CFFFFFFFF04FFFFFFFF0CFFFFFFFF0CFFFFFFFF0C050000000C08000000110E05706C616E650D07737572666163650CFFFFFFFF04FFFFFFFF0CFFFFFFFF13FD874F954A6F24406EBF1988A79F2A4000000000000000001400000000000000800000000000000000000000000000F03F14000000000000F0BF00
310
0000000000000000000000000000800B0B0B0B0B110D04666163650CFFFFFFFF04FFFFFFFF0CFFFFFFFF0CFFFFFFFF0C060000000C090000000CFFFFFFFF0C070000000B0A0B110D057368656C6C0CFFFFFFFF04FFFFFFFF0CFFFFFFFF0CFFFFFFFF0CFFFFFFFF0C080000000CFFFFFFFF0C0A000000110D046C756D700CFF
310
FFFFFF04FFFFFFFF0CFFFFFFFF0CFFFFFFFF0C090000000C00000000110E03456E640E026F660E0341534D0D0464617461
  0
ACDSRECORD
 90
        1
  2
AcDbDs::ID
280
    10
320
37B
  2
ASM_Data
280
    15
 94
      811
310
414349532042696E61727946696C652855000000000000010000000C00000007214F70656E2044657369676E20416C6C69616E63652041434953204275696C646572070E41434953203231382E3030204E540718546875204A756E2032372031363A32383A3230203230323406000000000000F03F0648AFBC9AF2D77A3E06
310
BBBDD7D9DF7CDB3D0D04626F64790CFFFFFFFF04FFFFFFFF0CFFFFFFFF0C0A0000000CFFFFFFFF0CFFFFFFFF110D05706F696E740CFFFFFFFF04FFFFFFFF0CFFFFFFFF13A32BC71AE40825406EBF1988A79F2A400000000000000000110D067665727465780CFFFFFFFF04FFFFFFFF0CFFFFFFFF0C0400000004020000000C
310
01000000110E07656C6C697073650D0563757276650CFFFFFFFF04FFFFFFFF0CFFFFFFFF13D0590B5817BC24406EBF1988A79F2A4000000000000000001400000000000000000000000000000000000000000000F03F14B174F4AE3033C33F0000000000000000000000000000008006000000000000F03F0B0B110D046564
310
67650CFFFFFFFF04FFFFFFFF0CFFFFFFFF0C020000000600000000000000000C0200000006182D4454FB2119400C050000000C030000000B0707756E6B6E6F776E110D06636F656467650CFFFFFFFF04FFFFFFFF0CFFFFFFFF0C050000000C050000000CFFFFFFFF0C040000000B0C0600000004000000000CFFFFFFFF110D
310
046C6F6F700CFFFFFFFF04FFFFFFFF0CFFFFFFFF0CFFFFFFFF0C050000000C08000000110E05706C616E650D07737572666163650CFFFFFFFF04FFFFFFFF0CFFFFFFFF13E770ADF6B09524406EBF1988A79F2A4000000000000000001400000000000000800000000000000000000000000000F03F14000000000000F0BF00
310
0000000000000000000000000000800B0B0B0B0B110D04666163650CFFFFFFFF04FFFFFFFF0CFFFFFFFF0CFFFFFFFF0C060000000C090000000CFFFFFFFF0C070000000B0A0B110D057368656C6C0CFFFFFFFF04FFFFFFFF0CFFFFFFFF0CFFFFFFFF0CFFFFFFFF0C080000000CFFFFFFFF0C0A000000110D046C756D700CFF
310
FFFFFF04FFFFFFFF0CFFFFFFFF0CFFFFFFFF0C090000000C00000000110E03456E640E026F660E0341534D0D0464617461
  0
ACDSRECORD
 90
        1
  2
AcDbDs::ID
280
    10
320
37D
  2
ASM_Data
280
    15
 94
      811
310
414349532042696E61727946696C652855000000000000010000000C00000007214F70656E2044657369676E20416C6C69616E63652041434953204275696C646572070E41434953203231382E3030204E540718546875204A756E2032372031363A32383A3230203230323406000000000000F03F0648AFBC9AF2D77A3E06
310
BBBDD7D9DF7CDB3D0D04626F64790CFFFFFFFF04FFFFFFFF0CFFFFFFFF0C0A0000000CFFFFFFFF0CFFFFFFFF110D05706F696E740CFFFFFFFF04FFFFFFFF0CFFFFFFFF1326453BD993192A40BCA17C8327331C400000000000000000110D067665727465780CFFFFFFFF04FFFFFFFF0CFFFFFFFF0C0400000004020000000C
310
01000000110E07656C6C697073650D0563757276650CFFFFFFFF04FFFFFFFF0CFFFFFFFF1380A1C353FA7F2940BCA17C8327331C4000000000000000001400000000000000000000000000000000000000000000F03F14B174F4AE3033D33F0000000000000000000000000000008006000000000000F03F0B0B110D046564
310
67650CFFFFFFFF04FFFFFFFF0CFFFFFFFF0C020000000600000000000000000C0200000006182D4454FB2119400C050000000C030000000B0707756E6B6E6F776E110D06636F656467650CFFFFFFFF04FFFFFFFF0CFFFFFFFF0C050000000C050000000CFFFFFFFF0C040000000B0C0600000004000000000CFFFFFFFF110D
310
046C6F6F700CFFFFFFFF04FFFFFFFF0CFFFFFFFF0CFFFFFFFF0C050000000C08000000110E05706C616E650D07737572666163650CFFFFFFFF04FFFFFFFF0CFFFFFFFF13ADCF07912D332940BCA17C8327331C4000000000000000001400000000000000800000000000000000000000000000F03F14000000000000F0BF00
310
0000000000000000000000000000800B0B0B0B0B110D04666163650CFFFFFFFF04FFFFFFFF0CFFFFFFFF0CFFFFFFFF0C060000000C090000000CFFFFFFFF0C070000000B0A0B110D057368656C6C0CFFFFFFFF04FFFFFFFF0CFFFFFFFF0CFFFFFFFF0CFFFFFFFF0C080000000CFFFFFFFF0C0A000000110D046C756D700CFF
310
FFFFFF04FFFFFFFF0CFFFFFFFF0CFFFFFFFF0C090000000C00000000110E03456E640E026F660E0341534D0D0464617461
  0
ACDSRECORD
 90
        1
  2
AcDbDs::ID
280
    10
320
37F
  2
ASM_Data
280
    15
 94
      811
310
414349532042696E61727946696C652855000000000000010000000C00000007214F70656E2044657369676E20416C6C69616E63652041434953204275696C646572070E41434953203231382E3030204E540718546875204A756E2032372031363A32383A3230203230323406000000000000F03F0648AFBC9AF2D77A3E06
310
BBBDD7D9DF7CDB3D0D04626F64790CFFFFFFFF04FFFFFFFF0CFFFFFFFF0C0A0000000CFFFFFFFF0CFFFFFFFF110D05706F696E740CFFFFFFFF04FFFFFFFF0CFFFFFFFF1353737F16C7CC2940BCA17C8327331C400000000000000000110D067665727465780CFFFFFFFF04FFFFFFFF0CFFFFFFFF0C0400000004020000000C
310
01000000110E07656C6C697073650D0563757276650CFFFFFFFF04FFFFFFFF0CFFFFFFFF1380A1C353FA7F2940BCA17C8327331C4000000000000000001400000000000000000000000000000000000000000000F03F14B174F4AE3033C33F0000000000000000000000000000008006000000000000F03F0B0B110D046564
310
67650CFFFFFFFF04FFFFFFFF0CFFFFFFFF0C020000000600000000000000000C0200000006182D4454FB2119400C050000000C030000000B0707756E6B6E6F776E110D06636F656467650CFFFFFFFF04FFFFFFFF0CFFFFFFFF0C050000000C050000000CFFFFFFFF0C040000000B0C0600000004000000000CFFFFFFFF110D
310
046C6F6F700CFFFFFFFF04FFFFFFFF0CFFFFFFFF0CFFFFFFFF0C050000000C08000000110E05706C616E650D07737572666163650CFFFFFFFF04FFFFFFFF0CFFFFFFFF1397B865F293592940BCA17C8327331C4000000000000000001400000000000000800000000000000000000000000000F03F14000000000000F0BF00
310
0000000000000000000000000000800B0B0B0B0B110D04666163650CFFFFFFFF04FFFFFFFF0CFFFFFFFF0CFFFFFFFF0C060000000C090000000CFFFFFFFF0C070000000B0A0B110D057368656C6C0CFFFFFFFF04FFFFFFFF0CFFFFFFFF0CFFFFFFFF0CFFFFFFFF0C080000000CFFFFFFFF0C0A000000110D046C756D700CFF
310
FFFFFF04FFFFFFFF0CFFFFFFFF0CFFFFFFFF0C090000000C00000000110E03456E640E026F660E0341534D0D0464617461
  0
ACDSRECORD
 90
        1
  2
AcDbDs::ID
280
    10
320
381
  2
ASM_Data
280
    15
 94
      811
310
414349532042696E61727946696C652855000000000000010000000C00000007214F70656E2044657369676E20416C6C69616E63652041434953204275696C646572070E41434953203231382E3030204E540718546875204A756E2032372031363A32383A3230203230323406000000000000F03F0648AFBC9AF2D77A3E06
310
BBBDD7D9DF7CDB3D0D04626F64790CFFFFFFFF04FFFFFFFF0CFFFFFFFF0C0A0000000CFFFFFFFF0CFFFFFFFF110D05706F696E740CFFFFFFFF04FFFFFFFF0CFFFFFFFF1315EC332561083B40C0598CB265D032400000000000000000110D067665727465780CFFFFFFFF04FFFFFFFF0CFFFFFFFF0C0400000004020000000C
310
01000000110E07656C6C697073650D0563757276650CFFFFFFFF04FFFFFFFF0CFFFFFFFF13421A786294BB3A40C0598CB265D0324000000000000000001400000000000000000000000000000000000000000000F03F14B174F4AE3033D33F0000000000000000000000000000008006000000000000F03F0B0B110D046564
310
67650CFFFFFFFF04FFFFFFFF0CFFFFFFFF0C020000000600000000000000000C0200000006182D4454FB2119400C050000000C030000000B0707756E6B6E6F776E110D06636F656467650CFFFFFFFF04FFFFFFFF0CFFFFFFFF0C050000000C050000000CFFFFFFFF0C040000000B0C0600000004000000000CFFFFFFFF110D
310
046C6F6F700CFFFFFFFF04FFFFFFFF0CFFFFFFFF0CFFFFFFFF0C050000000C08000000110E05706C616E650D07737572666163650CFFFFFFFF04FFFFFFFF0CFFFFFFFF1359311A012E953A40C0598CB265D0324000000000000000001400000000000000800000000000000000000000000000F03F14000000000000F0BF00
310
0000000000000000000000000000800B0B0B0B0B110D04666163650CFFFFFFFF04FFFFFFFF0CFFFFFFFF0CFFFFFFFF0C060000000C090000000CFFFFFFFF0C070000000B0A0B110D057368656C6C0CFFFFFFFF04FFFFFFFF0CFFFFFFFF0CFFFFFFFF0CFFFFFFFF0C080000000CFFFFFFFF0C0A000000110D046C756D700CFF
310
FFFFFF04FFFFFFFF0CFFFFFFFF0CFFFFFFFF0C090000000C00000000110E03456E640E026F660E0341534D0D0464617461
  0
ACDSRECORD
 90
        1
  2
AcDbDs::ID
280
    10
320
383
  2
ASM_Data
280
    15
 94
      811
310
414349532042696E61727946696C652855000000000000010000000C00000007214F70656E2044657369676E20416C6C69616E63652041434953204275696C646572070E41434953203231382E3030204E540718546875204A756E2032372031363A32383A3230203230323406000000000000F03F0648AFBC9AF2D77A3E06
310
BBBDD7D9DF7CDB3D0D04626F64790CFFFFFFFF04FFFFFFFF0CFFFFFFFF0C0A0000000CFFFFFFFF0CFFFFFFFF110D05706F696E740CFFFFFFFF04FFFFFFFF0CFFFFFFFF132B03D6C3FAE13A40C0598CB265D032400000000000000000110D067665727465780CFFFFFFFF04FFFFFFFF0CFFFFFFFF0C0400000004020000000C
310
01000000110E07656C6C697073650D0563757276650CFFFFFFFF04FFFFFFFF0CFFFFFFFF13421A786294BB3A40C0598CB265D0324000000000000000001400000000000000000000000000000000000000000000F03F14B174F4AE3033C33F0000000000000000000000000000008006000000000000F03F0B0B110D046564
310
67650CFFFFFFFF04FFFFFFFF0CFFFFFFFF0C020000000600000000000000000C0200000006182D4454FB2119400C050000000C030000000B0707756E6B6E6F776E110D06636F656467650CFFFFFFFF04FFFFFFFF0CFFFFFFFF0C050000000C050000000CFFFFFFFF0C040000000B0C0600000004000000000CFFFFFFFF110D
310
046C6F6F700CFFFFFFFF04FFFFFFFF0CFFFFFFFF0CFFFFFFFF0C050000000C08000000110E05706C616E650D07737572666163650CFFFFFFFF04FFFFFFFF0CFFFFFFFF13CD25C93161A83A40C0598CB265D0324000000000000000001400000000000000800000000000000000000000000000F03F14000000000000F0BF00
310
0000000000000000000000000000800B0B0B0B0B110D04666163650CFFFFFFFF04FFFFFFFF0CFFFFFFFF0CFFFFFFFF0C060000000C090000000CFFFFFFFF0C070000000B0A0B110D057368656C6C0CFFFFFFFF04FFFFFFFF0CFFFFFFFF0CFFFFFFFF0CFFFFFFFF0C080000000CFFFFFFFF0C0A000000110D046C756D700CFF
310
FFFFFF04FFFFFFFF0CFFFFFFFF0CFFFFFFFF0C090000000C00000000110E03456E640E026F660E0341534D0D0464617461
  0
ACDSRECORD
 90
        1
  2
AcDbDs::ID
280
    10
320
385
  2
ASM_Data
280
    15
 94
      811
310
414349532042696E61727946696C652855000000000000010000000C00000007214F70656E2044657369676E20416C6C69616E63652041434953204275696C646572070E41434953203231382E3030204E540718546875204A756E2032372031363A32383A3230203230323406000000000000F03F0648AFBC9AF2D77A3E06
310
BBBDD7D9DF7CDB3D0D04626F64790CFFFFFFFF04FFFFFFFF0CFFFFFFFF0C0A0000000CFFFFFFFF0CFFFFFFFF110D05706F696E740CFFFFFFFF04FFFFFFFF0CFFFFFFFF1340F05B216A262A40B25750FFF6A82C400000000000000000110D067665727465780CFFFFFFFF04FFFFFFFF0CFFFFFFFF0C0400000004020000000C
310
01000000110E07656C6C697073650D0563757276650CFFFFFFFF04FFFFFFFF0CFFFFFFFF139A4CE49BD08C2940B25750FFF6A82C4000000000000000001400000000000000000000000000000000000000000000F03F14B174F4AE3033D33F0000000000000000000000000000008006000000000000F03F0B0B110D046564
310
67650CFFFFFFFF04FFFFFFFF0CFFFFFFFF0C020000000600000000000000000C0200000006182D4454FB2119400C050000000C030000000B0707756E6B6E6F776E110D06636F656467650CFFFFFFFF04FFFFFFFF0CFFFFFFFF0C050000000C050000000CFFFFFFFF0C040000000B0C0600000004000000000CFFFFFFFF110D
310
046C6F6F700CFFFFFFFF04FFFFFFFF0CFFFFFFFF0CFFFFFFFF0C050000000C08000000110E05706C616E650D07737572666163650CFFFFFFFF04FFFFFFFF0CFFFFFFFF13C77A28D903402940B25750FFF6A82C4000000000000000001400000000000000800000000000000000000000000000F03F14000000000000F0BF00
310
0000000000000000000000000000800B0B0B0B0B110D04666163650CFFFFFFFF04FFFFFFFF0CFFFFFFFF0CFFFFFFFF0C060000000C090000000CFFFFFFFF0C070000000B0A0B110D057368656C6C0CFFFFFFFF04FFFFFFFF0CFFFFFFFF0CFFFFFFFF0CFFFFFFFF0C080000000CFFFFFFFF0C0A000000110D046C756D700CFF
310
FFFFFF04FFFFFFFF0CFFFFFFFF0CFFFFFFFF0C090000000C00000000110E03456E640E026F660E0341534D0D0464617461
  0
ACDSRECORD
 90
        1
  2
AcDbDs::ID
280
    10
320
387
  2
ASM_Data
280
    15
 94
      811
310
414349532042696E61727946696C652855000000000000010000000C00000007214F70656E2044657369676E20416C6C69616E63652041434953204275696C646572070E41434953203231382E3030204E540718546875204A756E2032372031363A32383A3230203230323406000000000000F03F0648AFBC9AF2D77A3E06
310
BBBDD7D9DF7CDB3D0D04626F64790CFFFFFFFF04FFFFFFFF0CFFFFFFFF0C0A0000000CFFFFFFFF0CFFFFFFFF110D05706F696E740CFFFFFFFF04FFFFFFFF0CFFFFFFFF136D1EA05E9DD92940B25750FFF6A82C400000000000000000110D067665727465780CFFFFFFFF04FFFFFFFF0CFFFFFFFF0C0400000004020000000C
310
01000000110E07656C6C697073650D0563757276650CFFFFFFFF04FFFFFFFF0CFFFFFFFF139A4CE49BD08C2940B25750FFF6A82C4000000000000000001400000000000000000000000000000000000000000000F03F14B174F4AE3033C33F0000000000000000000000000000008006000000000000F03F0B0B110D046564
310
67650CFFFFFFFF04FFFFFFFF0CFFFFFFFF0C020000000600000000000000000C0200000006182D4454FB2119400C050000000C030000000B0707756E6B6E6F776E110D06636F656467650CFFFFFFFF04FFFFFFFF0CFFFFFFFF0C050000000C050000000CFFFFFFFF0C040000000B0C0600000004000000000CFFFFFFFF110D
310
046C6F6F700CFFFFFFFF04FFFFFFFF0CFFFFFFFF0CFFFFFFFF0C050000000C08000000110E05706C616E650D07737572666163650CFFFFFFFF04FFFFFFFF0CFFFFFFFF13B163863A6A662940B25750FFF6A82C4000000000000000001400000000000000800000000000000000000000000000F03F14000000000000F0BF00
310
0000000000000000000000000000800B0B0B0B0B110D04666163650CFFFFFFFF04FFFFFFFF0CFFFFFFFF0CFFFFFFFF0C060000000C090000000CFFFFFFFF0C070000000B0A0B110D057368656C6C0CFFFFFFFF04FFFFFFFF0CFFFFFFFF0CFFFFFFFF0CFFFFFFFF0C080000000CFFFFFFFF0C0A000000110D046C756D700CFF
310
FFFFFF04FFFFFFFF0CFFFFFFFF0CFFFFFFFF0C090000000C00000000110E03456E640E026F660E0341534D0D0464617461
  0
ACDSRECORD
 90
        1
  2
AcDbDs::ID
280
    10
320
389
  2
ASM_Data
280
    15
 94
      811
310
414349532042696E61727946696C652855000000000000010000000C00000007214F70656E2044657369676E20416C6C69616E63652041434953204275696C646572070E41434953203231382E3030204E540718546875204A756E2032372031363A32383A3230203230323406000000000000F03F0648AFBC9AF2D77A3E06
310
BBBDD7D9DF7CDB3D0D04626F64790CFFFFFFFF04FFFFFFFF0CFFFFFFFF0C0A0000000CFFFFFFFF0CFFFFFFFF110D05706F696E740CFFFFFFFF04FFFFFFFF0CFFFFFFFF134B06FCF1C90C37405FE6014D00E923400000000000000000110D067665727465780CFFFFFFFF04FFFFFFFF0CFFFFFFFF0C0400000004020000000C
310
01000000110E07656C6C697073650D0563757276650CFFFFFFFF04FFFFFFFF0CFFFFFFFF137834402FFDBF36405FE6014D00E9234000000000000000001400000000000000000000000000000000000000000000F03F14B174F4AE3033D33F0000000000000000000000000000008006000000000000F03F0B0B110D046564
310
67650CFFFFFFFF04FFFFFFFF0CFFFFFFFF0C020000000600000000000000000C0200000006182D4454FB2119400C050000000C030000000B0707756E6B6E6F776E110D06636F656467650CFFFFFFFF04FFFFFFFF0CFFFFFFFF0C050000000C050000000CFFFFFFFF0C040000000B0C0600000004000000000CFFFFFFFF110D
310
046C6F6F700CFFFFFFFF04FFFFFFFF0CFFFFFFFF0CFFFFFFFF0C050000000C08000000110E05706C616E650D07737572666163650CFFFFFFFF04FFFFFFFF0CFFFFFFFF138F4BE2CD969936405FE6014D00E9234000000000000000001400000000000000800000000000000000000000000000F03F14000000000000F0BF00
310
0000000000000000000000000000800B0B0B0B0B110D04666163650CFFFFFFFF04FFFFFFFF0CFFFFFFFF0CFFFFFFFF0C060000000C090000000CFFFFFFFF0C070000000B0A0B110D057368656C6C0CFFFFFFFF04FFFFFFFF0CFFFFFFFF0CFFFFFFFF0CFFFFFFFF0C080000000CFFFFFFFF0C0A000000110D046C756D700CFF
310
FFFFFF04FFFFFFFF0CFFFFFFFF0CFFFFFFFF0C090000000C00000000110E03456E640E026F660E0341534D0D0464617461
  0
ACDSRECORD
 90
        1
  2
AcDbDs::ID
280
    10
320
38B
  2
ASM_Data
280
    15
 94
      811
310
414349532042696E61727946696C652855000000000000010000000C00000007214F70656E2044657369676E20416C6C69616E63652041434953204275696C646572070E41434953203231382E3030204E540718546875204A756E2032372031363A32383A3230203230323406000000000000F03F0648AFBC9AF2D77A3E06
310
BBBDD7D9DF7CDB3D0D04626F64790CFFFFFFFF04FFFFFFFF0CFFFFFFFF0C0A0000000CFFFFFFFF0CFFFFFFFF110D05706F696E740CFFFFFFFF04FFFFFFFF0CFFFFFFFF13611D9E9063E636405FE6014D00E923400000000000000000110D067665727465780CFFFFFFFF04FFFFFFFF0CFFFFFFFF0C0400000004020000000C
310
01000000110E07656C6C697073650D0563757276650CFFFFFFFF04FFFFFFFF0CFFFFFFFF137834402FFDBF36405FE6014D00E9234000000000000000001400000000000000000000000000000000000000000000F03F14B174F4AE3033C33F0000000000000000000000000000008006000000000000F03F0B0B110D046564
310
67650CFFFFFFFF04FFFFFFFF0CFFFFFFFF0C020000000600000000000000000C0200000006182D4454FB2119400C050000000C030000000B0707756E6B6E6F776E110D06636F656467650CFFFFFFFF04FFFFFFFF0CFFFFFFFF0C050000000C050000000CFFFFFFFF0C040000000B0C0600000004000000000CFFFFFFFF110D
310
046C6F6F700CFFFFFFFF04FFFFFFFF0CFFFFFFFF0CFFFFFFFF0C050000000C08000000110E05706C616E650D07737572666163650CFFFFFFFF04FFFFFFFF0CFFFFFFFF13034091FEC9AC36405FE6014D00E9234000000000000000001400000000000000800000000000000000000000000000F03F14000000000000F0BF00
310
0000000000000000000000000000800B0B0B0B0B110D04666163650CFFFFFFFF04FFFFFFFF0CFFFFFFFF0CFFFFFFFF0C060000000C090000000CFFFFFFFF0C070000000B0A0B110D057368656C6C0CFFFFFFFF04FFFFFFFF0CFFFFFFFF0CFFFFFFFF0CFFFFFFFF0C080000000CFFFFFFFF0C0A000000110D046C756D700CFF
310
FFFFFF04FFFFFFFF0CFFFFFFFF0CFFFFFFFF0C090000000C00000000110E03456E640E026F660E0341534D0D0464617461
  0
ACDSRECORD
 90
        1
  2
AcDbDs::ID
280
    10
320
38D
  2
ASM_Data
280
    15
 94
      811
310
414349532042696E61727946696C652855000000000000010000000C00000007214F70656E2044657369676E20416C6C69616E63652041434953204275696C646572070E41434953203231382E3030204E540718546875204A756E2032372031363A32383A3230203230323406000000000000F03F0648AFBC9AF2D77A3E06
310
BBBDD7D9DF7CDB3D0D04626F64790CFFFFFFFF04FFFFFFFF0CFFFFFFFF0C0A0000000CFFFFFFFF0CFFFFFFFF110D05706F696E740CFFFFFFFF04FFFFFFFF0CFFFFFFFF135C329602359332408E3CEF4ABB1E1C400000000000000000110D067665727465780CFFFFFFFF04FFFFFFFF0CFFFFFFFF0C0400000004020000000C
310
01000000110E07656C6C697073650D0563757276650CFFFFFFFF04FFFFFFFF0CFFFFFFFF138960DA3F684632408E3CEF4ABB1E1C4000000000000000001400000000000000000000000000000000000000000000F03F14B174F4AE3033D33F0000000000000000000000000000008006000000000000F03F0B0B110D046564
310
67650CFFFFFFFF04FFFFFFFF0CFFFFFFFF0C020000000600000000000000000C0200000006182D4454FB2119400C050000000C030000000B0707756E6B6E6F776E110D06636F656467650CFFFFFFFF04FFFFFFFF0CFFFFFFFF0C050000000C050000000CFFFFFFFF0C040000000B0C0600000004000000000CFFFFFFFF110D
310
046C6F6F700CFFFFFFFF04FFFFFFFF0CFFFFFFFF0CFFFFFFFF0C050000000C08000000110E05706C616E650D07737572666163650CFFFFFFFF04FFFFFFFF0CFFFFFFFF13A0777CDE012032408E3CEF4ABB1E1C4000000000000000001400000000000000800000000000000000000000000000F03F14000000000000F0BF00
310
0000000000000000000000000000800B0B0B0B0B110D04666163650CFFFFFFFF04FFFFFFFF0CFFFFFFFF0CFFFFFFFF0C060000000C090000000CFFFFFFFF0C070000000B0A0B110D057368656C6C0CFFFFFFFF04FFFFFFFF0CFFFFFFFF0CFFFFFFFF0CFFFFFFFF0C080000000CFFFFFFFF0C0A000000110D046C756D700CFF
310
FFFFFF04FFFFFFFF0CFFFFFFFF0CFFFFFFFF0C090000000C00000000110E03456E640E026F660E0341534D0D0464617461
  0
ACDSRECORD
 90
        1
  2
AcDbDs::ID
280
    10
320
38F
  2
ASM_Data
280
    15
 94
      811
310
414349532042696E61727946696C652855000000000000010000000C00000007214F70656E2044657369676E20416C6C69616E63652041434953204275696C646572070E41434953203231382E3030204E540718546875204A756E2032372031363A32383A3230203230323406000000000000F03F0648AFBC9AF2D77A3E06
310
BBBDD7D9DF7CDB3D0D04626F64790CFFFFFFFF04FFFFFFFF0CFFFFFFFF0C0A0000000CFFFFFFFF0CFFFFFFFF110D05706F696E740CFFFFFFFF04FFFFFFFF0CFFFFFFFF13724938A1CE6C32408E3CEF4ABB1E1C400000000000000000110D067665727465780CFFFFFFFF04FFFFFFFF0CFFFFFFFF0C0400000004020000000C
310
01000000110E07656C6C697073650D0563757276650CFFFFFFFF04FFFFFFFF0CFFFFFFFF138960DA3F684632408E3CEF4ABB1E1C4000000000000000001400000000000000000000000000000000000000000000F03F14B174F4AE3033C33F0000000000000000000000000000008006000000000000F03F0B0B110D046564
310
67650CFFFFFFFF04FFFFFFFF0CFFFFFFFF0C020000000600000000000000000C0200000006182D4454FB2119400C050000000C030000000B0707756E6B6E6F776E110D06636F656467650CFFFFFFFF04FFFFFFFF0CFFFFFFFF0C050000000C050000000CFFFFFFFF0C040000000B0C0600000004000000000CFFFFFFFF110D
310
046C6F6F700CFFFFFFFF04FFFFFFFF0CFFFFFFFF0CFFFFFFFF0C050000000C08000000110E05706C616E650D07737572666163650CFFFFFFFF04FFFFFFFF0CFFFFFFFF13146C2B0F353332408E3CEF4ABB1E1C4000000000000000001400000000000000800000000000000000000000000000F03F14000000000000F0BF00
310
0000000000000000000000000000800B0B0B0B0B110D04666163650CFFFFFFFF04FFFFFFFF0CFFFFFFFF0CFFFFFFFF0C060000000C090000000CFFFFFFFF0C070000000B0A0B110D057368656C6C0CFFFFFFFF04FFFFFFFF0CFFFFFFFF0CFFFFFFFF0CFFFFFFFF0C080000000CFFFFFFFF0C0A000000110D046C756D700CFF
310
FFFFFF04FFFFFFFF0CFFFFFFFF0CFFFFFFFF0C090000000C00000000110E03456E640E026F660E0341534D0D0464617461
  0
ACDSRECORD
 90
        1
  2
AcDbDs::ID
280
    10
320
391
  2
ASM_Data
280
    15
 94
      811
310
414349532042696E61727946696C652855000000000000010000000C00000007214F70656E2044657369676E20416C6C69616E63652041434953204275696C646572070E41434953203231382E3030204E540718546875204A756E2032372031363A32383A3230203230323406000000000000F03F0648AFBC9AF2D77A3E06
310
BBBDD7D9DF7CDB3D0D04626F64790CFFFFFFFF04FFFFFFFF0CFFFFFFFF0C0A0000000CFFFFFFFF0CFFFFFFFF110D05706F696E740CFFFFFFFF04FFFFFFFF0CFFFFFFFF13D98530C8A7F93540A57796C569552E400000000000000000110D067665727465780CFFFFFFFF04FFFFFFFF0CFFFFFFFF0C0400000004020000000C
310
01000000110E07656C6C697073650D0563757276650CFFFFFFFF04FFFFFFFF0CFFFFFFFF1306B47405DBAC3540A57796C569552E4000000000000000001400000000000000000000000000000000000000000000F03F14B174F4AE3033D33F0000000000000000000000000000008006000000000000F03F0B0B110D046564
310
67650CFFFFFFFF04FFFFFFFF0CFFFFFFFF0C020000000600000000000000000C0200000006182D4454FB2119400C050000000C030000000B0707756E6B6E6F776E110D06636F656467650CFFFFFFFF04FFFFFFFF0CFFFFFFFF0C050000000C050000000CFFFFFFFF0C040000000B0C0600000004000000000CFFFFFFFF110D
310
046C6F6F700CFFFFFFFF04FFFFFFFF0CFFFFFFFF0CFFFFFFFF0C050000000C08000000110E05706C616E650D07737572666163650CFFFFFFFF04FFFFFFFF0CFFFFFFFF131DCB16A474863540A57796C569552E4000000000000000001400000000000000800000000000000000000000000000F03F14000000000000F0BF00
310
0000000000000000000000000000800B0B0B0B0B110D04666163650CFFFFFFFF04FFFFFFFF0CFFFFFFFF0CFFFFFFFF0C060000000C090000000CFFFFFFFF0C070000000B0A0B110D057368656C6C0CFFFFFFFF04FFFFFFFF0CFFFFFFFF0CFFFFFFFF0CFFFFFFFF0C080000000CFFFFFFFF0C0A000000110D046C756D700CFF
310
FFFFFF04FFFFFFFF0CFFFFFFFF0CFFFFFFFF0C090000000C00000000110E03456E640E026F660E0341534D0D0464617461
  0
ACDSRECORD
 90
        1
  2
AcDbDs::ID
280
    10
320
393
  2
ASM_Data
280
    15
 94
      811
310
414349532042696E61727946696C652855000000000000010000000C00000007214F70656E2044657369676E20416C6C69616E63652041434953204275696C646572070E41434953203231382E3030204E540718546875204A756E2032372031363A32383A3230203230323406000000000000F03F0648AFBC9AF2D77A3E06
310
BBBDD7D9DF7CDB3D0D04626F64790CFFFFFFFF04FFFFFFFF0CFFFFFFFF0C0A0000000CFFFFFFFF0CFFFFFFFF110D05706F696E740CFFFFFFFF04FFFFFFFF0CFFFFFFFF13EF9CD26641D33540A57796C569552E400000000000000000110D067665727465780CFFFFFFFF04FFFFFFFF0CFFFFFFFF0C0400000004020000000C
310
01000000110E07656C6C697073650D0563757276650CFFFFFFFF04FFFFFFFF0CFFFFFFFF1306B47405DBAC3540A57796C569552E4000000000000000001400000000000000000000000000000000000000000000F03F14B174F4AE3033C33F0000000000000000000000000000008006000000000000F03F0B0B110D046564
310
67650CFFFFFFFF04FFFFFFFF0CFFFFFFFF0C020000000600000000000000000C0200000006182D4454FB2119400C050000000C030000000B0707756E6B6E6F776E110D06636F656467650CFFFFFFFF04FFFFFFFF0CFFFFFFFF0C050000000C050000000CFFFFFFFF0C040000000B0C0600000004000000000CFFFFFFFF110D
310
046C6F6F700CFFFFFFFF04FFFFFFFF0CFFFFFFFF0CFFFFFFFF0C050000000C08000000110E05706C616E650D07737572666163650CFFFFFFFF04FFFFFFFF0CFFFFFFFF1391BFC5D4A7993540A57796C569552E4000000000000000001400000000000000800000000000000000000000000000F03F14000000000000F0BF00
310
0000000000000000000000000000800B0B0B0B0B110D04666163650CFFFFFFFF04FFFFFFFF0CFFFFFFFF0CFFFFFFFF0C060000000C090000000CFFFFFFFF0C070000000B0A0B110D057368656C6C0CFFFFFFFF04FFFFFFFF0CFFFFFFFF0CFFFFFFFF0CFFFFFFFF0C080000000CFFFFFFFF0C0A000000110D046C756D700CFF
310
FFFFFF04FFFFFFFF0CFFFFFFFF0CFFFFFFFF0C090000000C00000000110E03456E640E026F660E0341534D0D0464617461
  0
ACDSRECORD
 90
        1
  2
AcDbDs::ID
280
    10
320
395
  2
ASM_Data
280
    15
 94
      811
310
414349532042696E61727946696C652855000000000000010000000C00000007214F70656E2044657369676E20416C6C69616E63652041434953204275696C646572070E41434953203231382E3030204E540718546875204A756E2032372031363A32383A3230203230323406000000000000F03F0648AFBC9AF2D77A3E06
310
BBBDD7D9DF7CDB3D0D04626F64790CFFFFFFFF04FFFFFFFF0CFFFFFFFF0C0A0000000CFFFFFFFF0CFFFFFFFF110D05706F696E740CFFFFFFFF04FFFFFFFF0CFFFFFFFF137BF4C8179BB933409D86E26D295C28400000000000000000110D067665727465780CFFFFFFFF04FFFFFFFF0CFFFFFFFF0C0400000004020000000C
310
01000000110E07656C6C697073650D0563757276650CFFFFFFFF04FFFFFFFF0CFFFFFFFF13A8220D55CE6C33409D86E26D295C284000000000000000001400000000000000000000000000000000000000000000F03F14B174F4AE3033D33F0000000000000000000000000000008006000000000000F03F0B0B110D046564
310
67650CFFFFFFFF04FFFFFFFF0CFFFFFFFF0C020000000600000000000000000C0200000006182D4454FB2119400C050000000C030000000B0707756E6B6E6F776E110D06636F656467650CFFFFFFFF04FFFFFFFF0CFFFFFFFF0C050000000C050000000CFFFFFFFF0C040000000B0C0600000004000000000CFFFFFFFF110D
310
046C6F6F700CFFFFFFFF04FFFFFFFF0CFFFFFFFF0CFFFFFFFF0C050000000C08000000110E05706C616E650D07737572666163650CFFFFFFFF04FFFFFFFF0CFFFFFFFF13BF39AFF3674633409D86E26D295C284000000000000000001400000000000000800000000000000000000000000000F03F14000000000000F0BF00
310
0000000000000000000000000000800B0B0B0B0B110D04666163650CFFFFFFFF04FFFFFFFF0CFFFFFFFF0CFFFFFFFF0C060000000C090000000CFFFFFFFF0C070000000B0A0B110D057368656C6C0CFFFFFFFF04FFFFFFFF0CFFFFFFFF0CFFFFFFFF0CFFFFFFFF0C080000000CFFFFFFFF0C0A000000110D046C756D700CFF
310
FFFFFF04FFFFFFFF0CFFFFFFFF0CFFFFFFFF0C090000000C00000000110E03456E640E026F660E0341534D0D0464617461
  0
ACDSRECORD
 90
        1
  2
AcDbDs::ID
280
    10
320
397
  2
ASM_Data
280
    15
 94
      811
310
414349532042696E61727946696C652855000000000000010000000C00000007214F70656E2044657369676E20416C6C69616E63652041434953204275696C646572070E41434953203231382E3030204E540718546875204A756E2032372031363A32383A3230203230323406000000000000F03F0648AFBC9AF2D77A3E06
310
BBBDD7D9DF7CDB3D0D04626F64790CFFFFFFFF04FFFFFFFF0CFFFFFFFF0C0A0000000CFFFFFFFF0CFFFFFFFF110D05706F696E740CFFFFFFFF04FFFFFFFF0CFFFFFFFF13910B6BB6349333409D86E26D295C28400000000000000000110D067665727465780CFFFFFFFF04FFFFFFFF0CFFFFFFFF0C0400000004020000000C
310
01000000110E07656C6C697073650D0563757276650CFFFFFFFF04FFFFFFFF0CFFFFFFFF13A8220D55CE6C33409D86E26D295C284000000000000000001400000000000000000000000000000000000000000000F03F14B174F4AE3033C33F0000000000000000000000000000008006000000000000F03F0B0B110D046564
310
67650CFFFFFFFF04FFFFFFFF0CFFFFFFFF0C020000000600000000000000000C0200000006182D4454FB2119400C050000000C030000000B0707756E6B6E6F776E110D06636F656467650CFFFFFFFF04FFFFFFFF0CFFFFFFFF0C050000000C050000000CFFFFFFFF0C040000000B0C0600000004000000000CFFFFFFFF110D
310
046C6F6F700CFFFFFFFF04FFFFFFFF0CFFFFFFFF0CFFFFFFFF0C050000000C08000000110E05706C616E650D07737572666163650CFFFFFFFF04FFFFFFFF0CFFFFFFFF13332E5E249B5933409D86E26D295C284000000000000000001400000000000000800000000000000000000000000000F03F14000000000000F0BF00
310
0000000000000000000000000000800B0B0B0B0B110D04666163650CFFFFFFFF04FFFFFFFF0CFFFFFFFF0CFFFFFFFF0C060000000C090000000CFFFFFFFF0C070000000B0A0B110D057368656C6C0CFFFFFFFF04FFFFFFFF0CFFFFFFFF0CFFFFFFFF0CFFFFFFFF0C080000000CFFFFFFFF0C0A000000110D046C756D700CFF
310
FFFFFF04FFFFFFFF0CFFFFFFFF0CFFFFFFFF0C090000000C00000000110E03456E640E026F660E0341534D0D0464617461
  0
ACDSRECORD
 90
        1
  2
AcDbDs::ID
280
    10
320
399
  2
ASM_Data
280
    15
 94
      811
310
414349532042696E61727946696C652855000000000000010000000C00000007214F70656E2044657369676E20416C6C69616E63652041434953204275696C646572070E41434953203231382E3030204E540718546875204A756E2032372031363A32383A3230203230323406000000000000F03F0648AFBC9AF2D77A3E06
310
BBBDD7D9DF7CDB3D0D04626F64790CFFFFFFFF04FFFFFFFF0CFFFFFFFF0C0A0000000CFFFFFFFF0CFFFFFFFF110D05706F696E740CFFFFFFFF04FFFFFFFF0CFFFFFFFF135E77258FC86B2540E4DFE32394B82E400000000000000000110D067665727465780CFFFFFFFF04FFFFFFFF0CFFFFFFFF0C0400000004020000000C
310
01000000110E07656C6C697073650D0563757276650CFFFFFFFF04FFFFFFFF0CFFFFFFFF13B8D3AD092FD22440E4DFE32394B82E4000000000000000001400000000000000000000000000000000000000000000F03F14B174F4AE3033D33F0000000000000000000000000000008006000000000000F03F0B0B110D046564
310
67650CFFFFFFFF04FFFFFFFF0CFFFFFFFF0C020000000600000000000000000C0200000006182D4454FB2119400C050000000C030000000B0707756E6B6E6F776E110D06636F656467650CFFFFFFFF04FFFFFFFF0CFFFFFFFF0C050000000C050000000CFFFFFFFF0C040000000B0C0600000004000000000CFFFFFFFF110D
310
046C6F6F700CFFFFFFFF04FFFFFFFF0CFFFFFFFF0CFFFFFFFF0C050000000C08000000110E05706C616E650D07737572666163650CFFFFFFFF04FFFFFFFF0CFFFFFFFF13E501F24662852440E4DFE32394B82E4000000000000000001400000000000000800000000000000000000000000000F03F14000000000000F0BF00
310
0000000000000000000000000000800B0B0B0B0B110D04666163650CFFFFFFFF04FFFFFFFF0CFFFFFFFF0CFFFFFFFF0C060000000C090000000CFFFFFFFF0C070000000B0A0B110D057368656C6C0CFFFFFFFF04FFFFFFFF0CFFFFFFFF0CFFFFFFFF0CFFFFFFFF0C080000000CFFFFFFFF0C0A000000110D046C756D700CFF
310
FFFFFF04FFFFFFFF0CFFFFFFFF0CFFFFFFFF0C090000000C00000000110E03456E640E026F660E0341534D0D0464617461
  0
ACDSRECORD
 90
        1
  2
AcDbDs::ID
280
    10
320
39B
  2
ASM_Data
280
    15
 94
      811
310
414349532042696E61727946696C652855000000000000010000000C00000007214F70656E2044657369676E20416C6C69616E63652041434953204275696C646572070E41434953203231382E3030204E540718546875204A756E2032372031363A32383A3230203230323406000000000000F03F0648AFBC9AF2D77A3E06
310
BBBDD7D9DF7CDB3D0D04626F64790CFFFFFFFF04FFFFFFFF0CFFFFFFFF0C0A0000000CFFFFFFFF0CFFFFFFFF110D05706F696E740CFFFFFFFF04FFFFFFFF0CFFFFFFFF138BA569CCFB1E2540E4DFE32394B82E400000000000000000110D067665727465780CFFFFFFFF04FFFFFFFF0CFFFFFFFF0C0400000004020000000C
310
01000000110E07656C6C697073650D0563757276650CFFFFFFFF04FFFFFFFF0CFFFFFFFF13B8D3AD092FD22440E4DFE32394B82E4000000000000000001400000000000000000000000000000000000000000000F03F14B174F4AE3033C33F0000000000000000000000000000008006000000000000F03F0B0B110D046564
310
67650CFFFFFFFF04FFFFFFFF0CFFFFFFFF0C020000000600000000000000000C0200000006182D4454FB2119400C050000000C030000000B0707756E6B6E6F776E110D06636F656467650CFFFFFFFF04FFFFFFFF0CFFFFFFFF0C050000000C050000000CFFFFFFFF0C040000000B0C0600000004000000000CFFFFFFFF110D
310
046C6F6F700CFFFFFFFF04FFFFFFFF0CFFFFFFFF0CFFFFFFFF0C050000000C08000000110E05706C616E650D07737572666163650CFFFFFFFF04FFFFFFFF0CFFFFFFFF13CFEA4FA8C8AB2440E4DFE32394B82E4000000000000000001400000000000000800000000000000000000000000000F03F14000000000000F0BF00
310
0000000000000000000000000000800B0B0B0B0B110D04666163650CFFFFFFFF04FFFFFFFF0CFFFFFFFF0CFFFFFFFF0C060000000C090000000CFFFFFFFF0C070000000B0A0B110D057368656C6C0CFFFFFFFF04FFFFFFFF0CFFFFFFFF0CFFFFFFFF0CFFFFFFFF0C080000000CFFFFFFFF0C0A000000110D046C756D700CFF
310
FFFFFF04FFFFFFFF0CFFFFFFFF0CFFFFFFFF0C090000000C00000000110E03456E640E026F660E0341534D0D0464617461
  0
ACDSRECORD
 90
        1
  2
AcDbDs::ID
280
    10
320
39D
  2
ASM_Data
280
    15
 94
      811
310
414349532042696E61727946696C652855000000000000010000000C00000007214F70656E2044657369676E20416C6C69616E63652041434953204275696C646572070E41434953203231382E3030204E540718546875204A756E2032372031363A32383A3230203230323406000000000000F03F0648AFBC9AF2D77A3E06
310
BBBDD7D9DF7CDB3D0D04626F64790CFFFFFFFF04FFFFFFFF0CFFFFFFFF0C0A0000000CFFFFFFFF0CFFFFFFFF110D05706F696E740CFFFFFFFF04FFFFFFFF0CFFFFFFFF1315406B5DEEF83F4023E70EACF4282F400000000000000000110D067665727465780CFFFFFFFF04FFFFFFFF0CFFFFFFFF0C0400000004020000000C
310
01000000110E07656C6C697073650D0563757276650CFFFFFFFF04FFFFFFFF0CFFFFFFFF13426EAF9A21AC3F4023E70EACF4282F4000000000000000001400000000000000000000000000000000000000000000F03F14B174F4AE3033D33F0000000000000000000000000000008006000000000000F03F0B0B110D046564
310
67650CFFFFFFFF04FFFFFFFF0CFFFFFFFF0C020000000600000000000000000C0200000006182D4454FB2119400C050000000C030000000B0707756E6B6E6F776E110D06636F656467650CFFFFFFFF04FFFFFFFF0CFFFFFFFF0C050000000C050000000CFFFFFFFF0C040000000B0C0600000004000000000CFFFFFFFF110D
310
046C6F6F700CFFFFFFFF04FFFFFFFF0CFFFFFFFF0CFFFFFFFF0C050000000C08000000110E05706C616E650D07737572666163650CFFFFFFFF04FFFFFFFF0CFFFFFFFF1359855139BB853F4023E70EACF4282F4000000000000000001400000000000000800000000000000000000000000000F03F14000000000000F0BF00
310
0000000000000000000000000000800B0B0B0B0B110D04666163650CFFFFFFFF04FFFFFFFF0CFFFFFFFF0CFFFFFFFF0C060000000C090000000CFFFFFFFF0C070000000B0A0B110D057368656C6C0CFFFFFFFF04FFFFFFFF0CFFFFFFFF0CFFFFFFFF0CFFFFFFFF0C080000000CFFFFFFFF0C0A000000110D046C756D700CFF
310
FFFFFF04FFFFFFFF0CFFFFFFFF0CFFFFFFFF0C090000000C00000000110E03456E640E026F660E0341534D0D0464617461
  0
ACDSRECORD
 90
        1
  2
AcDbDs::ID
280
    10
320
39F
  2
ASM_Data
280
    15
 94
      811
310
414349532042696E61727946696C652855000000000000010000000C00000007214F70656E2044657369676E20416C6C69616E63652041434953204275696C646572070E41434953203231382E3030204E540718546875204A756E2032372031363A32383A3230203230323406000000000000F03F0648AFBC9AF2D77A3E06
310
BBBDD7D9DF7CDB3D0D04626F64790CFFFFFFFF04FFFFFFFF0CFFFFFFFF0C0A0000000CFFFFFFFF0CFFFFFFFF110D05706F696E740CFFFFFFFF04FFFFFFFF0CFFFFFFFF132B570DFC87D23F4023E70EACF4282F400000000000000000110D067665727465780CFFFFFFFF04FFFFFFFF0CFFFFFFFF0C0400000004020000000C
310
01000000110E07656C6C697073650D0563757276650CFFFFFFFF04FFFFFFFF0CFFFFFFFF13426EAF9A21AC3F4023E70EACF4282F4000000000000000001400000000000000000000000000000000000000000000F03F14B174F4AE3033C33F0000000000000000000000000000008006000000000000F03F0B0B110D046564
310
67650CFFFFFFFF04FFFFFFFF0CFFFFFFFF0C020000000600000000000000000C0200000006182D4454FB2119400C050000000C030000000B0707756E6B6E6F776E110D06636F656467650CFFFFFFFF04FFFFFFFF0CFFFFFFFF0C050000000C050000000CFFFFFFFF0C040000000B0C0600000004000000000CFFFFFFFF110D
310
046C6F6F700CFFFFFFFF04FFFFFFFF0CFFFFFFFF0CFFFFFFFF0C050000000C08000000110E05706C616E650D07737572666163650CFFFFFFFF04FFFFFFFF0CFFFFFFFF13CD79006AEE983F4023E70EACF4282F4000000000000000001400000000000000800000000000000000000000000000F03F14000000000000F0BF00
310
0000000000000000000000000000800B0B0B0B0B110D04666163650CFFFFFFFF04FFFFFFFF0CFFFFFFFF0CFFFFFFFF0C060000000C090000000CFFFFFFFF0C070000000B0A0B110D057368656C6C0CFFFFFFFF04FFFFFFFF0CFFFFFFFF0CFFFFFFFF0CFFFFFFFF0C080000000CFFFFFFFF0C0A000000110D046C756D700CFF
310
FFFFFF04FFFFFFFF0CFFFFFFFF0CFFFFFFFF0C090000000C00000000110E03456E640E026F660E0341534D0D0464617461
  0
ACDSRECORD
 90
        1
  2
AcDbDs::ID
280
    10
320
3A1
  2
ASM_Data
280
    15
 94
      811
310
414349532042696E61727946696C652855000000000000010000000C00000007214F70656E2044657369676E20416C6C69616E63652041434953204275696C646572070E41434953203231382E3030204E540718546875204A756E2032372031363A32383A3230203230323406000000000000F03F0648AFBC9AF2D77A3E06
310
BBBDD7D9DF7CDB3D0D04626F64790CFFFFFFFF04FFFFFFFF0CFFFFFFFF0C0A0000000CFFFFFFFF0CFFFFFFFF110D05706F696E740CFFFFFFFF04FFFFFFFF0CFFFFFFFF132F36C6B1A27A4040FC98FF25E3EF2D400000000000000000110D067665727465780CFFFFFFFF04FFFFFFFF0CFFFFFFFF0C0400000004020000000C
310
01000000110E07656C6C697073650D0563757276650CFFFFFFFF04FFFFFFFF0CFFFFFFFF13464D68503C544040FC98FF25E3EF2D4000000000000000001400000000000000000000000000000000000000000000F03F14B174F4AE3033D33F0000000000000000000000000000008006000000000000F03F0B0B110D046564
310
67650CFFFFFFFF04FFFFFFFF0CFFFFFFFF0C020000000600000000000000000C0200000006182D4454FB2119400C050000000C030000000B0707756E6B6E6F776E110D06636F656467650CFFFFFFFF04FFFFFFFF0CFFFFFFFF0C050000000C050000000CFFFFFFFF0C040000000B0C0600000004000000000CFFFFFFFF110D
310
046C6F6F700CFFFFFFFF04FFFFFFFF0CFFFFFFFF0CFFFFFFFF0C050000000C08000000110E05706C616E650D07737572666163650CFFFFFFFF04FFFFFFFF0CFFFFFFFF13D158B91F09414040FC98FF25E3EF2D4000000000000000001400000000000000800000000000000000000000000000F03F14000000000000F0BF00
310
0000000000000000000000000000800B0B0B0B0B110D04666163650CFFFFFFFF04FFFFFFFF0CFFFFFFFF0CFFFFFFFF0C060000000C090000000CFFFFFFFF0C070000000B0A0B110D057368656C6C0CFFFFFFFF04FFFFFFFF0CFFFFFFFF0CFFFFFFFF0CFFFFFFFF0C080000000CFFFFFFFF0C0A000000110D046C756D700CFF
310
FFFFFF04FFFFFFFF0CFFFFFFFF0CFFFFFFFF0C090000000C00000000110E03456E640E026F660E0341534D0D0464617461
  0
ACDSRECORD
 90
        1
  2
AcDbDs::ID
280
    10
320
3A3
  2
ASM_Data
280
    15
 94
      811
310
414349532042696E61727946696C652855000000000000010000000C00000007214F70656E2044657369676E20416C6C69616E63652041434953204275696C646572070E41434953203231382E3030204E540718546875204A756E2032372031363A32383A3230203230323406000000000000F03F0648AFBC9AF2D77A3E06
310
BBBDD7D9DF7CDB3D0D04626F64790CFFFFFFFF04FFFFFFFF0CFFFFFFFF0C0A0000000CFFFFFFFF0CFFFFFFFF110D05706F696E740CFFFFFFFF04FFFFFFFF0CFFFFFFFF13BB4117816F674040FC98FF25E3EF2D400000000000000000110D067665727465780CFFFFFFFF04FFFFFFFF0CFFFFFFFF0C0400000004020000000C
310
01000000110E07656C6C697073650D0563757276650CFFFFFFFF04FFFFFFFF0CFFFFFFFF13464D68503C544040FC98FF25E3EF2D4000000000000000001400000000000000000000000000000000000000000000F03F14B174F4AE3033C33F0000000000000000000000000000008006000000000000F03F0B0B110D046564
310
67650CFFFFFFFF04FFFFFFFF0CFFFFFFFF0C020000000600000000000000000C0200000006182D4454FB2119400C050000000C030000000B0707756E6B6E6F776E110D06636F656467650CFFFFFFFF04FFFFFFFF0CFFFFFFFF0C050000000C050000000CFFFFFFFF0C040000000B0C0600000004000000000CFFFFFFFF110D
310
046C6F6F700CFFFFFFFF04FFFFFFFF0CFFFFFFFF0CFFFFFFFF0C050000000C08000000110E05706C616E650D07737572666163650CFFFFFFFF04FFFFFFFF0CFFFFFFFF130CD310B8A24A4040FC98FF25E3EF2D4000000000000000001400000000000000800000000000000000000000000000F03F14000000000000F0BF00
310
0000000000000000000000000000800B0B0B0B0B110D04666163650CFFFFFFFF04FFFFFFFF0CFFFFFFFF0CFFFFFFFF0C060000000C090000000CFFFFFFFF0C070000000B0A0B110D057368656C6C0CFFFFFFFF04FFFFFFFF0CFFFFFFFF0CFFFFFFFF0CFFFFFFFF0C080000000CFFFFFFFF0C0A000000110D046C756D700CFF
310
FFFFFF04FFFFFFFF0CFFFFFFFF0CFFFFFFFF0C090000000C00000000110E03456E640E026F660E0341534D0D0464617461
  0
ACDSRECORD
 90
        1
  2
AcDbDs::ID
280
    10
320
3A5
  2
ASM_Data
280
    15
 94
      811
310
414349532042696E61727946696C652855000000000000010000000C00000007214F70656E2044657369676E20416C6C69616E63652041434953204275696C646572070E41434953203231382E3030204E540718546875204A756E2032372031363A32383A3230203230323406000000000000F03F0648AFBC9AF2D77A3E06
310
BBBDD7D9DF7CDB3D0D04626F64790CFFFFFFFF04FFFFFFFF0CFFFFFFFF0C0A0000000CFFFFFFFF0CFFFFFFFF110D05706F696E740CFFFFFFFF04FFFFFFFF0CFFFFFFFF13F75325C26DD84040033C48D3C9DB2D400000000000000000110D067665727465780CFFFFFFFF04FFFFFFFF0CFFFFFFFF0C0400000004020000000C
310
01000000110E07656C6C697073650D0563757276650CFFFFFFFF04FFFFFFFF0CFFFFFFFF130E6BC76007B24040033C48D3C9DB2D4000000000000000001400000000000000000000000000000000000000000000F03F14B174F4AE3033D33F0000000000000000000000000000008006000000000000F03F0B0B110D046564
310
67650CFFFFFFFF04FFFFFFFF0CFFFFFFFF0C020000000600000000000000000C0200000006182D4454FB2119400C050000000C030000000B0707756E6B6E6F776E110D06636F656467650CFFFFFFFF04FFFFFFFF0CFFFFFFFF0C050000000C050000000CFFFFFFFF0C040000000B0C0600000004000000000CFFFFFFFF110D
310
046C6F6F700CFFFFFFFF04FFFFFFFF0CFFFFFFFF0CFFFFFFFF0C050000000C08000000110E05706C616E650D07737572666163650CFFFFFFFF04FFFFFFFF0CFFFFFFFF1399761830D49E4040033C48D3C9DB2D4000000000000000001400000000000000800000000000000000000000000000F03F14000000000000F0BF00
310
0000000000000000000000000000800B0B0B0B0B110D04666163650CFFFFFFFF04FFFFFFFF0CFFFFFFFF0CFFFFFFFF0C060000000C090000000CFFFFFFFF0C070000000B0A0B110D057368656C6C0CFFFFFFFF04FFFFFFFF0CFFFFFFFF0CFFFFFFFF0CFFFFFFFF0C080000000CFFFFFFFF0C0A000000110D046C756D700CFF
310
FFFFFF04FFFFFFFF0CFFFFFFFF0CFFFFFFFF0C090000000C00000000110E03456E640E026F660E0341534D0D0464617461
  0
ACDSRECORD
 90
        1
  2
AcDbDs::ID
280
    10
320
3A7
  2
ASM_Data
280
    15
 94
      811
310
414349532042696E61727946696C652855000000000000010000000C00000007214F70656E2044657369676E20416C6C69616E63652041434953204275696C646572070E41434953203231382E3030204E540718546875204A756E2032372031363A32383A3230203230323406000000000000F03F0648AFBC9AF2D77A3E06
310
BBBDD7D9DF7CDB3D0D04626F64790CFFFFFFFF04FFFFFFFF0CFFFFFFFF0C0A0000000CFFFFFFFF0CFFFFFFFF110D05706F696E740CFFFFFFFF04FFFFFFFF0CFFFFFFFF13835F76913AC54040033C48D3C9DB2D400000000000000000110D067665727465780CFFFFFFFF04FFFFFFFF0CFFFFFFFF0C0400000004020000000C
310
01000000110E07656C6C697073650D0563757276650CFFFFFFFF04FFFFFFFF0CFFFFFFFF130E6BC76007B24040033C48D3C9DB2D4000000000000000001400000000000000000000000000000000000000000000F03F14B174F4AE3033C33F0000000000000000000000000000008006000000000000F03F0B0B110D046564
310
67650CFFFFFFFF04FFFFFFFF0CFFFFFFFF0C020000000600000000000000000C0200000006182D4454FB2119400C050000000C030000000B0707756E6B6E6F776E110D06636F656467650CFFFFFFFF04FFFFFFFF0CFFFFFFFF0C050000000C050000000CFFFFFFFF0C040000000B0C0600000004000000000CFFFFFFFF110D
310
046C6F6F700CFFFFFFFF04FFFFFFFF0CFFFFFFFF0CFFFFFFFF0C050000000C08000000110E05706C616E650D07737572666163650CFFFFFFFF04FFFFFFFF0CFFFFFFFF13D4F06FC86DA84040033C48D3C9DB2D4000000000000000001400000000000000800000000000000000000000000000F03F14000000000000F0BF00
310
0000000000000000000000000000800B0B0B0B0B110D04666163650CFFFFFFFF04FFFFFFFF0CFFFFFFFF0CFFFFFFFF0C060000000C090000000CFFFFFFFF0C070000000B0A0B110D057368656C6C0CFFFFFFFF04FFFFFFFF0CFFFFFFFF0CFFFFFFFF0CFFFFFFFF0C080000000CFFFFFFFF0C0A000000110D046C756D700CFF
310
FFFFFF04FFFFFFFF0CFFFFFFFF0CFFFFFFFF0C090000000C00000000110E03456E640E026F660E0341534D0D0464617461
  0
ACDSRECORD
 90
        1
  2
AcDbDs::ID
280
    10
320
3A9
  2
ASM_Data
280
    15
 94
      811
310
414349532042696E61727946696C652855000000000000010000000C00000007214F70656E2044657369676E20416C6C69616E63652041434953204275696C646572070E41434953203231382E3030204E540718546875204A756E2032372031363A32383A3230203230323406000000000000F03F0648AFBC9AF2D77A3E06
310
BBBDD7D9DF7CDB3D0D04626F64790CFFFFFFFF04FFFFFFFF0CFFFFFFFF0C0A0000000CFFFFFFFF0CFFFFFFFF110D05706F696E740CFFFFFFFF04FFFFFFFF0CFFFFFFFF130CFB452297803940194C261BCD911B400000000000000000110D067665727465780CFFFFFFFF04FFFFFFFF0CFFFFFFFF0C0400000004020000000C
310
01000000110E07656C6C697073650D0563757276650CFFFFFFFF04FFFFFFFF0CFFFFFFFF1339298A5FCA333940194C261BCD911B4000000000000000001400000000000000000000000000000000000000000000F03F14B174F4AE3033D33F0000000000000000000000000000008006000000000000F03F0B0B110D046564
310
67650CFFFFFFFF04FFFFFFFF0CFFFFFFFF0C020000000600000000000000000C0200000006182D4454FB2119400C050000000C030000000B0707756E6B6E6F776E110D06636F656467650CFFFFFFFF04FFFFFFFF0CFFFFFFFF0C050000000C050000000CFFFFFFFF0C040000000B0C0600000004000000000CFFFFFFFF110D
310
046C6F6F700CFFFFFFFF04FFFFFFFF0CFFFFFFFF0CFFFFFFFF0C050000000C08000000110E05706C616E650D07737572666163650CFFFFFFFF04FFFFFFFF0CFFFFFFFF1350402CFE630D3940194C261BCD911B4000000000000000001400000000000000800000000000000000000000000000F03F14000000000000F0BF00
310
0000000000000000000000000000800B0B0B0B0B110D04666163650CFFFFFFFF04FFFFFFFF0CFFFFFFFF0CFFFFFFFF0C060000000C090000000CFFFFFFFF0C070000000B0A0B110D057368656C6C0CFFFFFFFF04FFFFFFFF0CFFFFFFFF0CFFFFFFFF0CFFFFFFFF0C080000000CFFFFFFFF0C0A000000110D046C756D700CFF
310
FFFFFF04FFFFFFFF0CFFFFFFFF0CFFFFFFFF0C090000000C00000000110E03456E640E026F660E0341534D0D0464617461
  0
ACDSRECORD
 90
        1
  2
AcDbDs::ID
280
    10
320
3AB
  2
ASM_Data
280
    15
 94
      811
310
414349532042696E61727946696C652855000000000000010000000C00000007214F70656E2044657369676E20416C6C69616E63652041434953204275696C646572070E41434953203231382E3030204E540718546875204A756E2032372031363A32383A3230203230323406000000000000F03F0648AFBC9AF2D77A3E06
310
BBBDD7D9DF7CDB3D0D04626F64790CFFFFFFFF04FFFFFFFF0CFFFFFFFF0C0A0000000CFFFFFFFF0CFFFFFFFF110D05706F696E740CFFFFFFFF04FFFFFFFF0CFFFFFFFF132212E8C0305A3940194C261BCD911B400000000000000000110D067665727465780CFFFFFFFF04FFFFFFFF0CFFFFFFFF0C0400000004020000000C
310
01000000110E07656C6C697073650D0563757276650CFFFFFFFF04FFFFFFFF0CFFFFFFFF1339298A5FCA333940194C261BCD911B4000000000000000001400000000000000000000000000000000000000000000F03F14B174F4AE3033C33F0000000000000000000000000000008006000000000000F03F0B0B110D046564
310
67650CFFFFFFFF04FFFFFFFF0CFFFFFFFF0C020000000600000000000000000C0200000006182D4454FB2119400C050000000C030000000B0707756E6B6E6F776E110D06636F656467650CFFFFFFFF04FFFFFFFF0CFFFFFFFF0C050000000C050000000CFFFFFFFF0C040000000B0C0600000004000000000CFFFFFFFF110D
310
046C6F6F700CFFFFFFFF04FFFFFFFF0CFFFFFFFF0CFFFFFFFF0C050000000C08000000110E05706C616E650D07737572666163650CFFFFFFFF04FFFFFFFF0CFFFFFFFF13C434DB2E97203940194C261BCD911B4000000000000000001400000000000000800000000000000000000000000000F03F14000000000000F0BF00
310
0000000000000000000000000000800B0B0B0B0B110D04666163650CFFFFFFFF04FFFFFFFF0CFFFFFFFF0CFFFFFFFF0C060000000C090000000CFFFFFFFF0C070000000B0A0B110D057368656C6C0CFFFFFFFF04FFFFFFFF0CFFFFFFFF0CFFFFFFFF0CFFFFFFFF0C080000000CFFFFFFFF0C0A000000110D046C756D700CFF
310
FFFFFF04FFFFFFFF0CFFFFFFFF0CFFFFFFFF0C090000000C00000000110E03456E640E026F660E0341534D0D0464617461
  0
ACDSRECORD
 90
        1
  2
AcDbDs::ID
280
    10
320
3AD
  2
ASM_Data
280
    15
 94
      811
310
414349532042696E61727946696C652855000000000000010000000C00000007214F70656E2044657369676E20416C6C69616E63652041434953204275696C646572070E41434953203231382E3030204E540718546875204A756E2032372031363A32383A3230203230323406000000000000F03F0648AFBC9AF2D77A3E06
310
BBBDD7D9DF7CDB3D0D04626F64790CFFFFFFFF04FFFFFFFF0CFFFFFFFF0C0A0000000CFFFFFFFF0CFFFFFFFF110D05706F696E740CFFFFFFFF04FFFFFFFF0CFFFFFFFF13C99C570ABB5F3A40C74A276D05A81B400000000000000000110D067665727465780CFFFFFFFF04FFFFFFFF0CFFFFFFFF0C0400000004020000000C
310
01000000110E07656C6C697073650D0563757276650CFFFFFFFF04FFFFFFFF0CFFFFFFFF13F6CA9B47EE123A40C74A276D05A81B4000000000000000001400000000000000000000000000000000000000000000F03F14B174F4AE3033D33F0000000000000000000000000000008006000000000000F03F0B0B110D046564
310
67650CFFFFFFFF04FFFFFFFF0CFFFFFFFF0C020000000600000000000000000C0200000006182D4454FB2119400C050000000C030000000B0707756E6B6E6F776E110D06636F656467650CFFFFFFFF04FFFFFFFF0CFFFFFFFF0C050000000C050000000CFFFFFFFF0C040000000B0C0600000004000000000CFFFFFFFF110D
310
046C6F6F700CFFFFFFFF04FFFFFFFF0CFFFFFFFF0CFFFFFFFF0C050000000C08000000110E05706C616E650D07737572666163650CFFFFFFFF04FFFFFFFF0CFFFFFFFF130DE23DE687EC3940C74A276D05A81B4000000000000000001400000000000000800000000000000000000000000000F03F14000000000000F0BF00
310
0000000000000000000000000000800B0B0B0B0B110D04666163650CFFFFFFFF04FFFFFFFF0CFFFFFFFF0CFFFFFFFF0C060000000C090000000CFFFFFFFF0C070000000B0A0B110D057368656C6C0CFFFFFFFF04FFFFFFFF0CFFFFFFFF0CFFFFFFFF0CFFFFFFFF0C080000000CFFFFFFFF0C0A000000110D046C756D700CFF
310
FFFFFF04FFFFFFFF0CFFFFFFFF0CFFFFFFFF0C090000000C00000000110E03456E640E026F660E0341534D0D0464617461
  0
ACDSRECORD
 90
        1
  2
AcDbDs::ID
280
    10
320
3AF
  2
ASM_Data
280
    15
 94
      811
310
414349532042696E61727946696C652855000000000000010000000C00000007214F70656E2044657369676E20416C6C69616E63652041434953204275696C646572070E41434953203231382E3030204E540718546875204A756E2032372031363A32383A3230203230323406000000000000F03F0648AFBC9AF2D77A3E06
310
BBBDD7D9DF7CDB3D0D04626F64790CFFFFFFFF04FFFFFFFF0CFFFFFFFF0C0A0000000CFFFFFFFF0CFFFFFFFF110D05706F696E740CFFFFFFFF04FFFFFFFF0CFFFFFFFF13DFB3F9A854393A40C74A276D05A81B400000000000000000110D067665727465780CFFFFFFFF04FFFFFFFF0CFFFFFFFF0C0400000004020000000C
310
01000000110E07656C6C697073650D0563757276650CFFFFFFFF04FFFFFFFF0CFFFFFFFF13F6CA9B47EE123A40C74A276D05A81B4000000000000000001400000000000000000000000000000000000000000000F03F14B174F4AE3033C33F0000000000000000000000000000008006000000000000F03F0B0B110D046564
310
67650CFFFFFFFF04FFFFFFFF0CFFFFFFFF0C020000000600000000000000000C0200000006182D4454FB2119400C050000000C030000000B0707756E6B6E6F776E110D06636F656467650CFFFFFFFF04FFFFFFFF0CFFFFFFFF0C050000000C050000000CFFFFFFFF0C040000000B0C0600000004000000000CFFFFFFFF110D
310
046C6F6F700CFFFFFFFF04FFFFFFFF0CFFFFFFFF0CFFFFFFFF0C050000000C08000000110E05706C616E650D07737572666163650CFFFFFFFF04FFFFFFFF0CFFFFFFFF1381D6EC16BBFF3940C74A276D05A81B4000000000000000001400000000000000800000000000000000000000000000F03F14000000000000F0BF00
310
0000000000000000000000000000800B0B0B0B0B110D04666163650CFFFFFFFF04FFFFFFFF0CFFFFFFFF0CFFFFFFFF0C060000000C090000000CFFFFFFFF0C070000000B0A0B110D057368656C6C0CFFFFFFFF04FFFFFFFF0CFFFFFFFF0CFFFFFFFF0CFFFFFFFF0C080000000CFFFFFFFF0C0A000000110D046C756D700CFF
310
FFFFFF04FFFFFFFF0CFFFFFFFF0CFFFFFFFF0C090000000C00000000110E03456E640E026F660E0341534D0D0464617461
  0
ACDSRECORD
 90
        1
  2
AcDbDs::ID
280
    10
320
3B1
  2
ASM_Data
280
    15
 94
      811
310
414349532042696E61727946696C652855000000000000010000000C00000007214F70656E2044657369676E20416C6C69616E63652041434953204275696C646572070E41434953203231382E3030204E540718546875204A756E2032372031363A32383A3230203230323406000000000000F03F0648AFBC9AF2D77A3E06
310
BBBDD7D9DF7CDB3D0D04626F64790CFFFFFFFF04FFFFFFFF0CFFFFFFFF0C0A0000000CFFFFFFFF0CFFFFFFFF110D05706F696E740CFFFFFFFF04FFFFFFFF0CFFFFFFFF1384CFF7CFAA513A4018701ACB89200E400000000000000000110D067665727465780CFFFFFFFF04FFFFFFFF0CFFFFFFFF0C0400000004020000000C
310
01000000110E07656C6C697073650D0563757276650CFFFFFFFF04FFFFFFFF0CFFFFFFFF13B1FD3B0DDE043A4018701ACB89200E4000000000000000001400000000000000000000000000000000000000000000F03F14B174F4AE3033D33F0000000000000000000000000000008006000000000000F03F0B0B110D046564
310
67650CFFFFFFFF04FFFFFFFF0CFFFFFFFF0C020000000600000000000000000C0200000006182D4454FB2119400C050000000C030000000B0707756E6B6E6F776E110D06636F656467650CFFFFFFFF04FFFFFFFF0CFFFFFFFF0C050000000C050000000CFFFFFFFF0C040000000B0C0600000004000000000CFFFFFFFF110D
310
046C6F6F700CFFFFFFFF04FFFFFFFF0CFFFFFFFF0CFFFFFFFF0C050000000C08000000110E05706C616E650D07737572666163650CFFFFFFFF04FFFFFFFF0CFFFFFFFF13C814DEAB77DE394018701ACB89200E4000000000000000001400000000000000800000000000000000000000000000F03F14000000000000F0BF00
310
0000000000000000000000000000800B0B0B0B0B110D04666163650CFFFFFFFF04FFFFFFFF0CFFFFFFFF0CFFFFFFFF0C060000000C090000000CFFFFFFFF0C070000000B0A0B110D057368656C6C0CFFFFFFFF04FFFFFFFF0CFFFFFFFF0CFFFFFFFF0CFFFFFFFF0C080000000CFFFFFFFF0C0A000000110D046C756D700CFF
310
FFFFFF04FFFFFFFF0CFFFFFFFF0CFFFFFFFF0C090000000C00000000110E03456E640E026F660E0341534D0D0464617461
  0
ACDSRECORD
 90
        1
  2
AcDbDs::ID
280
    10
320
3B3
  2
ASM_Data
280
    15
 94
      811
310
414349532042696E61727946696C652855000000000000010000000C00000007214F70656E2044657369676E20416C6C69616E63652041434953204275696C646572070E41434953203231382E3030204E540718546875204A756E2032372031363A32383A3230203230323406000000000000F03F0648AFBC9AF2D77A3E06
310
BBBDD7D9DF7CDB3D0D04626F64790CFFFFFFFF04FFFFFFFF0CFFFFFFFF0C0A0000000CFFFFFFFF0CFFFFFFFF110D05706F696E740CFFFFFFFF04FFFFFFFF0CFFFFFFFF139AE6996E442B3A4018701ACB89200E400000000000000000110D067665727465780CFFFFFFFF04FFFFFFFF0CFFFFFFFF0C0400000004020000000C
310
01000000110E07656C6C697073650D0563757276650CFFFFFFFF04FFFFFFFF0CFFFFFFFF13B1FD3B0DDE043A4018701ACB89200E4000000000000000001400000000000000000000000000000000000000000000F03F14B174F4AE3033C33F0000000000000000000000000000008006000000000000F03F0B0B110D046564
310
67650CFFFFFFFF04FFFFFFFF0CFFFFFFFF0C020000000600000000000000000C0200000006182D4454FB2119400C050000000C030000000B0707756E6B6E6F776E110D06636F656467650CFFFFFFFF04FFFFFFFF0CFFFFFFFF0C050000000C050000000CFFFFFFFF0C040000000B0C0600000004000000000CFFFFFFFF110D
310
046C6F6F700CFFFFFFFF04FFFFFFFF0CFFFFFFFF0CFFFFFFFF0C050000000C08000000110E05706C616E650D07737572666163650CFFFFFFFF04FFFFFFFF0CFFFFFFFF133C098DDCAAF1394018701ACB89200E4000000000000000001400000000000000800000000000000000000000000000F03F14000000000000F0BF00
310
0000000000000000000000000000800B0B0B0B0B110D04666163650CFFFFFFFF04FFFFFFFF0CFFFFFFFF0CFFFFFFFF0C060000000C090000000CFFFFFFFF0C070000000B0A0B110D057368656C6C0CFFFFFFFF04FFFFFFFF0CFFFFFFFF0CFFFFFFFF0CFFFFFFFF0C080000000CFFFFFFFF0C0A000000110D046C756D700CFF
310
FFFFFF04FFFFFFFF0CFFFFFFFF0CFFFFFFFF0C090000000C00000000110E03456E640E026F660E0341534D0D0464617461
  0
ACDSRECORD
 90
        1
  2
AcDbDs::ID
280
    10
320
3B5
  2
ASM_Data
280
    15
 94
      811
310
414349532042696E61727946696C652855000000000000010000000C00000007214F70656E2044657369676E20416C6C69616E63652041434953204275696C646572070E41434953203231382E3030204E540718546875204A756E2032372031363A32383A3230203230323406000000000000F03F0648AFBC9AF2D77A3E06
310
BBBDD7D9DF7CDB3D0D04626F64790CFFFFFFFF04FFFFFFFF0CFFFFFFFF0C0A0000000CFFFFFFFF0CFFFFFFFF110D05706F696E740CFFFFFFFF04FFFFFFFF0CFFFFFFFF13B40EBBADFC9339404B22B904F9FC0D400000000000000000110D067665727465780CFFFFFFFF04FFFFFFFF0CFFFFFFFF0C0400000004020000000C
310
01000000110E07656C6C697073650D0563757276650CFFFFFFFF04FFFFFFFF0CFFFFFFFF13E13CFFEA2F4739404B22B904F9FC0D4000000000000000001400000000000000000000000000000000000000000000F03F14B174F4AE3033D33F0000000000000000000000000000008006000000000000F03F0B0B110D046564
310
67650CFFFFFFFF04FFFFFFFF0CFFFFFFFF0C020000000600000000000000000C0200000006182D4454FB2119400C050000000C030000000B0707756E6B6E6F776E110D06636F656467650CFFFFFFFF04FFFFFFFF0CFFFFFFFF0C050000000C050000000CFFFFFFFF0C040000000B0C0600000004000000000CFFFFFFFF110D
310
046C6F6F700CFFFFFFFF04FFFFFFFF0CFFFFFFFF0CFFFFFFFF0C050000000C08000000110E05706C616E650D07737572666163650CFFFFFFFF04FFFFFFFF0CFFFFFFFF13F853A189C92039404B22B904F9FC0D4000000000000000001400000000000000800000000000000000000000000000F03F14000000000000F0BF00
310
0000000000000000000000000000800B0B0B0B0B110D04666163650CFFFFFFFF04FFFFFFFF0CFFFFFFFF0CFFFFFFFF0C060000000C090000000CFFFFFFFF0C070000000B0A0B110D057368656C6C0CFFFFFFFF04FFFFFFFF0CFFFFFFFF0CFFFFFFFF0CFFFFFFFF0C080000000CFFFFFFFF0C0A000000110D046C756D700CFF
310
FFFFFF04FFFFFFFF0CFFFFFFFF0CFFFFFFFF0C090000000C00000000110E03456E640E026F660E0341534D0D0464617461
  0
ACDSRECORD
 90
        1
  2
AcDbDs::ID
280
    10
320
3B7
  2
ASM_Data
280
    15
 94
      811
310
414349532042696E61727946696C652855000000000000010000000C00000007214F70656E2044657369676E20416C6C69616E63652041434953204275696C646572070E41434953203231382E3030204E540718546875204A756E2032372031363A32383A3230203230323406000000000000F03F0648AFBC9AF2D77A3E06
310
BBBDD7D9DF7CDB3D0D04626F64790CFFFFFFFF04FFFFFFFF0CFFFFFFFF0C0A0000000CFFFFFFFF0CFFFFFFFF110D05706F696E740CFFFFFFFF04FFFFFFFF0CFFFFFFFF13CA255D4C966D39404B22B904F9FC0D400000000000000000110D067665727465780CFFFFFFFF04FFFFFFFF0CFFFFFFFF0C0400000004020000000C
310
01000000110E07656C6C697073650D0563757276650CFFFFFFFF04FFFFFFFF0CFFFFFFFF13E13CFFEA2F4739404B22B904F9FC0D4000000000000000001400000000000000000000000000000000000000000000F03F14B174F4AE3033C33F0000000000000000000000000000008006000000000000F03F0B0B110D046564
310
67650CFFFFFFFF04FFFFFFFF0CFFFFFFFF0C020000000600000000000000000C0200000006182D4454FB2119400C050000000C030000000B0707756E6B6E6F776E110D06636F656467650CFFFFFFFF04FFFFFFFF0CFFFFFFFF0C050000000C050000000CFFFFFFFF0C040000000B0C0600000004000000000CFFFFFFFF110D
310
046C6F6F700CFFFFFFFF04FFFFFFFF0CFFFFFFFF0CFFFFFFFF0C050000000C08000000110E05706C616E650D07737572666163650CFFFFFFFF04FFFFFFFF0CFFFFFFFF136C4850BAFC3339404B22B904F9FC0D4000000000000000001400000000000000800000000000000000000000000000F03F14000000000000F0BF00
310
0000000000000000000000000000800B0B0B0B0B110D04666163650CFFFFFFFF04FFFFFFFF0CFFFFFFFF0CFFFFFFFF0C060000000C090000000CFFFFFFFF0C070000000B0A0B110D057368656C6C0CFFFFFFFF04FFFFFFFF0CFFFFFFFF0CFFFFFFFF0CFFFFFFFF0C080000000CFFFFFFFF0C0A000000110D046C756D700CFF
310
FFFFFF04FFFFFFFF0CFFFFFFFF0CFFFFFFFF0C090000000C00000000110E03456E640E026F660E0341534D0D0464617461
  0
ACDSRECORD
 90
        1
  2
AcDbDs::ID
280
    10
320
3B9
  2
ASM_Data
280
    15
 94
      811
310
414349532042696E61727946696C652855000000000000010000000C00000007214F70656E2044657369676E20416C6C69616E63652041434953204275696C646572070E41434953203231382E3030204E540718546875204A756E2032372031363A32383A3230203230323406000000000000F03F0648AFBC9AF2D77A3E06
310
BBBDD7D9DF7CDB3D0D04626F64790CFFFFFFFF04FFFFFFFF0CFFFFFFFF0C0A0000000CFFFFFFFF0CFFFFFFFF110D05706F696E740CFFFFFFFF04FFFFFFFF0CFFFFFFFF1388DA157E999922409EED6EF1323311400000000000000000110D067665727465780CFFFFFFFF04FFFFFFFF0CFFFFFFFF0C0400000004020000000C
310
01000000110E07656C6C697073650D0563757276650CFFFFFFFF04FFFFFFFF0CFFFFFFFF13E2369EF8FFFF21409EED6EF13233114000000000000000001400000000000000000000000000000000000000000000F03F14B174F4AE3033D33F0000000000000000000000000000008006000000000000F03F0B0B110D046564
310
67650CFFFFFFFF04FFFFFFFF0CFFFFFFFF0C020000000600000000000000000C0200000006182D4454FB2119400C050000000C030000000B0707756E6B6E6F776E110D06636F656467650CFFFFFFFF04FFFFFFFF0CFFFFFFFF0C050000000C050000000CFFFFFFFF0C040000000B0C0600000004000000000CFFFFFFFF110D
310
046C6F6F700CFFFFFFFF04FFFFFFFF0CFFFFFFFF0CFFFFFFFF0C050000000C08000000110E05706C616E650D07737572666163650CFFFFFFFF04FFFFFFFF0CFFFFFFFF130F65E23533B321409EED6EF13233114000000000000000001400000000000000800000000000000000000000000000F03F14000000000000F0BF00
310
0000000000000000000000000000800B0B0B0B0B110D04666163650CFFFFFFFF04FFFFFFFF0CFFFFFFFF0CFFFFFFFF0C060000000C090000000CFFFFFFFF0C070000000B0A0B110D057368656C6C0CFFFFFFFF04FFFFFFFF0CFFFFFFFF0CFFFFFFFF0CFFFFFFFF0C080000000CFFFFFFFF0C0A000000110D046C756D700CFF
310
FFFFFF04FFFFFFFF0CFFFFFFFF0CFFFFFFFF0C090000000C00000000110E03456E640E026F660E0341534D0D0464617461
  0
ACDSRECORD
 90
        1
  2
AcDbDs::ID
280
    10
320
3BB
  2
ASM_Data
280
    15
 94
      811
310
414349532042696E61727946696C652855000000000000010000000C00000007214F70656E2044657369676E20416C6C69616E63652041434953204275696C646572070E41434953203231382E3030204E540718546875204A756E2032372031363A32383A3230203230323406000000000000F03F0648AFBC9AF2D77A3E06
310
BBBDD7D9DF7CDB3D0D04626F64790CFFFFFFFF04FFFFFFFF0CFFFFFFFF0C0A0000000CFFFFFFFF0CFFFFFFFF110D05706F696E740CFFFFFFFF04FFFFFFFF0CFFFFFFFF13B5085ABBCC4C22409EED6EF1323311400000000000000000110D067665727465780CFFFFFFFF04FFFFFFFF0CFFFFFFFF0C0400000004020000000C
310
01000000110E07656C6C697073650D0563757276650CFFFFFFFF04FFFFFFFF0CFFFFFFFF13E2369EF8FFFF21409EED6EF13233114000000000000000001400000000000000000000000000000000000000000000F03F14B174F4AE3033C33F0000000000000000000000000000008006000000000000F03F0B0B110D046564
310
67650CFFFFFFFF04FFFFFFFF0CFFFFFFFF0C020000000600000000000000000C0200000006182D4454FB2119400C050000000C030000000B0707756E6B6E6F776E110D06636F656467650CFFFFFFFF04FFFFFFFF0CFFFFFFFF0C050000000C050000000CFFFFFFFF0C040000000B0C0600000004000000000CFFFFFFFF110D
310
046C6F6F700CFFFFFFFF04FFFFFFFF0CFFFFFFFF0CFFFFFFFF0C050000000C08000000110E05706C616E650D07737572666163650CFFFFFFFF04FFFFFFFF0CFFFFFFFF13F94D409799D921409EED6EF13233114000000000000000001400000000000000800000000000000000000000000000F03F14000000000000F0BF00
310
0000000000000000000000000000800B0B0B0B0B110D04666163650CFFFFFFFF04FFFFFFFF0CFFFFFFFF0CFFFFFFFF0C060000000C090000000CFFFFFFFF0C070000000B0A0B110D057368656C6C0CFFFFFFFF04FFFFFFFF0CFFFFFFFF0CFFFFFFFF0CFFFFFFFF0C080000000CFFFFFFFF0C0A000000110D046C756D700CFF
310
FFFFFF04FFFFFFFF0CFFFFFFFF0CFFFFFFFF0C090000000C00000000110E03456E640E026F660E0341534D0D0464617461
  0
ACDSRECORD
 90
        1
  2
AcDbDs::ID
280
    10
320
3BD
  2
ASM_Data
280
    15
 94
      811
310
414349532042696E61727946696C652855000000000000010000000C00000007214F70656E2044657369676E20416C6C69616E63652041434953204275696C646572070E41434953203231382E3030204E540718546875204A756E2032372031363A32383A3230203230323406000000000000F03F0648AFBC9AF2D77A3E06
310
BBBDD7D9DF7CDB3D0D04626F64790CFFFFFFFF04FFFFFFFF0CFFFFFFFF0C0A0000000CFFFFFFFF0CFFFFFFFF110D05706F696E740CFFFFFFFF04FFFFFFFF0CFFFFFFFF13E0D9375A8224444091E4034C2A5C29400000000000000000110D067665727465780CFFFFFFFF04FFFFFFFF0CFFFFFFFF0C0400000004020000000C
310
01000000110E07656C6C697073650D0563757276650CFFFFFFFF04FFFFFFFF0CFFFFFFFF13F7F0D9F81BFE434091E4034C2A5C294000000000000000001400000000000000000000000000000000000000000000F03F14B174F4AE3033D33F0000000000000000000000000000008006000000000000F03F0B0B110D046564
310
67650CFFFFFFFF04FFFFFFFF0CFFFFFFFF0C020000000600000000000000000C0200000006182D4454FB2119400C050000000C030000000B0707756E6B6E6F776E110D06636F656467650CFFFFFFFF04FFFFFFFF0CFFFFFFFF0C050000000C050000000CFFFFFFFF0C040000000B0C0600000004000000000CFFFFFFFF110D
310
046C6F6F700CFFFFFFFF04FFFFFFFF0CFFFFFFFF0CFFFFFFFF0C050000000C08000000110E05706C616E650D07737572666163650CFFFFFFFF04FFFFFFFF0CFFFFFFFF1382FC2AC8E8EA434091E4034C2A5C294000000000000000001400000000000000800000000000000000000000000000F03F14000000000000F0BF00
310
0000000000000000000000000000800B0B0B0B0B110D04666163650CFFFFFFFF04FFFFFFFF0CFFFFFFFF0CFFFFFFFF0C060000000C090000000CFFFFFFFF0C070000000B0A0B110D057368656C6C0CFFFFFFFF04FFFFFFFF0CFFFFFFFF0CFFFFFFFF0CFFFFFFFF0C080000000CFFFFFFFF0C0A000000110D046C756D700CFF
310
FFFFFF04FFFFFFFF0CFFFFFFFF0CFFFFFFFF0C090000000C00000000110E03456E640E026F660E0341534D0D0464617461
  0
ACDSRECORD
 90
        1
  2
AcDbDs::ID
280
    10
320
3BF
  2
ASM_Data
280
    15
 94
      811
310
414349532042696E61727946696C652855000000000000010000000C00000007214F70656E2044657369676E20416C6C69616E63652041434953204275696C646572070E41434953203231382E3030204E540718546875204A756E2032372031363A32383A3230203230323406000000000000F03F0648AFBC9AF2D77A3E06
310
BBBDD7D9DF7CDB3D0D04626F64790CFFFFFFFF04FFFFFFFF0CFFFFFFFF0C0A0000000CFFFFFFFF0CFFFFFFFF110D05706F696E740CFFFFFFFF04FFFFFFFF0CFFFFFFFF136CE588294F11444091E4034C2A5C29400000000000000000110D067665727465780CFFFFFFFF04FFFFFFFF0CFFFFFFFF0C0400000004020000000C
310
01000000110E07656C6C697073650D0563757276650CFFFFFFFF04FFFFFFFF0CFFFFFFFF13F7F0D9F81BFE434091E4034C2A5C294000000000000000001400000000000000000000000000000000000000000000F03F14B174F4AE3033C33F0000000000000000000000000000008006000000000000F03F0B0B110D046564
310
67650CFFFFFFFF04FFFFFFFF0CFFFFFFFF0C020000000600000000000000000C0200000006182D4454FB2119400C050000000C030000000B0707756E6B6E6F776E110D06636F656467650CFFFFFFFF04FFFFFFFF0CFFFFFFFF0C050000000C050000000CFFFFFFFF0C040000000B0C0600000004000000000CFFFFFFFF110D
310
046C6F6F700CFFFFFFFF04FFFFFFFF0CFFFFFFFF0CFFFFFFFF0C050000000C08000000110E05706C616E650D07737572666163650CFFFFFFFF04FFFFFFFF0CFFFFFFFF13BD76826082F4434091E4034C2A5C294000000000000000001400000000000000800000000000000000000000000000F03F14000000000000F0BF00
310
0000000000000000000000000000800B0B0B0B0B110D04666163650CFFFFFFFF04FFFFFFFF0CFFFFFFFF0CFFFFFFFF0C060000000C090000000CFFFFFFFF0C070000000B0A0B110D057368656C6C0CFFFFFFFF04FFFFFFFF0CFFFFFFFF0CFFFFFFFF0CFFFFFFFF0C080000000CFFFFFFFF0C0A000000110D046C756D700CFF
310
FFFFFF04FFFFFFFF0CFFFFFFFF0CFFFFFFFF0C090000000C00000000110E03456E640E026F660E0341534D0D0464617461
  0
ACDSRECORD
 90
        1
  2
AcDbDs::ID
280
    10
320
3C1
  2
ASM_Data
280
    15
 94
      811
310
414349532042696E61727946696C652855000000000000010000000C00000007214F70656E2044657369676E20416C6C69616E63652041434953204275696C646572070E41434953203231382E3030204E540718546875204A756E2032372031363A32383A3230203230323406000000000000F03F0648AFBC9AF2D77A3E06
310
BBBDD7D9DF7CDB3D0D04626F64790CFFFFFFFF04FFFFFFFF0CFFFFFFFF0C0A0000000CFFFFFFFF0CFFFFFFFF110D05706F696E740CFFFFFFFF04FFFFFFFF0CFFFFFFFF131A1682A0CCCC2F40CA767412008032400000000000000000110D067665727465780CFFFFFFFF04FFFFFFFF0CFFFFFFFF0C0400000004020000000C
310
01000000110E07656C6C697073650D0563757276650CFFFFFFFF04FFFFFFFF0CFFFFFFFF1374720A1B33332F40CA7674120080324000000000000000001400000000000000000000000000000000000000000000F03F14B174F4AE3033D33F0000000000000000000000000000008006000000000000F03F0B0B110D046564
310
67650CFFFFFFFF04FFFFFFFF0CFFFFFFFF0C020000000600000000000000000C0200000006182D4454FB2119400C050000000C030000000B0707756E6B6E6F776E110D06636F656467650CFFFFFFFF04FFFFFFFF0CFFFFFFFF0C050000000C050000000CFFFFFFFF0C040000000B0C0600000004000000000CFFFFFFFF110D
310
046C6F6F700CFFFFFFFF04FFFFFFFF0CFFFFFFFF0CFFFFFFFF0C050000000C08000000110E05706C616E650D07737572666163650CFFFFFFFF04FFFFFFFF0CFFFFFFFF13A1A04E5866E62E40CA7674120080324000000000000000001400000000000000800000000000000000000000000000F03F14000000000000F0BF00
310
0000000000000000000000000000800B0B0B0B0B110D04666163650CFFFFFFFF04FFFFFFFF0CFFFFFFFF0CFFFFFFFF0C060000000C090000000CFFFFFFFF0C070000000B0A0B110D057368656C6C0CFFFFFFFF04FFFFFFFF0CFFFFFFFF0CFFFFFFFF0CFFFFFFFF0C080000000CFFFFFFFF0C0A000000110D046C756D700CFF
310
FFFFFF04FFFFFFFF0CFFFFFFFF0CFFFFFFFF0C090000000C00000000110E03456E640E026F660E0341534D0D0464617461
  0
ACDSRECORD
 90
        1
  2
AcDbDs::ID
280
    10
320
3C3
  2
ASM_Data
280
    15
 94
      811
310
414349532042696E61727946696C652855000000000000010000000C00000007214F70656E2044657369676E20416C6C69616E63652041434953204275696C646572070E41434953203231382E3030204E540718546875204A756E2032372031363A32383A3230203230323406000000000000F03F0648AFBC9AF2D77A3E06
310
BBBDD7D9DF7CDB3D0D04626F64790CFFFFFFFF04FFFFFFFF0CFFFFFFFF0C0A0000000CFFFFFFFF0CFFFFFFFF110D05706F696E740CFFFFFFFF04FFFFFFFF0CFFFFFFFF134744C6DDFF7F2F40CA767412008032400000000000000000110D067665727465780CFFFFFFFF04FFFFFFFF0CFFFFFFFF0C0400000004020000000C
310
01000000110E07656C6C697073650D0563757276650CFFFFFFFF04FFFFFFFF0CFFFFFFFF1374720A1B33332F40CA7674120080324000000000000000001400000000000000000000000000000000000000000000F03F14B174F4AE3033C33F0000000000000000000000000000008006000000000000F03F0B0B110D046564
310
67650CFFFFFFFF04FFFFFFFF0CFFFFFFFF0C020000000600000000000000000C0200000006182D4454FB2119400C050000000C030000000B0707756E6B6E6F776E110D06636F656467650CFFFFFFFF04FFFFFFFF0CFFFFFFFF0C050000000C050000000CFFFFFFFF0C040000000B0C0600000004000000000CFFFFFFFF110D
310
046C6F6F700CFFFFFFFF04FFFFFFFF0CFFFFFFFF0CFFFFFFFF0C050000000C08000000110E05706C616E650D07737572666163650CFFFFFFFF04FFFFFFFF0CFFFFFFFF138B89ACB9CC0C2F40CA7674120080324000000000000000001400000000000000800000000000000000000000000000F03F14000000000000F0BF00
310
0000000000000000000000000000800B0B0B0B0B110D04666163650CFFFFFFFF04FFFFFFFF0CFFFFFFFF0CFFFFFFFF0C060000000C090000000CFFFFFFFF0C070000000B0A0B110D057368656C6C0CFFFFFFFF04FFFFFFFF0CFFFFFFFF0CFFFFFFFF0CFFFFFFFF0C080000000CFFFFFFFF0C0A000000110D046C756D700CFF
310
FFFFFF04FFFFFFFF0CFFFFFFFF0CFFFFFFFF0C090000000C00000000110E03456E640E026F660E0341534D0D0464617461
  0
ACDSRECORD
 90
        1
  2
AcDbDs::ID
280
    10
320
3C5
  2
ASM_Data
280
    15
 94
      811
310
414349532042696E61727946696C652855000000000000010000000C00000007214F70656E2044657369676E20416C6C69616E63652041434953204275696C646572070E41434953203231382E3030204E540718546875204A756E2032372031363A32383A3230203230323406000000000000F03F0648AFBC9AF2D77A3E06
310
BBBDD7D9DF7CDB3D0D04626F64790CFFFFFFFF04FFFFFFFF0CFFFFFFFF0C0A0000000CFFFFFFFF0CFFFFFFFF110D05706F696E740CFFFFFFFF04FFFFFFFF0CFFFFFFFF138C85638ECCCC2D4077203EF2FFFF35400000000000000000110D067665727465780CFFFFFFFF04FFFFFFFF0CFFFFFFFF0C0400000004020000000C
310
01000000110E07656C6C697073650D0563757276650CFFFFFFFF04FFFFFFFF0CFFFFFFFF13E6E1EB0833332D4077203EF2FFFF354000000000000000001400000000000000000000000000000000000000000000F03F14B174F4AE3033D33F0000000000000000000000000000008006000000000000F03F0B0B110D046564
310
67650CFFFFFFFF04FFFFFFFF0CFFFFFFFF0C020000000600000000000000000C0200000006182D4454FB2119400C050000000C030000000B0707756E6B6E6F776E110D06636F656467650CFFFFFFFF04FFFFFFFF0CFFFFFFFF0C050000000C050000000CFFFFFFFF0C040000000B0C0600000004000000000CFFFFFFFF110D
310
046C6F6F700CFFFFFFFF04FFFFFFFF0CFFFFFFFF0CFFFFFFFF0C050000000C08000000110E05706C616E650D07737572666163650CFFFFFFFF04FFFFFFFF0CFFFFFFFF131310304666E62C4077203EF2FFFF354000000000000000001400000000000000800000000000000000000000000000F03F14000000000000F0BF00
310
0000000000000000000000000000800B0B0B0B0B110D04666163650CFFFFFFFF04FFFFFFFF0CFFFFFFFF0CFFFFFFFF0C060000000C090000000CFFFFFFFF0C070000000B0A0B110D057368656C6C0CFFFFFFFF04FFFFFFFF0CFFFFFFFF0CFFFFFFFF0CFFFFFFFF0C080000000CFFFFFFFF0C0A000000110D046C756D700CFF
310
FFFFFF04FFFFFFFF0CFFFFFFFF0CFFFFFFFF0C090000000C00000000110E03456E640E026F660E0341534D0D0464617461
  0
ACDSRECORD
 90
        1
  2
AcDbDs::ID
280
    10
320
3C7
  2
ASM_Data
280
    15
 94
      811
310
414349532042696E61727946696C652855000000000000010000000C00000007214F70656E2044657369676E20416C6C69616E63652041434953204275696C646572070E41434953203231382E3030204E540718546875204A756E2032372031363A32383A3230203230323406000000000000F03F0648AFBC9AF2D77A3E06
310
BBBDD7D9DF7CDB3D0D04626F64790CFFFFFFFF04FFFFFFFF0CFFFFFFFF0C0A0000000CFFFFFFFF0CFFFFFFFF110D05706F696E740CFFFFFFFF04FFFFFFFF0CFFFFFFFF13B9B3A7CBFF7F2D4077203EF2FFFF35400000000000000000110D067665727465780CFFFFFFFF04FFFFFFFF0CFFFFFFFF0C0400000004020000000C
310
01000000110E07656C6C697073650D0563757276650CFFFFFFFF04FFFFFFFF0CFFFFFFFF13E6E1EB0833332D4077203EF2FFFF354000000000000000001400000000000000000000000000000000000000000000F03F14B174F4AE3033C33F0000000000000000000000000000008006000000000000F03F0B0B110D046564
310
67650CFFFFFFFF04FFFFFFFF0CFFFFFFFF0C020000000600000000000000000C0200000006182D4454FB2119400C050000000C030000000B0707756E6B6E6F776E110D06636F656467650CFFFFFFFF04FFFFFFFF0CFFFFFFFF0C050000000C050000000CFFFFFFFF0C040000000B0C0600000004000000000CFFFFFFFF110D
310
046C6F6F700CFFFFFFFF04FFFFFFFF0CFFFFFFFF0CFFFFFFFF0C050000000C08000000110E05706C616E650D07737572666163650CFFFFFFFF04FFFFFFFF0CFFFFFFFF13FDF88DA7CC0C2D4077203EF2FFFF354000000000000000001400000000000000800000000000000000000000000000F03F14000000000000F0BF00
310
0000000000000000000000000000800B0B0B0B0B110D04666163650CFFFFFFFF04FFFFFFFF0CFFFFFFFF0CFFFFFFFF0C060000000C090000000CFFFFFFFF0C070000000B0A0B110D057368656C6C0CFFFFFFFF04FFFFFFFF0CFFFFFFFF0CFFFFFFFF0CFFFFFFFF0C080000000CFFFFFFFF0C0A000000110D046C756D700CFF
310
FFFFFF04FFFFFFFF0CFFFFFFFF0CFFFFFFFF0C090000000C00000000110E03456E640E026F660E0341534D0D0464617461
  0
ACDSRECORD
 90
        1
  2
AcDbDs::ID
280
    10
320
3C9
  2
ASM_Data
280
    15
 94
      811
310
414349532042696E61727946696C652855000000000000010000000C00000007214F70656E2044657369676E20416C6C69616E63652041434953204275696C646572070E41434953203231382E3030204E540718546875204A756E2032372031363A32383A3230203230323406000000000000F03F0648AFBC9AF2D77A3E06
310
BBBDD7D9DF7CDB3D0D04626F64790CFFFFFFFF04FFFFFFFF0CFFFFFFFF0C0A0000000CFFFFFFFF0CFFFFFFFF110D05706F696E740CFFFFFFFF04FFFFFFFF0CFFFFFFFF1316265B76EB852E4043DA6BE6354535400000000000000000110D067665727465780CFFFFFFFF04FFFFFFFF0CFFFFFFFF0C0400000004020000000C
310
01000000110E07656C6C697073650D0563757276650CFFFFFFFF04FFFFFFFF0CFFFFFFFF137082E3F051EC2D4043DA6BE63545354000000000000000001400000000000000000000000000000000000000000000F03F14B174F4AE3033D33F0000000000000000000000000000008006000000000000F03F0B0B110D046564
310
67650CFFFFFFFF04FFFFFFFF0CFFFFFFFF0C020000000600000000000000000C0200000006182D4454FB2119400C050000000C030000000B0707756E6B6E6F776E110D06636F656467650CFFFFFFFF04FFFFFFFF0CFFFFFFFF0C050000000C050000000CFFFFFFFF0C040000000B0C0600000004000000000CFFFFFFFF110D
310
046C6F6F700CFFFFFFFF04FFFFFFFF0CFFFFFFFF0CFFFFFFFF0C050000000C08000000110E05706C616E650D07737572666163650CFFFFFFFF04FFFFFFFF0CFFFFFFFF139DB0272E859F2D4043DA6BE63545354000000000000000001400000000000000800000000000000000000000000000F03F14000000000000F0BF00
310
0000000000000000000000000000800B0B0B0B0B110D04666163650CFFFFFFFF04FFFFFFFF0CFFFFFFFF0CFFFFFFFF0C060000000C090000000CFFFFFFFF0C070000000B0A0B110D057368656C6C0CFFFFFFFF04FFFFFFFF0CFFFFFFFF0CFFFFFFFF0CFFFFFFFF0C080000000CFFFFFFFF0C0A000000110D046C756D700CFF
310
FFFFFF04FFFFFFFF0CFFFFFFFF0CFFFFFFFF0C090000000C00000000110E03456E640E026F660E0341534D0D0464617461
  0
ACDSRECORD
 90
        1
  2
AcDbDs::ID
280
    10
320
3CB
  2
ASM_Data
280
    15
 94
      811
310
414349532042696E61727946696C652855000000000000010000000C00000007214F70656E2044657369676E20416C6C69616E63652041434953204275696C646572070E41434953203231382E3030204E540718546875204A756E2032372031363A32383A3230203230323406000000000000F03F0648AFBC9AF2D77A3E06
310
BBBDD7D9DF7CDB3D0D04626F64790CFFFFFFFF04FFFFFFFF0CFFFFFFFF0C0A0000000CFFFFFFFF0CFFFFFFFF110D05706F696E740CFFFFFFFF04FFFFFFFF0CFFFFFFFF1343549FB31E392E4043DA6BE6354535400000000000000000110D067665727465780CFFFFFFFF04FFFFFFFF0CFFFFFFFF0C0400000004020000000C
310
01000000110E07656C6C697073650D0563757276650CFFFFFFFF04FFFFFFFF0CFFFFFFFF137082E3F051EC2D4043DA6BE63545354000000000000000001400000000000000000000000000000000000000000000F03F14B174F4AE3033C33F0000000000000000000000000000008006000000000000F03F0B0B110D046564
310
67650CFFFFFFFF04FFFFFFFF0CFFFFFFFF0C020000000600000000000000000C0200000006182D4454FB2119400C050000000C030000000B0707756E6B6E6F776E110D06636F656467650CFFFFFFFF04FFFFFFFF0CFFFFFFFF0C050000000C050000000CFFFFFFFF0C040000000B0C0600000004000000000CFFFFFFFF110D
310
046C6F6F700CFFFFFFFF04FFFFFFFF0CFFFFFFFF0CFFFFFFFF0C050000000C08000000110E05706C616E650D07737572666163650CFFFFFFFF04FFFFFFFF0CFFFFFFFF138799858FEBC52D4043DA6BE63545354000000000000000001400000000000000800000000000000000000000000000F03F14000000000000F0BF00
310
0000000000000000000000000000800B0B0B0B0B110D04666163650CFFFFFFFF04FFFFFFFF0CFFFFFFFF0CFFFFFFFF0C060000000C090000000CFFFFFFFF0C070000000B0A0B110D057368656C6C0CFFFFFFFF04FFFFFFFF0CFFFFFFFF0CFFFFFFFF0CFFFFFFFF0C080000000CFFFFFFFF0C0A000000110D046C756D700CFF
310
FFFFFF04FFFFFFFF0CFFFFFFFF0CFFFFFFFF0C090000000C00000000110E03456E640E026F660E0341534D0D0464617461
  0
ACDSRECORD
 90
        1
  2
AcDbDs::ID
280
    10
320
3CD
  2
ASM_Data
280
    15
 94
      811
310
414349532042696E61727946696C652855000000000000010000000C00000007214F70656E2044657369676E20416C6C69616E63652041434953204275696C646572070E41434953203231382E3030204E540718546875204A756E2032372031363A32383A3230203230323406000000000000F03F0648AFBC9AF2D77A3E06
310
BBBDD7D9DF7CDB3D0D04626F64790CFFFFFFFF04FFFFFFFF0CFFFFFFFF0C0A0000000CFFFFFFFF0CFFFFFFFF110D05706F696E740CFFFFFFFF04FFFFFFFF0CFFFFFFFF13A1F37DE5FFFF3D4080D360BFCCCC29400000000000000000110D067665727465780CFFFFFFFF04FFFFFFFF0CFFFFFFFF0C0400000004020000000C
310
01000000110E07656C6C697073650D0563757276650CFFFFFFFF04FFFFFFFF0CFFFFFFFF13CE21C22233B33D4080D360BFCCCC294000000000000000001400000000000000000000000000000000000000000000F03F14B174F4AE3033D33F0000000000000000000000000000008006000000000000F03F0B0B110D046564
310
67650CFFFFFFFF04FFFFFFFF0CFFFFFFFF0C020000000600000000000000000C0200000006182D4454FB2119400C050000000C030000000B0707756E6B6E6F776E110D06636F656467650CFFFFFFFF04FFFFFFFF0CFFFFFFFF0C050000000C050000000CFFFFFFFF0C040000000B0C0600000004000000000CFFFFFFFF110D
310
046C6F6F700CFFFFFFFF04FFFFFFFF0CFFFFFFFF0CFFFFFFFF0C050000000C08000000110E05706C616E650D07737572666163650CFFFFFFFF04FFFFFFFF0CFFFFFFFF13E53864C1CC8C3D4080D360BFCCCC294000000000000000001400000000000000800000000000000000000000000000F03F14000000000000F0BF00
310
0000000000000000000000000000800B0B0B0B0B110D04666163650CFFFFFFFF04FFFFFFFF0CFFFFFFFF0CFFFFFFFF0C060000000C090000000CFFFFFFFF0C070000000B0A0B110D057368656C6C0CFFFFFFFF04FFFFFFFF0CFFFFFFFF0CFFFFFFFF0CFFFFFFFF0C080000000CFFFFFFFF0C0A000000110D046C756D700CFF
310
FFFFFF04FFFFFFFF0CFFFFFFFF0CFFFFFFFF0C090000000C00000000110E03456E640E026F660E0341534D0D0464617461
  0
ACDSRECORD
 90
        1
  2
AcDbDs::ID
280
    10
320
3CF
  2
ASM_Data
280
    15
 94
      811
310
414349532042696E61727946696C652855000000000000010000000C00000007214F70656E2044657369676E20416C6C69616E63652041434953204275696C646572070E41434953203231382E3030204E540718546875204A756E2032372031363A32383A3230203230323406000000000000F03F0648AFBC9AF2D77A3E06
310
BBBDD7D9DF7CDB3D0D04626F64790CFFFFFFFF04FFFFFFFF0CFFFFFFFF0C0A0000000CFFFFFFFF0CFFFFFFFF110D05706F696E740CFFFFFFFF04FFFFFFFF0CFFFFFFFF13B70A208499D93D4080D360BFCCCC29400000000000000000110D067665727465780CFFFFFFFF04FFFFFFFF0CFFFFFFFF0C0400000004020000000C
310
01000000110E07656C6C697073650D0563757276650CFFFFFFFF04FFFFFFFF0CFFFFFFFF13CE21C22233B33D4080D360BFCCCC294000000000000000001400000000000000000000000000000000000000000000F03F14B174F4AE3033C33F0000000000000000000000000000008006000000000000F03F0B0B110D046564
310
67650CFFFFFFFF04FFFFFFFF0CFFFFFFFF0C020000000600000000000000000C0200000006182D4454FB2119400C050000000C030000000B0707756E6B6E6F776E110D06636F656467650CFFFFFFFF04FFFFFFFF0CFFFFFFFF0C050000000C050000000CFFFFFFFF0C040000000B0C0600000004000000000CFFFFFFFF110D
310
046C6F6F700CFFFFFFFF04FFFFFFFF0CFFFFFFFF0CFFFFFFFF0C050000000C08000000110E05706C616E650D07737572666163650CFFFFFFFF04FFFFFFFF0CFFFFFFFF13592D13F2FF9F3D4080D360BFCCCC294000000000000000001400000000000000800000000000000000000000000000F03F14000000000000F0BF00
310
0000000000000000000000000000800B0B0B0B0B110D04666163650CFFFFFFFF04FFFFFFFF0CFFFFFFFF0CFFFFFFFF0C060000000C090000000CFFFFFFFF0C070000000B0A0B110D057368656C6C0CFFFFFFFF04FFFFFFFF0CFFFFFFFF0CFFFFFFFF0CFFFFFFFF0C080000000CFFFFFFFF0C0A000000110D046C756D700CFF
310
FFFFFF04FFFFFFFF0CFFFFFFFF0CFFFFFFFF0C090000000C00000000110E03456E640E026F660E0341534D0D0464617461
  0
ACDSRECORD
 90
        1
  2
AcDbDs::ID
280
    10
320
3D1
  2
ASM_Data
280
    15
 94
      811
310
414349532042696E61727946696C652855000000000000010000000C00000007214F70656E2044657369676E20416C6C69616E63652041434953204275696C646572070E41434953203231382E3030204E540718546875204A756E2032372031363A32383A3230203230323406000000000000F03F0648AFBC9AF2D77A3E06
310
BBBDD7D9DF7CDB3D0D04626F64790CFFFFFFFF04FFFFFFFF0CFFFFFFFF0C0A0000000CFFFFFFFF0CFFFFFFFF110D05706F696E740CFFFFFFFF04FFFFFFFF0CFFFFFFFF1315BD00B9CCCC3D4023262C1A000021400000000000000000110D067665727465780CFFFFFFFF04FFFFFFFF0CFFFFFFFF0C0400000004020000000C
310
01000000110E07656C6C697073650D0563757276650CFFFFFFFF04FFFFFFFF0CFFFFFFFF1342EB44F6FF7F3D4023262C1A0000214000000000000000001400000000000000000000000000000000000000000000F03F14B174F4AE3033D33F0000000000000000000000000000008006000000000000F03F0B0B110D046564
310
67650CFFFFFFFF04FFFFFFFF0CFFFFFFFF0C020000000600000000000000000C0200000006182D4454FB2119400C050000000C030000000B0707756E6B6E6F776E110D06636F656467650CFFFFFFFF04FFFFFFFF0CFFFFFFFF0C050000000C050000000CFFFFFFFF0C040000000B0C0600000004000000000CFFFFFFFF110D
310
046C6F6F700CFFFFFFFF04FFFFFFFF0CFFFFFFFF0CFFFFFFFF0C050000000C08000000110E05706C616E650D07737572666163650CFFFFFFFF04FFFFFFFF0CFFFFFFFF135902E79499593D4023262C1A0000214000000000000000001400000000000000800000000000000000000000000000F03F14000000000000F0BF00
310
0000000000000000000000000000800B0B0B0B0B110D04666163650CFFFFFFFF04FFFFFFFF0CFFFFFFFF0CFFFFFFFF0C060000000C090000000CFFFFFFFF0C070000000B0A0B110D057368656C6C0CFFFFFFFF04FFFFFFFF0CFFFFFFFF0CFFFFFFFF0CFFFFFFFF0C080000000CFFFFFFFF0C0A000000110D046C756D700CFF
310
FFFFFF04FFFFFFFF0CFFFFFFFF0CFFFFFFFF0C090000000C00000000110E03456E640E026F660E0341534D0D0464617461
  0
ACDSRECORD
 90
        1
  2
AcDbDs::ID
280
    10
320
3D3
  2
ASM_Data
280
    15
 94
      811
310
414349532042696E61727946696C652855000000000000010000000C00000007214F70656E2044657369676E20416C6C69616E63652041434953204275696C646572070E41434953203231382E3030204E540718546875204A756E2032372031363A32383A3230203230323406000000000000F03F0648AFBC9AF2D77A3E06
310
BBBDD7D9DF7CDB3D0D04626F64790CFFFFFFFF04FFFFFFFF0CFFFFFFFF0C0A0000000CFFFFFFFF0CFFFFFFFF110D05706F696E740CFFFFFFFF04FFFFFFFF0CFFFFFFFF132BD4A25766A63D4023262C1A000021400000000000000000110D067665727465780CFFFFFFFF04FFFFFFFF0CFFFFFFFF0C0400000004020000000C
310
01000000110E07656C6C697073650D0563757276650CFFFFFFFF04FFFFFFFF0CFFFFFFFF1342EB44F6FF7F3D4023262C1A0000214000000000000000001400000000000000000000000000000000000000000000F03F14B174F4AE3033C33F0000000000000000000000000000008006000000000000F03F0B0B110D046564
310
67650CFFFFFFFF04FFFFFFFF0CFFFFFFFF0C020000000600000000000000000C0200000006182D4454FB2119400C050000000C030000000B0707756E6B6E6F776E110D06636F656467650CFFFFFFFF04FFFFFFFF0CFFFFFFFF0C050000000C050000000CFFFFFFFF0C040000000B0C0600000004000000000CFFFFFFFF110D
310
046C6F6F700CFFFFFFFF04FFFFFFFF0CFFFFFFFF0CFFFFFFFF0C050000000C08000000110E05706C616E650D07737572666163650CFFFFFFFF04FFFFFFFF0CFFFFFFFF13CDF695C5CC6C3D4023262C1A0000214000000000000000001400000000000000800000000000000000000000000000F03F14000000000000F0BF00
310
0000000000000000000000000000800B0B0B0B0B110D04666163650CFFFFFFFF04FFFFFFFF0CFFFFFFFF0CFFFFFFFF0C060000000C090000000CFFFFFFFF0C070000000B0A0B110D057368656C6C0CFFFFFFFF04FFFFFFFF0CFFFFFFFF0CFFFFFFFF0CFFFFFFFF0C080000000CFFFFFFFF0C0A000000110D046C756D700CFF
310
FFFFFF04FFFFFFFF0CFFFFFFFF0CFFFFFFFF0C090000000C00000000110E03456E640E026F660E0341534D0D0464617461
  0
ACDSRECORD
 90
        1
  2
AcDbDs::ID
280
    10
320
3D5
  2
ASM_Data
280
    15
 94
      811
310
414349532042696E61727946696C652855000000000000010000000C00000007214F70656E2044657369676E20416C6C69616E63652041434953204275696C646572070E41434953203231382E3030204E540718546875204A756E2032372031363A32383A3230203230323406000000000000F03F0648AFBC9AF2D77A3E06
310
BBBDD7D9DF7CDB3D0D04626F64790CFFFFFFFF04FFFFFFFF0CFFFFFFFF0C0A0000000CFFFFFFFF0CFFFFFFFF110D05706F696E740CFFFFFFFF04FFFFFFFF0CFFFFFFFF13F4CF1D0E5C4F41400EF6C35B295C26400000000000000000110D067665727465780CFFFFFFFF04FFFFFFFF0CFFFFFFFF0C0400000004020000000C
310
01000000110E07656C6C697073650D0563757276650CFFFFFFFF04FFFFFFFF0CFFFFFFFF130BE7BFACF52841400EF6C35B295C264000000000000000001400000000000000000000000000000000000000000000F03F14B174F4AE3033D33F0000000000000000000000000000008006000000000000F03F0B0B110D046564
310
67650CFFFFFFFF04FFFFFFFF0CFFFFFFFF0C020000000600000000000000000C0200000006182D4454FB2119400C050000000C030000000B0707756E6B6E6F776E110D06636F656467650CFFFFFFFF04FFFFFFFF0CFFFFFFFF0C050000000C050000000CFFFFFFFF0C040000000B0C0600000004000000000CFFFFFFFF110D
310
046C6F6F700CFFFFFFFF04FFFFFFFF0CFFFFFFFF0CFFFFFFFF0C050000000C08000000110E05706C616E650D07737572666163650CFFFFFFFF04FFFFFFFF0CFFFFFFFF1396F2107CC21541400EF6C35B295C264000000000000000001400000000000000800000000000000000000000000000F03F14000000000000F0BF00
310
0000000000000000000000000000800B0B0B0B0B110D04666163650CFFFFFFFF04FFFFFFFF0CFFFFFFFF0CFFFFFFFF0C060000000C090000000CFFFFFFFF0C070000000B0A0B110D057368656C6C0CFFFFFFFF04FFFFFFFF0CFFFFFFFF0CFFFFFFFF0CFFFFFFFF0C080000000CFFFFFFFF0C0A000000110D046C756D700CFF
310
FFFFFF04FFFFFFFF0CFFFFFFFF0CFFFFFFFF0C090000000C00000000110E03456E640E026F660E0341534D0D0464617461
  0
ACDSRECORD
 90
        1
  2
AcDbDs::ID
280
    10
320
3D7
  2
ASM_Data
280
    15
 94
      811
310
414349532042696E61727946696C652855000000000000010000000C00000007214F70656E2044657369676E20416C6C69616E63652041434953204275696C646572070E41434953203231382E3030204E540718546875204A756E2032372031363A32383A3230203230323406000000000000F03F0648AFBC9AF2D77A3E06
310
BBBDD7D9DF7CDB3D0D04626F64790CFFFFFFFF04FFFFFFFF0CFFFFFFFF0C0A0000000CFFFFFFFF0CFFFFFFFF110D05706F696E740CFFFFFFFF04FFFFFFFF0CFFFFFFFF1380DB6EDD283C41400EF6C35B295C26400000000000000000110D067665727465780CFFFFFFFF04FFFFFFFF0CFFFFFFFF0C0400000004020000000C
310
01000000110E07656C6C697073650D0563757276650CFFFFFFFF04FFFFFFFF0CFFFFFFFF130BE7BFACF52841400EF6C35B295C264000000000000000001400000000000000000000000000000000000000000000F03F14B174F4AE3033C33F0000000000000000000000000000008006000000000000F03F0B0B110D046564
310
67650CFFFFFFFF04FFFFFFFF0CFFFFFFFF0C020000000600000000000000000C0200000006182D4454FB2119400C050000000C030000000B0707756E6B6E6F776E110D06636F656467650CFFFFFFFF04FFFFFFFF0CFFFFFFFF0C050000000C050000000CFFFFFFFF0C040000000B0C0600000004000000000CFFFFFFFF110D
310
046C6F6F700CFFFFFFFF04FFFFFFFF0CFFFFFFFF0CFFFFFFFF0C050000000C08000000110E05706C616E650D07737572666163650CFFFFFFFF04FFFFFFFF0CFFFFFFFF13D16C68145C1F41400EF6C35B295C264000000000000000001400000000000000800000000000000000000000000000F03F14000000000000F0BF00
310
0000000000000000000000000000800B0B0B0B0B110D04666163650CFFFFFFFF04FFFFFFFF0CFFFFFFFF0CFFFFFFFF0C060000000C090000000CFFFFFFFF0C070000000B0A0B110D057368656C6C0CFFFFFFFF04FFFFFFFF0CFFFFFFFF0CFFFFFFFF0CFFFFFFFF0C080000000CFFFFFFFF0C0A000000110D046C756D700CFF
310
FFFFFF04FFFFFFFF0CFFFFFFFF0CFFFFFFFF0C090000000C00000000110E03456E640E026F660E0341534D0D0464617461
  0
ACDSRECORD
 90
        1
  2
AcDbDs::ID
280
    10
320
3D9
  2
ASM_Data
280
    15
 94
      811
310
414349532042696E61727946696C652855000000000000010000000C00000007214F70656E2044657369676E20416C6C69616E63652041434953204275696C646572070E41434953203231382E3030204E540718546875204A756E2032372031363A32383A3230203230323406000000000000F03F0648AFBC9AF2D77A3E06
310
BBBDD7D9DF7CDB3D0D04626F64790CFFFFFFFF04FFFFFFFF0CFFFFFFFF0C0A0000000CFFFFFFFF0CFFFFFFFF110D05706F696E740CFFFFFFFF04FFFFFFFF0CFFFFFFFF13835359F3679839402BA3B2DD146332400000000000000000110D067665727465780CFFFFFFFF04FFFFFFFF0CFFFFFFFF0C0400000004020000000C
310
01000000110E07656C6C697073650D0563757276650CFFFFFFFF04FFFFFFFF0CFFFFFFFF13B0819D309B4B39402BA3B2DD1463324000000000000000001400000000000000000000000000000000000000000000F03F14B174F4AE3033D33F0000000000000000000000000000008006000000000000F03F0B0B110D046564
310
67650CFFFFFFFF04FFFFFFFF0CFFFFFFFF0C020000000600000000000000000C0200000006182D4454FB2119400C050000000C030000000B0707756E6B6E6F776E110D06636F656467650CFFFFFFFF04FFFFFFFF0CFFFFFFFF0C050000000C050000000CFFFFFFFF0C040000000B0C0600000004000000000CFFFFFFFF110D
310
046C6F6F700CFFFFFFFF04FFFFFFFF0CFFFFFFFF0CFFFFFFFF0C050000000C08000000110E05706C616E650D07737572666163650CFFFFFFFF04FFFFFFFF0CFFFFFFFF13C7983FCF342539402BA3B2DD1463324000000000000000001400000000000000800000000000000000000000000000F03F14000000000000F0BF00
310
0000000000000000000000000000800B0B0B0B0B110D04666163650CFFFFFFFF04FFFFFFFF0CFFFFFFFF0CFFFFFFFF0C060000000C090000000CFFFFFFFF0C070000000B0A0B110D057368656C6C0CFFFFFFFF04FFFFFFFF0CFFFFFFFF0CFFFFFFFF0CFFFFFFFF0C080000000CFFFFFFFF0C0A000000110D046C756D700CFF
310
FFFFFF04FFFFFFFF0CFFFFFFFF0CFFFFFFFF0C090000000C00000000110E03456E640E026F660E0341534D0D0464617461
  0
ACDSRECORD
 90
        1
  2
AcDbDs::ID
280
    10
320
3DB
  2
ASM_Data
280
    15
 94
      811
310
414349532042696E61727946696C652855000000000000010000000C00000007214F70656E2044657369676E20416C6C69616E63652041434953204275696C646572070E41434953203231382E3030204E540718546875204A756E2032372031363A32383A3230203230323406000000000000F03F0648AFBC9AF2D77A3E06
310
BBBDD7D9DF7CDB3D0D04626F64790CFFFFFFFF04FFFFFFFF0CFFFFFFFF0C0A0000000CFFFFFFFF0CFFFFFFFF110D05706F696E740CFFFFFFFF04FFFFFFFF0CFFFFFFFF13996AFB91017239402BA3B2DD146332400000000000000000110D067665727465780CFFFFFFFF04FFFFFFFF0CFFFFFFFF0C0400000004020000000C
310
01000000110E07656C6C697073650D0563757276650CFFFFFFFF04FFFFFFFF0CFFFFFFFF13B0819D309B4B39402BA3B2DD1463324000000000000000001400000000000000000000000000000000000000000000F03F14B174F4AE3033C33F0000000000000000000000000000008006000000000000F03F0B0B110D046564
310
67650CFFFFFFFF04FFFFFFFF0CFFFFFFFF0C020000000600000000000000000C0200000006182D4454FB2119400C050000000C030000000B0707756E6B6E6F776E110D06636F656467650CFFFFFFFF04FFFFFFFF0CFFFFFFFF0C050000000C050000000CFFFFFFFF0C040000000B0C0600000004000000000CFFFFFFFF110D
310
046C6F6F700CFFFFFFFF04FFFFFFFF0CFFFFFFFF0CFFFFFFFF0C050000000C08000000110E05706C616E650D07737572666163650CFFFFFFFF04FFFFFFFF0CFFFFFFFF133B8DEEFF673839402BA3B2DD1463324000000000000000001400000000000000800000000000000000000000000000F03F14000000000000F0BF00
310
0000000000000000000000000000800B0B0B0B0B110D04666163650CFFFFFFFF04FFFFFFFF0CFFFFFFFF0CFFFFFFFF0C060000000C090000000CFFFFFFFF0C070000000B0A0B110D057368656C6C0CFFFFFFFF04FFFFFFFF0CFFFFFFFF0CFFFFFFFF0CFFFFFFFF0C080000000CFFFFFFFF0C0A000000110D046C756D700CFF
310
FFFFFF04FFFFFFFF0CFFFFFFFF0CFFFFFFFF0C090000000C00000000110E03456E640E026F660E0341534D0D0464617461
  0
ACDSRECORD
 90
        1
  2
AcDbDs::ID
280
    10
320
3DD
  2
ASM_Data
280
    15
 94
      811
310
414349532042696E61727946696C652855000000000000010000000C00000007214F70656E2044657369676E20416C6C69616E63652041434953204275696C646572070E41434953203231382E3030204E540718546875204A756E2032372031363A32383A3230203230323406000000000000F03F0648AFBC9AF2D77A3E06
310
BBBDD7D9DF7CDB3D0D04626F64790CFFFFFFFF04FFFFFFFF0CFFFFFFFF0C0A0000000CFFFFFFFF0CFFFFFFFF110D05706F696E740CFFFFFFFF04FFFFFFFF0CFFFFFFFF137FA0798C34D334403D95B290A9700B400000000000000000110D067665727465780CFFFFFFFF04FFFFFFFF0CFFFFFFFF0C0400000004020000000C
310
01000000110E07656C6C697073650D0563757276650CFFFFFFFF04FFFFFFFF0CFFFFFFFF13ACCEBDC9678634403D95B290A9700B4000000000000000001400000000000000000000000000000000000000000000F03F14B174F4AE3033D33F0000000000000000000000000000008006000000000000F03F0B0B110D046564
310
67650CFFFFFFFF04FFFFFFFF0CFFFFFFFF0C020000000600000000000000000C0200000006182D4454FB2119400C050000000C030000000B0707756E6B6E6F776E110D06636F656467650CFFFFFFFF04FFFFFFFF0CFFFFFFFF0C050000000C050000000CFFFFFFFF0C040000000B0C0600000004000000000CFFFFFFFF110D
310
046C6F6F700CFFFFFFFF04FFFFFFFF0CFFFFFFFF0CFFFFFFFF0C050000000C08000000110E05706C616E650D07737572666163650CFFFFFFFF04FFFFFFFF0CFFFFFFFF13C3E55F68016034403D95B290A9700B4000000000000000001400000000000000800000000000000000000000000000F03F14000000000000F0BF00
310
0000000000000000000000000000800B0B0B0B0B110D04666163650CFFFFFFFF04FFFFFFFF0CFFFFFFFF0CFFFFFFFF0C060000000C090000000CFFFFFFFF0C070000000B0A0B110D057368656C6C0CFFFFFFFF04FFFFFFFF0CFFFFFFFF0CFFFFFFFF0CFFFFFFFF0C080000000CFFFFFFFF0C0A000000110D046C756D700CFF
310
FFFFFF04FFFFFFFF0CFFFFFFFF0CFFFFFFFF0C090000000C00000000110E03456E640E026F660E0341534D0D0464617461
  0
ACDSRECORD
 90
        1
  2
AcDbDs::ID
280
    10
320
3DF
  2
ASM_Data
280
    15
 94
      811
310
414349532042696E61727946696C652855000000000000010000000C00000007214F70656E2044657369676E20416C6C69616E63652041434953204275696C646572070E41434953203231382E3030204E540718546875204A756E2032372031363A32383A3230203230323406000000000000F03F0648AFBC9AF2D77A3E06
310
BBBDD7D9DF7CDB3D0D04626F64790CFFFFFFFF04FFFFFFFF0CFFFFFFFF0C0A0000000CFFFFFFFF0CFFFFFFFF110D05706F696E740CFFFFFFFF04FFFFFFFF0CFFFFFFFF1395B71B2BCEAC34403D95B290A9700B400000000000000000110D067665727465780CFFFFFFFF04FFFFFFFF0CFFFFFFFF0C0400000004020000000C
310
01000000110E07656C6C697073650D0563757276650CFFFFFFFF04FFFFFFFF0CFFFFFFFF13ACCEBDC9678634403D95B290A9700B4000000000000000001400000000000000000000000000000000000000000000F03F14B174F4AE3033C33F0000000000000000000000000000008006000000000000F03F0B0B110D046564
310
67650CFFFFFFFF04FFFFFFFF0CFFFFFFFF0C020000000600000000000000000C0200000006182D4454FB2119400C050000000C030000000B0707756E6B6E6F776E110D06636F656467650CFFFFFFFF04FFFFFFFF0CFFFFFFFF0C050000000C050000000CFFFFFFFF0C040000000B0C0600000004000000000CFFFFFFFF110D
310
046C6F6F700CFFFFFFFF04FFFFFFFF0CFFFFFFFF0CFFFFFFFF0C050000000C08000000110E05706C616E650D07737572666163650CFFFFFFFF04FFFFFFFF0CFFFFFFFF1337DA0E99347334403D95B290A9700B4000000000000000001400000000000000800000000000000000000000000000F03F14000000000000F0BF00
310
0000000000000000000000000000800B0B0B0B0B110D04666163650CFFFFFFFF04FFFFFFFF0CFFFFFFFF0CFFFFFFFF0C060000000C090000000CFFFFFFFF0C070000000B0A0B110D057368656C6C0CFFFFFFFF04FFFFFFFF0CFFFFFFFF0CFFFFFFFF0CFFFFFFFF0C080000000CFFFFFFFF0C0A000000110D046C756D700CFF
310
FFFFFF04FFFFFFFF0CFFFFFFFF0CFFFFFFFF0C090000000C00000000110E03456E640E026F660E0341534D0D0464617461
  0
ACDSRECORD
 90
        1
  2
AcDbDs::ID
280
    10
320
3E1
  2
ASM_Data
280
    15
 94
      811
310
414349532042696E61727946696C652855000000000000010000000C00000007214F70656E2044657369676E20416C6C69616E63652041434953204275696C646572070E41434953203231382E3030204E540718546875204A756E2032372031363A32383A3230203230323406000000000000F03F0648AFBC9AF2D77A3E06
310
BBBDD7D9DF7CDB3D0D04626F64790CFFFFFFFF04FFFFFFFF0CFFFFFFFF0C0A0000000CFFFFFFFF0CFFFFFFFF110D05706F696E740CFFFFFFFF04FFFFFFFF0CFFFFFFFF13D0668B5A501E3A40179A0C43BBDF34400000000000000000110D067665727465780CFFFFFFFF04FFFFFFFF0CFFFFFFFF0C0400000004020000000C
310
01000000110E07656C6C697073650D0563757276650CFFFFFFFF04FFFFFFFF0CFFFFFFFF13FD94CF9783D13940179A0C43BBDF344000000000000000001400000000000000000000000000000000000000000000F03F14B174F4AE3033D33F0000000000000000000000000000008006000000000000F03F0B0B110D046564
310
67650CFFFFFFFF04FFFFFFFF0CFFFFFFFF0C020000000600000000000000000C0200000006182D4454FB2119400C050000000C030000000B0707756E6B6E6F776E110D06636F656467650CFFFFFFFF04FFFFFFFF0CFFFFFFFF0C050000000C050000000CFFFFFFFF0C040000000B0C0600000004000000000CFFFFFFFF110D
310
046C6F6F700CFFFFFFFF04FFFFFFFF0CFFFFFFFF0CFFFFFFFF0C050000000C08000000110E05706C616E650D07737572666163650CFFFFFFFF04FFFFFFFF0CFFFFFFFF1314AC71361DAB3940179A0C43BBDF344000000000000000001400000000000000800000000000000000000000000000F03F14000000000000F0BF00
310
0000000000000000000000000000800B0B0B0B0B110D04666163650CFFFFFFFF04FFFFFFFF0CFFFFFFFF0CFFFFFFFF0C060000000C090000000CFFFFFFFF0C070000000B0A0B110D057368656C6C0CFFFFFFFF04FFFFFFFF0CFFFFFFFF0CFFFFFFFF0CFFFFFFFF0C080000000CFFFFFFFF0C0A000000110D046C756D700CFF
310
FFFFFF04FFFFFFFF0CFFFFFFFF0CFFFFFFFF0C090000000C00000000110E03456E640E026F660E0341534D0D0464617461
  0
ACDSRECORD
 90
        1
  2
AcDbDs::ID
280
    10
320
3E3
  2
ASM_Data
280
    15
 94
      811
310
414349532042696E61727946696C652855000000000000010000000C00000007214F70656E2044657369676E20416C6C69616E63652041434953204275696C646572070E41434953203231382E3030204E540718546875204A756E2032372031363A32383A3230203230323406000000000000F03F0648AFBC9AF2D77A3E06
310
BBBDD7D9DF7CDB3D0D04626F64790CFFFFFFFF04FFFFFFFF0CFFFFFFFF0C0A0000000CFFFFFFFF0CFFFFFFFF110D05706F696E740CFFFFFFFF04FFFFFFFF0CFFFFFFFF13E67D2DF9E9F73940179A0C43BBDF34400000000000000000110D067665727465780CFFFFFFFF04FFFFFFFF0CFFFFFFFF0C0400000004020000000C
310
01000000110E07656C6C697073650D0563757276650CFFFFFFFF04FFFFFFFF0CFFFFFFFF13FD94CF9783D13940179A0C43BBDF344000000000000000001400000000000000000000000000000000000000000000F03F14B174F4AE3033C33F0000000000000000000000000000008006000000000000F03F0B0B110D046564
310
67650CFFFFFFFF04FFFFFFFF0CFFFFFFFF0C020000000600000000000000000C0200000006182D4454FB2119400C050000000C030000000B0707756E6B6E6F776E110D06636F656467650CFFFFFFFF04FFFFFFFF0CFFFFFFFF0C050000000C050000000CFFFFFFFF0C040000000B0C0600000004000000000CFFFFFFFF110D
310
046C6F6F700CFFFFFFFF04FFFFFFFF0CFFFFFFFF0CFFFFFFFF0C050000000C08000000110E05706C616E650D07737572666163650CFFFFFFFF04FFFFFFFF0CFFFFFFFF1388A0206750BE3940179A0C43BBDF344000000000000000001400000000000000800000000000000000000000000000F03F14000000000000F0BF00
310
0000000000000000000000000000800B0B0B0B0B110D04666163650CFFFFFFFF04FFFFFFFF0CFFFFFFFF0CFFFFFFFF0C060000000C090000000CFFFFFFFF0C070000000B0A0B110D057368656C6C0CFFFFFFFF04FFFFFFFF0CFFFFFFFF0CFFFFFFFF0CFFFFFFFF0C080000000CFFFFFFFF0C0A000000110D046C756D700CFF
310
FFFFFF04FFFFFFFF0CFFFFFFFF0CFFFFFFFF0C090000000C00000000110E03456E640E026F660E0341534D0D0464617461
  0
ACDSRECORD
 90
        1
  2
AcDbDs::ID
280
    10
320
3E5
  2
ASM_Data
280
    15
 94
      811
310
414349532042696E61727946696C652855000000000000010000000C00000007214F70656E2044657369676E20416C6C69616E63652041434953204275696C646572070E41434953203231382E3030204E540718546875204A756E2032372031363A32383A3230203230323406000000000000F03F0648AFBC9AF2D77A3E06
310
BBBDD7D9DF7CDB3D0D04626F64790CFFFFFFFF04FFFFFFFF0CFFFFFFFF0C0A0000000CFFFFFFFF0CFFFFFFFF110D05706F696E740CFFFFFFFF04FFFFFFFF0CFFFFFFFF136E39D18D3453374063AC5F7EE13A35400000000000000000110D067665727465780CFFFFFFFF04FFFFFFFF0CFFFFFFFF0C0400000004020000000C
310
01000000110E07656C6C697073650D0563757276650CFFFFFFFF04FFFFFFFF0CFFFFFFFF139B6715CB6706374063AC5F7EE13A354000000000000000001400000000000000000000000000000000000000000000F03F14B174F4AE3033D33F0000000000000000000000000000008006000000000000F03F0B0B110D046564
310
67650CFFFFFFFF04FFFFFFFF0CFFFFFFFF0C020000000600000000000000000C0200000006182D4454FB2119400C050000000C030000000B0707756E6B6E6F776E110D06636F656467650CFFFFFFFF04FFFFFFFF0CFFFFFFFF0C050000000C050000000CFFFFFFFF0C040000000B0C0600000004000000000CFFFFFFFF110D
310
046C6F6F700CFFFFFFFF04FFFFFFFF0CFFFFFFFF0CFFFFFFFF0C050000000C08000000110E05706C616E650D07737572666163650CFFFFFFFF04FFFFFFFF0CFFFFFFFF13B27EB76901E0364063AC5F7EE13A354000000000000000001400000000000000800000000000000000000000000000F03F14000000000000F0BF00
310
0000000000000000000000000000800B0B0B0B0B110D04666163650CFFFFFFFF04FFFFFFFF0CFFFFFFFF0CFFFFFFFF0C060000000C090000000CFFFFFFFF0C070000000B0A0B110D057368656C6C0CFFFFFFFF04FFFFFFFF0CFFFFFFFF0CFFFFFFFF0CFFFFFFFF0C080000000CFFFFFFFF0C0A000000110D046C756D700CFF
310
FFFFFF04FFFFFFFF0CFFFFFFFF0CFFFFFFFF0C090000000C00000000110E03456E640E026F660E0341534D0D0464617461
  0
ACDSRECORD
 90
        1
  2
AcDbDs::ID
280
    10
320
3E7
  2
ASM_Data
280
    15
 94
      811
310
414349532042696E61727946696C652855000000000000010000000C00000007214F70656E2044657369676E20416C6C69616E63652041434953204275696C646572070E41434953203231382E3030204E540718546875204A756E2032372031363A32383A3230203230323406000000000000F03F0648AFBC9AF2D77A3E06
310
BBBDD7D9DF7CDB3D0D04626F64790CFFFFFFFF04FFFFFFFF0CFFFFFFFF0C0A0000000CFFFFFFFF0CFFFFFFFF110D05706F696E740CFFFFFFFF04FFFFFFFF0CFFFFFFFF138450732CCE2C374063AC5F7EE13A35400000000000000000110D067665727465780CFFFFFFFF04FFFFFFFF0CFFFFFFFF0C0400000004020000000C
310
01000000110E07656C6C697073650D0563757276650CFFFFFFFF04FFFFFFFF0CFFFFFFFF139B6715CB6706374063AC5F7EE13A354000000000000000001400000000000000000000000000000000000000000000F03F14B174F4AE3033C33F0000000000000000000000000000008006000000000000F03F0B0B110D046564
310
67650CFFFFFFFF04FFFFFFFF0CFFFFFFFF0C020000000600000000000000000C0200000006182D4454FB2119400C050000000C030000000B0707756E6B6E6F776E110D06636F656467650CFFFFFFFF04FFFFFFFF0CFFFFFFFF0C050000000C050000000CFFFFFFFF0C040000000B0C0600000004000000000CFFFFFFFF110D
310
046C6F6F700CFFFFFFFF04FFFFFFFF0CFFFFFFFF0CFFFFFFFF0C050000000C08000000110E05706C616E650D07737572666163650CFFFFFFFF04FFFFFFFF0CFFFFFFFF132673669A34F3364063AC5F7EE13A354000000000000000001400000000000000800000000000000000000000000000F03F14000000000000F0BF00
310
0000000000000000000000000000800B0B0B0B0B110D04666163650CFFFFFFFF04FFFFFFFF0CFFFFFFFF0CFFFFFFFF0C060000000C090000000CFFFFFFFF0C070000000B0A0B110D057368656C6C0CFFFFFFFF04FFFFFFFF0CFFFFFFFF0CFFFFFFFF0CFFFFFFFF0C080000000CFFFFFFFF0C0A000000110D046C756D700CFF
310
FFFFFF04FFFFFFFF0CFFFFFFFF0CFFFFFFFF0C090000000C00000000110E03456E640E026F660E0341534D0D0464617461
  0
ACDSRECORD
 90
        1
  2
AcDbDs::ID
280
    10
320
3E9
  2
ASM_Data
280
    15
 94
      811
310
414349532042696E61727946696C652855000000000000010000000C00000007214F70656E2044657369676E20416C6C69616E63652041434953204275696C646572070E41434953203231382E3030204E540718546875204A756E2032372031363A32383A3230203230323406000000000000F03F0648AFBC9AF2D77A3E06
310
BBBDD7D9DF7CDB3D0D04626F64790CFFFFFFFF04FFFFFFFF0CFFFFFFFF0C0A0000000CFFFFFFFF0CFFFFFFFF110D05706F696E740CFFFFFFFF04FFFFFFFF0CFFFFFFFF136E39D18D34533740A89ACDA1146E34400000000000000000110D067665727465780CFFFFFFFF04FFFFFFFF0CFFFFFFFF0C0400000004020000000C
310
01000000110E07656C6C697073650D0563757276650CFFFFFFFF04FFFFFFFF0CFFFFFFFF139B6715CB67063740A89ACDA1146E344000000000000000001400000000000000000000000000000000000000000000F03F14B174F4AE3033D33F0000000000000000000000000000008006000000000000F03F0B0B110D046564
310
67650CFFFFFFFF04FFFFFFFF0CFFFFFFFF0C020000000600000000000000000C0200000006182D4454FB2119400C050000000C030000000B0707756E6B6E6F776E110D06636F656467650CFFFFFFFF04FFFFFFFF0CFFFFFFFF0C050000000C050000000CFFFFFFFF0C040000000B0C0600000004000000000CFFFFFFFF110D
310
046C6F6F700CFFFFFFFF04FFFFFFFF0CFFFFFFFF0CFFFFFFFF0C050000000C08000000110E05706C616E650D07737572666163650CFFFFFFFF04FFFFFFFF0CFFFFFFFF13B27EB76901E03640A89ACDA1146E344000000000000000001400000000000000800000000000000000000000000000F03F14000000000000F0BF00
310
0000000000000000000000000000800B0B0B0B0B110D04666163650CFFFFFFFF04FFFFFFFF0CFFFFFFFF0CFFFFFFFF0C060000000C090000000CFFFFFFFF0C070000000B0A0B110D057368656C6C0CFFFFFFFF04FFFFFFFF0CFFFFFFFF0CFFFFFFFF0CFFFFFFFF0C080000000CFFFFFFFF0C0A000000110D046C756D700CFF
310
FFFFFF04FFFFFFFF0CFFFFFFFF0CFFFFFFFF0C090000000C00000000110E03456E640E026F660E0341534D0D0464617461
  0
ACDSRECORD
 90
        1
  2
AcDbDs::ID
280
    10
320
3EB
  2
ASM_Data
280
    15
 94
      811
310
414349532042696E61727946696C652855000000000000010000000C00000007214F70656E2044657369676E20416C6C69616E63652041434953204275696C646572070E41434953203231382E3030204E540718546875204A756E2032372031363A32383A3230203230323406000000000000F03F0648AFBC9AF2D77A3E06
310
BBBDD7D9DF7CDB3D0D04626F64790CFFFFFFFF04FFFFFFFF0CFFFFFFFF0C0A0000000CFFFFFFFF0CFFFFFFFF110D05706F696E740CFFFFFFFF04FFFFFFFF0CFFFFFFFF138450732CCE2C3740A89ACDA1146E34400000000000000000110D067665727465780CFFFFFFFF04FFFFFFFF0CFFFFFFFF0C0400000004020000000C
310
01000000110E07656C6C697073650D0563757276650CFFFFFFFF04FFFFFFFF0CFFFFFFFF139B6715CB67063740A89ACDA1146E344000000000000000001400000000000000000000000000000000000000000000F03F14B174F4AE3033C33F0000000000000000000000000000008006000000000000F03F0B0B110D046564
310
67650CFFFFFFFF04FFFFFFFF0CFFFFFFFF0C020000000600000000000000000C0200000006182D4454FB2119400C050000000C030000000B0707756E6B6E6F776E110D06636F656467650CFFFFFFFF04FFFFFFFF0CFFFFFFFF0C050000000C050000000CFFFFFFFF0C040000000B0C0600000004000000000CFFFFFFFF110D
310
046C6F6F700CFFFFFFFF04FFFFFFFF0CFFFFFFFF0CFFFFFFFF0C050000000C08000000110E05706C616E650D07737572666163650CFFFFFFFF04FFFFFFFF0CFFFFFFFF132673669A34F33640A89ACDA1146E344000000000000000001400000000000000800000000000000000000000000000F03F14000000000000F0BF00
310
0000000000000000000000000000800B0B0B0B0B110D04666163650CFFFFFFFF04FFFFFFFF0CFFFFFFFF0CFFFFFFFF0C060000000C090000000CFFFFFFFF0C070000000B0A0B110D057368656C6C0CFFFFFFFF04FFFFFFFF0CFFFFFFFF0CFFFFFFFF0CFFFFFFFF0C080000000CFFFFFFFF0C0A000000110D046C756D700CFF
310
FFFFFF04FFFFFFFF0CFFFFFFFF0CFFFFFFFF0C090000000C00000000110E03456E640E026F660E0341534D0D0464617461
  0
ACDSRECORD
 90
        1
  2
AcDbDs::ID
280
    10
320
3ED
  2
ASM_Data
280
    15
 94
      811
310
414349532042696E61727946696C652855000000000000010000000C00000007214F70656E2044657369676E20416C6C69616E63652041434953204275696C646572070E41434953203231382E3030204E540718546875204A756E2032372031363A32383A3230203230323406000000000000F03F0648AFBC9AF2D77A3E06
310
BBBDD7D9DF7CDB3D0D04626F64790CFFFFFFFF04FFFFFFFF0CFFFFFFFF0C0A0000000CFFFFFFFF0CFFFFFFFF110D05706F696E740CFFFFFFFF04FFFFFFFF0CFFFFFFFF138F57BD4F975D38407241853CE57B33400000000000000000110D067665727465780CFFFFFFFF04FFFFFFFF0CFFFFFFFF0C0400000004020000000C
310
01000000110E07656C6C697073650D0563757276650CFFFFFFFF04FFFFFFFF0CFFFFFFFF13BC85018DCA1038407241853CE57B334000000000000000001400000000000000000000000000000000000000000000F03F14B174F4AE3033D33F0000000000000000000000000000008006000000000000F03F0B0B110D046564
310
67650CFFFFFFFF04FFFFFFFF0CFFFFFFFF0C020000000600000000000000000C0200000006182D4454FB2119400C050000000C030000000B0707756E6B6E6F776E110D06636F656467650CFFFFFFFF04FFFFFFFF0CFFFFFFFF0C050000000C050000000CFFFFFFFF0C040000000B0C0600000004000000000CFFFFFFFF110D
310
046C6F6F700CFFFFFFFF04FFFFFFFF0CFFFFFFFF0CFFFFFFFF0C050000000C08000000110E05706C616E650D07737572666163650CFFFFFFFF04FFFFFFFF0CFFFFFFFF13D39CA32B64EA37407241853CE57B334000000000000000001400000000000000800000000000000000000000000000F03F14000000000000F0BF00
310
0000000000000000000000000000800B0B0B0B0B110D04666163650CFFFFFFFF04FFFFFFFF0CFFFFFFFF0CFFFFFFFF0C060000000C090000000CFFFFFFFF0C070000000B0A0B110D057368656C6C0CFFFFFFFF04FFFFFFFF0CFFFFFFFF0CFFFFFFFF0CFFFFFFFF0C080000000CFFFFFFFF0C0A000000110D046C756D700CFF
310
FFFFFF04FFFFFFFF0CFFFFFFFF0CFFFFFFFF0C090000000C00000000110E03456E640E026F660E0341534D0D0464617461
  0
ACDSRECORD
 90
        1
  2
AcDbDs::ID
280
    10
320
3EF
  2
ASM_Data
280
    15
 94
      811
310
414349532042696E61727946696C652855000000000000010000000C00000007214F70656E2044657369676E20416C6C69616E63652041434953204275696C646572070E41434953203231382E3030204E540718546875204A756E2032372031363A32383A3230203230323406000000000000F03F0648AFBC9AF2D77A3E06
310
BBBDD7D9DF7CDB3D0D04626F64790CFFFFFFFF04FFFFFFFF0CFFFFFFFF0C0A0000000CFFFFFFFF0CFFFFFFFF110D05706F696E740CFFFFFFFF04FFFFFFFF0CFFFFFFFF13A56E5FEE303738407241853CE57B33400000000000000000110D067665727465780CFFFFFFFF04FFFFFFFF0CFFFFFFFF0C0400000004020000000C
310
01000000110E07656C6C697073650D0563757276650CFFFFFFFF04FFFFFFFF0CFFFFFFFF13BC85018DCA1038407241853CE57B334000000000000000001400000000000000000000000000000000000000000000F03F14B174F4AE3033C33F0000000000000000000000000000008006000000000000F03F0B0B110D046564
310
67650CFFFFFFFF04FFFFFFFF0CFFFFFFFF0C020000000600000000000000000C0200000006182D4454FB2119400C050000000C030000000B0707756E6B6E6F776E110D06636F656467650CFFFFFFFF04FFFFFFFF0CFFFFFFFF0C050000000C050000000CFFFFFFFF0C040000000B0C0600000004000000000CFFFFFFFF110D
310
046C6F6F700CFFFFFFFF04FFFFFFFF0CFFFFFFFF0CFFFFFFFF0C050000000C08000000110E05706C616E650D07737572666163650CFFFFFFFF04FFFFFFFF0CFFFFFFFF134791525C97FD37407241853CE57B334000000000000000001400000000000000800000000000000000000000000000F03F14000000000000F0BF00
310
0000000000000000000000000000800B0B0B0B0B110D04666163650CFFFFFFFF04FFFFFFFF0CFFFFFFFF0CFFFFFFFF0C060000000C090000000CFFFFFFFF0C070000000B0A0B110D057368656C6C0CFFFFFFFF04FFFFFFFF0CFFFFFFFF0CFFFFFFFF0CFFFFFFFF0C080000000CFFFFFFFF0C0A000000110D046C756D700CFF
310
FFFFFF04FFFFFFFF0CFFFFFFFF0CFFFFFFFF0C090000000C00000000110E03456E640E026F660E0341534D0D0464617461
  0
ACDSRECORD
 90
        1
  2
AcDbDs::ID
280
    10
320
3F1
  2
ASM_Data
280
    15
 94
      811
310
414349532042696E61727946696C652855000000000000010000000C00000007214F70656E2044657369676E20416C6C69616E63652041434953204275696C646572070E41434953203231382E3030204E540718546875204A756E2032372031363A32383A3230203230323406000000000000F03F0648AFBC9AF2D77A3E06
310
BBBDD7D9DF7CDB3D0D04626F64790CFFFFFFFF04FFFFFFFF0CFFFFFFFF0C0A0000000CFFFFFFFF0CFFFFFFFF110D05706F696E740CFFFFFFFF04FFFFFFFF0CFFFFFFFF137BF4C8179BB9334098D13C3E29DC2E400000000000000000110D067665727465780CFFFFFFFF04FFFFFFFF0CFFFFFFFF0C0400000004020000000C
310
01000000110E07656C6C697073650D0563757276650CFFFFFFFF04FFFFFFFF0CFFFFFFFF13A8220D55CE6C334098D13C3E29DC2E4000000000000000001400000000000000000000000000000000000000000000F03F14B174F4AE3033D33F0000000000000000000000000000008006000000000000F03F0B0B110D046564
310
67650CFFFFFFFF04FFFFFFFF0CFFFFFFFF0C020000000600000000000000000C0200000006182D4454FB2119400C050000000C030000000B0707756E6B6E6F776E110D06636F656467650CFFFFFFFF04FFFFFFFF0CFFFFFFFF0C050000000C050000000CFFFFFFFF0C040000000B0C0600000004000000000CFFFFFFFF110D
310
046C6F6F700CFFFFFFFF04FFFFFFFF0CFFFFFFFF0CFFFFFFFF0C050000000C08000000110E05706C616E650D07737572666163650CFFFFFFFF04FFFFFFFF0CFFFFFFFF13BF39AFF36746334098D13C3E29DC2E4000000000000000001400000000000000800000000000000000000000000000F03F14000000000000F0BF00
310
0000000000000000000000000000800B0B0B0B0B110D04666163650CFFFFFFFF04FFFFFFFF0CFFFFFFFF0CFFFFFFFF0C060000000C090000000CFFFFFFFF0C070000000B0A0B110D057368656C6C0CFFFFFFFF04FFFFFFFF0CFFFFFFFF0CFFFFFFFF0CFFFFFFFF0C080000000CFFFFFFFF0C0A000000110D046C756D700CFF
310
FFFFFF04FFFFFFFF0CFFFFFFFF0CFFFFFFFF0C090000000C00000000110E03456E640E026F660E0341534D0D0464617461
  0
ACDSRECORD
 90
        1
  2
AcDbDs::ID
280
    10
320
3F3
  2
ASM_Data
280
    15
 94
      811
310
414349532042696E61727946696C652855000000000000010000000C00000007214F70656E2044657369676E20416C6C69616E63652041434953204275696C646572070E41434953203231382E3030204E540718546875204A756E2032372031363A32383A3230203230323406000000000000F03F0648AFBC9AF2D77A3E06
310
BBBDD7D9DF7CDB3D0D04626F64790CFFFFFFFF04FFFFFFFF0CFFFFFFFF0C0A0000000CFFFFFFFF0CFFFFFFFF110D05706F696E740CFFFFFFFF04FFFFFFFF0CFFFFFFFF13910B6BB63493334098D13C3E29DC2E400000000000000000110D067665727465780CFFFFFFFF04FFFFFFFF0CFFFFFFFF0C0400000004020000000C
310
01000000110E07656C6C697073650D0563757276650CFFFFFFFF04FFFFFFFF0CFFFFFFFF13A8220D55CE6C334098D13C3E29DC2E4000000000000000001400000000000000000000000000000000000000000000F03F14B174F4AE3033C33F0000000000000000000000000000008006000000000000F03F0B0B110D046564
310
67650CFFFFFFFF04FFFFFFFF0CFFFFFFFF0C020000000600000000000000000C0200000006182D4454FB2119400C050000000C030000000B0707756E6B6E6F776E110D06636F656467650CFFFFFFFF04FFFFFFFF0CFFFFFFFF0C050000000C050000000CFFFFFFFF0C040000000B0C0600000004000000000CFFFFFFFF110D
310
046C6F6F700CFFFFFFFF04FFFFFFFF0CFFFFFFFF0CFFFFFFFF0C050000000C08000000110E05706C616E650D07737572666163650CFFFFFFFF04FFFFFFFF0CFFFFFFFF13332E5E249B59334098D13C3E29DC2E4000000000000000001400000000000000800000000000000000000000000000F03F14000000000000F0BF00
310
0000000000000000000000000000800B0B0B0B0B110D04666163650CFFFFFFFF04FFFFFFFF0CFFFFFFFF0CFFFFFFFF0C060000000C090000000CFFFFFFFF0C070000000B0A0B110D057368656C6C0CFFFFFFFF04FFFFFFFF0CFFFFFFFF0CFFFFFFFF0CFFFFFFFF0C080000000CFFFFFFFF0C0A000000110D046C756D700CFF
310
FFFFFF04FFFFFFFF0CFFFFFFFF0CFFFFFFFF0C090000000C00000000110E03456E640E026F660E0341534D0D0464617461
  0
ACDSRECORD
 90
        1
  2
AcDbDs::ID
280
    10
320
3F5
  2
ASM_Data
280
    15
 94
      811
310
414349532042696E61727946696C652855000000000000010000000C00000007214F70656E2044657369676E20416C6C69616E63652041434953204275696C646572070E41434953203231382E3030204E540718546875204A756E2032372031363A32383A3230203230323406000000000000F03F0648AFBC9AF2D77A3E06
310
BBBDD7D9DF7CDB3D0D04626F64790CFFFFFFFF04FFFFFFFF0CFFFFFFFF0C0A0000000CFFFFFFFF0CFFFFFFFF110D05706F696E740CFFFFFFFF04FFFFFFFF0CFFFFFFFF13062AE3DF67063E402408BA6A5C0F2F400000000000000000110D067665727465780CFFFFFFFF04FFFFFFFF0CFFFFFFFF0C0400000004020000000C
310
01000000110E07656C6C697073650D0563757276650CFFFFFFFF04FFFFFFFF0CFFFFFFFF133358271D9BB93D402408BA6A5C0F2F4000000000000000001400000000000000000000000000000000000000000000F03F14B174F4AE3033D33F0000000000000000000000000000008006000000000000F03F0B0B110D046564
310
67650CFFFFFFFF04FFFFFFFF0CFFFFFFFF0C020000000600000000000000000C0200000006182D4454FB2119400C050000000C030000000B0707756E6B6E6F776E110D06636F656467650CFFFFFFFF04FFFFFFFF0CFFFFFFFF0C050000000C050000000CFFFFFFFF0C040000000B0C0600000004000000000CFFFFFFFF110D
310
046C6F6F700CFFFFFFFF04FFFFFFFF0CFFFFFFFF0CFFFFFFFF0C050000000C08000000110E05706C616E650D07737572666163650CFFFFFFFF04FFFFFFFF0CFFFFFFFF134A6FC9BB34933D402408BA6A5C0F2F4000000000000000001400000000000000800000000000000000000000000000F03F14000000000000F0BF00
310
0000000000000000000000000000800B0B0B0B0B110D04666163650CFFFFFFFF04FFFFFFFF0CFFFFFFFF0CFFFFFFFF0C060000000C090000000CFFFFFFFF0C070000000B0A0B110D057368656C6C0CFFFFFFFF04FFFFFFFF0CFFFFFFFF0CFFFFFFFF0CFFFFFFFF0C080000000CFFFFFFFF0C0A000000110D046C756D700CFF
310
FFFFFF04FFFFFFFF0CFFFFFFFF0CFFFFFFFF0C090000000C00000000110E03456E640E026F660E0341534D0D0464617461
  0
ACDSRECORD
 90
        1
  2
AcDbDs::ID
280
    10
320
3F7
  2
ASM_Data
280
    15
 94
      811
310
414349532042696E61727946696C652855000000000000010000000C00000007214F70656E2044657369676E20416C6C69616E63652041434953204275696C646572070E41434953203231382E3030204E540718546875204A756E2032372031363A32383A3230203230323406000000000000F03F0648AFBC9AF2D77A3E06
310
BBBDD7D9DF7CDB3D0D04626F64790CFFFFFFFF04FFFFFFFF0CFFFFFFFF0C0A0000000CFFFFFFFF0CFFFFFFFF110D05706F696E740CFFFFFFFF04FFFFFFFF0CFFFFFFFF131C41857E01E03D402408BA6A5C0F2F400000000000000000110D067665727465780CFFFFFFFF04FFFFFFFF0CFFFFFFFF0C0400000004020000000C
310
01000000110E07656C6C697073650D0563757276650CFFFFFFFF04FFFFFFFF0CFFFFFFFF133358271D9BB93D402408BA6A5C0F2F4000000000000000001400000000000000000000000000000000000000000000F03F14B174F4AE3033C33F0000000000000000000000000000008006000000000000F03F0B0B110D046564
310
67650CFFFFFFFF04FFFFFFFF0CFFFFFFFF0C020000000600000000000000000C0200000006182D4454FB2119400C050000000C030000000B0707756E6B6E6F776E110D06636F656467650CFFFFFFFF04FFFFFFFF0CFFFFFFFF0C050000000C050000000CFFFFFFFF0C040000000B0C0600000004000000000CFFFFFFFF110D
310
046C6F6F700CFFFFFFFF04FFFFFFFF0CFFFFFFFF0CFFFFFFFF0C050000000C08000000110E05706C616E650D07737572666163650CFFFFFFFF04FFFFFFFF0CFFFFFFFF13BE6378EC67A63D402408BA6A5C0F2F4000000000000000001400000000000000800000000000000000000000000000F03F14000000000000F0BF00
310
0000000000000000000000000000800B0B0B0B0B110D04666163650CFFFFFFFF04FFFFFFFF0CFFFFFFFF0CFFFFFFFF0C060000000C090000000CFFFFFFFF0C070000000B0A0B110D057368656C6C0CFFFFFFFF04FFFFFFFF0CFFFFFFFF0CFFFFFFFF0CFFFFFFFF0C080000000CFFFFFFFF0C0A000000110D046C756D700CFF
310
FFFFFF04FFFFFFFF0CFFFFFFFF0CFFFFFFFF0C090000000C00000000110E03456E640E026F660E0341534D0D0464617461
  0
ACDSRECORD
 90
        1
  2
AcDbDs::ID
280
    10
320
3F9
  2
ASM_Data
280
    15
 94
      811
310
414349532042696E61727946696C652855000000000000010000000C00000007214F70656E2044657369676E20416C6C69616E63652041434953204275696C646572070E41434953203231382E3030204E540718546875204A756E2032372031363A32383A3230203230323406000000000000F03F0648AFBC9AF2D77A3E06
310
BBBDD7D9DF7CDB3D0D04626F64790CFFFFFFFF04FFFFFFFF0CFFFFFFFF0C0A0000000CFFFFFFFF0CFFFFFFFF110D05706F696E740CFFFFFFFF04FFFFFFFF0CFFFFFFFF13BFE1D3D667063D4070589E30F6A828400000000000000000110D067665727465780CFFFFFFFF04FFFFFFFF0CFFFFFFFF0C0400000004020000000C
310
01000000110E07656C6C697073650D0563757276650CFFFFFFFF04FFFFFFFF0CFFFFFFFF13EC0F18149BB93C4070589E30F6A8284000000000000000001400000000000000000000000000000000000000000000F03F14B174F4AE3033D33F0000000000000000000000000000008006000000000000F03F0B0B110D046564
310
67650CFFFFFFFF04FFFFFFFF0CFFFFFFFF0C020000000600000000000000000C0200000006182D4454FB2119400C050000000C030000000B0707756E6B6E6F776E110D06636F656467650CFFFFFFFF04FFFFFFFF0CFFFFFFFF0C050000000C050000000CFFFFFFFF0C040000000B0C0600000004000000000CFFFFFFFF110D
310
046C6F6F700CFFFFFFFF04FFFFFFFF0CFFFFFFFF0CFFFFFFFF0C050000000C08000000110E05706C616E650D07737572666163650CFFFFFFFF04FFFFFFFF0CFFFFFFFF130327BAB234933C4070589E30F6A8284000000000000000001400000000000000800000000000000000000000000000F03F14000000000000F0BF00
310
0000000000000000000000000000800B0B0B0B0B110D04666163650CFFFFFFFF04FFFFFFFF0CFFFFFFFF0CFFFFFFFF0C060000000C090000000CFFFFFFFF0C070000000B0A0B110D057368656C6C0CFFFFFFFF04FFFFFFFF0CFFFFFFFF0CFFFFFFFF0CFFFFFFFF0C080000000CFFFFFFFF0C0A000000110D046C756D700CFF
310
FFFFFF04FFFFFFFF0CFFFFFFFF0CFFFFFFFF0C090000000C00000000110E03456E640E026F660E0341534D0D0464617461
  0
ACDSRECORD
 90
        1
  2
AcDbDs::ID
280
    10
320
3FB
  2
ASM_Data
280
    15
 94
      811
310
414349532042696E61727946696C652855000000000000010000000C00000007214F70656E2044657369676E20416C6C69616E63652041434953204275696C646572070E41434953203231382E3030204E540718546875204A756E2032372031363A32383A3230203230323406000000000000F03F0648AFBC9AF2D77A3E06
310
BBBDD7D9DF7CDB3D0D04626F64790CFFFFFFFF04FFFFFFFF0CFFFFFFFF0C0A0000000CFFFFFFFF0CFFFFFFFF110D05706F696E740CFFFFFFFF04FFFFFFFF0CFFFFFFFF13D5F8757501E03C4070589E30F6A828400000000000000000110D067665727465780CFFFFFFFF04FFFFFFFF0CFFFFFFFF0C0400000004020000000C
310
01000000110E07656C6C697073650D0563757276650CFFFFFFFF04FFFFFFFF0CFFFFFFFF13EC0F18149BB93C4070589E30F6A8284000000000000000001400000000000000000000000000000000000000000000F03F14B174F4AE3033C33F0000000000000000000000000000008006000000000000F03F0B0B110D046564
310
67650CFFFFFFFF04FFFFFFFF0CFFFFFFFF0C020000000600000000000000000C0200000006182D4454FB2119400C050000000C030000000B0707756E6B6E6F776E110D06636F656467650CFFFFFFFF04FFFFFFFF0CFFFFFFFF0C050000000C050000000CFFFFFFFF0C040000000B0C0600000004000000000CFFFFFFFF110D
310
046C6F6F700CFFFFFFFF04FFFFFFFF0CFFFFFFFF0CFFFFFFFF0C050000000C08000000110E05706C616E650D07737572666163650CFFFFFFFF04FFFFFFFF0CFFFFFFFF13771B69E367A63C4070589E30F6A8284000000000000000001400000000000000800000000000000000000000000000F03F14000000000000F0BF00
310
0000000000000000000000000000800B0B0B0B0B110D04666163650CFFFFFFFF04FFFFFFFF0CFFFFFFFF0CFFFFFFFF0C060000000C090000000CFFFFFFFF0C070000000B0A0B110D057368656C6C0CFFFFFFFF04FFFFFFFF0CFFFFFFFF0CFFFFFFFF0CFFFFFFFF0C080000000CFFFFFFFF0C0A000000110D046C756D700CFF
310
FFFFFF04FFFFFFFF0CFFFFFFFF0CFFFFFFFF0C090000000C00000000110E03456E640E026F660E0341534D0D0464617461
  0
ACDSRECORD
 90
        1
  2
AcDbDs::ID
280
    10
320
3FD
  2
ASM_Data
280
    15
 94
      811
310
414349532042696E61727946696C652855000000000000010000000C00000007214F70656E2044657369676E20416C6C69616E63652041434953204275696C646572070E41434953203231382E3030204E540718546875204A756E2032372031363A32383A3230203230323406000000000000F03F0648AFBC9AF2D77A3E06
310
BBBDD7D9DF7CDB3D0D04626F64790CFFFFFFFF04FFFFFFFF0CFFFFFFFF0C0A0000000CFFFFFFFF0CFFFFFFFF110D05706F696E740CFFFFFFFF04FFFFFFFF0CFFFFFFFF13BFE1D3D667063D406EFEFC4A29DC26400000000000000000110D067665727465780CFFFFFFFF04FFFFFFFF0CFFFFFFFF0C0400000004020000000C
310
01000000110E07656C6C697073650D0563757276650CFFFFFFFF04FFFFFFFF0CFFFFFFFF13EC0F18149BB93C406EFEFC4A29DC264000000000000000001400000000000000000000000000000000000000000000F03F14B174F4AE3033D33F0000000000000000000000000000008006000000000000F03F0B0B110D046564
310
67650CFFFFFFFF04FFFFFFFF0CFFFFFFFF0C020000000600000000000000000C0200000006182D4454FB2119400C050000000C030000000B0707756E6B6E6F776E110D06636F656467650CFFFFFFFF04FFFFFFFF0CFFFFFFFF0C050000000C050000000CFFFFFFFF0C040000000B0C0600000004000000000CFFFFFFFF110D
310
046C6F6F700CFFFFFFFF04FFFFFFFF0CFFFFFFFF0CFFFFFFFF0C050000000C08000000110E05706C616E650D07737572666163650CFFFFFFFF04FFFFFFFF0CFFFFFFFF130327BAB234933C406EFEFC4A29DC264000000000000000001400000000000000800000000000000000000000000000F03F14000000000000F0BF00
310
0000000000000000000000000000800B0B0B0B0B110D04666163650CFFFFFFFF04FFFFFFFF0CFFFFFFFF0CFFFFFFFF0C060000000C090000000CFFFFFFFF0C070000000B0A0B110D057368656C6C0CFFFFFFFF04FFFFFFFF0CFFFFFFFF0CFFFFFFFF0CFFFFFFFF0C080000000CFFFFFFFF0C0A000000110D046C756D700CFF
310
FFFFFF04FFFFFFFF0CFFFFFFFF0CFFFFFFFF0C090000000C00000000110E03456E640E026F660E0341534D0D0464617461
  0
ACDSRECORD
 90
        1
  2
AcDbDs::ID
280
    10
320
3FF
  2
ASM_Data
280
    15
 94
      811
310
414349532042696E61727946696C652855000000000000010000000C00000007214F70656E2044657369676E20416C6C69616E63652041434953204275696C646572070E41434953203231382E3030204E540718546875204A756E2032372031363A32383A3230203230323406000000000000F03F0648AFBC9AF2D77A3E06
310
BBBDD7D9DF7CDB3D0D04626F64790CFFFFFFFF04FFFFFFFF0CFFFFFFFF0C0A0000000CFFFFFFFF0CFFFFFFFF110D05706F696E740CFFFFFFFF04FFFFFFFF0CFFFFFFFF13D5F8757501E03C406EFEFC4A29DC26400000000000000000110D067665727465780CFFFFFFFF04FFFFFFFF0CFFFFFFFF0C0400000004020000000C
310
01000000110E07656C6C697073650D0563757276650CFFFFFFFF04FFFFFFFF0CFFFFFFFF13EC0F18149BB93C406EFEFC4A29DC264000000000000000001400000000000000000000000000000000000000000000F03F14B174F4AE3033C33F0000000000000000000000000000008006000000000000F03F0B0B110D046564
310
67650CFFFFFFFF04FFFFFFFF0CFFFFFFFF0C020000000600000000000000000C0200000006182D4454FB2119400C050000000C030000000B0707756E6B6E6F776E110D06636F656467650CFFFFFFFF04FFFFFFFF0CFFFFFFFF0C050000000C050000000CFFFFFFFF0C040000000B0C0600000004000000000CFFFFFFFF110D
310
046C6F6F700CFFFFFFFF04FFFFFFFF0CFFFFFFFF0CFFFFFFFF0C050000000C08000000110E05706C616E650D07737572666163650CFFFFFFFF04FFFFFFFF0CFFFFFFFF13771B69E367A63C406EFEFC4A29DC264000000000000000001400000000000000800000000000000000000000000000F03F14000000000000F0BF00
310
0000000000000000000000000000800B0B0B0B0B110D04666163650CFFFFFFFF04FFFFFFFF0CFFFFFFFF0CFFFFFFFF0C060000000C090000000CFFFFFFFF0C070000000B0A0B110D057368656C6C0CFFFFFFFF04FFFFFFFF0CFFFFFFFF0CFFFFFFFF0CFFFFFFFF0C080000000CFFFFFFFF0C0A000000110D046C756D700CFF
310
FFFFFF04FFFFFFFF0CFFFFFFFF0CFFFFFFFF0C090000000C00000000110E03456E640E026F660E0341534D0D0464617461
  0
ACDSRECORD
 90
        1
  2
AcDbDs::ID
280
    10
320
401
  2
ASM_Data
280
    15
 94
      811
310
414349532042696E61727946696C652855000000000000010000000C00000007214F70656E2044657369676E20416C6C69616E63652041434953204275696C646572070E41434953203231382E3030204E540718546875204A756E2032372031363A32383A3230203230323406000000000000F03F0648AFBC9AF2D77A3E06
310
BBBDD7D9DF7CDB3D0D04626F64790CFFFFFFFF04FFFFFFFF0CFFFFFFFF0C0A0000000CFFFFFFFF0CFFFFFFFF110D05706F696E740CFFFFFFFF04FFFFFFFF0CFFFFFFFF137AF365B334D33D406EFEFC4A29DC26400000000000000000110D067665727465780CFFFFFFFF04FFFFFFFF0CFFFFFFFF0C0400000004020000000C
310
01000000110E07656C6C697073650D0563757276650CFFFFFFFF04FFFFFFFF0CFFFFFFFF13A721AAF067863D406EFEFC4A29DC264000000000000000001400000000000000000000000000000000000000000000F03F14B174F4AE3033D33F0000000000000000000000000000008006000000000000F03F0B0B110D046564
310
67650CFFFFFFFF04FFFFFFFF0CFFFFFFFF0C020000000600000000000000000C0200000006182D4454FB2119400C050000000C030000000B0707756E6B6E6F776E110D06636F656467650CFFFFFFFF04FFFFFFFF0CFFFFFFFF0C050000000C050000000CFFFFFFFF0C040000000B0C0600000004000000000CFFFFFFFF110D
310
046C6F6F700CFFFFFFFF04FFFFFFFF0CFFFFFFFF0CFFFFFFFF0C050000000C08000000110E05706C616E650D07737572666163650CFFFFFFFF04FFFFFFFF0CFFFFFFFF13BE384C8F01603D406EFEFC4A29DC264000000000000000001400000000000000800000000000000000000000000000F03F14000000000000F0BF00
310
0000000000000000000000000000800B0B0B0B0B110D04666163650CFFFFFFFF04FFFFFFFF0CFFFFFFFF0CFFFFFFFF0C060000000C090000000CFFFFFFFF0C070000000B0A0B110D057368656C6C0CFFFFFFFF04FFFFFFFF0CFFFFFFFF0CFFFFFFFF0CFFFFFFFF0C080000000CFFFFFFFF0C0A000000110D046C756D700CFF
310
FFFFFF04FFFFFFFF0CFFFFFFFF0CFFFFFFFF0C090000000C00000000110E03456E640E026F660E0341534D0D0464617461
  0
ACDSRECORD
 90
        1
  2
AcDbDs::ID
280
    10
320
403
  2
ASM_Data
280
    15
 94
      811
310
414349532042696E61727946696C652855000000000000010000000C00000007214F70656E2044657369676E20416C6C69616E63652041434953204275696C646572070E41434953203231382E3030204E540718546875204A756E2032372031363A32383A3230203230323406000000000000F03F0648AFBC9AF2D77A3E06
310
BBBDD7D9DF7CDB3D0D04626F64790CFFFFFFFF04FFFFFFFF0CFFFFFFFF0C0A0000000CFFFFFFFF0CFFFFFFFF110D05706F696E740CFFFFFFFF04FFFFFFFF0CFFFFFFFF13900A0852CEAC3D406EFEFC4A29DC26400000000000000000110D067665727465780CFFFFFFFF04FFFFFFFF0CFFFFFFFF0C0400000004020000000C
310
01000000110E07656C6C697073650D0563757276650CFFFFFFFF04FFFFFFFF0CFFFFFFFF13A721AAF067863D406EFEFC4A29DC264000000000000000001400000000000000000000000000000000000000000000F03F14B174F4AE3033C33F0000000000000000000000000000008006000000000000F03F0B0B110D046564
310
67650CFFFFFFFF04FFFFFFFF0CFFFFFFFF0C020000000600000000000000000C0200000006182D4454FB2119400C050000000C030000000B0707756E6B6E6F776E110D06636F656467650CFFFFFFFF04FFFFFFFF0CFFFFFFFF0C050000000C050000000CFFFFFFFF0C040000000B0C0600000004000000000CFFFFFFFF110D
310
046C6F6F700CFFFFFFFF04FFFFFFFF0CFFFFFFFF0CFFFFFFFF0C050000000C08000000110E05706C616E650D07737572666163650CFFFFFFFF04FFFFFFFF0CFFFFFFFF13322DFBBF34733D406EFEFC4A29DC264000000000000000001400000000000000800000000000000000000000000000F03F14000000000000F0BF00
310
0000000000000000000000000000800B0B0B0B0B110D04666163650CFFFFFFFF04FFFFFFFF0CFFFFFFFF0CFFFFFFFF0C060000000C090000000CFFFFFFFF0C070000000B0A0B110D057368656C6C0CFFFFFFFF04FFFFFFFF0CFFFFFFFF0CFFFFFFFF0CFFFFFFFF0C080000000CFFFFFFFF0C0A000000110D046C756D700CFF
310
FFFFFF04FFFFFFFF0CFFFFFFFF0CFFFFFFFF0C090000000C00000000110E03456E640E026F660E0341534D0D0464617461
  0
ACDSRECORD
 90
        1
  2
AcDbDs::ID
280
    10
320
405
  2
ASM_Data
280
    15
 94
      811
310
414349532042696E61727946696C652855000000000000010000000C00000007214F70656E2044657369676E20416C6C69616E63652041434953204275696C646572070E41434953203231382E3030204E540718546875204A756E2032372031363A32383A3230203230323406000000000000F03F0648AFBC9AF2D77A3E06
310
BBBDD7D9DF7CDB3D0D04626F64790CFFFFFFFF04FFFFFFFF0CFFFFFFFF0C0A0000000CFFFFFFFF0CFFFFFFFF110D05706F696E740CFFFFFFFF04FFFFFFFF0CFFFFFFFF13ABCD5A6501A03E406EFEFC4A29DC26400000000000000000110D067665727465780CFFFFFFFF04FFFFFFFF0CFFFFFFFF0C0400000004020000000C
310
01000000110E07656C6C697073650D0563757276650CFFFFFFFF04FFFFFFFF0CFFFFFFFF13D8FB9EA234533E406EFEFC4A29DC264000000000000000001400000000000000000000000000000000000000000000F03F14B174F4AE3033D33F0000000000000000000000000000008006000000000000F03F0B0B110D046564
310
67650CFFFFFFFF04FFFFFFFF0CFFFFFFFF0C020000000600000000000000000C0200000006182D4454FB2119400C050000000C030000000B0707756E6B6E6F776E110D06636F656467650CFFFFFFFF04FFFFFFFF0CFFFFFFFF0C050000000C050000000CFFFFFFFF0C040000000B0C0600000004000000000CFFFFFFFF110D
310
046C6F6F700CFFFFFFFF04FFFFFFFF0CFFFFFFFF0CFFFFFFFF0C050000000C08000000110E05706C616E650D07737572666163650CFFFFFFFF04FFFFFFFF0CFFFFFFFF13EF124141CE2C3E406EFEFC4A29DC264000000000000000001400000000000000800000000000000000000000000000F03F14000000000000F0BF00
310
0000000000000000000000000000800B0B0B0B0B110D04666163650CFFFFFFFF04FFFFFFFF0CFFFFFFFF0CFFFFFFFF0C060000000C090000000CFFFFFFFF0C070000000B0A0B110D057368656C6C0CFFFFFFFF04FFFFFFFF0CFFFFFFFF0CFFFFFFFF0CFFFFFFFF0C080000000CFFFFFFFF0C0A000000110D046C756D700CFF
310
FFFFFF04FFFFFFFF0CFFFFFFFF0CFFFFFFFF0C090000000C00000000110E03456E640E026F660E0341534D0D0464617461
  0
ACDSRECORD
 90
        1
  2
AcDbDs::ID
280
    10
320
407
  2
ASM_Data
280
    15
 94
      811
310
414349532042696E61727946696C652855000000000000010000000C00000007214F70656E2044657369676E20416C6C69616E63652041434953204275696C646572070E41434953203231382E3030204E540718546875204A756E2032372031363A32383A3230203230323406000000000000F03F0648AFBC9AF2D77A3E06
310
BBBDD7D9DF7CDB3D0D04626F64790CFFFFFFFF04FFFFFFFF0CFFFFFFFF0C0A0000000CFFFFFFFF0CFFFFFFFF110D05706F696E740CFFFFFFFF04FFFFFFFF0CFFFFFFFF13C1E4FC039B793E406EFEFC4A29DC26400000000000000000110D067665727465780CFFFFFFFF04FFFFFFFF0CFFFFFFFF0C0400000004020000000C
310
01000000110E07656C6C697073650D0563757276650CFFFFFFFF04FFFFFFFF0CFFFFFFFF13D8FB9EA234533E406EFEFC4A29DC264000000000000000001400000000000000000000000000000000000000000000F03F14B174F4AE3033C33F0000000000000000000000000000008006000000000000F03F0B0B110D046564
310
67650CFFFFFFFF04FFFFFFFF0CFFFFFFFF0C020000000600000000000000000C0200000006182D4454FB2119400C050000000C030000000B0707756E6B6E6F776E110D06636F656467650CFFFFFFFF04FFFFFFFF0CFFFFFFFF0C050000000C050000000CFFFFFFFF0C040000000B0C0600000004000000000CFFFFFFFF110D
310
046C6F6F700CFFFFFFFF04FFFFFFFF0CFFFFFFFF0CFFFFFFFF0C050000000C08000000110E05706C616E650D07737572666163650CFFFFFFFF04FFFFFFFF0CFFFFFFFF136307F07101403E406EFEFC4A29DC264000000000000000001400000000000000800000000000000000000000000000F03F14000000000000F0BF00
310
0000000000000000000000000000800B0B0B0B0B110D04666163650CFFFFFFFF04FFFFFFFF0CFFFFFFFF0CFFFFFFFF0C060000000C090000000CFFFFFFFF0C070000000B0A0B110D057368656C6C0CFFFFFFFF04FFFFFFFF0CFFFFFFFF0CFFFFFFFF0CFFFFFFFF0C080000000CFFFFFFFF0C0A000000110D046C756D700CFF
310
FFFFFF04FFFFFFFF0CFFFFFFFF0CFFFFFFFF0C090000000C00000000110E03456E640E026F660E0341534D0D0464617461
  0
ACDSRECORD
 90
        1
  2
AcDbDs::ID
280
    10
320
409
  2
ASM_Data
280
    15
 94
      811
310
414349532042696E61727946696C652855000000000000010000000C00000007214F70656E2044657369676E20416C6C69616E63652041434953204275696C646572070E41434953203231382E3030204E540718546875204A756E2032372031363A32383A3230203230323406000000000000F03F0648AFBC9AF2D77A3E06
310
BBBDD7D9DF7CDB3D0D04626F64790CFFFFFFFF04FFFFFFFF0CFFFFFFFF0C0A0000000CFFFFFFFF0CFFFFFFFF110D05706F696E740CFFFFFFFF04FFFFFFFF0CFFFFFFFF1360D99AE767863C406152BE98146E33400000000000000000110D067665727465780CFFFFFFFF04FFFFFFFF0CFFFFFFFF0C0400000004020000000C
310
01000000110E07656C6C697073650D0563757276650CFFFFFFFF04FFFFFFFF0CFFFFFFFF138D07DF249B393C406152BE98146E334000000000000000001400000000000000000000000000000000000000000000F03F14B174F4AE3033D33F0000000000000000000000000000008006000000000000F03F0B0B110D046564
310
67650CFFFFFFFF04FFFFFFFF0CFFFFFFFF0C020000000600000000000000000C0200000006182D4454FB2119400C050000000C030000000B0707756E6B6E6F776E110D06636F656467650CFFFFFFFF04FFFFFFFF0CFFFFFFFF0C050000000C050000000CFFFFFFFF0C040000000B0C0600000004000000000CFFFFFFFF110D
310
046C6F6F700CFFFFFFFF04FFFFFFFF0CFFFFFFFF0CFFFFFFFF0C050000000C08000000110E05706C616E650D07737572666163650CFFFFFFFF04FFFFFFFF0CFFFFFFFF13A41E81C334133C406152BE98146E334000000000000000001400000000000000800000000000000000000000000000F03F14000000000000F0BF00
310
0000000000000000000000000000800B0B0B0B0B110D04666163650CFFFFFFFF04FFFFFFFF0CFFFFFFFF0CFFFFFFFF0C060000000C090000000CFFFFFFFF0C070000000B0A0B110D057368656C6C0CFFFFFFFF04FFFFFFFF0CFFFFFFFF0CFFFFFFFF0CFFFFFFFF0C080000000CFFFFFFFF0C0A000000110D046C756D700CFF
310
FFFFFF04FFFFFFFF0CFFFFFFFF0CFFFFFFFF0C090000000C00000000110E03456E640E026F660E0341534D0D0464617461
  0
ACDSRECORD
 90
        1
  2
AcDbDs::ID
280
    10
320
40B
  2
ASM_Data
280
    15
 94
      811
310
414349532042696E61727946696C652855000000000000010000000C00000007214F70656E2044657369676E20416C6C69616E63652041434953204275696C646572070E41434953203231382E3030204E540718546875204A756E2032372031363A32383A3230203230323406000000000000F03F0648AFBC9AF2D77A3E06
310
BBBDD7D9DF7CDB3D0D04626F64790CFFFFFFFF04FFFFFFFF0CFFFFFFFF0C0A0000000CFFFFFFFF0CFFFFFFFF110D05706F696E740CFFFFFFFF04FFFFFFFF0CFFFFFFFF1376F03C8601603C406152BE98146E33400000000000000000110D067665727465780CFFFFFFFF04FFFFFFFF0CFFFFFFFF0C0400000004020000000C
310
01000000110E07656C6C697073650D0563757276650CFFFFFFFF04FFFFFFFF0CFFFFFFFF138D07DF249B393C406152BE98146E334000000000000000001400000000000000000000000000000000000000000000F03F14B174F4AE3033C33F0000000000000000000000000000008006000000000000F03F0B0B110D046564
310
67650CFFFFFFFF04FFFFFFFF0CFFFFFFFF0C020000000600000000000000000C0200000006182D4454FB2119400C050000000C030000000B0707756E6B6E6F776E110D06636F656467650CFFFFFFFF04FFFFFFFF0CFFFFFFFF0C050000000C050000000CFFFFFFFF0C040000000B0C0600000004000000000CFFFFFFFF110D
310
046C6F6F700CFFFFFFFF04FFFFFFFF0CFFFFFFFF0CFFFFFFFF0C050000000C08000000110E05706C616E650D07737572666163650CFFFFFFFF04FFFFFFFF0CFFFFFFFF13181330F467263C406152BE98146E334000000000000000001400000000000000800000000000000000000000000000F03F14000000000000F0BF00
310
0000000000000000000000000000800B0B0B0B0B110D04666163650CFFFFFFFF04FFFFFFFF0CFFFFFFFF0CFFFFFFFF0C060000000C090000000CFFFFFFFF0C070000000B0A0B110D057368656C6C0CFFFFFFFF04FFFFFFFF0CFFFFFFFF0CFFFFFFFF0CFFFFFFFF0C080000000CFFFFFFFF0C0A000000110D046C756D700CFF
310
FFFFFF04FFFFFFFF0CFFFFFFFF0CFFFFFFFF0C090000000C00000000110E03456E640E026F660E0341534D0D0464617461
  0
ACDSRECORD
 90
        1
  2
AcDbDs::ID
280
    10
320
40D
  2
ASM_Data
280
    15
 94
      811
310
414349532042696E61727946696C652855000000000000010000000C00000007214F70656E2044657369676E20416C6C69616E63652041434953204275696C646572070E41434953203231382E3030204E540718546875204A756E2032372031363A32383A3230203230323406000000000000F03F0648AFBC9AF2D77A3E06
310
BBBDD7D9DF7CDB3D0D04626F64790CFFFFFFFF04FFFFFFFF0CFFFFFFFF0C0A0000000CFFFFFFFF0CFFFFFFFF110D05706F696E740CFFFFFFFF04FFFFFFFF0CFFFFFFFF13AF32C7B0920C3C40F5F7CE3F2C2B34400000000000000000110D067665727465780CFFFFFFFF04FFFFFFFF0CFFFFFFFF0C0400000004020000000C
310
01000000110E07656C6C697073650D0563757276650CFFFFFFFF04FFFFFFFF0CFFFFFFFF13DC600BEEC5BF3B40F5F7CE3F2C2B344000000000000000001400000000000000000000000000000000000000000000F03F14B174F4AE3033D33F0000000000000000000000000000008006000000000000F03F0B0B110D046564
310
67650CFFFFFFFF04FFFFFFFF0CFFFFFFFF0C020000000600000000000000000C0200000006182D4454FB2119400C050000000C030000000B0707756E6B6E6F776E110D06636F656467650CFFFFFFFF04FFFFFFFF0CFFFFFFFF0C050000000C050000000CFFFFFFFF0C040000000B0C0600000004000000000CFFFFFFFF110D
310
046C6F6F700CFFFFFFFF04FFFFFFFF0CFFFFFFFF0CFFFFFFFF0C050000000C08000000110E05706C616E650D07737572666163650CFFFFFFFF04FFFFFFFF0CFFFFFFFF13F377AD8C5F993B40F5F7CE3F2C2B344000000000000000001400000000000000800000000000000000000000000000F03F14000000000000F0BF00
310
0000000000000000000000000000800B0B0B0B0B110D04666163650CFFFFFFFF04FFFFFFFF0CFFFFFFFF0CFFFFFFFF0C060000000C090000000CFFFFFFFF0C070000000B0A0B110D057368656C6C0CFFFFFFFF04FFFFFFFF0CFFFFFFFF0CFFFFFFFF0CFFFFFFFF0C080000000CFFFFFFFF0C0A000000110D046C756D700CFF
310
FFFFFF04FFFFFFFF0CFFFFFFFF0CFFFFFFFF0C090000000C00000000110E03456E640E026F660E0341534D0D0464617461
  0
ACDSRECORD
 90
        1
  2
AcDbDs::ID
280
    10
320
40F
  2
ASM_Data
280
    15
 94
      811
310
414349532042696E61727946696C652855000000000000010000000C00000007214F70656E2044657369676E20416C6C69616E63652041434953204275696C646572070E41434953203231382E3030204E540718546875204A756E2032372031363A32383A3230203230323406000000000000F03F0648AFBC9AF2D77A3E06
310
BBBDD7D9DF7CDB3D0D04626F64790CFFFFFFFF04FFFFFFFF0CFFFFFFFF0C0A0000000CFFFFFFFF0CFFFFFFFF110D05706F696E740CFFFFFFFF04FFFFFFFF0CFFFFFFFF13C549694F2CE63B40F5F7CE3F2C2B34400000000000000000110D067665727465780CFFFFFFFF04FFFFFFFF0CFFFFFFFF0C0400000004020000000C
310
01000000110E07656C6C697073650D0563757276650CFFFFFFFF04FFFFFFFF0CFFFFFFFF13DC600BEEC5BF3B40F5F7CE3F2C2B344000000000000000001400000000000000000000000000000000000000000000F03F14B174F4AE3033C33F0000000000000000000000000000008006000000000000F03F0B0B110D046564
310
67650CFFFFFFFF04FFFFFFFF0CFFFFFFFF0C020000000600000000000000000C0200000006182D4454FB2119400C050000000C030000000B0707756E6B6E6F776E110D06636F656467650CFFFFFFFF04FFFFFFFF0CFFFFFFFF0C050000000C050000000CFFFFFFFF0C040000000B0C0600000004000000000CFFFFFFFF110D
310
046C6F6F700CFFFFFFFF04FFFFFFFF0CFFFFFFFF0CFFFFFFFF0C050000000C08000000110E05706C616E650D07737572666163650CFFFFFFFF04FFFFFFFF0CFFFFFFFF13676C5CBD92AC3B40F5F7CE3F2C2B344000000000000000001400000000000000800000000000000000000000000000F03F14000000000000F0BF00
310
0000000000000000000000000000800B0B0B0B0B110D04666163650CFFFFFFFF04FFFFFFFF0CFFFFFFFF0CFFFFFFFF0C060000000C090000000CFFFFFFFF0C070000000B0A0B110D057368656C6C0CFFFFFFFF04FFFFFFFF0CFFFFFFFF0CFFFFFFFF0CFFFFFFFF0C080000000CFFFFFFFF0C0A000000110D046C756D700CFF
310
FFFFFF04FFFFFFFF0CFFFFFFFF0CFFFFFFFF0C090000000C00000000110E03456E640E026F660E0341534D0D0464617461
  0
ACDSRECORD
 90
        1
  2
AcDbDs::ID
280
    10
320
411
  2
ASM_Data
280
    15
 94
      811
310
414349532042696E61727946696C652855000000000000010000000C00000007214F70656E2044657369676E20416C6C69616E63652041434953204275696C646572070E41434953203231382E3030204E540718546875204A756E2032372031363A32383A3230203230323406000000000000F03F0648AFBC9AF2D77A3E06
310
BBBDD7D9DF7CDB3D0D04626F64790CFFFFFFFF04FFFFFFFF0CFFFFFFFF0C0A0000000CFFFFFFFF0CFFFFFFFF110D05706F696E740CFFFFFFFF04FFFFFFFF0CFFFFFFFF13D506C477A4AA3C404DFD30005CA434400000000000000000110D067665727465780CFFFFFFFF04FFFFFFFF0CFFFFFFFF0C0400000004020000000C
310
01000000110E07656C6C697073650D0563757276650CFFFFFFFF04FFFFFFFF0CFFFFFFFF13023508B5D75D3C404DFD30005CA4344000000000000000001400000000000000000000000000000000000000000000F03F14B174F4AE3033D33F0000000000000000000000000000008006000000000000F03F0B0B110D046564
310
67650CFFFFFFFF04FFFFFFFF0CFFFFFFFF0C020000000600000000000000000C0200000006182D4454FB2119400C050000000C030000000B0707756E6B6E6F776E110D06636F656467650CFFFFFFFF04FFFFFFFF0CFFFFFFFF0C050000000C050000000CFFFFFFFF0C040000000B0C0600000004000000000CFFFFFFFF110D
310
046C6F6F700CFFFFFFFF04FFFFFFFF0CFFFFFFFF0CFFFFFFFF0C050000000C08000000110E05706C616E650D07737572666163650CFFFFFFFF04FFFFFFFF0CFFFFFFFF13194CAA5371373C404DFD30005CA4344000000000000000001400000000000000800000000000000000000000000000F03F14000000000000F0BF00
310
0000000000000000000000000000800B0B0B0B0B110D04666163650CFFFFFFFF04FFFFFFFF0CFFFFFFFF0CFFFFFFFF0C060000000C090000000CFFFFFFFF0C070000000B0A0B110D057368656C6C0CFFFFFFFF04FFFFFFFF0CFFFFFFFF0CFFFFFFFF0CFFFFFFFF0C080000000CFFFFFFFF0C0A000000110D046C756D700CFF
310
FFFFFF04FFFFFFFF0CFFFFFFFF0CFFFFFFFF0C090000000C00000000110E03456E640E026F660E0341534D0D0464617461
  0
ACDSRECORD
 90
        1
  2
AcDbDs::ID
280
    10
320
413
  2
ASM_Data
280
    15
 94
      811
310
414349532042696E61727946696C652855000000000000010000000C00000007214F70656E2044657369676E20416C6C69616E63652041434953204275696C646572070E41434953203231382E3030204E540718546875204A756E2032372031363A32383A3230203230323406000000000000F03F0648AFBC9AF2D77A3E06
310
BBBDD7D9DF7CDB3D0D04626F64790CFFFFFFFF04FFFFFFFF0CFFFFFFFF0C0A0000000CFFFFFFFF0CFFFFFFFF110D05706F696E740CFFFFFFFF04FFFFFFFF0CFFFFFFFF13EB1D66163E843C404DFD30005CA434400000000000000000110D067665727465780CFFFFFFFF04FFFFFFFF0CFFFFFFFF0C0400000004020000000C
310
01000000110E07656C6C697073650D0563757276650CFFFFFFFF04FFFFFFFF0CFFFFFFFF13023508B5D75D3C404DFD30005CA4344000000000000000001400000000000000000000000000000000000000000000F03F14B174F4AE3033C33F0000000000000000000000000000008006000000000000F03F0B0B110D046564
310
67650CFFFFFFFF04FFFFFFFF0CFFFFFFFF0C020000000600000000000000000C0200000006182D4454FB2119400C050000000C030000000B0707756E6B6E6F776E110D06636F656467650CFFFFFFFF04FFFFFFFF0CFFFFFFFF0C050000000C050000000CFFFFFFFF0C040000000B0C0600000004000000000CFFFFFFFF110D
310
046C6F6F700CFFFFFFFF04FFFFFFFF0CFFFFFFFF0CFFFFFFFF0C050000000C08000000110E05706C616E650D07737572666163650CFFFFFFFF04FFFFFFFF0CFFFFFFFF138D405984A44A3C404DFD30005CA4344000000000000000001400000000000000800000000000000000000000000000F03F14000000000000F0BF00
310
0000000000000000000000000000800B0B0B0B0B110D04666163650CFFFFFFFF04FFFFFFFF0CFFFFFFFF0CFFFFFFFF0C060000000C090000000CFFFFFFFF0C070000000B0A0B110D057368656C6C0CFFFFFFFF04FFFFFFFF0CFFFFFFFF0CFFFFFFFF0CFFFFFFFF0C080000000CFFFFFFFF0C0A000000110D046C756D700CFF
310
FFFFFF04FFFFFFFF0CFFFFFFFF0CFFFFFFFF0C090000000C00000000110E03456E640E026F660E0341534D0D0464617461
  0
ACDSRECORD
 90
        1
  2
AcDbDs::ID
280
    10
320
415
  2
ASM_Data
280
    15
 94
      811
310
414349532042696E61727946696C652855000000000000010000000C00000007214F70656E2044657369676E20416C6C69616E63652041434953204275696C646572070E41434953203231382E3030204E540718546875204A756E2032372031363A32383A3230203230323406000000000000F03F0648AFBC9AF2D77A3E06
310
BBBDD7D9DF7CDB3D0D04626F64790CFFFFFFFF04FFFFFFFF0CFFFFFFFF0C0A0000000CFFFFFFFF0CFFFFFFFF110D05706F696E740CFFFFFFFF04FFFFFFFF0CFFFFFFFF136E39D18D34533740D0784396DCA302400000000000000000110D067665727465780CFFFFFFFF04FFFFFFFF0CFFFFFFFF0C0400000004020000000C
310
01000000110E07656C6C697073650D0563757276650CFFFFFFFF04FFFFFFFF0CFFFFFFFF139B6715CB67063740D0784396DCA3024000000000000000001400000000000000000000000000000000000000000000F03F14B174F4AE3033D33F0000000000000000000000000000008006000000000000F03F0B0B110D046564
310
67650CFFFFFFFF04FFFFFFFF0CFFFFFFFF0C020000000600000000000000000C0200000006182D4454FB2119400C050000000C030000000B0707756E6B6E6F776E110D06636F656467650CFFFFFFFF04FFFFFFFF0CFFFFFFFF0C050000000C050000000CFFFFFFFF0C040000000B0C0600000004000000000CFFFFFFFF110D
310
046C6F6F700CFFFFFFFF04FFFFFFFF0CFFFFFFFF0CFFFFFFFF0C050000000C08000000110E05706C616E650D07737572666163650CFFFFFFFF04FFFFFFFF0CFFFFFFFF13B27EB76901E03640D0784396DCA3024000000000000000001400000000000000800000000000000000000000000000F03F14000000000000F0BF00
310
0000000000000000000000000000800B0B0B0B0B110D04666163650CFFFFFFFF04FFFFFFFF0CFFFFFFFF0CFFFFFFFF0C060000000C090000000CFFFFFFFF0C070000000B0A0B110D057368656C6C0CFFFFFFFF04FFFFFFFF0CFFFFFFFF0CFFFFFFFF0CFFFFFFFF0C080000000CFFFFFFFF0C0A000000110D046C756D700CFF
310
FFFFFF04FFFFFFFF0CFFFFFFFF0CFFFFFFFF0C090000000C00000000110E03456E640E026F660E0341534D0D0464617461
  0
ACDSRECORD
 90
        1
  2
AcDbDs::ID
280
    10
320
417
  2
ASM_Data
280
    15
 94
      811
310
414349532042696E61727946696C652855000000000000010000000C00000007214F70656E2044657369676E20416C6C69616E63652041434953204275696C646572070E41434953203231382E3030204E540718546875204A756E2032372031363A32383A3230203230323406000000000000F03F0648AFBC9AF2D77A3E06
310
BBBDD7D9DF7CDB3D0D04626F64790CFFFFFFFF04FFFFFFFF0CFFFFFFFF0C0A0000000CFFFFFFFF0CFFFFFFFF110D05706F696E740CFFFFFFFF04FFFFFFFF0CFFFFFFFF138450732CCE2C3740D0784396DCA302400000000000000000110D067665727465780CFFFFFFFF04FFFFFFFF0CFFFFFFFF0C0400000004020000000C
310
01000000110E07656C6C697073650D0563757276650CFFFFFFFF04FFFFFFFF0CFFFFFFFF139B6715CB67063740D0784396DCA3024000000000000000001400000000000000000000000000000000000000000000F03F14B174F4AE3033C33F0000000000000000000000000000008006000000000000F03F0B0B110D046564
310
67650CFFFFFFFF04FFFFFFFF0CFFFFFFFF0C020000000600000000000000000C0200000006182D4454FB2119400C050000000C030000000B0707756E6B6E6F776E110D06636F656467650CFFFFFFFF04FFFFFFFF0CFFFFFFFF0C050000000C050000000CFFFFFFFF0C040000000B0C0600000004000000000CFFFFFFFF110D
310
046C6F6F700CFFFFFFFF04FFFFFFFF0CFFFFFFFF0CFFFFFFFF0C050000000C08000000110E05706C616E650D07737572666163650CFFFFFFFF04FFFFFFFF0CFFFFFFFF132673669A34F33640D0784396DCA3024000000000000000001400000000000000800000000000000000000000000000F03F14000000000000F0BF00
310
0000000000000000000000000000800B0B0B0B0B110D04666163650CFFFFFFFF04FFFFFFFF0CFFFFFFFF0CFFFFFFFF0C060000000C090000000CFFFFFFFF0C070000000B0A0B110D057368656C6C0CFFFFFFFF04FFFFFFFF0CFFFFFFFF0CFFFFFFFF0CFFFFFFFF0C080000000CFFFFFFFF0C0A000000110D046C756D700CFF
310
FFFFFF04FFFFFFFF0CFFFFFFFF0CFFFFFFFF0C090000000C00000000110E03456E640E026F660E0341534D0D0464617461
  0
ACDSRECORD
 90
        1
  2
AcDbDs::ID
280
    10
320
419
  2
ASM_Data
280
    15
 94
      811
310
414349532042696E61727946696C652855000000000000010000000C00000007214F70656E2044657369676E20416C6C69616E63652041434953204275696C646572070E41434953203231382E3030204E540718546875204A756E2032372031363A32383A3230203230323406000000000000F03F0648AFBC9AF2D77A3E06
310
BBBDD7D9DF7CDB3D0D04626F64790CFFFFFFFF04FFFFFFFF0CFFFFFFFF0C0A0000000CFFFFFFFF0CFFFFFFFF110D05706F696E740CFFFFFFFF04FFFFFFFF0CFFFFFFFF13940D317F01203F407124A7E1218510400000000000000000110D067665727465780CFFFFFFFF04FFFFFFFF0CFFFFFFFF0C0400000004020000000C
310
01000000110E07656C6C697073650D0563757276650CFFFFFFFF04FFFFFFFF0CFFFFFFFF13C13B75BC34D33E407124A7E12185104000000000000000001400000000000000000000000000000000000000000000F03F14B174F4AE3033D33F0000000000000000000000000000008006000000000000F03F0B0B110D046564
310
67650CFFFFFFFF04FFFFFFFF0CFFFFFFFF0C020000000600000000000000000C0200000006182D4454FB2119400C050000000C030000000B0707756E6B6E6F776E110D06636F656467650CFFFFFFFF04FFFFFFFF0CFFFFFFFF0C050000000C050000000CFFFFFFFF0C040000000B0C0600000004000000000CFFFFFFFF110D
310
046C6F6F700CFFFFFFFF04FFFFFFFF0CFFFFFFFF0CFFFFFFFF0C050000000C08000000110E05706C616E650D07737572666163650CFFFFFFFF04FFFFFFFF0CFFFFFFFF13D852175BCEAC3E407124A7E12185104000000000000000001400000000000000800000000000000000000000000000F03F14000000000000F0BF00
310
0000000000000000000000000000800B0B0B0B0B110D04666163650CFFFFFFFF04FFFFFFFF0CFFFFFFFF0CFFFFFFFF0C060000000C090000000CFFFFFFFF0C070000000B0A0B110D057368656C6C0CFFFFFFFF04FFFFFFFF0CFFFFFFFF0CFFFFFFFF0CFFFFFFFF0C080000000CFFFFFFFF0C0A000000110D046C756D700CFF
310
FFFFFF04FFFFFFFF0CFFFFFFFF0CFFFFFFFF0C090000000C00000000110E03456E640E026F660E0341534D0D0464617461
  0
ACDSRECORD
 90
        1
  2
AcDbDs::ID
280
    10
320
41B
  2
ASM_Data
280
    15
 94
      811
310
414349532042696E61727946696C652855000000000000010000000C00000007214F70656E2044657369676E20416C6C69616E63652041434953204275696C646572070E41434953203231382E3030204E540718546875204A756E2032372031363A32383A3230203230323406000000000000F03F0648AFBC9AF2D77A3E06
310
BBBDD7D9DF7CDB3D0D04626F64790CFFFFFFFF04FFFFFFFF0CFFFFFFFF0C0A0000000CFFFFFFFF0CFFFFFFFF110D05706F696E740CFFFFFFFF04FFFFFFFF0CFFFFFFFF13AA24D31D9BF93E407124A7E1218510400000000000000000110D067665727465780CFFFFFFFF04FFFFFFFF0CFFFFFFFF0C0400000004020000000C
310
01000000110E07656C6C697073650D0563757276650CFFFFFFFF04FFFFFFFF0CFFFFFFFF13C13B75BC34D33E407124A7E12185104000000000000000001400000000000000000000000000000000000000000000F03F14B174F4AE3033C33F0000000000000000000000000000008006000000000000F03F0B0B110D046564
310
67650CFFFFFFFF04FFFFFFFF0CFFFFFFFF0C020000000600000000000000000C0200000006182D4454FB2119400C050000000C030000000B0707756E6B6E6F776E110D06636F656467650CFFFFFFFF04FFFFFFFF0CFFFFFFFF0C050000000C050000000CFFFFFFFF0C040000000B0C0600000004000000000CFFFFFFFF110D
310
046C6F6F700CFFFFFFFF04FFFFFFFF0CFFFFFFFF0CFFFFFFFF0C050000000C08000000110E05706C616E650D07737572666163650CFFFFFFFF04FFFFFFFF0CFFFFFFFF134C47C68B01C03E407124A7E12185104000000000000000001400000000000000800000000000000000000000000000F03F14000000000000F0BF00
310
0000000000000000000000000000800B0B0B0B0B110D04666163650CFFFFFFFF04FFFFFFFF0CFFFFFFFF0CFFFFFFFF0C060000000C090000000CFFFFFFFF0C070000000B0A0B110D057368656C6C0CFFFFFFFF04FFFFFFFF0CFFFFFFFF0CFFFFFFFF0CFFFFFFFF0C080000000CFFFFFFFF0C0A000000110D046C756D700CFF
310
FFFFFF04FFFFFFFF0CFFFFFFFF0CFFFFFFFF0C090000000C00000000110E03456E640E026F660E0341534D0D0464617461
  0
ACDSRECORD
 90
        1
  2
AcDbDs::ID
280
    10
320
41D
  2
ASM_Data
280
    15
 94
      811
310
414349532042696E61727946696C652855000000000000010000000C00000007214F70656E2044657369676E20416C6C69616E63652041434953204275696C646572070E41434953203231382E3030204E540718546875204A756E2032372031363A32383A3230203230323406000000000000F03F0648AFBC9AF2D77A3E06
310
BBBDD7D9DF7CDB3D0D04626F64790CFFFFFFFF04FFFFFFFF0CFFFFFFFF0C0A0000000CFFFFFFFF0CFFFFFFFF110D05706F696E740CFFFFFFFF04FFFFFFFF0CFFFFFFFF13251839D1CF0C2D400FBADFFCE1BA32400000000000000000110D067665727465780CFFFFFFFF04FFFFFFFF0CFFFFFFFF0C0400000004020000000C
310
01000000110E07656C6C697073650D0563757276650CFFFFFFFF04FFFFFFFF0CFFFFFFFF137F74C14B36732C400FBADFFCE1BA324000000000000000001400000000000000000000000000000000000000000000F03F14B174F4AE3033D33F0000000000000000000000000000008006000000000000F03F0B0B110D046564
310
67650CFFFFFFFF04FFFFFFFF0CFFFFFFFF0C020000000600000000000000000C0200000006182D4454FB2119400C050000000C030000000B0707756E6B6E6F776E110D06636F656467650CFFFFFFFF04FFFFFFFF0CFFFFFFFF0C050000000C050000000CFFFFFFFF0C040000000B0C0600000004000000000CFFFFFFFF110D
310
046C6F6F700CFFFFFFFF04FFFFFFFF0CFFFFFFFF0CFFFFFFFF0C050000000C08000000110E05706C616E650D07737572666163650CFFFFFFFF04FFFFFFFF0CFFFFFFFF13ACA2058969262C400FBADFFCE1BA324000000000000000001400000000000000800000000000000000000000000000F03F14000000000000F0BF00
310
0000000000000000000000000000800B0B0B0B0B110D04666163650CFFFFFFFF04FFFFFFFF0CFFFFFFFF0CFFFFFFFF0C060000000C090000000CFFFFFFFF0C070000000B0A0B110D057368656C6C0CFFFFFFFF04FFFFFFFF0CFFFFFFFF0CFFFFFFFF0CFFFFFFFF0C080000000CFFFFFFFF0C0A000000110D046C756D700CFF
310
FFFFFF04FFFFFFFF0CFFFFFFFF0CFFFFFFFF0C090000000C00000000110E03456E640E026F660E0341534D0D0464617461
  0
ACDSRECORD
 90
        1
  2
AcDbDs::ID
280
    10
320
41F
  2
ASM_Data
280
    15
 94
      811
310
414349532042696E61727946696C652855000000000000010000000C00000007214F70656E2044657369676E20416C6C69616E63652041434953204275696C646572070E41434953203231382E3030204E540718546875204A756E2032372031363A32383A3230203230323406000000000000F03F0648AFBC9AF2D77A3E06
310
BBBDD7D9DF7CDB3D0D04626F64790CFFFFFFFF04FFFFFFFF0CFFFFFFFF0C0A0000000CFFFFFFFF0CFFFFFFFF110D05706F696E740CFFFFFFFF04FFFFFFFF0CFFFFFFFF1352467D0E03C02C400FBADFFCE1BA32400000000000000000110D067665727465780CFFFFFFFF04FFFFFFFF0CFFFFFFFF0C0400000004020000000C
310
01000000110E07656C6C697073650D0563757276650CFFFFFFFF04FFFFFFFF0CFFFFFFFF137F74C14B36732C400FBADFFCE1BA324000000000000000001400000000000000000000000000000000000000000000F03F14B174F4AE3033C33F0000000000000000000000000000008006000000000000F03F0B0B110D046564
310
67650CFFFFFFFF04FFFFFFFF0CFFFFFFFF0C020000000600000000000000000C0200000006182D4454FB2119400C050000000C030000000B0707756E6B6E6F776E110D06636F656467650CFFFFFFFF04FFFFFFFF0CFFFFFFFF0C050000000C050000000CFFFFFFFF0C040000000B0C0600000004000000000CFFFFFFFF110D
310
046C6F6F700CFFFFFFFF04FFFFFFFF0CFFFFFFFF0CFFFFFFFF0C050000000C08000000110E05706C616E650D07737572666163650CFFFFFFFF04FFFFFFFF0CFFFFFFFF13968B63EACF4C2C400FBADFFCE1BA324000000000000000001400000000000000800000000000000000000000000000F03F14000000000000F0BF00
310
0000000000000000000000000000800B0B0B0B0B110D04666163650CFFFFFFFF04FFFFFFFF0CFFFFFFFF0CFFFFFFFF0C060000000C090000000CFFFFFFFF0C070000000B0A0B110D057368656C6C0CFFFFFFFF04FFFFFFFF0CFFFFFFFF0CFFFFFFFF0CFFFFFFFF0C080000000CFFFFFFFF0C0A000000110D046C756D700CFF
310
FFFFFF04FFFFFFFF0CFFFFFFFF0CFFFFFFFF0C090000000C00000000110E03456E640E026F660E0341534D0D0464617461
  0
ACDSRECORD
 90
        1
  2
AcDbDs::ID
280
    10
320
421
  2
ASM_Data
280
    15
 94
      811
310
414349532042696E61727946696C652855000000000000010000000C00000007214F70656E2044657369676E20416C6C69616E63652041434953204275696C646572070E41434953203231382E3030204E540718546875204A756E2032372031363A32383A3230203230323406000000000000F03F0648AFBC9AF2D77A3E06
310
BBBDD7D9DF7CDB3D0D04626F64790CFFFFFFFF04FFFFFFFF0CFFFFFFFF0C0A0000000CFFFFFFFF0CFFFFFFFF110D05706F696E740CFFFFFFFF04FFFFFFFF0CFFFFFFFF1313A9FE7BCF0C2D40CACB71D9AE8733400000000000000000110D067665727465780CFFFFFFFF04FFFFFFFF0CFFFFFFFF0C0400000004020000000C
310
01000000110E07656C6C697073650D0563757276650CFFFFFFFF04FFFFFFFF0CFFFFFFFF136D0587F635732C40CACB71D9AE87334000000000000000001400000000000000000000000000000000000000000000F03F14B174F4AE3033D33F0000000000000000000000000000008006000000000000F03F0B0B110D046564
310
67650CFFFFFFFF04FFFFFFFF0CFFFFFFFF0C020000000600000000000000000C0200000006182D4454FB2119400C050000000C030000000B0707756E6B6E6F776E110D06636F656467650CFFFFFFFF04FFFFFFFF0CFFFFFFFF0C050000000C050000000CFFFFFFFF0C040000000B0C0600000004000000000CFFFFFFFF110D
310
046C6F6F700CFFFFFFFF04FFFFFFFF0CFFFFFFFF0CFFFFFFFF0C050000000C08000000110E05706C616E650D07737572666163650CFFFFFFFF04FFFFFFFF0CFFFFFFFF139A33CB3369262C40CACB71D9AE87334000000000000000001400000000000000800000000000000000000000000000F03F14000000000000F0BF00
310
0000000000000000000000000000800B0B0B0B0B110D04666163650CFFFFFFFF04FFFFFFFF0CFFFFFFFF0CFFFFFFFF0C060000000C090000000CFFFFFFFF0C070000000B0A0B110D057368656C6C0CFFFFFFFF04FFFFFFFF0CFFFFFFFF0CFFFFFFFF0CFFFFFFFF0C080000000CFFFFFFFF0C0A000000110D046C756D700CFF
310
FFFFFF04FFFFFFFF0CFFFFFFFF0CFFFFFFFF0C090000000C00000000110E03456E640E026F660E0341534D0D0464617461
  0
ACDSRECORD
 90
        1
  2
AcDbDs::ID
280
    10
320
423
  2
ASM_Data
280
    15
 94
      811
310
414349532042696E61727946696C652855000000000000010000000C00000007214F70656E2044657369676E20416C6C69616E63652041434953204275696C646572070E41434953203231382E3030204E540718546875204A756E2032372031363A32383A3230203230323406000000000000F03F0648AFBC9AF2D77A3E06
310
BBBDD7D9DF7CDB3D0D04626F64790CFFFFFFFF04FFFFFFFF0CFFFFFFFF0C0A0000000CFFFFFFFF0CFFFFFFFF110D05706F696E740CFFFFFFFF04FFFFFFFF0CFFFFFFFF1340D742B902C02C40CACB71D9AE8733400000000000000000110D067665727465780CFFFFFFFF04FFFFFFFF0CFFFFFFFF0C0400000004020000000C
310
01000000110E07656C6C697073650D0563757276650CFFFFFFFF04FFFFFFFF0CFFFFFFFF136D0587F635732C40CACB71D9AE87334000000000000000001400000000000000000000000000000000000000000000F03F14B174F4AE3033C33F0000000000000000000000000000008006000000000000F03F0B0B110D046564
310
67650CFFFFFFFF04FFFFFFFF0CFFFFFFFF0C020000000600000000000000000C0200000006182D4454FB2119400C050000000C030000000B0707756E6B6E6F776E110D06636F656467650CFFFFFFFF04FFFFFFFF0CFFFFFFFF0C050000000C050000000CFFFFFFFF0C040000000B0C0600000004000000000CFFFFFFFF110D
310
046C6F6F700CFFFFFFFF04FFFFFFFF0CFFFFFFFF0CFFFFFFFF0C050000000C08000000110E05706C616E650D07737572666163650CFFFFFFFF04FFFFFFFF0CFFFFFFFF13841C2995CF4C2C40CACB71D9AE87334000000000000000001400000000000000800000000000000000000000000000F03F14000000000000F0BF00
310
0000000000000000000000000000800B0B0B0B0B110D04666163650CFFFFFFFF04FFFFFFFF0CFFFFFFFF0CFFFFFFFF0C060000000C090000000CFFFFFFFF0C070000000B0A0B110D057368656C6C0CFFFFFFFF04FFFFFFFF0CFFFFFFFF0CFFFFFFFF0CFFFFFFFF0C080000000CFFFFFFFF0C0A000000110D046C756D700CFF
310
FFFFFF04FFFFFFFF0CFFFFFFFF0CFFFFFFFF0C090000000C00000000110E03456E640E026F660E0341534D0D0464617461
  0
ACDSRECORD
 90
        1
  2
AcDbDs::ID
280
    10
320
425
  2
ASM_Data
280
    15
 94
      811
310
414349532042696E61727946696C652855000000000000010000000C00000007214F70656E2044657369676E20416C6C69616E63652041434953204275696C646572070E41434953203231382E3030204E540718546875204A756E2032372031363A32383A3230203230323406000000000000F03F0648AFBC9AF2D77A3E06
310
BBBDD7D9DF7CDB3D0D04626F64790CFFFFFFFF04FFFFFFFF0CFFFFFFFF0C0A0000000CFFFFFFFF0CFFFFFFFF110D05706F696E740CFFFFFFFF04FFFFFFFF0CFFFFFFFF134C19B467012033400FBADFFCE1BA32400000000000000000110D067665727465780CFFFFFFFF04FFFFFFFF0CFFFFFFFF0C0400000004020000000C
310
01000000110E07656C6C697073650D0563757276650CFFFFFFFF04FFFFFFFF0CFFFFFFFF137947F8A434D332400FBADFFCE1BA324000000000000000001400000000000000000000000000000000000000000000F03F14B174F4AE3033D33F0000000000000000000000000000008006000000000000F03F0B0B110D046564
310
67650CFFFFFFFF04FFFFFFFF0CFFFFFFFF0C020000000600000000000000000C0200000006182D4454FB2119400C050000000C030000000B0707756E6B6E6F776E110D06636F656467650CFFFFFFFF04FFFFFFFF0CFFFFFFFF0C050000000C050000000CFFFFFFFF0C040000000B0C0600000004000000000CFFFFFFFF110D
310
046C6F6F700CFFFFFFFF04FFFFFFFF0CFFFFFFFF0CFFFFFFFF0C050000000C08000000110E05706C616E650D07737572666163650CFFFFFFFF04FFFFFFFF0CFFFFFFFF13905E9A43CEAC32400FBADFFCE1BA324000000000000000001400000000000000800000000000000000000000000000F03F14000000000000F0BF00
310
0000000000000000000000000000800B0B0B0B0B110D04666163650CFFFFFFFF04FFFFFFFF0CFFFFFFFF0CFFFFFFFF0C060000000C090000000CFFFFFFFF0C070000000B0A0B110D057368656C6C0CFFFFFFFF04FFFFFFFF0CFFFFFFFF0CFFFFFFFF0CFFFFFFFF0C080000000CFFFFFFFF0C0A000000110D046C756D700CFF
310
FFFFFF04FFFFFFFF0CFFFFFFFF0CFFFFFFFF0C090000000C00000000110E03456E640E026F660E0341534D0D0464617461
  0
ACDSRECORD
 90
        1
  2
AcDbDs::ID
280
    10
320
427
  2
ASM_Data
280
    15
 94
      811
310
414349532042696E61727946696C652855000000000000010000000C00000007214F70656E2044657369676E20416C6C69616E63652041434953204275696C646572070E41434953203231382E3030204E540718546875204A756E2032372031363A32383A3230203230323406000000000000F03F0648AFBC9AF2D77A3E06
310
BBBDD7D9DF7CDB3D0D04626F64790CFFFFFFFF04FFFFFFFF0CFFFFFFFF0C0A0000000CFFFFFFFF0CFFFFFFFF110D05706F696E740CFFFFFFFF04FFFFFFFF0CFFFFFFFF13623056069BF932400FBADFFCE1BA32400000000000000000110D067665727465780CFFFFFFFF04FFFFFFFF0CFFFFFFFF0C0400000004020000000C
310
01000000110E07656C6C697073650D0563757276650CFFFFFFFF04FFFFFFFF0CFFFFFFFF137947F8A434D332400FBADFFCE1BA324000000000000000001400000000000000000000000000000000000000000000F03F14B174F4AE3033C33F0000000000000000000000000000008006000000000000F03F0B0B110D046564
310
67650CFFFFFFFF04FFFFFFFF0CFFFFFFFF0C020000000600000000000000000C0200000006182D4454FB2119400C050000000C030000000B0707756E6B6E6F776E110D06636F656467650CFFFFFFFF04FFFFFFFF0CFFFFFFFF0C050000000C050000000CFFFFFFFF0C040000000B0C0600000004000000000CFFFFFFFF110D
310
046C6F6F700CFFFFFFFF04FFFFFFFF0CFFFFFFFF0CFFFFFFFF0C050000000C08000000110E05706C616E650D07737572666163650CFFFFFFFF04FFFFFFFF0CFFFFFFFF130453497401C032400FBADFFCE1BA324000000000000000001400000000000000800000000000000000000000000000F03F14000000000000F0BF00
310
0000000000000000000000000000800B0B0B0B0B110D04666163650CFFFFFFFF04FFFFFFFF0CFFFFFFFF0CFFFFFFFF0C060000000C090000000CFFFFFFFF0C070000000B0A0B110D057368656C6C0CFFFFFFFF04FFFFFFFF0CFFFFFFFF0CFFFFFFFF0CFFFFFFFF0C080000000CFFFFFFFF0C0A000000110D046C756D700CFF
310
FFFFFF04FFFFFFFF0CFFFFFFFF0CFFFFFFFF0C090000000C00000000110E03456E640E026F660E0341534D0D0464617461
  0
ACDSRECORD
 90
        1
  2
AcDbDs::ID
280
    10
320
429
  2
ASM_Data
280
    15
 94
      811
310
414349532042696E61727946696C652855000000000000010000000C00000007214F70656E2044657369676E20416C6C69616E63652041434953204275696C646572070E41434953203231382E3030204E540718546875204A756E2032372031363A32383A3230203230323406000000000000F03F0648AFBC9AF2D77A3E06
310
BBBDD7D9DF7CDB3D0D04626F64790CFFFFFFFF04FFFFFFFF0CFFFFFFFF0C0A0000000CFFFFFFFF0CFFFFFFFF110D05706F696E740CFFFFFFFF04FFFFFFFF0CFFFFFFFF13CD546739F9FC404033D61FDDDF572F400000000000000000110D067665727465780CFFFFFFFF04FFFFFFFF0CFFFFFFFF0C0400000004020000000C
310
01000000110E07656C6C697073650D0563757276650CFFFFFFFF04FFFFFFFF0CFFFFFFFF13E46B09D892D6404033D61FDDDF572F4000000000000000001400000000000000000000000000000000000000000000F03F14B174F4AE3033D33F0000000000000000000000000000008006000000000000F03F0B0B110D046564
310
67650CFFFFFFFF04FFFFFFFF0CFFFFFFFF0C020000000600000000000000000C0200000006182D4454FB2119400C050000000C030000000B0707756E6B6E6F776E110D06636F656467650CFFFFFFFF04FFFFFFFF0CFFFFFFFF0C050000000C050000000CFFFFFFFF0C040000000B0C0600000004000000000CFFFFFFFF110D
310
046C6F6F700CFFFFFFFF04FFFFFFFF0CFFFFFFFF0CFFFFFFFF0C050000000C08000000110E05706C616E650D07737572666163650CFFFFFFFF04FFFFFFFF0CFFFFFFFF136F775AA75FC3404033D61FDDDF572F4000000000000000001400000000000000800000000000000000000000000000F03F14000000000000F0BF00
310
0000000000000000000000000000800B0B0B0B0B110D04666163650CFFFFFFFF04FFFFFFFF0CFFFFFFFF0CFFFFFFFF0C060000000C090000000CFFFFFFFF0C070000000B0A0B110D057368656C6C0CFFFFFFFF04FFFFFFFF0CFFFFFFFF0CFFFFFFFF0CFFFFFFFF0C080000000CFFFFFFFF0C0A000000110D046C756D700CFF
310
FFFFFF04FFFFFFFF0CFFFFFFFF0CFFFFFFFF0C090000000C00000000110E03456E640E026F660E0341534D0D0464617461
  0
ACDSRECORD
 90
        1
  2
AcDbDs::ID
280
    10
320
42B
  2
ASM_Data
280
    15
 94
      811
310
414349532042696E61727946696C652855000000000000010000000C00000007214F70656E2044657369676E20416C6C69616E63652041434953204275696C646572070E41434953203231382E3030204E540718546875204A756E2032372031363A32383A3230203230323406000000000000F03F0648AFBC9AF2D77A3E06
310
BBBDD7D9DF7CDB3D0D04626F64790CFFFFFFFF04FFFFFFFF0CFFFFFFFF0C0A0000000CFFFFFFFF0CFFFFFFFF110D05706F696E740CFFFFFFFF04FFFFFFFF0CFFFFFFFF135960B808C6E9404033D61FDDDF572F400000000000000000110D067665727465780CFFFFFFFF04FFFFFFFF0CFFFFFFFF0C0400000004020000000C
310
01000000110E07656C6C697073650D0563757276650CFFFFFFFF04FFFFFFFF0CFFFFFFFF13E46B09D892D6404033D61FDDDF572F4000000000000000001400000000000000000000000000000000000000000000F03F14B174F4AE3033C33F0000000000000000000000000000008006000000000000F03F0B0B110D046564
310
67650CFFFFFFFF04FFFFFFFF0CFFFFFFFF0C020000000600000000000000000C0200000006182D4454FB2119400C050000000C030000000B0707756E6B6E6F776E110D06636F656467650CFFFFFFFF04FFFFFFFF0CFFFFFFFF0C050000000C050000000CFFFFFFFF0C040000000B0C0600000004000000000CFFFFFFFF110D
310
046C6F6F700CFFFFFFFF04FFFFFFFF0CFFFFFFFF0CFFFFFFFF0C050000000C08000000110E05706C616E650D07737572666163650CFFFFFFFF04FFFFFFFF0CFFFFFFFF13AAF1B13FF9CC404033D61FDDDF572F4000000000000000001400000000000000800000000000000000000000000000F03F14000000000000F0BF00
310
0000000000000000000000000000800B0B0B0B0B110D04666163650CFFFFFFFF04FFFFFFFF0CFFFFFFFF0CFFFFFFFF0C060000000C090000000CFFFFFFFF0C070000000B0A0B110D057368656C6C0CFFFFFFFF04FFFFFFFF0CFFFFFFFF0CFFFFFFFF0CFFFFFFFF0C080000000CFFFFFFFF0C0A000000110D046C756D700CFF
310
FFFFFF04FFFFFFFF0CFFFFFFFF0CFFFFFFFF0C090000000C00000000110E03456E640E026F660E0341534D0D0464617461
  0
ACDSRECORD
 90
        1
  2
AcDbDs::ID
280
    10
320
42D
  2
ASM_Data
280
    15
 94
      811
310
414349532042696E61727946696C652855000000000000010000000C00000007214F70656E2044657369676E20416C6C69616E63652041434953204275696C646572070E41434953203231382E3030204E540718546875204A756E2032372031363A32383A3230203230323406000000000000F03F0648AFBC9AF2D77A3E06
310
BBBDD7D9DF7CDB3D0D04626F64790CFFFFFFFF04FFFFFFFF0CFFFFFFFF0C0A0000000CFFFFFFFF0CFFFFFFFF110D05706F696E740CFFFFFFFF04FFFFFFFF0CFFFFFFFF139BD9953367A64240C7723BC990C22D400000000000000000110D067665727465780CFFFFFFFF04FFFFFFFF0CFFFFFFFF0C0400000004020000000C
310
01000000110E07656C6C697073650D0563757276650CFFFFFFFF04FFFFFFFF0CFFFFFFFF13B2F037D200804240C7723BC990C22D4000000000000000001400000000000000000000000000000000000000000000F03F14B174F4AE3033D33F0000000000000000000000000000008006000000000000F03F0B0B110D046564
310
67650CFFFFFFFF04FFFFFFFF0CFFFFFFFF0C020000000600000000000000000C0200000006182D4454FB2119400C050000000C030000000B0707756E6B6E6F776E110D06636F656467650CFFFFFFFF04FFFFFFFF0CFFFFFFFF0C050000000C050000000CFFFFFFFF0C040000000B0C0600000004000000000CFFFFFFFF110D
310
046C6F6F700CFFFFFFFF04FFFFFFFF0CFFFFFFFF0CFFFFFFFF0C050000000C08000000110E05706C616E650D07737572666163650CFFFFFFFF04FFFFFFFF0CFFFFFFFF133DFC88A1CD6C4240C7723BC990C22D4000000000000000001400000000000000800000000000000000000000000000F03F14000000000000F0BF00
310
0000000000000000000000000000800B0B0B0B0B110D04666163650CFFFFFFFF04FFFFFFFF0CFFFFFFFF0CFFFFFFFF0C060000000C090000000CFFFFFFFF0C070000000B0A0B110D057368656C6C0CFFFFFFFF04FFFFFFFF0CFFFFFFFF0CFFFFFFFF0CFFFFFFFF0C080000000CFFFFFFFF0C0A000000110D046C756D700CFF
310
FFFFFF04FFFFFFFF0CFFFFFFFF0CFFFFFFFF0C090000000C00000000110E03456E640E026F660E0341534D0D0464617461
  0
ACDSRECORD
 90
        1
  2
AcDbDs::ID
280
    10
320
42F
  2
ASM_Data
280
    15
 94
      811
310
414349532042696E61727946696C652855000000000000010000000C00000007214F70656E2044657369676E20416C6C69616E63652041434953204275696C646572070E41434953203231382E3030204E540718546875204A756E2032372031363A32383A3230203230323406000000000000F03F0648AFBC9AF2D77A3E06
310
BBBDD7D9DF7CDB3D0D04626F64790CFFFFFFFF04FFFFFFFF0CFFFFFFFF0C0A0000000CFFFFFFFF0CFFFFFFFF110D05706F696E740CFFFFFFFF04FFFFFFFF0CFFFFFFFF1327E5E60234934240C7723BC990C22D400000000000000000110D067665727465780CFFFFFFFF04FFFFFFFF0CFFFFFFFF0C0400000004020000000C
310
01000000110E07656C6C697073650D0563757276650CFFFFFFFF04FFFFFFFF0CFFFFFFFF13B2F037D200804240C7723BC990C22D4000000000000000001400000000000000000000000000000000000000000000F03F14B174F4AE3033C33F0000000000000000000000000000008006000000000000F03F0B0B110D046564
310
67650CFFFFFFFF04FFFFFFFF0CFFFFFFFF0C020000000600000000000000000C0200000006182D4454FB2119400C050000000C030000000B0707756E6B6E6F776E110D06636F656467650CFFFFFFFF04FFFFFFFF0CFFFFFFFF0C050000000C050000000CFFFFFFFF0C040000000B0C0600000004000000000CFFFFFFFF110D
310
046C6F6F700CFFFFFFFF04FFFFFFFF0CFFFFFFFF0CFFFFFFFF0C050000000C08000000110E05706C616E650D07737572666163650CFFFFFFFF04FFFFFFFF0CFFFFFFFF137876E03967764240C7723BC990C22D4000000000000000001400000000000000800000000000000000000000000000F03F14000000000000F0BF00
310
0000000000000000000000000000800B0B0B0B0B110D04666163650CFFFFFFFF04FFFFFFFF0CFFFFFFFF0CFFFFFFFF0C060000000C090000000CFFFFFFFF0C070000000B0A0B110D057368656C6C0CFFFFFFFF04FFFFFFFF0CFFFFFFFF0CFFFFFFFF0CFFFFFFFF0C080000000CFFFFFFFF0C0A000000110D046C756D700CFF
310
FFFFFF04FFFFFFFF0CFFFFFFFF0CFFFFFFFF0C090000000C00000000110E03456E640E026F660E0341534D0D0464617461
  0
ACDSRECORD
 90
        1
  2
AcDbDs::ID
280
    10
320
431
  2
ASM_Data
280
    15
 94
      811
310
414349532042696E61727946696C652855000000000000010000000C00000007214F70656E2044657369676E20416C6C69616E63652041434953204275696C646572070E41434953203231382E3030204E540718546875204A756E2032372031363A32383A3230203230323406000000000000F03F0648AFBC9AF2D77A3E06
310
BBBDD7D9DF7CDB3D0D04626F64790CFFFFFFFF04FFFFFFFF0CFFFFFFFF0C0A0000000CFFFFFFFF0CFFFFFFFF110D05706F696E740CFFFFFFFF04FFFFFFFF0CFFFFFFFF1323E2BDD500204140482376D80A9738400000000000000000110D067665727465780CFFFFFFFF04FFFFFFFF0CFFFFFFFF0C0400000004020000000C
310
01000000110E07656C6C697073650D0563757276650CFFFFFFFF04FFFFFFFF0CFFFFFFFF133AF95F749AF94040482376D80A97384000000000000000001400000000000000000000000000000000000000000000F03F14B174F4AE3033D33F0000000000000000000000000000008006000000000000F03F0B0B110D046564
310
67650CFFFFFFFF04FFFFFFFF0CFFFFFFFF0C020000000600000000000000000C0200000006182D4454FB2119400C050000000C030000000B0707756E6B6E6F776E110D06636F656467650CFFFFFFFF04FFFFFFFF0CFFFFFFFF0C050000000C050000000CFFFFFFFF0C040000000B0C0600000004000000000CFFFFFFFF110D
310
046C6F6F700CFFFFFFFF04FFFFFFFF0CFFFFFFFF0CFFFFFFFF0C050000000C08000000110E05706C616E650D07737572666163650CFFFFFFFF04FFFFFFFF0CFFFFFFFF13C504B14367E64040482376D80A97384000000000000000001400000000000000800000000000000000000000000000F03F14000000000000F0BF00
310
0000000000000000000000000000800B0B0B0B0B110D04666163650CFFFFFFFF04FFFFFFFF0CFFFFFFFF0CFFFFFFFF0C060000000C090000000CFFFFFFFF0C070000000B0A0B110D057368656C6C0CFFFFFFFF04FFFFFFFF0CFFFFFFFF0CFFFFFFFF0CFFFFFFFF0C080000000CFFFFFFFF0C0A000000110D046C756D700CFF
310
FFFFFF04FFFFFFFF0CFFFFFFFF0CFFFFFFFF0C090000000C00000000110E03456E640E026F660E0341534D0D0464617461
  0
ACDSRECORD
 90
        1
  2
AcDbDs::ID
280
    10
320
433
  2
ASM_Data
280
    15
 94
      811
310
414349532042696E61727946696C652855000000000000010000000C00000007214F70656E2044657369676E20416C6C69616E63652041434953204275696C646572070E41434953203231382E3030204E540718546875204A756E2032372031363A32383A3230203230323406000000000000F03F0648AFBC9AF2D77A3E06
310
BBBDD7D9DF7CDB3D0D04626F64790CFFFFFFFF04FFFFFFFF0CFFFFFFFF0C0A0000000CFFFFFFFF0CFFFFFFFF110D05706F696E740CFFFFFFFF04FFFFFFFF0CFFFFFFFF13AFED0EA5CD0C4140482376D80A9738400000000000000000110D067665727465780CFFFFFFFF04FFFFFFFF0CFFFFFFFF0C0400000004020000000C
310
01000000110E07656C6C697073650D0563757276650CFFFFFFFF04FFFFFFFF0CFFFFFFFF133AF95F749AF94040482376D80A97384000000000000000001400000000000000000000000000000000000000000000F03F14B174F4AE3033C33F0000000000000000000000000000008006000000000000F03F0B0B110D046564
310
67650CFFFFFFFF04FFFFFFFF0CFFFFFFFF0C020000000600000000000000000C0200000006182D4454FB2119400C050000000C030000000B0707756E6B6E6F776E110D06636F656467650CFFFFFFFF04FFFFFFFF0CFFFFFFFF0C050000000C050000000CFFFFFFFF0C040000000B0C0600000004000000000CFFFFFFFF110D
310
046C6F6F700CFFFFFFFF04FFFFFFFF0CFFFFFFFF0CFFFFFFFF0C050000000C08000000110E05706C616E650D07737572666163650CFFFFFFFF04FFFFFFFF0CFFFFFFFF13007F08DC00F04040482376D80A97384000000000000000001400000000000000800000000000000000000000000000F03F14000000000000F0BF00
310
0000000000000000000000000000800B0B0B0B0B110D04666163650CFFFFFFFF04FFFFFFFF0CFFFFFFFF0CFFFFFFFF0C060000000C090000000CFFFFFFFF0C070000000B0A0B110D057368656C6C0CFFFFFFFF04FFFFFFFF0CFFFFFFFF0CFFFFFFFF0CFFFFFFFF0C080000000CFFFFFFFF0C0A000000110D046C756D700CFF
310
FFFFFF04FFFFFFFF0CFFFFFFFF0CFFFFFFFF0C090000000C00000000110E03456E640E026F660E0341534D0D0464617461
  0
ACDSRECORD
 90
        1
  2
AcDbDs::ID
280
    10
320
435
  2
ASM_Data
280
    15
 94
      811
310
414349532042696E61727946696C652855000000000000010000000C00000007214F70656E2044657369676E20416C6C69616E63652041434953204275696C646572070E41434953203231382E3030204E540718546875204A756E2032372031363A32383A3230203230323406000000000000F03F0648AFBC9AF2D77A3E06
310
BBBDD7D9DF7CDB3D0D04626F64790CFFFFFFFF04FFFFFFFF0CFFFFFFFF0C0A0000000CFFFFFFFF0CFFFFFFFF110D05706F696E740CFFFFFFFF04FFFFFFFF0CFFFFFFFF137332E50134B34040C013A37C7B9438400000000000000000110D067665727465780CFFFFFFFF04FFFFFFFF0CFFFFFFFF0C0400000004020000000C
310
01000000110E07656C6C697073650D0563757276650CFFFFFFFF04FFFFFFFF0CFFFFFFFF138A4987A0CD8C4040C013A37C7B94384000000000000000001400000000000000000000000000000000000000000000F03F14B174F4AE3033D33F0000000000000000000000000000008006000000000000F03F0B0B110D046564
310
67650CFFFFFFFF04FFFFFFFF0CFFFFFFFF0C020000000600000000000000000C0200000006182D4454FB2119400C050000000C030000000B0707756E6B6E6F776E110D06636F656467650CFFFFFFFF04FFFFFFFF0CFFFFFFFF0C050000000C050000000CFFFFFFFF0C040000000B0C0600000004000000000CFFFFFFFF110D
310
046C6F6F700CFFFFFFFF04FFFFFFFF0CFFFFFFFF0CFFFFFFFF0C050000000C08000000110E05706C616E650D07737572666163650CFFFFFFFF04FFFFFFFF0CFFFFFFFF131555D86F9A794040C013A37C7B94384000000000000000001400000000000000800000000000000000000000000000F03F14000000000000F0BF00
310
0000000000000000000000000000800B0B0B0B0B110D04666163650CFFFFFFFF04FFFFFFFF0CFFFFFFFF0CFFFFFFFF0C060000000C090000000CFFFFFFFF0C070000000B0A0B110D057368656C6C0CFFFFFFFF04FFFFFFFF0CFFFFFFFF0CFFFFFFFF0CFFFFFFFF0C080000000CFFFFFFFF0C0A000000110D046C756D700CFF
310
FFFFFF04FFFFFFFF0CFFFFFFFF0CFFFFFFFF0C090000000C00000000110E03456E640E026F660E0341534D0D0464617461
  0
ACDSRECORD
 90
        1
  2
AcDbDs::ID
280
    10
320
437
  2
ASM_Data
280
    15
 94
      811
310
414349532042696E61727946696C652855000000000000010000000C00000007214F70656E2044657369676E20416C6C69616E63652041434953204275696C646572070E41434953203231382E3030204E540718546875204A756E2032372031363A32383A3230203230323406000000000000F03F0648AFBC9AF2D77A3E06
310
BBBDD7D9DF7CDB3D0D04626F64790CFFFFFFFF04FFFFFFFF0CFFFFFFFF0C0A0000000CFFFFFFFF0CFFFFFFFF110D05706F696E740CFFFFFFFF04FFFFFFFF0CFFFFFFFF13FF3D36D100A04040C013A37C7B9438400000000000000000110D067665727465780CFFFFFFFF04FFFFFFFF0CFFFFFFFF0C0400000004020000000C
310
01000000110E07656C6C697073650D0563757276650CFFFFFFFF04FFFFFFFF0CFFFFFFFF138A4987A0CD8C4040C013A37C7B94384000000000000000001400000000000000000000000000000000000000000000F03F14B174F4AE3033C33F0000000000000000000000000000008006000000000000F03F0B0B110D046564
310
67650CFFFFFFFF04FFFFFFFF0CFFFFFFFF0C020000000600000000000000000C0200000006182D4454FB2119400C050000000C030000000B0707756E6B6E6F776E110D06636F656467650CFFFFFFFF04FFFFFFFF0CFFFFFFFF0C050000000C050000000CFFFFFFFF0C040000000B0C0600000004000000000CFFFFFFFF110D
310
046C6F6F700CFFFFFFFF04FFFFFFFF0CFFFFFFFF0CFFFFFFFF0C050000000C08000000110E05706C616E650D07737572666163650CFFFFFFFF04FFFFFFFF0CFFFFFFFF1350CF2F0834834040C013A37C7B94384000000000000000001400000000000000800000000000000000000000000000F03F14000000000000F0BF00
310
0000000000000000000000000000800B0B0B0B0B110D04666163650CFFFFFFFF04FFFFFFFF0CFFFFFFFF0CFFFFFFFF0C060000000C090000000CFFFFFFFF0C070000000B0A0B110D057368656C6C0CFFFFFFFF04FFFFFFFF0CFFFFFFFF0CFFFFFFFF0CFFFFFFFF0C080000000CFFFFFFFF0C0A000000110D046C756D700CFF
310
FFFFFF04FFFFFFFF0CFFFFFFFF0CFFFFFFFF0C090000000C00000000110E03456E640E026F660E0341534D0D0464617461
  0
ACDSRECORD
 90
        1
  2
AcDbDs::ID
280
    10
320
439
  2
ASM_Data
280
    15
 94
      811
310
414349532042696E61727946696C652855000000000000010000000C00000007214F70656E2044657369676E20416C6C69616E63652041434953204275696C646572070E41434953203231382E3030204E540718546875204A756E2032372031363A32383A3230203230323406000000000000F03F0648AFBC9AF2D77A3E06
310
BBBDD7D9DF7CDB3D0D04626F64790CFFFFFFFF04FFFFFFFF0CFFFFFFFF0C0A0000000CFFFFFFFF0CFFFFFFFF110D05706F696E740CFFFFFFFF04FFFFFFFF0CFFFFFFFF13CC5CA647CFCC3A400FA7DDF98F8238400000000000000000110D067665727465780CFFFFFFFF04FFFFFFFF0CFFFFFFFF0C0400000004020000000C
310
01000000110E07656C6C697073650D0563757276650CFFFFFFFF04FFFFFFFF0CFFFFFFFF13F98AEA8402803A400FA7DDF98F82384000000000000000001400000000000000000000000000000000000000000000F03F14B174F4AE3033D33F0000000000000000000000000000008006000000000000F03F0B0B110D046564
310
67650CFFFFFFFF04FFFFFFFF0CFFFFFFFF0C020000000600000000000000000C0200000006182D4454FB2119400C050000000C030000000B0707756E6B6E6F776E110D06636F656467650CFFFFFFFF04FFFFFFFF0CFFFFFFFF0C050000000C050000000CFFFFFFFF0C040000000B0C0600000004000000000CFFFFFFFF110D
310
046C6F6F700CFFFFFFFF04FFFFFFFF0CFFFFFFFF0CFFFFFFFF0C050000000C08000000110E05706C616E650D07737572666163650CFFFFFFFF04FFFFFFFF0CFFFFFFFF1310A28C239C593A400FA7DDF98F82384000000000000000001400000000000000800000000000000000000000000000F03F14000000000000F0BF00
310
0000000000000000000000000000800B0B0B0B0B110D04666163650CFFFFFFFF04FFFFFFFF0CFFFFFFFF0CFFFFFFFF0C060000000C090000000CFFFFFFFF0C070000000B0A0B110D057368656C6C0CFFFFFFFF04FFFFFFFF0CFFFFFFFF0CFFFFFFFF0CFFFFFFFF0C080000000CFFFFFFFF0C0A000000110D046C756D700CFF
310
FFFFFF04FFFFFFFF0CFFFFFFFF0CFFFFFFFF0C090000000C00000000110E03456E640E026F660E0341534D0D0464617461
  0
ACDSRECORD
 90
        1
  2
AcDbDs::ID
280
    10
320
43B
  2
ASM_Data
280
    15
 94
      811
310
414349532042696E61727946696C652855000000000000010000000C00000007214F70656E2044657369676E20416C6C69616E63652041434953204275696C646572070E41434953203231382E3030204E540718546875204A756E2032372031363A32383A3230203230323406000000000000F03F0648AFBC9AF2D77A3E06
310
BBBDD7D9DF7CDB3D0D04626F64790CFFFFFFFF04FFFFFFFF0CFFFFFFFF0C0A0000000CFFFFFFFF0CFFFFFFFF110D05706F696E740CFFFFFFFF04FFFFFFFF0CFFFFFFFF13E27348E668A63A400FA7DDF98F8238400000000000000000110D067665727465780CFFFFFFFF04FFFFFFFF0CFFFFFFFF0C0400000004020000000C
310
01000000110E07656C6C697073650D0563757276650CFFFFFFFF04FFFFFFFF0CFFFFFFFF13F98AEA8402803A400FA7DDF98F82384000000000000000001400000000000000000000000000000000000000000000F03F14B174F4AE3033C33F0000000000000000000000000000008006000000000000F03F0B0B110D046564
310
67650CFFFFFFFF04FFFFFFFF0CFFFFFFFF0C020000000600000000000000000C0200000006182D4454FB2119400C050000000C030000000B0707756E6B6E6F776E110D06636F656467650CFFFFFFFF04FFFFFFFF0CFFFFFFFF0C050000000C050000000CFFFFFFFF0C040000000B0C0600000004000000000CFFFFFFFF110D
310
046C6F6F700CFFFFFFFF04FFFFFFFF0CFFFFFFFF0CFFFFFFFF0C050000000C08000000110E05706C616E650D07737572666163650CFFFFFFFF04FFFFFFFF0CFFFFFFFF1384963B54CF6C3A400FA7DDF98F82384000000000000000001400000000000000800000000000000000000000000000F03F14000000000000F0BF00
310
0000000000000000000000000000800B0B0B0B0B110D04666163650CFFFFFFFF04FFFFFFFF0CFFFFFFFF0CFFFFFFFF0C060000000C090000000CFFFFFFFF0C070000000B0A0B110D057368656C6C0CFFFFFFFF04FFFFFFFF0CFFFFFFFF0CFFFFFFFF0CFFFFFFFF0C080000000CFFFFFFFF0C0A000000110D046C756D700CFF
310
FFFFFF04FFFFFFFF0CFFFFFFFF0CFFFFFFFF0C090000000C00000000110E03456E640E026F660E0341534D0D0464617461
  0
ACDSRECORD
 90
        1
  2
AcDbDs::ID
280
    10
320
43D
  2
ASM_Data
280
    15
 94
      811
310
414349532042696E61727946696C652855000000000000010000000C00000007214F70656E2044657369676E20416C6C69616E63652041434953204275696C646572070E41434953203231382E3030204E540718546875204A756E2032372031363A32383A3230203230323406000000000000F03F0648AFBC9AF2D77A3E06
310
BBBDD7D9DF7CDB3D0D04626F64790CFFFFFFFF04FFFFFFFF0CFFFFFFFF0C0A0000000CFFFFFFFF0CFFFFFFFF110D05706F696E740CFFFFFFFF04FFFFFFFF0CFFFFFFFF13A80E45C35A233A409CA36D80C2B837400000000000000000110D067665727465780CFFFFFFFF04FFFFFFFF0CFFFFFFFF0C0400000004020000000C
310
01000000110E07656C6C697073650D0563757276650CFFFFFFFF04FFFFFFFF0CFFFFFFFF13D53C89008ED639409CA36D80C2B8374000000000000000001400000000000000000000000000000000000000000000F03F14B174F4AE3033D33F0000000000000000000000000000008006000000000000F03F0B0B110D046564
310
67650CFFFFFFFF04FFFFFFFF0CFFFFFFFF0C020000000600000000000000000C0200000006182D4454FB2119400C050000000C030000000B0707756E6B6E6F776E110D06636F656467650CFFFFFFFF04FFFFFFFF0CFFFFFFFF0C050000000C050000000CFFFFFFFF0C040000000B0C0600000004000000000CFFFFFFFF110D
310
046C6F6F700CFFFFFFFF04FFFFFFFF0CFFFFFFFF0CFFFFFFFF0C050000000C08000000110E05706C616E650D07737572666163650CFFFFFFFF04FFFFFFFF0CFFFFFFFF13EC532B9F27B039409CA36D80C2B8374000000000000000001400000000000000800000000000000000000000000000F03F14000000000000F0BF00
310
0000000000000000000000000000800B0B0B0B0B110D04666163650CFFFFFFFF04FFFFFFFF0CFFFFFFFF0CFFFFFFFF0C060000000C090000000CFFFFFFFF0C070000000B0A0B110D057368656C6C0CFFFFFFFF04FFFFFFFF0CFFFFFFFF0CFFFFFFFF0CFFFFFFFF0C080000000CFFFFFFFF0C0A000000110D046C756D700CFF
310
FFFFFF04FFFFFFFF0CFFFFFFFF0CFFFFFFFF0C090000000C00000000110E03456E640E026F660E0341534D0D0464617461
  0
ACDSRECORD
 90
        1
  2
AcDbDs::ID
280
    10
320
43F
  2
ASM_Data
280
    15
 94
      811
310
414349532042696E61727946696C652855000000000000010000000C00000007214F70656E2044657369676E20416C6C69616E63652041434953204275696C646572070E41434953203231382E3030204E540718546875204A756E2032372031363A32383A3230203230323406000000000000F03F0648AFBC9AF2D77A3E06
310
BBBDD7D9DF7CDB3D0D04626F64790CFFFFFFFF04FFFFFFFF0CFFFFFFFF0C0A0000000CFFFFFFFF0CFFFFFFFF110D05706F696E740CFFFFFFFF04FFFFFFFF0CFFFFFFFF13BE25E761F4FC39409CA36D80C2B837400000000000000000110D067665727465780CFFFFFFFF04FFFFFFFF0CFFFFFFFF0C0400000004020000000C
310
01000000110E07656C6C697073650D0563757276650CFFFFFFFF04FFFFFFFF0CFFFFFFFF13D53C89008ED639409CA36D80C2B8374000000000000000001400000000000000000000000000000000000000000000F03F14B174F4AE3033C33F0000000000000000000000000000008006000000000000F03F0B0B110D046564
310
67650CFFFFFFFF04FFFFFFFF0CFFFFFFFF0C020000000600000000000000000C0200000006182D4454FB2119400C050000000C030000000B0707756E6B6E6F776E110D06636F656467650CFFFFFFFF04FFFFFFFF0CFFFFFFFF0C050000000C050000000CFFFFFFFF0C040000000B0C0600000004000000000CFFFFFFFF110D
310
046C6F6F700CFFFFFFFF04FFFFFFFF0CFFFFFFFF0CFFFFFFFF0C050000000C08000000110E05706C616E650D07737572666163650CFFFFFFFF04FFFFFFFF0CFFFFFFFF136048DACF5AC339409CA36D80C2B8374000000000000000001400000000000000800000000000000000000000000000F03F14000000000000F0BF00
310
0000000000000000000000000000800B0B0B0B0B110D04666163650CFFFFFFFF04FFFFFFFF0CFFFFFFFF0CFFFFFFFF0C060000000C090000000CFFFFFFFF0C070000000B0A0B110D057368656C6C0CFFFFFFFF04FFFFFFFF0CFFFFFFFF0CFFFFFFFF0CFFFFFFFF0C080000000CFFFFFFFF0C0A000000110D046C756D700CFF
310
FFFFFF04FFFFFFFF0CFFFFFFFF0CFFFFFFFF0C090000000C00000000110E03456E640E026F660E0341534D0D0464617461
  0
ACDSRECORD
 90
        1
  2
AcDbDs::ID
280
    10
320
441
  2
ASM_Data
280
    15
 94
      811
310
414349532042696E61727946696C652855000000000000010000000C00000007214F70656E2044657369676E20416C6C69616E63652041434953204275696C646572070E41434953203231382E3030204E540718546875204A756E2032372031363A32383A3230203230323406000000000000F03F0648AFBC9AF2D77A3E06
310
BBBDD7D9DF7CDB3D0D04626F64790CFFFFFFFF04FFFFFFFF0CFFFFFFFF0C0A0000000CFFFFFFFF0CFFFFFFFF110D05706F696E740CFFFFFFFF04FFFFFFFF0CFFFFFFFF13D6D07AB616F54040AEF136C2E45837400000000000000000110D067665727465780CFFFFFFFF04FFFFFFFF0CFFFFFFFF0C0400000004020000000C
310
01000000110E07656C6C697073650D0563757276650CFFFFFFFF04FFFFFFFF0CFFFFFFFF13EDE71C55B0CE4040AEF136C2E458374000000000000000001400000000000000000000000000000000000000000000F03F14B174F4AE3033D33F0000000000000000000000000000008006000000000000F03F0B0B110D046564
310
67650CFFFFFFFF04FFFFFFFF0CFFFFFFFF0C020000000600000000000000000C0200000006182D4454FB2119400C050000000C030000000B0707756E6B6E6F776E110D06636F656467650CFFFFFFFF04FFFFFFFF0CFFFFFFFF0C050000000C050000000CFFFFFFFF0C040000000B0C0600000004000000000CFFFFFFFF110D
310
046C6F6F700CFFFFFFFF04FFFFFFFF0CFFFFFFFF0CFFFFFFFF0C050000000C08000000110E05706C616E650D07737572666163650CFFFFFFFF04FFFFFFFF0CFFFFFFFF1378F36D247DBB4040AEF136C2E458374000000000000000001400000000000000800000000000000000000000000000F03F14000000000000F0BF00
310
0000000000000000000000000000800B0B0B0B0B110D04666163650CFFFFFFFF04FFFFFFFF0CFFFFFFFF0CFFFFFFFF0C060000000C090000000CFFFFFFFF0C070000000B0A0B110D057368656C6C0CFFFFFFFF04FFFFFFFF0CFFFFFFFF0CFFFFFFFF0CFFFFFFFF0C080000000CFFFFFFFF0C0A000000110D046C756D700CFF
310
FFFFFF04FFFFFFFF0CFFFFFFFF0CFFFFFFFF0C090000000C00000000110E03456E640E026F660E0341534D0D0464617461
  0
ACDSRECORD
 90
        1
  2
AcDbDs::ID
280
    10
320
443
  2
ASM_Data
280
    15
 94
      811
310
414349532042696E61727946696C652855000000000000010000000C00000007214F70656E2044657369676E20416C6C69616E63652041434953204275696C646572070E41434953203231382E3030204E540718546875204A756E2032372031363A32383A3230203230323406000000000000F03F0648AFBC9AF2D77A3E06
310
BBBDD7D9DF7CDB3D0D04626F64790CFFFFFFFF04FFFFFFFF0CFFFFFFFF0C0A0000000CFFFFFFFF0CFFFFFFFF110D05706F696E740CFFFFFFFF04FFFFFFFF0CFFFFFFFF1362DCCB85E3E14040AEF136C2E45837400000000000000000110D067665727465780CFFFFFFFF04FFFFFFFF0CFFFFFFFF0C0400000004020000000C
310
01000000110E07656C6C697073650D0563757276650CFFFFFFFF04FFFFFFFF0CFFFFFFFF13EDE71C55B0CE4040AEF136C2E458374000000000000000001400000000000000000000000000000000000000000000F03F14B174F4AE3033C33F0000000000000000000000000000008006000000000000F03F0B0B110D046564
310
67650CFFFFFFFF04FFFFFFFF0CFFFFFFFF0C020000000600000000000000000C0200000006182D4454FB2119400C050000000C030000000B0707756E6B6E6F776E110D06636F656467650CFFFFFFFF04FFFFFFFF0CFFFFFFFF0C050000000C050000000CFFFFFFFF0C040000000B0C0600000004000000000CFFFFFFFF110D
310
046C6F6F700CFFFFFFFF04FFFFFFFF0CFFFFFFFF0CFFFFFFFF0C050000000C08000000110E05706C616E650D07737572666163650CFFFFFFFF04FFFFFFFF0CFFFFFFFF13B36DC5BC16C54040AEF136C2E458374000000000000000001400000000000000800000000000000000000000000000F03F14000000000000F0BF00
310
0000000000000000000000000000800B0B0B0B0B110D04666163650CFFFFFFFF04FFFFFFFF0CFFFFFFFF0CFFFFFFFF0C060000000C090000000CFFFFFFFF0C070000000B0A0B110D057368656C6C0CFFFFFFFF04FFFFFFFF0CFFFFFFFF0CFFFFFFFF0CFFFFFFFF0C080000000CFFFFFFFF0C0A000000110D046C756D700CFF
310
FFFFFF04FFFFFFFF0CFFFFFFFF0CFFFFFFFF0C090000000C00000000110E03456E640E026F660E0341534D0D0464617461
  0
ACDSRECORD
 90
        1
  2
AcDbDs::ID
280
    10
320
445
  2
ASM_Data
280
    15
 94
      811
310
414349532042696E61727946696C652855000000000000010000000C00000007214F70656E2044657369676E20416C6C69616E63652041434953204275696C646572070E41434953203231382E3030204E540718546875204A756E2032372031363A32383A3230203230323406000000000000F03F0648AFBC9AF2D77A3E06
310
BBBDD7D9DF7CDB3D0D04626F64790CFFFFFFFF04FFFFFFFF0CFFFFFFFF0C0A0000000CFFFFFFFF0CFFFFFFFF110D05706F696E740CFFFFFFFF04FFFFFFFF0CFFFFFFFF13559FABADD8233C4008D362B6856B37400000000000000000110D067665727465780CFFFFFFFF04FFFFFFFF0CFFFFFFFF0C0400000004020000000C
310
01000000110E07656C6C697073650D0563757276650CFFFFFFFF04FFFFFFFF0CFFFFFFFF1382CDEFEA0BD73B4008D362B6856B374000000000000000001400000000000000000000000000000000000000000000F03F14B174F4AE3033D33F0000000000000000000000000000008006000000000000F03F0B0B110D046564
310
67650CFFFFFFFF04FFFFFFFF0CFFFFFFFF0C020000000600000000000000000C0200000006182D4454FB2119400C050000000C030000000B0707756E6B6E6F776E110D06636F656467650CFFFFFFFF04FFFFFFFF0CFFFFFFFF0C050000000C050000000CFFFFFFFF0C040000000B0C0600000004000000000CFFFFFFFF110D
310
046C6F6F700CFFFFFFFF04FFFFFFFF0CFFFFFFFF0CFFFFFFFF0C050000000C08000000110E05706C616E650D07737572666163650CFFFFFFFF04FFFFFFFF0CFFFFFFFF1399E49189A5B03B4008D362B6856B374000000000000000001400000000000000800000000000000000000000000000F03F14000000000000F0BF00
310
0000000000000000000000000000800B0B0B0B0B110D04666163650CFFFFFFFF04FFFFFFFF0CFFFFFFFF0CFFFFFFFF0C060000000C090000000CFFFFFFFF0C070000000B0A0B110D057368656C6C0CFFFFFFFF04FFFFFFFF0CFFFFFFFF0CFFFFFFFF0CFFFFFFFF0C080000000CFFFFFFFF0C0A000000110D046C756D700CFF
310
FFFFFF04FFFFFFFF0CFFFFFFFF0CFFFFFFFF0C090000000C00000000110E03456E640E026F660E0341534D0D0464617461
  0
ACDSRECORD
 90
        1
  2
AcDbDs::ID
280
    10
320
447
  2
ASM_Data
280
    15
 94
      811
310
414349532042696E61727946696C652855000000000000010000000C00000007214F70656E2044657369676E20416C6C69616E63652041434953204275696C646572070E41434953203231382E3030204E540718546875204A756E2032372031363A32383A3230203230323406000000000000F03F0648AFBC9AF2D77A3E06
310
BBBDD7D9DF7CDB3D0D04626F64790CFFFFFFFF04FFFFFFFF0CFFFFFFFF0C0A0000000CFFFFFFFF0CFFFFFFFF110D05706F696E740CFFFFFFFF04FFFFFFFF0CFFFFFFFF136BB64D4C72FD3B4008D362B6856B37400000000000000000110D067665727465780CFFFFFFFF04FFFFFFFF0CFFFFFFFF0C0400000004020000000C
310
01000000110E07656C6C697073650D0563757276650CFFFFFFFF04FFFFFFFF0CFFFFFFFF1382CDEFEA0BD73B4008D362B6856B374000000000000000001400000000000000000000000000000000000000000000F03F14B174F4AE3033C33F0000000000000000000000000000008006000000000000F03F0B0B110D046564
310
67650CFFFFFFFF04FFFFFFFF0CFFFFFFFF0C020000000600000000000000000C0200000006182D4454FB2119400C050000000C030000000B0707756E6B6E6F776E110D06636F656467650CFFFFFFFF04FFFFFFFF0CFFFFFFFF0C050000000C050000000CFFFFFFFF0C040000000B0C0600000004000000000CFFFFFFFF110D
310
046C6F6F700CFFFFFFFF04FFFFFFFF0CFFFFFFFF0CFFFFFFFF0C050000000C08000000110E05706C616E650D07737572666163650CFFFFFFFF04FFFFFFFF0CFFFFFFFF130DD940BAD8C33B4008D362B6856B374000000000000000001400000000000000800000000000000000000000000000F03F14000000000000F0BF00
310
0000000000000000000000000000800B0B0B0B0B110D04666163650CFFFFFFFF04FFFFFFFF0CFFFFFFFF0CFFFFFFFF0C060000000C090000000CFFFFFFFF0C070000000B0A0B110D057368656C6C0CFFFFFFFF04FFFFFFFF0CFFFFFFFF0CFFFFFFFF0CFFFFFFFF0C080000000CFFFFFFFF0C0A000000110D046C756D700CFF
310
FFFFFF04FFFFFFFF0CFFFFFFFF0CFFFFFFFF0C090000000C00000000110E03456E640E026F660E0341534D0D0464617461
  0
ACDSRECORD
 90
        1
  2
AcDbDs::ID
280
    10
320
449
  2
ASM_Data
280
    15
 94
      811
310
414349532042696E61727946696C652855000000000000010000000C00000007214F70656E2044657369676E20416C6C69616E63652041434953204275696C646572070E41434953203231382E3030204E540718546875204A756E2032372031363A32383A3230203230323406000000000000F03F0648AFBC9AF2D77A3E06
310
BBBDD7D9DF7CDB3D0D04626F64790CFFFFFFFF04FFFFFFFF0CFFFFFFFF0C0A0000000CFFFFFFFF0CFFFFFFFF110D05706F696E740CFFFFFFFF04FFFFFFFF0CFFFFFFFF135EECA45B02003D4082C38F5AF66837400000000000000000110D067665727465780CFFFFFFFF04FFFFFFFF0CFFFFFFFF0C0400000004020000000C
310
01000000110E07656C6C697073650D0563757276650CFFFFFFFF04FFFFFFFF0CFFFFFFFF138B1AE99835B33C4082C38F5AF668374000000000000000001400000000000000000000000000000000000000000000F03F14B174F4AE3033D33F0000000000000000000000000000008006000000000000F03F0B0B110D046564
310
67650CFFFFFFFF04FFFFFFFF0CFFFFFFFF0C020000000600000000000000000C0200000006182D4454FB2119400C050000000C030000000B0707756E6B6E6F776E110D06636F656467650CFFFFFFFF04FFFFFFFF0CFFFFFFFF0C050000000C050000000CFFFFFFFF0C040000000B0C0600000004000000000CFFFFFFFF110D
310
046C6F6F700CFFFFFFFF04FFFFFFFF0CFFFFFFFF0CFFFFFFFF0C050000000C08000000110E05706C616E650D07737572666163650CFFFFFFFF04FFFFFFFF0CFFFFFFFF13A2318B37CF8C3C4082C38F5AF668374000000000000000001400000000000000800000000000000000000000000000F03F14000000000000F0BF00
310
0000000000000000000000000000800B0B0B0B0B110D04666163650CFFFFFFFF04FFFFFFFF0CFFFFFFFF0CFFFFFFFF0C060000000C090000000CFFFFFFFF0C070000000B0A0B110D057368656C6C0CFFFFFFFF04FFFFFFFF0CFFFFFFFF0CFFFFFFFF0CFFFFFFFF0C080000000CFFFFFFFF0C0A000000110D046C756D700CFF
310
FFFFFF04FFFFFFFF0CFFFFFFFF0CFFFFFFFF0C090000000C00000000110E03456E640E026F660E0341534D0D0464617461
  0
ACDSRECORD
 90
        1
  2
AcDbDs::ID
280
    10
320
44B
  2
ASM_Data
280
    15
 94
      811
310
414349532042696E61727946696C652855000000000000010000000C00000007214F70656E2044657369676E20416C6C69616E63652041434953204275696C646572070E41434953203231382E3030204E540718546875204A756E2032372031363A32383A3230203230323406000000000000F03F0648AFBC9AF2D77A3E06
310
BBBDD7D9DF7CDB3D0D04626F64790CFFFFFFFF04FFFFFFFF0CFFFFFFFF0C0A0000000CFFFFFFFF0CFFFFFFFF110D05706F696E740CFFFFFFFF04FFFFFFFF0CFFFFFFFF13740347FA9BD93C4082C38F5AF66837400000000000000000110D067665727465780CFFFFFFFF04FFFFFFFF0CFFFFFFFF0C0400000004020000000C
310
01000000110E07656C6C697073650D0563757276650CFFFFFFFF04FFFFFFFF0CFFFFFFFF138B1AE99835B33C4082C38F5AF668374000000000000000001400000000000000000000000000000000000000000000F03F14B174F4AE3033C33F0000000000000000000000000000008006000000000000F03F0B0B110D046564
310
67650CFFFFFFFF04FFFFFFFF0CFFFFFFFF0C020000000600000000000000000C0200000006182D4454FB2119400C050000000C030000000B0707756E6B6E6F776E110D06636F656467650CFFFFFFFF04FFFFFFFF0CFFFFFFFF0C050000000C050000000CFFFFFFFF0C040000000B0C0600000004000000000CFFFFFFFF110D
310
046C6F6F700CFFFFFFFF04FFFFFFFF0CFFFFFFFF0CFFFFFFFF0C050000000C08000000110E05706C616E650D07737572666163650CFFFFFFFF04FFFFFFFF0CFFFFFFFF1316263A6802A03C4082C38F5AF668374000000000000000001400000000000000800000000000000000000000000000F03F14000000000000F0BF00
310
0000000000000000000000000000800B0B0B0B0B110D04666163650CFFFFFFFF04FFFFFFFF0CFFFFFFFF0CFFFFFFFF0C060000000C090000000CFFFFFFFF0C070000000B0A0B110D057368656C6C0CFFFFFFFF04FFFFFFFF0CFFFFFFFF0CFFFFFFFF0CFFFFFFFF0C080000000CFFFFFFFF0C0A000000110D046C756D700CFF
310
FFFFFF04FFFFFFFF0CFFFFFFFF0CFFFFFFFF0C090000000C00000000110E03456E640E026F660E0341534D0D0464617461
  0
ACDSRECORD
 90
        1
  2
AcDbDs::ID
280
    10
320
44D
  2
ASM_Data
280
    15
 94
      811
310
414349532042696E61727946696C652855000000000000010000000C00000007214F70656E2044657369676E20416C6C69616E63652041434953204275696C646572070E41434953203231382E3030204E540718546875204A756E2032372031363A32383A3230203230323406000000000000F03F0648AFBC9AF2D77A3E06
310
BBBDD7D9DF7CDB3D0D04626F64790CFFFFFFFF04FFFFFFFF0CFFFFFFFF0C0A0000000CFFFFFFFF0CFFFFFFFF110D05706F696E740CFFFFFFFF04FFFFFFFF0CFFFFFFFF13C988D194190C4040FE5CFAB8B2E937400000000000000000110D067665727465780CFFFFFFFF04FFFFFFFF0CFFFFFFFF0C0400000004020000000C
310
01000000110E07656C6C697073650D0563757276650CFFFFFFFF04FFFFFFFF0CFFFFFFFF13BF3FE76666CB3F40FE5CFAB8B2E9374000000000000000001400000000000000000000000000000000000000000000F03F14B174F4AE3033D33F0000000000000000000000000000008006000000000000F03F0B0B110D046564
310
67650CFFFFFFFF04FFFFFFFF0CFFFFFFFF0C020000000600000000000000000C0200000006182D4454FB2119400C050000000C030000000B0707756E6B6E6F776E110D06636F656467650CFFFFFFFF04FFFFFFFF0CFFFFFFFF0C050000000C050000000CFFFFFFFF0C040000000B0C0600000004000000000CFFFFFFFF110D
310
046C6F6F700CFFFFFFFF04FFFFFFFF0CFFFFFFFF0CFFFFFFFF0C050000000C08000000110E05706C616E650D07737572666163650CFFFFFFFF04FFFFFFFF0CFFFFFFFF13D656890500A53F40FE5CFAB8B2E9374000000000000000001400000000000000800000000000000000000000000000F03F14000000000000F0BF00
310
0000000000000000000000000000800B0B0B0B0B110D04666163650CFFFFFFFF04FFFFFFFF0CFFFFFFFF0CFFFFFFFF0C060000000C090000000CFFFFFFFF0C070000000B0A0B110D057368656C6C0CFFFFFFFF04FFFFFFFF0CFFFFFFFF0CFFFFFFFF0CFFFFFFFF0C080000000CFFFFFFFF0C0A000000110D046C756D700CFF
310
FFFFFF04FFFFFFFF0CFFFFFFFF0CFFFFFFFF0C090000000C00000000110E03456E640E026F660E0341534D0D0464617461
  0
ACDSRECORD
 90
        1
  2
AcDbDs::ID
280
    10
320
44F
  2
ASM_Data
280
    15
 94
      811
310
414349532042696E61727946696C652855000000000000010000000C00000007214F70656E2044657369676E20416C6C69616E63652041434953204275696C646572070E41434953203231382E3030204E540718546875204A756E2032372031363A32383A3230203230323406000000000000F03F0648AFBC9AF2D77A3E06
310
BBBDD7D9DF7CDB3D0D04626F64790CFFFFFFFF04FFFFFFFF0CFFFFFFFF0C0A0000000CFFFFFFFF0CFFFFFFFF110D05706F696E740CFFFFFFFF04FFFFFFFF0CFFFFFFFF13A82845C8CCF13F40FE5CFAB8B2E937400000000000000000110D067665727465780CFFFFFFFF04FFFFFFFF0CFFFFFFFF0C0400000004020000000C
310
01000000110E07656C6C697073650D0563757276650CFFFFFFFF04FFFFFFFF0CFFFFFFFF13BF3FE76666CB3F40FE5CFAB8B2E9374000000000000000001400000000000000000000000000000000000000000000F03F14B174F4AE3033C33F0000000000000000000000000000008006000000000000F03F0B0B110D046564
310
67650CFFFFFFFF04FFFFFFFF0CFFFFFFFF0C020000000600000000000000000C0200000006182D4454FB2119400C050000000C030000000B0707756E6B6E6F776E110D06636F656467650CFFFFFFFF04FFFFFFFF0CFFFFFFFF0C050000000C050000000CFFFFFFFF0C040000000B0C0600000004000000000CFFFFFFFF110D
310
046C6F6F700CFFFFFFFF04FFFFFFFF0CFFFFFFFF0CFFFFFFFF0C050000000C08000000110E05706C616E650D07737572666163650CFFFFFFFF04FFFFFFFF0CFFFFFFFF134A4B383633B83F40FE5CFAB8B2E9374000000000000000001400000000000000800000000000000000000000000000F03F14000000000000F0BF00
310
0000000000000000000000000000800B0B0B0B0B110D04666163650CFFFFFFFF04FFFFFFFF0CFFFFFFFF0CFFFFFFFF0C060000000C090000000CFFFFFFFF0C070000000B0A0B110D057368656C6C0CFFFFFFFF04FFFFFFFF0CFFFFFFFF0CFFFFFFFF0CFFFFFFFF0C080000000CFFFFFFFF0C0A000000110D046C756D700CFF
310
FFFFFF04FFFFFFFF0CFFFFFFFF0CFFFFFFFF0C090000000C00000000110E03456E640E026F660E0341534D0D0464617461
  0
ACDSRECORD
 90
        1
  2
AcDbDs::ID
280
    10
320
451
  2
ASM_Data
280
    15
 94
      811
310
414349532042696E61727946696C652855000000000000010000000C00000007214F70656E2044657369676E20416C6C69616E63652041434953204275696C646572070E41434953203231382E3030204E540718546875204A756E2032372031363A32383A3230203230323406000000000000F03F0648AFBC9AF2D77A3E06
310
BBBDD7D9DF7CDB3D0D04626F64790CFFFFFFFF04FFFFFFFF0CFFFFFFFF0C0A0000000CFFFFFFFF0CFFFFFFFF110D05706F696E740CFFFFFFFF04FFFFFFFF0CFFFFFFFF13A06FEA8701803F40E8E865D2AE4736400000000000000000110D067665727465780CFFFFFFFF04FFFFFFFF0CFFFFFFFF0C0400000004020000000C
310
01000000110E07656C6C697073650D0563757276650CFFFFFFFF04FFFFFFFF0CFFFFFFFF13CD9D2EC534333F40E8E865D2AE47364000000000000000001400000000000000000000000000000000000000000000F03F14B174F4AE3033D33F0000000000000000000000000000008006000000000000F03F0B0B110D046564
310
67650CFFFFFFFF04FFFFFFFF0CFFFFFFFF0C020000000600000000000000000C0200000006182D4454FB2119400C050000000C030000000B0707756E6B6E6F776E110D06636F656467650CFFFFFFFF04FFFFFFFF0CFFFFFFFF0C050000000C050000000CFFFFFFFF0C040000000B0C0600000004000000000CFFFFFFFF110D
310
046C6F6F700CFFFFFFFF04FFFFFFFF0CFFFFFFFF0CFFFFFFFF0C050000000C08000000110E05706C616E650D07737572666163650CFFFFFFFF04FFFFFFFF0CFFFFFFFF13E4B4D063CE0C3F40E8E865D2AE47364000000000000000001400000000000000800000000000000000000000000000F03F14000000000000F0BF00
310
0000000000000000000000000000800B0B0B0B0B110D04666163650CFFFFFFFF04FFFFFFFF0CFFFFFFFF0CFFFFFFFF0C060000000C090000000CFFFFFFFF0C070000000B0A0B110D057368656C6C0CFFFFFFFF04FFFFFFFF0CFFFFFFFF0CFFFFFFFF0CFFFFFFFF0C080000000CFFFFFFFF0C0A000000110D046C756D700CFF
310
FFFFFF04FFFFFFFF0CFFFFFFFF0CFFFFFFFF0C090000000C00000000110E03456E640E026F660E0341534D0D0464617461
  0
ACDSRECORD
 90
        1
  2
AcDbDs::ID
280
    10
320
453
  2
ASM_Data
280
    15
 94
      811
310
414349532042696E61727946696C652855000000000000010000000C00000007214F70656E2044657369676E20416C6C69616E63652041434953204275696C646572070E41434953203231382E3030204E540718546875204A756E2032372031363A32383A3230203230323406000000000000F03F0648AFBC9AF2D77A3E06
310
BBBDD7D9DF7CDB3D0D04626F64790CFFFFFFFF04FFFFFFFF0CFFFFFFFF0C0A0000000CFFFFFFFF0CFFFFFFFF110D05706F696E740CFFFFFFFF04FFFFFFFF0CFFFFFFFF13B6868C269B593F40E8E865D2AE4736400000000000000000110D067665727465780CFFFFFFFF04FFFFFFFF0CFFFFFFFF0C0400000004020000000C
310
01000000110E07656C6C697073650D0563757276650CFFFFFFFF04FFFFFFFF0CFFFFFFFF13CD9D2EC534333F40E8E865D2AE47364000000000000000001400000000000000000000000000000000000000000000F03F14B174F4AE3033C33F0000000000000000000000000000008006000000000000F03F0B0B110D046564
310
67650CFFFFFFFF04FFFFFFFF0CFFFFFFFF0C020000000600000000000000000C0200000006182D4454FB2119400C050000000C030000000B0707756E6B6E6F776E110D06636F656467650CFFFFFFFF04FFFFFFFF0CFFFFFFFF0C050000000C050000000CFFFFFFFF0C040000000B0C0600000004000000000CFFFFFFFF110D
310
046C6F6F700CFFFFFFFF04FFFFFFFF0CFFFFFFFF0CFFFFFFFF0C050000000C08000000110E05706C616E650D07737572666163650CFFFFFFFF04FFFFFFFF0CFFFFFFFF1358A97F9401203F40E8E865D2AE47364000000000000000001400000000000000800000000000000000000000000000F03F14000000000000F0BF00
310
0000000000000000000000000000800B0B0B0B0B110D04666163650CFFFFFFFF04FFFFFFFF0CFFFFFFFF0CFFFFFFFF0C060000000C090000000CFFFFFFFF0C070000000B0A0B110D057368656C6C0CFFFFFFFF04FFFFFFFF0CFFFFFFFF0CFFFFFFFF0CFFFFFFFF0C080000000CFFFFFFFF0C0A000000110D046C756D700CFF
310
FFFFFF04FFFFFFFF0CFFFFFFFF0CFFFFFFFF0C090000000C00000000110E03456E640E026F660E0341534D0D0464617461
  0
ACDSRECORD
 90
        1
  2
AcDbDs::ID
280
    10
320
455
  2
ASM_Data
280
    15
 94
      811
310
414349532042696E61727946696C652855000000000000010000000C00000007214F70656E2044657369676E20416C6C69616E63652041434953204275696C646572070E41434953203231382E3030204E540718546875204A756E2032372031363A32383A3230203230323406000000000000F03F0648AFBC9AF2D77A3E06
310
BBBDD7D9DF7CDB3D0D04626F64790CFFFFFFFF04FFFFFFFF0CFFFFFFFF0C0A0000000CFFFFFFFF0CFFFFFFFF110D05706F696E740CFFFFFFFF04FFFFFFFF0CFFFFFFFF13A06FEA8701803F402DD7D3F5E17A35400000000000000000110D067665727465780CFFFFFFFF04FFFFFFFF0CFFFFFFFF0C0400000004020000000C
310
01000000110E07656C6C697073650D0563757276650CFFFFFFFF04FFFFFFFF0CFFFFFFFF13CD9D2EC534333F402DD7D3F5E17A354000000000000000001400000000000000000000000000000000000000000000F03F14B174F4AE3033D33F0000000000000000000000000000008006000000000000F03F0B0B110D046564
310
67650CFFFFFFFF04FFFFFFFF0CFFFFFFFF0C020000000600000000000000000C0200000006182D4454FB2119400C050000000C030000000B0707756E6B6E6F776E110D06636F656467650CFFFFFFFF04FFFFFFFF0CFFFFFFFF0C050000000C050000000CFFFFFFFF0C040000000B0C0600000004000000000CFFFFFFFF110D
310
046C6F6F700CFFFFFFFF04FFFFFFFF0CFFFFFFFF0CFFFFFFFF0C050000000C08000000110E05706C616E650D07737572666163650CFFFFFFFF04FFFFFFFF0CFFFFFFFF13E4B4D063CE0C3F402DD7D3F5E17A354000000000000000001400000000000000800000000000000000000000000000F03F14000000000000F0BF00
310
0000000000000000000000000000800B0B0B0B0B110D04666163650CFFFFFFFF04FFFFFFFF0CFFFFFFFF0CFFFFFFFF0C060000000C090000000CFFFFFFFF0C070000000B0A0B110D057368656C6C0CFFFFFFFF04FFFFFFFF0CFFFFFFFF0CFFFFFFFF0CFFFFFFFF0C080000000CFFFFFFFF0C0A000000110D046C756D700CFF
310
FFFFFF04FFFFFFFF0CFFFFFFFF0CFFFFFFFF0C090000000C00000000110E03456E640E026F660E0341534D0D0464617461
  0
ACDSRECORD
 90
        1
  2
AcDbDs::ID
280
    10
320
457
  2
ASM_Data
280
    15
 94
      811
310
414349532042696E61727946696C652855000000000000010000000C00000007214F70656E2044657369676E20416C6C69616E63652041434953204275696C646572070E41434953203231382E3030204E540718546875204A756E2032372031363A32383A3230203230323406000000000000F03F0648AFBC9AF2D77A3E06
310
BBBDD7D9DF7CDB3D0D04626F64790CFFFFFFFF04FFFFFFFF0CFFFFFFFF0C0A0000000CFFFFFFFF0CFFFFFFFF110D05706F696E740CFFFFFFFF04FFFFFFFF0CFFFFFFFF13B6868C269B593F402DD7D3F5E17A35400000000000000000110D067665727465780CFFFFFFFF04FFFFFFFF0CFFFFFFFF0C0400000004020000000C
310
01000000110E07656C6C697073650D0563757276650CFFFFFFFF04FFFFFFFF0CFFFFFFFF13CD9D2EC534333F402DD7D3F5E17A354000000000000000001400000000000000000000000000000000000000000000F03F14B174F4AE3033C33F0000000000000000000000000000008006000000000000F03F0B0B110D046564
310
67650CFFFFFFFF04FFFFFFFF0CFFFFFFFF0C020000000600000000000000000C0200000006182D4454FB2119400C050000000C030000000B0707756E6B6E6F776E110D06636F656467650CFFFFFFFF04FFFFFFFF0CFFFFFFFF0C050000000C050000000CFFFFFFFF0C040000000B0C0600000004000000000CFFFFFFFF110D
310
046C6F6F700CFFFFFFFF04FFFFFFFF0CFFFFFFFF0CFFFFFFFF0C050000000C08000000110E05706C616E650D07737572666163650CFFFFFFFF04FFFFFFFF0CFFFFFFFF1358A97F9401203F402DD7D3F5E17A354000000000000000001400000000000000800000000000000000000000000000F03F14000000000000F0BF00
310
0000000000000000000000000000800B0B0B0B0B110D04666163650CFFFFFFFF04FFFFFFFF0CFFFFFFFF0CFFFFFFFF0C060000000C090000000CFFFFFFFF0C070000000B0A0B110D057368656C6C0CFFFFFFFF04FFFFFFFF0CFFFFFFFF0CFFFFFFFF0CFFFFFFFF0C080000000CFFFFFFFF0C0A000000110D046C756D700CFF
310
FFFFFF04FFFFFFFF0CFFFFFFFF0CFFFFFFFF0C090000000C00000000110E03456E640E026F660E0341534D0D0464617461
  0
ACDSRECORD
 90
        1
  2
AcDbDs::ID
280
    10
320
459
  2
ASM_Data
280
    15
 94
      811
310
414349532042696E61727946696C652855000000000000010000000C00000007214F70656E2044657369676E20416C6C69616E63652041434953204275696C646572070E41434953203231382E3030204E540718546875204A756E2032372031363A32383A3230203230323406000000000000F03F0648AFBC9AF2D77A3E06
310
BBBDD7D9DF7CDB3D0D04626F64790CFFFFFFFF04FFFFFFFF0CFFFFFFFF0C0A0000000CFFFFFFFF0CFFFFFFFF110D05706F696E740CFFFFFFFF04FFFFFFFF0CFFFFFFFF13BC0EAC15333335403232D0CECCCC36400000000000000000110D067665727465780CFFFFFFFF04FFFFFFFF0CFFFFFFFF0C0400000004020000000C
310
01000000110E07656C6C697073650D0563757276650CFFFFFFFF04FFFFFFFF0CFFFFFFFF13E93CF05266E634403232D0CECCCC364000000000000000001400000000000000000000000000000000000000000000F03F14B174F4AE3033D33F0000000000000000000000000000008006000000000000F03F0B0B110D046564
310
67650CFFFFFFFF04FFFFFFFF0CFFFFFFFF0C020000000600000000000000000C0200000006182D4454FB2119400C050000000C030000000B0707756E6B6E6F776E110D06636F656467650CFFFFFFFF04FFFFFFFF0CFFFFFFFF0C050000000C050000000CFFFFFFFF0C040000000B0C0600000004000000000CFFFFFFFF110D
310
046C6F6F700CFFFFFFFF04FFFFFFFF0CFFFFFFFF0CFFFFFFFF0C050000000C08000000110E05706C616E650D07737572666163650CFFFFFFFF04FFFFFFFF0CFFFFFFFF13005492F1FFBF34403232D0CECCCC364000000000000000001400000000000000800000000000000000000000000000F03F14000000000000F0BF00
310
0000000000000000000000000000800B0B0B0B0B110D04666163650CFFFFFFFF04FFFFFFFF0CFFFFFFFF0CFFFFFFFF0C060000000C090000000CFFFFFFFF0C070000000B0A0B110D057368656C6C0CFFFFFFFF04FFFFFFFF0CFFFFFFFF0CFFFFFFFF0CFFFFFFFF0C080000000CFFFFFFFF0C0A000000110D046C756D700CFF
310
FFFFFF04FFFFFFFF0CFFFFFFFF0CFFFFFFFF0C090000000C00000000110E03456E640E026F660E0341534D0D0464617461
  0
ACDSRECORD
 90
        1
  2
AcDbDs::ID
280
    10
320
45B
  2
ASM_Data
280
    15
 94
      811
310
414349532042696E61727946696C652855000000000000010000000C00000007214F70656E2044657369676E20416C6C69616E63652041434953204275696C646572070E41434953203231382E3030204E540718546875204A756E2032372031363A32383A3230203230323406000000000000F03F0648AFBC9AF2D77A3E06
310
BBBDD7D9DF7CDB3D0D04626F64790CFFFFFFFF04FFFFFFFF0CFFFFFFFF0C0A0000000CFFFFFFFF0CFFFFFFFF110D05706F696E740CFFFFFFFF04FFFFFFFF0CFFFFFFFF13D2254EB4CC0C35403232D0CECCCC36400000000000000000110D067665727465780CFFFFFFFF04FFFFFFFF0CFFFFFFFF0C0400000004020000000C
310
01000000110E07656C6C697073650D0563757276650CFFFFFFFF04FFFFFFFF0CFFFFFFFF13E93CF05266E634403232D0CECCCC364000000000000000001400000000000000000000000000000000000000000000F03F14B174F4AE3033C33F0000000000000000000000000000008006000000000000F03F0B0B110D046564
310
67650CFFFFFFFF04FFFFFFFF0CFFFFFFFF0C020000000600000000000000000C0200000006182D4454FB2119400C050000000C030000000B0707756E6B6E6F776E110D06636F656467650CFFFFFFFF04FFFFFFFF0CFFFFFFFF0C050000000C050000000CFFFFFFFF0C040000000B0C0600000004000000000CFFFFFFFF110D
310
046C6F6F700CFFFFFFFF04FFFFFFFF0CFFFFFFFF0CFFFFFFFF0C050000000C08000000110E05706C616E650D07737572666163650CFFFFFFFF04FFFFFFFF0CFFFFFFFF137448412233D334403232D0CECCCC364000000000000000001400000000000000800000000000000000000000000000F03F14000000000000F0BF00
310
0000000000000000000000000000800B0B0B0B0B110D04666163650CFFFFFFFF04FFFFFFFF0CFFFFFFFF0CFFFFFFFF0C060000000C090000000CFFFFFFFF0C070000000B0A0B110D057368656C6C0CFFFFFFFF04FFFFFFFF0CFFFFFFFF0CFFFFFFFF0CFFFFFFFF0C080000000CFFFFFFFF0C0A000000110D046C756D700CFF
310
FFFFFF04FFFFFFFF0CFFFFFFFF0CFFFFFFFF0C090000000C00000000110E03456E640E026F660E0341534D0D0464617461
  0
ACDSRECORD
 90
        1
  2
AcDbDs::ID
280
    10
320
45D
  2
ASM_Data
280
    15
 94
      811
310
414349532042696E61727946696C652855000000000000010000000C00000007214F70656E2044657369676E20416C6C69616E63652041434953204275696C646572070E41434953203231382E3030204E540718546875204A756E2032372031363A32383A3230203230323406000000000000F03F0648AFBC9AF2D77A3E06
310
BBBDD7D9DF7CDB3D0D04626F64790CFFFFFFFF04FFFFFFFF0CFFFFFFFF0C0A0000000CFFFFFFFF0CFFFFFFFF110D05706F696E740CFFFFFFFF04FFFFFFFF0CFFFFFFFF13444C681691BE10400FBE2828E2F824400000000000000000110D067665727465780CFFFFFFFF04FFFFFFFF0CFFFFFFFF0C0400000004020000000C
310
01000000110E07656C6C697073650D0563757276650CFFFFFFFF04FFFFFFFF0CFFFFFFFF13F209F216BC160F400FBE2828E2F8244000000000000000001400000000000000000000000000000000000000000000F03F14B174F4AE3033D33F0000000000000000000000000000008006000000000000F03F0B0B110D046564
310
67650CFFFFFFFF04FFFFFFFF0CFFFFFFFF0C020000000600000000000000000C0200000006182D4454FB2119400C050000000C030000000B0707756E6B6E6F776E110D06636F656467650CFFFFFFFF04FFFFFFFF0CFFFFFFFF0C050000000C050000000CFFFFFFFF0C040000000B0C0600000004000000000CFFFFFFFF110D
310
046C6F6F700CFFFFFFFF04FFFFFFFF0CFFFFFFFF0CFFFFFFFF0C050000000C08000000110E05706C616E650D07737572666163650CFFFFFFFF04FFFFFFFF0CFFFFFFFF13A7C2020C89E30D400FBE2828E2F8244000000000000000001400000000000000800000000000000000000000000000F03F14000000000000F0BF00
310
0000000000000000000000000000800B0B0B0B0B110D04666163650CFFFFFFFF04FFFFFFFF0CFFFFFFFF0CFFFFFFFF0C060000000C090000000CFFFFFFFF0C070000000B0A0B110D057368656C6C0CFFFFFFFF04FFFFFFFF0CFFFFFFFF0CFFFFFFFF0CFFFFFFFF0C080000000CFFFFFFFF0C0A000000110D046C756D700CFF
310
FFFFFF04FFFFFFFF0CFFFFFFFF0CFFFFFFFF0C090000000C00000000110E03456E640E026F660E0341534D0D0464617461
  0
ACDSRECORD
 90
        1
  2
AcDbDs::ID
280
    10
320
45F
  2
ASM_Data
280
    15
 94
      811
310
414349532042696E61727946696C652855000000000000010000000C00000007214F70656E2044657369676E20416C6C69616E63652041434953204275696C646572070E41434953203231382E3030204E540718546875204A756E2032372031363A32383A3230203230323406000000000000F03F0648AFBC9AF2D77A3E06
310
BBBDD7D9DF7CDB3D0D04626F64790CFFFFFFFF04FFFFFFFF0CFFFFFFFF0C0A0000000CFFFFFFFF0CFFFFFFFF110D05706F696E740CFFFFFFFF04FFFFFFFF0CFFFFFFFF139FA8F090F72410400FBE2828E2F824400000000000000000110D067665727465780CFFFFFFFF04FFFFFFFF0CFFFFFFFF0C0400000004020000000C
310
01000000110E07656C6C697073650D0563757276650CFFFFFFFF04FFFFFFFF0CFFFFFFFF13F209F216BC160F400FBE2828E2F8244000000000000000001400000000000000000000000000000000000000000000F03F14B174F4AE3033C33F0000000000000000000000000000008006000000000000F03F0B0B110D046564
310
67650CFFFFFFFF04FFFFFFFF0CFFFFFFFF0C020000000600000000000000000C0200000006182D4454FB2119400C050000000C030000000B0707756E6B6E6F776E110D06636F656467650CFFFFFFFF04FFFFFFFF0CFFFFFFFF0C050000000C050000000CFFFFFFFF0C040000000B0C0600000004000000000CFFFFFFFF110D
310
046C6F6F700CFFFFFFFF04FFFFFFFF0CFFFFFFFF0CFFFFFFFF0C050000000C08000000110E05706C616E650D07737572666163650CFFFFFFFF04FFFFFFFF0CFFFFFFFF134C667A91227D0E400FBE2828E2F8244000000000000000001400000000000000800000000000000000000000000000F03F14000000000000F0BF00
310
0000000000000000000000000000800B0B0B0B0B110D04666163650CFFFFFFFF04FFFFFFFF0CFFFFFFFF0CFFFFFFFF0C060000000C090000000CFFFFFFFF0C070000000B0A0B110D057368656C6C0CFFFFFFFF04FFFFFFFF0CFFFFFFFF0CFFFFFFFF0CFFFFFFFF0C080000000CFFFFFFFF0C0A000000110D046C756D700CFF
310
FFFFFF04FFFFFFFF0CFFFFFFFF0CFFFFFFFF0C090000000C00000000110E03456E640E026F660E0341534D0D0464617461
  0
ACDSRECORD
 90
        1
  2
AcDbDs::ID
280
    10
320
461
  2
ASM_Data
280
    15
 94
      811
310
414349532042696E61727946696C652855000000000000010000000C00000007214F70656E2044657369676E20416C6C69616E63652041434953204275696C646572070E41434953203231382E3030204E540718546875204A756E2032372031363A32383A3230203230323406000000000000F03F0648AFBC9AF2D77A3E06
310
BBBDD7D9DF7CDB3D0D04626F64790CFFFFFFFF04FFFFFFFF0CFFFFFFFF0C0A0000000CFFFFFFFF0CFFFFFFFF110D05706F696E740CFFFFFFFF04FFFFFFFF0CFFFFFFFF130199639A65660A4080D360BFCCCC29400000000000000000110D067665727465780CFFFFFFFF04FFFFFFFF0CFFFFFFFF0C0400000004020000000C
310
01000000110E07656C6C697073650D0563757276650CFFFFFFFF04FFFFFFFF0CFFFFFFFF136B0A8584FFFF074080D360BFCCCC294000000000000000001400000000000000000000000000000000000000000000F03F14B174F4AE3033D33F0000000000000000000000000000008006000000000000F03F0B0B110D046564
310
67650CFFFFFFFF04FFFFFFFF0CFFFFFFFF0C020000000600000000000000000C0200000006182D4454FB2119400C050000000C030000000B0707756E6B6E6F776E110D06636F656467650CFFFFFFFF04FFFFFFFF0CFFFFFFFF0C050000000C050000000CFFFFFFFF0C040000000B0C0600000004000000000CFFFFFFFF110D
310
046C6F6F700CFFFFFFFF04FFFFFFFF0CFFFFFFFF0CFFFFFFFF0C050000000C08000000110E05706C616E650D07737572666163650CFFFFFFFF04FFFFFFFF0CFFFFFFFF1320C39579CCCC064080D360BFCCCC294000000000000000001400000000000000800000000000000000000000000000F03F14000000000000F0BF00
310
0000000000000000000000000000800B0B0B0B0B110D04666163650CFFFFFFFF04FFFFFFFF0CFFFFFFFF0CFFFFFFFF0C060000000C090000000CFFFFFFFF0C070000000B0A0B110D057368656C6C0CFFFFFFFF04FFFFFFFF0CFFFFFFFF0CFFFFFFFF0CFFFFFFFF0C080000000CFFFFFFFF0C0A000000110D046C756D700CFF
310
FFFFFF04FFFFFFFF0CFFFFFFFF0CFFFFFFFF0C090000000C00000000110E03456E640E026F660E0341534D0D0464617461
  0
ACDSRECORD
 90
        1
  2
AcDbDs::ID
280
    10
320
463
  2
ASM_Data
280
    15
 94
      811
310
414349532042696E61727946696C652855000000000000010000000C00000007214F70656E2044657369676E20416C6C69616E63652041434953204275696C646572070E41434953203231382E3030204E540718546875204A756E2032372031363A32383A3230203230323406000000000000F03F0648AFBC9AF2D77A3E06
310
BBBDD7D9DF7CDB3D0D04626F64790CFFFFFFFF04FFFFFFFF0CFFFFFFFF0C0A0000000CFFFFFFFF0CFFFFFFFF110D05706F696E740CFFFFFFFF04FFFFFFFF0CFFFFFFFF13B651748F3233094080D360BFCCCC29400000000000000000110D067665727465780CFFFFFFFF04FFFFFFFF0CFFFFFFFF0C0400000004020000000C
310
01000000110E07656C6C697073650D0563757276650CFFFFFFFF04FFFFFFFF0CFFFFFFFF136B0A8584FFFF074080D360BFCCCC294000000000000000001400000000000000000000000000000000000000000000F03F14B174F4AE3033C33F0000000000000000000000000000008006000000000000F03F0B0B110D046564
310
67650CFFFFFFFF04FFFFFFFF0CFFFFFFFF0C020000000600000000000000000C0200000006182D4454FB2119400C050000000C030000000B0707756E6B6E6F776E110D06636F656467650CFFFFFFFF04FFFFFFFF0CFFFFFFFF0C050000000C050000000CFFFFFFFF0C040000000B0C0600000004000000000CFFFFFFFF110D
310
046C6F6F700CFFFFFFFF04FFFFFFFF0CFFFFFFFF0CFFFFFFFF0C050000000C08000000110E05706C616E650D07737572666163650CFFFFFFFF04FFFFFFFF0CFFFFFFFF13C6660DFF6566074080D360BFCCCC294000000000000000001400000000000000800000000000000000000000000000F03F14000000000000F0BF00
310
0000000000000000000000000000800B0B0B0B0B110D04666163650CFFFFFFFF04FFFFFFFF0CFFFFFFFF0CFFFFFFFF0C060000000C090000000CFFFFFFFF0C070000000B0A0B110D057368656C6C0CFFFFFFFF04FFFFFFFF0CFFFFFFFF0CFFFFFFFF0CFFFFFFFF0C080000000CFFFFFFFF0C0A000000110D046C756D700CFF
310
FFFFFF04FFFFFFFF0CFFFFFFFF0CFFFFFFFF0C090000000C00000000110E03456E640E026F660E0341534D0D0464617461
  0
ACDSRECORD
 90
        1
  2
AcDbDs::ID
280
    10
320
465
  2
ASM_Data
280
    15
 94
      811
310
414349532042696E61727946696C652855000000000000010000000C00000007214F70656E2044657369676E20416C6C69616E63652041434953204275696C646572070E41434953203231382E3030204E540718546875204A756E2032372031363A32383A3230203230323406000000000000F03F0648AFBC9AF2D77A3E06
310
BBBDD7D9DF7CDB3D0D04626F64790CFFFFFFFF04FFFFFFFF0CFFFFFFFF0C0A0000000CFFFFFFFF0CFFFFFFFF110D05706F696E740CFFFFFFFF04FFFFFFFF0CFFFFFFFF1385807498CCCC104080D360BFCCCC29400000000000000000110D067665727465780CFFFFFFFF04FFFFFFFF0CFFFFFFFF0C0400000004020000000C
310
01000000110E07656C6C697073650D0563757276650CFFFFFFFF04FFFFFFFF0CFFFFFFFF1374720A1B33330F4080D360BFCCCC294000000000000000001400000000000000000000000000000000000000000000F03F14B174F4AE3033D33F0000000000000000000000000000008006000000000000F03F0B0B110D046564
310
67650CFFFFFFFF04FFFFFFFF0CFFFFFFFF0C020000000600000000000000000C0200000006182D4454FB2119400C050000000C030000000B0707756E6B6E6F776E110D06636F656467650CFFFFFFFF04FFFFFFFF0CFFFFFFFF0C050000000C050000000CFFFFFFFF0C040000000B0C0600000004000000000CFFFFFFFF110D
310
046C6F6F700CFFFFFFFF04FFFFFFFF0CFFFFFFFF0CFFFFFFFF0C050000000C08000000110E05706C616E650D07737572666163650CFFFFFFFF04FFFFFFFF0CFFFFFFFF13292B1B1000000E4080D360BFCCCC294000000000000000001400000000000000800000000000000000000000000000F03F14000000000000F0BF00
310
0000000000000000000000000000800B0B0B0B0B110D04666163650CFFFFFFFF04FFFFFFFF0CFFFFFFFF0CFFFFFFFF0C060000000C090000000CFFFFFFFF0C070000000B0A0B110D057368656C6C0CFFFFFFFF04FFFFFFFF0CFFFFFFFF0CFFFFFFFF0CFFFFFFFF0C080000000CFFFFFFFF0C0A000000110D046C756D700CFF
310
FFFFFF04FFFFFFFF0CFFFFFFFF0CFFFFFFFF0C090000000C00000000110E03456E640E026F660E0341534D0D0464617461
  0
ACDSRECORD
 90
        1
  2
AcDbDs::ID
280
    10
320
467
  2
ASM_Data
280
    15
 94
      811
310
414349532042696E61727946696C652855000000000000010000000C00000007214F70656E2044657369676E20416C6C69616E63652041434953204275696C646572070E41434953203231382E3030204E540718546875204A756E2032372031363A32383A3230203230323406000000000000F03F0648AFBC9AF2D77A3E06
310
BBBDD7D9DF7CDB3D0D04626F64790CFFFFFFFF04FFFFFFFF0CFFFFFFFF0C0A0000000CFFFFFFFF0CFFFFFFFF110D05706F696E740CFFFFFFFF04FFFFFFFF0CFFFFFFFF13E0DCFC123333104080D360BFCCCC29400000000000000000110D067665727465780CFFFFFFFF04FFFFFFFF0CFFFFFFFF0C0400000004020000000C
310
01000000110E07656C6C697073650D0563757276650CFFFFFFFF04FFFFFFFF0CFFFFFFFF1374720A1B33330F4080D360BFCCCC294000000000000000001400000000000000000000000000000000000000000000F03F14B174F4AE3033C33F0000000000000000000000000000008006000000000000F03F0B0B110D046564
310
67650CFFFFFFFF04FFFFFFFF0CFFFFFFFF0C020000000600000000000000000C0200000006182D4454FB2119400C050000000C030000000B0707756E6B6E6F776E110D06636F656467650CFFFFFFFF04FFFFFFFF0CFFFFFFFF0C050000000C050000000CFFFFFFFF0C040000000B0C0600000004000000000CFFFFFFFF110D
310
046C6F6F700CFFFFFFFF04FFFFFFFF0CFFFFFFFF0CFFFFFFFF0C050000000C08000000110E05706C616E650D07737572666163650CFFFFFFFF04FFFFFFFF0CFFFFFFFF13CECE929599990E4080D360BFCCCC294000000000000000001400000000000000800000000000000000000000000000F03F14000000000000F0BF00
310
0000000000000000000000000000800B0B0B0B0B110D04666163650CFFFFFFFF04FFFFFFFF0CFFFFFFFF0CFFFFFFFF0C060000000C090000000CFFFFFFFF0C070000000B0A0B110D057368656C6C0CFFFFFFFF04FFFFFFFF0CFFFFFFFF0CFFFFFFFF0CFFFFFFFF0C080000000CFFFFFFFF0C0A000000110D046C756D700CFF
310
FFFFFF04FFFFFFFF0CFFFFFFFF0CFFFFFFFF0C090000000C00000000110E03456E640E026F660E0341534D0D0464617461
  0
ACDSRECORD
 90
        1
  2
AcDbDs::ID
280
    10
320
469
  2
ASM_Data
280
    15
 94
      811
310
414349532042696E61727946696C652855000000000000010000000C00000007214F70656E2044657369676E20416C6C69616E63652041434953204275696C646572070E41434953203231382E3030204E540718546875204A756E2032372031363A32383A3230203230323406000000000000F03F0648AFBC9AF2D77A3E06
310
BBBDD7D9DF7CDB3D0D04626F64790CFFFFFFFF04FFFFFFFF0CFFFFFFFF0C0A0000000CFFFFFFFF0CFFFFFFFF110D05706F696E740CFFFFFFFF04FFFFFFFF0CFFFFFFFF13CFBE6EE898990940E4903FDECCCC23400000000000000000110D067665727465780CFFFFFFFF04FFFFFFFF0CFFFFFFFF0C0400000004020000000C
310
01000000110E07656C6C697073650D0563757276650CFFFFFFFF04FFFFFFFF0CFFFFFFFF13393090D232330740E4903FDECCCC234000000000000000001400000000000000000000000000000000000000000000F03F14B174F4AE3033D33F0000000000000000000000000000008006000000000000F03F0B0B110D046564
310
67650CFFFFFFFF04FFFFFFFF0CFFFFFFFF0C020000000600000000000000000C0200000006182D4454FB2119400C050000000C030000000B0707756E6B6E6F776E110D06636F656467650CFFFFFFFF04FFFFFFFF0CFFFFFFFF0C050000000C050000000CFFFFFFFF0C040000000B0C0600000004000000000CFFFFFFFF110D
310
046C6F6F700CFFFFFFFF04FFFFFFFF0CFFFFFFFF0CFFFFFFFF0C050000000C08000000110E05706C616E650D07737572666163650CFFFFFFFF04FFFFFFFF0CFFFFFFFF13EEE8A0C7FFFF0540E4903FDECCCC234000000000000000001400000000000000800000000000000000000000000000F03F14000000000000F0BF00
310
0000000000000000000000000000800B0B0B0B0B110D04666163650CFFFFFFFF04FFFFFFFF0CFFFFFFFF0CFFFFFFFF0C060000000C090000000CFFFFFFFF0C070000000B0A0B110D057368656C6C0CFFFFFFFF04FFFFFFFF0CFFFFFFFF0CFFFFFFFF0CFFFFFFFF0C080000000CFFFFFFFF0C0A000000110D046C756D700CFF
310
FFFFFF04FFFFFFFF0CFFFFFFFF0CFFFFFFFF0C090000000C00000000110E03456E640E026F660E0341534D0D0464617461
  0
ACDSRECORD
 90
        1
  2
AcDbDs::ID
280
    10
320
46B
  2
ASM_Data
280
    15
 94
      811
310
414349532042696E61727946696C652855000000000000010000000C00000007214F70656E2044657369676E20416C6C69616E63652041434953204275696C646572070E41434953203231382E3030204E540718546875204A756E2032372031363A32383A3230203230323406000000000000F03F0648AFBC9AF2D77A3E06
310
BBBDD7D9DF7CDB3D0D04626F64790CFFFFFFFF04FFFFFFFF0CFFFFFFFF0C0A0000000CFFFFFFFF0CFFFFFFFF110D05706F696E740CFFFFFFFF04FFFFFFFF0CFFFFFFFF1384777FDD65660840E4903FDECCCC23400000000000000000110D067665727465780CFFFFFFFF04FFFFFFFF0CFFFFFFFF0C0400000004020000000C
310
01000000110E07656C6C697073650D0563757276650CFFFFFFFF04FFFFFFFF0CFFFFFFFF13393090D232330740E4903FDECCCC234000000000000000001400000000000000000000000000000000000000000000F03F14B174F4AE3033C33F0000000000000000000000000000008006000000000000F03F0B0B110D046564
310
67650CFFFFFFFF04FFFFFFFF0CFFFFFFFF0C020000000600000000000000000C0200000006182D4454FB2119400C050000000C030000000B0707756E6B6E6F776E110D06636F656467650CFFFFFFFF04FFFFFFFF0CFFFFFFFF0C050000000C050000000CFFFFFFFF0C040000000B0C0600000004000000000CFFFFFFFF110D
310
046C6F6F700CFFFFFFFF04FFFFFFFF0CFFFFFFFF0CFFFFFFFF0C050000000C08000000110E05706C616E650D07737572666163650CFFFFFFFF04FFFFFFFF0CFFFFFFFF13948C184D99990640E4903FDECCCC234000000000000000001400000000000000800000000000000000000000000000F03F14000000000000F0BF00
310
0000000000000000000000000000800B0B0B0B0B110D04666163650CFFFFFFFF04FFFFFFFF0CFFFFFFFF0CFFFFFFFF0C060000000C090000000CFFFFFFFF0C070000000B0A0B110D057368656C6C0CFFFFFFFF04FFFFFFFF0CFFFFFFFF0CFFFFFFFF0CFFFFFFFF0C080000000CFFFFFFFF0C0A000000110D046C756D700CFF
310
FFFFFF04FFFFFFFF0CFFFFFFFF0CFFFFFFFF0C090000000C00000000110E03456E640E026F660E0341534D0D0464617461
  0
ACDSRECORD
 90
        1
  2
AcDbDs::ID
280
    10
320
46D
  2
ASM_Data
280
    15
 94
      811
310
414349532042696E61727946696C652855000000000000010000000C00000007214F70656E2044657369676E20416C6C69616E63652041434953204275696C646572070E41434953203231382E3030204E540718546875204A756E2032372031363A32383A3230203230323406000000000000F03F0648AFBC9AF2D77A3E06
310
BBBDD7D9DF7CDB3D0D04626F64790CFFFFFFFF04FFFFFFFF0CFFFFFFFF0C0A0000000CFFFFFFFF0CFFFFFFFF110D05706F696E740CFFFFFFFF04FFFFFFFF0CFFFFFFFF135751CDF632331B404298156966661E400000000000000000110D067665727465780CFFFFFFFF04FFFFFFFF0CFFFFFFFF0C0400000004020000000C
310
01000000110E07656C6C697073650D0563757276650CFFFFFFFF04FFFFFFFF0CFFFFFFFF130C0ADEEBFFFF19404298156966661E4000000000000000001400000000000000000000000000000000000000000000F03F14B174F4AE3033D33F0000000000000000000000000000008006000000000000F03F0B0B110D046564
310
67650CFFFFFFFF04FFFFFFFF0CFFFFFFFF0C020000000600000000000000000C0200000006182D4454FB2119400C050000000C030000000B0707756E6B6E6F776E110D06636F656467650CFFFFFFFF04FFFFFFFF0CFFFFFFFF0C050000000C050000000CFFFFFFFF0C040000000B0C0600000004000000000CFFFFFFFF110D
310
046C6F6F700CFFFFFFFF04FFFFFFFF0CFFFFFFFF0CFFFFFFFF0C050000000C08000000110E05706C616E650D07737572666163650CFFFFFFFF04FFFFFFFF0CFFFFFFFF1366666666666619404298156966661E4000000000000000001400000000000000800000000000000000000000000000F03F14000000000000F0BF00
310
0000000000000000000000000000800B0B0B0B0B110D04666163650CFFFFFFFF04FFFFFFFF0CFFFFFFFF0CFFFFFFFF0C060000000C090000000CFFFFFFFF0C070000000B0A0B110D057368656C6C0CFFFFFFFF04FFFFFFFF0CFFFFFFFF0CFFFFFFFF0CFFFFFFFF0C080000000CFFFFFFFF0C0A000000110D046C756D700CFF
310
FFFFFF04FFFFFFFF0CFFFFFFFF0CFFFFFFFF0C090000000C00000000110E03456E640E026F660E0341534D0D0464617461
  0
ACDSRECORD
 90
        1
  2
AcDbDs::ID
280
    10
320
46F
  2
ASM_Data
280
    15
 94
      811
310
414349532042696E61727946696C652855000000000000010000000C00000007214F70656E2044657369676E20416C6C69616E63652041434953204275696C646572070E41434953203231382E3030204E540718546875204A756E2032372031363A32383A3230203230323406000000000000F03F0648AFBC9AF2D77A3E06
310
BBBDD7D9DF7CDB3D0D04626F64790CFFFFFFFF04FFFFFFFF0CFFFFFFFF0C0A0000000CFFFFFFFF0CFFFFFFFF110D05706F696E740CFFFFFFFF04FFFFFFFF0CFFFFFFFF13B2AD557199991A404298156966661E400000000000000000110D067665727465780CFFFFFFFF04FFFFFFFF0CFFFFFFFF0C0400000004020000000C
310
01000000110E07656C6C697073650D0563757276650CFFFFFFFF04FFFFFFFF0CFFFFFFFF130C0ADEEBFFFF19404298156966661E4000000000000000001400000000000000000000000000000000000000000000F03F14B174F4AE3033C33F0000000000000000000000000000008006000000000000F03F0B0B110D046564
310
67650CFFFFFFFF04FFFFFFFF0CFFFFFFFF0C020000000600000000000000000C0200000006182D4454FB2119400C050000000C030000000B0707756E6B6E6F776E110D06636F656467650CFFFFFFFF04FFFFFFFF0CFFFFFFFF0C050000000C050000000CFFFFFFFF0C040000000B0C0600000004000000000CFFFFFFFF110D
310
046C6F6F700CFFFFFFFF04FFFFFFFF0CFFFFFFFF0CFFFFFFFF0C050000000C08000000110E05706C616E650D07737572666163650CFFFFFFFF04FFFFFFFF0CFFFFFFFF133938222933B319404298156966661E4000000000000000001400000000000000800000000000000000000000000000F03F14000000000000F0BF00
310
0000000000000000000000000000800B0B0B0B0B110D04666163650CFFFFFFFF04FFFFFFFF0CFFFFFFFF0CFFFFFFFF0C060000000C090000000CFFFFFFFF0C070000000B0A0B110D057368656C6C0CFFFFFFFF04FFFFFFFF0CFFFFFFFF0CFFFFFFFF0CFFFFFFFF0C080000000CFFFFFFFF0C0A000000110D046C756D700CFF
310
FFFFFF04FFFFFFFF0CFFFFFFFF0CFFFFFFFF0C090000000C00000000110E03456E640E026F660E0341534D0D0464617461
  0
ACDSRECORD
 90
        1
  2
AcDbDs::ID
280
    10
320
471
  2
ASM_Data
280
    15
 94
      811
310
414349532042696E61727946696C652855000000000000010000000C00000007214F70656E2044657369676E20416C6C69616E63652041434953204275696C646572070E41434953203231382E3030204E540718546875204A756E2032372031363A32383A3230203230323406000000000000F03F0648AFBC9AF2D77A3E06
310
BBBDD7D9DF7CDB3D0D04626F64790CFFFFFFFF04FFFFFFFF0CFFFFFFFF0C0A0000000CFFFFFFFF0CFFFFFFFF110D05706F696E740CFFFFFFFF04FFFFFFFF0CFFFFFFFF13E703FA2B010043407B7C08CB54B812400000000000000000110D067665727465780CFFFFFFFF04FFFFFFFF0CFFFFFFFF0C0400000004020000000C
310
01000000110E07656C6C697073650D0563757276650CFFFFFFFF04FFFFFFFF0CFFFFFFFF1394DBD52F014042407B7C08CB54B8124000000000000000001400000000000000000000000000000000000000000000F03F146B0A8584FFFFF73F0000000000000000000000000000008006000000000000F03F0B0B110D046564
310
67650CFFFFFFFF04FFFFFFFF0CFFFFFFFF0C020000000600000000000000000C0200000006182D4454FB2119400C050000000C030000000B0707756E6B6E6F776E110D06636F656467650CFFFFFFFF04FFFFFFFF0CFFFFFFFF0C050000000C050000000CFFFFFFFF0C040000000B0C0600000004000000000CFFFFFFFF110D
310
046C6F6F700CFFFFFFFF04FFFFFFFF0CFFFFFFFF0CFFFFFFFF0C050000000C08000000110E05706C616E650D07737572666163650CFFFFFFFF04FFFFFFFF0CFFFFFFFF136AC7C33101E041407B7C08CB54B8124000000000000000001400000000000000800000000000000000000000000000F03F14000000000000F0BF00
310
0000000000000000000000000000800B0B0B0B0B110D04666163650CFFFFFFFF04FFFFFFFF0CFFFFFFFF0CFFFFFFFF0C060000000C090000000CFFFFFFFF0C070000000B0A0B110D057368656C6C0CFFFFFFFF04FFFFFFFF0CFFFFFFFF0CFFFFFFFF0CFFFFFFFF0C080000000CFFFFFFFF0C0A000000110D046C756D700CFF
310
FFFFFF04FFFFFFFF0CFFFFFFFF0CFFFFFFFF0C090000000C00000000110E03456E640E026F660E0341534D0D0464617461
  0
ACDSRECORD
 90
        1
  2
AcDbDs::ID
280
    10
320
473
  2
ASM_Data
280
    15
 94
      811
310
414349532042696E61727946696C652855000000000000010000000C00000007214F70656E2044657369676E20416C6C69616E63652041434953204275696C646572070E41434953203231382E3030204E540718546875204A756E2032372031363A32383A3230203230323406000000000000F03F0648AFBC9AF2D77A3E06
310
BBBDD7D9DF7CDB3D0D04626F64790CFFFFFFFF04FFFFFFFF0CFFFFFFFF0C0A0000000CFFFFFFFF0CFFFFFFFF110D05706F696E740CFFFFFFFF04FFFFFFFF0CFFFFFFFF138A5119F7CD0C43407B7C08CB54B812400000000000000000110D067665727465780CFFFFFFFF04FFFFFFFF0CFFFFFFFF0C0400000004020000000C
310
01000000110E07656C6C697073650D0563757276650CFFFFFFFF04FFFFFFFF0CFFFFFFFF1394DBD52F014042407B7C08CB54B8124000000000000000001400000000000000000000000000000000000000000000F03F14CFBE6EE89899F93F0000000000000000000000000000008006000000000000F03F0B0B110D046564
310
67650CFFFFFFFF04FFFFFFFF0CFFFFFFFF0C020000000600000000000000000C0200000006182D4454FB2119400C050000000C030000000B0707756E6B6E6F776E110D06636F656467650CFFFFFFFF04FFFFFFFF0CFFFFFFFF0C050000000C050000000CFFFFFFFF0C040000000B0C0600000004000000000CFFFFFFFF110D
310
046C6F6F700CFFFFFFFF04FFFFFFFF0CFFFFFFFF0CFFFFFFFF0C050000000C08000000110E05706C616E650D07737572666163650CFFFFFFFF04FFFFFFFF0CFFFFFFFF13992034CC9AD941407B7C08CB54B8124000000000000000001400000000000000800000000000000000000000000000F03F14000000000000F0BF00
310
0000000000000000000000000000800B0B0B0B0B110D04666163650CFFFFFFFF04FFFFFFFF0CFFFFFFFF0CFFFFFFFF0C060000000C090000000CFFFFFFFF0C070000000B0A0B110D057368656C6C0CFFFFFFFF04FFFFFFFF0CFFFFFFFF0CFFFFFFFF0CFFFFFFFF0C080000000CFFFFFFFF0C0A000000110D046C756D700CFF
310
FFFFFF04FFFFFFFF0CFFFFFFFF0CFFFFFFFF0C090000000C00000000110E03456E640E026F660E0341534D0D0464617461
  0
ACDSRECORD
 90
        1
  2
AcDbDs::ID
280
    10
320
475
  2
ASM_Data
280
    15
 94
      811
310
414349532042696E61727946696C652855000000000000010000000C00000007214F70656E2044657369676E20416C6C69616E63652041434953204275696C646572070E41434953203231382E3030204E540718546875204A756E2032372031363A32383A3230203230323406000000000000F03F0648AFBC9AF2D77A3E06
310
BBBDD7D9DF7CDB3D0D04626F64790CFFFFFFFF04FFFFFFFF0CFFFFFFFF0C0A0000000CFFFFFFFF0CFFFFFFFF110D05706F696E740CFFFFFFFF04FFFFFFFF0CFFFFFFFF13E703FA2B0100434072C5411915AE34400000000000000000110D067665727465780CFFFFFFFF04FFFFFFFF0CFFFFFFFF0C0400000004020000000C
310
01000000110E07656C6C697073650D0563757276650CFFFFFFFF04FFFFFFFF0CFFFFFFFF1394DBD52F0140424072C5411915AE344000000000000000001400000000000000000000000000000000000000000000F03F146B0A8584FFFFF73F0000000000000000000000000000008006000000000000F03F0B0B110D046564
310
67650CFFFFFFFF04FFFFFFFF0CFFFFFFFF0C020000000600000000000000000C0200000006182D4454FB2119400C050000000C030000000B0707756E6B6E6F776E110D06636F656467650CFFFFFFFF04FFFFFFFF0CFFFFFFFF0C050000000C050000000CFFFFFFFF0C040000000B0C0600000004000000000CFFFFFFFF110D
310
046C6F6F700CFFFFFFFF04FFFFFFFF0CFFFFFFFF0CFFFFFFFF0C050000000C08000000110E05706C616E650D07737572666163650CFFFFFFFF04FFFFFFFF0CFFFFFFFF136AC7C33101E0414072C5411915AE344000000000000000001400000000000000800000000000000000000000000000F03F14000000000000F0BF00
310
0000000000000000000000000000800B0B0B0B0B110D04666163650CFFFFFFFF04FFFFFFFF0CFFFFFFFF0CFFFFFFFF0C060000000C090000000CFFFFFFFF0C070000000B0A0B110D057368656C6C0CFFFFFFFF04FFFFFFFF0CFFFFFFFF0CFFFFFFFF0CFFFFFFFF0C080000000CFFFFFFFF0C0A000000110D046C756D700CFF
310
FFFFFF04FFFFFFFF0CFFFFFFFF0CFFFFFFFF0C090000000C00000000110E03456E640E026F660E0341534D0D0464617461
  0
ACDSRECORD
 90
        1
  2
AcDbDs::ID
280
    10
320
477
  2
ASM_Data
280
    15
 94
      811
310
414349532042696E61727946696C652855000000000000010000000C00000007214F70656E2044657369676E20416C6C69616E63652041434953204275696C646572070E41434953203231382E3030204E540718546875204A756E2032372031363A32383A3230203230323406000000000000F03F0648AFBC9AF2D77A3E06
310
BBBDD7D9DF7CDB3D0D04626F64790CFFFFFFFF04FFFFFFFF0CFFFFFFFF0C0A0000000CFFFFFFFF0CFFFFFFFF110D05706F696E740CFFFFFFFF04FFFFFFFF0CFFFFFFFF138A5119F7CD0C434072C5411915AE34400000000000000000110D067665727465780CFFFFFFFF04FFFFFFFF0CFFFFFFFF0C0400000004020000000C
310
01000000110E07656C6C697073650D0563757276650CFFFFFFFF04FFFFFFFF0CFFFFFFFF1394DBD52F0140424072C5411915AE344000000000000000001400000000000000000000000000000000000000000000F03F14CFBE6EE89899F93F0000000000000000000000000000008006000000000000F03F0B0B110D046564
310
67650CFFFFFFFF04FFFFFFFF0CFFFFFFFF0C020000000600000000000000000C0200000006182D4454FB2119400C050000000C030000000B0707756E6B6E6F776E110D06636F656467650CFFFFFFFF04FFFFFFFF0CFFFFFFFF0C050000000C050000000CFFFFFFFF0C040000000B0C0600000004000000000CFFFFFFFF110D
310
046C6F6F700CFFFFFFFF04FFFFFFFF0CFFFFFFFF0CFFFFFFFF0C050000000C08000000110E05706C616E650D07737572666163650CFFFFFFFF04FFFFFFFF0CFFFFFFFF13992034CC9AD9414072C5411915AE344000000000000000001400000000000000800000000000000000000000000000F03F14000000000000F0BF00
310
0000000000000000000000000000800B0B0B0B0B110D04666163650CFFFFFFFF04FFFFFFFF0CFFFFFFFF0CFFFFFFFF0C060000000C090000000CFFFFFFFF0C070000000B0A0B110D057368656C6C0CFFFFFFFF04FFFFFFFF0CFFFFFFFF0CFFFFFFFF0CFFFFFFFF0C080000000CFFFFFFFF0C0A000000110D046C756D700CFF
310
FFFFFF04FFFFFFFF0CFFFFFFFF0CFFFFFFFF0C090000000C00000000110E03456E640E026F660E0341534D0D0464617461
  0
ACDSRECORD
 90
        1
  2
AcDbDs::ID
280
    10
320
479
  2
ASM_Data
280
    15
 94
      811
310
414349532042696E61727946696C652855000000000000010000000C00000007214F70656E2044657369676E20416C6C69616E63652041434953204275696C646572070E41434953203231382E3030204E540718546875204A756E2032372031363A32383A3230203230323406000000000000F03F0648AFBC9AF2D77A3E06
310
BBBDD7D9DF7CDB3D0D04626F64790CFFFFFFFF04FFFFFFFF0CFFFFFFFF0C0A0000000CFFFFFFFF0CFFFFFFFF110D05706F696E740CFFFFFFFF04FFFFFFFF0CFFFFFFFF133F3F42830300184072C5411915AE34400000000000000000110D067665727465780CFFFFFFFF04FFFFFFFF0CFFFFFFFF0C0400000004020000000C
310
01000000110E07656C6C697073650D0563757276650CFFFFFFFF04FFFFFFFF0CFFFFFFFF13A4FC20A20300124072C5411915AE344000000000000000001400000000000000000000000000000000000000000000F03F146B0A8584FFFFF73F0000000000000000000000000000008006000000000000F03F0B0B110D046564
310
67650CFFFFFFFF04FFFFFFFF0CFFFFFFFF0C020000000600000000000000000C0200000006182D4454FB2119400C050000000C030000000B0707756E6B6E6F776E110D06636F656467650CFFFFFFFF04FFFFFFFF0CFFFFFFFF0C050000000C050000000CFFFFFFFF0C040000000B0C0600000004000000000CFFFFFFFF110D
310
046C6F6F700CFFFFFFFF04FFFFFFFF0CFFFFFFFF0CFFFFFFFF0C050000000C08000000110E05706C616E650D07737572666163650CFFFFFFFF04FFFFFFFF0CFFFFFFFF13ADB6206307000E4072C5411915AE344000000000000000001400000000000000800000000000000000000000000000F03F14000000000000F0BF00
310
0000000000000000000000000000800B0B0B0B0B110D04666163650CFFFFFFFF04FFFFFFFF0CFFFFFFFF0CFFFFFFFF0C060000000C090000000CFFFFFFFF0C070000000B0A0B110D057368656C6C0CFFFFFFFF04FFFFFFFF0CFFFFFFFF0CFFFFFFFF0CFFFFFFFF0C080000000CFFFFFFFF0C0A000000110D046C756D700CFF
310
FFFFFF04FFFFFFFF0CFFFFFFFF0CFFFFFFFF0C090000000C00000000110E03456E640E026F660E0341534D0D0464617461
  0
ACDSRECORD
 90
        1
  2
AcDbDs::ID
280
    10
320
47B
  2
ASM_Data
280
    15
 94
      811
310
414349532042696E61727946696C652855000000000000010000000C00000007214F70656E2044657369676E20416C6C69616E63652041434953204275696C646572070E41434953203231382E3030204E540718546875204A756E2032372031363A32383A3230203230323406000000000000F03F0648AFBC9AF2D77A3E06
310
BBBDD7D9DF7CDB3D0D04626F64790CFFFFFFFF04FFFFFFFF0CFFFFFFFF0C0A0000000CFFFFFFFF0CFFFFFFFF110D05706F696E740CFFFFFFFF04FFFFFFFF0CFFFFFFFF1358AC3CDC6966184072C5411915AE34400000000000000000110D067665727465780CFFFFFFFF04FFFFFFFF0CFFFFFFFF0C0400000004020000000C
310
01000000110E07656C6C697073650D0563757276650CFFFFFFFF04FFFFFFFF0CFFFFFFFF13A4FC20A20300124072C5411915AE344000000000000000001400000000000000000000000000000000000000000000F03F14CFBE6EE89899F93F0000000000000000000000000000008006000000000000F03F0B0B110D046564
310
67650CFFFFFFFF04FFFFFFFF0CFFFFFFFF0C020000000600000000000000000C0200000006182D4454FB2119400C050000000C030000000B0707756E6B6E6F776E110D06636F656467650CFFFFFFFF04FFFFFFFF0CFFFFFFFF0C050000000C050000000CFFFFFFFF0C040000000B0C0600000004000000000CFFFFFFFF110D
310
046C6F6F700CFFFFFFFF04FFFFFFFF0CFFFFFFFF0CFFFFFFFF0C050000000C08000000110E05706C616E650D07737572666163650CFFFFFFFF04FFFFFFFF0CFFFFFFFF139449260AA1990D4072C5411915AE344000000000000000001400000000000000800000000000000000000000000000F03F14000000000000F0BF00
310
0000000000000000000000000000800B0B0B0B0B110D04666163650CFFFFFFFF04FFFFFFFF0CFFFFFFFF0CFFFFFFFF0C060000000C090000000CFFFFFFFF0C070000000B0A0B110D057368656C6C0CFFFFFFFF04FFFFFFFF0CFFFFFFFF0CFFFFFFFF0CFFFFFFFF0C080000000CFFFFFFFF0C0A000000110D046C756D700CFF
310
FFFFFF04FFFFFFFF0CFFFFFFFF0CFFFFFFFF0C090000000C00000000110E03456E640E026F660E0341534D0D0464617461
  0
ACDSRECORD
 90
        1
  2
AcDbDs::ID
280
    10
320
47D
  2
ASM_Data
280
    15
 94
      811
310
414349532042696E61727946696C652855000000000000010000000C00000007214F70656E2044657369676E20416C6C69616E63652041434953204275696C646572070E41434953203231382E3030204E540718546875204A756E2032372031363A32383A3230203230323406000000000000F03F0648AFBC9AF2D77A3E06
310
BBBDD7D9DF7CDB3D0D04626F64790CFFFFFFFF04FFFFFFFF0CFFFFFFFF0C0A0000000CFFFFFFFF0CFFFFFFFF110D05706F696E740CFFFFFFFF04FFFFFFFF0CFFFFFFFF133F3F4283030018407B7C08CB54B812400000000000000000110D067665727465780CFFFFFFFF04FFFFFFFF0CFFFFFFFF0C0400000004020000000C
310
01000000110E07656C6C697073650D0563757276650CFFFFFFFF04FFFFFFFF0CFFFFFFFF13A4FC20A2030012407B7C08CB54B8124000000000000000001400000000000000000000000000000000000000000000F03F146B0A8584FFFFF73F0000000000000000000000000000008006000000000000F03F0B0B110D046564
310
67650CFFFFFFFF04FFFFFFFF0CFFFFFFFF0C020000000600000000000000000C0200000006182D4454FB2119400C050000000C030000000B0707756E6B6E6F776E110D06636F656467650CFFFFFFFF04FFFFFFFF0CFFFFFFFF0C050000000C050000000CFFFFFFFF0C040000000B0C0600000004000000000CFFFFFFFF110D
310
046C6F6F700CFFFFFFFF04FFFFFFFF0CFFFFFFFF0CFFFFFFFF0C050000000C08000000110E05706C616E650D07737572666163650CFFFFFFFF04FFFFFFFF0CFFFFFFFF13ADB6206307000E407B7C08CB54B8124000000000000000001400000000000000800000000000000000000000000000F03F14000000000000F0BF00
310
0000000000000000000000000000800B0B0B0B0B110D04666163650CFFFFFFFF04FFFFFFFF0CFFFFFFFF0CFFFFFFFF0C060000000C090000000CFFFFFFFF0C070000000B0A0B110D057368656C6C0CFFFFFFFF04FFFFFFFF0CFFFFFFFF0CFFFFFFFF0CFFFFFFFF0C080000000CFFFFFFFF0C0A000000110D046C756D700CFF
310
FFFFFF04FFFFFFFF0CFFFFFFFF0CFFFFFFFF0C090000000C00000000110E03456E640E026F660E0341534D0D0464617461
  0
ACDSRECORD
 90
        1
  2
AcDbDs::ID
280
    10
320
47F
  2
ASM_Data
280
    15
 94
      811
310
414349532042696E61727946696C652855000000000000010000000C00000007214F70656E2044657369676E20416C6C69616E63652041434953204275696C646572070E41434953203231382E3030204E540718546875204A756E2032372031363A32383A3230203230323406000000000000F03F0648AFBC9AF2D77A3E06
310
BBBDD7D9DF7CDB3D0D04626F64790CFFFFFFFF04FFFFFFFF0CFFFFFFFF0C0A0000000CFFFFFFFF0CFFFFFFFF110D05706F696E740CFFFFFFFF04FFFFFFFF0CFFFFFFFF1358AC3CDC696618407B7C08CB54B812400000000000000000110D067665727465780CFFFFFFFF04FFFFFFFF0CFFFFFFFF0C0400000004020000000C
310
01000000110E07656C6C697073650D0563757276650CFFFFFFFF04FFFFFFFF0CFFFFFFFF13A4FC20A2030012407B7C08CB54B8124000000000000000001400000000000000000000000000000000000000000000F03F14CFBE6EE89899F93F0000000000000000000000000000008006000000000000F03F0B0B110D046564
310
67650CFFFFFFFF04FFFFFFFF0CFFFFFFFF0C020000000600000000000000000C0200000006182D4454FB2119400C050000000C030000000B0707756E6B6E6F776E110D06636F656467650CFFFFFFFF04FFFFFFFF0CFFFFFFFF0C050000000C050000000CFFFFFFFF0C040000000B0C0600000004000000000CFFFFFFFF110D
310
046C6F6F700CFFFFFFFF04FFFFFFFF0CFFFFFFFF0CFFFFFFFF0C050000000C08000000110E05706C616E650D07737572666163650CFFFFFFFF04FFFFFFFF0CFFFFFFFF139449260AA1990D407B7C08CB54B8124000000000000000001400000000000000800000000000000000000000000000F03F14000000000000F0BF00
310
0000000000000000000000000000800B0B0B0B0B110D04666163650CFFFFFFFF04FFFFFFFF0CFFFFFFFF0CFFFFFFFF0C060000000C090000000CFFFFFFFF0C070000000B0A0B110D057368656C6C0CFFFFFFFF04FFFFFFFF0CFFFFFFFF0CFFFFFFFF0CFFFFFFFF0C080000000CFFFFFFFF0C0A000000110D046C756D700CFF
310
FFFFFF04FFFFFFFF0CFFFFFFFF0CFFFFFFFF0C090000000C00000000110E03456E640E026F660E0341534D0D0464617461
  0
ACDSRECORD
 90
        1
  2
AcDbDs::ID
280
    10
320
AF8
  2
ASM_Data
280
    15
 94
      811
310
414349532042696E61727946696C652855000000000000010000000C00000007214F70656E2044657369676E20416C6C69616E63652041434953204275696C646572070E41434953203231382E3030204E540718546875204A756E2032372031363A32383A3230203230323406000000000000F03F0648AFBC9AF2D77A3E06
310
BBBDD7D9DF7CDB3D0D04626F64790CFFFFFFFF04FFFFFFFF0CFFFFFFFF0C0A0000000CFFFFFFFF0CFFFFFFFF110D05706F696E740CFFFFFFFF04FFFFFFFF0CFFFFFFFF13D31742CEFBFFDF3F00000000000000000000000000000000110D067665727465780CFFFFFFFF04FFFFFFFF0CFFFFFFFF0C0400000004020000000C
310
01000000110E07656C6C697073650D0563757276650CFFFFFFFF04FFFFFFFF0CFFFFFFFF130000000000000000000000000000000000000000000000001400000000000000000000000000000000000000000000F03F14D31742CEFBFFDF3F0000000000000000000000000000008006000000000000F03F0B0B110D046564
310
67650CFFFFFFFF04FFFFFFFF0CFFFFFFFF0C020000000600000000000000000C0200000006182D4454FB2119400C050000000C030000000B0707756E6B6E6F776E110D06636F656467650CFFFFFFFF04FFFFFFFF0CFFFFFFFF0C050000000C050000000CFFFFFFFF0C040000000B0C0600000004000000000CFFFFFFFF110D
310
046C6F6F700CFFFFFFFF04FFFFFFFF0CFFFFFFFF0CFFFFFFFF0C050000000C08000000110E05706C616E650D07737572666163650CFFFFFFFF04FFFFFFFF0CFFFFFFFF13D51742CEFBFFCFBF000000000000903C00000000000000001400000000000000800000000000000000000000000000F03F14000000000000F0BF00
310
0000000000000000000000000000800B0B0B0B0B110D04666163650CFFFFFFFF04FFFFFFFF0CFFFFFFFF0CFFFFFFFF0C060000000C090000000CFFFFFFFF0C070000000B0A0B110D057368656C6C0CFFFFFFFF04FFFFFFFF0CFFFFFFFF0CFFFFFFFF0CFFFFFFFF0C080000000CFFFFFFFF0C0A000000110D046C756D700CFF
310
FFFFFF04FFFFFFFF0CFFFFFFFF0CFFFFFFFF0C090000000C00000000110E03456E640E026F660E0341534D0D0464617461
  0
ACDSRECORD
 90
        1
  2
AcDbDs::ID
280
    10
320
AFC
  2
ASM_Data
280
    15
 94
      811
310
414349532042696E61727946696C652855000000000000010000000C00000007214F70656E2044657369676E20416C6C69616E63652041434953204275696C646572070E41434953203231382E3030204E540718546875204A756E2032372031363A32383A3230203230323406000000000000F03F0648AFBC9AF2D77A3E06
310
BBBDD7D9DF7CDB3D0D04626F64790CFFFFFFFF04FFFFFFFF0CFFFFFFFF0C0A0000000CFFFFFFFF0CFFFFFFFF110D05706F696E740CFFFFFFFF04FFFFFFFF0CFFFFFFFF13D31742CEFBFFDF3F00000000000000000000000000000000110D067665727465780CFFFFFFFF04FFFFFFFF0CFFFFFFFF0C0400000004020000000C
310
01000000110E07656C6C697073650D0563757276650CFFFFFFFF04FFFFFFFF0CFFFFFFFF130000000000000000000000000000000000000000000000001400000000000000000000000000000000000000000000F03F14D31742CEFBFFDF3F0000000000000000000000000000008006000000000000F03F0B0B110D046564
310
67650CFFFFFFFF04FFFFFFFF0CFFFFFFFF0C020000000600000000000000000C0200000006182D4454FB2119400C050000000C030000000B0707756E6B6E6F776E110D06636F656467650CFFFFFFFF04FFFFFFFF0CFFFFFFFF0C050000000C050000000CFFFFFFFF0C040000000B0C0600000004000000000CFFFFFFFF110D
310
046C6F6F700CFFFFFFFF04FFFFFFFF0CFFFFFFFF0CFFFFFFFF0C050000000C08000000110E05706C616E650D07737572666163650CFFFFFFFF04FFFFFFFF0CFFFFFFFF13D51742CEFBFFCFBF000000000000903C00000000000000001400000000000000800000000000000000000000000000F03F14000000000000F0BF00
310
0000000000000000000000000000800B0B0B0B0B110D04666163650CFFFFFFFF04FFFFFFFF0CFFFFFFFF0CFFFFFFFF0C060000000C090000000CFFFFFFFF0C070000000B0A0B110D057368656C6C0CFFFFFFFF04FFFFFFFF0CFFFFFFFF0CFFFFFFFF0CFFFFFFFF0C080000000CFFFFFFFF0C0A000000110D046C756D700CFF
310
FFFFFF04FFFFFFFF0CFFFFFFFF0CFFFFFFFF0C090000000C00000000110E03456E640E026F660E0341534D0D0464617461
  0
ACDSRECORD
 90
        1
  2
AcDbDs::ID
280
    10
320
B00
  2
ASM_Data
280
    15
 94
      811
310
414349532042696E61727946696C652855000000000000010000000C00000007214F70656E2044657369676E20416C6C69616E63652041434953204275696C646572070E41434953203231382E3030204E540718546875204A756E2032372031363A32383A3230203230323406000000000000F03F0648AFBC9AF2D77A3E06
310
BBBDD7D9DF7CDB3D0D04626F64790CFFFFFFFF04FFFFFFFF0CFFFFFFFF0C0A0000000CFFFFFFFF0CFFFFFFFF110D05706F696E740CFFFFFFFF04FFFFFFFF0CFFFFFFFF13D31742CEFBFFDF3F00000000000000000000000000000000110D067665727465780CFFFFFFFF04FFFFFFFF0CFFFFFFFF0C0400000004020000000C
310
01000000110E07656C6C697073650D0563757276650CFFFFFFFF04FFFFFFFF0CFFFFFFFF130000000000000000000000000000000000000000000000001400000000000000000000000000000000000000000000F03F14D31742CEFBFFDF3F0000000000000000000000000000008006000000000000F03F0B0B110D046564
310
67650CFFFFFFFF04FFFFFFFF0CFFFFFFFF0C020000000600000000000000000C0200000006182D4454FB2119400C050000000C030000000B0707756E6B6E6F776E110D06636F656467650CFFFFFFFF04FFFFFFFF0CFFFFFFFF0C050000000C050000000CFFFFFFFF0C040000000B0C0600000004000000000CFFFFFFFF110D
310
046C6F6F700CFFFFFFFF04FFFFFFFF0CFFFFFFFF0CFFFFFFFF0C050000000C08000000110E05706C616E650D07737572666163650CFFFFFFFF04FFFFFFFF0CFFFFFFFF13D51742CEFBFFCFBF000000000000903C00000000000000001400000000000000800000000000000000000000000000F03F14000000000000F0BF00
310
0000000000000000000000000000800B0B0B0B0B110D04666163650CFFFFFFFF04FFFFFFFF0CFFFFFFFF0CFFFFFFFF0C060000000C090000000CFFFFFFFF0C070000000B0A0B110D057368656C6C0CFFFFFFFF04FFFFFFFF0CFFFFFFFF0CFFFFFFFF0CFFFFFFFF0C080000000CFFFFFFFF0C0A000000110D046C756D700CFF
310
FFFFFF04FFFFFFFF0CFFFFFFFF0CFFFFFFFF0C090000000C00000000110E03456E640E026F660E0341534D0D0464617461
  0
ACDSRECORD
 90
        1
  2
AcDbDs::ID
280
    10
320
B04
  2
ASM_Data
280
    15
 94
      811
310
414349532042696E61727946696C652855000000000000010000000C00000007214F70656E2044657369676E20416C6C69616E63652041434953204275696C646572070E41434953203231382E3030204E540718546875204A756E2032372031363A32383A3230203230323406000000000000F03F0648AFBC9AF2D77A3E06
310
BBBDD7D9DF7CDB3D0D04626F64790CFFFFFFFF04FFFFFFFF0CFFFFFFFF0C0A0000000CFFFFFFFF0CFFFFFFFF110D05706F696E740CFFFFFFFF04FFFFFFFF0CFFFFFFFF13D31742CEFBFFDF3F00000000000000000000000000000000110D067665727465780CFFFFFFFF04FFFFFFFF0CFFFFFFFF0C0400000004020000000C
310
01000000110E07656C6C697073650D0563757276650CFFFFFFFF04FFFFFFFF0CFFFFFFFF130000000000000000000000000000000000000000000000001400000000000000000000000000000000000000000000F03F14D31742CEFBFFDF3F0000000000000000000000000000008006000000000000F03F0B0B110D046564
310
67650CFFFFFFFF04FFFFFFFF0CFFFFFFFF0C020000000600000000000000000C0200000006182D4454FB2119400C050000000C030000000B0707756E6B6E6F776E110D06636F656467650CFFFFFFFF04FFFFFFFF0CFFFFFFFF0C050000000C050000000CFFFFFFFF0C040000000B0C0600000004000000000CFFFFFFFF110D
310
046C6F6F700CFFFFFFFF04FFFFFFFF0CFFFFFFFF0CFFFFFFFF0C050000000C08000000110E05706C616E650D07737572666163650CFFFFFFFF04FFFFFFFF0CFFFFFFFF13D51742CEFBFFCFBF000000000000903C00000000000000001400000000000000800000000000000000000000000000F03F14000000000000F0BF00
310
0000000000000000000000000000800B0B0B0B0B110D04666163650CFFFFFFFF04FFFFFFFF0CFFFFFFFF0CFFFFFFFF0C060000000C090000000CFFFFFFFF0C070000000B0A0B110D057368656C6C0CFFFFFFFF04FFFFFFFF0CFFFFFFFF0CFFFFFFFF0CFFFFFFFF0C080000000CFFFFFFFF0C0A000000110D046C756D700CFF
310
FFFFFF04FFFFFFFF0CFFFFFFFF0CFFFFFFFF0C090000000C00000000110E03456E640E026F660E0341534D0D0464617461
  0
ACDSRECORD
 90
        1
  2
AcDbDs::ID
280
    10
320
B08
  2
ASM_Data
280
    15
 94
      811
310
414349532042696E61727946696C652855000000000000010000000C00000007214F70656E2044657369676E20416C6C69616E63652041434953204275696C646572070E41434953203231382E3030204E540718546875204A756E2032372031363A32383A3230203230323406000000000000F03F0648AFBC9AF2D77A3E06
310
BBBDD7D9DF7CDB3D0D04626F64790CFFFFFFFF04FFFFFFFF0CFFFFFFFF0C0A0000000CFFFFFFFF0CFFFFFFFF110D05706F696E740CFFFFFFFF04FFFFFFFF0CFFFFFFFF13D31742CEFBFFDF3F00000000000000000000000000000000110D067665727465780CFFFFFFFF04FFFFFFFF0CFFFFFFFF0C0400000004020000000C
310
01000000110E07656C6C697073650D0563757276650CFFFFFFFF04FFFFFFFF0CFFFFFFFF130000000000000000000000000000000000000000000000001400000000000000000000000000000000000000000000F03F14D31742CEFBFFDF3F0000000000000000000000000000008006000000000000F03F0B0B110D046564
310
67650CFFFFFFFF04FFFFFFFF0CFFFFFFFF0C020000000600000000000000000C0200000006182D4454FB2119400C050000000C030000000B0707756E6B6E6F776E110D06636F656467650CFFFFFFFF04FFFFFFFF0CFFFFFFFF0C050000000C050000000CFFFFFFFF0C040000000B0C0600000004000000000CFFFFFFFF110D
310
046C6F6F700CFFFFFFFF04FFFFFFFF0CFFFFFFFF0CFFFFFFFF0C050000000C08000000110E05706C616E650D07737572666163650CFFFFFFFF04FFFFFFFF0CFFFFFFFF13D51742CEFBFFCFBF000000000000903C00000000000000001400000000000000800000000000000000000000000000F03F14000000000000F0BF00
310
0000000000000000000000000000800B0B0B0B0B110D04666163650CFFFFFFFF04FFFFFFFF0CFFFFFFFF0CFFFFFFFF0C060000000C090000000CFFFFFFFF0C070000000B0A0B110D057368656C6C0CFFFFFFFF04FFFFFFFF0CFFFFFFFF0CFFFFFFFF0CFFFFFFFF0C080000000CFFFFFFFF0C0A000000110D046C756D700CFF
310
FFFFFF04FFFFFFFF0CFFFFFFFF0CFFFFFFFF0C090000000C00000000110E03456E640E026F660E0341534D0D0464617461
  0
ACDSRECORD
 90
        1
  2
AcDbDs::ID
280
    10
320
B0C
  2
ASM_Data
280
    15
 94
      811
310
414349532042696E61727946696C652855000000000000010000000C00000007214F70656E2044657369676E20416C6C69616E63652041434953204275696C646572070E41434953203231382E3030204E540718546875204A756E2032372031363A32383A3230203230323406000000000000F03F0648AFBC9AF2D77A3E06
310
BBBDD7D9DF7CDB3D0D04626F64790CFFFFFFFF04FFFFFFFF0CFFFFFFFF0C0A0000000CFFFFFFFF0CFFFFFFFF110D05706F696E740CFFFFFFFF04FFFFFFFF0CFFFFFFFF13D31742CEFBFFDF3F00000000000000000000000000000000110D067665727465780CFFFFFFFF04FFFFFFFF0CFFFFFFFF0C0400000004020000000C
310
01000000110E07656C6C697073650D0563757276650CFFFFFFFF04FFFFFFFF0CFFFFFFFF130000000000000000000000000000000000000000000000001400000000000000000000000000000000000000000000F03F14D31742CEFBFFDF3F0000000000000000000000000000008006000000000000F03F0B0B110D046564
310
67650CFFFFFFFF04FFFFFFFF0CFFFFFFFF0C020000000600000000000000000C0200000006182D4454FB2119400C050000000C030000000B0707756E6B6E6F776E110D06636F656467650CFFFFFFFF04FFFFFFFF0CFFFFFFFF0C050000000C050000000CFFFFFFFF0C040000000B0C0600000004000000000CFFFFFFFF110D
310
046C6F6F700CFFFFFFFF04FFFFFFFF0CFFFFFFFF0CFFFFFFFF0C050000000C08000000110E05706C616E650D07737572666163650CFFFFFFFF04FFFFFFFF0CFFFFFFFF13D51742CEFBFFCFBF000000000000903C00000000000000001400000000000000800000000000000000000000000000F03F14000000000000F0BF00
310
0000000000000000000000000000800B0B0B0B0B110D04666163650CFFFFFFFF04FFFFFFFF0CFFFFFFFF0CFFFFFFFF0C060000000C090000000CFFFFFFFF0C070000000B0A0B110D057368656C6C0CFFFFFFFF04FFFFFFFF0CFFFFFFFF0CFFFFFFFF0CFFFFFFFF0C080000000CFFFFFFFF0C0A000000110D046C756D700CFF
310
FFFFFF04FFFFFFFF0CFFFFFFFF0CFFFFFFFF0C090000000C00000000110E03456E640E026F660E0341534D0D0464617461
  0
ACDSRECORD
 90
        1
  2
AcDbDs::ID
280
    10
320
B10
  2
ASM_Data
280
    15
 94
      811
310
414349532042696E61727946696C652855000000000000010000000C00000007214F70656E2044657369676E20416C6C69616E63652041434953204275696C646572070E41434953203231382E3030204E540718546875204A756E2032372031363A32383A3230203230323406000000000000F03F0648AFBC9AF2D77A3E06
310
BBBDD7D9DF7CDB3D0D04626F64790CFFFFFFFF04FFFFFFFF0CFFFFFFFF0C0A0000000CFFFFFFFF0CFFFFFFFF110D05706F696E740CFFFFFFFF04FFFFFFFF0CFFFFFFFF13D31742CEFBFFDF3F00000000000000000000000000000000110D067665727465780CFFFFFFFF04FFFFFFFF0CFFFFFFFF0C0400000004020000000C
310
01000000110E07656C6C697073650D0563757276650CFFFFFFFF04FFFFFFFF0CFFFFFFFF130000000000000000000000000000000000000000000000001400000000000000000000000000000000000000000000F03F14D31742CEFBFFDF3F0000000000000000000000000000008006000000000000F03F0B0B110D046564
310
67650CFFFFFFFF04FFFFFFFF0CFFFFFFFF0C020000000600000000000000000C0200000006182D4454FB2119400C050000000C030000000B0707756E6B6E6F776E110D06636F656467650CFFFFFFFF04FFFFFFFF0CFFFFFFFF0C050000000C050000000CFFFFFFFF0C040000000B0C0600000004000000000CFFFFFFFF110D
310
046C6F6F700CFFFFFFFF04FFFFFFFF0CFFFFFFFF0CFFFFFFFF0C050000000C08000000110E05706C616E650D07737572666163650CFFFFFFFF04FFFFFFFF0CFFFFFFFF13D51742CEFBFFCFBF000000000000903C00000000000000001400000000000000800000000000000000000000000000F03F14000000000000F0BF00
310
0000000000000000000000000000800B0B0B0B0B110D04666163650CFFFFFFFF04FFFFFFFF0CFFFFFFFF0CFFFFFFFF0C060000000C090000000CFFFFFFFF0C070000000B0A0B110D057368656C6C0CFFFFFFFF04FFFFFFFF0CFFFFFFFF0CFFFFFFFF0CFFFFFFFF0C080000000CFFFFFFFF0C0A000000110D046C756D700CFF
310
FFFFFF04FFFFFFFF0CFFFFFFFF0CFFFFFFFF0C090000000C00000000110E03456E640E026F660E0341534D0D0464617461
  0
ACDSRECORD
 90
        1
  2
AcDbDs::ID
280
    10
320
B14
  2
ASM_Data
280
    15
 94
      811
310
414349532042696E61727946696C652855000000000000010000000C00000007214F70656E2044657369676E20416C6C69616E63652041434953204275696C646572070E41434953203231382E3030204E540718546875204A756E2032372031363A32383A3230203230323406000000000000F03F0648AFBC9AF2D77A3E06
310
BBBDD7D9DF7CDB3D0D04626F64790CFFFFFFFF04FFFFFFFF0CFFFFFFFF0C0A0000000CFFFFFFFF0CFFFFFFFF110D05706F696E740CFFFFFFFF04FFFFFFFF0CFFFFFFFF13D31742CEFBFFDF3F00000000000000000000000000000000110D067665727465780CFFFFFFFF04FFFFFFFF0CFFFFFFFF0C0400000004020000000C
310
01000000110E07656C6C697073650D0563757276650CFFFFFFFF04FFFFFFFF0CFFFFFFFF130000000000000000000000000000000000000000000000001400000000000000000000000000000000000000000000F03F14D31742CEFBFFDF3F0000000000000000000000000000008006000000000000F03F0B0B110D046564
310
67650CFFFFFFFF04FFFFFFFF0CFFFFFFFF0C020000000600000000000000000C0200000006182D4454FB2119400C050000000C030000000B0707756E6B6E6F776E110D06636F656467650CFFFFFFFF04FFFFFFFF0CFFFFFFFF0C050000000C050000000CFFFFFFFF0C040000000B0C0600000004000000000CFFFFFFFF110D
310
046C6F6F700CFFFFFFFF04FFFFFFFF0CFFFFFFFF0CFFFFFFFF0C050000000C08000000110E05706C616E650D07737572666163650CFFFFFFFF04FFFFFFFF0CFFFFFFFF13D51742CEFBFFCFBF000000000000903C00000000000000001400000000000000800000000000000000000000000000F03F14000000000000F0BF00
310
0000000000000000000000000000800B0B0B0B0B110D04666163650CFFFFFFFF04FFFFFFFF0CFFFFFFFF0CFFFFFFFF0C060000000C090000000CFFFFFFFF0C070000000B0A0B110D057368656C6C0CFFFFFFFF04FFFFFFFF0CFFFFFFFF0CFFFFFFFF0CFFFFFFFF0C080000000CFFFFFFFF0C0A000000110D046C756D700CFF
310
FFFFFF04FFFFFFFF0CFFFFFFFF0CFFFFFFFF0C090000000C00000000110E03456E640E026F660E0341534D0D0464617461
  0
ACDSRECORD
 90
        1
  2
AcDbDs::ID
280
    10
320
B18
  2
ASM_Data
280
    15
 94
      811
310
414349532042696E61727946696C652855000000000000010000000C00000007214F70656E2044657369676E20416C6C69616E63652041434953204275696C646572070E41434953203231382E3030204E540718546875204A756E2032372031363A32383A3230203230323406000000000000F03F0648AFBC9AF2D77A3E06
310
BBBDD7D9DF7CDB3D0D04626F64790CFFFFFFFF04FFFFFFFF0CFFFFFFFF0C0A0000000CFFFFFFFF0CFFFFFFFF110D05706F696E740CFFFFFFFF04FFFFFFFF0CFFFFFFFF13D31742CEFBFFDF3F00000000000000000000000000000000110D067665727465780CFFFFFFFF04FFFFFFFF0CFFFFFFFF0C0400000004020000000C
310
01000000110E07656C6C697073650D0563757276650CFFFFFFFF04FFFFFFFF0CFFFFFFFF130000000000000000000000000000000000000000000000001400000000000000000000000000000000000000000000F03F14D31742CEFBFFDF3F0000000000000000000000000000008006000000000000F03F0B0B110D046564
310
67650CFFFFFFFF04FFFFFFFF0CFFFFFFFF0C020000000600000000000000000C0200000006182D4454FB2119400C050000000C030000000B0707756E6B6E6F776E110D06636F656467650CFFFFFFFF04FFFFFFFF0CFFFFFFFF0C050000000C050000000CFFFFFFFF0C040000000B0C0600000004000000000CFFFFFFFF110D
310
046C6F6F700CFFFFFFFF04FFFFFFFF0CFFFFFFFF0CFFFFFFFF0C050000000C08000000110E05706C616E650D07737572666163650CFFFFFFFF04FFFFFFFF0CFFFFFFFF13D51742CEFBFFCFBF000000000000903C00000000000000001400000000000000800000000000000000000000000000F03F14000000000000F0BF00
310
0000000000000000000000000000800B0B0B0B0B110D04666163650CFFFFFFFF04FFFFFFFF0CFFFFFFFF0CFFFFFFFF0C060000000C090000000CFFFFFFFF0C070000000B0A0B110D057368656C6C0CFFFFFFFF04FFFFFFFF0CFFFFFFFF0CFFFFFFFF0CFFFFFFFF0C080000000CFFFFFFFF0C0A000000110D046C756D700CFF
310
FFFFFF04FFFFFFFF0CFFFFFFFF0CFFFFFFFF0C090000000C00000000110E03456E640E026F660E0341534D0D0464617461
  0
ACDSRECORD
 90
        1
  2
AcDbDs::ID
280
    10
320
B1C
  2
ASM_Data
280
    15
 94
      811
310
414349532042696E61727946696C652855000000000000010000000C00000007214F70656E2044657369676E20416C6C69616E63652041434953204275696C646572070E41434953203231382E3030204E540718546875204A756E2032372031363A32383A3230203230323406000000000000F03F0648AFBC9AF2D77A3E06
310
BBBDD7D9DF7CDB3D0D04626F64790CFFFFFFFF04FFFFFFFF0CFFFFFFFF0C0A0000000CFFFFFFFF0CFFFFFFFF110D05706F696E740CFFFFFFFF04FFFFFFFF0CFFFFFFFF13D31742CEFBFFDF3F00000000000000000000000000000000110D067665727465780CFFFFFFFF04FFFFFFFF0CFFFFFFFF0C0400000004020000000C
310
01000000110E07656C6C697073650D0563757276650CFFFFFFFF04FFFFFFFF0CFFFFFFFF130000000000000000000000000000000000000000000000001400000000000000000000000000000000000000000000F03F14D31742CEFBFFDF3F0000000000000000000000000000008006000000000000F03F0B0B110D046564
310
67650CFFFFFFFF04FFFFFFFF0CFFFFFFFF0C020000000600000000000000000C0200000006182D4454FB2119400C050000000C030000000B0707756E6B6E6F776E110D06636F656467650CFFFFFFFF04FFFFFFFF0CFFFFFFFF0C050000000C050000000CFFFFFFFF0C040000000B0C0600000004000000000CFFFFFFFF110D
310
046C6F6F700CFFFFFFFF04FFFFFFFF0CFFFFFFFF0CFFFFFFFF0C050000000C08000000110E05706C616E650D07737572666163650CFFFFFFFF04FFFFFFFF0CFFFFFFFF13D51742CEFBFFCFBF000000000000903C00000000000000001400000000000000800000000000000000000000000000F03F14000000000000F0BF00
310
0000000000000000000000000000800B0B0B0B0B110D04666163650CFFFFFFFF04FFFFFFFF0CFFFFFFFF0CFFFFFFFF0C060000000C090000000CFFFFFFFF0C070000000B0A0B110D057368656C6C0CFFFFFFFF04FFFFFFFF0CFFFFFFFF0CFFFFFFFF0CFFFFFFFF0C080000000CFFFFFFFF0C0A000000110D046C756D700CFF
310
FFFFFF04FFFFFFFF0CFFFFFFFF0CFFFFFFFF0C090000000C00000000110E03456E640E026F660E0341534D0D0464617461
  0
ACDSRECORD
 90
        1
  2
AcDbDs::ID
280
    10
320
B20
  2
ASM_Data
280
    15
 94
      811
310
414349532042696E61727946696C652855000000000000010000000C00000007214F70656E2044657369676E20416C6C69616E63652041434953204275696C646572070E41434953203231382E3030204E540718546875204A756E2032372031363A32383A3230203230323406000000000000F03F0648AFBC9AF2D77A3E06
310
BBBDD7D9DF7CDB3D0D04626F64790CFFFFFFFF04FFFFFFFF0CFFFFFFFF0C0A0000000CFFFFFFFF0CFFFFFFFF110D05706F696E740CFFFFFFFF04FFFFFFFF0CFFFFFFFF13D31742CEFBFFDF3F00000000000000000000000000000000110D067665727465780CFFFFFFFF04FFFFFFFF0CFFFFFFFF0C0400000004020000000C
310
01000000110E07656C6C697073650D0563757276650CFFFFFFFF04FFFFFFFF0CFFFFFFFF130000000000000000000000000000000000000000000000001400000000000000000000000000000000000000000000F03F14D31742CEFBFFDF3F0000000000000000000000000000008006000000000000F03F0B0B110D046564
310
67650CFFFFFFFF04FFFFFFFF0CFFFFFFFF0C020000000600000000000000000C0200000006182D4454FB2119400C050000000C030000000B0707756E6B6E6F776E110D06636F656467650CFFFFFFFF04FFFFFFFF0CFFFFFFFF0C050000000C050000000CFFFFFFFF0C040000000B0C0600000004000000000CFFFFFFFF110D
310
046C6F6F700CFFFFFFFF04FFFFFFFF0CFFFFFFFF0CFFFFFFFF0C050000000C08000000110E05706C616E650D07737572666163650CFFFFFFFF04FFFFFFFF0CFFFFFFFF13D51742CEFBFFCFBF000000000000903C00000000000000001400000000000000800000000000000000000000000000F03F14000000000000F0BF00
310
0000000000000000000000000000800B0B0B0B0B110D04666163650CFFFFFFFF04FFFFFFFF0CFFFFFFFF0CFFFFFFFF0C060000000C090000000CFFFFFFFF0C070000000B0A0B110D057368656C6C0CFFFFFFFF04FFFFFFFF0CFFFFFFFF0CFFFFFFFF0CFFFFFFFF0C080000000CFFFFFFFF0C0A000000110D046C756D700CFF
310
FFFFFF04FFFFFFFF0CFFFFFFFF0CFFFFFFFF0C090000000C00000000110E03456E640E026F660E0341534D0D0464617461
  0
ACDSRECORD
 90
        1
  2
AcDbDs::ID
280
    10
320
B24
  2
ASM_Data
280
    15
 94
      811
310
414349532042696E61727946696C652855000000000000010000000C00000007214F70656E2044657369676E20416C6C69616E63652041434953204275696C646572070E41434953203231382E3030204E540718546875204A756E2032372031363A32383A3230203230323406000000000000F03F0648AFBC9AF2D77A3E06
310
BBBDD7D9DF7CDB3D0D04626F64790CFFFFFFFF04FFFFFFFF0CFFFFFFFF0C0A0000000CFFFFFFFF0CFFFFFFFF110D05706F696E740CFFFFFFFF04FFFFFFFF0CFFFFFFFF13D31742CEFBFFDF3F00000000000000000000000000000000110D067665727465780CFFFFFFFF04FFFFFFFF0CFFFFFFFF0C0400000004020000000C
310
01000000110E07656C6C697073650D0563757276650CFFFFFFFF04FFFFFFFF0CFFFFFFFF130000000000000000000000000000000000000000000000001400000000000000000000000000000000000000000000F03F14D31742CEFBFFDF3F0000000000000000000000000000008006000000000000F03F0B0B110D046564
310
67650CFFFFFFFF04FFFFFFFF0CFFFFFFFF0C020000000600000000000000000C0200000006182D4454FB2119400C050000000C030000000B0707756E6B6E6F776E110D06636F656467650CFFFFFFFF04FFFFFFFF0CFFFFFFFF0C050000000C050000000CFFFFFFFF0C040000000B0C0600000004000000000CFFFFFFFF110D
310
046C6F6F700CFFFFFFFF04FFFFFFFF0CFFFFFFFF0CFFFFFFFF0C050000000C08000000110E05706C616E650D07737572666163650CFFFFFFFF04FFFFFFFF0CFFFFFFFF13D51742CEFBFFCFBF000000000000903C00000000000000001400000000000000800000000000000000000000000000F03F14000000000000F0BF00
310
0000000000000000000000000000800B0B0B0B0B110D04666163650CFFFFFFFF04FFFFFFFF0CFFFFFFFF0CFFFFFFFF0C060000000C090000000CFFFFFFFF0C070000000B0A0B110D057368656C6C0CFFFFFFFF04FFFFFFFF0CFFFFFFFF0CFFFFFFFF0CFFFFFFFF0C080000000CFFFFFFFF0C0A000000110D046C756D700CFF
310
FFFFFF04FFFFFFFF0CFFFFFFFF0CFFFFFFFF0C090000000C00000000110E03456E640E026F660E0341534D0D0464617461
  0
ACDSRECORD
 90
        1
  2
AcDbDs::ID
280
    10
320
B28
  2
ASM_Data
280
    15
 94
      811
310
414349532042696E61727946696C652855000000000000010000000C00000007214F70656E2044657369676E20416C6C69616E63652041434953204275696C646572070E41434953203231382E3030204E540718546875204A756E2032372031363A32383A3230203230323406000000000000F03F0648AFBC9AF2D77A3E06
310
BBBDD7D9DF7CDB3D0D04626F64790CFFFFFFFF04FFFFFFFF0CFFFFFFFF0C0A0000000CFFFFFFFF0CFFFFFFFF110D05706F696E740CFFFFFFFF04FFFFFFFF0CFFFFFFFF13D31742CEFBFFDF3F00000000000000000000000000000000110D067665727465780CFFFFFFFF04FFFFFFFF0CFFFFFFFF0C0400000004020000000C
310
01000000110E07656C6C697073650D0563757276650CFFFFFFFF04FFFFFFFF0CFFFFFFFF130000000000000000000000000000000000000000000000001400000000000000000000000000000000000000000000F03F14D31742CEFBFFDF3F0000000000000000000000000000008006000000000000F03F0B0B110D046564
310
67650CFFFFFFFF04FFFFFFFF0CFFFFFFFF0C020000000600000000000000000C0200000006182D4454FB2119400C050000000C030000000B0707756E6B6E6F776E110D06636F656467650CFFFFFFFF04FFFFFFFF0CFFFFFFFF0C050000000C050000000CFFFFFFFF0C040000000B0C0600000004000000000CFFFFFFFF110D
310
046C6F6F700CFFFFFFFF04FFFFFFFF0CFFFFFFFF0CFFFFFFFF0C050000000C08000000110E05706C616E650D07737572666163650CFFFFFFFF04FFFFFFFF0CFFFFFFFF13D51742CEFBFFCFBF000000000000903C00000000000000001400000000000000800000000000000000000000000000F03F14000000000000F0BF00
310
0000000000000000000000000000800B0B0B0B0B110D04666163650CFFFFFFFF04FFFFFFFF0CFFFFFFFF0CFFFFFFFF0C060000000C090000000CFFFFFFFF0C070000000B0A0B110D057368656C6C0CFFFFFFFF04FFFFFFFF0CFFFFFFFF0CFFFFFFFF0CFFFFFFFF0C080000000CFFFFFFFF0C0A000000110D046C756D700CFF
310
FFFFFF04FFFFFFFF0CFFFFFFFF0CFFFFFFFF0C090000000C00000000110E03456E640E026F660E0341534D0D0464617461
  0
ACDSRECORD
 90
        1
  2
AcDbDs::ID
280
    10
320
B2C
  2
ASM_Data
280
    15
 94
      811
310
414349532042696E61727946696C652855000000000000010000000C00000007214F70656E2044657369676E20416C6C69616E63652041434953204275696C646572070E41434953203231382E3030204E540718546875204A756E2032372031363A32383A3230203230323406000000000000F03F0648AFBC9AF2D77A3E06
310
BBBDD7D9DF7CDB3D0D04626F64790CFFFFFFFF04FFFFFFFF0CFFFFFFFF0C0A0000000CFFFFFFFF0CFFFFFFFF110D05706F696E740CFFFFFFFF04FFFFFFFF0CFFFFFFFF13D31742CEFBFFDF3F00000000000000000000000000000000110D067665727465780CFFFFFFFF04FFFFFFFF0CFFFFFFFF0C0400000004020000000C
310
01000000110E07656C6C697073650D0563757276650CFFFFFFFF04FFFFFFFF0CFFFFFFFF130000000000000000000000000000000000000000000000001400000000000000000000000000000000000000000000F03F14D31742CEFBFFDF3F0000000000000000000000000000008006000000000000F03F0B0B110D046564
310
67650CFFFFFFFF04FFFFFFFF0CFFFFFFFF0C020000000600000000000000000C0200000006182D4454FB2119400C050000000C030000000B0707756E6B6E6F776E110D06636F656467650CFFFFFFFF04FFFFFFFF0CFFFFFFFF0C050000000C050000000CFFFFFFFF0C040000000B0C0600000004000000000CFFFFFFFF110D
310
046C6F6F700CFFFFFFFF04FFFFFFFF0CFFFFFFFF0CFFFFFFFF0C050000000C08000000110E05706C616E650D07737572666163650CFFFFFFFF04FFFFFFFF0CFFFFFFFF13D51742CEFBFFCFBF000000000000903C00000000000000001400000000000000800000000000000000000000000000F03F14000000000000F0BF00
310
0000000000000000000000000000800B0B0B0B0B110D04666163650CFFFFFFFF04FFFFFFFF0CFFFFFFFF0CFFFFFFFF0C060000000C090000000CFFFFFFFF0C070000000B0A0B110D057368656C6C0CFFFFFFFF04FFFFFFFF0CFFFFFFFF0CFFFFFFFF0CFFFFFFFF0C080000000CFFFFFFFF0C0A000000110D046C756D700CFF
310
FFFFFF04FFFFFFFF0CFFFFFFFF0CFFFFFFFF0C090000000C00000000110E03456E640E026F660E0341534D0D0464617461
  0
ACDSRECORD
 90
        1
  2
AcDbDs::ID
280
    10
320
B54
  2
ASM_Data
280
    15
 94
      811
310
414349532042696E61727946696C652855000000000000010000000C00000007214F70656E2044657369676E20416C6C69616E63652041434953204275696C646572070E41434953203231382E3030204E540718546875204A756E2032372031363A32383A3230203230323406000000000000F03F0648AFBC9AF2D77A3E06
310
BBBDD7D9DF7CDB3D0D04626F64790CFFFFFFFF04FFFFFFFF0CFFFFFFFF0C0A0000000CFFFFFFFF0CFFFFFFFF110D05706F696E740CFFFFFFFF04FFFFFFFF0CFFFFFFFF13D31742CEFBFFDF3F00000000000000000000000000000000110D067665727465780CFFFFFFFF04FFFFFFFF0CFFFFFFFF0C0400000004020000000C
310
01000000110E07656C6C697073650D0563757276650CFFFFFFFF04FFFFFFFF0CFFFFFFFF130000000000000000000000000000000000000000000000001400000000000000000000000000000000000000000000F03F14D31742CEFBFFDF3F0000000000000000000000000000008006000000000000F03F0B0B110D046564
310
67650CFFFFFFFF04FFFFFFFF0CFFFFFFFF0C020000000600000000000000000C0200000006182D4454FB2119400C050000000C030000000B0707756E6B6E6F776E110D06636F656467650CFFFFFFFF04FFFFFFFF0CFFFFFFFF0C050000000C050000000CFFFFFFFF0C040000000B0C0600000004000000000CFFFFFFFF110D
310
046C6F6F700CFFFFFFFF04FFFFFFFF0CFFFFFFFF0CFFFFFFFF0C050000000C08000000110E05706C616E650D07737572666163650CFFFFFFFF04FFFFFFFF0CFFFFFFFF13D51742CEFBFFCFBF000000000000903C00000000000000001400000000000000800000000000000000000000000000F03F14000000000000F0BF00
310
0000000000000000000000000000800B0B0B0B0B110D04666163650CFFFFFFFF04FFFFFFFF0CFFFFFFFF0CFFFFFFFF0C060000000C090000000CFFFFFFFF0C070000000B0A0B110D057368656C6C0CFFFFFFFF04FFFFFFFF0CFFFFFFFF0CFFFFFFFF0CFFFFFFFF0C080000000CFFFFFFFF0C0A000000110D046C756D700CFF
310
FFFFFF04FFFFFFFF0CFFFFFFFF0CFFFFFFFF0C090000000C00000000110E03456E640E026F660E0341534D0D0464617461
  0
ACDSRECORD
 90
        1
  2
AcDbDs::ID
280
    10
320
B5C
  2
ASM_Data
280
    15
 94
      811
310
414349532042696E61727946696C652855000000000000010000000C00000007214F70656E2044657369676E20416C6C69616E63652041434953204275696C646572070E41434953203231382E3030204E540718546875204A756E2032372031363A32383A3230203230323406000000000000F03F0648AFBC9AF2D77A3E06
310
BBBDD7D9DF7CDB3D0D04626F64790CFFFFFFFF04FFFFFFFF0CFFFFFFFF0C0A0000000CFFFFFFFF0CFFFFFFFF110D05706F696E740CFFFFFFFF04FFFFFFFF0CFFFFFFFF13D0D50C5F15AE07C000000000000000000000000000000000110D067665727465780CFFFFFFFF04FFFFFFFF0CFFFFFFFF0C0400000004020000000C
310
01000000110E07656C6C697073650D0563757276650CFFFFFFFF04FFFFFFFF0CFFFFFFFF137A14AE47E17A0EC0000000000000000000000000000000001400000000000000000000000000000000000000000000F03F14A6FA84A22F33EB3F0000000000000000000000000000008006000000000000F03F0B0B110D046564
310
67650CFFFFFFFF04FFFFFFFF0CFFFFFFFF0C020000000600000000000000000C0200000006182D4454FB2119400C050000000C030000000B0707756E6B6E6F776E110D06636F656467650CFFFFFFFF04FFFFFFFF0CFFFFFFFF0C050000000C050000000CFFFFFFFF0C040000000B0C0600000004000000000CFFFFFFFF110D
310
046C6F6F700CFFFFFFFF04FFFFFFFF0CFFFFFFFF0CFFFFFFFF0C050000000C08000000110E05706C616E650D07737572666163650CFFFFFFFF04FFFFFFFF0CFFFFFFFF13E859FF9DA3F010C0000000000000A03C00000000000000001400000000000000800000000000000000000000000000F03F14000000000000F0BF00
310
0000000000000000000000000000800B0B0B0B0B110D04666163650CFFFFFFFF04FFFFFFFF0CFFFFFFFF0CFFFFFFFF0C060000000C090000000CFFFFFFFF0C070000000B0A0B110D057368656C6C0CFFFFFFFF04FFFFFFFF0CFFFFFFFF0CFFFFFFFF0CFFFFFFFF0C080000000CFFFFFFFF0C0A000000110D046C756D700CFF
310
FFFFFF04FFFFFFFF0CFFFFFFFF0CFFFFFFFF0C090000000C00000000110E03456E640E026F660E0341534D0D0464617461
  0
ACDSRECORD
 90
        1
  2
AcDbDs::ID
280
    10
320
B5E
  2
ASM_Data
280
    15
 94
      811
310
414349532042696E61727946696C652855000000000000010000000C00000007214F70656E2044657369676E20416C6C69616E63652041434953204275696C646572070E41434953203231382E3030204E540718546875204A756E2032372031363A32383A3230203230323406000000000000F03F0648AFBC9AF2D77A3E06
310
BBBDD7D9DF7CDB3D0D04626F64790CFFFFFFFF04FFFFFFFF0CFFFFFFFF0C0A0000000CFFFFFFFF0CFFFFFFFF110D05706F696E740CFFFFFFFF04FFFFFFFF0CFFFFFFFF1380D1E5CDE17A0AC000000000000000000000000000000000110D067665727465780CFFFFFFFF04FFFFFFFF0CFFFFFFFF0C0400000004020000000C
310
01000000110E07656C6C697073650D0563757276650CFFFFFFFF04FFFFFFFF0CFFFFFFFF137A14AE47E17A0EC0000000000000000000000000000000001400000000000000000000000000000000000000000000F03F14D31742CEFBFFDF3F0000000000000000000000000000008006000000000000F03F0B0B110D046564
310
67650CFFFFFFFF04FFFFFFFF0CFFFFFFFF0C020000000600000000000000000C0200000006182D4454FB2119400C050000000C030000000B0707756E6B6E6F776E110D06636F656467650CFFFFFFFF04FFFFFFFF0CFFFFFFFF0C050000000C050000000CFFFFFFFF0C040000000B0C0600000004000000000CFFFFFFFF110D
310
046C6F6F700CFFFFFFFF04FFFFFFFF0CFFFFFFFF0CFFFFFFFF0C050000000C08000000110E05706C616E650D07737572666163650CFFFFFFFF04FFFFFFFF0CFFFFFFFF13FC1A4982703D10C0000000000000903C00000000000000001400000000000000800000000000000000000000000000F03F14000000000000F0BF00
310
0000000000000000000000000000800B0B0B0B0B110D04666163650CFFFFFFFF04FFFFFFFF0CFFFFFFFF0CFFFFFFFF0C060000000C090000000CFFFFFFFF0C070000000B0A0B110D057368656C6C0CFFFFFFFF04FFFFFFFF0CFFFFFFFF0CFFFFFFFF0CFFFFFFFF0C080000000CFFFFFFFF0C0A000000110D046C756D700CFF
310
FFFFFF04FFFFFFFF0CFFFFFFFF0CFFFFFFFF0C090000000C00000000110E03456E640E026F660E0341534D0D0464617461
  0
ACDSRECORD
 90
        1
  2
AcDbDs::ID
280
    10
320
B60
  2
ASM_Data
280
    15
 94
      811
310
414349532042696E61727946696C652855000000000000010000000C00000007214F70656E2044657369676E20416C6C69616E63652041434953204275696C646572070E41434953203231382E3030204E540718546875204A756E2032372031363A32383A3230203230323406000000000000F03F0648AFBC9AF2D77A3E06
310
BBBDD7D9DF7CDB3D0D04626F64790CFFFFFFFF04FFFFFFFF0CFFFFFFFF0C0A0000000CFFFFFFFF0CFFFFFFFF110D05706F696E740CFFFFFFFF04FFFFFFFF0CFFFFFFFF13FCEB70CF4EE1DABF00000000000000000000000000000000110D067665727465780CFFFFFFFF04FFFFFFFF0CFFFFFFFF0C0400000004020000000C
310
01000000110E07656C6C697073650D0563757276650CFFFFFFFF04FFFFFFFF0CFFFFFFFF1352B81E85EB51F4BF000000000000000000000000000000001400000000000000000000000000000000000000000000F03F14A6FA84A22F33EB3F0000000000000000000000000000008006000000000000F03F0B0B110D046564
310
67650CFFFFFFFF04FFFFFFFF0CFFFFFFFF0C020000000600000000000000000C0200000006182D4454FB2119400C050000000C030000000B0707756E6B6E6F776E110D06636F656467650CFFFFFFFF04FFFFFFFF0CFFFFFFFF0C050000000C050000000CFFFFFFFF0C040000000B0C0600000004000000000CFFFFFFFF110D
310
046C6F6F700CFFFFFFFF04FFFFFFFF0CFFFFFFFF0CFFFFFFFF0C050000000C08000000110E05706C616E650D07737572666163650CFFFFFFFF04FFFFFFFF0CFFFFFFFF13FCF6BF6DB71EFBBF000000000000A03C00000000000000001400000000000000800000000000000000000000000000F03F14000000000000F0BF00
310
0000000000000000000000000000800B0B0B0B0B110D04666163650CFFFFFFFF04FFFFFFFF0CFFFFFFFF0CFFFFFFFF0C060000000C090000000CFFFFFFFF0C070000000B0A0B110D057368656C6C0CFFFFFFFF04FFFFFFFF0CFFFFFFFF0CFFFFFFFF0CFFFFFFFF0C080000000CFFFFFFFF0C0A000000110D046C756D700CFF
310
FFFFFF04FFFFFFFF0CFFFFFFFF0CFFFFFFFF0C090000000C00000000110E03456E640E026F660E0341534D0D0464617461
  0
ACDSRECORD
 90
        1
  2
AcDbDs::ID
280
    10
320
B62
  2
ASM_Data
280
    15
 94
      811
310
414349532042696E61727946696C652855000000000000010000000C00000007214F70656E2044657369676E20416C6C69616E63652041434953204275696C646572070E41434953203231382E3030204E540718546875204A756E2032372031363A32383A3230203230323406000000000000F03F0648AFBC9AF2D77A3E06
310
BBBDD7D9DF7CDB3D0D04626F64790CFFFFFFFF04FFFFFFFF0CFFFFFFFF0C0A0000000CFFFFFFFF0CFFFFFFFF110D05706F696E740CFFFFFFFF04FFFFFFFF0CFFFFFFFF13BA641C23D9A3E8BF00000000000000000000000000000000110D067665727465780CFFFFFFFF04FFFFFFFF0CFFFFFFFF0C0400000004020000000C
310
01000000110E07656C6C697073650D0563757276650CFFFFFFFF04FFFFFFFF0CFFFFFFFF1352B81E85EB51F4BF000000000000000000000000000000001400000000000000000000000000000000000000000000F03F14D31742CEFBFFDF3F0000000000000000000000000000008006000000000000F03F0B0B110D046564
310
67650CFFFFFFFF04FFFFFFFF0CFFFFFFFF0C020000000600000000000000000C0200000006182D4454FB2119400C050000000C030000000B0707756E6B6E6F776E110D06636F656467650CFFFFFFFF04FFFFFFFF0CFFFFFFFF0C050000000C050000000CFFFFFFFF0C040000000B0C0600000004000000000CFFFFFFFF110D
310
046C6F6F700CFFFFFFFF04FFFFFFFF0CFFFFFFFF0CFFFFFFFF0C050000000C08000000110E05706C616E650D07737572666163650CFFFFFFFF04FFFFFFFF0CFFFFFFFF134CFBE6FEEA51F8BF000000000000903C00000000000000001400000000000000800000000000000000000000000000F03F14000000000000F0BF00
310
0000000000000000000000000000800B0B0B0B0B110D04666163650CFFFFFFFF04FFFFFFFF0CFFFFFFFF0CFFFFFFFF0C060000000C090000000CFFFFFFFF0C070000000B0A0B110D057368656C6C0CFFFFFFFF04FFFFFFFF0CFFFFFFFF0CFFFFFFFF0CFFFFFFFF0C080000000CFFFFFFFF0C0A000000110D046C756D700CFF
310
FFFFFF04FFFFFFFF0CFFFFFFFF0CFFFFFFFF0C090000000C00000000110E03456E640E026F660E0341534D0D0464617461
  0
ACDSRECORD
 90
        1
  2
AcDbDs::ID
280
    10
320
B64
  2
ASM_Data
280
    15
 94
      811
310
414349532042696E61727946696C652855000000000000010000000C00000007214F70656E2044657369676E20416C6C69616E63652041434953204275696C646572070E41434953203231382E3030204E540718546875204A756E2032372031363A32383A3230203230323406000000000000F03F0648AFBC9AF2D77A3E06
310
BBBDD7D9DF7CDB3D0D04626F64790CFFFFFFFF04FFFFFFFF0CFFFFFFFF0C0A0000000CFFFFFFFF0CFFFFFFFF110D05706F696E740CFFFFFFFF04FFFFFFFF0CFFFFFFFF13D29A30ABC1F5004000000000000000000000000000000000110D067665727465780CFFFFFFFF04FFFFFFFF0CFFFFFFFF0C0400000004020000000C
310
01000000110E07656C6C697073650D0563757276650CFFFFFFFF04FFFFFFFF0CFFFFFFFF1352B81E85EB51F43F000000000000000000000000000000001400000000000000000000000000000000000000000000F03F14A6FA84A22F33EB3F0000000000000000000000000000008006000000000000F03F0B0B110D046564
310
67650CFFFFFFFF04FFFFFFFF0CFFFFFFFF0C020000000600000000000000000C0200000006182D4454FB2119400C050000000C030000000B0707756E6B6E6F776E110D06636F656467650CFFFFFFFF04FFFFFFFF0CFFFFFFFF0C050000000C050000000CFFFFFFFF0C040000000B0C0600000004000000000CFFFFFFFF110D
310
046C6F6F700CFFFFFFFF04FFFFFFFF0CFFFFFFFF0CFFFFFFFF0C050000000C08000000110E05706C616E650D07737572666163650CFFFFFFFF04FFFFFFFF0CFFFFFFFF1350F3FA383F0AEB3F000000000000A03C00000000000000001400000000000000800000000000000000000000000000F03F14000000000000F0BF00
310
0000000000000000000000000000800B0B0B0B0B110D04666163650CFFFFFFFF04FFFFFFFF0CFFFFFFFF0CFFFFFFFF0C060000000C090000000CFFFFFFFF0C070000000B0A0B110D057368656C6C0CFFFFFFFF04FFFFFFFF0CFFFFFFFF0CFFFFFFFF0CFFFFFFFF0C080000000CFFFFFFFF0C0A000000110D046C756D700CFF
310
FFFFFF04FFFFFFFF0CFFFFFFFF0CFFFFFFFF0C090000000C00000000110E03456E640E026F660E0341534D0D0464617461
  0
ACDSRECORD
 90
        1
  2
AcDbDs::ID
280
    10
320
B66
  2
ASM_Data
280
    15
 94
      811
310
414349532042696E61727946696C652855000000000000010000000C00000007214F70656E2044657369676E20416C6C69616E63652041434953204275696C646572070E41434953203231382E3030204E540718546875204A756E2032372031363A32383A3230203230323406000000000000F03F0648AFBC9AF2D77A3E06
310
BBBDD7D9DF7CDB3D0D04626F64790CFFFFFFFF04FFFFFFFF0CFFFFFFFF0C0A0000000CFFFFFFFF0CFFFFFFFF110D05706F696E740CFFFFFFFF04FFFFFFFF0CFFFFFFFF13473EAF78EA51FC3F00000000000000000000000000000000110D067665727465780CFFFFFFFF04FFFFFFFF0CFFFFFFFF0C0400000004020000000C
310
01000000110E07656C6C697073650D0563757276650CFFFFFFFF04FFFFFFFF0CFFFFFFFF1352B81E85EB51F43F000000000000000000000000000000001400000000000000000000000000000000000000000000F03F14D31742CEFBFFDF3F0000000000000000000000000000008006000000000000F03F0B0B110D046564
310
67650CFFFFFFFF04FFFFFFFF0CFFFFFFFF0C020000000600000000000000000C0200000006182D4454FB2119400C050000000C030000000B0707756E6B6E6F776E110D06636F656467650CFFFFFFFF04FFFFFFFF0CFFFFFFFF0C050000000C050000000CFFFFFFFF0C040000000B0C0600000004000000000CFFFFFFFF110D
310
046C6F6F700CFFFFFFFF04FFFFFFFF0CFFFFFFFF0CFFFFFFFF0C050000000C08000000110E05706C616E650D07737572666163650CFFFFFFFF04FFFFFFFF0CFFFFFFFF135875560BEC51F03F000000000000903C00000000000000001400000000000000800000000000000000000000000000F03F14000000000000F0BF00
310
0000000000000000000000000000800B0B0B0B0B110D04666163650CFFFFFFFF04FFFFFFFF0CFFFFFFFF0CFFFFFFFF0C060000000C090000000CFFFFFFFF0C070000000B0A0B110D057368656C6C0CFFFFFFFF04FFFFFFFF0CFFFFFFFF0CFFFFFFFF0CFFFFFFFF0C080000000CFFFFFFFF0C0A000000110D046C756D700CFF
310
FFFFFF04FFFFFFFF0CFFFFFFFF0CFFFFFFFF0C090000000C00000000110E03456E640E026F660E0341534D0D0464617461
  0
ACDSRECORD
 90
        1
  2
AcDbDs::ID
280
    10
320
B68
  2
ASM_Data
280
    15
 94
      811
310
414349532042696E61727946696C652855000000000000010000000C00000007214F70656E2044657369676E20416C6C69616E63652041434953204275696C646572070E41434953203231382E3030204E540718546875204A756E2032372031363A32383A3230203230323406000000000000F03F0648AFBC9AF2D77A3E06
310
BBBDD7D9DF7CDB3D0D04626F64790CFFFFFFFF04FFFFFFFF0CFFFFFFFF0C0A0000000CFFFFFFFF0CFFFFFFFF110D05706F696E740CFFFFFFFF04FFFFFFFF0CFFFFFFFF1392A92798D6A3124000000000000000000000000000000000110D067665727465780CFFFFFFFF04FFFFFFFF0CFFFFFFFF0C0400000004020000000C
310
01000000110E07656C6C697073650D0563757276650CFFFFFFFF04FFFFFFFF0CFFFFFFFF137A14AE47E17A0E40000000000000000000000000000000001400000000000000000000000000000000000000000000F03F14A6FA84A22F33EB3F0000000000000000000000000000008006000000000000F03F0B0B110D046564
310
67650CFFFFFFFF04FFFFFFFF0CFFFFFFFF0C020000000600000000000000000C0200000006182D4454FB2119400C050000000C030000000B0707756E6B6E6F776E110D06636F656467650CFFFFFFFF04FFFFFFFF0CFFFFFFFF0C050000000C050000000CFFFFFFFF0C040000000B0C0600000004000000000CFFFFFFFF110D
310
046C6F6F700CFFFFFFFF04FFFFFFFF0CFFFFFFFF0CFFFFFFFF0C050000000C08000000110E05706C616E650D07737572666163650CFFFFFFFF04FFFFFFFF0CFFFFFFFF1325755D537B140B40000000000000A03C00000000000000001400000000000000800000000000000000000000000000F03F14000000000000F0BF00
310
0000000000000000000000000000800B0B0B0B0B110D04666163650CFFFFFFFF04FFFFFFFF0CFFFFFFFF0CFFFFFFFF0C060000000C090000000CFFFFFFFF0C070000000B0A0B110D057368656C6C0CFFFFFFFF04FFFFFFFF0CFFFFFFFF0CFFFFFFFF0CFFFFFFFF0C080000000CFFFFFFFF0C0A000000110D046C756D700CFF
310
FFFFFF04FFFFFFFF0CFFFFFFFF0CFFFFFFFF0C090000000C00000000110E03456E640E026F660E0341534D0D0464617461
  0
ACDSRECORD
 90
        1
  2
AcDbDs::ID
280
    10
320
B6A
  2
ASM_Data
280
    15
 94
      811
310
414349532042696E61727946696C652855000000000000010000000C00000007214F70656E2044657369676E20416C6C69616E63652041434953204275696C646572070E41434953203231382E3030204E540718546875204A756E2032372031363A32383A3230203230323406000000000000F03F0648AFBC9AF2D77A3E06
310
BBBDD7D9DF7CDB3D0D04626F64790CFFFFFFFF04FFFFFFFF0CFFFFFFFF0C0A0000000CFFFFFFFF0CFFFFFFFF110D05706F696E740CFFFFFFFF04FFFFFFFF0CFFFFFFFF13BA2BBB60703D114000000000000000000000000000000000110D067665727465780CFFFFFFFF04FFFFFFFF0CFFFFFFFF0C0400000004020000000C
310
01000000110E07656C6C697073650D0563757276650CFFFFFFFF04FFFFFFFF0CFFFFFFFF137A14AE47E17A0E40000000000000000000000000000000001400000000000000000000000000000000000000000000F03F14D31742CEFBFFDF3F0000000000000000000000000000008006000000000000F03F0B0B110D046564
310
67650CFFFFFFFF04FFFFFFFF0CFFFFFFFF0C020000000600000000000000000C0200000006182D4454FB2119400C050000000C030000000B0707756E6B6E6F776E110D06636F656467650CFFFFFFFF04FFFFFFFF0CFFFFFFFF0C050000000C050000000CFFFFFFFF0C040000000B0C0600000004000000000CFFFFFFFF110D
310
046C6F6F700CFFFFFFFF04FFFFFFFF0CFFFFFFFF0CFFFFFFFF0C050000000C08000000110E05706C616E650D07737572666163650CFFFFFFFF04FFFFFFFF0CFFFFFFFF13FCF2C98AE17A0C40000000000000903C00000000000000001400000000000000800000000000000000000000000000F03F14000000000000F0BF00
310
0000000000000000000000000000800B0B0B0B0B110D04666163650CFFFFFFFF04FFFFFFFF0CFFFFFFFF0CFFFFFFFF0C060000000C090000000CFFFFFFFF0C070000000B0A0B110D057368656C6C0CFFFFFFFF04FFFFFFFF0CFFFFFFFF0CFFFFFFFF0CFFFFFFFF0C080000000CFFFFFFFF0C0A000000110D046C756D700CFF
310
FFFFFF04FFFFFFFF0CFFFFFFFF0CFFFFFFFF0C090000000C00000000110E03456E640E026F660E0341534D0D0464617461
  0
ACDSRECORD
 90
        1
  2
AcDbDs::ID
280
    10
320
B70
  2
ASM_Data
280
    15
 94
      811
310
414349532042696E61727946696C652855000000000000010000000C00000007214F70656E2044657369676E20416C6C69616E63652041434953204275696C646572070E41434953203231382E3030204E540718546875204A756E2032372031363A32383A3230203230323406000000000000F03F0648AFBC9AF2D77A3E06
310
BBBDD7D9DF7CDB3D0D04626F64790CFFFFFFFF04FFFFFFFF0CFFFFFFFF0C0A0000000CFFFFFFFF0CFFFFFFFF110D05706F696E740CFFFFFFFF04FFFFFFFF0CFFFFFFFF13FCEB70CF4EE1DABF00000000000000000000000000000000110D067665727465780CFFFFFFFF04FFFFFFFF0CFFFFFFFF0C0400000004020000000C
310
01000000110E07656C6C697073650D0563757276650CFFFFFFFF04FFFFFFFF0CFFFFFFFF1352B81E85EB51F4BF000000000000000000000000000000001400000000000000000000000000000000000000000000F03F14A6FA84A22F33EB3F0000000000000000000000000000008006000000000000F03F0B0B110D046564
310
67650CFFFFFFFF04FFFFFFFF0CFFFFFFFF0C020000000600000000000000000C0200000006182D4454FB2119400C050000000C030000000B0707756E6B6E6F776E110D06636F656467650CFFFFFFFF04FFFFFFFF0CFFFFFFFF0C050000000C050000000CFFFFFFFF0C040000000B0C0600000004000000000CFFFFFFFF110D
310
046C6F6F700CFFFFFFFF04FFFFFFFF0CFFFFFFFF0CFFFFFFFF0C050000000C08000000110E05706C616E650D07737572666163650CFFFFFFFF04FFFFFFFF0CFFFFFFFF13FCF6BF6DB71EFBBF000000000000A03C00000000000000001400000000000000800000000000000000000000000000F03F14000000000000F0BF00
310
0000000000000000000000000000800B0B0B0B0B110D04666163650CFFFFFFFF04FFFFFFFF0CFFFFFFFF0CFFFFFFFF0C060000000C090000000CFFFFFFFF0C070000000B0A0B110D057368656C6C0CFFFFFFFF04FFFFFFFF0CFFFFFFFF0CFFFFFFFF0CFFFFFFFF0C080000000CFFFFFFFF0C0A000000110D046C756D700CFF
310
FFFFFF04FFFFFFFF0CFFFFFFFF0CFFFFFFFF0C090000000C00000000110E03456E640E026F660E0341534D0D0464617461
  0
ACDSRECORD
 90
        1
  2
AcDbDs::ID
280
    10
320
B72
  2
ASM_Data
280
    15
 94
      811
310
414349532042696E61727946696C652855000000000000010000000C00000007214F70656E2044657369676E20416C6C69616E63652041434953204275696C646572070E41434953203231382E3030204E540718546875204A756E2032372031363A32383A3230203230323406000000000000F03F0648AFBC9AF2D77A3E06
310
BBBDD7D9DF7CDB3D0D04626F64790CFFFFFFFF04FFFFFFFF0CFFFFFFFF0C0A0000000CFFFFFFFF0CFFFFFFFF110D05706F696E740CFFFFFFFF04FFFFFFFF0CFFFFFFFF13BA641C23D9A3E8BF00000000000000000000000000000000110D067665727465780CFFFFFFFF04FFFFFFFF0CFFFFFFFF0C0400000004020000000C
310
01000000110E07656C6C697073650D0563757276650CFFFFFFFF04FFFFFFFF0CFFFFFFFF1352B81E85EB51F4BF000000000000000000000000000000001400000000000000000000000000000000000000000000F03F14D31742CEFBFFDF3F0000000000000000000000000000008006000000000000F03F0B0B110D046564
310
67650CFFFFFFFF04FFFFFFFF0CFFFFFFFF0C020000000600000000000000000C0200000006182D4454FB2119400C050000000C030000000B0707756E6B6E6F776E110D06636F656467650CFFFFFFFF04FFFFFFFF0CFFFFFFFF0C050000000C050000000CFFFFFFFF0C040000000B0C0600000004000000000CFFFFFFFF110D
310
046C6F6F700CFFFFFFFF04FFFFFFFF0CFFFFFFFF0CFFFFFFFF0C050000000C08000000110E05706C616E650D07737572666163650CFFFFFFFF04FFFFFFFF0CFFFFFFFF134CFBE6FEEA51F8BF000000000000903C00000000000000001400000000000000800000000000000000000000000000F03F14000000000000F0BF00
310
0000000000000000000000000000800B0B0B0B0B110D04666163650CFFFFFFFF04FFFFFFFF0CFFFFFFFF0CFFFFFFFF0C060000000C090000000CFFFFFFFF0C070000000B0A0B110D057368656C6C0CFFFFFFFF04FFFFFFFF0CFFFFFFFF0CFFFFFFFF0CFFFFFFFF0C080000000CFFFFFFFF0C0A000000110D046C756D700CFF
310
FFFFFF04FFFFFFFF0CFFFFFFFF0CFFFFFFFF0C090000000C00000000110E03456E640E026F660E0341534D0D0464617461
  0
ACDSRECORD
 90
        1
  2
AcDbDs::ID
280
    10
320
B74
  2
ASM_Data
280
    15
 94
      811
310
414349532042696E61727946696C652855000000000000010000000C00000007214F70656E2044657369676E20416C6C69616E63652041434953204275696C646572070E41434953203231382E3030204E540718546875204A756E2032372031363A32383A3230203230323406000000000000F03F0648AFBC9AF2D77A3E06
310
BBBDD7D9DF7CDB3D0D04626F64790CFFFFFFFF04FFFFFFFF0CFFFFFFFF0C0A0000000CFFFFFFFF0CFFFFFFFF110D05706F696E740CFFFFFFFF04FFFFFFFF0CFFFFFFFF13D0D50C5F15AE07C000000000000000000000000000000000110D067665727465780CFFFFFFFF04FFFFFFFF0CFFFFFFFF0C0400000004020000000C
310
01000000110E07656C6C697073650D0563757276650CFFFFFFFF04FFFFFFFF0CFFFFFFFF137A14AE47E17A0EC0000000000000000000000000000000001400000000000000000000000000000000000000000000F03F14A6FA84A22F33EB3F0000000000000000000000000000008006000000000000F03F0B0B110D046564
310
67650CFFFFFFFF04FFFFFFFF0CFFFFFFFF0C020000000600000000000000000C0200000006182D4454FB2119400C050000000C030000000B0707756E6B6E6F776E110D06636F656467650CFFFFFFFF04FFFFFFFF0CFFFFFFFF0C050000000C050000000CFFFFFFFF0C040000000B0C0600000004000000000CFFFFFFFF110D
310
046C6F6F700CFFFFFFFF04FFFFFFFF0CFFFFFFFF0CFFFFFFFF0C050000000C08000000110E05706C616E650D07737572666163650CFFFFFFFF04FFFFFFFF0CFFFFFFFF13E859FF9DA3F010C0000000000000A03C00000000000000001400000000000000800000000000000000000000000000F03F14000000000000F0BF00
310
0000000000000000000000000000800B0B0B0B0B110D04666163650CFFFFFFFF04FFFFFFFF0CFFFFFFFF0CFFFFFFFF0C060000000C090000000CFFFFFFFF0C070000000B0A0B110D057368656C6C0CFFFFFFFF04FFFFFFFF0CFFFFFFFF0CFFFFFFFF0CFFFFFFFF0C080000000CFFFFFFFF0C0A000000110D046C756D700CFF
310
FFFFFF04FFFFFFFF0CFFFFFFFF0CFFFFFFFF0C090000000C00000000110E03456E640E026F660E0341534D0D0464617461
  0
ACDSRECORD
 90
        1
  2
AcDbDs::ID
280
    10
320
B76
  2
ASM_Data
280
    15
 94
      811
310
414349532042696E61727946696C652855000000000000010000000C00000007214F70656E2044657369676E20416C6C69616E63652041434953204275696C646572070E41434953203231382E3030204E540718546875204A756E2032372031363A32383A3230203230323406000000000000F03F0648AFBC9AF2D77A3E06
310
BBBDD7D9DF7CDB3D0D04626F64790CFFFFFFFF04FFFFFFFF0CFFFFFFFF0C0A0000000CFFFFFFFF0CFFFFFFFF110D05706F696E740CFFFFFFFF04FFFFFFFF0CFFFFFFFF1380D1E5CDE17A0AC000000000000000000000000000000000110D067665727465780CFFFFFFFF04FFFFFFFF0CFFFFFFFF0C0400000004020000000C
310
01000000110E07656C6C697073650D0563757276650CFFFFFFFF04FFFFFFFF0CFFFFFFFF137A14AE47E17A0EC0000000000000000000000000000000001400000000000000000000000000000000000000000000F03F14D31742CEFBFFDF3F0000000000000000000000000000008006000000000000F03F0B0B110D046564
310
67650CFFFFFFFF04FFFFFFFF0CFFFFFFFF0C020000000600000000000000000C0200000006182D4454FB2119400C050000000C030000000B0707756E6B6E6F776E110D06636F656467650CFFFFFFFF04FFFFFFFF0CFFFFFFFF0C050000000C050000000CFFFFFFFF0C040000000B0C0600000004000000000CFFFFFFFF110D
310
046C6F6F700CFFFFFFFF04FFFFFFFF0CFFFFFFFF0CFFFFFFFF0C050000000C08000000110E05706C616E650D07737572666163650CFFFFFFFF04FFFFFFFF0CFFFFFFFF13FC1A4982703D10C0000000000000903C00000000000000001400000000000000800000000000000000000000000000F03F14000000000000F0BF00
310
0000000000000000000000000000800B0B0B0B0B110D04666163650CFFFFFFFF04FFFFFFFF0CFFFFFFFF0CFFFFFFFF0C060000000C090000000CFFFFFFFF0C070000000B0A0B110D057368656C6C0CFFFFFFFF04FFFFFFFF0CFFFFFFFF0CFFFFFFFF0CFFFFFFFF0C080000000CFFFFFFFF0C0A000000110D046C756D700CFF
310
FFFFFF04FFFFFFFF0CFFFFFFFF0CFFFFFFFF0C090000000C00000000110E03456E640E026F660E0341534D0D0464617461
  0
ACDSRECORD
 90
        1
  2
AcDbDs::ID
280
    10
320
B78
  2
ASM_Data
280
    15
 94
      811
310
414349532042696E61727946696C652855000000000000010000000C00000007214F70656E2044657369676E20416C6C69616E63652041434953204275696C646572070E41434953203231382E3030204E540718546875204A756E2032372031363A32383A3230203230323406000000000000F03F0648AFBC9AF2D77A3E06
310
BBBDD7D9DF7CDB3D0D04626F64790CFFFFFFFF04FFFFFFFF0CFFFFFFFF0C0A0000000CFFFFFFFF0CFFFFFFFF110D05706F696E740CFFFFFFFF04FFFFFFFF0CFFFFFFFF1311C71572000016C000000000000000000000000000000000110D067665727465780CFFFFFFFF04FFFFFFFF0CFFFFFFFF0C0400000004020000000C
310
01000000110E07656C6C697073650D0563757276650CFFFFFFFF04FFFFFFFF0CFFFFFFFF1366666666666619C0000000000000000000000000000000001400000000000000000000000000000000000000000000F03F14A6FA84A22F33EB3F0000000000000000000000000000008006000000000000F03F0B0B110D046564
310
67650CFFFFFFFF04FFFFFFFF0CFFFFFFFF0C020000000600000000000000000C0200000006182D4454FB2119400C050000000C030000000B0707756E6B6E6F776E110D06636F656467650CFFFFFFFF04FFFFFFFF0CFFFFFFFF0C050000000C050000000CFFFFFFFF0C040000000B0C0600000004000000000CFFFFFFFF110D
310
046C6F6F700CFFFFFFFF04FFFFFFFF0CFFFFFFFF0CFFFFFFFF0C050000000C08000000110E05706C616E650D07737572666163650CFFFFFFFF04FFFFFFFF0CFFFFFFFF1310B68E6099191BC0000000000000A03C00000000000000001400000000000000800000000000000000000000000000F03F14000000000000F0BF00
310
0000000000000000000000000000800B0B0B0B0B110D04666163650CFFFFFFFF04FFFFFFFF0CFFFFFFFF0CFFFFFFFF0C060000000C090000000CFFFFFFFF0C070000000B0A0B110D057368656C6C0CFFFFFFFF04FFFFFFFF0CFFFFFFFF0CFFFFFFFF0CFFFFFFFF0C080000000CFFFFFFFF0C0A000000110D046C756D700CFF
310
FFFFFF04FFFFFFFF0CFFFFFFFF0CFFFFFFFF0C090000000C00000000110E03456E640E026F660E0341534D0D0464617461
  0
ACDSRECORD
 90
        1
  2
AcDbDs::ID
280
    10
320
B7A
  2
ASM_Data
280
    15
 94
      811
310
414349532042696E61727946696C652855000000000000010000000C00000007214F70656E2044657369676E20416C6C69616E63652041434953204275696C646572070E41434953203231382E3030204E540718546875204A756E2032372031363A32383A3230203230323406000000000000F03F0648AFBC9AF2D77A3E06
310
BBBDD7D9DF7CDB3D0D04626F64790CFFFFFFFF04FFFFFFFF0CFFFFFFFF0C0A0000000CFFFFFFFF0CFFFFFFFF110D05706F696E740CFFFFFFFF04FFFFFFFF0CFFFFFFFF13E94482A9666617C000000000000000000000000000000000110D067665727465780CFFFFFFFF04FFFFFFFF0CFFFFFFFF0C0400000004020000000C
310
01000000110E07656C6C697073650D0563757276650CFFFFFFFF04FFFFFFFF0CFFFFFFFF1366666666666619C0000000000000000000000000000000001400000000000000000000000000000000000000000000F03F14D31742CEFBFFDF3F0000000000000000000000000000008006000000000000F03F0B0B110D046564
310
67650CFFFFFFFF04FFFFFFFF0CFFFFFFFF0C020000000600000000000000000C0200000006182D4454FB2119400C050000000C030000000B0707756E6B6E6F776E110D06636F656467650CFFFFFFFF04FFFFFFFF0CFFFFFFFF0C050000000C050000000CFFFFFFFF0C040000000B0C0600000004000000000CFFFFFFFF110D
310
046C6F6F700CFFFFFFFF04FFFFFFFF0CFFFFFFFF0CFFFFFFFF0C050000000C08000000110E05706C616E650D07737572666163650CFFFFFFFF04FFFFFFFF0CFFFFFFFF132477D84466661AC0000000000000903C00000000000000001400000000000000800000000000000000000000000000F03F14000000000000F0BF00
310
0000000000000000000000000000800B0B0B0B0B110D04666163650CFFFFFFFF04FFFFFFFF0CFFFFFFFF0CFFFFFFFF0C060000000C090000000CFFFFFFFF0C070000000B0A0B110D057368656C6C0CFFFFFFFF04FFFFFFFF0CFFFFFFFF0CFFFFFFFF0CFFFFFFFF0C080000000CFFFFFFFF0C0A000000110D046C756D700CFF
310
FFFFFF04FFFFFFFF0CFFFFFFFF0CFFFFFFFF0C090000000C00000000110E03456E640E026F660E0341534D0D0464617461
  0
ACDSRECORD
 90
        1
  2
AcDbDs::ID
280
    10
320
B7C
  2
ASM_Data
280
    15
 94
      811
310
414349532042696E61727946696C652855000000000000010000000C00000007214F70656E2044657369676E20416C6C69616E63652041434953204275696C646572070E41434953203231382E3030204E540718546875204A756E2032372031363A32383A3230203230323406000000000000F03F0648AFBC9AF2D77A3E06
310
BBBDD7D9DF7CDB3D0D04626F64790CFFFFFFFF04FFFFFFFF0CFFFFFFFF0C0A0000000CFFFFFFFF0CFFFFFFFF110D05706F696E740CFFFFFFFF04FFFFFFFF0CFFFFFFFF139D91521A7B1420C000000000000000000000000000000000110D067665727465780CFFFFFFFF04FFFFFFFF0CFFFFFFFF0C0400000004020000000C
310
01000000110E07656C6C697073650D0563757276650CFFFFFFFF04FFFFFFFF0CFFFFFFFF1347E17A14AEC721C0000000000000000000000000000000001400000000000000000000000000000000000000000000F03F14A6FA84A22F33EB3F0000000000000000000000000000008006000000000000F03F0B0B110D046564
310
67650CFFFFFFFF04FFFFFFFF0CFFFFFFFF0C020000000600000000000000000C0200000006182D4454FB2119400C050000000C030000000B0707756E6B6E6F776E110D06636F656467650CFFFFFFFF04FFFFFFFF0CFFFFFFFF0C050000000C050000000CFFFFFFFF0C040000000B0C0600000004000000000CFFFFFFFF110D
310
046C6F6F700CFFFFFFFF04FFFFFFFF0CFFFFFFFF0CFFFFFFFF0C050000000C08000000110E05706C616E650D07737572666163650CFFFFFFFF04FFFFFFFF0CFFFFFFFF131C098F9147A122C0000000000000A03C00000000000000001400000000000000800000000000000000000000000000F03F14000000000000F0BF00
310
0000000000000000000000000000800B0B0B0B0B110D04666163650CFFFFFFFF04FFFFFFFF0CFFFFFFFF0CFFFFFFFF0C060000000C090000000CFFFFFFFF0C070000000B0A0B110D057368656C6C0CFFFFFFFF04FFFFFFFF0CFFFFFFFF0CFFFFFFFF0CFFFFFFFF0C080000000CFFFFFFFF0C0A000000110D046C756D700CFF
310
FFFFFF04FFFFFFFF0CFFFFFFFF0CFFFFFFFF0C090000000C00000000110E03456E640E026F660E0341534D0D0464617461
  0
ACDSRECORD
 90
        1
  2
AcDbDs::ID
280
    10
320
B7E
  2
ASM_Data
280
    15
 94
      811
310
414349532042696E61727946696C652855000000000000010000000C00000007214F70656E2044657369676E20416C6C69616E63652041434953204275696C646572070E41434953203231382E3030204E540718546875204A756E2032372031363A32383A3230203230323406000000000000F03F0648AFBC9AF2D77A3E06
310
BBBDD7D9DF7CDB3D0D04626F64790CFFFFFFFF04FFFFFFFF0CFFFFFFFF0C0A0000000CFFFFFFFF0CFFFFFFFF110D05706F696E740CFFFFFFFF04FFFFFFFF0CFFFFFFFF1388D00836AEC720C000000000000000000000000000000000110D067665727465780CFFFFFFFF04FFFFFFFF0CFFFFFFFF0C0400000004020000000C
310
01000000110E07656C6C697073650D0563757276650CFFFFFFFF04FFFFFFFF0CFFFFFFFF1347E17A14AEC721C0000000000000000000000000000000001400000000000000000000000000000000000000000000F03F14D31742CEFBFFDF3F0000000000000000000000000000008006000000000000F03F0B0B110D046564
310
67650CFFFFFFFF04FFFFFFFF0CFFFFFFFF0C020000000600000000000000000C0200000006182D4454FB2119400C050000000C030000000B0707756E6B6E6F776E110D06636F656467650CFFFFFFFF04FFFFFFFF0CFFFFFFFF0C050000000C050000000CFFFFFFFF0C040000000B0C0600000004000000000CFFFFFFFF110D
310
046C6F6F700CFFFFFFFF04FFFFFFFF0CFFFFFFFF0CFFFFFFFF0C050000000C08000000110E05706C616E650D07737572666163650CFFFFFFFF04FFFFFFFF0CFFFFFFFF13A6E9B303AE4722C0000000000000903C00000000000000001400000000000000800000000000000000000000000000F03F14000000000000F0BF00
310
0000000000000000000000000000800B0B0B0B0B110D04666163650CFFFFFFFF04FFFFFFFF0CFFFFFFFF0CFFFFFFFF0C060000000C090000000CFFFFFFFF0C070000000B0A0B110D057368656C6C0CFFFFFFFF04FFFFFFFF0CFFFFFFFF0CFFFFFFFF0CFFFFFFFF0C080000000CFFFFFFFF0C0A000000110D046C756D700CFF
310
FFFFFF04FFFFFFFF0CFFFFFFFF0CFFFFFFFF0C090000000C00000000110E03456E640E026F660E0341534D0D0464617461
  0
ACDSRECORD
 90
        1
  2
AcDbDs::ID
280
    10
320
B80
  2
ASM_Data
280
    15
 94
      811
310
414349532042696E61727946696C652855000000000000010000000C00000007214F70656E2044657369676E20416C6C69616E63652041434953204275696C646572070E41434953203231382E3030204E540718546875204A756E2032372031363A32383A3230203230323406000000000000F03F0648AFBC9AF2D77A3E06
310
BBBDD7D9DF7CDB3D0D04626F64790CFFFFFFFF04FFFFFFFF0CFFFFFFFF0C0A0000000CFFFFFFFF0CFFFFFFFF110D05706F696E740CFFFFFFFF04FFFFFFFF0CFFFFFFFF13B23F9AFBF52825C000000000000000000000000000000000110D067665727465780CFFFFFFFF04FFFFFFFF0CFFFFFFFF0C0400000004020000000C
310
01000000110E07656C6C697073650D0563757276650CFFFFFFFF04FFFFFFFF0CFFFFFFFF135C8FC2F528DC26C0000000000000000000000000000000001400000000000000000000000000000000000000000000F03F14A6FA84A22F33EB3F0000000000000000000000000000008006000000000000F03F0B0B110D046564
310
67650CFFFFFFFF04FFFFFFFF0CFFFFFFFF0C020000000600000000000000000C0200000006182D4454FB2119400C050000000C030000000B0707756E6B6E6F776E110D06636F656467650CFFFFFFFF04FFFFFFFF0CFFFFFFFF0C050000000C050000000CFFFFFFFF0C040000000B0C0600000004000000000CFFFFFFFF110D
310
046C6F6F700CFFFFFFFF04FFFFFFFF0CFFFFFFFF0CFFFFFFFF0C050000000C08000000110E05706C616E650D07737572666163650CFFFFFFFF04FFFFFFFF0CFFFFFFFF1331B7D672C2B527C0000000000000A03C00000000000000001400000000000000800000000000000000000000000000F03F14000000000000F0BF00
310
0000000000000000000000000000800B0B0B0B0B110D04666163650CFFFFFFFF04FFFFFFFF0CFFFFFFFF0CFFFFFFFF0C060000000C090000000CFFFFFFFF0C070000000B0A0B110D057368656C6C0CFFFFFFFF04FFFFFFFF0CFFFFFFFF0CFFFFFFFF0CFFFFFFFF0C080000000CFFFFFFFF0C0A000000110D046C756D700CFF
310
FFFFFF04FFFFFFFF0CFFFFFFFF0CFFFFFFFF0C090000000C00000000110E03456E640E026F660E0341534D0D0464617461
  0
ACDSRECORD
 90
        1
  2
AcDbDs::ID
280
    10
320
B82
  2
ASM_Data
280
    15
 94
      811
310
414349532042696E61727946696C652855000000000000010000000C00000007214F70656E2044657369676E20416C6C69616E63652041434953204275696C646572070E41434953203231382E3030204E540718546875204A756E2032372031363A32383A3230203230323406000000000000F03F0648AFBC9AF2D77A3E06
310
BBBDD7D9DF7CDB3D0D04626F64790CFFFFFFFF04FFFFFFFF0CFFFFFFFF0C0A0000000CFFFFFFFF0CFFFFFFFF110D05706F696E740CFFFFFFFF04FFFFFFFF0CFFFFFFFF139D7E501729DC25C000000000000000000000000000000000110D067665727465780CFFFFFFFF04FFFFFFFF0CFFFFFFFF0C0400000004020000000C
310
01000000110E07656C6C697073650D0563757276650CFFFFFFFF04FFFFFFFF0CFFFFFFFF135C8FC2F528DC26C0000000000000000000000000000000001400000000000000000000000000000000000000000000F03F14D31742CEFBFFDF3F0000000000000000000000000000008006000000000000F03F0B0B110D046564
310
67650CFFFFFFFF04FFFFFFFF0CFFFFFFFF0C020000000600000000000000000C0200000006182D4454FB2119400C050000000C030000000B0707756E6B6E6F776E110D06636F656467650CFFFFFFFF04FFFFFFFF0CFFFFFFFF0C050000000C050000000CFFFFFFFF0C040000000B0C0600000004000000000CFFFFFFFF110D
310
046C6F6F700CFFFFFFFF04FFFFFFFF0CFFFFFFFF0CFFFFFFFF0C050000000C08000000110E05706C616E650D07737572666163650CFFFFFFFF04FFFFFFFF0CFFFFFFFF13BB97FBE4285C27C0000000000000903C00000000000000001400000000000000800000000000000000000000000000F03F14000000000000F0BF00
310
0000000000000000000000000000800B0B0B0B0B110D04666163650CFFFFFFFF04FFFFFFFF0CFFFFFFFF0CFFFFFFFF0C060000000C090000000CFFFFFFFF0C070000000B0A0B110D057368656C6C0CFFFFFFFF04FFFFFFFF0CFFFFFFFF0CFFFFFFFF0CFFFFFFFF0C080000000CFFFFFFFF0C0A000000110D046C756D700CFF
310
FFFFFF04FFFFFFFF0CFFFFFFFF0CFFFFFFFF0C090000000C00000000110E03456E640E026F660E0341534D0D0464617461
  0
ACDSRECORD
 90
        1
  2
AcDbDs::ID
280
    10
320
B84
  2
ASM_Data
280
    15
 94
      811
310
414349532042696E61727946696C652855000000000000010000000C00000007214F70656E2044657369676E20416C6C69616E63652041434953204275696C646572070E41434953203231382E3030204E540718546875204A756E2032372031363A32383A3230203230323406000000000000F03F0648AFBC9AF2D77A3E06
310
BBBDD7D9DF7CDB3D0D04626F64790CFFFFFFFF04FFFFFFFF0CFFFFFFFF0C0A0000000CFFFFFFFF0CFFFFFFFF110D05706F696E740CFFFFFFFF04FFFFFFFF0CFFFFFFFF13D29A30ABC1F5004000000000000000000000000000000000110D067665727465780CFFFFFFFF04FFFFFFFF0CFFFFFFFF0C0400000004020000000C
310
01000000110E07656C6C697073650D0563757276650CFFFFFFFF04FFFFFFFF0CFFFFFFFF1352B81E85EB51F43F000000000000000000000000000000001400000000000000000000000000000000000000000000F03F14A6FA84A22F33EB3F0000000000000000000000000000008006000000000000F03F0B0B110D046564
310
67650CFFFFFFFF04FFFFFFFF0CFFFFFFFF0C020000000600000000000000000C0200000006182D4454FB2119400C050000000C030000000B0707756E6B6E6F776E110D06636F656467650CFFFFFFFF04FFFFFFFF0CFFFFFFFF0C050000000C050000000CFFFFFFFF0C040000000B0C0600000004000000000CFFFFFFFF110D
310
046C6F6F700CFFFFFFFF04FFFFFFFF0CFFFFFFFF0CFFFFFFFF0C050000000C08000000110E05706C616E650D07737572666163650CFFFFFFFF04FFFFFFFF0CFFFFFFFF1350F3FA383F0AEB3F000000000000A03C00000000000000001400000000000000800000000000000000000000000000F03F14000000000000F0BF00
310
0000000000000000000000000000800B0B0B0B0B110D04666163650CFFFFFFFF04FFFFFFFF0CFFFFFFFF0CFFFFFFFF0C060000000C090000000CFFFFFFFF0C070000000B0A0B110D057368656C6C0CFFFFFFFF04FFFFFFFF0CFFFFFFFF0CFFFFFFFF0CFFFFFFFF0C080000000CFFFFFFFF0C0A000000110D046C756D700CFF
310
FFFFFF04FFFFFFFF0CFFFFFFFF0CFFFFFFFF0C090000000C00000000110E03456E640E026F660E0341534D0D0464617461
  0
ACDSRECORD
 90
        1
  2
AcDbDs::ID
280
    10
320
B86
  2
ASM_Data
280
    15
 94
      811
310
414349532042696E61727946696C652855000000000000010000000C00000007214F70656E2044657369676E20416C6C69616E63652041434953204275696C646572070E41434953203231382E3030204E540718546875204A756E2032372031363A32383A3230203230323406000000000000F03F0648AFBC9AF2D77A3E06
310
BBBDD7D9DF7CDB3D0D04626F64790CFFFFFFFF04FFFFFFFF0CFFFFFFFF0C0A0000000CFFFFFFFF0CFFFFFFFF110D05706F696E740CFFFFFFFF04FFFFFFFF0CFFFFFFFF13473EAF78EA51FC3F00000000000000000000000000000000110D067665727465780CFFFFFFFF04FFFFFFFF0CFFFFFFFF0C0400000004020000000C
310
01000000110E07656C6C697073650D0563757276650CFFFFFFFF04FFFFFFFF0CFFFFFFFF1352B81E85EB51F43F000000000000000000000000000000001400000000000000000000000000000000000000000000F03F14D31742CEFBFFDF3F0000000000000000000000000000008006000000000000F03F0B0B110D046564
310
67650CFFFFFFFF04FFFFFFFF0CFFFFFFFF0C020000000600000000000000000C0200000006182D4454FB2119400C050000000C030000000B0707756E6B6E6F776E110D06636F656467650CFFFFFFFF04FFFFFFFF0CFFFFFFFF0C050000000C050000000CFFFFFFFF0C040000000B0C0600000004000000000CFFFFFFFF110D
310
046C6F6F700CFFFFFFFF04FFFFFFFF0CFFFFFFFF0CFFFFFFFF0C050000000C08000000110E05706C616E650D07737572666163650CFFFFFFFF04FFFFFFFF0CFFFFFFFF135875560BEC51F03F000000000000903C00000000000000001400000000000000800000000000000000000000000000F03F14000000000000F0BF00
310
0000000000000000000000000000800B0B0B0B0B110D04666163650CFFFFFFFF04FFFFFFFF0CFFFFFFFF0CFFFFFFFF0C060000000C090000000CFFFFFFFF0C070000000B0A0B110D057368656C6C0CFFFFFFFF04FFFFFFFF0CFFFFFFFF0CFFFFFFFF0CFFFFFFFF0C080000000CFFFFFFFF0C0A000000110D046C756D700CFF
310
FFFFFF04FFFFFFFF0CFFFFFFFF0CFFFFFFFF0C090000000C00000000110E03456E640E026F660E0341534D0D0464617461
  0
ACDSRECORD
 90
        1
  2
AcDbDs::ID
280
    10
320
B88
  2
ASM_Data
280
    15
 94
      811
310
414349532042696E61727946696C652855000000000000010000000C00000007214F70656E2044657369676E20416C6C69616E63652041434953204275696C646572070E41434953203231382E3030204E540718546875204A756E2032372031363A32383A3230203230323406000000000000F03F0648AFBC9AF2D77A3E06
310
BBBDD7D9DF7CDB3D0D04626F64790CFFFFFFFF04FFFFFFFF0CFFFFFFFF0C0A0000000CFFFFFFFF0CFFFFFFFF110D05706F696E740CFFFFFFFF04FFFFFFFF0CFFFFFFFF1392A92798D6A3124000000000000000000000000000000000110D067665727465780CFFFFFFFF04FFFFFFFF0CFFFFFFFF0C0400000004020000000C
310
01000000110E07656C6C697073650D0563757276650CFFFFFFFF04FFFFFFFF0CFFFFFFFF137A14AE47E17A0E40000000000000000000000000000000001400000000000000000000000000000000000000000000F03F14A6FA84A22F33EB3F0000000000000000000000000000008006000000000000F03F0B0B110D046564
310
67650CFFFFFFFF04FFFFFFFF0CFFFFFFFF0C020000000600000000000000000C0200000006182D4454FB2119400C050000000C030000000B0707756E6B6E6F776E110D06636F656467650CFFFFFFFF04FFFFFFFF0CFFFFFFFF0C050000000C050000000CFFFFFFFF0C040000000B0C0600000004000000000CFFFFFFFF110D
310
046C6F6F700CFFFFFFFF04FFFFFFFF0CFFFFFFFF0CFFFFFFFF0C050000000C08000000110E05706C616E650D07737572666163650CFFFFFFFF04FFFFFFFF0CFFFFFFFF1325755D537B140B40000000000000A03C00000000000000001400000000000000800000000000000000000000000000F03F14000000000000F0BF00
310
0000000000000000000000000000800B0B0B0B0B110D04666163650CFFFFFFFF04FFFFFFFF0CFFFFFFFF0CFFFFFFFF0C060000000C090000000CFFFFFFFF0C070000000B0A0B110D057368656C6C0CFFFFFFFF04FFFFFFFF0CFFFFFFFF0CFFFFFFFF0CFFFFFFFF0C080000000CFFFFFFFF0C0A000000110D046C756D700CFF
310
FFFFFF04FFFFFFFF0CFFFFFFFF0CFFFFFFFF0C090000000C00000000110E03456E640E026F660E0341534D0D0464617461
  0
ACDSRECORD
 90
        1
  2
AcDbDs::ID
280
    10
320
B8A
  2
ASM_Data
280
    15
 94
      811
310
414349532042696E61727946696C652855000000000000010000000C00000007214F70656E2044657369676E20416C6C69616E63652041434953204275696C646572070E41434953203231382E3030204E540718546875204A756E2032372031363A32383A3230203230323406000000000000F03F0648AFBC9AF2D77A3E06
310
BBBDD7D9DF7CDB3D0D04626F64790CFFFFFFFF04FFFFFFFF0CFFFFFFFF0C0A0000000CFFFFFFFF0CFFFFFFFF110D05706F696E740CFFFFFFFF04FFFFFFFF0CFFFFFFFF13BA2BBB60703D114000000000000000000000000000000000110D067665727465780CFFFFFFFF04FFFFFFFF0CFFFFFFFF0C0400000004020000000C
310
01000000110E07656C6C697073650D0563757276650CFFFFFFFF04FFFFFFFF0CFFFFFFFF137A14AE47E17A0E40000000000000000000000000000000001400000000000000000000000000000000000000000000F03F14D31742CEFBFFDF3F0000000000000000000000000000008006000000000000F03F0B0B110D046564
310
67650CFFFFFFFF04FFFFFFFF0CFFFFFFFF0C020000000600000000000000000C0200000006182D4454FB2119400C050000000C030000000B0707756E6B6E6F776E110D06636F656467650CFFFFFFFF04FFFFFFFF0CFFFFFFFF0C050000000C050000000CFFFFFFFF0C040000000B0C0600000004000000000CFFFFFFFF110D
310
046C6F6F700CFFFFFFFF04FFFFFFFF0CFFFFFFFF0CFFFFFFFF0C050000000C08000000110E05706C616E650D07737572666163650CFFFFFFFF04FFFFFFFF0CFFFFFFFF13FCF2C98AE17A0C40000000000000903C00000000000000001400000000000000800000000000000000000000000000F03F14000000000000F0BF00
310
0000000000000000000000000000800B0B0B0B0B110D04666163650CFFFFFFFF04FFFFFFFF0CFFFFFFFF0CFFFFFFFF0C060000000C090000000CFFFFFFFF0C070000000B0A0B110D057368656C6C0CFFFFFFFF04FFFFFFFF0CFFFFFFFF0CFFFFFFFF0CFFFFFFFF0C080000000CFFFFFFFF0C0A000000110D046C756D700CFF
310
FFFFFF04FFFFFFFF0CFFFFFFFF0CFFFFFFFF0C090000000C00000000110E03456E640E026F660E0341534D0D0464617461
  0
ACDSRECORD
 90
        1
  2
AcDbDs::ID
280
    10
320
B8C
  2
ASM_Data
280
    15
 94
      811
310
414349532042696E61727946696C652855000000000000010000000C00000007214F70656E2044657369676E20416C6C69616E63652041434953204275696C646572070E41434953203231382E3030204E540718546875204A756E2032372031363A32383A3230203230323406000000000000F03F0648AFBC9AF2D77A3E06
310
BBBDD7D9DF7CDB3D0D04626F64790CFFFFFFFF04FFFFFFFF0CFFFFFFFF0C0A0000000CFFFFFFFF0CFFFFFFFF110D05706F696E740CFFFFFFFF04FFFFFFFF0CFFFFFFFF13BB05B75ACCCC1C4000000000000000000000000000000000110D067665727465780CFFFFFFFF04FFFFFFFF0CFFFFFFFF0C0400000004020000000C
310
01000000110E07656C6C697073650D0563757276650CFFFFFFFF04FFFFFFFF0CFFFFFFFF136666666666661940000000000000000000000000000000001400000000000000000000000000000000000000000000F03F14A6FA84A22F33EB3F0000000000000000000000000000008006000000000000F03F0B0B110D046564
310
67650CFFFFFFFF04FFFFFFFF0CFFFFFFFF0C020000000600000000000000000C0200000006182D4454FB2119400C050000000C030000000B0707756E6B6E6F776E110D06636F656467650CFFFFFFFF04FFFFFFFF0CFFFFFFFF0C050000000C050000000CFFFFFFFF0C040000000B0C0600000004000000000CFFFFFFFF110D
310
046C6F6F700CFFFFFFFF04FFFFFFFF0CFFFFFFFF0CFFFFFFFF0C050000000C08000000110E05706C616E650D07737572666163650CFFFFFFFF04FFFFFFFF0CFFFFFFFF13BC163E6C33B31740000000000000A03C00000000000000001400000000000000800000000000000000000000000000F03F14000000000000F0BF00
310
0000000000000000000000000000800B0B0B0B0B110D04666163650CFFFFFFFF04FFFFFFFF0CFFFFFFFF0CFFFFFFFF0C060000000C090000000CFFFFFFFF0C070000000B0A0B110D057368656C6C0CFFFFFFFF04FFFFFFFF0CFFFFFFFF0CFFFFFFFF0CFFFFFFFF0C080000000CFFFFFFFF0C0A000000110D046C756D700CFF
310
FFFFFF04FFFFFFFF0CFFFFFFFF0CFFFFFFFF0C090000000C00000000110E03456E640E026F660E0341534D0D0464617461
  0
ACDSRECORD
 90
        1
  2
AcDbDs::ID
280
    10
320
B8E
  2
ASM_Data
280
    15
 94
      811
310
414349532042696E61727946696C652855000000000000010000000C00000007214F70656E2044657369676E20416C6C69616E63652041434953204275696C646572070E41434953203231382E3030204E540718546875204A756E2032372031363A32383A3230203230323406000000000000F03F0648AFBC9AF2D77A3E06
310
BBBDD7D9DF7CDB3D0D04626F64790CFFFFFFFF04FFFFFFFF0CFFFFFFFF0C0A0000000CFFFFFFFF0CFFFFFFFF110D05706F696E740CFFFFFFFF04FFFFFFFF0CFFFFFFFF13E3874A2366661B4000000000000000000000000000000000110D067665727465780CFFFFFFFF04FFFFFFFF0CFFFFFFFF0C0400000004020000000C
310
01000000110E07656C6C697073650D0563757276650CFFFFFFFF04FFFFFFFF0CFFFFFFFF136666666666661940000000000000000000000000000000001400000000000000000000000000000000000000000000F03F14D31742CEFBFFDF3F0000000000000000000000000000008006000000000000F03F0B0B110D046564
310
67650CFFFFFFFF04FFFFFFFF0CFFFFFFFF0C020000000600000000000000000C0200000006182D4454FB2119400C050000000C030000000B0707756E6B6E6F776E110D06636F656467650CFFFFFFFF04FFFFFFFF0CFFFFFFFF0C050000000C050000000CFFFFFFFF0C040000000B0C0600000004000000000CFFFFFFFF110D
310
046C6F6F700CFFFFFFFF04FFFFFFFF0CFFFFFFFF0CFFFFFFFF0C050000000C08000000110E05706C616E650D07737572666163650CFFFFFFFF04FFFFFFFF0CFFFFFFFF13A855F48766661840000000000000903C00000000000000001400000000000000800000000000000000000000000000F03F14000000000000F0BF00
310
0000000000000000000000000000800B0B0B0B0B110D04666163650CFFFFFFFF04FFFFFFFF0CFFFFFFFF0CFFFFFFFF0C060000000C090000000CFFFFFFFF0C070000000B0A0B110D057368656C6C0CFFFFFFFF04FFFFFFFF0CFFFFFFFF0CFFFFFFFF0CFFFFFFFF0C080000000CFFFFFFFF0C0A000000110D046C756D700CFF
310
FFFFFF04FFFFFFFF0CFFFFFFFF0CFFFFFFFF0C090000000C00000000110E03456E640E026F660E0341534D0D0464617461
  0
ACDSRECORD
 90
        1
  2
AcDbDs::ID
280
    10
320
B90
  2
ASM_Data
280
    15
 94
      811
310
414349532042696E61727946696C652855000000000000010000000C00000007214F70656E2044657369676E20416C6C69616E63652041434953204275696C646572070E41434953203231382E3030204E540718546875204A756E2032372031363A32383A3230203230323406000000000000F03F0648AFBC9AF2D77A3E06
310
BBBDD7D9DF7CDB3D0D04626F64790CFFFFFFFF04FFFFFFFF0CFFFFFFFF0C0A0000000CFFFFFFFF0CFFFFFFFF110D05706F696E740CFFFFFFFF04FFFFFFFF0CFFFFFFFF13F130A30EE17A234000000000000000000000000000000000110D067665727465780CFFFFFFFF04FFFFFFFF0CFFFFFFFF0C0400000004020000000C
310
01000000110E07656C6C697073650D0563757276650CFFFFFFFF04FFFFFFFF0CFFFFFFFF1347E17A14AEC72140000000000000000000000000000000001400000000000000000000000000000000000000000000F03F14A6FA84A22F33EB3F0000000000000000000000000000008006000000000000F03F0B0B110D046564
310
67650CFFFFFFFF04FFFFFFFF0CFFFFFFFF0C020000000600000000000000000C0200000006182D4454FB2119400C050000000C030000000B0707756E6B6E6F776E110D06636F656467650CFFFFFFFF04FFFFFFFF0CFFFFFFFF0C050000000C050000000CFFFFFFFF0C040000000B0C0600000004000000000CFFFFFFFF110D
310
046C6F6F700CFFFFFFFF04FFFFFFFF0CFFFFFFFF0CFFFFFFFF0C050000000C08000000110E05706C616E650D07737572666163650CFFFFFFFF04FFFFFFFF0CFFFFFFFF1372B9669714EE2040000000000000A03C00000000000000001400000000000000800000000000000000000000000000F03F14000000000000F0BF00
310
0000000000000000000000000000800B0B0B0B0B110D04666163650CFFFFFFFF04FFFFFFFF0CFFFFFFFF0CFFFFFFFF0C060000000C090000000CFFFFFFFF0C070000000B0A0B110D057368656C6C0CFFFFFFFF04FFFFFFFF0CFFFFFFFF0CFFFFFFFF0CFFFFFFFF0C080000000CFFFFFFFF0C0A000000110D046C756D700CFF
310
FFFFFF04FFFFFFFF0CFFFFFFFF0CFFFFFFFF0C090000000C00000000110E03456E640E026F660E0341534D0D0464617461
  0
ACDSRECORD
 90
        1
  2
AcDbDs::ID
280
    10
320
B92
  2
ASM_Data
280
    15
 94
      811
310
414349532042696E61727946696C652855000000000000010000000C00000007214F70656E2044657369676E20416C6C69616E63652041434953204275696C646572070E41434953203231382E3030204E540718546875204A756E2032372031363A32383A3230203230323406000000000000F03F0648AFBC9AF2D77A3E06
310
BBBDD7D9DF7CDB3D0D04626F64790CFFFFFFFF04FFFFFFFF0CFFFFFFFF0C0A0000000CFFFFFFFF0CFFFFFFFF110D05706F696E740CFFFFFFFF04FFFFFFFF0CFFFFFFFF1306F2ECF2ADC7224000000000000000000000000000000000110D067665727465780CFFFFFFFF04FFFFFFFF0CFFFFFFFF0C0400000004020000000C
310
01000000110E07656C6C697073650D0563757276650CFFFFFFFF04FFFFFFFF0CFFFFFFFF1347E17A14AEC72140000000000000000000000000000000001400000000000000000000000000000000000000000000F03F14D31742CEFBFFDF3F0000000000000000000000000000008006000000000000F03F0B0B110D046564
310
67650CFFFFFFFF04FFFFFFFF0CFFFFFFFF0C020000000600000000000000000C0200000006182D4454FB2119400C050000000C030000000B0707756E6B6E6F776E110D06636F656467650CFFFFFFFF04FFFFFFFF0CFFFFFFFF0C050000000C050000000CFFFFFFFF0C040000000B0C0600000004000000000CFFFFFFFF110D
310
046C6F6F700CFFFFFFFF04FFFFFFFF0CFFFFFFFF0CFFFFFFFF0C050000000C08000000110E05706C616E650D07737572666163650CFFFFFFFF04FFFFFFFF0CFFFFFFFF13E8D84125AE472140000000000000903C00000000000000001400000000000000800000000000000000000000000000F03F14000000000000F0BF00
310
0000000000000000000000000000800B0B0B0B0B110D04666163650CFFFFFFFF04FFFFFFFF0CFFFFFFFF0CFFFFFFFF0C060000000C090000000CFFFFFFFF0C070000000B0A0B110D057368656C6C0CFFFFFFFF04FFFFFFFF0CFFFFFFFF0CFFFFFFFF0CFFFFFFFF0C080000000CFFFFFFFF0C0A000000110D046C756D700CFF
310
FFFFFF04FFFFFFFF0CFFFFFFFF0CFFFFFFFF0C090000000C00000000110E03456E640E026F660E0341534D0D0464617461
  0
ACDSRECORD
 90
        1
  2
AcDbDs::ID
280
    10
320
B94
  2
ASM_Data
280
    15
 94
      811
310
414349532042696E61727946696C652855000000000000010000000C00000007214F70656E2044657369676E20416C6C69616E63652041434953204275696C646572070E41434953203231382E3030204E540718546875204A756E2032372031363A32383A3230203230323406000000000000F03F0648AFBC9AF2D77A3E06
310
BBBDD7D9DF7CDB3D0D04626F64790CFFFFFFFF04FFFFFFFF0CFFFFFFFF0C0A0000000CFFFFFFFF0CFFFFFFFF110D05706F696E740CFFFFFFFF04FFFFFFFF0CFFFFFFFF1306DFEAEF5B8F284000000000000000000000000000000000110D067665727465780CFFFFFFFF04FFFFFFFF0CFFFFFFFF0C0400000004020000000C
310
01000000110E07656C6C697073650D0563757276650CFFFFFFFF04FFFFFFFF0CFFFFFFFF135C8FC2F528DC2640000000000000000000000000000000001400000000000000000000000000000000000000000000F03F14A6FA84A22F33EB3F0000000000000000000000000000008006000000000000F03F0B0B110D046564
310
67650CFFFFFFFF04FFFFFFFF0CFFFFFFFF0C020000000600000000000000000C0200000006182D4454FB2119400C050000000C030000000B0707756E6B6E6F776E110D06636F656467650CFFFFFFFF04FFFFFFFF0CFFFFFFFF0C050000000C050000000CFFFFFFFF0C040000000B0C0600000004000000000CFFFFFFFF110D
310
046C6F6F700CFFFFFFFF04FFFFFFFF0CFFFFFFFF0CFFFFFFFF0C050000000C08000000110E05706C616E650D07737572666163650CFFFFFFFF04FFFFFFFF0CFFFFFFFF138767AE788F022640000000000000A03C00000000000000001400000000000000800000000000000000000000000000F03F14000000000000F0BF00
310
0000000000000000000000000000800B0B0B0B0B110D04666163650CFFFFFFFF04FFFFFFFF0CFFFFFFFF0CFFFFFFFF0C060000000C090000000CFFFFFFFF0C070000000B0A0B110D057368656C6C0CFFFFFFFF04FFFFFFFF0CFFFFFFFF0CFFFFFFFF0CFFFFFFFF0C080000000CFFFFFFFF0C0A000000110D046C756D700CFF
310
FFFFFF04FFFFFFFF0CFFFFFFFF0CFFFFFFFF0C090000000C00000000110E03456E640E026F660E0341534D0D0464617461
  0
ACDSRECORD
 90
        1
  2
AcDbDs::ID
280
    10
320
B96
  2
ASM_Data
280
    15
 94
      811
310
414349532042696E61727946696C652855000000000000010000000C00000007214F70656E2044657369676E20416C6C69616E63652041434953204275696C646572070E41434953203231382E3030204E540718546875204A756E2032372031363A32383A3230203230323406000000000000F03F0648AFBC9AF2D77A3E06
310
BBBDD7D9DF7CDB3D0D04626F64790CFFFFFFFF04FFFFFFFF0CFFFFFFFF0C0A0000000CFFFFFFFF0CFFFFFFFF110D05706F696E740CFFFFFFFF04FFFFFFFF0CFFFFFFFF131BA034D428DC274000000000000000000000000000000000110D067665727465780CFFFFFFFF04FFFFFFFF0CFFFFFFFF0C0400000004020000000C
310
01000000110E07656C6C697073650D0563757276650CFFFFFFFF04FFFFFFFF0CFFFFFFFF135C8FC2F528DC2640000000000000000000000000000000001400000000000000000000000000000000000000000000F03F14D31742CEFBFFDF3F0000000000000000000000000000008006000000000000F03F0B0B110D046564
310
67650CFFFFFFFF04FFFFFFFF0CFFFFFFFF0C020000000600000000000000000C0200000006182D4454FB2119400C050000000C030000000B0707756E6B6E6F776E110D06636F656467650CFFFFFFFF04FFFFFFFF0CFFFFFFFF0C050000000C050000000CFFFFFFFF0C040000000B0C0600000004000000000CFFFFFFFF110D
310
046C6F6F700CFFFFFFFF04FFFFFFFF0CFFFFFFFF0CFFFFFFFF0C050000000C08000000110E05706C616E650D07737572666163650CFFFFFFFF04FFFFFFFF0CFFFFFFFF13FD868906295C2640000000000000903C00000000000000001400000000000000800000000000000000000000000000F03F14000000000000F0BF00
310
0000000000000000000000000000800B0B0B0B0B110D04666163650CFFFFFFFF04FFFFFFFF0CFFFFFFFF0CFFFFFFFF0C060000000C090000000CFFFFFFFF0C070000000B0A0B110D057368656C6C0CFFFFFFFF04FFFFFFFF0CFFFFFFFF0CFFFFFFFF0CFFFFFFFF0C080000000CFFFFFFFF0C0A000000110D046C756D700CFF
310
FFFFFF04FFFFFFFF0CFFFFFFFF0CFFFFFFFF0C090000000C00000000110E03456E640E026F660E0341534D0D0464617461
  0
ENDSEC
  0
EOF
