  0
SECTION
  2
HEADER
  9
$ACADVER
  1
AC1027
  9
$ACADMAINTVER
 70
   105
  9
$DWGCODEPAGE
  3
ANSI_1252
  9
$LASTSAVEDBY
  1
Admin
  9
$REQUIREDVERSIONS
160
                 0
  9
$INSBASE
 10
0.0
 20
0.0
 30
0.0
  9
$EXTMIN
 10
1.000000000000000E+20
 20
1.000000000000000E+20
 30
1.000000000000000E+20
  9
$EXTMAX
 10
-1.000000000000000E+20
 20
-1.000000000000000E+20
 30
-1.000000000000000E+20
  9
$LIMMIN
 10
-20.58408126
 20
-20.56642318
  9
$LIMMAX
 10
63.55542788
 20
47.3657676
  9
$ORTHOMODE
 70
     0
  9
$REGENMODE
 70
     1
  9
$FILLMODE
 70
     1
  9
$QTEXTMODE
 70
     0
  9
$MIRRTEXT
 70
     1
  9
$LTSCALE
 40
1.0
  9
$ATTMODE
 70
     1
  9
$TEXTSIZE
 40
0.2
  9
$TRACEWID
 40
0.05
  9
$TEXTSTYLE
  7
Standard
  9
$CLAYER
  8
0
  9
$CELTYPE
  6
ByLayer
  9
$CECOLOR
 62
   256
  9
$CELTSCALE
 40
1.0
  9
$DISPSILH
 70
     0
  9
$DIMSCALE
 40
1.0
  9
$DIMASZ
 40
0.18
  9
$DIMEXO
 40
0.0625
  9
$DIMDLI
 40
0.38
  9
$DIMRND
 40
0.0
  9
$DIMDLE
 40
0.0
  9
$DIMEXE
 40
0.18
  9
$DIMTP
 40
0.0
  9
$DIMTM
 40
0.0
  9
$DIMTXT
 40
0.18
  9
$DIMCEN
 40
0.09
  9
$DIMTSZ
 40
0.0
  9
$DIMTOL
 70
     0
  9
$DIMLIM
 70
     0
  9
$DIMTIH
 70
     1
  9
$DIMTOH
 70
     1
  9
$DIMSE1
 70
     0
  9
$DIMSE2
 70
     0
  9
$DIMTAD
 70
     0
  9
$DIMZIN
 70
     0
  9
$DIMBLK
  1

  9
$DIMASO
 70
     1
  9
$DIMSHO
 70
     1
  9
$DIMPOST
  1

  9
$DIMAPOST
  1

  9
$DIMALT
 70
     0
  9
$DIMALTD
 70
     2
  9
$DIMALTF
 40
25.4
  9
$DIMLFAC
 40
1.0
  9
$DIMTOFL
 70
     0
  9
$DIMTVP
 40
0.0
  9
$DIMTIX
 70
     0
  9
$DIMSOXD
 70
     0
  9
$DIMSAH
 70
     0
  9
$DIMBLK1
  1

  9
$DIMBLK2
  1

  9
$DIMSTYLE
  2
Standard
  9
$DIMCLRD
 70
     0
  9
$DIMCLRE
 70
     0
  9
$DIMCLRT
 70
     0
  9
$DIMTFAC
 40
1.0
  9
$DIMGAP
 40
0.09
  9
$DIMJUST
 70
     0
  9
$DIMSD1
 70
     0
  9
$DIMSD2
 70
     0
  9
$DIMTOLJ
 70
     1
  9
$DIMTZIN
 70
     0
  9
$DIMALTZ
 70
     0
  9
$DIMALTTZ
 70
     0
  9
$DIMUPT
 70
     0
  9
$DIMDEC
 70
     4
  9
$DIMTDEC
 70
     4
  9
$DIMALTU
 70
     2
  9
$DIMALTTD
 70
     2
  9
$DIMTXSTY
  7
Standard
  9
$DIMAUNIT
 70
     0
  9
$DIMADEC
 70
     0
  9
$DIMALTRND
 40
0.0
  9
$DIMAZIN
 70
     0
  9
$DIMDSEP
 70
    46
  9
$DIMATFIT
 70
     3
  9
$DIMFRAC
 70
     0
  9
$DIMLDRBLK
  1

  9
$DIMLUNIT
 70
     2
  9
$DIMLWD
 70
    -2
  9
$DIMLWE
 70
    -2
  9
$DIMTMOVE
 70
     0
  9
$DIMFXL
 40
1.0
  9
$DIMFXLON
 70
     0
  9
$DIMJOGANG
 40
0.7853981633974483
  9
$DIMTFILL
 70
     0
  9
$DIMTFILLCLR
 70
     0
  9
$DIMARCSYM
 70
     0
  9
$DIMLTYPE
  6

  9
$DIMLTEX1
  6

  9
$DIMLTEX2
  6

  9
$DIMTXTDIRECTION
 70
     0
  9
$LUNITS
 70
     2
  9
$LUPREC
 70
     4
  9
$SKETCHINC
 40
0.1
  9
$FILLETRAD
 40
0.0
  9
$AUNITS
 70
     0
  9
$AUPREC
 70
     0
  9
$MENU
  1
.
  9
$ELEVATION
 40
0.0
  9
$PELEVATION
 40
0.0
  9
$THICKNESS
 40
0.0
  9
$LIMCHECK
 70
     0
  9
$CHAMFERA
 40
0.0
  9
$CHAMFERB
 40
0.0
  9
$CHAMFERC
 40
0.0
  9
$CHAMFERD
 40
0.0
  9
$SKPOLY
 70
     0
  9
$TDCREATE
 40
2460489.686355614
  9
$TDUCREATE
 40
2460489.60302228
  9
$TDUPDATE
 40
2460489.686356482
  9
$TDUUPDATE
 40
2460489.603023148
  9
$TDINDWG
 40
0.0000000116
  9
$TDUSRTIMER
 40
0.0000000116
  9
$USRTIMER
 70
     1
  9
$ANGBASE
 50
0.0
  9
$ANGDIR
 70
     0
  9
$PDMODE
 70
     0
  9
$PDSIZE
 40
0.0
  9
$PLINEWID
 40
0.0
  9
$SPLFRAME
 70
     0
  9
$SPLINETYPE
 70
     6
  9
$SPLINESEGS
 70
     8
  9
$HANDSEED
  5
20E
  9
$SURFTAB1
 70
     6
  9
$SURFTAB2
 70
     6
  9
$SURFTYPE
 70
     6
  9
$SURFU
 70
     6
  9
$SURFV
 70
     6
  9
$UCSBASE
  2

  9
$UCSNAME
  2

  9
$UCSORG
 10
0.0
 20
0.0
 30
0.0
  9
$UCSXDIR
 10
1.0
 20
0.0
 30
0.0
  9
$UCSYDIR
 10
0.0
 20
1.0
 30
0.0
  9
$UCSORTHOREF
  2

  9
$UCSORTHOVIEW
 70
     0
  9
$UCSORGTOP
 10
0.0
 20
0.0
 30
0.0
  9
$UCSORGBOTTOM
 10
0.0
 20
0.0
 30
0.0
  9
$UCSORGLEFT
 10
0.0
 20
0.0
 30
0.0
  9
$UCSORGRIGHT
 10
0.0
 20
0.0
 30
0.0
  9
$UCSORGFRONT
 10
0.0
 20
0.0
 30
0.0
  9
$UCSORGBACK
 10
0.0
 20
0.0
 30
0.0
  9
$PUCSBASE
  2

  9
$PUCSNAME
  2

  9
$PUCSORG
 10
0.0
 20
0.0
 30
0.0
  9
$PUCSXDIR
 10
1.0
 20
0.0
 30
0.0
  9
$PUCSYDIR
 10
0.0
 20
1.0
 30
0.0
  9
$PUCSORTHOREF
  2

  9
$PUCSORTHOVIEW
 70
     0
  9
$PUCSORGTOP
 10
0.0
 20
0.0
 30
0.0
  9
$PUCSORGBOTTOM
 10
0.0
 20
0.0
 30
0.0
  9
$PUCSORGLEFT
 10
0.0
 20
0.0
 30
0.0
  9
$PUCSORGRIGHT
 10
0.0
 20
0.0
 30
0.0
  9
$PUCSORGFRONT
 10
0.0
 20
0.0
 30
0.0
  9
$PUCSORGBACK
 10
0.0
 20
0.0
 30
0.0
  9
$USERI1
 70
     0
  9
$USERI2
 70
     0
  9
$USERI3
 70
     0
  9
$USERI4
 70
     0
  9
$USERI5
 70
     0
  9
$USERR1
 40
0.0
  9
$USERR2
 40
0.0
  9
$USERR3
 40
0.0
  9
$USERR4
 40
0.0
  9
$USERR5
 40
0.0
  9
$WORLDVIEW
 70
     1
  9
$SHADEDGE
 70
     3
  9
$SHADEDIF
 70
    70
  9
$TILEMODE
 70
     1
  9
$MAXACTVP
 70
    64
  9
$PINSBASE
 10
0.0
 20
0.0
 30
0.0
  9
$PLIMCHECK
 70
     0
  9
$PEXTMIN
 10
1.000000000000000E+20
 20
1.000000000000000E+20
 30
1.000000000000000E+20
  9
$PEXTMAX
 10
-1.000000000000000E+20
 20
-1.000000000000000E+20
 30
-1.000000000000000E+20
  9
$PLIMMIN
 10
0.0
 20
0.0
  9
$PLIMMAX
 10
12.0
 20
9.0
  9
$UNITMODE
 70
     0
  9
$VISRETAIN
 70
     1
  9
$PLINEGEN
 70
     0
  9
$PSLTSCALE
 70
     1
  9
$TREEDEPTH
 70
  3020
  9
$CMLSTYLE
  2
Standard
  9
$CMLJUST
 70
     0
  9
$CMLSCALE
 40
1.0
  9
$PROXYGRAPHICS
 70
     1
  9
$MEASUREMENT
 70
     1
  9
$CELWEIGHT
370
    -1
  9
$ENDCAPS
280
     0
  9
$JOINSTYLE
280
     0
  9
$LWDISPLAY
290
     0
  9
$INSUNITS
 70
     1
  9
$HYPERLINKBASE
  1

  9
$STYLESHEET
  1

  9
$XEDIT
290
     1
  9
$CEPSNTYPE
380
     0
  9
$PSTYLEMODE
290
     1
  9
$FINGERPRINTGUID
  2
{07262b18-d7fc-42e4-9fb1-35ccfe067d53}
  9
$VERSIONGUID
  2
{FAEB1C32-E019-11D5-929B-00C0DF256EC4}
  9
$EXTNAMES
290
     1
  9
$PSVPSCALE
 40
0.0
  9
$OLESTARTUP
290
     0
  9
$SORTENTS
280
   127
  9
$INDEXCTL
280
     0
  9
$HIDETEXT
280
     1
  9
$XCLIPFRAME
280
     2
  9
$HALOGAP
280
     0
  9
$OBSCOLOR
 70
   257
  9
$OBSLTYPE
280
     0
  9
$INTERSECTIONDISPLAY
280
     0
  9
$INTERSECTIONCOLOR
 70
   257
  9
$DIMASSOC
280
     2
  9
$PROJECTNAME
  1

  9
$CAMERADISPLAY
290
     0
  9
$LENSLENGTH
 40
50.0
  9
$CAMERAHEIGHT
 40
0.0
  9
$STEPSPERSEC
 40
2.0
  9
$STEPSIZE
 40
6.0
  9
$3DDWFPREC
 40
2.0
  9
$PSOLWIDTH
 40
0.25
  9
$PSOLHEIGHT
 40
4.0
  9
$LOFTANG1
 40
1.570796326794897
  9
$LOFTANG2
 40
1.570796326794897
  9
$LOFTMAG1
 40
0.0
  9
$LOFTMAG2
 40
0.0
  9
$LOFTPARAM
 70
     7
  9
$LOFTNORMALS
280
     1
  9
$LATITUDE
 40
37.795
  9
$LONGITUDE
 40
-122.394
  9
$NORTHDIRECTION
 40
0.0
  9
$TIMEZONE
 70
 -8000
  9
$LIGHTGLYPHDISPLAY
280
     1
  9
$TILEMODELIGHTSYNCH
280
     1
  9
$CMATERIAL
347
44
  9
$SOLIDHIST
280
     0
  9
$SHOWHIST
280
     1
  9
$DWFFRAME
280
     2
  9
$DGNFRAME
280
     2
  9
$REALWORLDSCALE
290
     1
  9
$INTERFERECOLOR
 62
   256
  9
$CSHADOW
280
     0
  9
$SHADOWPLANELOCATION
 40
0.0
  0
ENDSEC
  0
SECTION
  2
CLASSES
  0
CLASS
  1
ACDBDICTIONARYWDFLT
  2
AcDbDictionaryWithDefault
  3
ObjectDBX Classes
 90
        0
 91
        3
280
     0
281
     0
  0
CLASS
  1
VISUALSTYLE
  2
AcDbVisualStyle
  3
ObjectDBX Classes
 90
     4095
 91
        3
280
     0
281
     0
  0
CLASS
  1
MATERIAL
  2
AcDbMaterial
  3
ObjectDBX Classes
 90
     1153
 91
        3
280
     0
281
     0
  0
CLASS
  1
SCALE
  2
AcDbScale
  3
ObjectDBX Classes
 90
     1153
 91
        3
280
     0
281
     0
  0
CLASS
  1
TABLESTYLE
  2
AcDbTableStyle
  3
ObjectDBX Classes
 90
     4095
 91
        3
280
     0
281
     0
  0
CLASS
  1
MLEADERSTYLE
  2
AcDbMLeaderStyle
  3
ACDB_MLEADERSTYLE_CLASS
 90
     4095
 91
        3
280
     0
281
     0
  0
CLASS
  1
SUN
  2
AcDbSun
  3
SCENEOE
 90
     1153
 91
        3
280
     0
281
     0
  0
CLASS
  1
DICTIONARYVAR
  2
AcDbDictionaryVar
  3
ObjectDBX Classes
 90
        0
 91
        3
280
     0
281
     0
  0
CLASS
  1
CELLSTYLEMAP
  2
AcDbCellStyleMap
  3
ObjectDBX Classes
 90
     1152
 91
        3
280
     0
281
     0
  0
ENDSEC
  0
SECTION
  2
TABLES
  0
TABLE
  2
VPORT
  5
8
330
0
100
AcDbSymbolTable
 70
     1
  0
VPORT
  5
29
330
8
100
AcDbSymbolTableRecord
100
AcDbViewportTableRecord
  2
*Active
 70
     0
 10
0.0
 20
0.0
 11
1.0
 21
1.0
 12
10.42990654205607
 22
4.5
 13
0.0
 23
0.0
 14
0.5
 24
0.5
 15
0.5
 25
0.5
 16
0.0
 26
0.0
 36
1.0
 17
0.0
 27
0.0
 37
0.0
 40
9.0
 41
1.972972972850329
 42
50.0
 43
0.0
 44
0.0
 50
0.0
 51
0.0
 71
     0
 72
   100
 73
     1
 74
     3
 75
     0
 76
     0
 77
     0
 78
     0
281
     0
 65
     1
110
0.0
120
0.0
130
0.0
111
1.0
121
0.0
131
0.0
112
0.0
122
1.0
132
0.0
 79
     0
146
0.0
348
2F
 60
     3
 61
     5
292
     1
282
     1
141
0.0
142
0.0
 63
   250
361
5D
  0
ENDTAB
  0
TABLE
  2
LTYPE
  5
5
330
0
100
AcDbSymbolTable
 70
     1
  0
LTYPE
  5
14
330
5
100
AcDbSymbolTableRecord
100
AcDbLinetypeTableRecord
  2
ByBlock
 70
     0
  3

 72
    65
 73
     0
 40
0.0
  0
LTYPE
  5
15
330
5
100
AcDbSymbolTableRecord
100
AcDbLinetypeTableRecord
  2
ByLayer
 70
     0
  3

 72
    65
 73
     0
 40
0.0
  0
LTYPE
  5
16
330
5
100
AcDbSymbolTableRecord
100
AcDbLinetypeTableRecord
  2
Continuous
 70
     0
  3
Solid line
 72
    65
 73
     0
 40
0.0
  0
ENDTAB
  0
TABLE
  2
LAYER
  5
2
330
0
100
AcDbSymbolTable
 70
     4
  0
LAYER
  5
10
330
2
100
AcDbSymbolTableRecord
100
AcDbLayerTableRecord
  2
0
 70
     0
 62
     7
  6
Continuous
370
    -3
390
F
347
46
348
0
  0
LAYER
  5
5E
330
2
100
AcDbSymbolTableRecord
100
AcDbLayerTableRecord
  2
Bottom Solder
 70
     0
 62
     6
  6
Continuous
370
    -3
390
F
347
46
348
0
  0
LAYER
  5
5F
330
2
100
AcDbSymbolTableRecord
100
AcDbLayerTableRecord
  2
Pad Holes
 70
     0
 62
   156
  6
Continuous
370
    -3
390
F
347
46
348
0
  0
LAYER
  5
60
330
2
100
AcDbSymbolTableRecord
100
AcDbLayerTableRecord
  2
Via Holes
 70
     0
 62
    16
  6
Continuous
370
    -3
390
F
347
46
348
0
  0
ENDTAB
  0
TABLE
  2
STYLE
  5
3
330
0
100
AcDbSymbolTable
 70
     1
  0
STYLE
  5
11
330
3
100
AcDbSymbolTableRecord
100
AcDbTextStyleTableRecord
  2
Standard
 70
     0
 40
0.0
 41
1.0
 50
0.0
 71
     0
 42
0.2
  3
txt
  4

  0
ENDTAB
  0
TABLE
  2
VIEW
  5
6
330
0
100
AcDbSymbolTable
 70
     0
  0
ENDTAB
  0
TABLE
  2
UCS
  5
7
330
0
100
AcDbSymbolTable
 70
     0
  0
ENDTAB
  0
TABLE
  2
APPID
  5
9
330
0
100
AcDbSymbolTable
 70
     1
  0
APPID
  5
12
330
9
100
AcDbSymbolTableRecord
100
AcDbRegAppTableRecord
  2
ACAD
 70
     0
  0
ENDTAB
  0
TABLE
  2
DIMSTYLE
  5
A
330
0
100
AcDbSymbolTable
 70
     1
100
AcDbDimStyleTable
  0
DIMSTYLE
105
27
330
A
100
AcDbSymbolTableRecord
100
AcDbDimStyleTableRecord
  2
Standard
 70
     0
178
     0
340
11
  0
ENDTAB
  0
TABLE
  2
BLOCK_RECORD
  5
1
330
0
100
AcDbSymbolTable
 70
    48
  0
BLOCK_RECORD
  5
1F
330
1
100
AcDbSymbolTableRecord
100
AcDbBlockTableRecord
  2
*Model_Space
340
22
 70
     0
280
     1
281
     0
  0
BLOCK_RECORD
  5
1B
330
1
100
AcDbSymbolTableRecord
100
AcDbBlockTableRecord
  2
*Paper_Space
340
1E
 70
     0
280
     1
281
     0
  0
BLOCK_RECORD
  5
23
330
1
100
AcDbSymbolTableRecord
100
AcDbBlockTableRecord
  2
*Paper_Space0
340
26
 70
     0
280
     1
281
     0
  0
BLOCK_RECORD
  5
F3
330
1
100
AcDbSymbolTableRecord
100
AcDbBlockTableRecord
  2
RES_0402_3574
340
0
102
{BLKREFS
331
F4
102
}
 70
     0
280
     1
281
     0
  0
BLOCK_RECORD
  5
F5
330
1
100
AcDbSymbolTableRecord
100
AcDbBlockTableRecord
  2
RES_0402_3575
340
0
102
{BLKREFS
331
F6
102
}
 70
     0
280
     1
281
     0
  0
BLOCK_RECORD
  5
F7
330
1
100
AcDbSymbolTableRecord
100
AcDbBlockTableRecord
  2
RES_0402_3576
340
0
102
{BLKREFS
331
F8
102
}
 70
     0
280
     1
281
     0
  0
BLOCK_RECORD
  5
F9
330
1
100
AcDbSymbolTableRecord
100
AcDbBlockTableRecord
  2
TP_1_00MM_B_3577
340
0
102
{BLKREFS
331
FC
102
}
 70
     0
280
     1
281
     0
  0
BLOCK_RECORD
  5
FD
330
1
100
AcDbSymbolTableRecord
100
AcDbBlockTableRecord
  2
TP_1_00MM_B_3578
340
0
102
{BLKREFS
331
100
102
}
 70
     0
280
     1
281
     0
  0
BLOCK_RECORD
  5
101
330
1
100
AcDbSymbolTableRecord
100
AcDbBlockTableRecord
  2
TP_1_00MM_B_3579
340
0
102
{BLKREFS
331
104
102
}
 70
     0
280
     1
281
     0
  0
BLOCK_RECORD
  5
105
330
1
100
AcDbSymbolTableRecord
100
AcDbBlockTableRecord
  2
TP_1_00MM_B_3580
340
0
102
{BLKREFS
331
108
102
}
 70
     0
280
     1
281
     0
  0
BLOCK_RECORD
  5
109
330
1
100
AcDbSymbolTableRecord
100
AcDbBlockTableRecord
  2
TP_1_00MM_B_3581
340
0
102
{BLKREFS
331
10C
102
}
 70
     0
280
     1
281
     0
  0
BLOCK_RECORD
  5
10D
330
1
100
AcDbSymbolTableRecord
100
AcDbBlockTableRecord
  2
TP_1_00MM_B_3582
340
0
102
{BLKREFS
331
110
102
}
 70
     0
280
     1
281
     0
  0
BLOCK_RECORD
  5
111
330
1
100
AcDbSymbolTableRecord
100
AcDbBlockTableRecord
  2
TP_1_00MM_B_3583
340
0
102
{BLKREFS
331
114
102
}
 70
     0
280
     1
281
     0
  0
BLOCK_RECORD
  5
115
330
1
100
AcDbSymbolTableRecord
100
AcDbBlockTableRecord
  2
TP_1_00MM_B_3584
340
0
102
{BLKREFS
331
118
102
}
 70
     0
280
     1
281
     0
  0
BLOCK_RECORD
  5
119
330
1
100
AcDbSymbolTableRecord
100
AcDbBlockTableRecord
  2
TP_1_00MM_B_3585
340
0
102
{BLKREFS
331
11C
102
}
 70
     0
280
     1
281
     0
  0
BLOCK_RECORD
  5
11D
330
1
100
AcDbSymbolTableRecord
100
AcDbBlockTableRecord
  2
TP_1_00MM_B_3586
340
0
102
{BLKREFS
331
120
102
}
 70
     0
280
     1
281
     0
  0
BLOCK_RECORD
  5
121
330
1
100
AcDbSymbolTableRecord
100
AcDbBlockTableRecord
  2
TP_1_00MM_B_3587
340
0
102
{BLKREFS
331
124
102
}
 70
     0
280
     1
281
     0
  0
BLOCK_RECORD
  5
125
330
1
100
AcDbSymbolTableRecord
100
AcDbBlockTableRecord
  2
TP_1_00MM_B_3588
340
0
102
{BLKREFS
331
128
102
}
 70
     0
280
     1
281
     0
  0
BLOCK_RECORD
  5
129
330
1
100
AcDbSymbolTableRecord
100
AcDbBlockTableRecord
  2
TP_1_00MM_B_3589
340
0
102
{BLKREFS
331
12C
102
}
 70
     0
280
     1
281
     0
  0
BLOCK_RECORD
  5
12D
330
1
100
AcDbSymbolTableRecord
100
AcDbBlockTableRecord
  2
TP_1_00MM_B_3590
340
0
102
{BLKREFS
331
130
102
}
 70
     0
280
     1
281
     0
  0
BLOCK_RECORD
  5
131
330
1
100
AcDbSymbolTableRecord
100
AcDbBlockTableRecord
  2
F_____________1___F_________1_3591
340
0
102
{BLKREFS
331
132
102
}
 70
     0
280
     1
281
     0
  0
BLOCK_RECORD
  5
133
330
1
100
AcDbSymbolTableRecord
100
AcDbBlockTableRecord
  2
F_____________1___F_________1_3592
340
0
102
{BLKREFS
331
134
102
}
 70
     0
280
     1
281
     0
  0
BLOCK_RECORD
  5
135
330
1
100
AcDbSymbolTableRecord
100
AcDbBlockTableRecord
  2
F_____________1___F_________1_3593
340
0
102
{BLKREFS
331
136
102
}
 70
     0
280
     1
281
     0
  0
BLOCK_RECORD
  5
137
330
1
100
AcDbSymbolTableRecord
100
AcDbBlockTableRecord
  2
CAP_0603_3594
340
0
102
{BLKREFS
331
138
102
}
 70
     0
280
     1
281
     0
  0
BLOCK_RECORD
  5
139
330
1
100
AcDbSymbolTableRecord
100
AcDbBlockTableRecord
  2
CAP_0402_3595
340
0
102
{BLKREFS
331
13A
102
}
 70
     0
280
     1
281
     0
  0
BLOCK_RECORD
  5
13B
330
1
100
AcDbSymbolTableRecord
100
AcDbBlockTableRecord
  2
RES_0402_3596
340
0
102
{BLKREFS
331
13C
102
}
 70
     0
280
     1
281
     0
  0
BLOCK_RECORD
  5
13D
330
1
100
AcDbSymbolTableRecord
100
AcDbBlockTableRecord
  2
RES_0402_3597
340
0
102
{BLKREFS
331
13E
102
}
 70
     0
280
     1
281
     0
  0
BLOCK_RECORD
  5
13F
330
1
100
AcDbSymbolTableRecord
100
AcDbBlockTableRecord
  2
RES_0402_3598
340
0
102
{BLKREFS
331
140
102
}
 70
     0
280
     1
281
     0
  0
BLOCK_RECORD
  5
141
330
1
100
AcDbSymbolTableRecord
100
AcDbBlockTableRecord
  2
RES_0402_3599
340
0
102
{BLKREFS
331
142
102
}
 70
     0
280
     1
281
     0
  0
BLOCK_RECORD
  5
143
330
1
100
AcDbSymbolTableRecord
100
AcDbBlockTableRecord
  2
RES_0402_3600
340
0
102
{BLKREFS
331
144
102
}
 70
     0
280
     1
281
     0
  0
BLOCK_RECORD
  5
145
330
1
100
AcDbSymbolTableRecord
100
AcDbBlockTableRecord
  2
RES_0402_3601
340
0
102
{BLKREFS
331
146
102
}
 70
     0
280
     1
281
     0
  0
BLOCK_RECORD
  5
147
330
1
100
AcDbSymbolTableRecord
100
AcDbBlockTableRecord
  2
UFQFPN20_3602
340
0
102
{BLKREFS
331
148
102
}
 70
     0
280
     1
281
     0
  0
BLOCK_RECORD
  5
149
330
1
100
AcDbSymbolTableRecord
100
AcDbBlockTableRecord
  2
RES_0402_3603
340
0
102
{BLKREFS
331
14A
102
}
 70
     0
280
     1
281
     0
  0
BLOCK_RECORD
  5
14B
330
1
100
AcDbSymbolTableRecord
100
AcDbBlockTableRecord
  2
RES_0402_3604
340
0
102
{BLKREFS
331
14C
102
}
 70
     0
280
     1
281
     0
  0
BLOCK_RECORD
  5
14D
330
1
100
AcDbSymbolTableRecord
100
AcDbBlockTableRecord
  2
SM04B_SRSS_TB_LF__SN__F_________1_3605
340
0
102
{BLKREFS
331
14E
102
}
 70
     0
280
     1
281
     0
  0
BLOCK_RECORD
  5
14F
330
1
100
AcDbSymbolTableRecord
100
AcDbBlockTableRecord
  2
SM04B_SRSS_TB_LF__SN__F_________1_3606
340
0
102
{BLKREFS
331
150
102
}
 70
     0
280
     1
281
     0
  0
BLOCK_RECORD
  5
151
330
1
100
AcDbSymbolTableRecord
100
AcDbBlockTableRecord
  2
LEDC1608X80N_AK_3607
340
0
102
{BLKREFS
331
152
102
}
 70
     0
280
     1
281
     0
  0
BLOCK_RECORD
  5
153
330
1
100
AcDbSymbolTableRecord
100
AcDbBlockTableRecord
  2
RES_0402_3608
340
0
102
{BLKREFS
331
154
102
}
 70
     0
280
     1
281
     0
  0
BLOCK_RECORD
  5
155
330
1
100
AcDbSymbolTableRecord
100
AcDbBlockTableRecord
  2
TP_1_00MM_B_3609
340
0
102
{BLKREFS
331
158
102
}
 70
     0
280
     1
281
     0
  0
BLOCK_RECORD
  5
159
330
1
100
AcDbSymbolTableRecord
100
AcDbBlockTableRecord
  2
LEDC1608X80N_AK_3610
340
0
102
{BLKREFS
331
15A
102
}
 70
     0
280
     1
281
     0
  0
BLOCK_RECORD
  5
15B
330
1
100
AcDbSymbolTableRecord
100
AcDbBlockTableRecord
  2
TS42_3611
340
0
102
{BLKREFS
331
15C
102
}
 70
     0
280
     1
281
     0
  0
BLOCK_RECORD
  5
15D
330
1
100
AcDbSymbolTableRecord
100
AcDbBlockTableRecord
  2
PIN_HEADER_2_54___VERT__1_4POS_F_________1_3612
340
0
102
{BLKREFS
331
16E
102
}
 70
     0
280
     1
281
     0
  0
BLOCK_RECORD
  5
16F
330
1
100
AcDbSymbolTableRecord
100
AcDbBlockTableRecord
  2
LEDC1608X80N_AK_3613
340
0
102
{BLKREFS
331
170
102
}
 70
     0
280
     1
281
     0
  0
BLOCK_RECORD
  5
171
330
1
100
AcDbSymbolTableRecord
100
AcDbBlockTableRecord
  2
PIN_HEADER_2_54___VERT__1_10POS_3614
340
0
102
{BLKREFS
331
19A
102
}
 70
     0
280
     1
281
     0
  0
BLOCK_RECORD
  5
19B
330
1
100
AcDbSymbolTableRecord
100
AcDbBlockTableRecord
  2
TS42_3615
340
0
102
{BLKREFS
331
19C
102
}
 70
     0
280
     1
281
     0
  0
BLOCK_RECORD
  5
19D
330
1
100
AcDbSymbolTableRecord
100
AcDbBlockTableRecord
  2
RES_0402_3616
340
0
102
{BLKREFS
331
19E
102
}
 70
     0
280
     1
281
     0
  0
BLOCK_RECORD
  5
19F
330
1
100
AcDbSymbolTableRecord
100
AcDbBlockTableRecord
  2
LEDC1608X80N_AK_3617
340
0
102
{BLKREFS
331
1A0
102
}
 70
     0
280
     1
281
     0
  0
BLOCK_RECORD
  5
1A1
330
1
100
AcDbSymbolTableRecord
100
AcDbBlockTableRecord
  2
TS42_3618
340
0
102
{BLKREFS
331
1A2
102
}
 70
     0
280
     1
281
     0
  0
BLOCK_RECORD
  5
1A3
330
1
100
AcDbSymbolTableRecord
100
AcDbBlockTableRecord
  2
RES_0402_3619
340
0
102
{BLKREFS
331
1A4
102
}
 70
     0
280
     1
281
     0
  0
BLOCK_RECORD
  5
1A5
330
1
100
AcDbSymbolTableRecord
100
AcDbBlockTableRecord
  2
RES_0402_3620
340
0
102
{BLKREFS
331
1A6
102
}
 70
     0
280
     1
281
     0
  0
ENDTAB
  0
ENDSEC
  0
SECTION
  2
BLOCKS
  0
BLOCK
  5
20
330
1F
100
AcDbEntity
  8
0
100
AcDbBlockBegin
  2
*Model_Space
 70
     0
 10
0.0
 20
0.0
 30
0.0
  3
*Model_Space
  1

  0
ENDBLK
  5
21
330
1F
100
AcDbEntity
  8
0
100
AcDbBlockEnd
  0
BLOCK
  5
1C
330
1B
100
AcDbEntity
 67
     1
  8
0
100
AcDbBlockBegin
  2
*Paper_Space
 70
     0
 10
0.0
 20
0.0
 30
0.0
  3
*Paper_Space
  1

  0
ENDBLK
  5
1D
330
1B
100
AcDbEntity
 67
     1
  8
0
100
AcDbBlockEnd
  0
BLOCK
  5
24
330
23
100
AcDbEntity
  8
0
100
AcDbBlockBegin
  2
*Paper_Space0
 70
     0
 10
0.0
 20
0.0
 30
0.0
  3
*Paper_Space0
  1

  0
ENDBLK
  5
25
330
23
100
AcDbEntity
  8
0
100
AcDbBlockEnd
  0
BLOCK
  5
1A7
330
F3
100
AcDbEntity
  8
0
100
AcDbBlockBegin
  2
RES_0402_3574
 70
     0
 10
0.0
 20
0.0
 30
0.0
  3
RES_0402_3574
  1

  0
ENDBLK
  5
1A8
330
F3
100
AcDbEntity
  8
0
100
AcDbBlockEnd
  0
BLOCK
  5
1A9
330
F5
100
AcDbEntity
  8
0
100
AcDbBlockBegin
  2
RES_0402_3575
 70
     0
 10
0.0
 20
0.0
 30
0.0
  3
RES_0402_3575
  1

  0
ENDBLK
  5
1AA
330
F5
100
AcDbEntity
  8
0
100
AcDbBlockEnd
  0
BLOCK
  5
1AB
330
F7
100
AcDbEntity
  8
0
100
AcDbBlockBegin
  2
RES_0402_3576
 70
     0
 10
0.0
 20
0.0
 30
0.0
  3
RES_0402_3576
  1

  0
ENDBLK
  5
1AC
330
F7
100
AcDbEntity
  8
0
100
AcDbBlockEnd
  0
BLOCK
  5
1AD
330
F9
100
AcDbEntity
  8
0
100
AcDbBlockBegin
  2
TP_1_00MM_B_3577
 70
     0
 10
0.0
 20
0.0
 30
0.0
  3
TP_1_00MM_B_3577
  1

  0
REGION
  5
FA
102
{ACAD_REACTORS
330
FB
102
}
330
F9
100
AcDbEntity
  8
Bottom Solder
 62
     6
100
AcDbModelerGeometry
290
     1
  2
{51021766-36e1-49f4-a61b-d9e894cca27f}
  0
HATCH
  5
FB
330
F9
100
AcDbEntity
  8
Bottom Solder
 62
     6
100
AcDbHatch
 10
0.0
 20
0.0
 30
0.0
210
0.0
220
0.0
230
1.0
  2
SOLID
 70
     1
 71
     1
 91
        1
 92
        1
 93
        1
 72
     2
 10
0.0
 20
0.0
 40
0.5499989
 50
0.0
 51
360.0
 73
     1
 97
        1
330
FA
 75
     0
 76
     1
 98
        0
  0
ENDBLK
  5
1AE
330
F9
100
AcDbEntity
  8
0
100
AcDbBlockEnd
  0
BLOCK
  5
1AF
330
FD
100
AcDbEntity
  8
0
100
AcDbBlockBegin
  2
TP_1_00MM_B_3578
 70
     0
 10
0.0
 20
0.0
 30
0.0
  3
TP_1_00MM_B_3578
  1

  0
REGION
  5
FE
102
{ACAD_REACTORS
330
FF
102
}
330
FD
100
AcDbEntity
  8
Bottom Solder
 62
     6
100
AcDbModelerGeometry
290
     1
  2
{24e794a9-4ff2-4b6b-8540-7858ca65f210}
  0
HATCH
  5
FF
330
FD
100
AcDbEntity
  8
Bottom Solder
 62
     6
100
AcDbHatch
 10
0.0
 20
0.0
 30
0.0
210
0.0
220
0.0
230
1.0
  2
SOLID
 70
     1
 71
     1
 91
        1
 92
        1
 93
        1
 72
     2
 10
0.0
 20
0.0
 40
0.5499989
 50
0.0
 51
360.0
 73
     1
 97
        1
330
FE
 75
     0
 76
     1
 98
        0
  0
ENDBLK
  5
1B0
330
FD
100
AcDbEntity
  8
0
100
AcDbBlockEnd
  0
BLOCK
  5
1B1
330
101
100
AcDbEntity
  8
0
100
AcDbBlockBegin
  2
TP_1_00MM_B_3579
 70
     0
 10
0.0
 20
0.0
 30
0.0
  3
TP_1_00MM_B_3579
  1

  0
REGION
  5
102
102
{ACAD_REACTORS
330
103
102
}
330
101
100
AcDbEntity
  8
Bottom Solder
 62
     6
100
AcDbModelerGeometry
290
     1
  2
{0c98a5a8-853a-4ebc-8529-a35c7b7ef9f9}
  0
HATCH
  5
103
330
101
100
AcDbEntity
  8
Bottom Solder
 62
     6
100
AcDbHatch
 10
0.0
 20
0.0
 30
0.0
210
0.0
220
0.0
230
1.0
  2
SOLID
 70
     1
 71
     1
 91
        1
 92
        1
 93
        1
 72
     2
 10
0.0
 20
0.0
 40
0.5499989
 50
0.0
 51
360.0
 73
     1
 97
        1
330
102
 75
     0
 76
     1
 98
        0
  0
ENDBLK
  5
1B2
330
101
100
AcDbEntity
  8
0
100
AcDbBlockEnd
  0
BLOCK
  5
1B3
330
105
100
AcDbEntity
  8
0
100
AcDbBlockBegin
  2
TP_1_00MM_B_3580
 70
     0
 10
0.0
 20
0.0
 30
0.0
  3
TP_1_00MM_B_3580
  1

  0
REGION
  5
106
102
{ACAD_REACTORS
330
107
102
}
330
105
100
AcDbEntity
  8
Bottom Solder
 62
     6
100
AcDbModelerGeometry
290
     1
  2
{b957207e-1f51-4cc7-b3e8-9cd8c0a34d28}
  0
HATCH
  5
107
330
105
100
AcDbEntity
  8
Bottom Solder
 62
     6
100
AcDbHatch
 10
0.0
 20
0.0
 30
0.0
210
0.0
220
0.0
230
1.0
  2
SOLID
 70
     1
 71
     1
 91
        1
 92
        1
 93
        1
 72
     2
 10
0.0
 20
0.0
 40
0.5499989
 50
0.0
 51
360.0
 73
     1
 97
        1
330
106
 75
     0
 76
     1
 98
        0
  0
ENDBLK
  5
1B4
330
105
100
AcDbEntity
  8
0
100
AcDbBlockEnd
  0
BLOCK
  5
1B5
330
109
100
AcDbEntity
  8
0
100
AcDbBlockBegin
  2
TP_1_00MM_B_3581
 70
     0
 10
0.0
 20
0.0
 30
0.0
  3
TP_1_00MM_B_3581
  1

  0
REGION
  5
10A
102
{ACAD_REACTORS
330
10B
102
}
330
109
100
AcDbEntity
  8
Bottom Solder
 62
     6
100
AcDbModelerGeometry
290
     1
  2
{bb300aea-d67c-4c7a-967d-3507f71fe5a5}
  0
HATCH
  5
10B
330
109
100
AcDbEntity
  8
Bottom Solder
 62
     6
100
AcDbHatch
 10
0.0
 20
0.0
 30
0.0
210
0.0
220
0.0
230
1.0
  2
SOLID
 70
     1
 71
     1
 91
        1
 92
        1
 93
        1
 72
     2
 10
0.0
 20
0.0
 40
0.5499989
 50
0.0
 51
360.0
 73
     1
 97
        1
330
10A
 75
     0
 76
     1
 98
        0
  0
ENDBLK
  5
1B6
330
109
100
AcDbEntity
  8
0
100
AcDbBlockEnd
  0
BLOCK
  5
1B7
330
10D
100
AcDbEntity
  8
0
100
AcDbBlockBegin
  2
TP_1_00MM_B_3582
 70
     0
 10
0.0
 20
0.0
 30
0.0
  3
TP_1_00MM_B_3582
  1

  0
REGION
  5
10E
102
{ACAD_REACTORS
330
10F
102
}
330
10D
100
AcDbEntity
  8
Bottom Solder
 62
     6
100
AcDbModelerGeometry
290
     1
  2
{8be9ccec-bb87-413c-b33e-d974917f8c0e}
  0
HATCH
  5
10F
330
10D
100
AcDbEntity
  8
Bottom Solder
 62
     6
100
AcDbHatch
 10
0.0
 20
0.0
 30
0.0
210
0.0
220
0.0
230
1.0
  2
SOLID
 70
     1
 71
     1
 91
        1
 92
        1
 93
        1
 72
     2
 10
0.0
 20
0.0
 40
0.5499989
 50
0.0
 51
360.0
 73
     1
 97
        1
330
10E
 75
     0
 76
     1
 98
        0
  0
ENDBLK
  5
1B8
330
10D
100
AcDbEntity
  8
0
100
AcDbBlockEnd
  0
BLOCK
  5
1B9
330
111
100
AcDbEntity
  8
0
100
AcDbBlockBegin
  2
TP_1_00MM_B_3583
 70
     0
 10
0.0
 20
0.0
 30
0.0
  3
TP_1_00MM_B_3583
  1

  0
REGION
  5
112
102
{ACAD_REACTORS
330
113
102
}
330
111
100
AcDbEntity
  8
Bottom Solder
 62
     6
100
AcDbModelerGeometry
290
     1
  2
{4d2f0cbe-c52d-4528-91db-ebf51a1d4851}
  0
HATCH
  5
113
330
111
100
AcDbEntity
  8
Bottom Solder
 62
     6
100
AcDbHatch
 10
0.0
 20
0.0
 30
0.0
210
0.0
220
0.0
230
1.0
  2
SOLID
 70
     1
 71
     1
 91
        1
 92
        1
 93
        1
 72
     2
 10
0.0
 20
0.0
 40
0.5499989
 50
0.0
 51
360.0
 73
     1
 97
        1
330
112
 75
     0
 76
     1
 98
        0
  0
ENDBLK
  5
1BA
330
111
100
AcDbEntity
  8
0
100
AcDbBlockEnd
  0
BLOCK
  5
1BB
330
115
100
AcDbEntity
  8
0
100
AcDbBlockBegin
  2
TP_1_00MM_B_3584
 70
     0
 10
0.0
 20
0.0
 30
0.0
  3
TP_1_00MM_B_3584
  1

  0
REGION
  5
116
102
{ACAD_REACTORS
330
117
102
}
330
115
100
AcDbEntity
  8
Bottom Solder
 62
     6
100
AcDbModelerGeometry
290
     1
  2
{619af97f-1f44-4e12-8667-217eedef8738}
  0
HATCH
  5
117
330
115
100
AcDbEntity
  8
Bottom Solder
 62
     6
100
AcDbHatch
 10
0.0
 20
0.0
 30
0.0
210
0.0
220
0.0
230
1.0
  2
SOLID
 70
     1
 71
     1
 91
        1
 92
        1
 93
        1
 72
     2
 10
0.0
 20
0.0
 40
0.5499989
 50
0.0
 51
360.0
 73
     1
 97
        1
330
116
 75
     0
 76
     1
 98
        0
  0
ENDBLK
  5
1BC
330
115
100
AcDbEntity
  8
0
100
AcDbBlockEnd
  0
BLOCK
  5
1BD
330
119
100
AcDbEntity
  8
0
100
AcDbBlockBegin
  2
TP_1_00MM_B_3585
 70
     0
 10
0.0
 20
0.0
 30
0.0
  3
TP_1_00MM_B_3585
  1

  0
REGION
  5
11A
102
{ACAD_REACTORS
330
11B
102
}
330
119
100
AcDbEntity
  8
Bottom Solder
 62
     6
100
AcDbModelerGeometry
290
     1
  2
{0e355e64-607a-4c64-8191-40fcee9ca4ce}
  0
HATCH
  5
11B
330
119
100
AcDbEntity
  8
Bottom Solder
 62
     6
100
AcDbHatch
 10
0.0
 20
0.0
 30
0.0
210
0.0
220
0.0
230
1.0
  2
SOLID
 70
     1
 71
     1
 91
        1
 92
        1
 93
        1
 72
     2
 10
0.0
 20
0.0
 40
0.5499989
 50
0.0
 51
360.0
 73
     1
 97
        1
330
11A
 75
     0
 76
     1
 98
        0
  0
ENDBLK
  5
1BE
330
119
100
AcDbEntity
  8
0
100
AcDbBlockEnd
  0
BLOCK
  5
1BF
330
11D
100
AcDbEntity
  8
0
100
AcDbBlockBegin
  2
TP_1_00MM_B_3586
 70
     0
 10
0.0
 20
0.0
 30
0.0
  3
TP_1_00MM_B_3586
  1

  0
REGION
  5
11E
102
{ACAD_REACTORS
330
11F
102
}
330
11D
100
AcDbEntity
  8
Bottom Solder
 62
     6
100
AcDbModelerGeometry
290
     1
  2
{b295208a-fe9e-4486-ab9f-0239a046a15b}
  0
HATCH
  5
11F
330
11D
100
AcDbEntity
  8
Bottom Solder
 62
     6
100
AcDbHatch
 10
0.0
 20
0.0
 30
0.0
210
0.0
220
0.0
230
1.0
  2
SOLID
 70
     1
 71
     1
 91
        1
 92
        1
 93
        1
 72
     2
 10
0.0
 20
0.0
 40
0.5499989
 50
0.0
 51
360.0
 73
     1
 97
        1
330
11E
 75
     0
 76
     1
 98
        0
  0
ENDBLK
  5
1C0
330
11D
100
AcDbEntity
  8
0
100
AcDbBlockEnd
  0
BLOCK
  5
1C1
330
121
100
AcDbEntity
  8
0
100
AcDbBlockBegin
  2
TP_1_00MM_B_3587
 70
     0
 10
0.0
 20
0.0
 30
0.0
  3
TP_1_00MM_B_3587
  1

  0
REGION
  5
122
102
{ACAD_REACTORS
330
123
102
}
330
121
100
AcDbEntity
  8
Bottom Solder
 62
     6
100
AcDbModelerGeometry
290
     1
  2
{4e1ec7c2-b6a0-4461-b6d5-a715fe514bb4}
  0
HATCH
  5
123
330
121
100
AcDbEntity
  8
Bottom Solder
 62
     6
100
AcDbHatch
 10
0.0
 20
0.0
 30
0.0
210
0.0
220
0.0
230
1.0
  2
SOLID
 70
     1
 71
     1
 91
        1
 92
        1
 93
        1
 72
     2
 10
0.0
 20
0.0
 40
0.5499989
 50
0.0
 51
360.0
 73
     1
 97
        1
330
122
 75
     0
 76
     1
 98
        0
  0
ENDBLK
  5
1C2
330
121
100
AcDbEntity
  8
0
100
AcDbBlockEnd
  0
BLOCK
  5
1C3
330
125
100
AcDbEntity
  8
0
100
AcDbBlockBegin
  2
TP_1_00MM_B_3588
 70
     0
 10
0.0
 20
0.0
 30
0.0
  3
TP_1_00MM_B_3588
  1

  0
REGION
  5
126
102
{ACAD_REACTORS
330
127
102
}
330
125
100
AcDbEntity
  8
Bottom Solder
 62
     6
100
AcDbModelerGeometry
290
     1
  2
{3ddb5a7d-298d-4d1a-9e4e-709952d90565}
  0
HATCH
  5
127
330
125
100
AcDbEntity
  8
Bottom Solder
 62
     6
100
AcDbHatch
 10
0.0
 20
0.0
 30
0.0
210
0.0
220
0.0
230
1.0
  2
SOLID
 70
     1
 71
     1
 91
        1
 92
        1
 93
        1
 72
     2
 10
0.0
 20
0.0
 40
0.5499989
 50
0.0
 51
360.0
 73
     1
 97
        1
330
126
 75
     0
 76
     1
 98
        0
  0
ENDBLK
  5
1C4
330
125
100
AcDbEntity
  8
0
100
AcDbBlockEnd
  0
BLOCK
  5
1C5
330
129
100
AcDbEntity
  8
0
100
AcDbBlockBegin
  2
TP_1_00MM_B_3589
 70
     0
 10
0.0
 20
0.0
 30
0.0
  3
TP_1_00MM_B_3589
  1

  0
REGION
  5
12A
102
{ACAD_REACTORS
330
12B
102
}
330
129
100
AcDbEntity
  8
Bottom Solder
 62
     6
100
AcDbModelerGeometry
290
     1
  2
{0cdab7f0-507f-402b-817b-02cd8eccfe32}
  0
HATCH
  5
12B
330
129
100
AcDbEntity
  8
Bottom Solder
 62
     6
100
AcDbHatch
 10
0.0
 20
0.0
 30
0.0
210
0.0
220
0.0
230
1.0
  2
SOLID
 70
     1
 71
     1
 91
        1
 92
        1
 93
        1
 72
     2
 10
0.0
 20
0.0
 40
0.5499989
 50
0.0
 51
360.0
 73
     1
 97
        1
330
12A
 75
     0
 76
     1
 98
        0
  0
ENDBLK
  5
1C6
330
129
100
AcDbEntity
  8
0
100
AcDbBlockEnd
  0
BLOCK
  5
1C7
330
12D
100
AcDbEntity
  8
0
100
AcDbBlockBegin
  2
TP_1_00MM_B_3590
 70
     0
 10
0.0
 20
0.0
 30
0.0
  3
TP_1_00MM_B_3590
  1

  0
REGION
  5
12E
102
{ACAD_REACTORS
330
12F
102
}
330
12D
100
AcDbEntity
  8
Bottom Solder
 62
     6
100
AcDbModelerGeometry
290
     1
  2
{6c9388cc-b611-4365-95eb-b733b5dc306f}
  0
HATCH
  5
12F
330
12D
100
AcDbEntity
  8
Bottom Solder
 62
     6
100
AcDbHatch
 10
0.0
 20
0.0
 30
0.0
210
0.0
220
0.0
230
1.0
  2
SOLID
 70
     1
 71
     1
 91
        1
 92
        1
 93
        1
 72
     2
 10
0.0
 20
0.0
 40
0.5499989
 50
0.0
 51
360.0
 73
     1
 97
        1
330
12E
 75
     0
 76
     1
 98
        0
  0
ENDBLK
  5
1C8
330
12D
100
AcDbEntity
  8
0
100
AcDbBlockEnd
  0
BLOCK
  5
1C9
330
131
100
AcDbEntity
  8
0
100
AcDbBlockBegin
  2
F_____________1___F_________1_3591
 70
     0
 10
0.0
 20
0.0
 30
0.0
  3
F_____________1___F_________1_3591
  1

  0
ENDBLK
  5
1CA
330
131
100
AcDbEntity
  8
0
100
AcDbBlockEnd
  0
BLOCK
  5
1CB
330
133
100
AcDbEntity
  8
0
100
AcDbBlockBegin
  2
F_____________1___F_________1_3592
 70
     0
 10
0.0
 20
0.0
 30
0.0
  3
F_____________1___F_________1_3592
  1

  0
ENDBLK
  5
1CC
330
133
100
AcDbEntity
  8
0
100
AcDbBlockEnd
  0
BLOCK
  5
1CD
330
135
100
AcDbEntity
  8
0
100
AcDbBlockBegin
  2
F_____________1___F_________1_3593
 70
     0
 10
0.0
 20
0.0
 30
0.0
  3
F_____________1___F_________1_3593
  1

  0
ENDBLK
  5
1CE
330
135
100
AcDbEntity
  8
0
100
AcDbBlockEnd
  0
BLOCK
  5
1CF
330
137
100
AcDbEntity
  8
0
100
AcDbBlockBegin
  2
CAP_0603_3594
 70
     0
 10
0.0
 20
0.0
 30
0.0
  3
CAP_0603_3594
  1

  0
ENDBLK
  5
1D0
330
137
100
AcDbEntity
  8
0
100
AcDbBlockEnd
  0
BLOCK
  5
1D1
330
139
100
AcDbEntity
  8
0
100
AcDbBlockBegin
  2
CAP_0402_3595
 70
     0
 10
0.0
 20
0.0
 30
0.0
  3
CAP_0402_3595
  1

  0
ENDBLK
  5
1D2
330
139
100
AcDbEntity
  8
0
100
AcDbBlockEnd
  0
BLOCK
  5
1D3
330
13B
100
AcDbEntity
  8
0
100
AcDbBlockBegin
  2
RES_0402_3596
 70
     0
 10
0.0
 20
0.0
 30
0.0
  3
RES_0402_3596
  1

  0
ENDBLK
  5
1D4
330
13B
100
AcDbEntity
  8
0
100
AcDbBlockEnd
  0
BLOCK
  5
1D5
330
13D
100
AcDbEntity
  8
0
100
AcDbBlockBegin
  2
RES_0402_3597
 70
     0
 10
0.0
 20
0.0
 30
0.0
  3
RES_0402_3597
  1

  0
ENDBLK
  5
1D6
330
13D
100
AcDbEntity
  8
0
100
AcDbBlockEnd
  0
BLOCK
  5
1D7
330
13F
100
AcDbEntity
  8
0
100
AcDbBlockBegin
  2
RES_0402_3598
 70
     0
 10
0.0
 20
0.0
 30
0.0
  3
RES_0402_3598
  1

  0
ENDBLK
  5
1D8
330
13F
100
AcDbEntity
  8
0
100
AcDbBlockEnd
  0
BLOCK
  5
1D9
330
141
100
AcDbEntity
  8
0
100
AcDbBlockBegin
  2
RES_0402_3599
 70
     0
 10
0.0
 20
0.0
 30
0.0
  3
RES_0402_3599
  1

  0
ENDBLK
  5
1DA
330
141
100
AcDbEntity
  8
0
100
AcDbBlockEnd
  0
BLOCK
  5
1DB
330
143
100
AcDbEntity
  8
0
100
AcDbBlockBegin
  2
RES_0402_3600
 70
     0
 10
0.0
 20
0.0
 30
0.0
  3
RES_0402_3600
  1

  0
ENDBLK
  5
1DC
330
143
100
AcDbEntity
  8
0
100
AcDbBlockEnd
  0
BLOCK
  5
1DD
330
145
100
AcDbEntity
  8
0
100
AcDbBlockBegin
  2
RES_0402_3601
 70
     0
 10
0.0
 20
0.0
 30
0.0
  3
RES_0402_3601
  1

  0
ENDBLK
  5
1DE
330
145
100
AcDbEntity
  8
0
100
AcDbBlockEnd
  0
BLOCK
  5
1DF
330
147
100
AcDbEntity
  8
0
100
AcDbBlockBegin
  2
UFQFPN20_3602
 70
     0
 10
0.0
 20
0.0
 30
0.0
  3
UFQFPN20_3602
  1

  0
ENDBLK
  5
1E0
330
147
100
AcDbEntity
  8
0
100
AcDbBlockEnd
  0
BLOCK
  5
1E1
330
149
100
AcDbEntity
  8
0
100
AcDbBlockBegin
  2
RES_0402_3603
 70
     0
 10
0.0
 20
0.0
 30
0.0
  3
RES_0402_3603
  1

  0
ENDBLK
  5
1E2
330
149
100
AcDbEntity
  8
0
100
AcDbBlockEnd
  0
BLOCK
  5
1E3
330
14B
100
AcDbEntity
  8
0
100
AcDbBlockBegin
  2
RES_0402_3604
 70
     0
 10
0.0
 20
0.0
 30
0.0
  3
RES_0402_3604
  1

  0
ENDBLK
  5
1E4
330
14B
100
AcDbEntity
  8
0
100
AcDbBlockEnd
  0
BLOCK
  5
1E5
330
14D
100
AcDbEntity
  8
0
100
AcDbBlockBegin
  2
SM04B_SRSS_TB_LF__SN__F_________1_3605
 70
     0
 10
0.0
 20
0.0
 30
0.0
  3
SM04B_SRSS_TB_LF__SN__F_________1_3605
  1

  0
ENDBLK
  5
1E6
330
14D
100
AcDbEntity
  8
0
100
AcDbBlockEnd
  0
BLOCK
  5
1E7
330
14F
100
AcDbEntity
  8
0
100
AcDbBlockBegin
  2
SM04B_SRSS_TB_LF__SN__F_________1_3606
 70
     0
 10
0.0
 20
0.0
 30
0.0
  3
SM04B_SRSS_TB_LF__SN__F_________1_3606
  1

  0
ENDBLK
  5
1E8
330
14F
100
AcDbEntity
  8
0
100
AcDbBlockEnd
  0
BLOCK
  5
1E9
330
151
100
AcDbEntity
  8
0
100
AcDbBlockBegin
  2
LEDC1608X80N_AK_3607
 70
     0
 10
0.0
 20
0.0
 30
0.0
  3
LEDC1608X80N_AK_3607
  1

  0
ENDBLK
  5
1EA
330
151
100
AcDbEntity
  8
0
100
AcDbBlockEnd
  0
BLOCK
  5
1EB
330
153
100
AcDbEntity
  8
0
100
AcDbBlockBegin
  2
RES_0402_3608
 70
     0
 10
0.0
 20
0.0
 30
0.0
  3
RES_0402_3608
  1

  0
ENDBLK
  5
1EC
330
153
100
AcDbEntity
  8
0
100
AcDbBlockEnd
  0
BLOCK
  5
1ED
330
155
100
AcDbEntity
  8
0
100
AcDbBlockBegin
  2
TP_1_00MM_B_3609
 70
     0
 10
0.0
 20
0.0
 30
0.0
  3
TP_1_00MM_B_3609
  1

  0
REGION
  5
156
102
{ACAD_REACTORS
330
157
102
}
330
155
100
AcDbEntity
  8
Bottom Solder
 62
     6
100
AcDbModelerGeometry
290
     1
  2
{7f080c5e-51d8-45bd-a51a-2fcda3c31d9d}
  0
HATCH
  5
157
330
155
100
AcDbEntity
  8
Bottom Solder
 62
     6
100
AcDbHatch
 10
0.0
 20
0.0
 30
0.0
210
0.0
220
0.0
230
1.0
  2
SOLID
 70
     1
 71
     1
 91
        1
 92
        1
 93
        1
 72
     2
 10
0.0
 20
0.0
 40
0.5499989
 50
0.0
 51
360.0
 73
     1
 97
        1
330
156
 75
     0
 76
     1
 98
        0
  0
ENDBLK
  5
1EE
330
155
100
AcDbEntity
  8
0
100
AcDbBlockEnd
  0
BLOCK
  5
1EF
330
159
100
AcDbEntity
  8
0
100
AcDbBlockBegin
  2
LEDC1608X80N_AK_3610
 70
     0
 10
0.0
 20
0.0
 30
0.0
  3
LEDC1608X80N_AK_3610
  1

  0
ENDBLK
  5
1F0
330
159
100
AcDbEntity
  8
0
100
AcDbBlockEnd
  0
BLOCK
  5
1F1
330
15B
100
AcDbEntity
  8
0
100
AcDbBlockBegin
  2
TS42_3611
 70
     0
 10
0.0
 20
0.0
 30
0.0
  3
TS42_3611
  1

  0
ENDBLK
  5
1F2
330
15B
100
AcDbEntity
  8
0
100
AcDbBlockEnd
  0
BLOCK
  5
1F3
330
15D
100
AcDbEntity
  8
0
100
AcDbBlockBegin
  2
PIN_HEADER_2_54___VERT__1_4POS_F_________1_3612
 70
     0
 10
0.0
 20
0.0
 30
0.0
  3
PIN_HEADER_2_54___VERT__1_4POS_F_________1_3612
  1

  0
REGION
  5
15E
102
{ACAD_REACTORS
330
15F
102
}
330
15D
100
AcDbEntity
  8
Bottom Solder
 62
     6
100
AcDbModelerGeometry
290
     1
  2
{2182021b-951f-44a0-b389-3bad7560e36f}
  0
HATCH
  5
15F
330
15D
100
AcDbEntity
  8
Bottom Solder
 62
     6
100
AcDbHatch
 10
0.0
 20
0.0
 30
0.0
210
0.0
220
0.0
230
1.0
  2
SOLID
 70
     1
 71
     1
 91
        1
 92
        1
 93
        1
 72
     2
 10
-3.81
 20
0.0
 40
0.9499980999999998
 50
0.0
 51
360.0
 73
     1
 97
        1
330
15E
 75
     0
 76
     1
 98
        0
  0
REGION
  5
160
102
{ACAD_REACTORS
330
161
102
}
330
15D
100
AcDbEntity
  8
Pad Holes
 62
     7
100
AcDbModelerGeometry
290
     1
  2
{1fffc5bf-0825-4f0f-b874-525808f076dd}
  0
HATCH
  5
161
330
15D
100
AcDbEntity
  8
Pad Holes
 62
     7
100
AcDbHatch
 10
0.0
 20
0.0
 30
0.0
210
0.0
220
0.0
230
1.0
  2
SOLID
 70
     1
 71
     1
 91
        1
 92
        1
 93
        1
 72
     2
 10
-3.81
 20
0.0
 40
0.499999
 50
0.0
 51
360.0
 73
     1
 97
        1
330
160
 75
     0
 76
     1
 98
        0
  0
REGION
  5
162
102
{ACAD_REACTORS
330
163
102
}
330
15D
100
AcDbEntity
  8
Bottom Solder
 62
     6
100
AcDbModelerGeometry
290
     1
  2
{352873ce-4bef-403e-a55e-1b2322131026}
  0
HATCH
  5
163
330
15D
100
AcDbEntity
  8
Bottom Solder
 62
     6
100
AcDbHatch
 10
0.0
 20
0.0
 30
0.0
210
0.0
220
0.0
230
1.0
  2
SOLID
 70
     1
 71
     1
 91
        1
 92
        1
 93
        1
 72
     2
 10
-1.27
 20
0.0
 40
0.9499980999999998
 50
0.0
 51
360.0
 73
     1
 97
        1
330
162
 75
     0
 76
     1
 98
        0
  0
REGION
  5
164
102
{ACAD_REACTORS
330
165
102
}
330
15D
100
AcDbEntity
  8
Pad Holes
 62
     7
100
AcDbModelerGeometry
290
     1
  2
{51bb1486-d0a0-493c-aca3-b6038d6cc972}
  0
HATCH
  5
165
330
15D
100
AcDbEntity
  8
Pad Holes
 62
     7
100
AcDbHatch
 10
0.0
 20
0.0
 30
0.0
210
0.0
220
0.0
230
1.0
  2
SOLID
 70
     1
 71
     1
 91
        1
 92
        1
 93
        1
 72
     2
 10
-1.27
 20
0.0
 40
0.499999
 50
0.0
 51
360.0
 73
     1
 97
        1
330
164
 75
     0
 76
     1
 98
        0
  0
REGION
  5
166
102
{ACAD_REACTORS
330
167
102
}
330
15D
100
AcDbEntity
  8
Bottom Solder
 62
     6
100
AcDbModelerGeometry
290
     1
  2
{6dd97e32-ae51-4950-95ee-0c88b883b48b}
  0
HATCH
  5
167
330
15D
100
AcDbEntity
  8
Bottom Solder
 62
     6
100
AcDbHatch
 10
0.0
 20
0.0
 30
0.0
210
0.0
220
0.0
230
1.0
  2
SOLID
 70
     1
 71
     1
 91
        1
 92
        1
 93
        1
 72
     2
 10
1.27
 20
0.0
 40
0.9499980999999998
 50
0.0
 51
360.0
 73
     1
 97
        1
330
166
 75
     0
 76
     1
 98
        0
  0
REGION
  5
168
102
{ACAD_REACTORS
330
169
102
}
330
15D
100
AcDbEntity
  8
Pad Holes
 62
     7
100
AcDbModelerGeometry
290
     1
  2
{a44e6296-b8f7-41a5-8c24-ddfa0313a1c1}
  0
HATCH
  5
169
330
15D
100
AcDbEntity
  8
Pad Holes
 62
     7
100
AcDbHatch
 10
0.0
 20
0.0
 30
0.0
210
0.0
220
0.0
230
1.0
  2
SOLID
 70
     1
 71
     1
 91
        1
 92
        1
 93
        1
 72
     2
 10
1.27
 20
0.0
 40
0.499999
 50
0.0
 51
360.0
 73
     1
 97
        1
330
168
 75
     0
 76
     1
 98
        0
  0
REGION
  5
16A
102
{ACAD_REACTORS
330
16B
102
}
330
15D
100
AcDbEntity
  8
Bottom Solder
 62
     6
100
AcDbModelerGeometry
290
     1
  2
{9d8247b1-fdb3-48dd-8c46-e85630d268c7}
  0
HATCH
  5
16B
330
15D
100
AcDbEntity
  8
Bottom Solder
 62
     6
100
AcDbHatch
 10
0.0
 20
0.0
 30
0.0
210
0.0
220
0.0
230
1.0
  2
SOLID
 70
     1
 71
     1
 91
        1
 92
        1
 93
        1
 72
     2
 10
3.81
 20
0.0
 40
0.9499980999999998
 50
0.0
 51
360.0
 73
     1
 97
        1
330
16A
 75
     0
 76
     1
 98
        0
  0
REGION
  5
16C
102
{ACAD_REACTORS
330
16D
102
}
330
15D
100
AcDbEntity
  8
Pad Holes
 62
     7
100
AcDbModelerGeometry
290
     1
  2
{33e653bd-1f91-4df6-ab67-f62c7daa9a20}
  0
HATCH
  5
16D
330
15D
100
AcDbEntity
  8
Pad Holes
 62
     7
100
AcDbHatch
 10
0.0
 20
0.0
 30
0.0
210
0.0
220
0.0
230
1.0
  2
SOLID
 70
     1
 71
     1
 91
        1
 92
        1
 93
        1
 72
     2
 10
3.81
 20
0.0
 40
0.499999
 50
0.0
 51
360.0
 73
     1
 97
        1
330
16C
 75
     0
 76
     1
 98
        0
  0
ENDBLK
  5
1F4
330
15D
100
AcDbEntity
  8
0
100
AcDbBlockEnd
  0
BLOCK
  5
1F5
330
16F
100
AcDbEntity
  8
0
100
AcDbBlockBegin
  2
LEDC1608X80N_AK_3613
 70
     0
 10
0.0
 20
0.0
 30
0.0
  3
LEDC1608X80N_AK_3613
  1

  0
ENDBLK
  5
1F6
330
16F
100
AcDbEntity
  8
0
100
AcDbBlockEnd
  0
BLOCK
  5
1F7
330
171
100
AcDbEntity
  8
0
100
AcDbBlockBegin
  2
PIN_HEADER_2_54___VERT__1_10POS_3614
 70
     0
 10
0.0
 20
0.0
 30
0.0
  3
PIN_HEADER_2_54___VERT__1_10POS_3614
  1

  0
REGION
  5
172
102
{ACAD_REACTORS
330
173
102
}
330
171
100
AcDbEntity
  8
Bottom Solder
 62
     6
100
AcDbModelerGeometry
290
     1
  2
{ba7fb38b-94b8-4926-bcaa-8d7d155ff2ba}
  0
HATCH
  5
173
330
171
100
AcDbEntity
  8
Bottom Solder
 62
     6
100
AcDbHatch
 10
0.0
 20
0.0
 30
0.0
210
0.0
220
0.0
230
1.0
  2
SOLID
 70
     1
 71
     1
 91
        1
 92
        1
 93
        1
 72
     2
 10
-1.27
 20
0.0
 40
0.9499980999999998
 50
0.0
 51
360.0
 73
     1
 97
        1
330
172
 75
     0
 76
     1
 98
        0
  0
REGION
  5
174
102
{ACAD_REACTORS
330
175
102
}
330
171
100
AcDbEntity
  8
Pad Holes
 62
     7
100
AcDbModelerGeometry
290
     1
  2
{d04a127a-4f8d-4b87-873f-eba8e768c8f9}
  0
HATCH
  5
175
330
171
100
AcDbEntity
  8
Pad Holes
 62
     7
100
AcDbHatch
 10
0.0
 20
0.0
 30
0.0
210
0.0
220
0.0
230
1.0
  2
SOLID
 70
     1
 71
     1
 91
        1
 92
        1
 93
        1
 72
     2
 10
-1.27
 20
0.0
 40
0.499999
 50
0.0
 51
360.0
 73
     1
 97
        1
330
174
 75
     0
 76
     1
 98
        0
  0
REGION
  5
176
102
{ACAD_REACTORS
330
177
102
}
330
171
100
AcDbEntity
  8
Bottom Solder
 62
     6
100
AcDbModelerGeometry
290
     1
  2
{e4cb01c5-8006-44bf-bc46-2c4f48125664}
  0
HATCH
  5
177
330
171
100
AcDbEntity
  8
Bottom Solder
 62
     6
100
AcDbHatch
 10
0.0
 20
0.0
 30
0.0
210
0.0
220
0.0
230
1.0
  2
SOLID
 70
     1
 71
     1
 91
        1
 92
        1
 93
        1
 72
     2
 10
-3.81
 20
0.0
 40
0.9499980999999998
 50
0.0
 51
360.0
 73
     1
 97
        1
330
176
 75
     0
 76
     1
 98
        0
  0
REGION
  5
178
102
{ACAD_REACTORS
330
179
102
}
330
171
100
AcDbEntity
  8
Pad Holes
 62
     7
100
AcDbModelerGeometry
290
     1
  2
{c68e8b74-a949-4c06-9289-b044d8011cae}
  0
HATCH
  5
179
330
171
100
AcDbEntity
  8
Pad Holes
 62
     7
100
AcDbHatch
 10
0.0
 20
0.0
 30
0.0
210
0.0
220
0.0
230
1.0
  2
SOLID
 70
     1
 71
     1
 91
        1
 92
        1
 93
        1
 72
     2
 10
-3.81
 20
0.0
 40
0.499999
 50
0.0
 51
360.0
 73
     1
 97
        1
330
178
 75
     0
 76
     1
 98
        0
  0
REGION
  5
17A
102
{ACAD_REACTORS
330
17B
102
}
330
171
100
AcDbEntity
  8
Bottom Solder
 62
     6
100
AcDbModelerGeometry
290
     1
  2
{16cbe486-967c-4499-9d1c-154ccb99f957}
  0
HATCH
  5
17B
330
171
100
AcDbEntity
  8
Bottom Solder
 62
     6
100
AcDbHatch
 10
0.0
 20
0.0
 30
0.0
210
0.0
220
0.0
230
1.0
  2
SOLID
 70
     1
 71
     1
 91
        1
 92
        1
 93
        1
 72
     2
 10
-6.35
 20
0.0
 40
0.9499980999999998
 50
0.0
 51
360.0
 73
     1
 97
        1
330
17A
 75
     0
 76
     1
 98
        0
  0
REGION
  5
17C
102
{ACAD_REACTORS
330
17D
102
}
330
171
100
AcDbEntity
  8
Pad Holes
 62
     7
100
AcDbModelerGeometry
290
     1
  2
{aedb21fa-a6c2-4bd3-930e-8028d5a6ee92}
  0
HATCH
  5
17D
330
171
100
AcDbEntity
  8
Pad Holes
 62
     7
100
AcDbHatch
 10
0.0
 20
0.0
 30
0.0
210
0.0
220
0.0
230
1.0
  2
SOLID
 70
     1
 71
     1
 91
        1
 92
        1
 93
        1
 72
     2
 10
-6.35
 20
0.0
 40
0.499999
 50
0.0
 51
360.0
 73
     1
 97
        1
330
17C
 75
     0
 76
     1
 98
        0
  0
REGION
  5
17E
102
{ACAD_REACTORS
330
17F
102
}
330
171
100
AcDbEntity
  8
Bottom Solder
 62
     6
100
AcDbModelerGeometry
290
     1
  2
{0f1f2b08-d0d0-4f84-9b4b-bd43f611bf14}
  0
HATCH
  5
17F
330
171
100
AcDbEntity
  8
Bottom Solder
 62
     6
100
AcDbHatch
 10
0.0
 20
0.0
 30
0.0
210
0.0
220
0.0
230
1.0
  2
SOLID
 70
     1
 71
     1
 91
        1
 92
        1
 93
        1
 72
     2
 10
-8.889999999999999
 20
0.0
 40
0.9499980999999998
 50
0.0
 51
360.0
 73
     1
 97
        1
330
17E
 75
     0
 76
     1
 98
        0
  0
REGION
  5
180
102
{ACAD_REACTORS
330
181
102
}
330
171
100
AcDbEntity
  8
Pad Holes
 62
     7
100
AcDbModelerGeometry
290
     1
  2
{ec48eaa1-2bd5-4a97-900d-f0355d532a53}
  0
HATCH
  5
181
330
171
100
AcDbEntity
  8
Pad Holes
 62
     7
100
AcDbHatch
 10
0.0
 20
0.0
 30
0.0
210
0.0
220
0.0
230
1.0
  2
SOLID
 70
     1
 71
     1
 91
        1
 92
        1
 93
        1
 72
     2
 10
-8.889999999999999
 20
0.0
 40
0.499999
 50
0.0
 51
360.0
 73
     1
 97
        1
330
180
 75
     0
 76
     1
 98
        0
  0
REGION
  5
182
102
{ACAD_REACTORS
330
183
102
}
330
171
100
AcDbEntity
  8
Bottom Solder
 62
     6
100
AcDbModelerGeometry
290
     1
  2
{d06d7212-43b4-4399-871e-9f836ad60a84}
  0
HATCH
  5
183
330
171
100
AcDbEntity
  8
Bottom Solder
 62
     6
100
AcDbHatch
 10
0.0
 20
0.0
 30
0.0
210
0.0
220
0.0
230
1.0
  2
SOLID
 70
     1
 71
     1
 91
        1
 92
        1
 93
        1
 72
     2
 10
-11.43
 20
0.0
 40
0.9499980999999998
 50
0.0
 51
360.0
 73
     1
 97
        1
330
182
 75
     0
 76
     1
 98
        0
  0
REGION
  5
184
102
{ACAD_REACTORS
330
185
102
}
330
171
100
AcDbEntity
  8
Pad Holes
 62
     7
100
AcDbModelerGeometry
290
     1
  2
{b5eeccd0-66a2-4e3c-a987-651bbaba91a0}
  0
HATCH
  5
185
330
171
100
AcDbEntity
  8
Pad Holes
 62
     7
100
AcDbHatch
 10
0.0
 20
0.0
 30
0.0
210
0.0
220
0.0
230
1.0
  2
SOLID
 70
     1
 71
     1
 91
        1
 92
        1
 93
        1
 72
     2
 10
-11.43
 20
0.0
 40
0.499999
 50
0.0
 51
360.0
 73
     1
 97
        1
330
184
 75
     0
 76
     1
 98
        0
  0
REGION
  5
186
102
{ACAD_REACTORS
330
187
102
}
330
171
100
AcDbEntity
  8
Bottom Solder
 62
     6
100
AcDbModelerGeometry
290
     1
  2
{11399ecc-7f10-4576-9aad-604d44cac9f0}
  0
HATCH
  5
187
330
171
100
AcDbEntity
  8
Bottom Solder
 62
     6
100
AcDbHatch
 10
0.0
 20
0.0
 30
0.0
210
0.0
220
0.0
230
1.0
  2
SOLID
 70
     1
 71
     1
 91
        1
 92
        1
 93
        1
 72
     2
 10
1.27
 20
0.0
 40
0.9499980999999998
 50
0.0
 51
360.0
 73
     1
 97
        1
330
186
 75
     0
 76
     1
 98
        0
  0
REGION
  5
188
102
{ACAD_REACTORS
330
189
102
}
330
171
100
AcDbEntity
  8
Pad Holes
 62
     7
100
AcDbModelerGeometry
290
     1
  2
{7d7ce778-8a8e-43b2-ab8b-c7d32198b8ca}
  0
HATCH
  5
189
330
171
100
AcDbEntity
  8
Pad Holes
 62
     7
100
AcDbHatch
 10
0.0
 20
0.0
 30
0.0
210
0.0
220
0.0
230
1.0
  2
SOLID
 70
     1
 71
     1
 91
        1
 92
        1
 93
        1
 72
     2
 10
1.27
 20
0.0
 40
0.499999
 50
0.0
 51
360.0
 73
     1
 97
        1
330
188
 75
     0
 76
     1
 98
        0
  0
REGION
  5
18A
102
{ACAD_REACTORS
330
18B
102
}
330
171
100
AcDbEntity
  8
Bottom Solder
 62
     6
100
AcDbModelerGeometry
290
     1
  2
{4b722005-3cd2-4ac4-8c44-74be94367764}
  0
HATCH
  5
18B
330
171
100
AcDbEntity
  8
Bottom Solder
 62
     6
100
AcDbHatch
 10
0.0
 20
0.0
 30
0.0
210
0.0
220
0.0
230
1.0
  2
SOLID
 70
     1
 71
     1
 91
        1
 92
        1
 93
        1
 72
     2
 10
3.81
 20
0.0
 40
0.9499980999999998
 50
0.0
 51
360.0
 73
     1
 97
        1
330
18A
 75
     0
 76
     1
 98
        0
  0
REGION
  5
18C
102
{ACAD_REACTORS
330
18D
102
}
330
171
100
AcDbEntity
  8
Pad Holes
 62
     7
100
AcDbModelerGeometry
290
     1
  2
{2b371188-0955-4bc8-bcda-55acf8a8f109}
  0
HATCH
  5
18D
330
171
100
AcDbEntity
  8
Pad Holes
 62
     7
100
AcDbHatch
 10
0.0
 20
0.0
 30
0.0
210
0.0
220
0.0
230
1.0
  2
SOLID
 70
     1
 71
     1
 91
        1
 92
        1
 93
        1
 72
     2
 10
3.81
 20
0.0
 40
0.499999
 50
0.0
 51
360.0
 73
     1
 97
        1
330
18C
 75
     0
 76
     1
 98
        0
  0
REGION
  5
18E
102
{ACAD_REACTORS
330
18F
102
}
330
171
100
AcDbEntity
  8
Bottom Solder
 62
     6
100
AcDbModelerGeometry
290
     1
  2
{8be50d2f-8768-45c0-ad63-36343d184f5a}
  0
HATCH
  5
18F
330
171
100
AcDbEntity
  8
Bottom Solder
 62
     6
100
AcDbHatch
 10
0.0
 20
0.0
 30
0.0
210
0.0
220
0.0
230
1.0
  2
SOLID
 70
     1
 71
     1
 91
        1
 92
        1
 93
        1
 72
     2
 10
6.35
 20
0.0
 40
0.9499980999999998
 50
0.0
 51
360.0
 73
     1
 97
        1
330
18E
 75
     0
 76
     1
 98
        0
  0
REGION
  5
190
102
{ACAD_REACTORS
330
191
102
}
330
171
100
AcDbEntity
  8
Pad Holes
 62
     7
100
AcDbModelerGeometry
290
     1
  2
{16b90d4c-3e15-4641-9654-ee9be61fcfb0}
  0
HATCH
  5
191
330
171
100
AcDbEntity
  8
Pad Holes
 62
     7
100
AcDbHatch
 10
0.0
 20
0.0
 30
0.0
210
0.0
220
0.0
230
1.0
  2
SOLID
 70
     1
 71
     1
 91
        1
 92
        1
 93
        1
 72
     2
 10
6.35
 20
0.0
 40
0.499999
 50
0.0
 51
360.0
 73
     1
 97
        1
330
190
 75
     0
 76
     1
 98
        0
  0
REGION
  5
192
102
{ACAD_REACTORS
330
193
102
}
330
171
100
AcDbEntity
  8
Bottom Solder
 62
     6
100
AcDbModelerGeometry
290
     1
  2
{8d4b881d-ea46-4f51-992e-a944a0d32e88}
  0
HATCH
  5
193
330
171
100
AcDbEntity
  8
Bottom Solder
 62
     6
100
AcDbHatch
 10
0.0
 20
0.0
 30
0.0
210
0.0
220
0.0
230
1.0
  2
SOLID
 70
     1
 71
     1
 91
        1
 92
        1
 93
        1
 72
     2
 10
8.889999999999999
 20
0.0
 40
0.9499980999999998
 50
0.0
 51
360.0
 73
     1
 97
        1
330
192
 75
     0
 76
     1
 98
        0
  0
REGION
  5
194
102
{ACAD_REACTORS
330
195
102
}
330
171
100
AcDbEntity
  8
Pad Holes
 62
     7
100
AcDbModelerGeometry
290
     1
  2
{9646e9f7-19db-4051-9c5b-21f989397cd0}
  0
HATCH
  5
195
330
171
100
AcDbEntity
  8
Pad Holes
 62
     7
100
AcDbHatch
 10
0.0
 20
0.0
 30
0.0
210
0.0
220
0.0
230
1.0
  2
SOLID
 70
     1
 71
     1
 91
        1
 92
        1
 93
        1
 72
     2
 10
8.889999999999999
 20
0.0
 40
0.499999
 50
0.0
 51
360.0
 73
     1
 97
        1
330
194
 75
     0
 76
     1
 98
        0
  0
REGION
  5
196
102
{ACAD_REACTORS
330
197
102
}
330
171
100
AcDbEntity
  8
Bottom Solder
 62
     6
100
AcDbModelerGeometry
290
     1
  2
{8df770e6-3112-4374-99ad-0d09d3ea329e}
  0
HATCH
  5
197
330
171
100
AcDbEntity
  8
Bottom Solder
 62
     6
100
AcDbHatch
 10
0.0
 20
0.0
 30
0.0
210
0.0
220
0.0
230
1.0
  2
SOLID
 70
     1
 71
     1
 91
        1
 92
        1
 93
        1
 72
     2
 10
11.43
 20
0.0
 40
0.9499980999999998
 50
0.0
 51
360.0
 73
     1
 97
        1
330
196
 75
     0
 76
     1
 98
        0
  0
REGION
  5
198
102
{ACAD_REACTORS
330
199
102
}
330
171
100
AcDbEntity
  8
Pad Holes
 62
     7
100
AcDbModelerGeometry
290
     1
  2
{417f0e13-2efa-4cf6-b4d4-e30377efb729}
  0
HATCH
  5
199
330
171
100
AcDbEntity
  8
Pad Holes
 62
     7
100
AcDbHatch
 10
0.0
 20
0.0
 30
0.0
210
0.0
220
0.0
230
1.0
  2
SOLID
 70
     1
 71
     1
 91
        1
 92
        1
 93
        1
 72
     2
 10
11.43
 20
0.0
 40
0.499999
 50
0.0
 51
360.0
 73
     1
 97
        1
330
198
 75
     0
 76
     1
 98
        0
  0
ENDBLK
  5
1F8
330
171
100
AcDbEntity
  8
0
100
AcDbBlockEnd
  0
BLOCK
  5
1F9
330
19B
100
AcDbEntity
  8
0
100
AcDbBlockBegin
  2
TS42_3615
 70
     0
 10
0.0
 20
0.0
 30
0.0
  3
TS42_3615
  1

  0
ENDBLK
  5
1FA
330
19B
100
AcDbEntity
  8
0
100
AcDbBlockEnd
  0
BLOCK
  5
1FB
330
19D
100
AcDbEntity
  8
0
100
AcDbBlockBegin
  2
RES_0402_3616
 70
     0
 10
0.0
 20
0.0
 30
0.0
  3
RES_0402_3616
  1

  0
ENDBLK
  5
1FC
330
19D
100
AcDbEntity
  8
0
100
AcDbBlockEnd
  0
BLOCK
  5
1FD
330
19F
100
AcDbEntity
  8
0
100
AcDbBlockBegin
  2
LEDC1608X80N_AK_3617
 70
     0
 10
0.0
 20
0.0
 30
0.0
  3
LEDC1608X80N_AK_3617
  1

  0
ENDBLK
  5
1FE
330
19F
100
AcDbEntity
  8
0
100
AcDbBlockEnd
  0
BLOCK
  5
1FF
330
1A1
100
AcDbEntity
  8
0
100
AcDbBlockBegin
  2
TS42_3618
 70
     0
 10
0.0
 20
0.0
 30
0.0
  3
TS42_3618
  1

  0
ENDBLK
  5
200
330
1A1
100
AcDbEntity
  8
0
100
AcDbBlockEnd
  0
BLOCK
  5
201
330
1A3
100
AcDbEntity
  8
0
100
AcDbBlockBegin
  2
RES_0402_3619
 70
     0
 10
0.0
 20
0.0
 30
0.0
  3
RES_0402_3619
  1

  0
ENDBLK
  5
202
330
1A3
100
AcDbEntity
  8
0
100
AcDbBlockEnd
  0
BLOCK
  5
203
330
1A5
100
AcDbEntity
  8
0
100
AcDbBlockBegin
  2
RES_0402_3620
 70
     0
 10
0.0
 20
0.0
 30
0.0
  3
RES_0402_3620
  1

  0
ENDBLK
  5
204
330
1A5
100
AcDbEntity
  8
0
100
AcDbBlockEnd
  0
ENDSEC
  0
SECTION
  2
ENTITIES
  0
REGION
  5
61
102
{ACAD_REACTORS
330
62
102
}
330
1F
100
AcDbEntity
  8
Via Holes
 62
     7
100
AcDbModelerGeometry
290
     1
  2
{41d0f03d-c6f6-4622-a7c9-043cffaf82ca}
  0
HATCH
  5
62
330
1F
100
AcDbEntity
  8
Via Holes
 62
     7
100
AcDbHatch
 10
0.0
 20
0.0
 30
0.0
210
0.0
220
0.0
230
1.0
  2
SOLID
 70
     1
 71
     1
 91
        1
 92
        1
 93
        1
 72
     2
 10
6.4442467
 20
14.16637248
 40
0.1499997
 50
0.0
 51
360.0
 73
     1
 97
        1
330
61
 75
     0
 76
     1
 98
        0
  0
REGION
  5
63
102
{ACAD_REACTORS
330
64
102
}
330
1F
100
AcDbEntity
  8
Via Holes
 62
     7
100
AcDbModelerGeometry
290
     1
  2
{07da6517-d2a0-41dc-8874-f939156d4217}
  0
HATCH
  5
64
330
1F
100
AcDbEntity
  8
Via Holes
 62
     7
100
AcDbHatch
 10
0.0
 20
0.0
 30
0.0
210
0.0
220
0.0
230
1.0
  2
SOLID
 70
     1
 71
     1
 91
        1
 92
        1
 93
        1
 72
     2
 10
6.60713944
 20
15.31000494
 40
0.1499997
 50
0.0
 51
360.0
 73
     1
 97
        1
330
63
 75
     0
 76
     1
 98
        0
  0
REGION
  5
65
102
{ACAD_REACTORS
330
66
102
}
330
1F
100
AcDbEntity
  8
Via Holes
 62
     7
100
AcDbModelerGeometry
290
     1
  2
{bec683a9-9413-47e4-a948-382887dcb957}
  0
HATCH
  5
66
330
1F
100
AcDbEntity
  8
Via Holes
 62
     7
100
AcDbHatch
 10
0.0
 20
0.0
 30
0.0
210
0.0
220
0.0
230
1.0
  2
SOLID
 70
     1
 71
     1
 91
        1
 92
        1
 93
        1
 72
     2
 10
8.254812040000001
 20
7.155558459999999
 40
0.1499997
 50
0.0
 51
360.0
 73
     1
 97
        1
330
65
 75
     0
 76
     1
 98
        0
  0
REGION
  5
67
102
{ACAD_REACTORS
330
68
102
}
330
1F
100
AcDbEntity
  8
Via Holes
 62
     7
100
AcDbModelerGeometry
290
     1
  2
{108bb98c-1cd9-45e5-8309-11269295e751}
  0
HATCH
  5
68
330
1F
100
AcDbEntity
  8
Via Holes
 62
     7
100
AcDbHatch
 10
0.0
 20
0.0
 30
0.0
210
0.0
220
0.0
230
1.0
  2
SOLID
 70
     1
 71
     1
 91
        1
 92
        1
 93
        1
 72
     2
 10
10.3673656
 20
13.31182504
 40
0.1499997
 50
0.0
 51
360.0
 73
     1
 97
        1
330
67
 75
     0
 76
     1
 98
        0
  0
REGION
  5
69
102
{ACAD_REACTORS
330
6A
102
}
330
1F
100
AcDbEntity
  8
Via Holes
 62
     7
100
AcDbModelerGeometry
290
     1
  2
{b11164a2-2414-477f-9641-f45f9c078ae5}
  0
HATCH
  5
6A
330
1F
100
AcDbEntity
  8
Via Holes
 62
     7
100
AcDbHatch
 10
0.0
 20
0.0
 30
0.0
210
0.0
220
0.0
230
1.0
  2
SOLID
 70
     1
 71
     1
 91
        1
 92
        1
 93
        1
 72
     2
 10
12.74995672
 20
7.04995542
 40
0.1499997
 50
0.0
 51
360.0
 73
     1
 97
        1
330
69
 75
     0
 76
     1
 98
        0
  0
REGION
  5
6B
102
{ACAD_REACTORS
330
6C
102
}
330
1F
100
AcDbEntity
  8
Via Holes
 62
     7
100
AcDbModelerGeometry
290
     1
  2
{5603422c-6b5e-48af-9902-4c496b7e9610}
  0
HATCH
  5
6C
330
1F
100
AcDbEntity
  8
Via Holes
 62
     7
100
AcDbHatch
 10
0.0
 20
0.0
 30
0.0
210
0.0
220
0.0
230
1.0
  2
SOLID
 70
     1
 71
     1
 91
        1
 92
        1
 93
        1
 72
     2
 10
26.73273292
 20
18.81405178
 40
0.1499997
 50
0.0
 51
360.0
 73
     1
 97
        1
330
6B
 75
     0
 76
     1
 98
        0
  0
REGION
  5
6D
102
{ACAD_REACTORS
330
6E
102
}
330
1F
100
AcDbEntity
  8
Via Holes
 62
     7
100
AcDbModelerGeometry
290
     1
  2
{b871719f-71f8-4588-b74f-820d78a14f18}
  0
HATCH
  5
6E
330
1F
100
AcDbEntity
  8
Via Holes
 62
     7
100
AcDbHatch
 10
0.0
 20
0.0
 30
0.0
210
0.0
220
0.0
230
1.0
  2
SOLID
 70
     1
 71
     1
 91
        1
 92
        1
 93
        1
 72
     2
 10
12.77502906
 20
14.33000944
 40
0.1499997
 50
0.0
 51
360.0
 73
     1
 97
        1
330
6D
 75
     0
 76
     1
 98
        0
  0
REGION
  5
6F
102
{ACAD_REACTORS
330
70
102
}
330
1F
100
AcDbEntity
  8
Via Holes
 62
     7
100
AcDbModelerGeometry
290
     1
  2
{697a72e6-9254-41aa-93a1-7cdeb2e590af}
  0
HATCH
  5
70
330
1F
100
AcDbEntity
  8
Via Holes
 62
     7
100
AcDbHatch
 10
0.0
 20
0.0
 30
0.0
210
0.0
220
0.0
230
1.0
  2
SOLID
 70
     1
 71
     1
 91
        1
 92
        1
 93
        1
 72
     2
 10
22.74995704
 20
9.95508042
 40
0.1499997
 50
0.0
 51
360.0
 73
     1
 97
        1
330
6F
 75
     0
 76
     1
 98
        0
  0
REGION
  5
71
102
{ACAD_REACTORS
330
72
102
}
330
1F
100
AcDbEntity
  8
Via Holes
 62
     7
100
AcDbModelerGeometry
290
     1
  2
{867261b1-a2ec-4ff8-ae10-f993880a0f42}
  0
HATCH
  5
72
330
1F
100
AcDbEntity
  8
Via Holes
 62
     7
100
AcDbHatch
 10
0.0
 20
0.0
 30
0.0
210
0.0
220
0.0
230
1.0
  2
SOLID
 70
     1
 71
     1
 91
        1
 92
        1
 93
        1
 72
     2
 10
18.27502822
 20
7.03001134
 40
0.1499997
 50
0.0
 51
360.0
 73
     1
 97
        1
330
71
 75
     0
 76
     1
 98
        0
  0
REGION
  5
73
102
{ACAD_REACTORS
330
74
102
}
330
1F
100
AcDbEntity
  8
Via Holes
 62
     7
100
AcDbModelerGeometry
290
     1
  2
{53a3bae2-7212-485c-8718-69f4d9c688bb}
  0
HATCH
  5
74
330
1F
100
AcDbEntity
  8
Via Holes
 62
     7
100
AcDbHatch
 10
0.0
 20
0.0
 30
0.0
210
0.0
220
0.0
230
1.0
  2
SOLID
 70
     1
 71
     1
 91
        1
 92
        1
 93
        1
 72
     2
 10
21.675217
 20
15.1668226
 40
0.1499997
 50
0.0
 51
360.0
 73
     1
 97
        1
330
73
 75
     0
 76
     1
 98
        0
  0
REGION
  5
75
102
{ACAD_REACTORS
330
76
102
}
330
1F
100
AcDbEntity
  8
Via Holes
 62
     7
100
AcDbModelerGeometry
290
     1
  2
{548c662d-93d3-497a-a0d5-65d334d2e24a}
  0
HATCH
  5
76
330
1F
100
AcDbEntity
  8
Via Holes
 62
     7
100
AcDbHatch
 10
0.0
 20
0.0
 30
0.0
210
0.0
220
0.0
230
1.0
  2
SOLID
 70
     1
 71
     1
 91
        1
 92
        1
 93
        1
 72
     2
 10
19.42502338
 20
12.18000358
 40
0.1499997
 50
0.0
 51
360.0
 73
     1
 97
        1
330
75
 75
     0
 76
     1
 98
        0
  0
REGION
  5
77
102
{ACAD_REACTORS
330
78
102
}
330
1F
100
AcDbEntity
  8
Via Holes
 62
     7
100
AcDbModelerGeometry
290
     1
  2
{b8a1d0e4-da4f-46a0-8ed3-7931ec7460e8}
  0
HATCH
  5
78
330
1F
100
AcDbEntity
  8
Via Holes
 62
     7
100
AcDbHatch
 10
0.0
 20
0.0
 30
0.0
210
0.0
220
0.0
230
1.0
  2
SOLID
 70
     1
 71
     1
 91
        1
 92
        1
 93
        1
 72
     2
 10
10.41051512
 20
15.36050522
 40
0.1499997
 50
0.0
 51
360.0
 73
     1
 97
        1
330
77
 75
     0
 76
     1
 98
        0
  0
REGION
  5
79
102
{ACAD_REACTORS
330
7A
102
}
330
1F
100
AcDbEntity
  8
Via Holes
 62
     7
100
AcDbModelerGeometry
290
     1
  2
{1533b4e6-2ee3-48d5-acf1-d492bb438356}
  0
HATCH
  5
7A
330
1F
100
AcDbEntity
  8
Via Holes
 62
     7
100
AcDbHatch
 10
0.0
 20
0.0
 30
0.0
210
0.0
220
0.0
230
1.0
  2
SOLID
 70
     1
 71
     1
 91
        1
 92
        1
 93
        1
 72
     2
 10
31.67238776
 20
15.5799917
 40
0.1499997
 50
0.0
 51
360.0
 73
     1
 97
        1
330
79
 75
     0
 76
     1
 98
        0
  0
REGION
  5
7B
102
{ACAD_REACTORS
330
7C
102
}
330
1F
100
AcDbEntity
  8
Via Holes
 62
     7
100
AcDbModelerGeometry
290
     1
  2
{2a2aa6c1-bbf7-4d76-8e28-c31b7ad09471}
  0
HATCH
  5
7C
330
1F
100
AcDbEntity
  8
Via Holes
 62
     7
100
AcDbHatch
 10
0.0
 20
0.0
 30
0.0
210
0.0
220
0.0
230
1.0
  2
SOLID
 70
     1
 71
     1
 91
        1
 92
        1
 93
        1
 72
     2
 10
32.65809064
 20
14.96852988
 40
0.1499997
 50
0.0
 51
360.0
 73
     1
 97
        1
330
7B
 75
     0
 76
     1
 98
        0
  0
REGION
  5
7D
102
{ACAD_REACTORS
330
7E
102
}
330
1F
100
AcDbEntity
  8
Via Holes
 62
     7
100
AcDbModelerGeometry
290
     1
  2
{e308fccb-e2bf-4349-9633-396c87db45aa}
  0
HATCH
  5
7E
330
1F
100
AcDbEntity
  8
Via Holes
 62
     7
100
AcDbHatch
 10
0.0
 20
0.0
 30
0.0
210
0.0
220
0.0
230
1.0
  2
SOLID
 70
     1
 71
     1
 91
        1
 92
        1
 93
        1
 72
     2
 10
33.39085016
 20
14.92927418
 40
0.1499997
 50
0.0
 51
360.0
 73
     1
 97
        1
330
7D
 75
     0
 76
     1
 98
        0
  0
REGION
  5
7F
102
{ACAD_REACTORS
330
80
102
}
330
1F
100
AcDbEntity
  8
Via Holes
 62
     7
100
AcDbModelerGeometry
290
     1
  2
{c506d4cc-81d7-4e4b-aa1a-48fe33eeb4a5}
  0
HATCH
  5
80
330
1F
100
AcDbEntity
  8
Via Holes
 62
     7
100
AcDbHatch
 10
0.0
 20
0.0
 30
0.0
210
0.0
220
0.0
230
1.0
  2
SOLID
 70
     1
 71
     1
 91
        1
 92
        1
 93
        1
 72
     2
 10
25.20230672
 20
6.892383979999999
 40
0.1499997
 50
0.0
 51
360.0
 73
     1
 97
        1
330
7F
 75
     0
 76
     1
 98
        0
  0
REGION
  5
81
102
{ACAD_REACTORS
330
82
102
}
330
1F
100
AcDbEntity
  8
Via Holes
 62
     7
100
AcDbModelerGeometry
290
     1
  2
{55d89a92-fd72-4394-8e21-b8e48eebe748}
  0
HATCH
  5
82
330
1F
100
AcDbEntity
  8
Via Holes
 62
     7
100
AcDbHatch
 10
0.0
 20
0.0
 30
0.0
210
0.0
220
0.0
230
1.0
  2
SOLID
 70
     1
 71
     1
 91
        1
 92
        1
 93
        1
 72
     2
 10
26.07394836
 20
6.914083199999999
 40
0.1499997
 50
0.0
 51
360.0
 73
     1
 97
        1
330
81
 75
     0
 76
     1
 98
        0
  0
REGION
  5
83
102
{ACAD_REACTORS
330
84
102
}
330
1F
100
AcDbEntity
  8
Via Holes
 62
     7
100
AcDbModelerGeometry
290
     1
  2
{c6a067ec-40c3-4d91-97c0-991be1dc5a66}
  0
HATCH
  5
84
330
1F
100
AcDbEntity
  8
Via Holes
 62
     7
100
AcDbHatch
 10
0.0
 20
0.0
 30
0.0
210
0.0
220
0.0
230
1.0
  2
SOLID
 70
     1
 71
     1
 91
        1
 92
        1
 93
        1
 72
     2
 10
26.01901324
 20
3.76588782
 40
0.1499997
 50
0.0
 51
360.0
 73
     1
 97
        1
330
83
 75
     0
 76
     1
 98
        0
  0
REGION
  5
85
102
{ACAD_REACTORS
330
86
102
}
330
1F
100
AcDbEntity
  8
Via Holes
 62
     7
100
AcDbModelerGeometry
290
     1
  2
{55035fb1-6378-4180-95d8-dd0af9024a1c}
  0
HATCH
  5
86
330
1F
100
AcDbEntity
  8
Via Holes
 62
     7
100
AcDbHatch
 10
0.0
 20
0.0
 30
0.0
210
0.0
220
0.0
230
1.0
  2
SOLID
 70
     1
 71
     1
 91
        1
 92
        1
 93
        1
 72
     2
 10
25.27807492
 20
3.74852184
 40
0.1499997
 50
0.0
 51
360.0
 73
     1
 97
        1
330
85
 75
     0
 76
     1
 98
        0
  0
REGION
  5
87
102
{ACAD_REACTORS
330
88
102
}
330
1F
100
AcDbEntity
  8
Via Holes
 62
     7
100
AcDbModelerGeometry
290
     1
  2
{c8c6564f-7f51-4c8a-a7bf-b770dc2ab5ce}
  0
HATCH
  5
88
330
1F
100
AcDbEntity
  8
Via Holes
 62
     7
100
AcDbHatch
 10
0.0
 20
0.0
 30
0.0
210
0.0
220
0.0
230
1.0
  2
SOLID
 70
     1
 71
     1
 91
        1
 92
        1
 93
        1
 72
     2
 10
8.99999978
 20
4.29999902
 40
0.1499997
 50
0.0
 51
360.0
 73
     1
 97
        1
330
87
 75
     0
 76
     1
 98
        0
  0
REGION
  5
89
102
{ACAD_REACTORS
330
8A
102
}
330
1F
100
AcDbEntity
  8
Via Holes
 62
     7
100
AcDbModelerGeometry
290
     1
  2
{d2558d94-6cf7-413c-aa73-58e5ebf450c5}
  0
HATCH
  5
8A
330
1F
100
AcDbEntity
  8
Via Holes
 62
     7
100
AcDbHatch
 10
0.0
 20
0.0
 30
0.0
210
0.0
220
0.0
230
1.0
  2
SOLID
 70
     1
 71
     1
 91
        1
 92
        1
 93
        1
 72
     2
 10
39.98522864
 20
12.6800102
 40
0.1499997
 50
0.0
 51
360.0
 73
     1
 97
        1
330
89
 75
     0
 76
     1
 98
        0
  0
REGION
  5
8B
102
{ACAD_REACTORS
330
8C
102
}
330
1F
100
AcDbEntity
  8
Via Holes
 62
     7
100
AcDbModelerGeometry
290
     1
  2
{43297cd0-efec-4cd3-ba09-7b509582edc6}
  0
HATCH
  5
8C
330
1F
100
AcDbEntity
  8
Via Holes
 62
     7
100
AcDbHatch
 10
0.0
 20
0.0
 30
0.0
210
0.0
220
0.0
230
1.0
  2
SOLID
 70
     1
 71
     1
 91
        1
 92
        1
 93
        1
 72
     2
 10
15.59999928
 20
18.5000011
 40
0.1499997
 50
0.0
 51
360.0
 73
     1
 97
        1
330
8B
 75
     0
 76
     1
 98
        0
  0
REGION
  5
8D
102
{ACAD_REACTORS
330
8E
102
}
330
1F
100
AcDbEntity
  8
Via Holes
 62
     7
100
AcDbModelerGeometry
290
     1
  2
{6ae440b8-9ca4-4608-b647-50eafcaa44eb}
  0
HATCH
  5
8E
330
1F
100
AcDbEntity
  8
Via Holes
 62
     7
100
AcDbHatch
 10
0.0
 20
0.0
 30
0.0
210
0.0
220
0.0
230
1.0
  2
SOLID
 70
     1
 71
     1
 91
        1
 92
        1
 93
        1
 72
     2
 10
14.59999874
 20
21.99999918
 40
0.1499997
 50
0.0
 51
360.0
 73
     1
 97
        1
330
8D
 75
     0
 76
     1
 98
        0
  0
REGION
  5
8F
102
{ACAD_REACTORS
330
90
102
}
330
1F
100
AcDbEntity
  8
Via Holes
 62
     7
100
AcDbModelerGeometry
290
     1
  2
{8e13d5d1-6f9b-46de-a0b3-874ff95fe8bb}
  0
HATCH
  5
90
330
1F
100
AcDbEntity
  8
Via Holes
 62
     7
100
AcDbHatch
 10
0.0
 20
0.0
 30
0.0
210
0.0
220
0.0
230
1.0
  2
SOLID
 70
     1
 71
     1
 91
        1
 92
        1
 93
        1
 72
     2
 10
14.96156266
 20
21.2703537
 40
0.1499997
 50
0.0
 51
360.0
 73
     1
 97
        1
330
8F
 75
     0
 76
     1
 98
        0
  0
REGION
  5
91
102
{ACAD_REACTORS
330
92
102
}
330
1F
100
AcDbEntity
  8
Via Holes
 62
     7
100
AcDbModelerGeometry
290
     1
  2
{86ba4f44-81d1-4baa-90d6-c9aa748fb0aa}
  0
HATCH
  5
92
330
1F
100
AcDbEntity
  8
Via Holes
 62
     7
100
AcDbHatch
 10
0.0
 20
0.0
 30
0.0
210
0.0
220
0.0
230
1.0
  2
SOLID
 70
     1
 71
     1
 91
        1
 92
        1
 93
        1
 72
     2
 10
29.69999902
 20
12.8999996
 40
0.1499997
 50
0.0
 51
360.0
 73
     1
 97
        1
330
91
 75
     0
 76
     1
 98
        0
  0
REGION
  5
93
102
{ACAD_REACTORS
330
94
102
}
330
1F
100
AcDbEntity
  8
Via Holes
 62
     7
100
AcDbModelerGeometry
290
     1
  2
{6d2c3445-c996-44d2-a681-bb2033bfdcce}
  0
HATCH
  5
94
330
1F
100
AcDbEntity
  8
Via Holes
 62
     7
100
AcDbHatch
 10
0.0
 20
0.0
 30
0.0
210
0.0
220
0.0
230
1.0
  2
SOLID
 70
     1
 71
     1
 91
        1
 92
        1
 93
        1
 72
     2
 10
29.49999942
 20
8.500000779999999
 40
0.1499997
 50
0.0
 51
360.0
 73
     1
 97
        1
330
93
 75
     0
 76
     1
 98
        0
  0
REGION
  5
95
102
{ACAD_REACTORS
330
96
102
}
330
1F
100
AcDbEntity
  8
Via Holes
 62
     7
100
AcDbModelerGeometry
290
     1
  2
{faaf08cb-09c2-4bdd-a140-17588d1ec876}
  0
HATCH
  5
96
330
1F
100
AcDbEntity
  8
Via Holes
 62
     7
100
AcDbHatch
 10
0.0
 20
0.0
 30
0.0
210
0.0
220
0.0
230
1.0
  2
SOLID
 70
     1
 71
     1
 91
        1
 92
        1
 93
        1
 72
     2
 10
34.3199974
 20
11.18000304
 40
0.1499997
 50
0.0
 51
360.0
 73
     1
 97
        1
330
95
 75
     0
 76
     1
 98
        0
  0
REGION
  5
97
102
{ACAD_REACTORS
330
98
102
}
330
1F
100
AcDbEntity
  8
Via Holes
 62
     7
100
AcDbModelerGeometry
290
     1
  2
{f465141e-ba25-4f1a-8650-12522bc40043}
  0
HATCH
  5
98
330
1F
100
AcDbEntity
  8
Via Holes
 62
     7
100
AcDbHatch
 10
0.0
 20
0.0
 30
0.0
210
0.0
220
0.0
230
1.0
  2
SOLID
 70
     1
 71
     1
 91
        1
 92
        1
 93
        1
 72
     2
 10
25.29533676
 20
18.38703714
 40
0.1499997
 50
0.0
 51
360.0
 73
     1
 97
        1
330
97
 75
     0
 76
     1
 98
        0
  0
REGION
  5
99
102
{ACAD_REACTORS
330
9A
102
}
330
1F
100
AcDbEntity
  8
Via Holes
 62
     7
100
AcDbModelerGeometry
290
     1
  2
{528bb7c7-f09e-4005-95d8-eb8c10111bc9}
  0
HATCH
  5
9A
330
1F
100
AcDbEntity
  8
Via Holes
 62
     7
100
AcDbHatch
 10
0.0
 20
0.0
 30
0.0
210
0.0
220
0.0
230
1.0
  2
SOLID
 70
     1
 71
     1
 91
        1
 92
        1
 93
        1
 72
     2
 10
20.52502118
 20
3.43001092
 40
0.1499997
 50
0.0
 51
360.0
 73
     1
 97
        1
330
99
 75
     0
 76
     1
 98
        0
  0
REGION
  5
9B
102
{ACAD_REACTORS
330
9C
102
}
330
1F
100
AcDbEntity
  8
Via Holes
 62
     7
100
AcDbModelerGeometry
290
     1
  2
{158b4b20-4c8c-4774-bd58-892f598ed8fd}
  0
HATCH
  5
9C
330
1F
100
AcDbEntity
  8
Via Holes
 62
     7
100
AcDbHatch
 10
0.0
 20
0.0
 30
0.0
210
0.0
220
0.0
230
1.0
  2
SOLID
 70
     1
 71
     1
 91
        1
 92
        1
 93
        1
 72
     2
 10
25.8184142
 20
20.87395114
 40
0.1499997
 50
0.0
 51
360.0
 73
     1
 97
        1
330
9B
 75
     0
 76
     1
 98
        0
  0
REGION
  5
9D
102
{ACAD_REACTORS
330
9E
102
}
330
1F
100
AcDbEntity
  8
Via Holes
 62
     7
100
AcDbModelerGeometry
290
     1
  2
{90eb84f9-1e94-4bf6-a873-b635efb1730e}
  0
HATCH
  5
9E
330
1F
100
AcDbEntity
  8
Via Holes
 62
     7
100
AcDbHatch
 10
0.0
 20
0.0
 30
0.0
210
0.0
220
0.0
230
1.0
  2
SOLID
 70
     1
 71
     1
 91
        1
 92
        1
 93
        1
 72
     2
 10
23.02502126
 20
21.23000326
 40
0.1499997
 50
0.0
 51
360.0
 73
     1
 97
        1
330
9D
 75
     0
 76
     1
 98
        0
  0
REGION
  5
9F
102
{ACAD_REACTORS
330
A0
102
}
330
1F
100
AcDbEntity
  8
Via Holes
 62
     7
100
AcDbModelerGeometry
290
     1
  2
{125113a4-bfbb-4bee-81ff-ea3abd097013}
  0
HATCH
  5
A0
330
1F
100
AcDbEntity
  8
Via Holes
 62
     7
100
AcDbHatch
 10
0.0
 20
0.0
 30
0.0
210
0.0
220
0.0
230
1.0
  2
SOLID
 70
     1
 71
     1
 91
        1
 92
        1
 93
        1
 72
     2
 10
23.02502126
 20
20.43000232
 40
0.1499997
 50
0.0
 51
360.0
 73
     1
 97
        1
330
9F
 75
     0
 76
     1
 98
        0
  0
REGION
  5
A1
102
{ACAD_REACTORS
330
A2
102
}
330
1F
100
AcDbEntity
  8
Via Holes
 62
     7
100
AcDbModelerGeometry
290
     1
  2
{25cf4942-c1a7-4947-9e6d-66fb2044eeb4}
  0
HATCH
  5
A2
330
1F
100
AcDbEntity
  8
Via Holes
 62
     7
100
AcDbHatch
 10
0.0
 20
0.0
 30
0.0
210
0.0
220
0.0
230
1.0
  2
SOLID
 70
     1
 71
     1
 91
        1
 92
        1
 93
        1
 72
     2
 10
24.06559068
 20
19.48396662
 40
0.1499997
 50
0.0
 51
360.0
 73
     1
 97
        1
330
A1
 75
     0
 76
     1
 98
        0
  0
REGION
  5
A3
102
{ACAD_REACTORS
330
A4
102
}
330
1F
100
AcDbEntity
  8
Via Holes
 62
     7
100
AcDbModelerGeometry
290
     1
  2
{6db6c08b-ea71-4401-b1f7-e8dcde1569c5}
  0
HATCH
  5
A4
330
1F
100
AcDbEntity
  8
Via Holes
 62
     7
100
AcDbHatch
 10
0.0
 20
0.0
 30
0.0
210
0.0
220
0.0
230
1.0
  2
SOLID
 70
     1
 71
     1
 91
        1
 92
        1
 93
        1
 72
     2
 10
19.42502338
 20
15.43000216
 40
0.1499997
 50
0.0
 51
360.0
 73
     1
 97
        1
330
A3
 75
     0
 76
     1
 98
        0
  0
REGION
  5
A5
102
{ACAD_REACTORS
330
A6
102
}
330
1F
100
AcDbEntity
  8
Via Holes
 62
     7
100
AcDbModelerGeometry
290
     1
  2
{61541ce9-2203-42e0-9a2b-cac9bac6477f}
  0
HATCH
  5
A6
330
1F
100
AcDbEntity
  8
Via Holes
 62
     7
100
AcDbHatch
 10
0.0
 20
0.0
 30
0.0
210
0.0
220
0.0
230
1.0
  2
SOLID
 70
     1
 71
     1
 91
        1
 92
        1
 93
        1
 72
     2
 10
29.7250231
 20
15.53000196
 40
0.1499997
 50
0.0
 51
360.0
 73
     1
 97
        1
330
A5
 75
     0
 76
     1
 98
        0
  0
REGION
  5
A7
102
{ACAD_REACTORS
330
A8
102
}
330
1F
100
AcDbEntity
  8
Via Holes
 62
     7
100
AcDbModelerGeometry
290
     1
  2
{cbd6a9f5-db65-48d8-9f8e-5fc5cdc7c2a5}
  0
HATCH
  5
A8
330
1F
100
AcDbEntity
  8
Via Holes
 62
     7
100
AcDbHatch
 10
0.0
 20
0.0
 30
0.0
210
0.0
220
0.0
230
1.0
  2
SOLID
 70
     1
 71
     1
 91
        1
 92
        1
 93
        1
 72
     2
 10
28.72502256
 20
12.33000328
 40
0.1499997
 50
0.0
 51
360.0
 73
     1
 97
        1
330
A7
 75
     0
 76
     1
 98
        0
  0
REGION
  5
A9
102
{ACAD_REACTORS
330
AA
102
}
330
1F
100
AcDbEntity
  8
Via Holes
 62
     7
100
AcDbModelerGeometry
290
     1
  2
{58c9ffba-318c-4a71-b5af-b3bd2afc2c27}
  0
HATCH
  5
AA
330
1F
100
AcDbEntity
  8
Via Holes
 62
     7
100
AcDbHatch
 10
0.0
 20
0.0
 30
0.0
210
0.0
220
0.0
230
1.0
  2
SOLID
 70
     1
 71
     1
 91
        1
 92
        1
 93
        1
 72
     2
 10
28.72502256
 20
11.43000254
 40
0.1499997
 50
0.0
 51
360.0
 73
     1
 97
        1
330
A9
 75
     0
 76
     1
 98
        0
  0
REGION
  5
AB
102
{ACAD_REACTORS
330
AC
102
}
330
1F
100
AcDbEntity
  8
Via Holes
 62
     7
100
AcDbModelerGeometry
290
     1
  2
{fa831e60-e1dd-413a-87a1-3158ea241b95}
  0
HATCH
  5
AC
330
1F
100
AcDbEntity
  8
Via Holes
 62
     7
100
AcDbHatch
 10
0.0
 20
0.0
 30
0.0
210
0.0
220
0.0
230
1.0
  2
SOLID
 70
     1
 71
     1
 91
        1
 92
        1
 93
        1
 72
     2
 10
29.5250235
 20
11.43000254
 40
0.1499997
 50
0.0
 51
360.0
 73
     1
 97
        1
330
AB
 75
     0
 76
     1
 98
        0
  0
REGION
  5
AD
102
{ACAD_REACTORS
330
AE
102
}
330
1F
100
AcDbEntity
  8
Via Holes
 62
     7
100
AcDbModelerGeometry
290
     1
  2
{d97e8ac5-02bc-4255-9b92-bf0efa589242}
  0
HATCH
  5
AE
330
1F
100
AcDbEntity
  8
Via Holes
 62
     7
100
AcDbHatch
 10
0.0
 20
0.0
 30
0.0
210
0.0
220
0.0
230
1.0
  2
SOLID
 70
     1
 71
     1
 91
        1
 92
        1
 93
        1
 72
     2
 10
30.3250219
 20
11.43000254
 40
0.1499997
 50
0.0
 51
360.0
 73
     1
 97
        1
330
AD
 75
     0
 76
     1
 98
        0
  0
REGION
  5
AF
102
{ACAD_REACTORS
330
B0
102
}
330
1F
100
AcDbEntity
  8
Via Holes
 62
     7
100
AcDbModelerGeometry
290
     1
  2
{f32a3a45-232d-4ad8-a15d-bc5dcdf5a3b0}
  0
HATCH
  5
B0
330
1F
100
AcDbEntity
  8
Via Holes
 62
     7
100
AcDbHatch
 10
0.0
 20
0.0
 30
0.0
210
0.0
220
0.0
230
1.0
  2
SOLID
 70
     1
 71
     1
 91
        1
 92
        1
 93
        1
 72
     2
 10
28.22502356
 20
19.43000178
 40
0.1499997
 50
0.0
 51
360.0
 73
     1
 97
        1
330
AF
 75
     0
 76
     1
 98
        0
  0
REGION
  5
B1
102
{ACAD_REACTORS
330
B2
102
}
330
1F
100
AcDbEntity
  8
Via Holes
 62
     7
100
AcDbModelerGeometry
290
     1
  2
{1d302add-3a44-409d-b4a6-0cb923e9763a}
  0
HATCH
  5
B2
330
1F
100
AcDbEntity
  8
Via Holes
 62
     7
100
AcDbHatch
 10
0.0
 20
0.0
 30
0.0
210
0.0
220
0.0
230
1.0
  2
SOLID
 70
     1
 71
     1
 91
        1
 92
        1
 93
        1
 72
     2
 10
27.74911392
 20
20.16864394
 40
0.1499997
 50
0.0
 51
360.0
 73
     1
 97
        1
330
B1
 75
     0
 76
     1
 98
        0
  0
REGION
  5
B3
102
{ACAD_REACTORS
330
B4
102
}
330
1F
100
AcDbEntity
  8
Via Holes
 62
     7
100
AcDbModelerGeometry
290
     1
  2
{b98822aa-4247-4078-befb-d5855d5b054f}
  0
HATCH
  5
B4
330
1F
100
AcDbEntity
  8
Via Holes
 62
     7
100
AcDbHatch
 10
0.0
 20
0.0
 30
0.0
210
0.0
220
0.0
230
1.0
  2
SOLID
 70
     1
 71
     1
 91
        1
 92
        1
 93
        1
 72
     2
 10
28.36657268
 20
20.64202882
 40
0.1499997
 50
0.0
 51
360.0
 73
     1
 97
        1
330
B3
 75
     0
 76
     1
 98
        0
  0
REGION
  5
B5
102
{ACAD_REACTORS
330
B6
102
}
330
1F
100
AcDbEntity
  8
Via Holes
 62
     7
100
AcDbModelerGeometry
290
     1
  2
{34dc3e59-7129-4b8b-8f50-6f821da05186}
  0
HATCH
  5
B6
330
1F
100
AcDbEntity
  8
Via Holes
 62
     7
100
AcDbHatch
 10
0.0
 20
0.0
 30
0.0
210
0.0
220
0.0
230
1.0
  2
SOLID
 70
     1
 71
     1
 91
        1
 92
        1
 93
        1
 72
     2
 10
23.02502126
 20
2.33001058
 40
0.1499997
 50
0.0
 51
360.0
 73
     1
 97
        1
330
B5
 75
     0
 76
     1
 98
        0
  0
REGION
  5
B7
102
{ACAD_REACTORS
330
B8
102
}
330
1F
100
AcDbEntity
  8
Via Holes
 62
     7
100
AcDbModelerGeometry
290
     1
  2
{8f88c84d-eb7e-4169-9ee8-5f9d23a0db4f}
  0
HATCH
  5
B8
330
1F
100
AcDbEntity
  8
Via Holes
 62
     7
100
AcDbHatch
 10
0.0
 20
0.0
 30
0.0
210
0.0
220
0.0
230
1.0
  2
SOLID
 70
     1
 71
     1
 91
        1
 92
        1
 93
        1
 72
     2
 10
30.82502344
 20
4.130012059999999
 40
0.1499997
 50
0.0
 51
360.0
 73
     1
 97
        1
330
B7
 75
     0
 76
     1
 98
        0
  0
REGION
  5
B9
102
{ACAD_REACTORS
330
BA
102
}
330
1F
100
AcDbEntity
  8
Via Holes
 62
     7
100
AcDbModelerGeometry
290
     1
  2
{5fa5ec62-6ea5-42d0-8833-f05a7775a5b5}
  0
HATCH
  5
BA
330
1F
100
AcDbEntity
  8
Via Holes
 62
     7
100
AcDbHatch
 10
0.0
 20
0.0
 30
0.0
210
0.0
220
0.0
230
1.0
  2
SOLID
 70
     1
 71
     1
 91
        1
 92
        1
 93
        1
 72
     2
 10
14.22502362
 20
18.7300108
 40
0.1499997
 50
0.0
 51
360.0
 73
     1
 97
        1
330
B9
 75
     0
 76
     1
 98
        0
  0
REGION
  5
BB
102
{ACAD_REACTORS
330
BC
102
}
330
1F
100
AcDbEntity
  8
Via Holes
 62
     7
100
AcDbModelerGeometry
290
     1
  2
{5facc4f2-8aec-41ba-9f9f-31a44a150ac7}
  0
HATCH
  5
BC
330
1F
100
AcDbEntity
  8
Via Holes
 62
     7
100
AcDbHatch
 10
0.0
 20
0.0
 30
0.0
210
0.0
220
0.0
230
1.0
  2
SOLID
 70
     1
 71
     1
 91
        1
 92
        1
 93
        1
 72
     2
 10
14.22502108
 20
19.53001174
 40
0.1499997
 50
0.0
 51
360.0
 73
     1
 97
        1
330
BB
 75
     0
 76
     1
 98
        0
  0
REGION
  5
BD
102
{ACAD_REACTORS
330
BE
102
}
330
1F
100
AcDbEntity
  8
Via Holes
 62
     7
100
AcDbModelerGeometry
290
     1
  2
{06882975-8ee0-496a-ab8e-1c3c85f2f37b}
  0
HATCH
  5
BE
330
1F
100
AcDbEntity
  8
Via Holes
 62
     7
100
AcDbHatch
 10
0.0
 20
0.0
 30
0.0
210
0.0
220
0.0
230
1.0
  2
SOLID
 70
     1
 71
     1
 91
        1
 92
        1
 93
        1
 72
     2
 10
18.82502204
 20
18.7300108
 40
0.1499997
 50
0.0
 51
360.0
 73
     1
 97
        1
330
BD
 75
     0
 76
     1
 98
        0
  0
REGION
  5
BF
102
{ACAD_REACTORS
330
C0
102
}
330
1F
100
AcDbEntity
  8
Via Holes
 62
     7
100
AcDbModelerGeometry
290
     1
  2
{5864ec99-49e8-407a-8bf4-d1320d6671c0}
  0
HATCH
  5
C0
330
1F
100
AcDbEntity
  8
Via Holes
 62
     7
100
AcDbHatch
 10
0.0
 20
0.0
 30
0.0
210
0.0
220
0.0
230
1.0
  2
SOLID
 70
     1
 71
     1
 91
        1
 92
        1
 93
        1
 72
     2
 10
33.67635632
 20
15.67162982
 40
0.1499997
 50
0.0
 51
360.0
 73
     1
 97
        1
330
BF
 75
     0
 76
     1
 98
        0
  0
REGION
  5
C1
102
{ACAD_REACTORS
330
C2
102
}
330
1F
100
AcDbEntity
  8
Via Holes
 62
     7
100
AcDbModelerGeometry
290
     1
  2
{fe900a67-d7a4-4fd6-89f6-46e16ca55aba}
  0
HATCH
  5
C2
330
1F
100
AcDbEntity
  8
Via Holes
 62
     7
100
AcDbHatch
 10
0.0
 20
0.0
 30
0.0
210
0.0
220
0.0
230
1.0
  2
SOLID
 70
     1
 71
     1
 91
        1
 92
        1
 93
        1
 72
     2
 10
37.00002506
 20
14.88001088
 40
0.1499997
 50
0.0
 51
360.0
 73
     1
 97
        1
330
C1
 75
     0
 76
     1
 98
        0
  0
REGION
  5
C3
102
{ACAD_REACTORS
330
C4
102
}
330
1F
100
AcDbEntity
  8
Via Holes
 62
     7
100
AcDbModelerGeometry
290
     1
  2
{6684dd34-fd62-41d1-9b63-9a1212d2879a}
  0
HATCH
  5
C4
330
1F
100
AcDbEntity
  8
Via Holes
 62
     7
100
AcDbHatch
 10
0.0
 20
0.0
 30
0.0
210
0.0
220
0.0
230
1.0
  2
SOLID
 70
     1
 71
     1
 91
        1
 92
        1
 93
        1
 72
     2
 10
33.95002608
 20
24.59000924
 40
0.1499997
 50
0.0
 51
360.0
 73
     1
 97
        1
330
C3
 75
     0
 76
     1
 98
        0
  0
REGION
  5
C5
102
{ACAD_REACTORS
330
C6
102
}
330
1F
100
AcDbEntity
  8
Via Holes
 62
     7
100
AcDbModelerGeometry
290
     1
  2
{b24a88f3-9882-442e-924d-a1578b976d32}
  0
HATCH
  5
C6
330
1F
100
AcDbEntity
  8
Via Holes
 62
     7
100
AcDbHatch
 10
0.0
 20
0.0
 30
0.0
210
0.0
220
0.0
230
1.0
  2
SOLID
 70
     1
 71
     1
 91
        1
 92
        1
 93
        1
 72
     2
 10
33.10002523999999
 20
24.58000926
 40
0.1499997
 50
0.0
 51
360.0
 73
     1
 97
        1
330
C5
 75
     0
 76
     1
 98
        0
  0
REGION
  5
C7
102
{ACAD_REACTORS
330
C8
102
}
330
1F
100
AcDbEntity
  8
Via Holes
 62
     7
100
AcDbModelerGeometry
290
     1
  2
{39708584-4c97-4a0d-af47-bc0d97509d2d}
  0
HATCH
  5
C8
330
1F
100
AcDbEntity
  8
Via Holes
 62
     7
100
AcDbHatch
 10
0.0
 20
0.0
 30
0.0
210
0.0
220
0.0
230
1.0
  2
SOLID
 70
     1
 71
     1
 91
        1
 92
        1
 93
        1
 72
     2
 10
26.50003844
 20
24.5100094
 40
0.1499997
 50
0.0
 51
360.0
 73
     1
 97
        1
330
C7
 75
     0
 76
     1
 98
        0
  0
REGION
  5
C9
102
{ACAD_REACTORS
330
CA
102
}
330
1F
100
AcDbEntity
  8
Via Holes
 62
     7
100
AcDbModelerGeometry
290
     1
  2
{934ac053-1dc3-4a49-b5cd-7697b4ba0a07}
  0
HATCH
  5
CA
330
1F
100
AcDbEntity
  8
Via Holes
 62
     7
100
AcDbHatch
 10
0.0
 20
0.0
 30
0.0
210
0.0
220
0.0
230
1.0
  2
SOLID
 70
     1
 71
     1
 91
        1
 92
        1
 93
        1
 72
     2
 10
25.83810428
 20
23.72171786
 40
0.1499997
 50
0.0
 51
360.0
 73
     1
 97
        1
330
C9
 75
     0
 76
     1
 98
        0
  0
REGION
  5
CB
102
{ACAD_REACTORS
330
CC
102
}
330
1F
100
AcDbEntity
  8
Via Holes
 62
     7
100
AcDbModelerGeometry
290
     1
  2
{a4cb1103-43ee-4469-ac73-1ff4b57f52c9}
  0
HATCH
  5
CC
330
1F
100
AcDbEntity
  8
Via Holes
 62
     7
100
AcDbHatch
 10
0.0
 20
0.0
 30
0.0
210
0.0
220
0.0
230
1.0
  2
SOLID
 70
     1
 71
     1
 91
        1
 92
        1
 93
        1
 72
     2
 10
33.61475624
 20
23.34724058
 40
0.1499997
 50
0.0
 51
360.0
 73
     1
 97
        1
330
CB
 75
     0
 76
     1
 98
        0
  0
REGION
  5
CD
102
{ACAD_REACTORS
330
CE
102
}
330
1F
100
AcDbEntity
  8
Via Holes
 62
     7
100
AcDbModelerGeometry
290
     1
  2
{15eee0f8-9014-45d5-bf0e-f6921ddf0314}
  0
HATCH
  5
CE
330
1F
100
AcDbEntity
  8
Via Holes
 62
     7
100
AcDbHatch
 10
0.0
 20
0.0
 30
0.0
210
0.0
220
0.0
230
1.0
  2
SOLID
 70
     1
 71
     1
 91
        1
 92
        1
 93
        1
 72
     2
 10
27.8400256
 20
23.42000904
 40
0.1499997
 50
0.0
 51
360.0
 73
     1
 97
        1
330
CD
 75
     0
 76
     1
 98
        0
  0
REGION
  5
CF
102
{ACAD_REACTORS
330
D0
102
}
330
1F
100
AcDbEntity
  8
Via Holes
 62
     7
100
AcDbModelerGeometry
290
     1
  2
{b0f39e45-7229-4056-b5c3-bb851ad82883}
  0
HATCH
  5
D0
330
1F
100
AcDbEntity
  8
Via Holes
 62
     7
100
AcDbHatch
 10
0.0
 20
0.0
 30
0.0
210
0.0
220
0.0
230
1.0
  2
SOLID
 70
     1
 71
     1
 91
        1
 92
        1
 93
        1
 72
     2
 10
28.70003658
 20
23.41000906
 40
0.1499997
 50
0.0
 51
360.0
 73
     1
 97
        1
330
CF
 75
     0
 76
     1
 98
        0
  0
REGION
  5
D1
102
{ACAD_REACTORS
330
D2
102
}
330
1F
100
AcDbEntity
  8
Via Holes
 62
     7
100
AcDbModelerGeometry
290
     1
  2
{928cd767-a364-4a08-97aa-7330167e8a16}
  0
HATCH
  5
D2
330
1F
100
AcDbEntity
  8
Via Holes
 62
     7
100
AcDbHatch
 10
0.0
 20
0.0
 30
0.0
210
0.0
220
0.0
230
1.0
  2
SOLID
 70
     1
 71
     1
 91
        1
 92
        1
 93
        1
 72
     2
 10
31.79453128
 20
23.91288334
 40
0.1499997
 50
0.0
 51
360.0
 73
     1
 97
        1
330
D1
 75
     0
 76
     1
 98
        0
  0
REGION
  5
D3
102
{ACAD_REACTORS
330
D4
102
}
330
1F
100
AcDbEntity
  8
Via Holes
 62
     7
100
AcDbModelerGeometry
290
     1
  2
{bcdef55a-eee2-4e38-b9e0-0bacf8235fc3}
  0
HATCH
  5
D4
330
1F
100
AcDbEntity
  8
Via Holes
 62
     7
100
AcDbHatch
 10
0.0
 20
0.0
 30
0.0
210
0.0
220
0.0
230
1.0
  2
SOLID
 70
     1
 71
     1
 91
        1
 92
        1
 93
        1
 72
     2
 10
31.20002396
 20
22.28001132
 40
0.1499997
 50
0.0
 51
360.0
 73
     1
 97
        1
330
D3
 75
     0
 76
     1
 98
        0
  0
REGION
  5
D5
102
{ACAD_REACTORS
330
D6
102
}
330
1F
100
AcDbEntity
  8
Via Holes
 62
     7
100
AcDbModelerGeometry
290
     1
  2
{9c41bbb7-031c-4c27-a4b8-9cb8b1c553bf}
  0
HATCH
  5
D6
330
1F
100
AcDbEntity
  8
Via Holes
 62
     7
100
AcDbHatch
 10
0.0
 20
0.0
 30
0.0
210
0.0
220
0.0
230
1.0
  2
SOLID
 70
     1
 71
     1
 91
        1
 92
        1
 93
        1
 72
     2
 10
31.20002396
 20
21.48001038
 40
0.1499997
 50
0.0
 51
360.0
 73
     1
 97
        1
330
D5
 75
     0
 76
     1
 98
        0
  0
REGION
  5
D7
102
{ACAD_REACTORS
330
D8
102
}
330
1F
100
AcDbEntity
  8
Via Holes
 62
     7
100
AcDbModelerGeometry
290
     1
  2
{66d1c7b7-5fc4-4737-b688-4e1c7370de98}
  0
HATCH
  5
D8
330
1F
100
AcDbEntity
  8
Via Holes
 62
     7
100
AcDbHatch
 10
0.0
 20
0.0
 30
0.0
210
0.0
220
0.0
230
1.0
  2
SOLID
 70
     1
 71
     1
 91
        1
 92
        1
 93
        1
 72
     2
 10
20.89999884
 20
22.80000012
 40
0.1499997
 50
0.0
 51
360.0
 73
     1
 97
        1
330
D7
 75
     0
 76
     1
 98
        0
  0
REGION
  5
D9
102
{ACAD_REACTORS
330
DA
102
}
330
1F
100
AcDbEntity
  8
Via Holes
 62
     7
100
AcDbModelerGeometry
290
     1
  2
{d275a479-013e-4c22-91ed-6d9efa4373f8}
  0
HATCH
  5
DA
330
1F
100
AcDbEntity
  8
Via Holes
 62
     7
100
AcDbHatch
 10
0.0
 20
0.0
 30
0.0
210
0.0
220
0.0
230
1.0
  2
SOLID
 70
     1
 71
     1
 91
        1
 92
        1
 93
        1
 72
     2
 10
3.88610094
 20
10.48610044
 40
0.1499997
 50
0.0
 51
360.0
 73
     1
 97
        1
330
D9
 75
     0
 76
     1
 98
        0
  0
REGION
  5
DB
102
{ACAD_REACTORS
330
DC
102
}
330
1F
100
AcDbEntity
  8
Via Holes
 62
     7
100
AcDbModelerGeometry
290
     1
  2
{101c4f55-2e18-4d29-9da9-0645e5941d00}
  0
HATCH
  5
DC
330
1F
100
AcDbEntity
  8
Via Holes
 62
     7
100
AcDbHatch
 10
0.0
 20
0.0
 30
0.0
210
0.0
220
0.0
230
1.0
  2
SOLID
 70
     1
 71
     1
 91
        1
 92
        1
 93
        1
 72
     2
 10
2.99999908
 20
12.8999996
 40
0.1499997
 50
0.0
 51
360.0
 73
     1
 97
        1
330
DB
 75
     0
 76
     1
 98
        0
  0
REGION
  5
DD
102
{ACAD_REACTORS
330
DE
102
}
330
1F
100
AcDbEntity
  8
Via Holes
 62
     7
100
AcDbModelerGeometry
290
     1
  2
{8dbc048b-a647-400e-b5f4-8568134dae63}
  0
HATCH
  5
DE
330
1F
100
AcDbEntity
  8
Via Holes
 62
     7
100
AcDbHatch
 10
0.0
 20
0.0
 30
0.0
210
0.0
220
0.0
230
1.0
  2
SOLID
 70
     1
 71
     1
 91
        1
 92
        1
 93
        1
 72
     2
 10
3.89999982
 20
12.8999996
 40
0.1499997
 50
0.0
 51
360.0
 73
     1
 97
        1
330
DD
 75
     0
 76
     1
 98
        0
  0
REGION
  5
DF
102
{ACAD_REACTORS
330
E0
102
}
330
1F
100
AcDbEntity
  8
Via Holes
 62
     7
100
AcDbModelerGeometry
290
     1
  2
{40a90c01-1ac9-485c-a87a-b40ccde2bc23}
  0
HATCH
  5
E0
330
1F
100
AcDbEntity
  8
Via Holes
 62
     7
100
AcDbHatch
 10
0.0
 20
0.0
 30
0.0
210
0.0
220
0.0
230
1.0
  2
SOLID
 70
     1
 71
     1
 91
        1
 92
        1
 93
        1
 72
     2
 10
2.89999928
 20
9.900000519999999
 40
0.1499997
 50
0.0
 51
360.0
 73
     1
 97
        1
330
DF
 75
     0
 76
     1
 98
        0
  0
REGION
  5
E1
102
{ACAD_REACTORS
330
E2
102
}
330
1F
100
AcDbEntity
  8
Via Holes
 62
     7
100
AcDbModelerGeometry
290
     1
  2
{ba8ded21-a898-4903-84f3-958aaf9ae769}
  0
HATCH
  5
E2
330
1F
100
AcDbEntity
  8
Via Holes
 62
     7
100
AcDbHatch
 10
0.0
 20
0.0
 30
0.0
210
0.0
220
0.0
230
1.0
  2
SOLID
 70
     1
 71
     1
 91
        1
 92
        1
 93
        1
 72
     2
 10
6.4999997
 20
7.600000039999999
 40
0.1499997
 50
0.0
 51
360.0
 73
     1
 97
        1
330
E1
 75
     0
 76
     1
 98
        0
  0
REGION
  5
E3
102
{ACAD_REACTORS
330
E4
102
}
330
1F
100
AcDbEntity
  8
Bottom Solder
 62
     6
100
AcDbModelerGeometry
290
     1
  2
{1683db6f-114a-43e9-8c13-ccf28c950655}
  0
HATCH
  5
E4
330
1F
100
AcDbEntity
  8
Bottom Solder
 62
     6
100
AcDbHatch
 10
0.0
 20
0.0
 30
0.0
210
0.0
220
0.0
230
1.0
  2
SOLID
 70
     1
 71
     1
 91
        1
 92
        1
 93
        1
 72
     2
 10
36.50003622
 20
4.68001096
 40
2.79999948
 50
0.0
 51
360.0
 73
     1
 97
        1
330
E3
 75
     0
 76
     1
 98
        0
  0
REGION
  5
E5
102
{ACAD_REACTORS
330
E6
102
}
330
1F
100
AcDbEntity
  8
Pad Holes
 62
     7
100
AcDbModelerGeometry
290
     1
  2
{0da0dde6-55c0-4abf-be9f-e1608939243a}
  0
HATCH
  5
E6
330
1F
100
AcDbEntity
  8
Pad Holes
 62
     7
100
AcDbHatch
 10
0.0
 20
0.0
 30
0.0
210
0.0
220
0.0
230
1.0
  2
SOLID
 70
     1
 71
     1
 91
        1
 92
        1
 93
        1
 72
     2
 10
36.50003622
 20
4.68001096
 40
1.59999934
 50
0.0
 51
360.0
 73
     1
 97
        1
330
E5
 75
     0
 76
     1
 98
        0
  0
REGION
  5
E7
102
{ACAD_REACTORS
330
E8
102
}
330
1F
100
AcDbEntity
  8
Bottom Solder
 62
     6
100
AcDbModelerGeometry
290
     1
  2
{97b11582-4f2f-4155-b397-dcff96159a07}
  0
HATCH
  5
E8
330
1F
100
AcDbEntity
  8
Bottom Solder
 62
     6
100
AcDbHatch
 10
0.0
 20
0.0
 30
0.0
210
0.0
220
0.0
230
1.0
  2
SOLID
 70
     1
 71
     1
 91
        1
 92
        1
 93
        1
 72
     2
 10
36.50003622
 20
20.68000944
 40
2.79999948
 50
0.0
 51
360.0
 73
     1
 97
        1
330
E7
 75
     0
 76
     1
 98
        0
  0
REGION
  5
E9
102
{ACAD_REACTORS
330
EA
102
}
330
1F
100
AcDbEntity
  8
Pad Holes
 62
     7
100
AcDbModelerGeometry
290
     1
  2
{46c66410-25e9-4d77-a180-8b35bc9a6afc}
  0
HATCH
  5
EA
330
1F
100
AcDbEntity
  8
Pad Holes
 62
     7
100
AcDbHatch
 10
0.0
 20
0.0
 30
0.0
210
0.0
220
0.0
230
1.0
  2
SOLID
 70
     1
 71
     1
 91
        1
 92
        1
 93
        1
 72
     2
 10
36.50003622
 20
20.68000944
 40
1.59999934
 50
0.0
 51
360.0
 73
     1
 97
        1
330
E9
 75
     0
 76
     1
 98
        0
  0
REGION
  5
EB
102
{ACAD_REACTORS
330
EC
102
}
330
1F
100
AcDbEntity
  8
Bottom Solder
 62
     6
100
AcDbModelerGeometry
290
     1
  2
{b109bbe6-f531-4354-8c86-5125febc846f}
  0
HATCH
  5
EC
330
1F
100
AcDbEntity
  8
Bottom Solder
 62
     6
100
AcDbHatch
 10
0.0
 20
0.0
 30
0.0
210
0.0
220
0.0
230
1.0
  2
SOLID
 70
     1
 71
     1
 91
        1
 92
        1
 93
        1
 72
     2
 10
4.500013859999999
 20
20.68000944
 40
2.79999948
 50
0.0
 51
360.0
 73
     1
 97
        1
330
EB
 75
     0
 76
     1
 98
        0
  0
REGION
  5
ED
102
{ACAD_REACTORS
330
EE
102
}
330
1F
100
AcDbEntity
  8
Pad Holes
 62
     7
100
AcDbModelerGeometry
290
     1
  2
{a36e4d35-936e-4e33-a78b-041fabd7fa04}
  0
HATCH
  5
EE
330
1F
100
AcDbEntity
  8
Pad Holes
 62
     7
100
AcDbHatch
 10
0.0
 20
0.0
 30
0.0
210
0.0
220
0.0
230
1.0
  2
SOLID
 70
     1
 71
     1
 91
        1
 92
        1
 93
        1
 72
     2
 10
4.500013859999999
 20
20.68000944
 40
1.59999934
 50
0.0
 51
360.0
 73
     1
 97
        1
330
ED
 75
     0
 76
     1
 98
        0
  0
REGION
  5
EF
102
{ACAD_REACTORS
330
F0
102
}
330
1F
100
AcDbEntity
  8
Bottom Solder
 62
     6
100
AcDbModelerGeometry
290
     1
  2
{e380ebd1-e6c3-4667-8463-6c745136f11e}
  0
HATCH
  5
F0
330
1F
100
AcDbEntity
  8
Bottom Solder
 62
     6
100
AcDbHatch
 10
0.0
 20
0.0
 30
0.0
210
0.0
220
0.0
230
1.0
  2
SOLID
 70
     1
 71
     1
 91
        1
 92
        1
 93
        1
 72
     2
 10
4.500013859999999
 20
4.68001096
 40
2.79999948
 50
0.0
 51
360.0
 73
     1
 97
        1
330
EF
 75
     0
 76
     1
 98
        0
  0
REGION
  5
F1
102
{ACAD_REACTORS
330
F2
102
}
330
1F
100
AcDbEntity
  8
Pad Holes
 62
     7
100
AcDbModelerGeometry
290
     1
  2
{025cba42-ddc4-4904-a295-00514eb4c3ec}
  0
HATCH
  5
F2
330
1F
100
AcDbEntity
  8
Pad Holes
 62
     7
100
AcDbHatch
 10
0.0
 20
0.0
 30
0.0
210
0.0
220
0.0
230
1.0
  2
SOLID
 70
     1
 71
     1
 91
        1
 92
        1
 93
        1
 72
     2
 10
4.500013859999999
 20
4.68001096
 40
1.59999934
 50
0.0
 51
360.0
 73
     1
 97
        1
330
F1
 75
     0
 76
     1
 98
        0
  0
INSERT
  5
F4
330
1F
100
AcDbEntity
  8
0
100
AcDbBlockReference
  2
RES_0402_3574
 10
25.50002774
 20
7.73000994
 30
0.0
  0
INSERT
  5
F6
330
1F
100
AcDbEntity
  8
0
100
AcDbBlockReference
  2
RES_0402_3575
 10
15.4999563
 20
11.02999826
 30
0.0
 50
180.0
  0
INSERT
  5
F8
330
1F
100
AcDbEntity
  8
0
100
AcDbBlockReference
  2
RES_0402_3576
 10
15.4999563
 20
14.32999928
 30
0.0
  0
INSERT
  5
FC
330
1F
100
AcDbEntity
  8
0
100
AcDbBlockReference
  2
TP_1_00MM_B_3577
 10
3.50002602
 20
16.4900102
 30
0.0
 50
90.0
  0
INSERT
  5
100
330
1F
100
AcDbEntity
  8
0
100
AcDbBlockReference
  2
TP_1_00MM_B_3578
 10
3.50001332
 20
8.8700102
 30
0.0
 50
90.0
  0
INSERT
  5
104
330
1F
100
AcDbEntity
  8
0
100
AcDbBlockReference
  2
TP_1_00MM_B_3579
 10
35.50002551999999
 20
8.8700102
 30
0.0
 50
180.0
  0
INSERT
  5
108
330
1F
100
AcDbEntity
  8
0
100
AcDbBlockReference
  2
TP_1_00MM_B_3580
 10
35.50002551999999
 20
11.4100102
 30
0.0
 50
180.0
  0
INSERT
  5
10C
330
1F
100
AcDbEntity
  8
0
100
AcDbBlockReference
  2
TP_1_00MM_B_3581
 10
35.50002551999999
 20
13.9500102
 30
0.0
 50
180.0
  0
INSERT
  5
110
330
1F
100
AcDbEntity
  8
0
100
AcDbBlockReference
  2
TP_1_00MM_B_3582
 10
37.50002406
 20
13.9500102
 30
0.0
 50
180.0
  0
INSERT
  5
114
330
1F
100
AcDbEntity
  8
0
100
AcDbBlockReference
  2
TP_1_00MM_B_3583
 10
35.50002551999999
 20
16.4900102
 30
0.0
 50
180.0
  0
INSERT
  5
118
330
1F
100
AcDbEntity
  8
0
100
AcDbBlockReference
  2
TP_1_00MM_B_3584
 10
3.50001332
 20
11.4100102
 30
0.0
 50
90.0
  0
INSERT
  5
11C
330
1F
100
AcDbEntity
  8
0
100
AcDbBlockReference
  2
TP_1_00MM_B_3585
 10
3.50001332
 20
13.9500102
 30
0.0
 50
90.0
  0
INSERT
  5
120
330
1F
100
AcDbEntity
  8
0
100
AcDbBlockReference
  2
TP_1_00MM_B_3586
 10
37.50002406
 20
8.8700102
 30
0.0
 50
180.0
  0
INSERT
  5
124
330
1F
100
AcDbEntity
  8
0
100
AcDbBlockReference
  2
TP_1_00MM_B_3587
 10
37.50002406
 20
11.4100102
 30
0.0
 50
180.0
  0
INSERT
  5
128
330
1F
100
AcDbEntity
  8
0
100
AcDbBlockReference
  2
TP_1_00MM_B_3588
 10
5.500024559999999
 20
13.9500102
 30
0.0
  0
INSERT
  5
12C
330
1F
100
AcDbEntity
  8
0
100
AcDbBlockReference
  2
TP_1_00MM_B_3589
 10
5.500024559999999
 20
11.4100102
 30
0.0
  0
INSERT
  5
130
330
1F
100
AcDbEntity
  8
0
100
AcDbBlockReference
  2
TP_1_00MM_B_3590
 10
5.500024559999999
 20
8.8700102
 30
0.0
  0
INSERT
  5
132
330
1F
100
AcDbEntity
  8
0
100
AcDbBlockReference
  2
F_____________1___F_________1_3591
 10
1.29999994
 20
7.799999639999999
 30
0.0
 50
270.0
  0
INSERT
  5
134
330
1F
100
AcDbEntity
  8
0
100
AcDbBlockReference
  2
F_____________1___F_________1_3592
 10
1.29999994
 20
17.56002584
 30
0.0
 50
270.0
  0
INSERT
  5
136
330
1F
100
AcDbEntity
  8
0
100
AcDbBlockReference
  2
F_____________1___F_________1_3593
 10
39.70001457999999
 20
17.56000044
 30
0.0
 50
270.0
  0
INSERT
  5
138
330
1F
100
AcDbEntity
  8
0
100
AcDbBlockReference
  2
CAP_0603_3594
 10
26.85004028
 20
21.86000962
 30
0.0
 50
90.0
  0
INSERT
  5
13A
330
1F
100
AcDbEntity
  8
0
100
AcDbBlockReference
  2
CAP_0402_3595
 10
28.05004042
 20
21.86000962
 30
0.0
 50
270.0
  0
INSERT
  5
13C
330
1F
100
AcDbEntity
  8
0
100
AcDbBlockReference
  2
RES_0402_3596
 10
25.5000252
 20
14.33001198
 30
0.0
  0
INSERT
  5
13E
330
1F
100
AcDbEntity
  8
0
100
AcDbBlockReference
  2
RES_0402_3597
 10
25.5000252
 20
13.23001164
 30
0.0
  0
INSERT
  5
140
330
1F
100
AcDbEntity
  8
0
100
AcDbBlockReference
  2
RES_0402_3598
 10
25.5000252
 20
16.53000504
 30
0.0
  0
INSERT
  5
142
330
1F
100
AcDbEntity
  8
0
100
AcDbBlockReference
  2
RES_0402_3599
 10
25.5000252
 20
11.03001096
 30
0.0
  0
INSERT
  5
144
330
1F
100
AcDbEntity
  8
0
100
AcDbBlockReference
  2
RES_0402_3600
 10
25.5000252
 20
15.43000978
 30
0.0
  0
INSERT
  5
146
330
1F
100
AcDbEntity
  8
0
100
AcDbBlockReference
  2
RES_0402_3601
 10
25.5000252
 20
12.1300113
 30
0.0
  0
INSERT
  5
148
330
1F
100
AcDbEntity
  8
0
100
AcDbBlockReference
  2
UFQFPN20_3602
 10
30.80004
 20
21.86000962
 30
0.0
  0
INSERT
  5
14A
330
1F
100
AcDbEntity
  8
0
100
AcDbBlockReference
  2
RES_0402_3603
 10
25.5000252
 20
9.93001062
 30
0.0
 50
180.0
  0
INSERT
  5
14C
330
1F
100
AcDbEntity
  8
0
100
AcDbBlockReference
  2
RES_0402_3604
 10
25.5000252
 20
8.83001028
 30
0.0
 50
180.0
  0
INSERT
  5
14E
330
1F
100
AcDbEntity
  8
0
100
AcDbBlockReference
  2
SM04B_SRSS_TB_LF__SN__F_________1_3605
 10
3.3370012
 20
12.6800102
 30
0.0
 50
90.0
  0
INSERT
  5
150
330
1F
100
AcDbEntity
  8
0
100
AcDbBlockReference
  2
SM04B_SRSS_TB_LF__SN__F_________1_3606
 10
37.66302602
 20
12.68000766
 30
0.0
 50
270.0
  0
INSERT
  5
152
330
1F
100
AcDbEntity
  8
0
100
AcDbBlockReference
  2
LEDC1608X80N_AK_3607
 10
3.70000022
 20
8.50002364
 30
0.0
 50
180.0
  0
INSERT
  5
154
330
1F
100
AcDbEntity
  8
0
100
AcDbBlockReference
  2
RES_0402_3608
 10
6.000000699999999
 20
8.50002364
 30
0.0
 50
180.0
  0
INSERT
  5
158
330
1F
100
AcDbEntity
  8
0
100
AcDbBlockReference
  2
TP_1_00MM_B_3609
 10
5.500024559999999
 20
16.4900102
 30
0.0
  0
INSERT
  5
15A
330
1F
100
AcDbEntity
  8
0
100
AcDbBlockReference
  2
LEDC1608X80N_AK_3610
 10
30.49999996
 20
18.7300235
 30
0.0
  0
INSERT
  5
15C
330
1F
100
AcDbEntity
  8
0
100
AcDbBlockReference
  2
TS42_3611
 10
30.50002536
 20
12.6800102
 30
0.0
 50
90.0
  0
INSERT
  5
16E
330
1F
100
AcDbEntity
  8
0
100
AcDbBlockReference
  2
PIN_HEADER_2_54___VERT__1_4POS_F_________1_3612
 10
20.50003012
 20
24.1100102
 30
0.0
  0
INSERT
  5
170
330
1F
100
AcDbEntity
  8
0
100
AcDbBlockReference
  2
LEDC1608X80N_AK_3613
 10
20.50002504
 20
18.7300108
 30
0.0
 50
180.0
  0
INSERT
  5
19A
330
1F
100
AcDbEntity
  8
0
100
AcDbBlockReference
  2
PIN_HEADER_2_54___VERT__1_10POS_3614
 10
20.50002504
 20
1.2500102
 30
0.0
  0
INSERT
  5
19C
330
1F
100
AcDbEntity
  8
0
100
AcDbBlockReference
  2
TS42_3615
 10
20.50002504
 20
12.6800102
 30
0.0
 50
90.0
  0
INSERT
  5
19E
330
1F
100
AcDbEntity
  8
0
100
AcDbBlockReference
  2
RES_0402_3616
 10
13.0000248
 20
18.7300108
 30
0.0
 50
180.0
  0
INSERT
  5
1A0
330
1F
100
AcDbEntity
  8
0
100
AcDbBlockReference
  2
LEDC1608X80N_AK_3617
 10
10.50002472
 20
18.7300108
 30
0.0
 50
180.0
  0
INSERT
  5
1A2
330
1F
100
AcDbEntity
  8
0
100
AcDbBlockReference
  2
TS42_3618
 10
10.50002472
 20
12.6800102
 30
0.0
 50
90.0
  0
INSERT
  5
1A4
330
1F
100
AcDbEntity
  8
0
100
AcDbBlockReference
  2
RES_0402_3619
 10
23.00002512
 20
18.7300108
 30
0.0
 50
180.0
  0
INSERT
  5
1A6
330
1F
100
AcDbEntity
  8
0
100
AcDbBlockReference
  2
RES_0402_3620
 10
25.5000252
 20
17.63000284
 30
0.0
  0
ENDSEC
  0
SECTION
  2
OBJECTS
  0
DICTIONARY
  5
C
330
0
100
AcDbDictionary
281
     1
  3
ACAD_DETAILVIEWSTYLE
350
20C
  3
ACAD_GROUP
350
D
  3
ACAD_LAYOUT
350
1A
  3
ACAD_MATERIAL
350
43
  3
ACAD_MLEADERSTYLE
350
5B
  3
ACAD_MLINESTYLE
350
17
  3
ACAD_PLOTSETTINGS
350
19
  3
ACAD_PLOTSTYLENAME
350
E
  3
ACAD_SCALELIST
350
47
  3
ACAD_SECTIONVIEWSTYLE
350
20D
  3
ACAD_TABLESTYLE
350
59
  3
ACAD_VISUALSTYLE
350
2A
  3
ACDB_RECOMPOSE_DATA
350
209
  3
AcDbVariableDictionary
350
205
  0
SUN
  5
5D
330
29
100
AcDbSun
 90
        1
290
     0
 63
     7
421
 16777215
 40
1.0
291
     1
 91
  2455826
 92
 54000000
292
     0
 70
     2
 71
   256
280
     1
  0
DICTIONARY
  5
20C
102
{ACAD_REACTORS
330
C
102
}
330
C
100
AcDbDictionary
281
     1
  0
DICTIONARY
  5
D
102
{ACAD_REACTORS
330
C
102
}
330
C
100
AcDbDictionary
281
     1
  0
DICTIONARY
  5
1A
102
{ACAD_REACTORS
330
C
102
}
330
C
100
AcDbDictionary
281
     1
  3
Layout1
350
1E
  3
Layout2
350
26
  3
Model
350
22
  0
DICTIONARY
  5
43
102
{ACAD_REACTORS
330
C
102
}
330
C
100
AcDbDictionary
281
     1
  3
ByBlock
350
45
  3
ByLayer
350
44
  3
Global
350
46
  0
DICTIONARY
  5
5B
102
{ACAD_REACTORS
330
C
102
}
330
C
100
AcDbDictionary
281
     1
  3
Standard
350
5C
  0
DICTIONARY
  5
17
102
{ACAD_REACTORS
330
C
102
}
330
C
100
AcDbDictionary
281
     1
  3
Standard
350
18
  0
DICTIONARY
  5
19
102
{ACAD_REACTORS
330
C
102
}
330
C
100
AcDbDictionary
281
     1
  0
ACDBDICTIONARYWDFLT
  5
E
102
{ACAD_REACTORS
330
C
102
}
330
C
100
AcDbDictionary
281
     1
  3
Normal
350
F
100
AcDbDictionaryWithDefault
340
F
  0
DICTIONARY
  5
47
102
{ACAD_REACTORS
330
C
102
}
330
C
100
AcDbDictionary
281
     1
  3
A0
350
48
  3
A1
350
49
  3
A2
350
4A
  3
A3
350
4B
  3
A4
350
4C
  3
A5
350
4D
  3
A6
350
4E
  3
A7
350
4F
  3
A8
350
50
  3
A9
350
51
  3
B1
350
52
  3
B2
350
53
  3
B3
350
54
  3
B4
350
55
  3
B5
350
56
  3
B6
350
57
  3
B7
350
58
  0
DICTIONARY
  5
20D
102
{ACAD_REACTORS
330
C
102
}
330
C
100
AcDbDictionary
281
     1
  0
DICTIONARY
  5
59
102
{ACAD_REACTORS
330
C
102
}
330
C
100
AcDbDictionary
281
     1
  3
Standard
350
5A
  0
DICTIONARY
  5
2A
102
{ACAD_REACTORS
330
C
102
}
330
C
100
AcDbDictionary
281
     1
  3
2dWireframe
350
2F
  3
Basic
350
32
  3
Brighten
350
36
  3
ColorChange
350
3A
  3
Conceptual
350
34
  3
Dim
350
35
  3
EdgeColorOff
350
3D
  3
Facepattern
350
39
  3
Flat
350
2B
  3
FlatWithEdges
350
2C
  3
Gouraud
350
2D
  3
GouraudWithEdges
350
2E
  3
Hidden
350
31
  3
JitterOff
350
3B
  3
Linepattern
350
38
  3
OverhangOff
350
3C
  3
Realistic
350
33
  3
Shaded
350
42
  3
Shaded with edges
350
41
  3
Shades of Gray
350
3E
  3
Sketchy
350
3F
  3
Thicken
350
37
  3
Wireframe
350
30
  3
X-Ray
350
40
  0
XRECORD
  5
209
102
{ACAD_REACTORS
330
C
102
}
330
C
100
AcDbXrecord
280
     1
 90
        1
330
5A
  0
DICTIONARY
  5
205
102
{ACAD_REACTORS
330
C
102
}
330
C
100
AcDbDictionary
281
     1
  3
CANNOSCALE
350
206
  3
CMLEADERSTYLE
350
20B
  3
CTABLESTYLE
350
20A
  0
LAYOUT
  5
1E
102
{ACAD_REACTORS
330
1A
102
}
330
1A
100
AcDbPlotSettings
  1

  2
none_device
  4

  6

 40
0.0
 41
0.0
 42
0.0
 43
0.0
 44
0.0
 45
0.0
 46
0.0
 47
0.0
 48
0.0
 49
0.0
140
0.0
141
0.0
142
1.0
143
1.0
 70
   688
 72
     0
 73
     0
 74
     5
  7

 75
    16
 76
     0
 77
     2
 78
   300
147
1.0
148
0.0
149
0.0
100
AcDbLayout
  1
Layout1
 70
     1
 71
     1
 10
0.0
 20
0.0
 11
12.0
 21
9.0
 12
0.0
 22
0.0
 32
0.0
 14
1.000000000000000E+20
 24
1.000000000000000E+20
 34
1.000000000000000E+20
 15
-1.000000000000000E+20
 25
-1.000000000000000E+20
 35
-1.000000000000000E+20
146
0.0
 13
0.0
 23
0.0
 33
0.0
 16
1.0
 26
0.0
 36
0.0
 17
0.0
 27
1.0
 37
0.0
 76
     0
330
1B
  0
LAYOUT
  5
26
102
{ACAD_REACTORS
330
1A
102
}
330
1A
100
AcDbPlotSettings
  1

  2
none_device
  4

  6

 40
0.0
 41
0.0
 42
0.0
 43
0.0
 44
0.0
 45
0.0
 46
0.0
 47
0.0
 48
0.0
 49
0.0
140
0.0
141
0.0
142
1.0
143
1.0
 70
   688
 72
     0
 73
     0
 74
     5
  7

 75
    16
 76
     0
 77
     2
 78
   300
147
1.0
148
0.0
149
0.0
100
AcDbLayout
  1
Layout2
 70
     1
 71
     2
 10
0.0
 20
0.0
 11
0.0
 21
0.0
 12
0.0
 22
0.0
 32
0.0
 14
0.0
 24
0.0
 34
0.0
 15
0.0
 25
0.0
 35
0.0
146
0.0
 13
0.0
 23
0.0
 33
0.0
 16
1.0
 26
0.0
 36
0.0
 17
0.0
 27
1.0
 37
0.0
 76
     0
330
23
  0
LAYOUT
  5
22
102
{ACAD_REACTORS
330
1A
102
}
330
1A
100
AcDbPlotSettings
  1

  2
none_device
  4
Letter_(8.50_x_11.00_Inches)
  6

 40
6.35
 41
6.35
 42
6.35000508
 43
6.35000508
 44
215.9
 45
279.4
 46
0.0
 47
0.0
 48
0.0
 49
0.0
140
0.0
141
0.0
142
1.0
143
1.0
 70
  1712
 72
     0
 73
     0
 74
     0
  7

 75
     0
 76
     0
 77
     2
 78
   300
147
1.0
148
0.0
149
0.0
100
AcDbLayout
  1
Model
 70
     1
 71
     0
 10
-20.58408126
 20
-20.56642318
 11
63.55542788
 21
47.3657676
 12
0.0
 22
0.0
 32
0.0
 14
1.000000000000000E+20
 24
1.000000000000000E+20
 34
1.000000000000000E+20
 15
-1.000000000000000E+20
 25
-1.000000000000000E+20
 35
-1.000000000000000E+20
146
0.0
 13
0.0
 23
0.0
 33
0.0
 16
1.0
 26
0.0
 36
0.0
 17
0.0
 27
1.0
 37
0.0
 76
     0
330
1F
331
29
  0
MATERIAL
  5
45
102
{ACAD_REACTORS
330
43
102
}
330
43
100
AcDbMaterial
  1
ByBlock
 72
     1
 94
      127
  0
MATERIAL
  5
44
102
{ACAD_REACTORS
330
43
102
}
330
43
100
AcDbMaterial
  1
ByLayer
 72
     1
 94
      127
  0
MATERIAL
  5
46
102
{ACAD_REACTORS
330
43
102
}
330
43
100
AcDbMaterial
  1
Global
 72
     1
 94
      127
  0
MLEADERSTYLE
  5
5C
102
{ACAD_REACTORS
330
5B
102
}
330
5B
100
AcDbMLeaderStyle
179
     2
170
     2
171
     1
172
     0
 90
        2
 40
0.0
 41
0.0
173
     1
 91
-1056964608
340
14
 92
       -2
290
     1
 42
0.09
291
     1
 43
0.36
  3
Standard
341
0
 44
0.18
300

342
11
174
     1
178
     6
175
     1
176
     0
 93
-1056964608
 45
0.18
292
     0
297
     0
 46
0.18
343
0
 94
-1056964608
 47
1.0
 49
1.0
140
1.0
293
     1
141
0.0
294
     1
177
     0
142
1.0
295
     0
296
     0
143
0.125
271
     0
272
     9
273
     9
298
     0
  0
MLINESTYLE
  5
18
102
{ACAD_REACTORS
330
17
102
}
330
17
100
AcDbMlineStyle
  2
Standard
 70
     0
  3

 62
   256
 51
90.0
 52
90.0
 71
     2
 49
0.5
 62
   256
  6
BYLAYER
 49
-0.5
 62
   256
  6
BYLAYER
  0
ACDBPLACEHOLDER
  5
F
102
{ACAD_REACTORS
330
E
102
}
330
E
  0
SCALE
  5
48
102
{ACAD_REACTORS
330
47
102
}
330
47
100
AcDbScale
 70
     0
300
1:1
140
1.0
141
1.0
290
     1
  0
SCALE
  5
49
102
{ACAD_REACTORS
330
47
102
}
330
47
100
AcDbScale
 70
     0
300
1/128" = 1'-0"
140
0.0078125
141
12.0
290
     0
  0
SCALE
  5
4A
102
{ACAD_REACTORS
330
47
102
}
330
47
100
AcDbScale
 70
     0
300
1/64" = 1'-0"
140
0.015625
141
12.0
290
     0
  0
SCALE
  5
4B
102
{ACAD_REACTORS
330
47
102
}
330
47
100
AcDbScale
 70
     0
300
1/32" = 1'-0"
140
0.03125
141
12.0
290
     0
  0
SCALE
  5
4C
102
{ACAD_REACTORS
330
47
102
}
330
47
100
AcDbScale
 70
     0
300
1/16" = 1'-0"
140
0.0625
141
12.0
290
     0
  0
SCALE
  5
4D
102
{ACAD_REACTORS
330
47
102
}
330
47
100
AcDbScale
 70
     0
300
3/32" = 1'-0"
140
0.09375
141
12.0
290
     0
  0
SCALE
  5
4E
102
{ACAD_REACTORS
330
47
102
}
330
47
100
AcDbScale
 70
     0
300
1/8" = 1'-0"
140
0.125
141
12.0
290
     0
  0
SCALE
  5
4F
102
{ACAD_REACTORS
330
47
102
}
330
47
100
AcDbScale
 70
     0
300
3/16" = 1'-0"
140
0.1875
141
12.0
290
     0
  0
SCALE
  5
50
102
{ACAD_REACTORS
330
47
102
}
330
47
100
AcDbScale
 70
     0
300
1/4" = 1'-0"
140
0.25
141
12.0
290
     0
  0
SCALE
  5
51
102
{ACAD_REACTORS
330
47
102
}
330
47
100
AcDbScale
 70
     0
300
3/8" = 1'-0"
140
0.375
141
12.0
290
     0
  0
SCALE
  5
52
102
{ACAD_REACTORS
330
47
102
}
330
47
100
AcDbScale
 70
     0
300
1/2" = 1'-0"
140
0.5
141
12.0
290
     0
  0
SCALE
  5
53
102
{ACAD_REACTORS
330
47
102
}
330
47
100
AcDbScale
 70
     0
300
3/4" = 1'-0"
140
0.75
141
12.0
290
     0
  0
SCALE
  5
54
102
{ACAD_REACTORS
330
47
102
}
330
47
100
AcDbScale
 70
     0
300
1" = 1'-0"
140
1.0
141
12.0
290
     0
  0
SCALE
  5
55
102
{ACAD_REACTORS
330
47
102
}
330
47
100
AcDbScale
 70
     0
300
1-1/2" = 1'-0"
140
1.5
141
12.0
290
     0
  0
SCALE
  5
56
102
{ACAD_REACTORS
330
47
102
}
330
47
100
AcDbScale
 70
     0
300
3" = 1'-0"
140
3.0
141
12.0
290
     0
  0
SCALE
  5
57
102
{ACAD_REACTORS
330
47
102
}
330
47
100
AcDbScale
 70
     0
300
6" = 1'-0"
140
6.0
141
12.0
290
     0
  0
SCALE
  5
58
102
{ACAD_REACTORS
330
47
102
}
330
47
100
AcDbScale
 70
     0
300
1'-0" = 1'-0"
140
12.0
141
12.0
290
     0
  0
TABLESTYLE
  5
5A
102
{ACAD_REACTORS
330
59
102
}
102
{ACAD_XDICTIONARY
360
207
102
}
330
59
100
AcDbTableStyle
  3
Standard
 70
     0
 71
     0
 40
0.06
 41
0.06
280
     0
281
     0
  7
Standard
140
0.18
170
     2
 62
     0
 63
   257
283
     0
 90
        4
 91
        0
  1

274
    -2
284
     1
 64
     0
275
    -2
285
     1
 65
     0
276
    -2
286
     1
 66
     0
277
    -2
287
     1
 67
     0
278
    -2
288
     1
 68
     0
279
    -2
289
     1
 69
     0
  7
Standard
140
0.25
170
     5
 62
     0
 63
   257
283
     0
 90
        4
 91
        0
  1

274
    -2
284
     1
 64
     0
275
    -2
285
     1
 65
     0
276
    -2
286
     1
 66
     0
277
    -2
287
     1
 67
     0
278
    -2
288
     1
 68
     0
279
    -2
289
     1
 69
     0
  7
Standard
140
0.18
170
     5
 62
     0
 63
   257
283
     0
 90
        4
 91
        0
  1

274
    -2
284
     1
 64
     0
275
    -2
285
     1
 65
     0
276
    -2
286
     1
 66
     0
277
    -2
287
     1
 67
     0
278
    -2
288
     1
 68
     0
279
    -2
289
     1
 69
     0
  0
VISUALSTYLE
  5
2F
102
{ACAD_REACTORS
330
2A
102
}
330
2A
100
AcDbVisualStyle
  2
2dWireframe
 70
     4
177
     3
291
     0
 70
    58
 90
        0
176
     1
 90
        2
176
     1
 90
        0
176
     1
 90
        0
176
     1
 40
0.6
176
     1
 40
30.0
176
     1
 62
     7
420
 16777215
176
     1
 90
        1
176
     1
 90
        4
176
     1
 62
     7
176
     1
 62
   257
176
     1
 90
        1
176
     1
 90
        1
176
     1
 40
1.0
176
     1
 90
        0
176
     1
 62
   257
176
     1
 40
1.0
176
     1
 90
        1
176
     1
 90
        6
176
     1
 90
        2
176
     1
 62
     7
176
     1
 90
        5
176
     1
 90
        0
176
     1
 90
        0
176
     1
290
     0
176
     1
 90
        1
176
     1
 40
0.0
176
     1
 90
        0
176
     1
290
     1
176
     1
290
     1
176
     1
290
     0
176
     1
290
     0
176
     1
290
     0
176
     1
290
     0
176
     1
290
     0
176
     1
290
     0
176
     1
290
     0
176
     1
 90
       50
176
     1
 40
0.0
176
     1
 40
1.0
176
     1
 90
        0
176
     1
 62
    18
420
        0
176
     1
 90
       50
176
     1
 90
        3
176
     1
 62
     5
420
      255
176
     1
290
     0
176
     1
 90
       50
176
     1
 90
       50
176
     1
 90
       50
176
     1
290
     0
176
     1
 90
       50
176
     1
 62
   256
176
     0
 40
1.0
176
     0
 90
        2
176
     1
  1
strokes_ogs.tif
176
     1
290
     0
176
     1
 40
1.0
176
     1
 40
1.0
176
     1
  0
VISUALSTYLE
  5
32
102
{ACAD_REACTORS
330
2A
102
}
330
2A
100
AcDbVisualStyle
  2
Basic
 70
     7
177
     3
291
     1
 70
    58
 90
        1
176
     1
 90
        0
176
     1
 90
        1
176
     1
 90
        0
176
     1
 40
0.6
176
     1
 40
30.0
176
     1
 62
     7
420
 16777215
176
     1
 90
        0
176
     1
 90
        4
176
     1
 62
     7
176
     1
 62
   257
176
     1
 90
        1
176
     1
 90
        1
176
     1
 40
1.0
176
     1
 90
        8
176
     1
 62
     7
176
     1
 40
1.0
176
     1
 90
        1
176
     1
 90
        6
176
     1
 90
        2
176
     1
 62
     7
176
     1
 90
        5
176
     1
 90
        0
176
     1
 90
        0
176
     1
290
     0
176
     1
 90
        1
176
     1
 40
0.0
176
     1
 90
        0
176
     1
290
     0
176
     1
290
     1
176
     1
290
     1
176
     1
290
     0
176
     1
290
     0
176
     1
290
     0
176
     1
290
     0
176
     1
290
     0
176
     1
290
     0
176
     1
 90
       50
176
     1
 40
0.0
176
     1
 40
1.0
176
     1
 90
        0
176
     1
 62
    18
420
        0
176
     1
 90
       50
176
     1
 90
        3
176
     1
 62
     5
420
      255
176
     1
290
     0
176
     1
 90
       50
176
     1
 90
       50
176
     1
 90
       50
176
     1
290
     0
176
     1
 90
       50
176
     1
 62
   256
176
     0
 40
1.0
176
     0
 90
        2
176
     1
  1
strokes_ogs.tif
176
     1
290
     0
176
     1
 40
1.0
176
     1
 40
1.0
176
     1
  0
VISUALSTYLE
  5
36
102
{ACAD_REACTORS
330
2A
102
}
330
2A
100
AcDbVisualStyle
  2
Brighten
 70
    12
177
     3
291
     1
 70
    58
 90
        2
176
     1
 90
        2
176
     1
 90
        0
176
     1
 90
        0
176
     1
 40
0.6
176
     1
 40
30.0
176
     1
 62
     7
420
 16777215
176
     1
 90
        1
176
     1
 90
        4
176
     1
 62
     7
176
     1
 62
   257
176
     1
 90
        1
176
     1
 90
        1
176
     1
 40
1.0
176
     1
 90
        8
176
     1
 62
     7
176
     1
 40
1.0
176
     1
 90
        1
176
     1
 90
        6
176
     1
 90
        2
176
     1
 62
     7
176
     1
 90
        5
176
     1
 90
        0
176
     1
 90
        0
176
     1
290
     0
176
     1
 90
        1
176
     1
 40
50.0
176
     1
 90
        0
176
     1
290
     0
176
     1
290
     1
176
     1
290
     1
176
     1
290
     0
176
     1
290
     0
176
     1
290
     0
176
     1
290
     0
176
     1
290
     0
176
     1
290
     0
176
     1
 90
       50
176
     1
 40
0.0
176
     1
 40
1.0
176
     1
 90
        0
176
     1
 62
    18
420
        0
176
     1
 90
       50
176
     1
 90
        3
176
     1
 62
     5
420
      255
176
     1
290
     0
176
     1
 90
       50
176
     1
 90
       50
176
     1
 90
       50
176
     1
290
     0
176
     1
 90
       50
176
     1
 62
   256
176
     0
 40
1.0
176
     0
 90
        2
176
     1
  1
strokes_ogs.tif
176
     1
290
     0
176
     1
 40
1.0
176
     1
 40
1.0
176
     1
  0
VISUALSTYLE
  5
3A
102
{ACAD_REACTORS
330
2A
102
}
330
2A
100
AcDbVisualStyle
  2
ColorChange
 70
    16
177
     3
291
     1
 70
    58
 90
        2
176
     1
 90
        2
176
     1
 90
        3
176
     1
 90
        0
176
     1
 40
0.6
176
     1
 40
30.0
176
     1
 62
     8
420
  8421504
176
     1
 90
        1
176
     1
 90
        4
176
     1
 62
     7
176
     1
 62
   257
176
     1
 90
        1
176
     1
 90
        1
176
     1
 40
1.0
176
     1
 90
        8
176
     1
 62
     8
420
  8421504
176
     1
 40
1.0
176
     1
 90
        1
176
     1
 90
        6
176
     1
 90
        2
176
     1
 62
     7
176
     1
 90
        5
176
     1
 90
        0
176
     1
 90
        0
176
     1
290
     0
176
     1
 90
        1
176
     1
 40
0.0
176
     1
 90
        0
176
     1
290
     0
176
     1
290
     1
176
     1
290
     1
176
     1
290
     0
176
     1
290
     0
176
     1
290
     0
176
     1
290
     0
176
     1
290
     0
176
     1
290
     0
176
     1
 90
       50
176
     1
 40
0.0
176
     1
 40
1.0
176
     1
 90
        0
176
     1
 62
    18
420
        0
176
     1
 90
       50
176
     1
 90
        3
176
     1
 62
     5
420
      255
176
     1
290
     0
176
     1
 90
       50
176
     1
 90
       50
176
     1
 90
       50
176
     1
290
     0
176
     1
 90
       50
176
     1
 62
   256
176
     0
 40
1.0
176
     0
 90
        2
176
     1
  1
strokes_ogs.tif
176
     1
290
     0
176
     1
 40
1.0
176
     1
 40
1.0
176
     1
  0
VISUALSTYLE
  5
34
102
{ACAD_REACTORS
330
2A
102
}
330
2A
100
AcDbVisualStyle
  2
Conceptual
 70
     9
177
     3
291
     0
 70
    58
 90
        3
176
     1
 90
        2
176
     1
 90
        0
176
     1
 90
        0
176
     1
 40
0.6
176
     1
 40
30.0
176
     1
 62
     7
420
 16777215
176
     1
 90
        2
176
     1
 90
        2
176
     1
 62
     7
176
     1
 62
   257
176
     1
 90
        1
176
     1
 90
        1
176
     1
 40
179.0
176
     1
 90
        8
176
     1
 62
     7
176
     1
 40
1.0
176
     1
 90
        1
176
     1
 90
        6
176
     1
 90
        2
176
     1
 62
     7
176
     1
 90
        3
176
     1
 90
        0
176
     1
 90
        0
176
     1
290
     0
176
     1
 90
        1
176
     1
 40
0.0
176
     1
 90
        0
176
     1
290
     0
176
     1
290
     1
176
     1
290
     1
176
     1
290
     0
176
     1
290
     0
176
     1
290
     0
176
     1
290
     0
176
     1
290
     0
176
     1
290
     0
176
     1
 90
       50
176
     1
 40
0.0
176
     1
 40
1.0
176
     1
 90
        0
176
     1
 62
    18
420
        0
176
     1
 90
       50
176
     1
 90
        3
176
     1
 62
     5
420
      255
176
     1
290
     0
176
     1
 90
       50
176
     1
 90
       50
176
     1
 90
       50
176
     1
290
     0
176
     1
 90
       50
176
     1
 62
   256
176
     0
 40
1.0
176
     0
 90
        2
176
     1
  1
strokes_ogs.tif
176
     1
290
     0
176
     1
 40
1.0
176
     1
 40
1.0
176
     1
  0
VISUALSTYLE
  5
35
102
{ACAD_REACTORS
330
2A
102
}
330
2A
100
AcDbVisualStyle
  2
Dim
 70
    11
177
     3
291
     1
 70
    58
 90
        2
176
     1
 90
        2
176
     1
 90
        0
176
     1
 90
        0
176
     1
 40
0.6
176
     1
 40
30.0
176
     1
 62
     7
420
 16777215
176
     1
 90
        1
176
     1
 90
        4
176
     1
 62
     7
176
     1
 62
   257
176
     1
 90
        1
176
     1
 90
        1
176
     1
 40
1.0
176
     1
 90
        8
176
     1
 62
     7
176
     1
 40
1.0
176
     1
 90
        1
176
     1
 90
        6
176
     1
 90
        2
176
     1
 62
     7
176
     1
 90
        5
176
     1
 90
        0
176
     1
 90
        0
176
     1
290
     0
176
     1
 90
        1
176
     1
 40
-50.0
176
     1
 90
        0
176
     1
290
     0
176
     1
290
     1
176
     1
290
     1
176
     1
290
     0
176
     1
290
     0
176
     1
290
     0
176
     1
290
     0
176
     1
290
     0
176
     1
290
     0
176
     1
 90
       50
176
     1
 40
0.0
176
     1
 40
1.0
176
     1
 90
        0
176
     1
 62
    18
420
        0
176
     1
 90
       50
176
     1
 90
        3
176
     1
 62
     5
420
      255
176
     1
290
     0
176
     1
 90
       50
176
     1
 90
       50
176
     1
 90
       50
176
     1
290
     0
176
     1
 90
       50
176
     1
 62
   256
176
     0
 40
1.0
176
     0
 90
        2
176
     1
  1
strokes_ogs.tif
176
     1
290
     0
176
     1
 40
1.0
176
     1
 40
1.0
176
     1
  0
VISUALSTYLE
  5
3D
102
{ACAD_REACTORS
330
2A
102
}
330
2A
100
AcDbVisualStyle
  2
EdgeColorOff
 70
    22
177
     3
291
     1
 70
    58
 90
        2
176
     0
 90
        2
176
     0
 90
        0
176
     0
 90
        0
176
     0
 40
0.6
176
     0
 40
30.0
176
     0
 62
     7
420
 16777215
176
     0
 90
        1
176
     0
 90
        4
176
     0
 62
     7
176
     0
 62
   257
176
     0
 90
        1
176
     0
 90
        1
176
     0
 40
1.0
176
     0
 90
        8
176
     2
 62
     7
176
     0
 40
1.0
176
     0
 90
        1
176
     0
 90
        6
176
     0
 90
        2
176
     0
 62
     7
176
     0
 90
        5
176
     0
 90
        0
176
     0
 90
        0
176
     0
290
     0
176
     0
 90
        1
176
     0
 40
0.0
176
     0
 90
        0
176
     0
290
     0
176
     0
290
     1
176
     0
290
     1
176
     0
290
     0
176
     0
290
     0
176
     0
290
     0
176
     0
290
     0
176
     0
290
     0
176
     0
290
     0
176
     0
 90
       50
176
     0
 40
0.0
176
     0
 40
1.0
176
     0
 90
        0
176
     0
 62
    18
420
        0
176
     0
 90
       50
176
     0
 90
        3
176
     0
 62
     5
420
      255
176
     0
290
     0
176
     0
 90
       50
176
     0
 90
       50
176
     0
 90
       50
176
     0
290
     0
176
     0
 90
       50
176
     0
 62
   256
176
     0
 40
1.0
176
     0
 90
        2
176
     0
  1
strokes_ogs.tif
176
     0
290
     0
176
     0
 40
1.0
176
     0
 40
1.0
176
     0
  0
VISUALSTYLE
  5
39
102
{ACAD_REACTORS
330
2A
102
}
330
2A
100
AcDbVisualStyle
  2
Facepattern
 70
    15
177
     3
291
     1
 70
    58
 90
        2
176
     1
 90
        2
176
     1
 90
        0
176
     1
 90
        0
176
     1
 40
0.6
176
     1
 40
30.0
176
     1
 62
     7
420
 16777215
176
     1
 90
        1
176
     1
 90
        4
176
     1
 62
     7
176
     1
 62
   257
176
     1
 90
        1
176
     1
 90
        1
176
     1
 40
1.0
176
     1
 90
        8
176
     1
 62
     7
176
     1
 40
1.0
176
     1
 90
        1
176
     1
 90
        6
176
     1
 90
        2
176
     1
 62
     7
176
     1
 90
        5
176
     1
 90
        0
176
     1
 90
        0
176
     1
290
     0
176
     1
 90
        1
176
     1
 40
0.0
176
     1
 90
        0
176
     1
290
     0
176
     1
290
     1
176
     1
290
     1
176
     1
290
     0
176
     1
290
     0
176
     1
290
     0
176
     1
290
     0
176
     1
290
     0
176
     1
290
     0
176
     1
 90
       50
176
     1
 40
0.0
176
     1
 40
1.0
176
     1
 90
        0
176
     1
 62
    18
420
        0
176
     1
 90
       50
176
     1
 90
        3
176
     1
 62
     5
420
      255
176
     1
290
     0
176
     1
 90
       50
176
     1
 90
       50
176
     1
 90
       50
176
     1
290
     0
176
     1
 90
       50
176
     1
 62
   256
176
     0
 40
1.0
176
     0
 90
        2
176
     1
  1
strokes_ogs.tif
176
     1
290
     0
176
     1
 40
1.0
176
     1
 40
1.0
176
     1
  0
VISUALSTYLE
  5
2B
102
{ACAD_REACTORS
330
2A
102
}
330
2A
100
AcDbVisualStyle
  2
Flat
 70
     0
177
     3
291
     1
 70
    58
 90
        2
176
     1
 90
        1
176
     1
 90
        1
176
     1
 90
        2
176
     1
 40
0.6
176
     1
 40
30.0
176
     1
 62
     7
420
 16777215
176
     1
 90
        0
176
     1
 90
        0
176
     1
 62
     7
176
     1
 62
   257
176
     1
 90
        1
176
     1
 90
        1
176
     1
 40
1.0
176
     1
 90
        8
176
     1
 62
     7
176
     1
 40
1.0
176
     1
 90
        1
176
     1
 90
        6
176
     1
 90
        2
176
     1
 62
     7
176
     1
 90
        5
176
     1
 90
        0
176
     1
 90
        0
176
     1
290
     0
176
     1
 90
       13
176
     1
 40
0.0
176
     1
 90
        0
176
     1
290
     0
176
     1
290
     1
176
     1
290
     1
176
     1
290
     0
176
     1
290
     0
176
     1
290
     0
176
     1
290
     0
176
     1
290
     0
176
     1
290
     0
176
     1
 90
       50
176
     1
 40
0.0
176
     1
 40
1.0
176
     1
 90
        0
176
     1
 62
    18
420
        0
176
     1
 90
       50
176
     1
 90
        3
176
     1
 62
     5
420
      255
176
     1
290
     0
176
     1
 90
       50
176
     1
 90
       50
176
     1
 90
       50
176
     1
290
     0
176
     1
 90
       50
176
     1
 62
   256
176
     0
 40
1.0
176
     0
 90
        2
176
     1
  1
strokes_ogs.tif
176
     1
290
     0
176
     1
 40
1.0
176
     1
 40
1.0
176
     1
  0
VISUALSTYLE
  5
2C
102
{ACAD_REACTORS
330
2A
102
}
330
2A
100
AcDbVisualStyle
  2
FlatWithEdges
 70
     1
177
     3
291
     1
 70
    58
 90
        2
176
     1
 90
        1
176
     1
 90
        1
176
     1
 90
        2
176
     1
 40
0.6
176
     1
 40
30.0
176
     1
 62
     7
420
 16777215
176
     1
 90
        1
176
     1
 90
        0
176
     1
 62
     7
176
     1
 62
   257
176
     1
 90
        1
176
     1
 90
        1
176
     1
 40
1.0
176
     1
 90
        0
176
     1
 62
   257
176
     1
 40
1.0
176
     1
 90
        1
176
     1
 90
        6
176
     1
 90
        2
176
     1
 62
     7
176
     1
 90
        5
176
     1
 90
        0
176
     1
 90
        0
176
     1
290
     0
176
     1
 90
       13
176
     1
 40
0.0
176
     1
 90
        0
176
     1
290
     0
176
     1
290
     1
176
     1
290
     1
176
     1
290
     0
176
     1
290
     0
176
     1
290
     0
176
     1
290
     0
176
     1
290
     0
176
     1
290
     0
176
     1
 90
       50
176
     1
 40
0.0
176
     1
 40
1.0
176
     1
 90
        0
176
     1
 62
    18
420
        0
176
     1
 90
       50
176
     1
 90
        3
176
     1
 62
     5
420
      255
176
     1
290
     0
176
     1
 90
       50
176
     1
 90
       50
176
     1
 90
       50
176
     1
290
     0
176
     1
 90
       50
176
     1
 62
   256
176
     0
 40
1.0
176
     0
 90
        2
176
     1
  1
strokes_ogs.tif
176
     1
290
     0
176
     1
 40
1.0
176
     1
 40
1.0
176
     1
  0
VISUALSTYLE
  5
2D
102
{ACAD_REACTORS
330
2A
102
}
330
2A
100
AcDbVisualStyle
  2
Gouraud
 70
     2
177
     3
291
     1
 70
    58
 90
        2
176
     1
 90
        2
176
     1
 90
        1
176
     1
 90
        2
176
     1
 40
0.6
176
     1
 40
30.0
176
     1
 62
     7
420
 16777215
176
     1
 90
        0
176
     1
 90
        0
176
     1
 62
     7
176
     1
 62
   257
176
     1
 90
        1
176
     1
 90
        1
176
     1
 40
1.0
176
     1
 90
        0
176
     1
 62
     7
176
     1
 40
1.0
176
     1
 90
        1
176
     1
 90
        6
176
     1
 90
        2
176
     1
 62
     7
176
     1
 90
        5
176
     1
 90
        0
176
     1
 90
        0
176
     1
290
     0
176
     1
 90
       13
176
     1
 40
0.0
176
     1
 90
        0
176
     1
290
     0
176
     1
290
     1
176
     1
290
     1
176
     1
290
     0
176
     1
290
     0
176
     1
290
     0
176
     1
290
     0
176
     1
290
     0
176
     1
290
     0
176
     1
 90
       50
176
     1
 40
0.0
176
     1
 40
1.0
176
     1
 90
        0
176
     1
 62
    18
420
        0
176
     1
 90
       50
176
     1
 90
        3
176
     1
 62
     5
420
      255
176
     1
290
     0
176
     1
 90
       50
176
     1
 90
       50
176
     1
 90
       50
176
     1
290
     0
176
     1
 90
       50
176
     1
 62
   256
176
     0
 40
1.0
176
     0
 90
        2
176
     1
  1
strokes_ogs.tif
176
     1
290
     0
176
     1
 40
1.0
176
     1
 40
1.0
176
     1
  0
VISUALSTYLE
  5
2E
102
{ACAD_REACTORS
330
2A
102
}
330
2A
100
AcDbVisualStyle
  2
GouraudWithEdges
 70
     3
177
     3
291
     1
 70
    58
 90
        2
176
     1
 90
        2
176
     1
 90
        1
176
     1
 90
        2
176
     1
 40
0.6
176
     1
 40
30.0
176
     1
 62
     7
420
 16777215
176
     1
 90
        1
176
     1
 90
        0
176
     1
 62
     7
176
     1
 62
   257
176
     1
 90
        1
176
     1
 90
        1
176
     1
 40
1.0
176
     1
 90
        0
176
     1
 62
   257
176
     1
 40
1.0
176
     1
 90
        1
176
     1
 90
        6
176
     1
 90
        2
176
     1
 62
     7
176
     1
 90
        5
176
     1
 90
        0
176
     1
 90
        0
176
     1
290
     0
176
     1
 90
       13
176
     1
 40
0.0
176
     1
 90
        0
176
     1
290
     0
176
     1
290
     1
176
     1
290
     1
176
     1
290
     0
176
     1
290
     0
176
     1
290
     0
176
     1
290
     0
176
     1
290
     0
176
     1
290
     0
176
     1
 90
       50
176
     1
 40
0.0
176
     1
 40
1.0
176
     1
 90
        0
176
     1
 62
    18
420
        0
176
     1
 90
       50
176
     1
 90
        3
176
     1
 62
     5
420
      255
176
     1
290
     0
176
     1
 90
       50
176
     1
 90
       50
176
     1
 90
       50
176
     1
290
     0
176
     1
 90
       50
176
     1
 62
   256
176
     0
 40
1.0
176
     0
 90
        2
176
     1
  1
strokes_ogs.tif
176
     1
290
     0
176
     1
 40
1.0
176
     1
 40
1.0
176
     1
  0
VISUALSTYLE
  5
31
102
{ACAD_REACTORS
330
2A
102
}
330
2A
100
AcDbVisualStyle
  2
Hidden
 70
     6
177
     3
291
     0
 70
    58
 90
        1
176
     1
 90
        2
176
     1
 90
        2
176
     1
 90
        0
176
     1
 40
0.6
176
     1
 40
30.0
176
     1
 62
     7
420
 16777215
176
     1
 90
        2
176
     1
 90
        2
176
     1
 62
     7
176
     1
 62
   257
176
     1
 90
        2
176
     1
 90
        1
176
     1
 40
40.0
176
     1
 90
        0
176
     1
 62
   257
176
     1
 40
1.0
176
     1
 90
        1
176
     1
 90
        6
176
     1
 90
        2
176
     1
 62
     7
176
     1
 90
        3
176
     1
 90
        0
176
     1
 90
        0
176
     1
290
     0
176
     1
 90
        1
176
     1
 40
0.0
176
     1
 90
        0
176
     1
290
     0
176
     1
290
     1
176
     1
290
     1
176
     1
290
     0
176
     1
290
     0
176
     1
290
     0
176
     1
290
     0
176
     1
290
     0
176
     1
290
     0
176
     1
 90
       50
176
     1
 40
0.0
176
     1
 40
1.0
176
     1
 90
        0
176
     1
 62
    18
420
        0
176
     1
 90
       50
176
     1
 90
        3
176
     1
 62
     5
420
      255
176
     1
290
     0
176
     1
 90
       50
176
     1
 90
       50
176
     1
 90
       50
176
     1
290
     0
176
     1
 90
       50
176
     1
 62
   256
176
     0
 40
1.0
176
     0
 90
        2
176
     1
  1
strokes_ogs.tif
176
     1
290
     0
176
     1
 40
1.0
176
     1
 40
1.0
176
     1
  0
VISUALSTYLE
  5
3B
102
{ACAD_REACTORS
330
2A
102
}
330
2A
100
AcDbVisualStyle
  2
JitterOff
 70
    20
177
     3
291
     1
 70
    58
 90
        2
176
     0
 90
        2
176
     0
 90
        0
176
     0
 90
        0
176
     0
 40
0.6
176
     0
 40
30.0
176
     0
 62
     7
420
 16777215
176
     0
 90
        1
176
     0
 90
        4
176
     0
 62
     7
176
     0
 62
   257
176
     0
 90
        1
176
     0
 90
        1
176
     0
 40
1.0
176
     0
 90
       10
176
     2
 62
     7
176
     0
 40
1.0
176
     0
 90
        1
176
     0
 90
        6
176
     0
 90
        2
176
     0
 62
     7
176
     0
 90
        5
176
     0
 90
        0
176
     0
 90
        0
176
     0
290
     0
176
     0
 90
        1
176
     0
 40
0.0
176
     0
 90
        0
176
     0
290
     0
176
     0
290
     1
176
     0
290
     1
176
     0
290
     0
176
     0
290
     0
176
     0
290
     0
176
     0
290
     0
176
     0
290
     0
176
     0
290
     0
176
     0
 90
       50
176
     0
 40
0.0
176
     0
 40
1.0
176
     0
 90
        0
176
     0
 62
    18
420
        0
176
     0
 90
       50
176
     0
 90
        3
176
     0
 62
     5
420
      255
176
     0
290
     0
176
     0
 90
       50
176
     0
 90
       50
176
     0
 90
       50
176
     0
290
     0
176
     0
 90
       50
176
     0
 62
   256
176
     0
 40
1.0
176
     0
 90
        2
176
     0
  1
strokes_ogs.tif
176
     0
290
     0
176
     0
 40
1.0
176
     0
 40
1.0
176
     0
  0
VISUALSTYLE
  5
38
102
{ACAD_REACTORS
330
2A
102
}
330
2A
100
AcDbVisualStyle
  2
Linepattern
 70
    14
177
     3
291
     1
 70
    58
 90
        2
176
     1
 90
        2
176
     1
 90
        0
176
     1
 90
        0
176
     1
 40
0.6
176
     1
 40
30.0
176
     1
 62
     7
420
 16777215
176
     1
 90
        1
176
     1
 90
        4
176
     1
 62
     7
176
     1
 62
   257
176
     1
 90
        7
176
     1
 90
        7
176
     1
 40
1.0
176
     1
 90
        8
176
     1
 62
     7
176
     1
 40
1.0
176
     1
 90
        1
176
     1
 90
        6
176
     1
 90
        2
176
     1
 62
     7
176
     1
 90
        5
176
     1
 90
        0
176
     1
 90
        0
176
     1
290
     0
176
     1
 90
        1
176
     1
 40
0.0
176
     1
 90
        0
176
     1
290
     0
176
     1
290
     1
176
     1
290
     1
176
     1
290
     0
176
     1
290
     0
176
     1
290
     0
176
     1
290
     0
176
     1
290
     0
176
     1
290
     0
176
     1
 90
       50
176
     1
 40
0.0
176
     1
 40
1.0
176
     1
 90
        0
176
     1
 62
    18
420
        0
176
     1
 90
       50
176
     1
 90
        3
176
     1
 62
     5
420
      255
176
     1
290
     0
176
     1
 90
       50
176
     1
 90
       50
176
     1
 90
       50
176
     1
290
     0
176
     1
 90
       50
176
     1
 62
   256
176
     0
 40
1.0
176
     0
 90
        2
176
     1
  1
strokes_ogs.tif
176
     1
290
     0
176
     1
 40
1.0
176
     1
 40
1.0
176
     1
  0
VISUALSTYLE
  5
3C
102
{ACAD_REACTORS
330
2A
102
}
330
2A
100
AcDbVisualStyle
  2
OverhangOff
 70
    21
177
     3
291
     1
 70
    58
 90
        2
176
     0
 90
        2
176
     0
 90
        0
176
     0
 90
        0
176
     0
 40
0.6
176
     0
 40
30.0
176
     0
 62
     7
420
 16777215
176
     0
 90
        1
176
     0
 90
        4
176
     0
 62
     7
176
     0
 62
   257
176
     0
 90
        1
176
     0
 90
        1
176
     0
 40
1.0
176
     0
 90
        9
176
     2
 62
     7
176
     0
 40
1.0
176
     0
 90
        1
176
     0
 90
        6
176
     0
 90
        2
176
     0
 62
     7
176
     0
 90
        5
176
     0
 90
        0
176
     0
 90
        0
176
     0
290
     0
176
     0
 90
        1
176
     0
 40
0.0
176
     0
 90
        0
176
     0
290
     0
176
     0
290
     1
176
     0
290
     1
176
     0
290
     0
176
     0
290
     0
176
     0
290
     0
176
     0
290
     0
176
     0
290
     0
176
     0
290
     0
176
     0
 90
       50
176
     0
 40
0.0
176
     0
 40
1.0
176
     0
 90
        0
176
     0
 62
    18
420
        0
176
     0
 90
       50
176
     0
 90
        3
176
     0
 62
     5
420
      255
176
     0
290
     0
176
     0
 90
       50
176
     0
 90
       50
176
     0
 90
       50
176
     0
290
     0
176
     0
 90
       50
176
     0
 62
   256
176
     0
 40
1.0
176
     0
 90
        2
176
     0
  1
strokes_ogs.tif
176
     0
290
     0
176
     0
 40
1.0
176
     0
 40
1.0
176
     0
  0
VISUALSTYLE
  5
33
102
{ACAD_REACTORS
330
2A
102
}
330
2A
100
AcDbVisualStyle
  2
Realistic
 70
     8
177
     3
291
     0
 70
    58
 90
        2
176
     1
 90
        3
176
     1
 90
        0
176
     1
 90
        2
176
     1
 40
0.6
176
     1
 40
30.0
176
     1
 62
     7
420
 16777215
176
     1
 90
        0
176
     1
 90
        0
176
     1
 62
     7
176
     1
 62
   257
176
     1
 90
        1
176
     1
 90
        1
176
     1
 40
1.0
176
     1
 90
        8
176
     1
 62
   257
176
     1
 40
1.0
176
     1
 90
        1
176
     1
 90
        6
176
     1
 90
        2
176
     1
 62
     7
176
     1
 90
        3
176
     1
 90
        0
176
     1
 90
        0
176
     1
290
     0
176
     1
 90
       13
176
     1
 40
0.0
176
     1
 90
        0
176
     1
290
     0
176
     1
290
     1
176
     1
290
     1
176
     1
290
     0
176
     1
290
     0
176
     1
290
     0
176
     1
290
     0
176
     1
290
     0
176
     1
290
     0
176
     1
 90
       50
176
     1
 40
0.0
176
     1
 40
1.0
176
     1
 90
        0
176
     1
 62
    18
420
        0
176
     1
 90
       50
176
     1
 90
        3
176
     1
 62
     5
420
      255
176
     1
290
     0
176
     1
 90
       50
176
     1
 90
       50
176
     1
 90
       50
176
     1
290
     0
176
     1
 90
       50
176
     1
 62
   256
176
     0
 40
1.0
176
     0
 90
        2
176
     1
  1
strokes_ogs.tif
176
     1
290
     0
176
     1
 40
1.0
176
     1
 40
1.0
176
     1
  0
VISUALSTYLE
  5
42
102
{ACAD_REACTORS
330
2A
102
}
330
2A
100
AcDbVisualStyle
  2
Shaded
 70
    27
177
     3
291
     0
 70
    58
 90
        2
176
     1
 90
        2
176
     1
 90
        1
176
     1
 90
        2
176
     1
 40
0.6
176
     1
 40
30.0
176
     1
 62
     7
420
 16777215
176
     1
 90
        0
176
     1
 90
        4
176
     1
 62
     7
176
     1
 62
   257
176
     1
 90
        1
176
     1
 90
        1
176
     1
 40
1.0
176
     1
 90
        8
176
     1
 62
   257
176
     1
 40
1.0
176
     1
 90
        1
176
     1
 90
        6
176
     1
 90
        2
176
     1
 62
     8
420
  7895160
176
     1
 90
        3
176
     1
 90
        0
176
     1
 90
        0
176
     1
290
     0
176
     1
 90
        5
176
     1
 40
0.0
176
     1
 90
        0
176
     1
290
     0
176
     1
290
     1
176
     1
290
     1
176
     1
290
     0
176
     1
290
     0
176
     1
290
     0
176
     1
290
     0
176
     1
290
     0
176
     1
290
     0
176
     1
 90
       50
176
     1
 40
0.0
176
     1
 40
1.0
176
     1
 90
        0
176
     1
 62
    18
420
        0
176
     1
 90
       50
176
     1
 90
        3
176
     1
 62
     5
420
      255
176
     1
290
     0
176
     1
 90
       50
176
     1
 90
       50
176
     1
 90
       50
176
     1
290
     0
176
     1
 90
       50
176
     1
 62
   256
176
     0
 40
1.0
176
     0
 90
        2
176
     1
  1
strokes_ogs.tif
176
     1
290
     0
176
     1
 40
1.0
176
     1
 40
1.0
176
     1
  0
VISUALSTYLE
  5
41
102
{ACAD_REACTORS
330
2A
102
}
330
2A
100
AcDbVisualStyle
  2
Shaded with edges
 70
    26
177
     3
291
     0
 70
    58
 90
        2
176
     1
 90
        2
176
     1
 90
        1
176
     1
 90
        2
176
     1
 40
0.6
176
     1
 40
30.0
176
     1
 62
     7
420
 16777215
176
     1
 90
        1
176
     1
 90
       10
176
     1
 62
     7
176
     1
 62
   257
176
     1
 90
        2
176
     1
 90
        1
176
     1
 40
1.0
176
     1
 90
        8
176
     1
 62
   257
176
     1
 40
1.0
176
     1
 90
        1
176
     1
 90
        6
176
     1
 90
        2
176
     1
 62
     7
176
     1
 90
        3
176
     1
 90
        0
176
     1
 90
        0
176
     1
290
     0
176
     1
 90
        5
176
     1
 40
0.0
176
     1
 90
        0
176
     1
290
     0
176
     1
290
     1
176
     1
290
     1
176
     1
290
     0
176
     1
290
     0
176
     1
290
     0
176
     1
290
     0
176
     1
290
     0
176
     1
290
     0
176
     1
 90
       50
176
     1
 40
0.0
176
     1
 40
1.0
176
     1
 90
        0
176
     1
 62
    18
420
        0
176
     1
 90
       50
176
     1
 90
        3
176
     1
 62
     5
420
      255
176
     1
290
     0
176
     1
 90
       50
176
     1
 90
       50
176
     1
 90
       50
176
     1
290
     0
176
     1
 90
       50
176
     1
 62
   256
176
     0
 40
1.0
176
     0
 90
        2
176
     1
  1
strokes_ogs.tif
176
     1
290
     0
176
     1
 40
1.0
176
     1
 40
1.0
176
     1
  0
VISUALSTYLE
  5
3E
102
{ACAD_REACTORS
330
2A
102
}
330
2A
100
AcDbVisualStyle
  2
Shades of Gray
 70
    23
177
     3
291
     0
 70
    58
 90
        2
176
     1
 90
        2
176
     1
 90
        3
176
     1
 90
        0
176
     1
 40
0.6
176
     1
 40
30.0
176
     1
 62
     7
420
 16777215
176
     1
 90
        2
176
     1
 90
        2
176
     1
 62
     7
176
     1
 62
     7
176
     1
 90
        1
176
     1
 90
        1
176
     1
 40
40.0
176
     1
 90
        8
176
     1
 62
     7
176
     1
 40
1.0
176
     1
 90
        1
176
     1
 90
        6
176
     1
 90
        2
176
     1
 62
     7
176
     1
 90
        3
176
     1
 90
        0
176
     1
 90
        0
176
     1
290
     0
176
     1
 90
        1
176
     1
 40
0.0
176
     1
 90
        0
176
     1
290
     0
176
     1
290
     1
176
     1
290
     1
176
     1
290
     0
176
     1
290
     0
176
     1
290
     0
176
     1
290
     0
176
     1
290
     0
176
     1
290
     0
176
     1
 90
       50
176
     1
 40
0.0
176
     1
 40
1.0
176
     1
 90
        0
176
     1
 62
    18
420
        0
176
     1
 90
       50
176
     1
 90
        3
176
     1
 62
     5
420
      255
176
     1
290
     0
176
     1
 90
       50
176
     1
 90
       50
176
     1
 90
       50
176
     1
290
     0
176
     1
 90
       50
176
     1
 62
   256
176
     0
 40
1.0
176
     0
 90
        2
176
     1
  1
strokes_ogs.tif
176
     1
290
     0
176
     1
 40
1.0
176
     1
 40
1.0
176
     1
  0
VISUALSTYLE
  5
3F
102
{ACAD_REACTORS
330
2A
102
}
330
2A
100
AcDbVisualStyle
  2
Sketchy
 70
    24
177
     3
291
     0
 70
    58
 90
        1
176
     1
 90
        2
176
     1
 90
        2
176
     1
 90
        0
176
     1
 40
0.6
176
     1
 40
30.0
176
     1
 62
     7
420
 16777215
176
     1
 90
        2
176
     1
 90
        2
176
     1
 62
     7
176
     1
 62
     7
176
     1
 90
        1
176
     1
 90
        1
176
     1
 40
40.0
176
     1
 90
       11
176
     1
 62
     7
176
     1
 40
1.0
176
     1
 90
        1
176
     1
 90
        6
176
     1
 90
        2
176
     1
 62
     7
176
     1
 90
        6
176
     1
 90
        0
176
     1
 90
        0
176
     1
290
     0
176
     1
 90
        1
176
     1
 40
0.0
176
     1
 90
        0
176
     1
290
     0
176
     1
290
     1
176
     1
290
     1
176
     1
290
     0
176
     1
290
     0
176
     1
290
     0
176
     1
290
     0
176
     1
290
     0
176
     1
290
     0
176
     1
 90
       50
176
     1
 40
0.0
176
     1
 40
1.0
176
     1
 90
        0
176
     1
 62
    18
420
        0
176
     1
 90
       50
176
     1
 90
        3
176
     1
 62
     5
420
      255
176
     1
290
     0
176
     1
 90
       50
176
     1
 90
       50
176
     1
 90
       50
176
     1
290
     0
176
     1
 90
       50
176
     1
 62
   256
176
     0
 40
1.0
176
     0
 90
        2
176
     1
  1
strokes_ogs.tif
176
     1
290
     0
176
     1
 40
1.0
176
     1
 40
1.0
176
     1
  0
VISUALSTYLE
  5
37
102
{ACAD_REACTORS
330
2A
102
}
330
2A
100
AcDbVisualStyle
  2
Thicken
 70
    13
177
     3
291
     1
 70
    58
 90
        2
176
     1
 90
        2
176
     1
 90
        0
176
     1
 90
        0
176
     1
 40
0.6
176
     1
 40
30.0
176
     1
 62
     7
420
 16777215
176
     1
 90
        1
176
     1
 90
        4
176
     1
 62
     7
176
     1
 62
   257
176
     1
 90
        1
176
     1
 90
        1
176
     1
 40
1.0
176
     1
 90
       12
176
     1
 62
     7
176
     1
 40
1.0
176
     1
 90
        1
176
     1
 90
        6
176
     1
 90
        2
176
     1
 62
     7
176
     1
 90
        5
176
     1
 90
        0
176
     1
 90
        0
176
     1
290
     0
176
     1
 90
        1
176
     1
 40
0.0
176
     1
 90
        0
176
     1
290
     0
176
     1
290
     1
176
     1
290
     1
176
     1
290
     0
176
     1
290
     0
176
     1
290
     0
176
     1
290
     0
176
     1
290
     0
176
     1
290
     0
176
     1
 90
       50
176
     1
 40
0.0
176
     1
 40
1.0
176
     1
 90
        0
176
     1
 62
    18
420
        0
176
     1
 90
       50
176
     1
 90
        3
176
     1
 62
     5
420
      255
176
     1
290
     0
176
     1
 90
       50
176
     1
 90
       50
176
     1
 90
       50
176
     1
290
     0
176
     1
 90
       50
176
     1
 62
   256
176
     0
 40
1.0
176
     0
 90
        2
176
     1
  1
strokes_ogs.tif
176
     1
290
     0
176
     1
 40
1.0
176
     1
 40
1.0
176
     1
  0
VISUALSTYLE
  5
30
102
{ACAD_REACTORS
330
2A
102
}
330
2A
100
AcDbVisualStyle
  2
Wireframe
 70
     5
177
     3
291
     0
 70
    58
 90
        0
176
     1
 90
        2
176
     1
 90
        0
176
     1
 90
        0
176
     1
 40
0.6
176
     1
 40
30.0
176
     1
 62
     7
420
 16777215
176
     1
 90
        1
176
     1
 90
        4
176
     1
 62
     7
176
     1
 62
   257
176
     1
 90
        1
176
     1
 90
        1
176
     1
 40
1.0
176
     1
 90
        0
176
     1
 62
   257
176
     1
 40
1.0
176
     1
 90
        1
176
     1
 90
        6
176
     1
 90
        2
176
     1
 62
     7
176
     1
 90
        3
176
     1
 90
        0
176
     1
 90
        0
176
     1
290
     0
176
     1
 90
        1
176
     1
 40
0.0
176
     1
 90
        0
176
     1
290
     0
176
     1
290
     1
176
     1
290
     1
176
     1
290
     0
176
     1
290
     0
176
     1
290
     0
176
     1
290
     0
176
     1
290
     0
176
     1
290
     0
176
     1
 90
       50
176
     1
 40
0.0
176
     1
 40
1.0
176
     1
 90
        0
176
     1
 62
    18
420
        0
176
     1
 90
       50
176
     1
 90
        3
176
     1
 62
     5
420
      255
176
     1
290
     0
176
     1
 90
       50
176
     1
 90
       50
176
     1
 90
       50
176
     1
290
     0
176
     1
 90
       50
176
     1
 62
   256
176
     0
 40
1.0
176
     0
 90
        2
176
     1
  1
strokes_ogs.tif
176
     1
290
     0
176
     1
 40
1.0
176
     1
 40
1.0
176
     1
  0
VISUALSTYLE
  5
40
102
{ACAD_REACTORS
330
2A
102
}
330
2A
100
AcDbVisualStyle
  2
X-Ray
 70
    25
177
     3
291
     0
 70
    58
 90
        2
176
     1
 90
        2
176
     1
 90
        1
176
     1
 90
        1
176
     1
 40
0.5
176
     1
 40
30.0
176
     1
 62
     7
420
 16777215
176
     1
 90
        1
176
     1
 90
        0
176
     1
 62
     7
176
     1
 62
   257
176
     1
 90
        1
176
     1
 90
        1
176
     1
 40
1.0
176
     1
 90
        8
176
     1
 62
     7
176
     1
 40
1.0
176
     1
 90
        1
176
     1
 90
        6
176
     1
 90
        2
176
     1
 62
     7
176
     1
 90
        3
176
     1
 90
        0
176
     1
 90
        0
176
     1
290
     0
176
     1
 90
       13
176
     1
 40
0.0
176
     1
 90
        0
176
     1
290
     0
176
     1
290
     1
176
     1
290
     1
176
     1
290
     0
176
     1
290
     0
176
     1
290
     0
176
     1
290
     0
176
     1
290
     0
176
     1
290
     0
176
     1
 90
       50
176
     1
 40
0.0
176
     1
 40
1.0
176
     1
 90
        0
176
     1
 62
    18
420
        0
176
     1
 90
       50
176
     1
 90
        3
176
     1
 62
     5
420
      255
176
     1
290
     0
176
     1
 90
       50
176
     1
 90
       50
176
     1
 90
       50
176
     1
290
     0
176
     1
 90
       50
176
     1
 62
   256
176
     0
 40
1.0
176
     0
 90
        2
176
     1
  1
strokes_ogs.tif
176
     1
290
     0
176
     1
 40
1.0
176
     1
 40
1.0
176
     1
  0
DICTIONARYVAR
  5
206
102
{ACAD_REACTORS
330
205
102
}
330
205
100
DictionaryVariables
280
     0
  1
1:1
  0
DICTIONARYVAR
  5
20B
102
{ACAD_REACTORS
330
205
102
}
330
205
100
DictionaryVariables
280
     0
  1
Standard
  0
DICTIONARYVAR
  5
20A
102
{ACAD_REACTORS
330
205
102
}
330
205
100
DictionaryVariables
280
     0
  1
Standard
  0
DICTIONARY
  5
207
330
5A
100
AcDbDictionary
280
     1
281
     1
  3
ACAD_ROUNDTRIP_2008_TABLESTYLE_CELLSTYLEMAP
360
208
  0
CELLSTYLEMAP
  5
208
102
{ACAD_REACTORS
330
207
102
}
330
207
100
AcDbCellStyleMap
 90
        3
300
CELLSTYLE
  1
TABLEFORMAT_BEGIN
 90
        5
170
     1
 91
        0
 92
    32768
 62
   257
 93
        1
300
CONTENTFORMAT
  1
CONTENTFORMAT_BEGIN
 90
        0
 91
        0
 92
        4
 93
        0
300

 40
0.0
140
1.0
 94
        5
 62
     0
340
11
144
0.25
309
CONTENTFORMAT_END
171
     1
301
MARGIN
  1
CELLMARGIN_BEGIN
 40
0.06
 40
0.06
 40
0.06
 40
0.06
 40
0.06
 40
0.06
309
CELLMARGIN_END
 94
        6
 95
        1
302
GRIDFORMAT
  1
GRIDFORMAT_BEGIN
 90
        0
 91
        1
 62
     0
 92
       -2
340
14
 93
        0
 40
0.045
309
GRIDFORMAT_END
 95
        2
302
GRIDFORMAT
  1
GRIDFORMAT_BEGIN
 90
        0
 91
        1
 62
     0
 92
       -2
340
14
 93
        0
 40
0.045
309
GRIDFORMAT_END
 95
        4
302
GRIDFORMAT
  1
GRIDFORMAT_BEGIN
 90
        0
 91
        1
 62
     0
 92
       -2
340
14
 93
        0
 40
0.045
309
GRIDFORMAT_END
 95
        8
302
GRIDFORMAT
  1
GRIDFORMAT_BEGIN
 90
        0
 91
        1
 62
     0
 92
       -2
340
14
 93
        0
 40
0.045
309
GRIDFORMAT_END
 95
       16
302
GRIDFORMAT
  1
GRIDFORMAT_BEGIN
 90
        0
 91
        1
 62
     0
 92
       -2
340
14
 93
        0
 40
0.045
309
GRIDFORMAT_END
 95
       32
302
GRIDFORMAT
  1
GRIDFORMAT_BEGIN
 90
        0
 91
        1
 62
     0
 92
       -2
340
14
 93
        0
 40
0.045
309
GRIDFORMAT_END
309
TABLEFORMAT_END
  1
CELLSTYLE_BEGIN
 90
        1
 91
        1
300
_TITLE
309
CELLSTYLE_END
300
CELLSTYLE
  1
TABLEFORMAT_BEGIN
 90
        5
170
     1
 91
        0
 92
        0
 62
   257
 93
        1
300
CONTENTFORMAT
  1
CONTENTFORMAT_BEGIN
 90
        0
 91
        0
 92
        4
 93
        0
300

 40
0.0
140
1.0
 94
        5
 62
     0
340
11
144
0.18
309
CONTENTFORMAT_END
171
     1
301
MARGIN
  1
CELLMARGIN_BEGIN
 40
0.06
 40
0.06
 40
0.06
 40
0.06
 40
0.06
 40
0.06
309
CELLMARGIN_END
 94
        6
 95
        1
302
GRIDFORMAT
  1
GRIDFORMAT_BEGIN
 90
        0
 91
        1
 62
     0
 92
       -2
340
14
 93
        0
 40
0.045
309
GRIDFORMAT_END
 95
        2
302
GRIDFORMAT
  1
GRIDFORMAT_BEGIN
 90
        0
 91
        1
 62
     0
 92
       -2
340
14
 93
        0
 40
0.045
309
GRIDFORMAT_END
 95
        4
302
GRIDFORMAT
  1
GRIDFORMAT_BEGIN
 90
        0
 91
        1
 62
     0
 92
       -2
340
14
 93
        0
 40
0.045
309
GRIDFORMAT_END
 95
        8
302
GRIDFORMAT
  1
GRIDFORMAT_BEGIN
 90
        0
 91
        1
 62
     0
 92
       -2
340
14
 93
        0
 40
0.045
309
GRIDFORMAT_END
 95
       16
302
GRIDFORMAT
  1
GRIDFORMAT_BEGIN
 90
        0
 91
        1
 62
     0
 92
       -2
340
14
 93
        0
 40
0.045
309
GRIDFORMAT_END
 95
       32
302
GRIDFORMAT
  1
GRIDFORMAT_BEGIN
 90
        0
 91
        1
 62
     0
 92
       -2
340
14
 93
        0
 40
0.045
309
GRIDFORMAT_END
309
TABLEFORMAT_END
  1
CELLSTYLE_BEGIN
 90
        2
 91
        1
300
_HEADER
309
CELLSTYLE_END
300
CELLSTYLE
  1
TABLEFORMAT_BEGIN
 90
        5
170
     1
 91
        0
 92
        0
 62
   257
 93
        1
300
CONTENTFORMAT
  1
CONTENTFORMAT_BEGIN
 90
        0
 91
        0
 92
        4
 93
        0
300

 40
0.0
140
1.0
 94
        2
 62
     0
340
11
144
0.18
309
CONTENTFORMAT_END
171
     1
301
MARGIN
  1
CELLMARGIN_BEGIN
 40
0.06
 40
0.06
 40
0.06
 40
0.06
 40
0.06
 40
0.06
309
CELLMARGIN_END
 94
        6
 95
        1
302
GRIDFORMAT
  1
GRIDFORMAT_BEGIN
 90
        0
 91
        1
 62
     0
 92
       -2
340
14
 93
        0
 40
0.045
309
GRIDFORMAT_END
 95
        2
302
GRIDFORMAT
  1
GRIDFORMAT_BEGIN
 90
        0
 91
        1
 62
     0
 92
       -2
340
14
 93
        0
 40
0.045
309
GRIDFORMAT_END
 95
        4
302
GRIDFORMAT
  1
GRIDFORMAT_BEGIN
 90
        0
 91
        1
 62
     0
 92
       -2
340
14
 93
        0
 40
0.045
309
GRIDFORMAT_END
 95
        8
302
GRIDFORMAT
  1
GRIDFORMAT_BEGIN
 90
        0
 91
        1
 62
     0
 92
       -2
340
14
 93
        0
 40
0.045
309
GRIDFORMAT_END
 95
       16
302
GRIDFORMAT
  1
GRIDFORMAT_BEGIN
 90
        0
 91
        1
 62
     0
 92
       -2
340
14
 93
        0
 40
0.045
309
GRIDFORMAT_END
 95
       32
302
GRIDFORMAT
  1
GRIDFORMAT_BEGIN
 90
        0
 91
        1
 62
     0
 92
       -2
340
14
 93
        0
 40
0.045
309
GRIDFORMAT_END
309
TABLEFORMAT_END
  1
CELLSTYLE_BEGIN
 90
        3
 91
        2
300
_DATA
309
CELLSTYLE_END
  0
ENDSEC
  0
SECTION
  2
ACDSDATA
 70
     2
 71
     2
  0
ACDSSCHEMA
 90
        0
  1
AcDb_Thumbnail_Schema
  2
AcDbDs::ID
280
    10
 91
        8
  2
Thumbnail_Data
280
    15
 91
        0
101
ACDSRECORD
 95
        0
 90
        2
  2
AcDbDs::TreatedAsObjectData
280
     1
291
     1
101
ACDSRECORD
 95
        0
 90
        3
  2
AcDbDs::Legacy
280
     1
291
     1
101
ACDSRECORD
  1
AcDbDs::ID
 90
        4
  2
AcDs:Indexable
280
     1
291
     1
101
ACDSRECORD
  1
AcDbDs::ID
 90
        5
  2
AcDbDs::HandleAttribute
280
     7
282
     1
  0
ACDSSCHEMA
 90
        1
  1
AcDb3DSolid_ASM_Data
  2
AcDbDs::ID
280
    10
 91
        8
  2
ASM_Data
280
    15
 91
        0
101
ACDSRECORD
 95
        1
 90
        2
  2
AcDbDs::TreatedAsObjectData
280
     1
291
     1
101
ACDSRECORD
 95
        1
 90
        3
  2
AcDbDs::Legacy
280
     1
291
     1
101
ACDSRECORD
  1
AcDbDs::ID
 90
        4
  2
AcDs:Indexable
280
     1
291
     1
101
ACDSRECORD
  1
AcDbDs::ID
 90
        5
  2
AcDbDs::HandleAttribute
280
     7
282
     1
  0
ACDSSCHEMA
 90
        2
  1
AcDbDs::TreatedAsObjectDataSchema
  2
AcDbDs::TreatedAsObjectData
280
     1
 91
        0
  0
ACDSSCHEMA
 90
        3
  1
AcDbDs::LegacySchema
  2
AcDbDs::Legacy
280
     1
 91
        0
  0
ACDSSCHEMA
 90
        4
  1
AcDbDs::IndexedPropertySchema
  2
AcDs:Indexable
280
     1
 91
        0
  0
ACDSSCHEMA
 90
        5
  1
AcDbDs::HandleAttributeSchema
  2
AcDbDs::HandleAttribute
280
     7
 91
        1
284
     1
  0
ACDSRECORD
 90
        1
  2
AcDbDs::ID
280
    10
320
61
  2
ASM_Data
280
    15
 94
      811
310
414349532042696E61727946696C652855000000000000010000000C00000007214F70656E2044657369676E20416C6C69616E63652041434953204275696C646572070E41434953203231382E3030204E540718546875204A756E2032372031363A32383A3231203230323406000000000000F03F0648AFBC9AF2D77A3E06
310
BBBDD7D9DF7CDB3D0D04626F64790CFFFFFFFF04FFFFFFFF0CFFFFFFFF0C0A0000000CFFFFFFFF0CFFFFFFFF110D05706F696E740CFFFFFFFF04FFFFFFFF0CFFFFFFFF131D10D72082601A40DB1B11C62E552C400000000000000000110D067665727465780CFFFFFFFF04FFFFFFFF0CFFFFFFFF0C0400000004020000000C
310
01000000110E07656C6C697073650D0563757276650CFFFFFFFF04FFFFFFFF0CFFFFFFFF13776C5F9BE8C61940DB1B11C62E552C4000000000000000001400000000000000000000000000000000000000000000F03F14B174F4AE3033C33F0000000000000000000000000000008006000000000000F03F0B0B110D046564
310
67650CFFFFFFFF04FFFFFFFF0CFFFFFFFF0C020000000600000000000000000C0200000006182D4454FB2119400C050000000C030000000B0707756E6B6E6F776E110D06636F656467650CFFFFFFFF04FFFFFFFF0CFFFFFFFF0C050000000C050000000CFFFFFFFF0C040000000B0C0600000004000000000CFFFFFFFF110D
310
046C6F6F700CFFFFFFFF04FFFFFFFF0CFFFFFFFF0CFFFFFFFF0C050000000C08000000110E05706C616E650D07737572666163650CFFFFFFFF04FFFFFFFF0CFFFFFFFF13A49AA3D81B7A1940DB1B11C62E552C4000000000000000001400000000000000800000000000000000000000000000F03F14000000000000F0BF00
310
0000000000000000000000000000800B0B0B0B0B110D04666163650CFFFFFFFF04FFFFFFFF0CFFFFFFFF0CFFFFFFFF0C060000000C090000000CFFFFFFFF0C070000000B0A0B110D057368656C6C0CFFFFFFFF04FFFFFFFF0CFFFFFFFF0CFFFFFFFF0CFFFFFFFF0C080000000CFFFFFFFF0C0A000000110D046C756D700CFF
310
FFFFFF04FFFFFFFF0CFFFFFFFF0CFFFFFFFF0C090000000C00000000110E03456E640E026F660E0341534D0D0464617461
  0
ACDSRECORD
 90
        1
  2
AcDbDs::ID
280
    10
320
63
  2
ASM_Data
280
    15
 94
      811
310
414349532042696E61727946696C652855000000000000010000000C00000007214F70656E2044657369676E20416C6C69616E63652041434953204275696C646572070E41434953203231382E3030204E540718546875204A756E2032372031363A32383A3231203230323406000000000000F03F0648AFBC9AF2D77A3E06
310
BBBDD7D9DF7CDB3D0D04626F64790CFFFFFFFF04FFFFFFFF0CFFFFFFFF0C0A0000000CFFFFFFFF0CFFFFFFFF110D05706F696E740CFFFFFFFF04FFFFFFFF0CFFFFFFFF134949937B4F071B4000CCADF7B89E2E400000000000000000110D067665727465780CFFFFFFFF04FFFFFFFF0CFFFFFFFF0C0400000004020000000C
310
01000000110E07656C6C697073650D0563757276650CFFFFFFFF04FFFFFFFF0CFFFFFFFF13A3A51BF6B56D1A4000CCADF7B89E2E4000000000000000001400000000000000000000000000000000000000000000F03F14B174F4AE3033C33F0000000000000000000000000000008006000000000000F03F0B0B110D046564
310
67650CFFFFFFFF04FFFFFFFF0CFFFFFFFF0C020000000600000000000000000C0200000006182D4454FB2119400C050000000C030000000B0707756E6B6E6F776E110D06636F656467650CFFFFFFFF04FFFFFFFF0CFFFFFFFF0C050000000C050000000CFFFFFFFF0C040000000B0C0600000004000000000CFFFFFFFF110D
310
046C6F6F700CFFFFFFFF04FFFFFFFF0CFFFFFFFF0CFFFFFFFF0C050000000C08000000110E05706C616E650D07737572666163650CFFFFFFFF04FFFFFFFF0CFFFFFFFF13D0D35F33E9201A4000CCADF7B89E2E4000000000000000001400000000000000800000000000000000000000000000F03F14000000000000F0BF00
310
0000000000000000000000000000800B0B0B0B0B110D04666163650CFFFFFFFF04FFFFFFFF0CFFFFFFFF0CFFFFFFFF0C060000000C090000000CFFFFFFFF0C070000000B0A0B110D057368656C6C0CFFFFFFFF04FFFFFFFF0CFFFFFFFF0CFFFFFFFF0CFFFFFFFF0C080000000CFFFFFFFF0C0A000000110D046C756D700CFF
310
FFFFFF04FFFFFFFF0CFFFFFFFF0CFFFFFFFF0C090000000C00000000110E03456E640E026F660E0341534D0D0464617461
  0
ACDSRECORD
 90
        1
  2
AcDbDs::ID
280
    10
320
65
  2
ASM_Data
280
    15
 94
      811
310
414349532042696E61727946696C652855000000000000010000000C00000007214F70656E2044657369676E20416C6C69616E63652041434953204275696C646572070E41434953203231382E3030204E540718546875204A756E2032372031363A32383A3231203230323406000000000000F03F0648AFBC9AF2D77A3E06
310
BBBDD7D9DF7CDB3D0D04626F64790CFFFFFFFF04FFFFFFFF0CFFFFFFFF0C0A0000000CFFFFFFFF0CFFFFFFFF110D05706F696E740CFFFFFFFF04FFFFFFFF0CFFFFFFFF1379AC007C43CF2040B54389B74A9F1C400000000000000000110D067665727465780CFFFFFFFF04FFFFFFFF0CFFFFFFFF0C0400000004020000000C
310
01000000110E07656C6C697073650D0563757276650CFFFFFFFF04FFFFFFFF0CFFFFFFFF13A6DA44B976822040B54389B74A9F1C4000000000000000001400000000000000000000000000000000000000000000F03F14B174F4AE3033C33F0000000000000000000000000000008006000000000000F03F0B0B110D046564
310
67650CFFFFFFFF04FFFFFFFF0CFFFFFFFF0C020000000600000000000000000C0200000006182D4454FB2119400C050000000C030000000B0707756E6B6E6F776E110D06636F656467650CFFFFFFFF04FFFFFFFF0CFFFFFFFF0C050000000C050000000CFFFFFFFF0C040000000B0C0600000004000000000CFFFFFFFF110D
310
046C6F6F700CFFFFFFFF04FFFFFFFF0CFFFFFFFF0CFFFFFFFF0C050000000C08000000110E05706C616E650D07737572666163650CFFFFFFFF04FFFFFFFF0CFFFFFFFF13BDF1E657105C2040B54389B74A9F1C4000000000000000001400000000000000800000000000000000000000000000F03F14000000000000F0BF00
310
0000000000000000000000000000800B0B0B0B0B110D04666163650CFFFFFFFF04FFFFFFFF0CFFFFFFFF0CFFFFFFFF0C060000000C090000000CFFFFFFFF0C070000000B0A0B110D057368656C6C0CFFFFFFFF04FFFFFFFF0CFFFFFFFF0CFFFFFFFF0CFFFFFFFF0C080000000CFFFFFFFF0C0A000000110D046C756D700CFF
310
FFFFFF04FFFFFFFF0CFFFFFFFF0CFFFFFFFF0C090000000C00000000110E03456E640E026F660E0341534D0D0464617461
  0
ACDSRECORD
 90
        1
  2
AcDbDs::ID
280
    10
320
67
  2
ASM_Data
280
    15
 94
      811
310
414349532042696E61727946696C652855000000000000010000000C00000007214F70656E2044657369676E20416C6C69616E63652041434953204275696C646572070E41434953203231382E3030204E540718546875204A756E2032372031363A32383A3231203230323406000000000000F03F0648AFBC9AF2D77A3E06
310
BBBDD7D9DF7CDB3D0D04626F64790CFFFFFFFF04FFFFFFFF0CFFFFFFFF0C0A0000000CFFFFFFFF0CFFFFFFFF110D05706F696E740CFFFFFFFF04FFFFFFFF0CFFFFFFFF13A32BC71AE40825406EBF1988A79F2A400000000000000000110D067665727465780CFFFFFFFF04FFFFFFFF0CFFFFFFFF0C0400000004020000000C
310
01000000110E07656C6C697073650D0563757276650CFFFFFFFF04FFFFFFFF0CFFFFFFFF13D0590B5817BC24406EBF1988A79F2A4000000000000000001400000000000000000000000000000000000000000000F03F14B174F4AE3033C33F0000000000000000000000000000008006000000000000F03F0B0B110D046564
310
67650CFFFFFFFF04FFFFFFFF0CFFFFFFFF0C020000000600000000000000000C0200000006182D4454FB2119400C050000000C030000000B0707756E6B6E6F776E110D06636F656467650CFFFFFFFF04FFFFFFFF0CFFFFFFFF0C050000000C050000000CFFFFFFFF0C040000000B0C0600000004000000000CFFFFFFFF110D
310
046C6F6F700CFFFFFFFF04FFFFFFFF0CFFFFFFFF0CFFFFFFFF0C050000000C08000000110E05706C616E650D07737572666163650CFFFFFFFF04FFFFFFFF0CFFFFFFFF13E770ADF6B09524406EBF1988A79F2A4000000000000000001400000000000000800000000000000000000000000000F03F14000000000000F0BF00
310
0000000000000000000000000000800B0B0B0B0B110D04666163650CFFFFFFFF04FFFFFFFF0CFFFFFFFF0CFFFFFFFF0C060000000C090000000CFFFFFFFF0C070000000B0A0B110D057368656C6C0CFFFFFFFF04FFFFFFFF0CFFFFFFFF0CFFFFFFFF0CFFFFFFFF0C080000000CFFFFFFFF0C0A000000110D046C756D700CFF
310
FFFFFF04FFFFFFFF0CFFFFFFFF0CFFFFFFFF0C090000000C00000000110E03456E640E026F660E0341534D0D0464617461
  0
ACDSRECORD
 90
        1
  2
AcDbDs::ID
280
    10
320
69
  2
ASM_Data
280
    15
 94
      811
310
414349532042696E61727946696C652855000000000000010000000C00000007214F70656E2044657369676E20416C6C69616E63652041434953204275696C646572070E41434953203231382E3030204E540718546875204A756E2032372031363A32383A3231203230323406000000000000F03F0648AFBC9AF2D77A3E06
310
BBBDD7D9DF7CDB3D0D04626F64790CFFFFFFFF04FFFFFFFF0CFFFFFFFF0C0A0000000CFFFFFFFF0CFFFFFFFF110D05706F696E740CFFFFFFFF04FFFFFFFF0CFFFFFFFF1353737F16C7CC2940BCA17C8327331C400000000000000000110D067665727465780CFFFFFFFF04FFFFFFFF0CFFFFFFFF0C0400000004020000000C
310
01000000110E07656C6C697073650D0563757276650CFFFFFFFF04FFFFFFFF0CFFFFFFFF1380A1C353FA7F2940BCA17C8327331C4000000000000000001400000000000000000000000000000000000000000000F03F14B174F4AE3033C33F0000000000000000000000000000008006000000000000F03F0B0B110D046564
310
67650CFFFFFFFF04FFFFFFFF0CFFFFFFFF0C020000000600000000000000000C0200000006182D4454FB2119400C050000000C030000000B0707756E6B6E6F776E110D06636F656467650CFFFFFFFF04FFFFFFFF0CFFFFFFFF0C050000000C050000000CFFFFFFFF0C040000000B0C0600000004000000000CFFFFFFFF110D
310
046C6F6F700CFFFFFFFF04FFFFFFFF0CFFFFFFFF0CFFFFFFFF0C050000000C08000000110E05706C616E650D07737572666163650CFFFFFFFF04FFFFFFFF0CFFFFFFFF1397B865F293592940BCA17C8327331C4000000000000000001400000000000000800000000000000000000000000000F03F14000000000000F0BF00
310
0000000000000000000000000000800B0B0B0B0B110D04666163650CFFFFFFFF04FFFFFFFF0CFFFFFFFF0CFFFFFFFF0C060000000C090000000CFFFFFFFF0C070000000B0A0B110D057368656C6C0CFFFFFFFF04FFFFFFFF0CFFFFFFFF0CFFFFFFFF0CFFFFFFFF0C080000000CFFFFFFFF0C0A000000110D046C756D700CFF
310
FFFFFF04FFFFFFFF0CFFFFFFFF0CFFFFFFFF0C090000000C00000000110E03456E640E026F660E0341534D0D0464617461
  0
ACDSRECORD
 90
        1
  2
AcDbDs::ID
280
    10
320
6B
  2
ASM_Data
280
    15
 94
      811
310
414349532042696E61727946696C652855000000000000010000000C00000007214F70656E2044657369676E20416C6C69616E63652041434953204275696C646572070E41434953203231382E3030204E540718546875204A756E2032372031363A32383A3231203230323406000000000000F03F0648AFBC9AF2D77A3E06
310
BBBDD7D9DF7CDB3D0D04626F64790CFFFFFFFF04FFFFFFFF0CFFFFFFFF0C0A0000000CFFFFFFFF0CFFFFFFFF110D05706F696E740CFFFFFFFF04FFFFFFFF0CFFFFFFFF132B03D6C3FAE13A40C0598CB265D032400000000000000000110D067665727465780CFFFFFFFF04FFFFFFFF0CFFFFFFFF0C0400000004020000000C
310
01000000110E07656C6C697073650D0563757276650CFFFFFFFF04FFFFFFFF0CFFFFFFFF13421A786294BB3A40C0598CB265D0324000000000000000001400000000000000000000000000000000000000000000F03F14B174F4AE3033C33F0000000000000000000000000000008006000000000000F03F0B0B110D046564
310
67650CFFFFFFFF04FFFFFFFF0CFFFFFFFF0C020000000600000000000000000C0200000006182D4454FB2119400C050000000C030000000B0707756E6B6E6F776E110D06636F656467650CFFFFFFFF04FFFFFFFF0CFFFFFFFF0C050000000C050000000CFFFFFFFF0C040000000B0C0600000004000000000CFFFFFFFF110D
310
046C6F6F700CFFFFFFFF04FFFFFFFF0CFFFFFFFF0CFFFFFFFF0C050000000C08000000110E05706C616E650D07737572666163650CFFFFFFFF04FFFFFFFF0CFFFFFFFF13CD25C93161A83A40C0598CB265D0324000000000000000001400000000000000800000000000000000000000000000F03F14000000000000F0BF00
310
0000000000000000000000000000800B0B0B0B0B110D04666163650CFFFFFFFF04FFFFFFFF0CFFFFFFFF0CFFFFFFFF0C060000000C090000000CFFFFFFFF0C070000000B0A0B110D057368656C6C0CFFFFFFFF04FFFFFFFF0CFFFFFFFF0CFFFFFFFF0CFFFFFFFF0C080000000CFFFFFFFF0C0A000000110D046C756D700CFF
310
FFFFFF04FFFFFFFF0CFFFFFFFF0CFFFFFFFF0C090000000C00000000110E03456E640E026F660E0341534D0D0464617461
  0
ACDSRECORD
 90
        1
  2
AcDbDs::ID
280
    10
320
6D
  2
ASM_Data
280
    15
 94
      811
310
414349532042696E61727946696C652855000000000000010000000C00000007214F70656E2044657369676E20416C6C69616E63652041434953204275696C646572070E41434953203231382E3030204E540718546875204A756E2032372031363A32383A3231203230323406000000000000F03F0648AFBC9AF2D77A3E06
310
BBBDD7D9DF7CDB3D0D04626F64790CFFFFFFFF04FFFFFFFF0CFFFFFFFF0C0A0000000CFFFFFFFF0CFFFFFFFF110D05706F696E740CFFFFFFFF04FFFFFFFF0CFFFFFFFF136D1EA05E9DD92940B25750FFF6A82C400000000000000000110D067665727465780CFFFFFFFF04FFFFFFFF0CFFFFFFFF0C0400000004020000000C
310
01000000110E07656C6C697073650D0563757276650CFFFFFFFF04FFFFFFFF0CFFFFFFFF139A4CE49BD08C2940B25750FFF6A82C4000000000000000001400000000000000000000000000000000000000000000F03F14B174F4AE3033C33F0000000000000000000000000000008006000000000000F03F0B0B110D046564
310
67650CFFFFFFFF04FFFFFFFF0CFFFFFFFF0C020000000600000000000000000C0200000006182D4454FB2119400C050000000C030000000B0707756E6B6E6F776E110D06636F656467650CFFFFFFFF04FFFFFFFF0CFFFFFFFF0C050000000C050000000CFFFFFFFF0C040000000B0C0600000004000000000CFFFFFFFF110D
310
046C6F6F700CFFFFFFFF04FFFFFFFF0CFFFFFFFF0CFFFFFFFF0C050000000C08000000110E05706C616E650D07737572666163650CFFFFFFFF04FFFFFFFF0CFFFFFFFF13B163863A6A662940B25750FFF6A82C4000000000000000001400000000000000800000000000000000000000000000F03F14000000000000F0BF00
310
0000000000000000000000000000800B0B0B0B0B110D04666163650CFFFFFFFF04FFFFFFFF0CFFFFFFFF0CFFFFFFFF0C060000000C090000000CFFFFFFFF0C070000000B0A0B110D057368656C6C0CFFFFFFFF04FFFFFFFF0CFFFFFFFF0CFFFFFFFF0CFFFFFFFF0C080000000CFFFFFFFF0C0A000000110D046C756D700CFF
310
FFFFFF04FFFFFFFF0CFFFFFFFF0CFFFFFFFF0C090000000C00000000110E03456E640E026F660E0341534D0D0464617461
  0
ACDSRECORD
 90
        1
  2
AcDbDs::ID
280
    10
320
6F
  2
ASM_Data
280
    15
 94
      811
310
414349532042696E61727946696C652855000000000000010000000C00000007214F70656E2044657369676E20416C6C69616E63652041434953204275696C646572070E41434953203231382E3030204E540718546875204A756E2032372031363A32383A3231203230323406000000000000F03F0648AFBC9AF2D77A3E06
310
BBBDD7D9DF7CDB3D0D04626F64790CFFFFFFFF04FFFFFFFF0CFFFFFFFF0C0A0000000CFFFFFFFF0CFFFFFFFF110D05706F696E740CFFFFFFFF04FFFFFFFF0CFFFFFFFF13611D9E9063E636405FE6014D00E923400000000000000000110D067665727465780CFFFFFFFF04FFFFFFFF0CFFFFFFFF0C0400000004020000000C
310
01000000110E07656C6C697073650D0563757276650CFFFFFFFF04FFFFFFFF0CFFFFFFFF137834402FFDBF36405FE6014D00E9234000000000000000001400000000000000000000000000000000000000000000F03F14B174F4AE3033C33F0000000000000000000000000000008006000000000000F03F0B0B110D046564
310
67650CFFFFFFFF04FFFFFFFF0CFFFFFFFF0C020000000600000000000000000C0200000006182D4454FB2119400C050000000C030000000B0707756E6B6E6F776E110D06636F656467650CFFFFFFFF04FFFFFFFF0CFFFFFFFF0C050000000C050000000CFFFFFFFF0C040000000B0C0600000004000000000CFFFFFFFF110D
310
046C6F6F700CFFFFFFFF04FFFFFFFF0CFFFFFFFF0CFFFFFFFF0C050000000C08000000110E05706C616E650D07737572666163650CFFFFFFFF04FFFFFFFF0CFFFFFFFF13034091FEC9AC36405FE6014D00E9234000000000000000001400000000000000800000000000000000000000000000F03F14000000000000F0BF00
310
0000000000000000000000000000800B0B0B0B0B110D04666163650CFFFFFFFF04FFFFFFFF0CFFFFFFFF0CFFFFFFFF0C060000000C090000000CFFFFFFFF0C070000000B0A0B110D057368656C6C0CFFFFFFFF04FFFFFFFF0CFFFFFFFF0CFFFFFFFF0CFFFFFFFF0C080000000CFFFFFFFF0C0A000000110D046C756D700CFF
310
FFFFFF04FFFFFFFF0CFFFFFFFF0CFFFFFFFF0C090000000C00000000110E03456E640E026F660E0341534D0D0464617461
  0
ACDSRECORD
 90
        1
  2
AcDbDs::ID
280
    10
320
71
  2
ASM_Data
280
    15
 94
      811
310
414349532042696E61727946696C652855000000000000010000000C00000007214F70656E2044657369676E20416C6C69616E63652041434953204275696C646572070E41434953203231382E3030204E540718546875204A756E2032372031363A32383A3231203230323406000000000000F03F0648AFBC9AF2D77A3E06
310
BBBDD7D9DF7CDB3D0D04626F64790CFFFFFFFF04FFFFFFFF0CFFFFFFFF0C0A0000000CFFFFFFFF0CFFFFFFFF110D05706F696E740CFFFFFFFF04FFFFFFFF0CFFFFFFFF13724938A1CE6C32408E3CEF4ABB1E1C400000000000000000110D067665727465780CFFFFFFFF04FFFFFFFF0CFFFFFFFF0C0400000004020000000C
310
01000000110E07656C6C697073650D0563757276650CFFFFFFFF04FFFFFFFF0CFFFFFFFF138960DA3F684632408E3CEF4ABB1E1C4000000000000000001400000000000000000000000000000000000000000000F03F14B174F4AE3033C33F0000000000000000000000000000008006000000000000F03F0B0B110D046564
310
67650CFFFFFFFF04FFFFFFFF0CFFFFFFFF0C020000000600000000000000000C0200000006182D4454FB2119400C050000000C030000000B0707756E6B6E6F776E110D06636F656467650CFFFFFFFF04FFFFFFFF0CFFFFFFFF0C050000000C050000000CFFFFFFFF0C040000000B0C0600000004000000000CFFFFFFFF110D
310
046C6F6F700CFFFFFFFF04FFFFFFFF0CFFFFFFFF0CFFFFFFFF0C050000000C08000000110E05706C616E650D07737572666163650CFFFFFFFF04FFFFFFFF0CFFFFFFFF13146C2B0F353332408E3CEF4ABB1E1C4000000000000000001400000000000000800000000000000000000000000000F03F14000000000000F0BF00
310
0000000000000000000000000000800B0B0B0B0B110D04666163650CFFFFFFFF04FFFFFFFF0CFFFFFFFF0CFFFFFFFF0C060000000C090000000CFFFFFFFF0C070000000B0A0B110D057368656C6C0CFFFFFFFF04FFFFFFFF0CFFFFFFFF0CFFFFFFFF0CFFFFFFFF0C080000000CFFFFFFFF0C0A000000110D046C756D700CFF
310
FFFFFF04FFFFFFFF0CFFFFFFFF0CFFFFFFFF0C090000000C00000000110E03456E640E026F660E0341534D0D0464617461
  0
ACDSRECORD
 90
        1
  2
AcDbDs::ID
280
    10
320
73
  2
ASM_Data
280
    15
 94
      811
310
414349532042696E61727946696C652855000000000000010000000C00000007214F70656E2044657369676E20416C6C69616E63652041434953204275696C646572070E41434953203231382E3030204E540718546875204A756E2032372031363A32383A3231203230323406000000000000F03F0648AFBC9AF2D77A3E06
310
BBBDD7D9DF7CDB3D0D04626F64790CFFFFFFFF04FFFFFFFF0CFFFFFFFF0C0A0000000CFFFFFFFF0CFFFFFFFF110D05706F696E740CFFFFFFFF04FFFFFFFF0CFFFFFFFF13EF9CD26641D33540A57796C569552E400000000000000000110D067665727465780CFFFFFFFF04FFFFFFFF0CFFFFFFFF0C0400000004020000000C
310
01000000110E07656C6C697073650D0563757276650CFFFFFFFF04FFFFFFFF0CFFFFFFFF1306B47405DBAC3540A57796C569552E4000000000000000001400000000000000000000000000000000000000000000F03F14B174F4AE3033C33F0000000000000000000000000000008006000000000000F03F0B0B110D046564
310
67650CFFFFFFFF04FFFFFFFF0CFFFFFFFF0C020000000600000000000000000C0200000006182D4454FB2119400C050000000C030000000B0707756E6B6E6F776E110D06636F656467650CFFFFFFFF04FFFFFFFF0CFFFFFFFF0C050000000C050000000CFFFFFFFF0C040000000B0C0600000004000000000CFFFFFFFF110D
310
046C6F6F700CFFFFFFFF04FFFFFFFF0CFFFFFFFF0CFFFFFFFF0C050000000C08000000110E05706C616E650D07737572666163650CFFFFFFFF04FFFFFFFF0CFFFFFFFF1391BFC5D4A7993540A57796C569552E4000000000000000001400000000000000800000000000000000000000000000F03F14000000000000F0BF00
310
0000000000000000000000000000800B0B0B0B0B110D04666163650CFFFFFFFF04FFFFFFFF0CFFFFFFFF0CFFFFFFFF0C060000000C090000000CFFFFFFFF0C070000000B0A0B110D057368656C6C0CFFFFFFFF04FFFFFFFF0CFFFFFFFF0CFFFFFFFF0CFFFFFFFF0C080000000CFFFFFFFF0C0A000000110D046C756D700CFF
310
FFFFFF04FFFFFFFF0CFFFFFFFF0CFFFFFFFF0C090000000C00000000110E03456E640E026F660E0341534D0D0464617461
  0
ACDSRECORD
 90
        1
  2
AcDbDs::ID
280
    10
320
75
  2
ASM_Data
280
    15
 94
      811
310
414349532042696E61727946696C652855000000000000010000000C00000007214F70656E2044657369676E20416C6C69616E63652041434953204275696C646572070E41434953203231382E3030204E540718546875204A756E2032372031363A32383A3231203230323406000000000000F03F0648AFBC9AF2D77A3E06
310
BBBDD7D9DF7CDB3D0D04626F64790CFFFFFFFF04FFFFFFFF0CFFFFFFFF0C0A0000000CFFFFFFFF0CFFFFFFFF110D05706F696E740CFFFFFFFF04FFFFFFFF0CFFFFFFFF13910B6BB6349333409D86E26D295C28400000000000000000110D067665727465780CFFFFFFFF04FFFFFFFF0CFFFFFFFF0C0400000004020000000C
310
01000000110E07656C6C697073650D0563757276650CFFFFFFFF04FFFFFFFF0CFFFFFFFF13A8220D55CE6C33409D86E26D295C284000000000000000001400000000000000000000000000000000000000000000F03F14B174F4AE3033C33F0000000000000000000000000000008006000000000000F03F0B0B110D046564
310
67650CFFFFFFFF04FFFFFFFF0CFFFFFFFF0C020000000600000000000000000C0200000006182D4454FB2119400C050000000C030000000B0707756E6B6E6F776E110D06636F656467650CFFFFFFFF04FFFFFFFF0CFFFFFFFF0C050000000C050000000CFFFFFFFF0C040000000B0C0600000004000000000CFFFFFFFF110D
310
046C6F6F700CFFFFFFFF04FFFFFFFF0CFFFFFFFF0CFFFFFFFF0C050000000C08000000110E05706C616E650D07737572666163650CFFFFFFFF04FFFFFFFF0CFFFFFFFF13332E5E249B5933409D86E26D295C284000000000000000001400000000000000800000000000000000000000000000F03F14000000000000F0BF00
310
0000000000000000000000000000800B0B0B0B0B110D04666163650CFFFFFFFF04FFFFFFFF0CFFFFFFFF0CFFFFFFFF0C060000000C090000000CFFFFFFFF0C070000000B0A0B110D057368656C6C0CFFFFFFFF04FFFFFFFF0CFFFFFFFF0CFFFFFFFF0CFFFFFFFF0C080000000CFFFFFFFF0C0A000000110D046C756D700CFF
310
FFFFFF04FFFFFFFF0CFFFFFFFF0CFFFFFFFF0C090000000C00000000110E03456E640E026F660E0341534D0D0464617461
  0
ACDSRECORD
 90
        1
  2
AcDbDs::ID
280
    10
320
77
  2
ASM_Data
280
    15
 94
      811
310
414349532042696E61727946696C652855000000000000010000000C00000007214F70656E2044657369676E20416C6C69616E63652041434953204275696C646572070E41434953203231382E3030204E540718546875204A756E2032372031363A32383A3231203230323406000000000000F03F0648AFBC9AF2D77A3E06
310
BBBDD7D9DF7CDB3D0D04626F64790CFFFFFFFF04FFFFFFFF0CFFFFFFFF0C0A0000000CFFFFFFFF0CFFFFFFFF110D05706F696E740CFFFFFFFF04FFFFFFFF0CFFFFFFFF138BA569CCFB1E2540E4DFE32394B82E400000000000000000110D067665727465780CFFFFFFFF04FFFFFFFF0CFFFFFFFF0C0400000004020000000C
310
01000000110E07656C6C697073650D0563757276650CFFFFFFFF04FFFFFFFF0CFFFFFFFF13B8D3AD092FD22440E4DFE32394B82E4000000000000000001400000000000000000000000000000000000000000000F03F14B174F4AE3033C33F0000000000000000000000000000008006000000000000F03F0B0B110D046564
310
67650CFFFFFFFF04FFFFFFFF0CFFFFFFFF0C020000000600000000000000000C0200000006182D4454FB2119400C050000000C030000000B0707756E6B6E6F776E110D06636F656467650CFFFFFFFF04FFFFFFFF0CFFFFFFFF0C050000000C050000000CFFFFFFFF0C040000000B0C0600000004000000000CFFFFFFFF110D
310
046C6F6F700CFFFFFFFF04FFFFFFFF0CFFFFFFFF0CFFFFFFFF0C050000000C08000000110E05706C616E650D07737572666163650CFFFFFFFF04FFFFFFFF0CFFFFFFFF13CFEA4FA8C8AB2440E4DFE32394B82E4000000000000000001400000000000000800000000000000000000000000000F03F14000000000000F0BF00
310
0000000000000000000000000000800B0B0B0B0B110D04666163650CFFFFFFFF04FFFFFFFF0CFFFFFFFF0CFFFFFFFF0C060000000C090000000CFFFFFFFF0C070000000B0A0B110D057368656C6C0CFFFFFFFF04FFFFFFFF0CFFFFFFFF0CFFFFFFFF0CFFFFFFFF0C080000000CFFFFFFFF0C0A000000110D046C756D700CFF
310
FFFFFF04FFFFFFFF0CFFFFFFFF0CFFFFFFFF0C090000000C00000000110E03456E640E026F660E0341534D0D0464617461
  0
ACDSRECORD
 90
        1
  2
AcDbDs::ID
280
    10
320
79
  2
ASM_Data
280
    15
 94
      811
310
414349532042696E61727946696C652855000000000000010000000C00000007214F70656E2044657369676E20416C6C69616E63652041434953204275696C646572070E41434953203231382E3030204E540718546875204A756E2032372031363A32383A3231203230323406000000000000F03F0648AFBC9AF2D77A3E06
310
BBBDD7D9DF7CDB3D0D04626F64790CFFFFFFFF04FFFFFFFF0CFFFFFFFF0C0A0000000CFFFFFFFF0CFFFFFFFF110D05706F696E740CFFFFFFFF04FFFFFFFF0CFFFFFFFF132B570DFC87D23F4023E70EACF4282F400000000000000000110D067665727465780CFFFFFFFF04FFFFFFFF0CFFFFFFFF0C0400000004020000000C
310
01000000110E07656C6C697073650D0563757276650CFFFFFFFF04FFFFFFFF0CFFFFFFFF13426EAF9A21AC3F4023E70EACF4282F4000000000000000001400000000000000000000000000000000000000000000F03F14B174F4AE3033C33F0000000000000000000000000000008006000000000000F03F0B0B110D046564
310
67650CFFFFFFFF04FFFFFFFF0CFFFFFFFF0C020000000600000000000000000C0200000006182D4454FB2119400C050000000C030000000B0707756E6B6E6F776E110D06636F656467650CFFFFFFFF04FFFFFFFF0CFFFFFFFF0C050000000C050000000CFFFFFFFF0C040000000B0C0600000004000000000CFFFFFFFF110D
310
046C6F6F700CFFFFFFFF04FFFFFFFF0CFFFFFFFF0CFFFFFFFF0C050000000C08000000110E05706C616E650D07737572666163650CFFFFFFFF04FFFFFFFF0CFFFFFFFF13CD79006AEE983F4023E70EACF4282F4000000000000000001400000000000000800000000000000000000000000000F03F14000000000000F0BF00
310
0000000000000000000000000000800B0B0B0B0B110D04666163650CFFFFFFFF04FFFFFFFF0CFFFFFFFF0CFFFFFFFF0C060000000C090000000CFFFFFFFF0C070000000B0A0B110D057368656C6C0CFFFFFFFF04FFFFFFFF0CFFFFFFFF0CFFFFFFFF0CFFFFFFFF0C080000000CFFFFFFFF0C0A000000110D046C756D700CFF
310
FFFFFF04FFFFFFFF0CFFFFFFFF0CFFFFFFFF0C090000000C00000000110E03456E640E026F660E0341534D0D0464617461
  0
ACDSRECORD
 90
        1
  2
AcDbDs::ID
280
    10
320
7B
  2
ASM_Data
280
    15
 94
      811
310
414349532042696E61727946696C652855000000000000010000000C00000007214F70656E2044657369676E20416C6C69616E63652041434953204275696C646572070E41434953203231382E3030204E540718546875204A756E2032372031363A32383A3231203230323406000000000000F03F0648AFBC9AF2D77A3E06
310
BBBDD7D9DF7CDB3D0D04626F64790CFFFFFFFF04FFFFFFFF0CFFFFFFFF0C0A0000000CFFFFFFFF0CFFFFFFFF110D05706F696E740CFFFFFFFF04FFFFFFFF0CFFFFFFFF13BB4117816F674040FC98FF25E3EF2D400000000000000000110D067665727465780CFFFFFFFF04FFFFFFFF0CFFFFFFFF0C0400000004020000000C
310
01000000110E07656C6C697073650D0563757276650CFFFFFFFF04FFFFFFFF0CFFFFFFFF13464D68503C544040FC98FF25E3EF2D4000000000000000001400000000000000000000000000000000000000000000F03F14B174F4AE3033C33F0000000000000000000000000000008006000000000000F03F0B0B110D046564
310
67650CFFFFFFFF04FFFFFFFF0CFFFFFFFF0C020000000600000000000000000C0200000006182D4454FB2119400C050000000C030000000B0707756E6B6E6F776E110D06636F656467650CFFFFFFFF04FFFFFFFF0CFFFFFFFF0C050000000C050000000CFFFFFFFF0C040000000B0C0600000004000000000CFFFFFFFF110D
310
046C6F6F700CFFFFFFFF04FFFFFFFF0CFFFFFFFF0CFFFFFFFF0C050000000C08000000110E05706C616E650D07737572666163650CFFFFFFFF04FFFFFFFF0CFFFFFFFF130CD310B8A24A4040FC98FF25E3EF2D4000000000000000001400000000000000800000000000000000000000000000F03F14000000000000F0BF00
310
0000000000000000000000000000800B0B0B0B0B110D04666163650CFFFFFFFF04FFFFFFFF0CFFFFFFFF0CFFFFFFFF0C060000000C090000000CFFFFFFFF0C070000000B0A0B110D057368656C6C0CFFFFFFFF04FFFFFFFF0CFFFFFFFF0CFFFFFFFF0CFFFFFFFF0C080000000CFFFFFFFF0C0A000000110D046C756D700CFF
310
FFFFFF04FFFFFFFF0CFFFFFFFF0CFFFFFFFF0C090000000C00000000110E03456E640E026F660E0341534D0D0464617461
  0
ACDSRECORD
 90
        1
  2
AcDbDs::ID
280
    10
320
7D
  2
ASM_Data
280
    15
 94
      811
310
414349532042696E61727946696C652855000000000000010000000C00000007214F70656E2044657369676E20416C6C69616E63652041434953204275696C646572070E41434953203231382E3030204E540718546875204A756E2032372031363A32383A3231203230323406000000000000F03F0648AFBC9AF2D77A3E06
310
BBBDD7D9DF7CDB3D0D04626F64790CFFFFFFFF04FFFFFFFF0CFFFFFFFF0C0A0000000CFFFFFFFF0CFFFFFFFF110D05706F696E740CFFFFFFFF04FFFFFFFF0CFFFFFFFF13835F76913AC54040033C48D3C9DB2D400000000000000000110D067665727465780CFFFFFFFF04FFFFFFFF0CFFFFFFFF0C0400000004020000000C
310
01000000110E07656C6C697073650D0563757276650CFFFFFFFF04FFFFFFFF0CFFFFFFFF130E6BC76007B24040033C48D3C9DB2D4000000000000000001400000000000000000000000000000000000000000000F03F14B174F4AE3033C33F0000000000000000000000000000008006000000000000F03F0B0B110D046564
310
67650CFFFFFFFF04FFFFFFFF0CFFFFFFFF0C020000000600000000000000000C0200000006182D4454FB2119400C050000000C030000000B0707756E6B6E6F776E110D06636F656467650CFFFFFFFF04FFFFFFFF0CFFFFFFFF0C050000000C050000000CFFFFFFFF0C040000000B0C0600000004000000000CFFFFFFFF110D
310
046C6F6F700CFFFFFFFF04FFFFFFFF0CFFFFFFFF0CFFFFFFFF0C050000000C08000000110E05706C616E650D07737572666163650CFFFFFFFF04FFFFFFFF0CFFFFFFFF13D4F06FC86DA84040033C48D3C9DB2D4000000000000000001400000000000000800000000000000000000000000000F03F14000000000000F0BF00
310
0000000000000000000000000000800B0B0B0B0B110D04666163650CFFFFFFFF04FFFFFFFF0CFFFFFFFF0CFFFFFFFF0C060000000C090000000CFFFFFFFF0C070000000B0A0B110D057368656C6C0CFFFFFFFF04FFFFFFFF0CFFFFFFFF0CFFFFFFFF0CFFFFFFFF0C080000000CFFFFFFFF0C0A000000110D046C756D700CFF
310
FFFFFF04FFFFFFFF0CFFFFFFFF0CFFFFFFFF0C090000000C00000000110E03456E640E026F660E0341534D0D0464617461
  0
ACDSRECORD
 90
        1
  2
AcDbDs::ID
280
    10
320
7F
  2
ASM_Data
280
    15
 94
      811
310
414349532042696E61727946696C652855000000000000010000000C00000007214F70656E2044657369676E20416C6C69616E63652041434953204275696C646572070E41434953203231382E3030204E540718546875204A756E2032372031363A32383A3231203230323406000000000000F03F0648AFBC9AF2D77A3E06
310
BBBDD7D9DF7CDB3D0D04626F64790CFFFFFFFF04FFFFFFFF0CFFFFFFFF0C0A0000000CFFFFFFFF0CFFFFFFFF110D05706F696E740CFFFFFFFF04FFFFFFFF0CFFFFFFFF132212E8C0305A3940194C261BCD911B400000000000000000110D067665727465780CFFFFFFFF04FFFFFFFF0CFFFFFFFF0C0400000004020000000C
310
01000000110E07656C6C697073650D0563757276650CFFFFFFFF04FFFFFFFF0CFFFFFFFF1339298A5FCA333940194C261BCD911B4000000000000000001400000000000000000000000000000000000000000000F03F14B174F4AE3033C33F0000000000000000000000000000008006000000000000F03F0B0B110D046564
310
67650CFFFFFFFF04FFFFFFFF0CFFFFFFFF0C020000000600000000000000000C0200000006182D4454FB2119400C050000000C030000000B0707756E6B6E6F776E110D06636F656467650CFFFFFFFF04FFFFFFFF0CFFFFFFFF0C050000000C050000000CFFFFFFFF0C040000000B0C0600000004000000000CFFFFFFFF110D
310
046C6F6F700CFFFFFFFF04FFFFFFFF0CFFFFFFFF0CFFFFFFFF0C050000000C08000000110E05706C616E650D07737572666163650CFFFFFFFF04FFFFFFFF0CFFFFFFFF13C434DB2E97203940194C261BCD911B4000000000000000001400000000000000800000000000000000000000000000F03F14000000000000F0BF00
310
0000000000000000000000000000800B0B0B0B0B110D04666163650CFFFFFFFF04FFFFFFFF0CFFFFFFFF0CFFFFFFFF0C060000000C090000000CFFFFFFFF0C070000000B0A0B110D057368656C6C0CFFFFFFFF04FFFFFFFF0CFFFFFFFF0CFFFFFFFF0CFFFFFFFF0C080000000CFFFFFFFF0C0A000000110D046C756D700CFF
310
FFFFFF04FFFFFFFF0CFFFFFFFF0CFFFFFFFF0C090000000C00000000110E03456E640E026F660E0341534D0D0464617461
  0
ACDSRECORD
 90
        1
  2
AcDbDs::ID
280
    10
320
81
  2
ASM_Data
280
    15
 94
      811
310
414349532042696E61727946696C652855000000000000010000000C00000007214F70656E2044657369676E20416C6C69616E63652041434953204275696C646572070E41434953203231382E3030204E540718546875204A756E2032372031363A32383A3231203230323406000000000000F03F0648AFBC9AF2D77A3E06
310
BBBDD7D9DF7CDB3D0D04626F64790CFFFFFFFF04FFFFFFFF0CFFFFFFFF0C0A0000000CFFFFFFFF0CFFFFFFFF110D05706F696E740CFFFFFFFF04FFFFFFFF0CFFFFFFFF13DFB3F9A854393A40C74A276D05A81B400000000000000000110D067665727465780CFFFFFFFF04FFFFFFFF0CFFFFFFFF0C0400000004020000000C
310
01000000110E07656C6C697073650D0563757276650CFFFFFFFF04FFFFFFFF0CFFFFFFFF13F6CA9B47EE123A40C74A276D05A81B4000000000000000001400000000000000000000000000000000000000000000F03F14B174F4AE3033C33F0000000000000000000000000000008006000000000000F03F0B0B110D046564
310
67650CFFFFFFFF04FFFFFFFF0CFFFFFFFF0C020000000600000000000000000C0200000006182D4454FB2119400C050000000C030000000B0707756E6B6E6F776E110D06636F656467650CFFFFFFFF04FFFFFFFF0CFFFFFFFF0C050000000C050000000CFFFFFFFF0C040000000B0C0600000004000000000CFFFFFFFF110D
310
046C6F6F700CFFFFFFFF04FFFFFFFF0CFFFFFFFF0CFFFFFFFF0C050000000C08000000110E05706C616E650D07737572666163650CFFFFFFFF04FFFFFFFF0CFFFFFFFF1381D6EC16BBFF3940C74A276D05A81B4000000000000000001400000000000000800000000000000000000000000000F03F14000000000000F0BF00
310
0000000000000000000000000000800B0B0B0B0B110D04666163650CFFFFFFFF04FFFFFFFF0CFFFFFFFF0CFFFFFFFF0C060000000C090000000CFFFFFFFF0C070000000B0A0B110D057368656C6C0CFFFFFFFF04FFFFFFFF0CFFFFFFFF0CFFFFFFFF0CFFFFFFFF0C080000000CFFFFFFFF0C0A000000110D046C756D700CFF
310
FFFFFF04FFFFFFFF0CFFFFFFFF0CFFFFFFFF0C090000000C00000000110E03456E640E026F660E0341534D0D0464617461
  0
ACDSRECORD
 90
        1
  2
AcDbDs::ID
280
    10
320
83
  2
ASM_Data
280
    15
 94
      811
310
414349532042696E61727946696C652855000000000000010000000C00000007214F70656E2044657369676E20416C6C69616E63652041434953204275696C646572070E41434953203231382E3030204E540718546875204A756E2032372031363A32383A3231203230323406000000000000F03F0648AFBC9AF2D77A3E06
310
BBBDD7D9DF7CDB3D0D04626F64790CFFFFFFFF04FFFFFFFF0CFFFFFFFF0C0A0000000CFFFFFFFF0CFFFFFFFF110D05706F696E740CFFFFFFFF04FFFFFFFF0CFFFFFFFF139AE6996E442B3A4018701ACB89200E400000000000000000110D067665727465780CFFFFFFFF04FFFFFFFF0CFFFFFFFF0C0400000004020000000C
310
01000000110E07656C6C697073650D0563757276650CFFFFFFFF04FFFFFFFF0CFFFFFFFF13B1FD3B0DDE043A4018701ACB89200E4000000000000000001400000000000000000000000000000000000000000000F03F14B174F4AE3033C33F0000000000000000000000000000008006000000000000F03F0B0B110D046564
310
67650CFFFFFFFF04FFFFFFFF0CFFFFFFFF0C020000000600000000000000000C0200000006182D4454FB2119400C050000000C030000000B0707756E6B6E6F776E110D06636F656467650CFFFFFFFF04FFFFFFFF0CFFFFFFFF0C050000000C050000000CFFFFFFFF0C040000000B0C0600000004000000000CFFFFFFFF110D
310
046C6F6F700CFFFFFFFF04FFFFFFFF0CFFFFFFFF0CFFFFFFFF0C050000000C08000000110E05706C616E650D07737572666163650CFFFFFFFF04FFFFFFFF0CFFFFFFFF133C098DDCAAF1394018701ACB89200E4000000000000000001400000000000000800000000000000000000000000000F03F14000000000000F0BF00
310
0000000000000000000000000000800B0B0B0B0B110D04666163650CFFFFFFFF04FFFFFFFF0CFFFFFFFF0CFFFFFFFF0C060000000C090000000CFFFFFFFF0C070000000B0A0B110D057368656C6C0CFFFFFFFF04FFFFFFFF0CFFFFFFFF0CFFFFFFFF0CFFFFFFFF0C080000000CFFFFFFFF0C0A000000110D046C756D700CFF
310
FFFFFF04FFFFFFFF0CFFFFFFFF0CFFFFFFFF0C090000000C00000000110E03456E640E026F660E0341534D0D0464617461
  0
ACDSRECORD
 90
        1
  2
AcDbDs::ID
280
    10
320
85
  2
ASM_Data
280
    15
 94
      811
310
414349532042696E61727946696C652855000000000000010000000C00000007214F70656E2044657369676E20416C6C69616E63652041434953204275696C646572070E41434953203231382E3030204E540718546875204A756E2032372031363A32383A3231203230323406000000000000F03F0648AFBC9AF2D77A3E06
310
BBBDD7D9DF7CDB3D0D04626F64790CFFFFFFFF04FFFFFFFF0CFFFFFFFF0C0A0000000CFFFFFFFF0CFFFFFFFF110D05706F696E740CFFFFFFFF04FFFFFFFF0CFFFFFFFF13CA255D4C966D39404B22B904F9FC0D400000000000000000110D067665727465780CFFFFFFFF04FFFFFFFF0CFFFFFFFF0C0400000004020000000C
310
01000000110E07656C6C697073650D0563757276650CFFFFFFFF04FFFFFFFF0CFFFFFFFF13E13CFFEA2F4739404B22B904F9FC0D4000000000000000001400000000000000000000000000000000000000000000F03F14B174F4AE3033C33F0000000000000000000000000000008006000000000000F03F0B0B110D046564
310
67650CFFFFFFFF04FFFFFFFF0CFFFFFFFF0C020000000600000000000000000C0200000006182D4454FB2119400C050000000C030000000B0707756E6B6E6F776E110D06636F656467650CFFFFFFFF04FFFFFFFF0CFFFFFFFF0C050000000C050000000CFFFFFFFF0C040000000B0C0600000004000000000CFFFFFFFF110D
310
046C6F6F700CFFFFFFFF04FFFFFFFF0CFFFFFFFF0CFFFFFFFF0C050000000C08000000110E05706C616E650D07737572666163650CFFFFFFFF04FFFFFFFF0CFFFFFFFF136C4850BAFC3339404B22B904F9FC0D4000000000000000001400000000000000800000000000000000000000000000F03F14000000000000F0BF00
310
0000000000000000000000000000800B0B0B0B0B110D04666163650CFFFFFFFF04FFFFFFFF0CFFFFFFFF0CFFFFFFFF0C060000000C090000000CFFFFFFFF0C070000000B0A0B110D057368656C6C0CFFFFFFFF04FFFFFFFF0CFFFFFFFF0CFFFFFFFF0CFFFFFFFF0C080000000CFFFFFFFF0C0A000000110D046C756D700CFF
310
FFFFFF04FFFFFFFF0CFFFFFFFF0CFFFFFFFF0C090000000C00000000110E03456E640E026F660E0341534D0D0464617461
  0
ACDSRECORD
 90
        1
  2
AcDbDs::ID
280
    10
320
87
  2
ASM_Data
280
    15
 94
      811
310
414349532042696E61727946696C652855000000000000010000000C00000007214F70656E2044657369676E20416C6C69616E63652041434953204275696C646572070E41434953203231382E3030204E540718546875204A756E2032372031363A32383A3231203230323406000000000000F03F0648AFBC9AF2D77A3E06
310
BBBDD7D9DF7CDB3D0D04626F64790CFFFFFFFF04FFFFFFFF0CFFFFFFFF0C0A0000000CFFFFFFFF0CFFFFFFFF110D05706F696E740CFFFFFFFF04FFFFFFFF0CFFFFFFFF13B5085ABBCC4C22409EED6EF1323311400000000000000000110D067665727465780CFFFFFFFF04FFFFFFFF0CFFFFFFFF0C0400000004020000000C
310
01000000110E07656C6C697073650D0563757276650CFFFFFFFF04FFFFFFFF0CFFFFFFFF13E2369EF8FFFF21409EED6EF13233114000000000000000001400000000000000000000000000000000000000000000F03F14B174F4AE3033C33F0000000000000000000000000000008006000000000000F03F0B0B110D046564
310
67650CFFFFFFFF04FFFFFFFF0CFFFFFFFF0C020000000600000000000000000C0200000006182D4454FB2119400C050000000C030000000B0707756E6B6E6F776E110D06636F656467650CFFFFFFFF04FFFFFFFF0CFFFFFFFF0C050000000C050000000CFFFFFFFF0C040000000B0C0600000004000000000CFFFFFFFF110D
310
046C6F6F700CFFFFFFFF04FFFFFFFF0CFFFFFFFF0CFFFFFFFF0C050000000C08000000110E05706C616E650D07737572666163650CFFFFFFFF04FFFFFFFF0CFFFFFFFF13F94D409799D921409EED6EF13233114000000000000000001400000000000000800000000000000000000000000000F03F14000000000000F0BF00
310
0000000000000000000000000000800B0B0B0B0B110D04666163650CFFFFFFFF04FFFFFFFF0CFFFFFFFF0CFFFFFFFF0C060000000C090000000CFFFFFFFF0C070000000B0A0B110D057368656C6C0CFFFFFFFF04FFFFFFFF0CFFFFFFFF0CFFFFFFFF0CFFFFFFFF0C080000000CFFFFFFFF0C0A000000110D046C756D700CFF
310
FFFFFF04FFFFFFFF0CFFFFFFFF0CFFFFFFFF0C090000000C00000000110E03456E640E026F660E0341534D0D0464617461
  0
ACDSRECORD
 90
        1
  2
AcDbDs::ID
280
    10
320
89
  2
ASM_Data
280
    15
 94
      811
310
414349532042696E61727946696C652855000000000000010000000C00000007214F70656E2044657369676E20416C6C69616E63652041434953204275696C646572070E41434953203231382E3030204E540718546875204A756E2032372031363A32383A3231203230323406000000000000F03F0648AFBC9AF2D77A3E06
310
BBBDD7D9DF7CDB3D0D04626F64790CFFFFFFFF04FFFFFFFF0CFFFFFFFF0C0A0000000CFFFFFFFF0CFFFFFFFF110D05706F696E740CFFFFFFFF04FFFFFFFF0CFFFFFFFF136CE588294F11444091E4034C2A5C29400000000000000000110D067665727465780CFFFFFFFF04FFFFFFFF0CFFFFFFFF0C0400000004020000000C
310
01000000110E07656C6C697073650D0563757276650CFFFFFFFF04FFFFFFFF0CFFFFFFFF13F7F0D9F81BFE434091E4034C2A5C294000000000000000001400000000000000000000000000000000000000000000F03F14B174F4AE3033C33F0000000000000000000000000000008006000000000000F03F0B0B110D046564
310
67650CFFFFFFFF04FFFFFFFF0CFFFFFFFF0C020000000600000000000000000C0200000006182D4454FB2119400C050000000C030000000B0707756E6B6E6F776E110D06636F656467650CFFFFFFFF04FFFFFFFF0CFFFFFFFF0C050000000C050000000CFFFFFFFF0C040000000B0C0600000004000000000CFFFFFFFF110D
310
046C6F6F700CFFFFFFFF04FFFFFFFF0CFFFFFFFF0CFFFFFFFF0C050000000C08000000110E05706C616E650D07737572666163650CFFFFFFFF04FFFFFFFF0CFFFFFFFF13BD76826082F4434091E4034C2A5C294000000000000000001400000000000000800000000000000000000000000000F03F14000000000000F0BF00
310
0000000000000000000000000000800B0B0B0B0B110D04666163650CFFFFFFFF04FFFFFFFF0CFFFFFFFF0CFFFFFFFF0C060000000C090000000CFFFFFFFF0C070000000B0A0B110D057368656C6C0CFFFFFFFF04FFFFFFFF0CFFFFFFFF0CFFFFFFFF0CFFFFFFFF0C080000000CFFFFFFFF0C0A000000110D046C756D700CFF
310
FFFFFF04FFFFFFFF0CFFFFFFFF0CFFFFFFFF0C090000000C00000000110E03456E640E026F660E0341534D0D0464617461
  0
ACDSRECORD
 90
        1
  2
AcDbDs::ID
280
    10
320
8B
  2
ASM_Data
280
    15
 94
      811
310
414349532042696E61727946696C652855000000000000010000000C00000007214F70656E2044657369676E20416C6C69616E63652041434953204275696C646572070E41434953203231382E3030204E540718546875204A756E2032372031363A32383A3231203230323406000000000000F03F0648AFBC9AF2D77A3E06
310
BBBDD7D9DF7CDB3D0D04626F64790CFFFFFFFF04FFFFFFFF0CFFFFFFFF0C0A0000000CFFFFFFFF0CFFFFFFFF110D05706F696E740CFFFFFFFF04FFFFFFFF0CFFFFFFFF134744C6DDFF7F2F40CA767412008032400000000000000000110D067665727465780CFFFFFFFF04FFFFFFFF0CFFFFFFFF0C0400000004020000000C
310
01000000110E07656C6C697073650D0563757276650CFFFFFFFF04FFFFFFFF0CFFFFFFFF1374720A1B33332F40CA7674120080324000000000000000001400000000000000000000000000000000000000000000F03F14B174F4AE3033C33F0000000000000000000000000000008006000000000000F03F0B0B110D046564
310
67650CFFFFFFFF04FFFFFFFF0CFFFFFFFF0C020000000600000000000000000C0200000006182D4454FB2119400C050000000C030000000B0707756E6B6E6F776E110D06636F656467650CFFFFFFFF04FFFFFFFF0CFFFFFFFF0C050000000C050000000CFFFFFFFF0C040000000B0C0600000004000000000CFFFFFFFF110D
310
046C6F6F700CFFFFFFFF04FFFFFFFF0CFFFFFFFF0CFFFFFFFF0C050000000C08000000110E05706C616E650D07737572666163650CFFFFFFFF04FFFFFFFF0CFFFFFFFF138B89ACB9CC0C2F40CA7674120080324000000000000000001400000000000000800000000000000000000000000000F03F14000000000000F0BF00
310
0000000000000000000000000000800B0B0B0B0B110D04666163650CFFFFFFFF04FFFFFFFF0CFFFFFFFF0CFFFFFFFF0C060000000C090000000CFFFFFFFF0C070000000B0A0B110D057368656C6C0CFFFFFFFF04FFFFFFFF0CFFFFFFFF0CFFFFFFFF0CFFFFFFFF0C080000000CFFFFFFFF0C0A000000110D046C756D700CFF
310
FFFFFF04FFFFFFFF0CFFFFFFFF0CFFFFFFFF0C090000000C00000000110E03456E640E026F660E0341534D0D0464617461
  0
ACDSRECORD
 90
        1
  2
AcDbDs::ID
280
    10
320
8D
  2
ASM_Data
280
    15
 94
      811
310
414349532042696E61727946696C652855000000000000010000000C00000007214F70656E2044657369676E20416C6C69616E63652041434953204275696C646572070E41434953203231382E3030204E540718546875204A756E2032372031363A32383A3231203230323406000000000000F03F0648AFBC9AF2D77A3E06
310
BBBDD7D9DF7CDB3D0D04626F64790CFFFFFFFF04FFFFFFFF0CFFFFFFFF0C0A0000000CFFFFFFFF0CFFFFFFFF110D05706F696E740CFFFFFFFF04FFFFFFFF0CFFFFFFFF13B9B3A7CBFF7F2D4077203EF2FFFF35400000000000000000110D067665727465780CFFFFFFFF04FFFFFFFF0CFFFFFFFF0C0400000004020000000C
310
01000000110E07656C6C697073650D0563757276650CFFFFFFFF04FFFFFFFF0CFFFFFFFF13E6E1EB0833332D4077203EF2FFFF354000000000000000001400000000000000000000000000000000000000000000F03F14B174F4AE3033C33F0000000000000000000000000000008006000000000000F03F0B0B110D046564
310
67650CFFFFFFFF04FFFFFFFF0CFFFFFFFF0C020000000600000000000000000C0200000006182D4454FB2119400C050000000C030000000B0707756E6B6E6F776E110D06636F656467650CFFFFFFFF04FFFFFFFF0CFFFFFFFF0C050000000C050000000CFFFFFFFF0C040000000B0C0600000004000000000CFFFFFFFF110D
310
046C6F6F700CFFFFFFFF04FFFFFFFF0CFFFFFFFF0CFFFFFFFF0C050000000C08000000110E05706C616E650D07737572666163650CFFFFFFFF04FFFFFFFF0CFFFFFFFF13FDF88DA7CC0C2D4077203EF2FFFF354000000000000000001400000000000000800000000000000000000000000000F03F14000000000000F0BF00
310
0000000000000000000000000000800B0B0B0B0B110D04666163650CFFFFFFFF04FFFFFFFF0CFFFFFFFF0CFFFFFFFF0C060000000C090000000CFFFFFFFF0C070000000B0A0B110D057368656C6C0CFFFFFFFF04FFFFFFFF0CFFFFFFFF0CFFFFFFFF0CFFFFFFFF0C080000000CFFFFFFFF0C0A000000110D046C756D700CFF
310
FFFFFF04FFFFFFFF0CFFFFFFFF0CFFFFFFFF0C090000000C00000000110E03456E640E026F660E0341534D0D0464617461
  0
ACDSRECORD
 90
        1
  2
AcDbDs::ID
280
    10
320
8F
  2
ASM_Data
280
    15
 94
      811
310
414349532042696E61727946696C652855000000000000010000000C00000007214F70656E2044657369676E20416C6C69616E63652041434953204275696C646572070E41434953203231382E3030204E540718546875204A756E2032372031363A32383A3231203230323406000000000000F03F0648AFBC9AF2D77A3E06
310
BBBDD7D9DF7CDB3D0D04626F64790CFFFFFFFF04FFFFFFFF0CFFFFFFFF0C0A0000000CFFFFFFFF0CFFFFFFFF110D05706F696E740CFFFFFFFF04FFFFFFFF0CFFFFFFFF1343549FB31E392E4043DA6BE6354535400000000000000000110D067665727465780CFFFFFFFF04FFFFFFFF0CFFFFFFFF0C0400000004020000000C
310
01000000110E07656C6C697073650D0563757276650CFFFFFFFF04FFFFFFFF0CFFFFFFFF137082E3F051EC2D4043DA6BE63545354000000000000000001400000000000000000000000000000000000000000000F03F14B174F4AE3033C33F0000000000000000000000000000008006000000000000F03F0B0B110D046564
310
67650CFFFFFFFF04FFFFFFFF0CFFFFFFFF0C020000000600000000000000000C0200000006182D4454FB2119400C050000000C030000000B0707756E6B6E6F776E110D06636F656467650CFFFFFFFF04FFFFFFFF0CFFFFFFFF0C050000000C050000000CFFFFFFFF0C040000000B0C0600000004000000000CFFFFFFFF110D
310
046C6F6F700CFFFFFFFF04FFFFFFFF0CFFFFFFFF0CFFFFFFFF0C050000000C08000000110E05706C616E650D07737572666163650CFFFFFFFF04FFFFFFFF0CFFFFFFFF138799858FEBC52D4043DA6BE63545354000000000000000001400000000000000800000000000000000000000000000F03F14000000000000F0BF00
310
0000000000000000000000000000800B0B0B0B0B110D04666163650CFFFFFFFF04FFFFFFFF0CFFFFFFFF0CFFFFFFFF0C060000000C090000000CFFFFFFFF0C070000000B0A0B110D057368656C6C0CFFFFFFFF04FFFFFFFF0CFFFFFFFF0CFFFFFFFF0CFFFFFFFF0C080000000CFFFFFFFF0C0A000000110D046C756D700CFF
310
FFFFFF04FFFFFFFF0CFFFFFFFF0CFFFFFFFF0C090000000C00000000110E03456E640E026F660E0341534D0D0464617461
  0
ACDSRECORD
 90
        1
  2
AcDbDs::ID
280
    10
320
91
  2
ASM_Data
280
    15
 94
      811
310
414349532042696E61727946696C652855000000000000010000000C00000007214F70656E2044657369676E20416C6C69616E63652041434953204275696C646572070E41434953203231382E3030204E540718546875204A756E2032372031363A32383A3231203230323406000000000000F03F0648AFBC9AF2D77A3E06
310
BBBDD7D9DF7CDB3D0D04626F64790CFFFFFFFF04FFFFFFFF0CFFFFFFFF0C0A0000000CFFFFFFFF0CFFFFFFFF110D05706F696E740CFFFFFFFF04FFFFFFFF0CFFFFFFFF13B70A208499D93D4080D360BFCCCC29400000000000000000110D067665727465780CFFFFFFFF04FFFFFFFF0CFFFFFFFF0C0400000004020000000C
310
01000000110E07656C6C697073650D0563757276650CFFFFFFFF04FFFFFFFF0CFFFFFFFF13CE21C22233B33D4080D360BFCCCC294000000000000000001400000000000000000000000000000000000000000000F03F14B174F4AE3033C33F0000000000000000000000000000008006000000000000F03F0B0B110D046564
310
67650CFFFFFFFF04FFFFFFFF0CFFFFFFFF0C020000000600000000000000000C0200000006182D4454FB2119400C050000000C030000000B0707756E6B6E6F776E110D06636F656467650CFFFFFFFF04FFFFFFFF0CFFFFFFFF0C050000000C050000000CFFFFFFFF0C040000000B0C0600000004000000000CFFFFFFFF110D
310
046C6F6F700CFFFFFFFF04FFFFFFFF0CFFFFFFFF0CFFFFFFFF0C050000000C08000000110E05706C616E650D07737572666163650CFFFFFFFF04FFFFFFFF0CFFFFFFFF13592D13F2FF9F3D4080D360BFCCCC294000000000000000001400000000000000800000000000000000000000000000F03F14000000000000F0BF00
310
0000000000000000000000000000800B0B0B0B0B110D04666163650CFFFFFFFF04FFFFFFFF0CFFFFFFFF0CFFFFFFFF0C060000000C090000000CFFFFFFFF0C070000000B0A0B110D057368656C6C0CFFFFFFFF04FFFFFFFF0CFFFFFFFF0CFFFFFFFF0CFFFFFFFF0C080000000CFFFFFFFF0C0A000000110D046C756D700CFF
310
FFFFFF04FFFFFFFF0CFFFFFFFF0CFFFFFFFF0C090000000C00000000110E03456E640E026F660E0341534D0D0464617461
  0
ACDSRECORD
 90
        1
  2
AcDbDs::ID
280
    10
320
93
  2
ASM_Data
280
    15
 94
      811
310
414349532042696E61727946696C652855000000000000010000000C00000007214F70656E2044657369676E20416C6C69616E63652041434953204275696C646572070E41434953203231382E3030204E540718546875204A756E2032372031363A32383A3231203230323406000000000000F03F0648AFBC9AF2D77A3E06
310
BBBDD7D9DF7CDB3D0D04626F64790CFFFFFFFF04FFFFFFFF0CFFFFFFFF0C0A0000000CFFFFFFFF0CFFFFFFFF110D05706F696E740CFFFFFFFF04FFFFFFFF0CFFFFFFFF132BD4A25766A63D4023262C1A000021400000000000000000110D067665727465780CFFFFFFFF04FFFFFFFF0CFFFFFFFF0C0400000004020000000C
310
01000000110E07656C6C697073650D0563757276650CFFFFFFFF04FFFFFFFF0CFFFFFFFF1342EB44F6FF7F3D4023262C1A0000214000000000000000001400000000000000000000000000000000000000000000F03F14B174F4AE3033C33F0000000000000000000000000000008006000000000000F03F0B0B110D046564
310
67650CFFFFFFFF04FFFFFFFF0CFFFFFFFF0C020000000600000000000000000C0200000006182D4454FB2119400C050000000C030000000B0707756E6B6E6F776E110D06636F656467650CFFFFFFFF04FFFFFFFF0CFFFFFFFF0C050000000C050000000CFFFFFFFF0C040000000B0C0600000004000000000CFFFFFFFF110D
310
046C6F6F700CFFFFFFFF04FFFFFFFF0CFFFFFFFF0CFFFFFFFF0C050000000C08000000110E05706C616E650D07737572666163650CFFFFFFFF04FFFFFFFF0CFFFFFFFF13CDF695C5CC6C3D4023262C1A0000214000000000000000001400000000000000800000000000000000000000000000F03F14000000000000F0BF00
310
0000000000000000000000000000800B0B0B0B0B110D04666163650CFFFFFFFF04FFFFFFFF0CFFFFFFFF0CFFFFFFFF0C060000000C090000000CFFFFFFFF0C070000000B0A0B110D057368656C6C0CFFFFFFFF04FFFFFFFF0CFFFFFFFF0CFFFFFFFF0CFFFFFFFF0C080000000CFFFFFFFF0C0A000000110D046C756D700CFF
310
FFFFFF04FFFFFFFF0CFFFFFFFF0CFFFFFFFF0C090000000C00000000110E03456E640E026F660E0341534D0D0464617461
  0
ACDSRECORD
 90
        1
  2
AcDbDs::ID
280
    10
320
95
  2
ASM_Data
280
    15
 94
      811
310
414349532042696E61727946696C652855000000000000010000000C00000007214F70656E2044657369676E20416C6C69616E63652041434953204275696C646572070E41434953203231382E3030204E540718546875204A756E2032372031363A32383A3231203230323406000000000000F03F0648AFBC9AF2D77A3E06
310
BBBDD7D9DF7CDB3D0D04626F64790CFFFFFFFF04FFFFFFFF0CFFFFFFFF0C0A0000000CFFFFFFFF0CFFFFFFFF110D05706F696E740CFFFFFFFF04FFFFFFFF0CFFFFFFFF1380DB6EDD283C41400EF6C35B295C26400000000000000000110D067665727465780CFFFFFFFF04FFFFFFFF0CFFFFFFFF0C0400000004020000000C
310
01000000110E07656C6C697073650D0563757276650CFFFFFFFF04FFFFFFFF0CFFFFFFFF130BE7BFACF52841400EF6C35B295C264000000000000000001400000000000000000000000000000000000000000000F03F14B174F4AE3033C33F0000000000000000000000000000008006000000000000F03F0B0B110D046564
310
67650CFFFFFFFF04FFFFFFFF0CFFFFFFFF0C020000000600000000000000000C0200000006182D4454FB2119400C050000000C030000000B0707756E6B6E6F776E110D06636F656467650CFFFFFFFF04FFFFFFFF0CFFFFFFFF0C050000000C050000000CFFFFFFFF0C040000000B0C0600000004000000000CFFFFFFFF110D
310
046C6F6F700CFFFFFFFF04FFFFFFFF0CFFFFFFFF0CFFFFFFFF0C050000000C08000000110E05706C616E650D07737572666163650CFFFFFFFF04FFFFFFFF0CFFFFFFFF13D16C68145C1F41400EF6C35B295C264000000000000000001400000000000000800000000000000000000000000000F03F14000000000000F0BF00
310
0000000000000000000000000000800B0B0B0B0B110D04666163650CFFFFFFFF04FFFFFFFF0CFFFFFFFF0CFFFFFFFF0C060000000C090000000CFFFFFFFF0C070000000B0A0B110D057368656C6C0CFFFFFFFF04FFFFFFFF0CFFFFFFFF0CFFFFFFFF0CFFFFFFFF0C080000000CFFFFFFFF0C0A000000110D046C756D700CFF
310
FFFFFF04FFFFFFFF0CFFFFFFFF0CFFFFFFFF0C090000000C00000000110E03456E640E026F660E0341534D0D0464617461
  0
ACDSRECORD
 90
        1
  2
AcDbDs::ID
280
    10
320
97
  2
ASM_Data
280
    15
 94
      811
310
414349532042696E61727946696C652855000000000000010000000C00000007214F70656E2044657369676E20416C6C69616E63652041434953204275696C646572070E41434953203231382E3030204E540718546875204A756E2032372031363A32383A3231203230323406000000000000F03F0648AFBC9AF2D77A3E06
310
BBBDD7D9DF7CDB3D0D04626F64790CFFFFFFFF04FFFFFFFF0CFFFFFFFF0C0A0000000CFFFFFFFF0CFFFFFFFF110D05706F696E740CFFFFFFFF04FFFFFFFF0CFFFFFFFF13996AFB91017239402BA3B2DD146332400000000000000000110D067665727465780CFFFFFFFF04FFFFFFFF0CFFFFFFFF0C0400000004020000000C
310
01000000110E07656C6C697073650D0563757276650CFFFFFFFF04FFFFFFFF0CFFFFFFFF13B0819D309B4B39402BA3B2DD1463324000000000000000001400000000000000000000000000000000000000000000F03F14B174F4AE3033C33F0000000000000000000000000000008006000000000000F03F0B0B110D046564
310
67650CFFFFFFFF04FFFFFFFF0CFFFFFFFF0C020000000600000000000000000C0200000006182D4454FB2119400C050000000C030000000B0707756E6B6E6F776E110D06636F656467650CFFFFFFFF04FFFFFFFF0CFFFFFFFF0C050000000C050000000CFFFFFFFF0C040000000B0C0600000004000000000CFFFFFFFF110D
310
046C6F6F700CFFFFFFFF04FFFFFFFF0CFFFFFFFF0CFFFFFFFF0C050000000C08000000110E05706C616E650D07737572666163650CFFFFFFFF04FFFFFFFF0CFFFFFFFF133B8DEEFF673839402BA3B2DD1463324000000000000000001400000000000000800000000000000000000000000000F03F14000000000000F0BF00
310
0000000000000000000000000000800B0B0B0B0B110D04666163650CFFFFFFFF04FFFFFFFF0CFFFFFFFF0CFFFFFFFF0C060000000C090000000CFFFFFFFF0C070000000B0A0B110D057368656C6C0CFFFFFFFF04FFFFFFFF0CFFFFFFFF0CFFFFFFFF0CFFFFFFFF0C080000000CFFFFFFFF0C0A000000110D046C756D700CFF
310
FFFFFF04FFFFFFFF0CFFFFFFFF0CFFFFFFFF0C090000000C00000000110E03456E640E026F660E0341534D0D0464617461
  0
ACDSRECORD
 90
        1
  2
AcDbDs::ID
280
    10
320
99
  2
ASM_Data
280
    15
 94
      811
310
414349532042696E61727946696C652855000000000000010000000C00000007214F70656E2044657369676E20416C6C69616E63652041434953204275696C646572070E41434953203231382E3030204E540718546875204A756E2032372031363A32383A3231203230323406000000000000F03F0648AFBC9AF2D77A3E06
310
BBBDD7D9DF7CDB3D0D04626F64790CFFFFFFFF04FFFFFFFF0CFFFFFFFF0C0A0000000CFFFFFFFF0CFFFFFFFF110D05706F696E740CFFFFFFFF04FFFFFFFF0CFFFFFFFF1395B71B2BCEAC34403D95B290A9700B400000000000000000110D067665727465780CFFFFFFFF04FFFFFFFF0CFFFFFFFF0C0400000004020000000C
310
01000000110E07656C6C697073650D0563757276650CFFFFFFFF04FFFFFFFF0CFFFFFFFF13ACCEBDC9678634403D95B290A9700B4000000000000000001400000000000000000000000000000000000000000000F03F14B174F4AE3033C33F0000000000000000000000000000008006000000000000F03F0B0B110D046564
310
67650CFFFFFFFF04FFFFFFFF0CFFFFFFFF0C020000000600000000000000000C0200000006182D4454FB2119400C050000000C030000000B0707756E6B6E6F776E110D06636F656467650CFFFFFFFF04FFFFFFFF0CFFFFFFFF0C050000000C050000000CFFFFFFFF0C040000000B0C0600000004000000000CFFFFFFFF110D
310
046C6F6F700CFFFFFFFF04FFFFFFFF0CFFFFFFFF0CFFFFFFFF0C050000000C08000000110E05706C616E650D07737572666163650CFFFFFFFF04FFFFFFFF0CFFFFFFFF1337DA0E99347334403D95B290A9700B4000000000000000001400000000000000800000000000000000000000000000F03F14000000000000F0BF00
310
0000000000000000000000000000800B0B0B0B0B110D04666163650CFFFFFFFF04FFFFFFFF0CFFFFFFFF0CFFFFFFFF0C060000000C090000000CFFFFFFFF0C070000000B0A0B110D057368656C6C0CFFFFFFFF04FFFFFFFF0CFFFFFFFF0CFFFFFFFF0CFFFFFFFF0C080000000CFFFFFFFF0C0A000000110D046C756D700CFF
310
FFFFFF04FFFFFFFF0CFFFFFFFF0CFFFFFFFF0C090000000C00000000110E03456E640E026F660E0341534D0D0464617461
  0
ACDSRECORD
 90
        1
  2
AcDbDs::ID
280
    10
320
9B
  2
ASM_Data
280
    15
 94
      811
310
414349532042696E61727946696C652855000000000000010000000C00000007214F70656E2044657369676E20416C6C69616E63652041434953204275696C646572070E41434953203231382E3030204E540718546875204A756E2032372031363A32383A3231203230323406000000000000F03F0648AFBC9AF2D77A3E06
310
BBBDD7D9DF7CDB3D0D04626F64790CFFFFFFFF04FFFFFFFF0CFFFFFFFF0C0A0000000CFFFFFFFF0CFFFFFFFF110D05706F696E740CFFFFFFFF04FFFFFFFF0CFFFFFFFF13E67D2DF9E9F73940179A0C43BBDF34400000000000000000110D067665727465780CFFFFFFFF04FFFFFFFF0CFFFFFFFF0C0400000004020000000C
310
01000000110E07656C6C697073650D0563757276650CFFFFFFFF04FFFFFFFF0CFFFFFFFF13FD94CF9783D13940179A0C43BBDF344000000000000000001400000000000000000000000000000000000000000000F03F14B174F4AE3033C33F0000000000000000000000000000008006000000000000F03F0B0B110D046564
310
67650CFFFFFFFF04FFFFFFFF0CFFFFFFFF0C020000000600000000000000000C0200000006182D4454FB2119400C050000000C030000000B0707756E6B6E6F776E110D06636F656467650CFFFFFFFF04FFFFFFFF0CFFFFFFFF0C050000000C050000000CFFFFFFFF0C040000000B0C0600000004000000000CFFFFFFFF110D
310
046C6F6F700CFFFFFFFF04FFFFFFFF0CFFFFFFFF0CFFFFFFFF0C050000000C08000000110E05706C616E650D07737572666163650CFFFFFFFF04FFFFFFFF0CFFFFFFFF1388A0206750BE3940179A0C43BBDF344000000000000000001400000000000000800000000000000000000000000000F03F14000000000000F0BF00
310
0000000000000000000000000000800B0B0B0B0B110D04666163650CFFFFFFFF04FFFFFFFF0CFFFFFFFF0CFFFFFFFF0C060000000C090000000CFFFFFFFF0C070000000B0A0B110D057368656C6C0CFFFFFFFF04FFFFFFFF0CFFFFFFFF0CFFFFFFFF0CFFFFFFFF0C080000000CFFFFFFFF0C0A000000110D046C756D700CFF
310
FFFFFF04FFFFFFFF0CFFFFFFFF0CFFFFFFFF0C090000000C00000000110E03456E640E026F660E0341534D0D0464617461
  0
ACDSRECORD
 90
        1
  2
AcDbDs::ID
280
    10
320
9D
  2
ASM_Data
280
    15
 94
      811
310
414349532042696E61727946696C652855000000000000010000000C00000007214F70656E2044657369676E20416C6C69616E63652041434953204275696C646572070E41434953203231382E3030204E540718546875204A756E2032372031363A32383A3231203230323406000000000000F03F0648AFBC9AF2D77A3E06
310
BBBDD7D9DF7CDB3D0D04626F64790CFFFFFFFF04FFFFFFFF0CFFFFFFFF0C0A0000000CFFFFFFFF0CFFFFFFFF110D05706F696E740CFFFFFFFF04FFFFFFFF0CFFFFFFFF138450732CCE2C374063AC5F7EE13A35400000000000000000110D067665727465780CFFFFFFFF04FFFFFFFF0CFFFFFFFF0C0400000004020000000C
310
01000000110E07656C6C697073650D0563757276650CFFFFFFFF04FFFFFFFF0CFFFFFFFF139B6715CB6706374063AC5F7EE13A354000000000000000001400000000000000000000000000000000000000000000F03F14B174F4AE3033C33F0000000000000000000000000000008006000000000000F03F0B0B110D046564
310
67650CFFFFFFFF04FFFFFFFF0CFFFFFFFF0C020000000600000000000000000C0200000006182D4454FB2119400C050000000C030000000B0707756E6B6E6F776E110D06636F656467650CFFFFFFFF04FFFFFFFF0CFFFFFFFF0C050000000C050000000CFFFFFFFF0C040000000B0C0600000004000000000CFFFFFFFF110D
310
046C6F6F700CFFFFFFFF04FFFFFFFF0CFFFFFFFF0CFFFFFFFF0C050000000C08000000110E05706C616E650D07737572666163650CFFFFFFFF04FFFFFFFF0CFFFFFFFF132673669A34F3364063AC5F7EE13A354000000000000000001400000000000000800000000000000000000000000000F03F14000000000000F0BF00
310
0000000000000000000000000000800B0B0B0B0B110D04666163650CFFFFFFFF04FFFFFFFF0CFFFFFFFF0CFFFFFFFF0C060000000C090000000CFFFFFFFF0C070000000B0A0B110D057368656C6C0CFFFFFFFF04FFFFFFFF0CFFFFFFFF0CFFFFFFFF0CFFFFFFFF0C080000000CFFFFFFFF0C0A000000110D046C756D700CFF
310
FFFFFF04FFFFFFFF0CFFFFFFFF0CFFFFFFFF0C090000000C00000000110E03456E640E026F660E0341534D0D0464617461
  0
ACDSRECORD
 90
        1
  2
AcDbDs::ID
280
    10
320
9F
  2
ASM_Data
280
    15
 94
      811
310
414349532042696E61727946696C652855000000000000010000000C00000007214F70656E2044657369676E20416C6C69616E63652041434953204275696C646572070E41434953203231382E3030204E540718546875204A756E2032372031363A32383A3231203230323406000000000000F03F0648AFBC9AF2D77A3E06
310
BBBDD7D9DF7CDB3D0D04626F64790CFFFFFFFF04FFFFFFFF0CFFFFFFFF0C0A0000000CFFFFFFFF0CFFFFFFFF110D05706F696E740CFFFFFFFF04FFFFFFFF0CFFFFFFFF138450732CCE2C3740A89ACDA1146E34400000000000000000110D067665727465780CFFFFFFFF04FFFFFFFF0CFFFFFFFF0C0400000004020000000C
310
01000000110E07656C6C697073650D0563757276650CFFFFFFFF04FFFFFFFF0CFFFFFFFF139B6715CB67063740A89ACDA1146E344000000000000000001400000000000000000000000000000000000000000000F03F14B174F4AE3033C33F0000000000000000000000000000008006000000000000F03F0B0B110D046564
310
67650CFFFFFFFF04FFFFFFFF0CFFFFFFFF0C020000000600000000000000000C0200000006182D4454FB2119400C050000000C030000000B0707756E6B6E6F776E110D06636F656467650CFFFFFFFF04FFFFFFFF0CFFFFFFFF0C050000000C050000000CFFFFFFFF0C040000000B0C0600000004000000000CFFFFFFFF110D
310
046C6F6F700CFFFFFFFF04FFFFFFFF0CFFFFFFFF0CFFFFFFFF0C050000000C08000000110E05706C616E650D07737572666163650CFFFFFFFF04FFFFFFFF0CFFFFFFFF132673669A34F33640A89ACDA1146E344000000000000000001400000000000000800000000000000000000000000000F03F14000000000000F0BF00
310
0000000000000000000000000000800B0B0B0B0B110D04666163650CFFFFFFFF04FFFFFFFF0CFFFFFFFF0CFFFFFFFF0C060000000C090000000CFFFFFFFF0C070000000B0A0B110D057368656C6C0CFFFFFFFF04FFFFFFFF0CFFFFFFFF0CFFFFFFFF0CFFFFFFFF0C080000000CFFFFFFFF0C0A000000110D046C756D700CFF
310
FFFFFF04FFFFFFFF0CFFFFFFFF0CFFFFFFFF0C090000000C00000000110E03456E640E026F660E0341534D0D0464617461
  0
ACDSRECORD
 90
        1
  2
AcDbDs::ID
280
    10
320
A1
  2
ASM_Data
280
    15
 94
      811
310
414349532042696E61727946696C652855000000000000010000000C00000007214F70656E2044657369676E20416C6C69616E63652041434953204275696C646572070E41434953203231382E3030204E540718546875204A756E2032372031363A32383A3231203230323406000000000000F03F0648AFBC9AF2D77A3E06
310
BBBDD7D9DF7CDB3D0D04626F64790CFFFFFFFF04FFFFFFFF0CFFFFFFFF0C0A0000000CFFFFFFFF0CFFFFFFFF110D05706F696E740CFFFFFFFF04FFFFFFFF0CFFFFFFFF13A56E5FEE303738407241853CE57B33400000000000000000110D067665727465780CFFFFFFFF04FFFFFFFF0CFFFFFFFF0C0400000004020000000C
310
01000000110E07656C6C697073650D0563757276650CFFFFFFFF04FFFFFFFF0CFFFFFFFF13BC85018DCA1038407241853CE57B334000000000000000001400000000000000000000000000000000000000000000F03F14B174F4AE3033C33F0000000000000000000000000000008006000000000000F03F0B0B110D046564
310
67650CFFFFFFFF04FFFFFFFF0CFFFFFFFF0C020000000600000000000000000C0200000006182D4454FB2119400C050000000C030000000B0707756E6B6E6F776E110D06636F656467650CFFFFFFFF04FFFFFFFF0CFFFFFFFF0C050000000C050000000CFFFFFFFF0C040000000B0C0600000004000000000CFFFFFFFF110D
310
046C6F6F700CFFFFFFFF04FFFFFFFF0CFFFFFFFF0CFFFFFFFF0C050000000C08000000110E05706C616E650D07737572666163650CFFFFFFFF04FFFFFFFF0CFFFFFFFF134791525C97FD37407241853CE57B334000000000000000001400000000000000800000000000000000000000000000F03F14000000000000F0BF00
310
0000000000000000000000000000800B0B0B0B0B110D04666163650CFFFFFFFF04FFFFFFFF0CFFFFFFFF0CFFFFFFFF0C060000000C090000000CFFFFFFFF0C070000000B0A0B110D057368656C6C0CFFFFFFFF04FFFFFFFF0CFFFFFFFF0CFFFFFFFF0CFFFFFFFF0C080000000CFFFFFFFF0C0A000000110D046C756D700CFF
310
FFFFFF04FFFFFFFF0CFFFFFFFF0CFFFFFFFF0C090000000C00000000110E03456E640E026F660E0341534D0D0464617461
  0
ACDSRECORD
 90
        1
  2
AcDbDs::ID
280
    10
320
A3
  2
ASM_Data
280
    15
 94
      811
310
414349532042696E61727946696C652855000000000000010000000C00000007214F70656E2044657369676E20416C6C69616E63652041434953204275696C646572070E41434953203231382E3030204E540718546875204A756E2032372031363A32383A3231203230323406000000000000F03F0648AFBC9AF2D77A3E06
310
BBBDD7D9DF7CDB3D0D04626F64790CFFFFFFFF04FFFFFFFF0CFFFFFFFF0C0A0000000CFFFFFFFF0CFFFFFFFF110D05706F696E740CFFFFFFFF04FFFFFFFF0CFFFFFFFF13910B6BB63493334098D13C3E29DC2E400000000000000000110D067665727465780CFFFFFFFF04FFFFFFFF0CFFFFFFFF0C0400000004020000000C
310
01000000110E07656C6C697073650D0563757276650CFFFFFFFF04FFFFFFFF0CFFFFFFFF13A8220D55CE6C334098D13C3E29DC2E4000000000000000001400000000000000000000000000000000000000000000F03F14B174F4AE3033C33F0000000000000000000000000000008006000000000000F03F0B0B110D046564
310
67650CFFFFFFFF04FFFFFFFF0CFFFFFFFF0C020000000600000000000000000C0200000006182D4454FB2119400C050000000C030000000B0707756E6B6E6F776E110D06636F656467650CFFFFFFFF04FFFFFFFF0CFFFFFFFF0C050000000C050000000CFFFFFFFF0C040000000B0C0600000004000000000CFFFFFFFF110D
310
046C6F6F700CFFFFFFFF04FFFFFFFF0CFFFFFFFF0CFFFFFFFF0C050000000C08000000110E05706C616E650D07737572666163650CFFFFFFFF04FFFFFFFF0CFFFFFFFF13332E5E249B59334098D13C3E29DC2E4000000000000000001400000000000000800000000000000000000000000000F03F14000000000000F0BF00
310
0000000000000000000000000000800B0B0B0B0B110D04666163650CFFFFFFFF04FFFFFFFF0CFFFFFFFF0CFFFFFFFF0C060000000C090000000CFFFFFFFF0C070000000B0A0B110D057368656C6C0CFFFFFFFF04FFFFFFFF0CFFFFFFFF0CFFFFFFFF0CFFFFFFFF0C080000000CFFFFFFFF0C0A000000110D046C756D700CFF
310
FFFFFF04FFFFFFFF0CFFFFFFFF0CFFFFFFFF0C090000000C00000000110E03456E640E026F660E0341534D0D0464617461
  0
ACDSRECORD
 90
        1
  2
AcDbDs::ID
280
    10
320
A5
  2
ASM_Data
280
    15
 94
      811
310
414349532042696E61727946696C652855000000000000010000000C00000007214F70656E2044657369676E20416C6C69616E63652041434953204275696C646572070E41434953203231382E3030204E540718546875204A756E2032372031363A32383A3231203230323406000000000000F03F0648AFBC9AF2D77A3E06
310
BBBDD7D9DF7CDB3D0D04626F64790CFFFFFFFF04FFFFFFFF0CFFFFFFFF0C0A0000000CFFFFFFFF0CFFFFFFFF110D05706F696E740CFFFFFFFF04FFFFFFFF0CFFFFFFFF131C41857E01E03D402408BA6A5C0F2F400000000000000000110D067665727465780CFFFFFFFF04FFFFFFFF0CFFFFFFFF0C0400000004020000000C
310
01000000110E07656C6C697073650D0563757276650CFFFFFFFF04FFFFFFFF0CFFFFFFFF133358271D9BB93D402408BA6A5C0F2F4000000000000000001400000000000000000000000000000000000000000000F03F14B174F4AE3033C33F0000000000000000000000000000008006000000000000F03F0B0B110D046564
310
67650CFFFFFFFF04FFFFFFFF0CFFFFFFFF0C020000000600000000000000000C0200000006182D4454FB2119400C050000000C030000000B0707756E6B6E6F776E110D06636F656467650CFFFFFFFF04FFFFFFFF0CFFFFFFFF0C050000000C050000000CFFFFFFFF0C040000000B0C0600000004000000000CFFFFFFFF110D
310
046C6F6F700CFFFFFFFF04FFFFFFFF0CFFFFFFFF0CFFFFFFFF0C050000000C08000000110E05706C616E650D07737572666163650CFFFFFFFF04FFFFFFFF0CFFFFFFFF13BE6378EC67A63D402408BA6A5C0F2F4000000000000000001400000000000000800000000000000000000000000000F03F14000000000000F0BF00
310
0000000000000000000000000000800B0B0B0B0B110D04666163650CFFFFFFFF04FFFFFFFF0CFFFFFFFF0CFFFFFFFF0C060000000C090000000CFFFFFFFF0C070000000B0A0B110D057368656C6C0CFFFFFFFF04FFFFFFFF0CFFFFFFFF0CFFFFFFFF0CFFFFFFFF0C080000000CFFFFFFFF0C0A000000110D046C756D700CFF
310
FFFFFF04FFFFFFFF0CFFFFFFFF0CFFFFFFFF0C090000000C00000000110E03456E640E026F660E0341534D0D0464617461
  0
ACDSRECORD
 90
        1
  2
AcDbDs::ID
280
    10
320
A7
  2
ASM_Data
280
    15
 94
      811
310
414349532042696E61727946696C652855000000000000010000000C00000007214F70656E2044657369676E20416C6C69616E63652041434953204275696C646572070E41434953203231382E3030204E540718546875204A756E2032372031363A32383A3231203230323406000000000000F03F0648AFBC9AF2D77A3E06
310
BBBDD7D9DF7CDB3D0D04626F64790CFFFFFFFF04FFFFFFFF0CFFFFFFFF0C0A0000000CFFFFFFFF0CFFFFFFFF110D05706F696E740CFFFFFFFF04FFFFFFFF0CFFFFFFFF13D5F8757501E03C4070589E30F6A828400000000000000000110D067665727465780CFFFFFFFF04FFFFFFFF0CFFFFFFFF0C0400000004020000000C
310
01000000110E07656C6C697073650D0563757276650CFFFFFFFF04FFFFFFFF0CFFFFFFFF13EC0F18149BB93C4070589E30F6A8284000000000000000001400000000000000000000000000000000000000000000F03F14B174F4AE3033C33F0000000000000000000000000000008006000000000000F03F0B0B110D046564
310
67650CFFFFFFFF04FFFFFFFF0CFFFFFFFF0C020000000600000000000000000C0200000006182D4454FB2119400C050000000C030000000B0707756E6B6E6F776E110D06636F656467650CFFFFFFFF04FFFFFFFF0CFFFFFFFF0C050000000C050000000CFFFFFFFF0C040000000B0C0600000004000000000CFFFFFFFF110D
310
046C6F6F700CFFFFFFFF04FFFFFFFF0CFFFFFFFF0CFFFFFFFF0C050000000C08000000110E05706C616E650D07737572666163650CFFFFFFFF04FFFFFFFF0CFFFFFFFF13771B69E367A63C4070589E30F6A8284000000000000000001400000000000000800000000000000000000000000000F03F14000000000000F0BF00
310
0000000000000000000000000000800B0B0B0B0B110D04666163650CFFFFFFFF04FFFFFFFF0CFFFFFFFF0CFFFFFFFF0C060000000C090000000CFFFFFFFF0C070000000B0A0B110D057368656C6C0CFFFFFFFF04FFFFFFFF0CFFFFFFFF0CFFFFFFFF0CFFFFFFFF0C080000000CFFFFFFFF0C0A000000110D046C756D700CFF
310
FFFFFF04FFFFFFFF0CFFFFFFFF0CFFFFFFFF0C090000000C00000000110E03456E640E026F660E0341534D0D0464617461
  0
ACDSRECORD
 90
        1
  2
AcDbDs::ID
280
    10
320
A9
  2
ASM_Data
280
    15
 94
      811
310
414349532042696E61727946696C652855000000000000010000000C00000007214F70656E2044657369676E20416C6C69616E63652041434953204275696C646572070E41434953203231382E3030204E540718546875204A756E2032372031363A32383A3231203230323406000000000000F03F0648AFBC9AF2D77A3E06
310
BBBDD7D9DF7CDB3D0D04626F64790CFFFFFFFF04FFFFFFFF0CFFFFFFFF0C0A0000000CFFFFFFFF0CFFFFFFFF110D05706F696E740CFFFFFFFF04FFFFFFFF0CFFFFFFFF13D5F8757501E03C406EFEFC4A29DC26400000000000000000110D067665727465780CFFFFFFFF04FFFFFFFF0CFFFFFFFF0C0400000004020000000C
310
01000000110E07656C6C697073650D0563757276650CFFFFFFFF04FFFFFFFF0CFFFFFFFF13EC0F18149BB93C406EFEFC4A29DC264000000000000000001400000000000000000000000000000000000000000000F03F14B174F4AE3033C33F0000000000000000000000000000008006000000000000F03F0B0B110D046564
310
67650CFFFFFFFF04FFFFFFFF0CFFFFFFFF0C020000000600000000000000000C0200000006182D4454FB2119400C050000000C030000000B0707756E6B6E6F776E110D06636F656467650CFFFFFFFF04FFFFFFFF0CFFFFFFFF0C050000000C050000000CFFFFFFFF0C040000000B0C0600000004000000000CFFFFFFFF110D
310
046C6F6F700CFFFFFFFF04FFFFFFFF0CFFFFFFFF0CFFFFFFFF0C050000000C08000000110E05706C616E650D07737572666163650CFFFFFFFF04FFFFFFFF0CFFFFFFFF13771B69E367A63C406EFEFC4A29DC264000000000000000001400000000000000800000000000000000000000000000F03F14000000000000F0BF00
310
0000000000000000000000000000800B0B0B0B0B110D04666163650CFFFFFFFF04FFFFFFFF0CFFFFFFFF0CFFFFFFFF0C060000000C090000000CFFFFFFFF0C070000000B0A0B110D057368656C6C0CFFFFFFFF04FFFFFFFF0CFFFFFFFF0CFFFFFFFF0CFFFFFFFF0C080000000CFFFFFFFF0C0A000000110D046C756D700CFF
310
FFFFFF04FFFFFFFF0CFFFFFFFF0CFFFFFFFF0C090000000C00000000110E03456E640E026F660E0341534D0D0464617461
  0
ACDSRECORD
 90
        1
  2
AcDbDs::ID
280
    10
320
AB
  2
ASM_Data
280
    15
 94
      811
310
414349532042696E61727946696C652855000000000000010000000C00000007214F70656E2044657369676E20416C6C69616E63652041434953204275696C646572070E41434953203231382E3030204E540718546875204A756E2032372031363A32383A3231203230323406000000000000F03F0648AFBC9AF2D77A3E06
310
BBBDD7D9DF7CDB3D0D04626F64790CFFFFFFFF04FFFFFFFF0CFFFFFFFF0C0A0000000CFFFFFFFF0CFFFFFFFF110D05706F696E740CFFFFFFFF04FFFFFFFF0CFFFFFFFF13900A0852CEAC3D406EFEFC4A29DC26400000000000000000110D067665727465780CFFFFFFFF04FFFFFFFF0CFFFFFFFF0C0400000004020000000C
310
01000000110E07656C6C697073650D0563757276650CFFFFFFFF04FFFFFFFF0CFFFFFFFF13A721AAF067863D406EFEFC4A29DC264000000000000000001400000000000000000000000000000000000000000000F03F14B174F4AE3033C33F0000000000000000000000000000008006000000000000F03F0B0B110D046564
310
67650CFFFFFFFF04FFFFFFFF0CFFFFFFFF0C020000000600000000000000000C0200000006182D4454FB2119400C050000000C030000000B0707756E6B6E6F776E110D06636F656467650CFFFFFFFF04FFFFFFFF0CFFFFFFFF0C050000000C050000000CFFFFFFFF0C040000000B0C0600000004000000000CFFFFFFFF110D
310
046C6F6F700CFFFFFFFF04FFFFFFFF0CFFFFFFFF0CFFFFFFFF0C050000000C08000000110E05706C616E650D07737572666163650CFFFFFFFF04FFFFFFFF0CFFFFFFFF13322DFBBF34733D406EFEFC4A29DC264000000000000000001400000000000000800000000000000000000000000000F03F14000000000000F0BF00
310
0000000000000000000000000000800B0B0B0B0B110D04666163650CFFFFFFFF04FFFFFFFF0CFFFFFFFF0CFFFFFFFF0C060000000C090000000CFFFFFFFF0C070000000B0A0B110D057368656C6C0CFFFFFFFF04FFFFFFFF0CFFFFFFFF0CFFFFFFFF0CFFFFFFFF0C080000000CFFFFFFFF0C0A000000110D046C756D700CFF
310
FFFFFF04FFFFFFFF0CFFFFFFFF0CFFFFFFFF0C090000000C00000000110E03456E640E026F660E0341534D0D0464617461
  0
ACDSRECORD
 90
        1
  2
AcDbDs::ID
280
    10
320
AD
  2
ASM_Data
280
    15
 94
      811
310
414349532042696E61727946696C652855000000000000010000000C00000007214F70656E2044657369676E20416C6C69616E63652041434953204275696C646572070E41434953203231382E3030204E540718546875204A756E2032372031363A32383A3231203230323406000000000000F03F0648AFBC9AF2D77A3E06
310
BBBDD7D9DF7CDB3D0D04626F64790CFFFFFFFF04FFFFFFFF0CFFFFFFFF0C0A0000000CFFFFFFFF0CFFFFFFFF110D05706F696E740CFFFFFFFF04FFFFFFFF0CFFFFFFFF13C1E4FC039B793E406EFEFC4A29DC26400000000000000000110D067665727465780CFFFFFFFF04FFFFFFFF0CFFFFFFFF0C0400000004020000000C
310
01000000110E07656C6C697073650D0563757276650CFFFFFFFF04FFFFFFFF0CFFFFFFFF13D8FB9EA234533E406EFEFC4A29DC264000000000000000001400000000000000000000000000000000000000000000F03F14B174F4AE3033C33F0000000000000000000000000000008006000000000000F03F0B0B110D046564
310
67650CFFFFFFFF04FFFFFFFF0CFFFFFFFF0C020000000600000000000000000C0200000006182D4454FB2119400C050000000C030000000B0707756E6B6E6F776E110D06636F656467650CFFFFFFFF04FFFFFFFF0CFFFFFFFF0C050000000C050000000CFFFFFFFF0C040000000B0C0600000004000000000CFFFFFFFF110D
310
046C6F6F700CFFFFFFFF04FFFFFFFF0CFFFFFFFF0CFFFFFFFF0C050000000C08000000110E05706C616E650D07737572666163650CFFFFFFFF04FFFFFFFF0CFFFFFFFF136307F07101403E406EFEFC4A29DC264000000000000000001400000000000000800000000000000000000000000000F03F14000000000000F0BF00
310
0000000000000000000000000000800B0B0B0B0B110D04666163650CFFFFFFFF04FFFFFFFF0CFFFFFFFF0CFFFFFFFF0C060000000C090000000CFFFFFFFF0C070000000B0A0B110D057368656C6C0CFFFFFFFF04FFFFFFFF0CFFFFFFFF0CFFFFFFFF0CFFFFFFFF0C080000000CFFFFFFFF0C0A000000110D046C756D700CFF
310
FFFFFF04FFFFFFFF0CFFFFFFFF0CFFFFFFFF0C090000000C00000000110E03456E640E026F660E0341534D0D0464617461
  0
ACDSRECORD
 90
        1
  2
AcDbDs::ID
280
    10
320
AF
  2
ASM_Data
280
    15
 94
      811
310
414349532042696E61727946696C652855000000000000010000000C00000007214F70656E2044657369676E20416C6C69616E63652041434953204275696C646572070E41434953203231382E3030204E540718546875204A756E2032372031363A32383A3231203230323406000000000000F03F0648AFBC9AF2D77A3E06
310
BBBDD7D9DF7CDB3D0D04626F64790CFFFFFFFF04FFFFFFFF0CFFFFFFFF0C0A0000000CFFFFFFFF0CFFFFFFFF110D05706F696E740CFFFFFFFF04FFFFFFFF0CFFFFFFFF1376F03C8601603C406152BE98146E33400000000000000000110D067665727465780CFFFFFFFF04FFFFFFFF0CFFFFFFFF0C0400000004020000000C
310
01000000110E07656C6C697073650D0563757276650CFFFFFFFF04FFFFFFFF0CFFFFFFFF138D07DF249B393C406152BE98146E334000000000000000001400000000000000000000000000000000000000000000F03F14B174F4AE3033C33F0000000000000000000000000000008006000000000000F03F0B0B110D046564
310
67650CFFFFFFFF04FFFFFFFF0CFFFFFFFF0C020000000600000000000000000C0200000006182D4454FB2119400C050000000C030000000B0707756E6B6E6F776E110D06636F656467650CFFFFFFFF04FFFFFFFF0CFFFFFFFF0C050000000C050000000CFFFFFFFF0C040000000B0C0600000004000000000CFFFFFFFF110D
310
046C6F6F700CFFFFFFFF04FFFFFFFF0CFFFFFFFF0CFFFFFFFF0C050000000C08000000110E05706C616E650D07737572666163650CFFFFFFFF04FFFFFFFF0CFFFFFFFF13181330F467263C406152BE98146E334000000000000000001400000000000000800000000000000000000000000000F03F14000000000000F0BF00
310
0000000000000000000000000000800B0B0B0B0B110D04666163650CFFFFFFFF04FFFFFFFF0CFFFFFFFF0CFFFFFFFF0C060000000C090000000CFFFFFFFF0C070000000B0A0B110D057368656C6C0CFFFFFFFF04FFFFFFFF0CFFFFFFFF0CFFFFFFFF0CFFFFFFFF0C080000000CFFFFFFFF0C0A000000110D046C756D700CFF
310
FFFFFF04FFFFFFFF0CFFFFFFFF0CFFFFFFFF0C090000000C00000000110E03456E640E026F660E0341534D0D0464617461
  0
ACDSRECORD
 90
        1
  2
AcDbDs::ID
280
    10
320
B1
  2
ASM_Data
280
    15
 94
      811
310
414349532042696E61727946696C652855000000000000010000000C00000007214F70656E2044657369676E20416C6C69616E63652041434953204275696C646572070E41434953203231382E3030204E540718546875204A756E2032372031363A32383A3231203230323406000000000000F03F0648AFBC9AF2D77A3E06
310
BBBDD7D9DF7CDB3D0D04626F64790CFFFFFFFF04FFFFFFFF0CFFFFFFFF0C0A0000000CFFFFFFFF0CFFFFFFFF110D05706F696E740CFFFFFFFF04FFFFFFFF0CFFFFFFFF13C549694F2CE63B40F5F7CE3F2C2B34400000000000000000110D067665727465780CFFFFFFFF04FFFFFFFF0CFFFFFFFF0C0400000004020000000C
310
01000000110E07656C6C697073650D0563757276650CFFFFFFFF04FFFFFFFF0CFFFFFFFF13DC600BEEC5BF3B40F5F7CE3F2C2B344000000000000000001400000000000000000000000000000000000000000000F03F14B174F4AE3033C33F0000000000000000000000000000008006000000000000F03F0B0B110D046564
310
67650CFFFFFFFF04FFFFFFFF0CFFFFFFFF0C020000000600000000000000000C0200000006182D4454FB2119400C050000000C030000000B0707756E6B6E6F776E110D06636F656467650CFFFFFFFF04FFFFFFFF0CFFFFFFFF0C050000000C050000000CFFFFFFFF0C040000000B0C0600000004000000000CFFFFFFFF110D
310
046C6F6F700CFFFFFFFF04FFFFFFFF0CFFFFFFFF0CFFFFFFFF0C050000000C08000000110E05706C616E650D07737572666163650CFFFFFFFF04FFFFFFFF0CFFFFFFFF13676C5CBD92AC3B40F5F7CE3F2C2B344000000000000000001400000000000000800000000000000000000000000000F03F14000000000000F0BF00
310
0000000000000000000000000000800B0B0B0B0B110D04666163650CFFFFFFFF04FFFFFFFF0CFFFFFFFF0CFFFFFFFF0C060000000C090000000CFFFFFFFF0C070000000B0A0B110D057368656C6C0CFFFFFFFF04FFFFFFFF0CFFFFFFFF0CFFFFFFFF0CFFFFFFFF0C080000000CFFFFFFFF0C0A000000110D046C756D700CFF
310
FFFFFF04FFFFFFFF0CFFFFFFFF0CFFFFFFFF0C090000000C00000000110E03456E640E026F660E0341534D0D0464617461
  0
ACDSRECORD
 90
        1
  2
AcDbDs::ID
280
    10
320
B3
  2
ASM_Data
280
    15
 94
      811
310
414349532042696E61727946696C652855000000000000010000000C00000007214F70656E2044657369676E20416C6C69616E63652041434953204275696C646572070E41434953203231382E3030204E540718546875204A756E2032372031363A32383A3231203230323406000000000000F03F0648AFBC9AF2D77A3E06
310
BBBDD7D9DF7CDB3D0D04626F64790CFFFFFFFF04FFFFFFFF0CFFFFFFFF0C0A0000000CFFFFFFFF0CFFFFFFFF110D05706F696E740CFFFFFFFF04FFFFFFFF0CFFFFFFFF13EB1D66163E843C404DFD30005CA434400000000000000000110D067665727465780CFFFFFFFF04FFFFFFFF0CFFFFFFFF0C0400000004020000000C
310
01000000110E07656C6C697073650D0563757276650CFFFFFFFF04FFFFFFFF0CFFFFFFFF13023508B5D75D3C404DFD30005CA4344000000000000000001400000000000000000000000000000000000000000000F03F14B174F4AE3033C33F0000000000000000000000000000008006000000000000F03F0B0B110D046564
310
67650CFFFFFFFF04FFFFFFFF0CFFFFFFFF0C020000000600000000000000000C0200000006182D4454FB2119400C050000000C030000000B0707756E6B6E6F776E110D06636F656467650CFFFFFFFF04FFFFFFFF0CFFFFFFFF0C050000000C050000000CFFFFFFFF0C040000000B0C0600000004000000000CFFFFFFFF110D
310
046C6F6F700CFFFFFFFF04FFFFFFFF0CFFFFFFFF0CFFFFFFFF0C050000000C08000000110E05706C616E650D07737572666163650CFFFFFFFF04FFFFFFFF0CFFFFFFFF138D405984A44A3C404DFD30005CA4344000000000000000001400000000000000800000000000000000000000000000F03F14000000000000F0BF00
310
0000000000000000000000000000800B0B0B0B0B110D04666163650CFFFFFFFF04FFFFFFFF0CFFFFFFFF0CFFFFFFFF0C060000000C090000000CFFFFFFFF0C070000000B0A0B110D057368656C6C0CFFFFFFFF04FFFFFFFF0CFFFFFFFF0CFFFFFFFF0CFFFFFFFF0C080000000CFFFFFFFF0C0A000000110D046C756D700CFF
310
FFFFFF04FFFFFFFF0CFFFFFFFF0CFFFFFFFF0C090000000C00000000110E03456E640E026F660E0341534D0D0464617461
  0
ACDSRECORD
 90
        1
  2
AcDbDs::ID
280
    10
320
B5
  2
ASM_Data
280
    15
 94
      811
310
414349532042696E61727946696C652855000000000000010000000C00000007214F70656E2044657369676E20416C6C69616E63652041434953204275696C646572070E41434953203231382E3030204E540718546875204A756E2032372031363A32383A3231203230323406000000000000F03F0648AFBC9AF2D77A3E06
310
BBBDD7D9DF7CDB3D0D04626F64790CFFFFFFFF04FFFFFFFF0CFFFFFFFF0C0A0000000CFFFFFFFF0CFFFFFFFF110D05706F696E740CFFFFFFFF04FFFFFFFF0CFFFFFFFF138450732CCE2C3740D0784396DCA302400000000000000000110D067665727465780CFFFFFFFF04FFFFFFFF0CFFFFFFFF0C0400000004020000000C
310
01000000110E07656C6C697073650D0563757276650CFFFFFFFF04FFFFFFFF0CFFFFFFFF139B6715CB67063740D0784396DCA3024000000000000000001400000000000000000000000000000000000000000000F03F14B174F4AE3033C33F0000000000000000000000000000008006000000000000F03F0B0B110D046564
310
67650CFFFFFFFF04FFFFFFFF0CFFFFFFFF0C020000000600000000000000000C0200000006182D4454FB2119400C050000000C030000000B0707756E6B6E6F776E110D06636F656467650CFFFFFFFF04FFFFFFFF0CFFFFFFFF0C050000000C050000000CFFFFFFFF0C040000000B0C0600000004000000000CFFFFFFFF110D
310
046C6F6F700CFFFFFFFF04FFFFFFFF0CFFFFFFFF0CFFFFFFFF0C050000000C08000000110E05706C616E650D07737572666163650CFFFFFFFF04FFFFFFFF0CFFFFFFFF132673669A34F33640D0784396DCA3024000000000000000001400000000000000800000000000000000000000000000F03F14000000000000F0BF00
310
0000000000000000000000000000800B0B0B0B0B110D04666163650CFFFFFFFF04FFFFFFFF0CFFFFFFFF0CFFFFFFFF0C060000000C090000000CFFFFFFFF0C070000000B0A0B110D057368656C6C0CFFFFFFFF04FFFFFFFF0CFFFFFFFF0CFFFFFFFF0CFFFFFFFF0C080000000CFFFFFFFF0C0A000000110D046C756D700CFF
310
FFFFFF04FFFFFFFF0CFFFFFFFF0CFFFFFFFF0C090000000C00000000110E03456E640E026F660E0341534D0D0464617461
  0
ACDSRECORD
 90
        1
  2
AcDbDs::ID
280
    10
320
B7
  2
ASM_Data
280
    15
 94
      811
310
414349532042696E61727946696C652855000000000000010000000C00000007214F70656E2044657369676E20416C6C69616E63652041434953204275696C646572070E41434953203231382E3030204E540718546875204A756E2032372031363A32383A3231203230323406000000000000F03F0648AFBC9AF2D77A3E06
310
BBBDD7D9DF7CDB3D0D04626F64790CFFFFFFFF04FFFFFFFF0CFFFFFFFF0C0A0000000CFFFFFFFF0CFFFFFFFF110D05706F696E740CFFFFFFFF04FFFFFFFF0CFFFFFFFF13AA24D31D9BF93E407124A7E1218510400000000000000000110D067665727465780CFFFFFFFF04FFFFFFFF0CFFFFFFFF0C0400000004020000000C
310
01000000110E07656C6C697073650D0563757276650CFFFFFFFF04FFFFFFFF0CFFFFFFFF13C13B75BC34D33E407124A7E12185104000000000000000001400000000000000000000000000000000000000000000F03F14B174F4AE3033C33F0000000000000000000000000000008006000000000000F03F0B0B110D046564
310
67650CFFFFFFFF04FFFFFFFF0CFFFFFFFF0C020000000600000000000000000C0200000006182D4454FB2119400C050000000C030000000B0707756E6B6E6F776E110D06636F656467650CFFFFFFFF04FFFFFFFF0CFFFFFFFF0C050000000C050000000CFFFFFFFF0C040000000B0C0600000004000000000CFFFFFFFF110D
310
046C6F6F700CFFFFFFFF04FFFFFFFF0CFFFFFFFF0CFFFFFFFF0C050000000C08000000110E05706C616E650D07737572666163650CFFFFFFFF04FFFFFFFF0CFFFFFFFF134C47C68B01C03E407124A7E12185104000000000000000001400000000000000800000000000000000000000000000F03F14000000000000F0BF00
310
0000000000000000000000000000800B0B0B0B0B110D04666163650CFFFFFFFF04FFFFFFFF0CFFFFFFFF0CFFFFFFFF0C060000000C090000000CFFFFFFFF0C070000000B0A0B110D057368656C6C0CFFFFFFFF04FFFFFFFF0CFFFFFFFF0CFFFFFFFF0CFFFFFFFF0C080000000CFFFFFFFF0C0A000000110D046C756D700CFF
310
FFFFFF04FFFFFFFF0CFFFFFFFF0CFFFFFFFF0C090000000C00000000110E03456E640E026F660E0341534D0D0464617461
  0
ACDSRECORD
 90
        1
  2
AcDbDs::ID
280
    10
320
B9
  2
ASM_Data
280
    15
 94
      811
310
414349532042696E61727946696C652855000000000000010000000C00000007214F70656E2044657369676E20416C6C69616E63652041434953204275696C646572070E41434953203231382E3030204E540718546875204A756E2032372031363A32383A3231203230323406000000000000F03F0648AFBC9AF2D77A3E06
310
BBBDD7D9DF7CDB3D0D04626F64790CFFFFFFFF04FFFFFFFF0CFFFFFFFF0C0A0000000CFFFFFFFF0CFFFFFFFF110D05706F696E740CFFFFFFFF04FFFFFFFF0CFFFFFFFF1352467D0E03C02C400FBADFFCE1BA32400000000000000000110D067665727465780CFFFFFFFF04FFFFFFFF0CFFFFFFFF0C0400000004020000000C
310
01000000110E07656C6C697073650D0563757276650CFFFFFFFF04FFFFFFFF0CFFFFFFFF137F74C14B36732C400FBADFFCE1BA324000000000000000001400000000000000000000000000000000000000000000F03F14B174F4AE3033C33F0000000000000000000000000000008006000000000000F03F0B0B110D046564
310
67650CFFFFFFFF04FFFFFFFF0CFFFFFFFF0C020000000600000000000000000C0200000006182D4454FB2119400C050000000C030000000B0707756E6B6E6F776E110D06636F656467650CFFFFFFFF04FFFFFFFF0CFFFFFFFF0C050000000C050000000CFFFFFFFF0C040000000B0C0600000004000000000CFFFFFFFF110D
310
046C6F6F700CFFFFFFFF04FFFFFFFF0CFFFFFFFF0CFFFFFFFF0C050000000C08000000110E05706C616E650D07737572666163650CFFFFFFFF04FFFFFFFF0CFFFFFFFF13968B63EACF4C2C400FBADFFCE1BA324000000000000000001400000000000000800000000000000000000000000000F03F14000000000000F0BF00
310
0000000000000000000000000000800B0B0B0B0B110D04666163650CFFFFFFFF04FFFFFFFF0CFFFFFFFF0CFFFFFFFF0C060000000C090000000CFFFFFFFF0C070000000B0A0B110D057368656C6C0CFFFFFFFF04FFFFFFFF0CFFFFFFFF0CFFFFFFFF0CFFFFFFFF0C080000000CFFFFFFFF0C0A000000110D046C756D700CFF
310
FFFFFF04FFFFFFFF0CFFFFFFFF0CFFFFFFFF0C090000000C00000000110E03456E640E026F660E0341534D0D0464617461
  0
ACDSRECORD
 90
        1
  2
AcDbDs::ID
280
    10
320
BB
  2
ASM_Data
280
    15
 94
      811
310
414349532042696E61727946696C652855000000000000010000000C00000007214F70656E2044657369676E20416C6C69616E63652041434953204275696C646572070E41434953203231382E3030204E540718546875204A756E2032372031363A32383A3231203230323406000000000000F03F0648AFBC9AF2D77A3E06
310
BBBDD7D9DF7CDB3D0D04626F64790CFFFFFFFF04FFFFFFFF0CFFFFFFFF0C0A0000000CFFFFFFFF0CFFFFFFFF110D05706F696E740CFFFFFFFF04FFFFFFFF0CFFFFFFFF1340D742B902C02C40CACB71D9AE8733400000000000000000110D067665727465780CFFFFFFFF04FFFFFFFF0CFFFFFFFF0C0400000004020000000C
310
01000000110E07656C6C697073650D0563757276650CFFFFFFFF04FFFFFFFF0CFFFFFFFF136D0587F635732C40CACB71D9AE87334000000000000000001400000000000000000000000000000000000000000000F03F14B174F4AE3033C33F0000000000000000000000000000008006000000000000F03F0B0B110D046564
310
67650CFFFFFFFF04FFFFFFFF0CFFFFFFFF0C020000000600000000000000000C0200000006182D4454FB2119400C050000000C030000000B0707756E6B6E6F776E110D06636F656467650CFFFFFFFF04FFFFFFFF0CFFFFFFFF0C050000000C050000000CFFFFFFFF0C040000000B0C0600000004000000000CFFFFFFFF110D
310
046C6F6F700CFFFFFFFF04FFFFFFFF0CFFFFFFFF0CFFFFFFFF0C050000000C08000000110E05706C616E650D07737572666163650CFFFFFFFF04FFFFFFFF0CFFFFFFFF13841C2995CF4C2C40CACB71D9AE87334000000000000000001400000000000000800000000000000000000000000000F03F14000000000000F0BF00
310
0000000000000000000000000000800B0B0B0B0B110D04666163650CFFFFFFFF04FFFFFFFF0CFFFFFFFF0CFFFFFFFF0C060000000C090000000CFFFFFFFF0C070000000B0A0B110D057368656C6C0CFFFFFFFF04FFFFFFFF0CFFFFFFFF0CFFFFFFFF0CFFFFFFFF0C080000000CFFFFFFFF0C0A000000110D046C756D700CFF
310
FFFFFF04FFFFFFFF0CFFFFFFFF0CFFFFFFFF0C090000000C00000000110E03456E640E026F660E0341534D0D0464617461
  0
ACDSRECORD
 90
        1
  2
AcDbDs::ID
280
    10
320
BD
  2
ASM_Data
280
    15
 94
      811
310
414349532042696E61727946696C652855000000000000010000000C00000007214F70656E2044657369676E20416C6C69616E63652041434953204275696C646572070E41434953203231382E3030204E540718546875204A756E2032372031363A32383A3231203230323406000000000000F03F0648AFBC9AF2D77A3E06
310
BBBDD7D9DF7CDB3D0D04626F64790CFFFFFFFF04FFFFFFFF0CFFFFFFFF0C0A0000000CFFFFFFFF0CFFFFFFFF110D05706F696E740CFFFFFFFF04FFFFFFFF0CFFFFFFFF13623056069BF932400FBADFFCE1BA32400000000000000000110D067665727465780CFFFFFFFF04FFFFFFFF0CFFFFFFFF0C0400000004020000000C
310
01000000110E07656C6C697073650D0563757276650CFFFFFFFF04FFFFFFFF0CFFFFFFFF137947F8A434D332400FBADFFCE1BA324000000000000000001400000000000000000000000000000000000000000000F03F14B174F4AE3033C33F0000000000000000000000000000008006000000000000F03F0B0B110D046564
310
67650CFFFFFFFF04FFFFFFFF0CFFFFFFFF0C020000000600000000000000000C0200000006182D4454FB2119400C050000000C030000000B0707756E6B6E6F776E110D06636F656467650CFFFFFFFF04FFFFFFFF0CFFFFFFFF0C050000000C050000000CFFFFFFFF0C040000000B0C0600000004000000000CFFFFFFFF110D
310
046C6F6F700CFFFFFFFF04FFFFFFFF0CFFFFFFFF0CFFFFFFFF0C050000000C08000000110E05706C616E650D07737572666163650CFFFFFFFF04FFFFFFFF0CFFFFFFFF130453497401C032400FBADFFCE1BA324000000000000000001400000000000000800000000000000000000000000000F03F14000000000000F0BF00
310
0000000000000000000000000000800B0B0B0B0B110D04666163650CFFFFFFFF04FFFFFFFF0CFFFFFFFF0CFFFFFFFF0C060000000C090000000CFFFFFFFF0C070000000B0A0B110D057368656C6C0CFFFFFFFF04FFFFFFFF0CFFFFFFFF0CFFFFFFFF0CFFFFFFFF0C080000000CFFFFFFFF0C0A000000110D046C756D700CFF
310
FFFFFF04FFFFFFFF0CFFFFFFFF0CFFFFFFFF0C090000000C00000000110E03456E640E026F660E0341534D0D0464617461
  0
ACDSRECORD
 90
        1
  2
AcDbDs::ID
280
    10
320
BF
  2
ASM_Data
280
    15
 94
      811
310
414349532042696E61727946696C652855000000000000010000000C00000007214F70656E2044657369676E20416C6C69616E63652041434953204275696C646572070E41434953203231382E3030204E540718546875204A756E2032372031363A32383A3231203230323406000000000000F03F0648AFBC9AF2D77A3E06
310
BBBDD7D9DF7CDB3D0D04626F64790CFFFFFFFF04FFFFFFFF0CFFFFFFFF0C0A0000000CFFFFFFFF0CFFFFFFFF110D05706F696E740CFFFFFFFF04FFFFFFFF0CFFFFFFFF135960B808C6E9404033D61FDDDF572F400000000000000000110D067665727465780CFFFFFFFF04FFFFFFFF0CFFFFFFFF0C0400000004020000000C
310
01000000110E07656C6C697073650D0563757276650CFFFFFFFF04FFFFFFFF0CFFFFFFFF13E46B09D892D6404033D61FDDDF572F4000000000000000001400000000000000000000000000000000000000000000F03F14B174F4AE3033C33F0000000000000000000000000000008006000000000000F03F0B0B110D046564
310
67650CFFFFFFFF04FFFFFFFF0CFFFFFFFF0C020000000600000000000000000C0200000006182D4454FB2119400C050000000C030000000B0707756E6B6E6F776E110D06636F656467650CFFFFFFFF04FFFFFFFF0CFFFFFFFF0C050000000C050000000CFFFFFFFF0C040000000B0C0600000004000000000CFFFFFFFF110D
310
046C6F6F700CFFFFFFFF04FFFFFFFF0CFFFFFFFF0CFFFFFFFF0C050000000C08000000110E05706C616E650D07737572666163650CFFFFFFFF04FFFFFFFF0CFFFFFFFF13AAF1B13FF9CC404033D61FDDDF572F4000000000000000001400000000000000800000000000000000000000000000F03F14000000000000F0BF00
310
0000000000000000000000000000800B0B0B0B0B110D04666163650CFFFFFFFF04FFFFFFFF0CFFFFFFFF0CFFFFFFFF0C060000000C090000000CFFFFFFFF0C070000000B0A0B110D057368656C6C0CFFFFFFFF04FFFFFFFF0CFFFFFFFF0CFFFFFFFF0CFFFFFFFF0C080000000CFFFFFFFF0C0A000000110D046C756D700CFF
310
FFFFFF04FFFFFFFF0CFFFFFFFF0CFFFFFFFF0C090000000C00000000110E03456E640E026F660E0341534D0D0464617461
  0
ACDSRECORD
 90
        1
  2
AcDbDs::ID
280
    10
320
C1
  2
ASM_Data
280
    15
 94
      811
310
414349532042696E61727946696C652855000000000000010000000C00000007214F70656E2044657369676E20416C6C69616E63652041434953204275696C646572070E41434953203231382E3030204E540718546875204A756E2032372031363A32383A3231203230323406000000000000F03F0648AFBC9AF2D77A3E06
310
BBBDD7D9DF7CDB3D0D04626F64790CFFFFFFFF04FFFFFFFF0CFFFFFFFF0C0A0000000CFFFFFFFF0CFFFFFFFF110D05706F696E740CFFFFFFFF04FFFFFFFF0CFFFFFFFF1327E5E60234934240C7723BC990C22D400000000000000000110D067665727465780CFFFFFFFF04FFFFFFFF0CFFFFFFFF0C0400000004020000000C
310
01000000110E07656C6C697073650D0563757276650CFFFFFFFF04FFFFFFFF0CFFFFFFFF13B2F037D200804240C7723BC990C22D4000000000000000001400000000000000000000000000000000000000000000F03F14B174F4AE3033C33F0000000000000000000000000000008006000000000000F03F0B0B110D046564
310
67650CFFFFFFFF04FFFFFFFF0CFFFFFFFF0C020000000600000000000000000C0200000006182D4454FB2119400C050000000C030000000B0707756E6B6E6F776E110D06636F656467650CFFFFFFFF04FFFFFFFF0CFFFFFFFF0C050000000C050000000CFFFFFFFF0C040000000B0C0600000004000000000CFFFFFFFF110D
310
046C6F6F700CFFFFFFFF04FFFFFFFF0CFFFFFFFF0CFFFFFFFF0C050000000C08000000110E05706C616E650D07737572666163650CFFFFFFFF04FFFFFFFF0CFFFFFFFF137876E03967764240C7723BC990C22D4000000000000000001400000000000000800000000000000000000000000000F03F14000000000000F0BF00
310
0000000000000000000000000000800B0B0B0B0B110D04666163650CFFFFFFFF04FFFFFFFF0CFFFFFFFF0CFFFFFFFF0C060000000C090000000CFFFFFFFF0C070000000B0A0B110D057368656C6C0CFFFFFFFF04FFFFFFFF0CFFFFFFFF0CFFFFFFFF0CFFFFFFFF0C080000000CFFFFFFFF0C0A000000110D046C756D700CFF
310
FFFFFF04FFFFFFFF0CFFFFFFFF0CFFFFFFFF0C090000000C00000000110E03456E640E026F660E0341534D0D0464617461
  0
ACDSRECORD
 90
        1
  2
AcDbDs::ID
280
    10
320
C3
  2
ASM_Data
280
    15
 94
      811
310
414349532042696E61727946696C652855000000000000010000000C00000007214F70656E2044657369676E20416C6C69616E63652041434953204275696C646572070E41434953203231382E3030204E540718546875204A756E2032372031363A32383A3231203230323406000000000000F03F0648AFBC9AF2D77A3E06
310
BBBDD7D9DF7CDB3D0D04626F64790CFFFFFFFF04FFFFFFFF0CFFFFFFFF0C0A0000000CFFFFFFFF0CFFFFFFFF110D05706F696E740CFFFFFFFF04FFFFFFFF0CFFFFFFFF13AFED0EA5CD0C4140482376D80A9738400000000000000000110D067665727465780CFFFFFFFF04FFFFFFFF0CFFFFFFFF0C0400000004020000000C
310
01000000110E07656C6C697073650D0563757276650CFFFFFFFF04FFFFFFFF0CFFFFFFFF133AF95F749AF94040482376D80A97384000000000000000001400000000000000000000000000000000000000000000F03F14B174F4AE3033C33F0000000000000000000000000000008006000000000000F03F0B0B110D046564
310
67650CFFFFFFFF04FFFFFFFF0CFFFFFFFF0C020000000600000000000000000C0200000006182D4454FB2119400C050000000C030000000B0707756E6B6E6F776E110D06636F656467650CFFFFFFFF04FFFFFFFF0CFFFFFFFF0C050000000C050000000CFFFFFFFF0C040000000B0C0600000004000000000CFFFFFFFF110D
310
046C6F6F700CFFFFFFFF04FFFFFFFF0CFFFFFFFF0CFFFFFFFF0C050000000C08000000110E05706C616E650D07737572666163650CFFFFFFFF04FFFFFFFF0CFFFFFFFF13007F08DC00F04040482376D80A97384000000000000000001400000000000000800000000000000000000000000000F03F14000000000000F0BF00
310
0000000000000000000000000000800B0B0B0B0B110D04666163650CFFFFFFFF04FFFFFFFF0CFFFFFFFF0CFFFFFFFF0C060000000C090000000CFFFFFFFF0C070000000B0A0B110D057368656C6C0CFFFFFFFF04FFFFFFFF0CFFFFFFFF0CFFFFFFFF0CFFFFFFFF0C080000000CFFFFFFFF0C0A000000110D046C756D700CFF
310
FFFFFF04FFFFFFFF0CFFFFFFFF0CFFFFFFFF0C090000000C00000000110E03456E640E026F660E0341534D0D0464617461
  0
ACDSRECORD
 90
        1
  2
AcDbDs::ID
280
    10
320
C5
  2
ASM_Data
280
    15
 94
      811
310
414349532042696E61727946696C652855000000000000010000000C00000007214F70656E2044657369676E20416C6C69616E63652041434953204275696C646572070E41434953203231382E3030204E540718546875204A756E2032372031363A32383A3231203230323406000000000000F03F0648AFBC9AF2D77A3E06
310
BBBDD7D9DF7CDB3D0D04626F64790CFFFFFFFF04FFFFFFFF0CFFFFFFFF0C0A0000000CFFFFFFFF0CFFFFFFFF110D05706F696E740CFFFFFFFF04FFFFFFFF0CFFFFFFFF13FF3D36D100A04040C013A37C7B9438400000000000000000110D067665727465780CFFFFFFFF04FFFFFFFF0CFFFFFFFF0C0400000004020000000C
310
01000000110E07656C6C697073650D0563757276650CFFFFFFFF04FFFFFFFF0CFFFFFFFF138A4987A0CD8C4040C013A37C7B94384000000000000000001400000000000000000000000000000000000000000000F03F14B174F4AE3033C33F0000000000000000000000000000008006000000000000F03F0B0B110D046564
310
67650CFFFFFFFF04FFFFFFFF0CFFFFFFFF0C020000000600000000000000000C0200000006182D4454FB2119400C050000000C030000000B0707756E6B6E6F776E110D06636F656467650CFFFFFFFF04FFFFFFFF0CFFFFFFFF0C050000000C050000000CFFFFFFFF0C040000000B0C0600000004000000000CFFFFFFFF110D
310
046C6F6F700CFFFFFFFF04FFFFFFFF0CFFFFFFFF0CFFFFFFFF0C050000000C08000000110E05706C616E650D07737572666163650CFFFFFFFF04FFFFFFFF0CFFFFFFFF1350CF2F0834834040C013A37C7B94384000000000000000001400000000000000800000000000000000000000000000F03F14000000000000F0BF00
310
0000000000000000000000000000800B0B0B0B0B110D04666163650CFFFFFFFF04FFFFFFFF0CFFFFFFFF0CFFFFFFFF0C060000000C090000000CFFFFFFFF0C070000000B0A0B110D057368656C6C0CFFFFFFFF04FFFFFFFF0CFFFFFFFF0CFFFFFFFF0CFFFFFFFF0C080000000CFFFFFFFF0C0A000000110D046C756D700CFF
310
FFFFFF04FFFFFFFF0CFFFFFFFF0CFFFFFFFF0C090000000C00000000110E03456E640E026F660E0341534D0D0464617461
  0
ACDSRECORD
 90
        1
  2
AcDbDs::ID
280
    10
320
C7
  2
ASM_Data
280
    15
 94
      811
310
414349532042696E61727946696C652855000000000000010000000C00000007214F70656E2044657369676E20416C6C69616E63652041434953204275696C646572070E41434953203231382E3030204E540718546875204A756E2032372031363A32383A3231203230323406000000000000F03F0648AFBC9AF2D77A3E06
310
BBBDD7D9DF7CDB3D0D04626F64790CFFFFFFFF04FFFFFFFF0CFFFFFFFF0C0A0000000CFFFFFFFF0CFFFFFFFF110D05706F696E740CFFFFFFFF04FFFFFFFF0CFFFFFFFF13E27348E668A63A400FA7DDF98F8238400000000000000000110D067665727465780CFFFFFFFF04FFFFFFFF0CFFFFFFFF0C0400000004020000000C
310
01000000110E07656C6C697073650D0563757276650CFFFFFFFF04FFFFFFFF0CFFFFFFFF13F98AEA8402803A400FA7DDF98F82384000000000000000001400000000000000000000000000000000000000000000F03F14B174F4AE3033C33F0000000000000000000000000000008006000000000000F03F0B0B110D046564
310
67650CFFFFFFFF04FFFFFFFF0CFFFFFFFF0C020000000600000000000000000C0200000006182D4454FB2119400C050000000C030000000B0707756E6B6E6F776E110D06636F656467650CFFFFFFFF04FFFFFFFF0CFFFFFFFF0C050000000C050000000CFFFFFFFF0C040000000B0C0600000004000000000CFFFFFFFF110D
310
046C6F6F700CFFFFFFFF04FFFFFFFF0CFFFFFFFF0CFFFFFFFF0C050000000C08000000110E05706C616E650D07737572666163650CFFFFFFFF04FFFFFFFF0CFFFFFFFF1384963B54CF6C3A400FA7DDF98F82384000000000000000001400000000000000800000000000000000000000000000F03F14000000000000F0BF00
310
0000000000000000000000000000800B0B0B0B0B110D04666163650CFFFFFFFF04FFFFFFFF0CFFFFFFFF0CFFFFFFFF0C060000000C090000000CFFFFFFFF0C070000000B0A0B110D057368656C6C0CFFFFFFFF04FFFFFFFF0CFFFFFFFF0CFFFFFFFF0CFFFFFFFF0C080000000CFFFFFFFF0C0A000000110D046C756D700CFF
310
FFFFFF04FFFFFFFF0CFFFFFFFF0CFFFFFFFF0C090000000C00000000110E03456E640E026F660E0341534D0D0464617461
  0
ACDSRECORD
 90
        1
  2
AcDbDs::ID
280
    10
320
C9
  2
ASM_Data
280
    15
 94
      811
310
414349532042696E61727946696C652855000000000000010000000C00000007214F70656E2044657369676E20416C6C69616E63652041434953204275696C646572070E41434953203231382E3030204E540718546875204A756E2032372031363A32383A3231203230323406000000000000F03F0648AFBC9AF2D77A3E06
310
BBBDD7D9DF7CDB3D0D04626F64790CFFFFFFFF04FFFFFFFF0CFFFFFFFF0C0A0000000CFFFFFFFF0CFFFFFFFF110D05706F696E740CFFFFFFFF04FFFFFFFF0CFFFFFFFF13BE25E761F4FC39409CA36D80C2B837400000000000000000110D067665727465780CFFFFFFFF04FFFFFFFF0CFFFFFFFF0C0400000004020000000C
310
01000000110E07656C6C697073650D0563757276650CFFFFFFFF04FFFFFFFF0CFFFFFFFF13D53C89008ED639409CA36D80C2B8374000000000000000001400000000000000000000000000000000000000000000F03F14B174F4AE3033C33F0000000000000000000000000000008006000000000000F03F0B0B110D046564
310
67650CFFFFFFFF04FFFFFFFF0CFFFFFFFF0C020000000600000000000000000C0200000006182D4454FB2119400C050000000C030000000B0707756E6B6E6F776E110D06636F656467650CFFFFFFFF04FFFFFFFF0CFFFFFFFF0C050000000C050000000CFFFFFFFF0C040000000B0C0600000004000000000CFFFFFFFF110D
310
046C6F6F700CFFFFFFFF04FFFFFFFF0CFFFFFFFF0CFFFFFFFF0C050000000C08000000110E05706C616E650D07737572666163650CFFFFFFFF04FFFFFFFF0CFFFFFFFF136048DACF5AC339409CA36D80C2B8374000000000000000001400000000000000800000000000000000000000000000F03F14000000000000F0BF00
310
0000000000000000000000000000800B0B0B0B0B110D04666163650CFFFFFFFF04FFFFFFFF0CFFFFFFFF0CFFFFFFFF0C060000000C090000000CFFFFFFFF0C070000000B0A0B110D057368656C6C0CFFFFFFFF04FFFFFFFF0CFFFFFFFF0CFFFFFFFF0CFFFFFFFF0C080000000CFFFFFFFF0C0A000000110D046C756D700CFF
310
FFFFFF04FFFFFFFF0CFFFFFFFF0CFFFFFFFF0C090000000C00000000110E03456E640E026F660E0341534D0D0464617461
  0
ACDSRECORD
 90
        1
  2
AcDbDs::ID
280
    10
320
CB
  2
ASM_Data
280
    15
 94
      811
310
414349532042696E61727946696C652855000000000000010000000C00000007214F70656E2044657369676E20416C6C69616E63652041434953204275696C646572070E41434953203231382E3030204E540718546875204A756E2032372031363A32383A3231203230323406000000000000F03F0648AFBC9AF2D77A3E06
310
BBBDD7D9DF7CDB3D0D04626F64790CFFFFFFFF04FFFFFFFF0CFFFFFFFF0C0A0000000CFFFFFFFF0CFFFFFFFF110D05706F696E740CFFFFFFFF04FFFFFFFF0CFFFFFFFF1362DCCB85E3E14040AEF136C2E45837400000000000000000110D067665727465780CFFFFFFFF04FFFFFFFF0CFFFFFFFF0C0400000004020000000C
310
01000000110E07656C6C697073650D0563757276650CFFFFFFFF04FFFFFFFF0CFFFFFFFF13EDE71C55B0CE4040AEF136C2E458374000000000000000001400000000000000000000000000000000000000000000F03F14B174F4AE3033C33F0000000000000000000000000000008006000000000000F03F0B0B110D046564
310
67650CFFFFFFFF04FFFFFFFF0CFFFFFFFF0C020000000600000000000000000C0200000006182D4454FB2119400C050000000C030000000B0707756E6B6E6F776E110D06636F656467650CFFFFFFFF04FFFFFFFF0CFFFFFFFF0C050000000C050000000CFFFFFFFF0C040000000B0C0600000004000000000CFFFFFFFF110D
310
046C6F6F700CFFFFFFFF04FFFFFFFF0CFFFFFFFF0CFFFFFFFF0C050000000C08000000110E05706C616E650D07737572666163650CFFFFFFFF04FFFFFFFF0CFFFFFFFF13B36DC5BC16C54040AEF136C2E458374000000000000000001400000000000000800000000000000000000000000000F03F14000000000000F0BF00
310
0000000000000000000000000000800B0B0B0B0B110D04666163650CFFFFFFFF04FFFFFFFF0CFFFFFFFF0CFFFFFFFF0C060000000C090000000CFFFFFFFF0C070000000B0A0B110D057368656C6C0CFFFFFFFF04FFFFFFFF0CFFFFFFFF0CFFFFFFFF0CFFFFFFFF0C080000000CFFFFFFFF0C0A000000110D046C756D700CFF
310
FFFFFF04FFFFFFFF0CFFFFFFFF0CFFFFFFFF0C090000000C00000000110E03456E640E026F660E0341534D0D0464617461
  0
ACDSRECORD
 90
        1
  2
AcDbDs::ID
280
    10
320
CD
  2
ASM_Data
280
    15
 94
      811
310
414349532042696E61727946696C652855000000000000010000000C00000007214F70656E2044657369676E20416C6C69616E63652041434953204275696C646572070E41434953203231382E3030204E540718546875204A756E2032372031363A32383A3231203230323406000000000000F03F0648AFBC9AF2D77A3E06
310
BBBDD7D9DF7CDB3D0D04626F64790CFFFFFFFF04FFFFFFFF0CFFFFFFFF0C0A0000000CFFFFFFFF0CFFFFFFFF110D05706F696E740CFFFFFFFF04FFFFFFFF0CFFFFFFFF136BB64D4C72FD3B4008D362B6856B37400000000000000000110D067665727465780CFFFFFFFF04FFFFFFFF0CFFFFFFFF0C0400000004020000000C
310
01000000110E07656C6C697073650D0563757276650CFFFFFFFF04FFFFFFFF0CFFFFFFFF1382CDEFEA0BD73B4008D362B6856B374000000000000000001400000000000000000000000000000000000000000000F03F14B174F4AE3033C33F0000000000000000000000000000008006000000000000F03F0B0B110D046564
310
67650CFFFFFFFF04FFFFFFFF0CFFFFFFFF0C020000000600000000000000000C0200000006182D4454FB2119400C050000000C030000000B0707756E6B6E6F776E110D06636F656467650CFFFFFFFF04FFFFFFFF0CFFFFFFFF0C050000000C050000000CFFFFFFFF0C040000000B0C0600000004000000000CFFFFFFFF110D
310
046C6F6F700CFFFFFFFF04FFFFFFFF0CFFFFFFFF0CFFFFFFFF0C050000000C08000000110E05706C616E650D07737572666163650CFFFFFFFF04FFFFFFFF0CFFFFFFFF130DD940BAD8C33B4008D362B6856B374000000000000000001400000000000000800000000000000000000000000000F03F14000000000000F0BF00
310
0000000000000000000000000000800B0B0B0B0B110D04666163650CFFFFFFFF04FFFFFFFF0CFFFFFFFF0CFFFFFFFF0C060000000C090000000CFFFFFFFF0C070000000B0A0B110D057368656C6C0CFFFFFFFF04FFFFFFFF0CFFFFFFFF0CFFFFFFFF0CFFFFFFFF0C080000000CFFFFFFFF0C0A000000110D046C756D700CFF
310
FFFFFF04FFFFFFFF0CFFFFFFFF0CFFFFFFFF0C090000000C00000000110E03456E640E026F660E0341534D0D0464617461
  0
ACDSRECORD
 90
        1
  2
AcDbDs::ID
280
    10
320
CF
  2
ASM_Data
280
    15
 94
      811
310
414349532042696E61727946696C652855000000000000010000000C00000007214F70656E2044657369676E20416C6C69616E63652041434953204275696C646572070E41434953203231382E3030204E540718546875204A756E2032372031363A32383A3231203230323406000000000000F03F0648AFBC9AF2D77A3E06
310
BBBDD7D9DF7CDB3D0D04626F64790CFFFFFFFF04FFFFFFFF0CFFFFFFFF0C0A0000000CFFFFFFFF0CFFFFFFFF110D05706F696E740CFFFFFFFF04FFFFFFFF0CFFFFFFFF13740347FA9BD93C4082C38F5AF66837400000000000000000110D067665727465780CFFFFFFFF04FFFFFFFF0CFFFFFFFF0C0400000004020000000C
310
01000000110E07656C6C697073650D0563757276650CFFFFFFFF04FFFFFFFF0CFFFFFFFF138B1AE99835B33C4082C38F5AF668374000000000000000001400000000000000000000000000000000000000000000F03F14B174F4AE3033C33F0000000000000000000000000000008006000000000000F03F0B0B110D046564
310
67650CFFFFFFFF04FFFFFFFF0CFFFFFFFF0C020000000600000000000000000C0200000006182D4454FB2119400C050000000C030000000B0707756E6B6E6F776E110D06636F656467650CFFFFFFFF04FFFFFFFF0CFFFFFFFF0C050000000C050000000CFFFFFFFF0C040000000B0C0600000004000000000CFFFFFFFF110D
310
046C6F6F700CFFFFFFFF04FFFFFFFF0CFFFFFFFF0CFFFFFFFF0C050000000C08000000110E05706C616E650D07737572666163650CFFFFFFFF04FFFFFFFF0CFFFFFFFF1316263A6802A03C4082C38F5AF668374000000000000000001400000000000000800000000000000000000000000000F03F14000000000000F0BF00
310
0000000000000000000000000000800B0B0B0B0B110D04666163650CFFFFFFFF04FFFFFFFF0CFFFFFFFF0CFFFFFFFF0C060000000C090000000CFFFFFFFF0C070000000B0A0B110D057368656C6C0CFFFFFFFF04FFFFFFFF0CFFFFFFFF0CFFFFFFFF0CFFFFFFFF0C080000000CFFFFFFFF0C0A000000110D046C756D700CFF
310
FFFFFF04FFFFFFFF0CFFFFFFFF0CFFFFFFFF0C090000000C00000000110E03456E640E026F660E0341534D0D0464617461
  0
ACDSRECORD
 90
        1
  2
AcDbDs::ID
280
    10
320
D1
  2
ASM_Data
280
    15
 94
      811
310
414349532042696E61727946696C652855000000000000010000000C00000007214F70656E2044657369676E20416C6C69616E63652041434953204275696C646572070E41434953203231382E3030204E540718546875204A756E2032372031363A32383A3231203230323406000000000000F03F0648AFBC9AF2D77A3E06
310
BBBDD7D9DF7CDB3D0D04626F64790CFFFFFFFF04FFFFFFFF0CFFFFFFFF0C0A0000000CFFFFFFFF0CFFFFFFFF110D05706F696E740CFFFFFFFF04FFFFFFFF0CFFFFFFFF13A82845C8CCF13F40FE5CFAB8B2E937400000000000000000110D067665727465780CFFFFFFFF04FFFFFFFF0CFFFFFFFF0C0400000004020000000C
310
01000000110E07656C6C697073650D0563757276650CFFFFFFFF04FFFFFFFF0CFFFFFFFF13BF3FE76666CB3F40FE5CFAB8B2E9374000000000000000001400000000000000000000000000000000000000000000F03F14B174F4AE3033C33F0000000000000000000000000000008006000000000000F03F0B0B110D046564
310
67650CFFFFFFFF04FFFFFFFF0CFFFFFFFF0C020000000600000000000000000C0200000006182D4454FB2119400C050000000C030000000B0707756E6B6E6F776E110D06636F656467650CFFFFFFFF04FFFFFFFF0CFFFFFFFF0C050000000C050000000CFFFFFFFF0C040000000B0C0600000004000000000CFFFFFFFF110D
310
046C6F6F700CFFFFFFFF04FFFFFFFF0CFFFFFFFF0CFFFFFFFF0C050000000C08000000110E05706C616E650D07737572666163650CFFFFFFFF04FFFFFFFF0CFFFFFFFF134A4B383633B83F40FE5CFAB8B2E9374000000000000000001400000000000000800000000000000000000000000000F03F14000000000000F0BF00
310
0000000000000000000000000000800B0B0B0B0B110D04666163650CFFFFFFFF04FFFFFFFF0CFFFFFFFF0CFFFFFFFF0C060000000C090000000CFFFFFFFF0C070000000B0A0B110D057368656C6C0CFFFFFFFF04FFFFFFFF0CFFFFFFFF0CFFFFFFFF0CFFFFFFFF0C080000000CFFFFFFFF0C0A000000110D046C756D700CFF
310
FFFFFF04FFFFFFFF0CFFFFFFFF0CFFFFFFFF0C090000000C00000000110E03456E640E026F660E0341534D0D0464617461
  0
ACDSRECORD
 90
        1
  2
AcDbDs::ID
280
    10
320
D3
  2
ASM_Data
280
    15
 94
      811
310
414349532042696E61727946696C652855000000000000010000000C00000007214F70656E2044657369676E20416C6C69616E63652041434953204275696C646572070E41434953203231382E3030204E540718546875204A756E2032372031363A32383A3231203230323406000000000000F03F0648AFBC9AF2D77A3E06
310
BBBDD7D9DF7CDB3D0D04626F64790CFFFFFFFF04FFFFFFFF0CFFFFFFFF0C0A0000000CFFFFFFFF0CFFFFFFFF110D05706F696E740CFFFFFFFF04FFFFFFFF0CFFFFFFFF13B6868C269B593F40E8E865D2AE4736400000000000000000110D067665727465780CFFFFFFFF04FFFFFFFF0CFFFFFFFF0C0400000004020000000C
310
01000000110E07656C6C697073650D0563757276650CFFFFFFFF04FFFFFFFF0CFFFFFFFF13CD9D2EC534333F40E8E865D2AE47364000000000000000001400000000000000000000000000000000000000000000F03F14B174F4AE3033C33F0000000000000000000000000000008006000000000000F03F0B0B110D046564
310
67650CFFFFFFFF04FFFFFFFF0CFFFFFFFF0C020000000600000000000000000C0200000006182D4454FB2119400C050000000C030000000B0707756E6B6E6F776E110D06636F656467650CFFFFFFFF04FFFFFFFF0CFFFFFFFF0C050000000C050000000CFFFFFFFF0C040000000B0C0600000004000000000CFFFFFFFF110D
310
046C6F6F700CFFFFFFFF04FFFFFFFF0CFFFFFFFF0CFFFFFFFF0C050000000C08000000110E05706C616E650D07737572666163650CFFFFFFFF04FFFFFFFF0CFFFFFFFF1358A97F9401203F40E8E865D2AE47364000000000000000001400000000000000800000000000000000000000000000F03F14000000000000F0BF00
310
0000000000000000000000000000800B0B0B0B0B110D04666163650CFFFFFFFF04FFFFFFFF0CFFFFFFFF0CFFFFFFFF0C060000000C090000000CFFFFFFFF0C070000000B0A0B110D057368656C6C0CFFFFFFFF04FFFFFFFF0CFFFFFFFF0CFFFFFFFF0CFFFFFFFF0C080000000CFFFFFFFF0C0A000000110D046C756D700CFF
310
FFFFFF04FFFFFFFF0CFFFFFFFF0CFFFFFFFF0C090000000C00000000110E03456E640E026F660E0341534D0D0464617461
  0
ACDSRECORD
 90
        1
  2
AcDbDs::ID
280
    10
320
D5
  2
ASM_Data
280
    15
 94
      811
310
414349532042696E61727946696C652855000000000000010000000C00000007214F70656E2044657369676E20416C6C69616E63652041434953204275696C646572070E41434953203231382E3030204E540718546875204A756E2032372031363A32383A3231203230323406000000000000F03F0648AFBC9AF2D77A3E06
310
BBBDD7D9DF7CDB3D0D04626F64790CFFFFFFFF04FFFFFFFF0CFFFFFFFF0C0A0000000CFFFFFFFF0CFFFFFFFF110D05706F696E740CFFFFFFFF04FFFFFFFF0CFFFFFFFF13B6868C269B593F402DD7D3F5E17A35400000000000000000110D067665727465780CFFFFFFFF04FFFFFFFF0CFFFFFFFF0C0400000004020000000C
310
01000000110E07656C6C697073650D0563757276650CFFFFFFFF04FFFFFFFF0CFFFFFFFF13CD9D2EC534333F402DD7D3F5E17A354000000000000000001400000000000000000000000000000000000000000000F03F14B174F4AE3033C33F0000000000000000000000000000008006000000000000F03F0B0B110D046564
310
67650CFFFFFFFF04FFFFFFFF0CFFFFFFFF0C020000000600000000000000000C0200000006182D4454FB2119400C050000000C030000000B0707756E6B6E6F776E110D06636F656467650CFFFFFFFF04FFFFFFFF0CFFFFFFFF0C050000000C050000000CFFFFFFFF0C040000000B0C0600000004000000000CFFFFFFFF110D
310
046C6F6F700CFFFFFFFF04FFFFFFFF0CFFFFFFFF0CFFFFFFFF0C050000000C08000000110E05706C616E650D07737572666163650CFFFFFFFF04FFFFFFFF0CFFFFFFFF1358A97F9401203F402DD7D3F5E17A354000000000000000001400000000000000800000000000000000000000000000F03F14000000000000F0BF00
310
0000000000000000000000000000800B0B0B0B0B110D04666163650CFFFFFFFF04FFFFFFFF0CFFFFFFFF0CFFFFFFFF0C060000000C090000000CFFFFFFFF0C070000000B0A0B110D057368656C6C0CFFFFFFFF04FFFFFFFF0CFFFFFFFF0CFFFFFFFF0CFFFFFFFF0C080000000CFFFFFFFF0C0A000000110D046C756D700CFF
310
FFFFFF04FFFFFFFF0CFFFFFFFF0CFFFFFFFF0C090000000C00000000110E03456E640E026F660E0341534D0D0464617461
  0
ACDSRECORD
 90
        1
  2
AcDbDs::ID
280
    10
320
D7
  2
ASM_Data
280
    15
 94
      811
310
414349532042696E61727946696C652855000000000000010000000C00000007214F70656E2044657369676E20416C6C69616E63652041434953204275696C646572070E41434953203231382E3030204E540718546875204A756E2032372031363A32383A3231203230323406000000000000F03F0648AFBC9AF2D77A3E06
310
BBBDD7D9DF7CDB3D0D04626F64790CFFFFFFFF04FFFFFFFF0CFFFFFFFF0C0A0000000CFFFFFFFF0CFFFFFFFF110D05706F696E740CFFFFFFFF04FFFFFFFF0CFFFFFFFF13D2254EB4CC0C35403232D0CECCCC36400000000000000000110D067665727465780CFFFFFFFF04FFFFFFFF0CFFFFFFFF0C0400000004020000000C
310
01000000110E07656C6C697073650D0563757276650CFFFFFFFF04FFFFFFFF0CFFFFFFFF13E93CF05266E634403232D0CECCCC364000000000000000001400000000000000000000000000000000000000000000F03F14B174F4AE3033C33F0000000000000000000000000000008006000000000000F03F0B0B110D046564
310
67650CFFFFFFFF04FFFFFFFF0CFFFFFFFF0C020000000600000000000000000C0200000006182D4454FB2119400C050000000C030000000B0707756E6B6E6F776E110D06636F656467650CFFFFFFFF04FFFFFFFF0CFFFFFFFF0C050000000C050000000CFFFFFFFF0C040000000B0C0600000004000000000CFFFFFFFF110D
310
046C6F6F700CFFFFFFFF04FFFFFFFF0CFFFFFFFF0CFFFFFFFF0C050000000C08000000110E05706C616E650D07737572666163650CFFFFFFFF04FFFFFFFF0CFFFFFFFF137448412233D334403232D0CECCCC364000000000000000001400000000000000800000000000000000000000000000F03F14000000000000F0BF00
310
0000000000000000000000000000800B0B0B0B0B110D04666163650CFFFFFFFF04FFFFFFFF0CFFFFFFFF0CFFFFFFFF0C060000000C090000000CFFFFFFFF0C070000000B0A0B110D057368656C6C0CFFFFFFFF04FFFFFFFF0CFFFFFFFF0CFFFFFFFF0CFFFFFFFF0C080000000CFFFFFFFF0C0A000000110D046C756D700CFF
310
FFFFFF04FFFFFFFF0CFFFFFFFF0CFFFFFFFF0C090000000C00000000110E03456E640E026F660E0341534D0D0464617461
  0
ACDSRECORD
 90
        1
  2
AcDbDs::ID
280
    10
320
D9
  2
ASM_Data
280
    15
 94
      811
310
414349532042696E61727946696C652855000000000000010000000C00000007214F70656E2044657369676E20416C6C69616E63652041434953204275696C646572070E41434953203231382E3030204E540718546875204A756E2032372031363A32383A3231203230323406000000000000F03F0648AFBC9AF2D77A3E06
310
BBBDD7D9DF7CDB3D0D04626F64790CFFFFFFFF04FFFFFFFF0CFFFFFFFF0C0A0000000CFFFFFFFF0CFFFFFFFF110D05706F696E740CFFFFFFFF04FFFFFFFF0CFFFFFFFF139FA8F090F72410400FBE2828E2F824400000000000000000110D067665727465780CFFFFFFFF04FFFFFFFF0CFFFFFFFF0C0400000004020000000C
310
01000000110E07656C6C697073650D0563757276650CFFFFFFFF04FFFFFFFF0CFFFFFFFF13F209F216BC160F400FBE2828E2F8244000000000000000001400000000000000000000000000000000000000000000F03F14B174F4AE3033C33F0000000000000000000000000000008006000000000000F03F0B0B110D046564
310
67650CFFFFFFFF04FFFFFFFF0CFFFFFFFF0C020000000600000000000000000C0200000006182D4454FB2119400C050000000C030000000B0707756E6B6E6F776E110D06636F656467650CFFFFFFFF04FFFFFFFF0CFFFFFFFF0C050000000C050000000CFFFFFFFF0C040000000B0C0600000004000000000CFFFFFFFF110D
310
046C6F6F700CFFFFFFFF04FFFFFFFF0CFFFFFFFF0CFFFFFFFF0C050000000C08000000110E05706C616E650D07737572666163650CFFFFFFFF04FFFFFFFF0CFFFFFFFF134C667A91227D0E400FBE2828E2F8244000000000000000001400000000000000800000000000000000000000000000F03F14000000000000F0BF00
310
0000000000000000000000000000800B0B0B0B0B110D04666163650CFFFFFFFF04FFFFFFFF0CFFFFFFFF0CFFFFFFFF0C060000000C090000000CFFFFFFFF0C070000000B0A0B110D057368656C6C0CFFFFFFFF04FFFFFFFF0CFFFFFFFF0CFFFFFFFF0CFFFFFFFF0C080000000CFFFFFFFF0C0A000000110D046C756D700CFF
310
FFFFFF04FFFFFFFF0CFFFFFFFF0CFFFFFFFF0C090000000C00000000110E03456E640E026F660E0341534D0D0464617461
  0
ACDSRECORD
 90
        1
  2
AcDbDs::ID
280
    10
320
DB
  2
ASM_Data
280
    15
 94
      811
310
414349532042696E61727946696C652855000000000000010000000C00000007214F70656E2044657369676E20416C6C69616E63652041434953204275696C646572070E41434953203231382E3030204E540718546875204A756E2032372031363A32383A3231203230323406000000000000F03F0648AFBC9AF2D77A3E06
310
BBBDD7D9DF7CDB3D0D04626F64790CFFFFFFFF04FFFFFFFF0CFFFFFFFF0C0A0000000CFFFFFFFF0CFFFFFFFF110D05706F696E740CFFFFFFFF04FFFFFFFF0CFFFFFFFF13B651748F3233094080D360BFCCCC29400000000000000000110D067665727465780CFFFFFFFF04FFFFFFFF0CFFFFFFFF0C0400000004020000000C
310
01000000110E07656C6C697073650D0563757276650CFFFFFFFF04FFFFFFFF0CFFFFFFFF136B0A8584FFFF074080D360BFCCCC294000000000000000001400000000000000000000000000000000000000000000F03F14B174F4AE3033C33F0000000000000000000000000000008006000000000000F03F0B0B110D046564
310
67650CFFFFFFFF04FFFFFFFF0CFFFFFFFF0C020000000600000000000000000C0200000006182D4454FB2119400C050000000C030000000B0707756E6B6E6F776E110D06636F656467650CFFFFFFFF04FFFFFFFF0CFFFFFFFF0C050000000C050000000CFFFFFFFF0C040000000B0C0600000004000000000CFFFFFFFF110D
310
046C6F6F700CFFFFFFFF04FFFFFFFF0CFFFFFFFF0CFFFFFFFF0C050000000C08000000110E05706C616E650D07737572666163650CFFFFFFFF04FFFFFFFF0CFFFFFFFF13C6660DFF6566074080D360BFCCCC294000000000000000001400000000000000800000000000000000000000000000F03F14000000000000F0BF00
310
0000000000000000000000000000800B0B0B0B0B110D04666163650CFFFFFFFF04FFFFFFFF0CFFFFFFFF0CFFFFFFFF0C060000000C090000000CFFFFFFFF0C070000000B0A0B110D057368656C6C0CFFFFFFFF04FFFFFFFF0CFFFFFFFF0CFFFFFFFF0CFFFFFFFF0C080000000CFFFFFFFF0C0A000000110D046C756D700CFF
310
FFFFFF04FFFFFFFF0CFFFFFFFF0CFFFFFFFF0C090000000C00000000110E03456E640E026F660E0341534D0D0464617461
  0
ACDSRECORD
 90
        1
  2
AcDbDs::ID
280
    10
320
DD
  2
ASM_Data
280
    15
 94
      811
310
414349532042696E61727946696C652855000000000000010000000C00000007214F70656E2044657369676E20416C6C69616E63652041434953204275696C646572070E41434953203231382E3030204E540718546875204A756E2032372031363A32383A3231203230323406000000000000F03F0648AFBC9AF2D77A3E06
310
BBBDD7D9DF7CDB3D0D04626F64790CFFFFFFFF04FFFFFFFF0CFFFFFFFF0C0A0000000CFFFFFFFF0CFFFFFFFF110D05706F696E740CFFFFFFFF04FFFFFFFF0CFFFFFFFF13E0DCFC123333104080D360BFCCCC29400000000000000000110D067665727465780CFFFFFFFF04FFFFFFFF0CFFFFFFFF0C0400000004020000000C
310
01000000110E07656C6C697073650D0563757276650CFFFFFFFF04FFFFFFFF0CFFFFFFFF1374720A1B33330F4080D360BFCCCC294000000000000000001400000000000000000000000000000000000000000000F03F14B174F4AE3033C33F0000000000000000000000000000008006000000000000F03F0B0B110D046564
310
67650CFFFFFFFF04FFFFFFFF0CFFFFFFFF0C020000000600000000000000000C0200000006182D4454FB2119400C050000000C030000000B0707756E6B6E6F776E110D06636F656467650CFFFFFFFF04FFFFFFFF0CFFFFFFFF0C050000000C050000000CFFFFFFFF0C040000000B0C0600000004000000000CFFFFFFFF110D
310
046C6F6F700CFFFFFFFF04FFFFFFFF0CFFFFFFFF0CFFFFFFFF0C050000000C08000000110E05706C616E650D07737572666163650CFFFFFFFF04FFFFFFFF0CFFFFFFFF13CECE929599990E4080D360BFCCCC294000000000000000001400000000000000800000000000000000000000000000F03F14000000000000F0BF00
310
0000000000000000000000000000800B0B0B0B0B110D04666163650CFFFFFFFF04FFFFFFFF0CFFFFFFFF0CFFFFFFFF0C060000000C090000000CFFFFFFFF0C070000000B0A0B110D057368656C6C0CFFFFFFFF04FFFFFFFF0CFFFFFFFF0CFFFFFFFF0CFFFFFFFF0C080000000CFFFFFFFF0C0A000000110D046C756D700CFF
310
FFFFFF04FFFFFFFF0CFFFFFFFF0CFFFFFFFF0C090000000C00000000110E03456E640E026F660E0341534D0D0464617461
  0
ACDSRECORD
 90
        1
  2
AcDbDs::ID
280
    10
320
DF
  2
ASM_Data
280
    15
 94
      811
310
414349532042696E61727946696C652855000000000000010000000C00000007214F70656E2044657369676E20416C6C69616E63652041434953204275696C646572070E41434953203231382E3030204E540718546875204A756E2032372031363A32383A3231203230323406000000000000F03F0648AFBC9AF2D77A3E06
310
BBBDD7D9DF7CDB3D0D04626F64790CFFFFFFFF04FFFFFFFF0CFFFFFFFF0C0A0000000CFFFFFFFF0CFFFFFFFF110D05706F696E740CFFFFFFFF04FFFFFFFF0CFFFFFFFF1384777FDD65660840E4903FDECCCC23400000000000000000110D067665727465780CFFFFFFFF04FFFFFFFF0CFFFFFFFF0C0400000004020000000C
310
01000000110E07656C6C697073650D0563757276650CFFFFFFFF04FFFFFFFF0CFFFFFFFF13393090D232330740E4903FDECCCC234000000000000000001400000000000000000000000000000000000000000000F03F14B174F4AE3033C33F0000000000000000000000000000008006000000000000F03F0B0B110D046564
310
67650CFFFFFFFF04FFFFFFFF0CFFFFFFFF0C020000000600000000000000000C0200000006182D4454FB2119400C050000000C030000000B0707756E6B6E6F776E110D06636F656467650CFFFFFFFF04FFFFFFFF0CFFFFFFFF0C050000000C050000000CFFFFFFFF0C040000000B0C0600000004000000000CFFFFFFFF110D
310
046C6F6F700CFFFFFFFF04FFFFFFFF0CFFFFFFFF0CFFFFFFFF0C050000000C08000000110E05706C616E650D07737572666163650CFFFFFFFF04FFFFFFFF0CFFFFFFFF13948C184D99990640E4903FDECCCC234000000000000000001400000000000000800000000000000000000000000000F03F14000000000000F0BF00
310
0000000000000000000000000000800B0B0B0B0B110D04666163650CFFFFFFFF04FFFFFFFF0CFFFFFFFF0CFFFFFFFF0C060000000C090000000CFFFFFFFF0C070000000B0A0B110D057368656C6C0CFFFFFFFF04FFFFFFFF0CFFFFFFFF0CFFFFFFFF0CFFFFFFFF0C080000000CFFFFFFFF0C0A000000110D046C756D700CFF
310
FFFFFF04FFFFFFFF0CFFFFFFFF0CFFFFFFFF0C090000000C00000000110E03456E640E026F660E0341534D0D0464617461
  0
ACDSRECORD
 90
        1
  2
AcDbDs::ID
280
    10
320
E1
  2
ASM_Data
280
    15
 94
      811
310
414349532042696E61727946696C652855000000000000010000000C00000007214F70656E2044657369676E20416C6C69616E63652041434953204275696C646572070E41434953203231382E3030204E540718546875204A756E2032372031363A32383A3231203230323406000000000000F03F0648AFBC9AF2D77A3E06
310
BBBDD7D9DF7CDB3D0D04626F64790CFFFFFFFF04FFFFFFFF0CFFFFFFFF0C0A0000000CFFFFFFFF0CFFFFFFFF110D05706F696E740CFFFFFFFF04FFFFFFFF0CFFFFFFFF13B2AD557199991A404298156966661E400000000000000000110D067665727465780CFFFFFFFF04FFFFFFFF0CFFFFFFFF0C0400000004020000000C
310
01000000110E07656C6C697073650D0563757276650CFFFFFFFF04FFFFFFFF0CFFFFFFFF130C0ADEEBFFFF19404298156966661E4000000000000000001400000000000000000000000000000000000000000000F03F14B174F4AE3033C33F0000000000000000000000000000008006000000000000F03F0B0B110D046564
310
67650CFFFFFFFF04FFFFFFFF0CFFFFFFFF0C020000000600000000000000000C0200000006182D4454FB2119400C050000000C030000000B0707756E6B6E6F776E110D06636F656467650CFFFFFFFF04FFFFFFFF0CFFFFFFFF0C050000000C050000000CFFFFFFFF0C040000000B0C0600000004000000000CFFFFFFFF110D
310
046C6F6F700CFFFFFFFF04FFFFFFFF0CFFFFFFFF0CFFFFFFFF0C050000000C08000000110E05706C616E650D07737572666163650CFFFFFFFF04FFFFFFFF0CFFFFFFFF133938222933B319404298156966661E4000000000000000001400000000000000800000000000000000000000000000F03F14000000000000F0BF00
310
0000000000000000000000000000800B0B0B0B0B110D04666163650CFFFFFFFF04FFFFFFFF0CFFFFFFFF0CFFFFFFFF0C060000000C090000000CFFFFFFFF0C070000000B0A0B110D057368656C6C0CFFFFFFFF04FFFFFFFF0CFFFFFFFF0CFFFFFFFF0CFFFFFFFF0C080000000CFFFFFFFF0C0A000000110D046C756D700CFF
310
FFFFFF04FFFFFFFF0CFFFFFFFF0CFFFFFFFF0C090000000C00000000110E03456E640E026F660E0341534D0D0464617461
  0
ACDSRECORD
 90
        1
  2
AcDbDs::ID
280
    10
320
E3
  2
ASM_Data
280
    15
 94
      811
310
414349532042696E61727946696C652855000000000000010000000C00000007214F70656E2044657369676E20416C6C69616E63652041434953204275696C646572070E41434953203231382E3030204E540718546875204A756E2032372031363A32383A3231203230323406000000000000F03F0648AFBC9AF2D77A3E06
310
BBBDD7D9DF7CDB3D0D04626F64790CFFFFFFFF04FFFFFFFF0CFFFFFFFF0C0A0000000CFFFFFFFF0CFFFFFFFF110D05706F696E740CFFFFFFFF04FFFFFFFF0CFFFFFFFF13F490DF9167A643407B7C08CB54B812400000000000000000110D067665727465780CFFFFFFFF04FFFFFFFF0CFFFFFFFF0C0400000004020000000C
310
01000000110E07656C6C697073650D0563757276650CFFFFFFFF04FFFFFFFF0CFFFFFFFF1394DBD52F014042407B7C08CB54B8124000000000000000001400000000000000000000000000000000000000000000F03F1407569B20666606400000000000000000000000000000008006000000000000F03F0B0B110D046564
310
67650CFFFFFFFF04FFFFFFFF0CFFFFFFFF0C020000000600000000000000000C0200000006182D4454FB2119400C050000000C030000000B0707756E6B6E6F776E110D06636F656467650CFFFFFFFF04FFFFFFFF0CFFFFFFFF0C050000000C050000000CFFFFFFFF0C040000000B0C0600000004000000000CFFFFFFFF110D
310
046C6F6F700CFFFFFFFF04FFFFFFFF0CFFFFFFFF0CFFFFFFFF0C050000000C08000000110E05706C616E650D07737572666163650CFFFFFFFF04FFFFFFFF0CFFFFFFFF13E400D1FECD8C41407C7C08CB54B8124000000000000000001400000000000000800000000000000000000000000000F03F14000000000000F0BF00
310
0000000000000000000000000000800B0B0B0B0B110D04666163650CFFFFFFFF04FFFFFFFF0CFFFFFFFF0CFFFFFFFF0C060000000C090000000CFFFFFFFF0C070000000B0A0B110D057368656C6C0CFFFFFFFF04FFFFFFFF0CFFFFFFFF0CFFFFFFFF0CFFFFFFFF0C080000000CFFFFFFFF0C0A000000110D046C756D700CFF
310
FFFFFF04FFFFFFFF0CFFFFFFFF0CFFFFFFFF0C090000000C00000000110E03456E640E026F660E0341534D0D0464617461
  0
ACDSRECORD
 90
        1
  2
AcDbDs::ID
280
    10
320
E5
  2
ASM_Data
280
    15
 94
      811
310
414349532042696E61727946696C652855000000000000010000000C00000007214F70656E2044657369676E20416C6C69616E63652041434953204275696C646572070E41434953203231382E3030204E540718546875204A756E2032372031363A32383A3231203230323406000000000000F03F0648AFBC9AF2D77A3E06
310
BBBDD7D9DF7CDB3D0D04626F64790CFFFFFFFF04FFFFFFFF0CFFFFFFFF0C0A0000000CFFFFFFFF0CFFFFFFFF110D05706F696E740CFFFFFFFF04FFFFFFFF0CFFFFFFFF138A5119F7CD0C43407B7C08CB54B812400000000000000000110D067665727465780CFFFFFFFF04FFFFFFFF0CFFFFFFFF0C0400000004020000000C
310
01000000110E07656C6C697073650D0563757276650CFFFFFFFF04FFFFFFFF0CFFFFFFFF1394DBD52F014042407B7C08CB54B8124000000000000000001400000000000000000000000000000000000000000000F03F14CFBE6EE89899F93F0000000000000000000000000000008006000000000000F03F0B0B110D046564
310
67650CFFFFFFFF04FFFFFFFF0CFFFFFFFF0C020000000600000000000000000C0200000006182D4454FB2119400C050000000C030000000B0707756E6B6E6F776E110D06636F656467650CFFFFFFFF04FFFFFFFF0CFFFFFFFF0C050000000C050000000CFFFFFFFF0C040000000B0C0600000004000000000CFFFFFFFF110D
310
046C6F6F700CFFFFFFFF04FFFFFFFF0CFFFFFFFF0CFFFFFFFF0C050000000C08000000110E05706C616E650D07737572666163650CFFFFFFFF04FFFFFFFF0CFFFFFFFF13992034CC9AD941407B7C08CB54B8124000000000000000001400000000000000800000000000000000000000000000F03F14000000000000F0BF00
310
0000000000000000000000000000800B0B0B0B0B110D04666163650CFFFFFFFF04FFFFFFFF0CFFFFFFFF0CFFFFFFFF0C060000000C090000000CFFFFFFFF0C070000000B0A0B110D057368656C6C0CFFFFFFFF04FFFFFFFF0CFFFFFFFF0CFFFFFFFF0CFFFFFFFF0C080000000CFFFFFFFF0C0A000000110D046C756D700CFF
310
FFFFFF04FFFFFFFF0CFFFFFFFF0CFFFFFFFF0C090000000C00000000110E03456E640E026F660E0341534D0D0464617461
  0
ACDSRECORD
 90
        1
  2
AcDbDs::ID
280
    10
320
E7
  2
ASM_Data
280
    15
 94
      811
310
414349532042696E61727946696C652855000000000000010000000C00000007214F70656E2044657369676E20416C6C69616E63652041434953204275696C646572070E41434953203231382E3030204E540718546875204A756E2032372031363A32383A3231203230323406000000000000F03F0648AFBC9AF2D77A3E06
310
BBBDD7D9DF7CDB3D0D04626F64790CFFFFFFFF04FFFFFFFF0CFFFFFFFF0C0A0000000CFFFFFFFF0CFFFFFFFF110D05706F696E740CFFFFFFFF04FFFFFFFF0CFFFFFFFF13F490DF9167A6434072C5411915AE34400000000000000000110D067665727465780CFFFFFFFF04FFFFFFFF0CFFFFFFFF0C0400000004020000000C
310
01000000110E07656C6C697073650D0563757276650CFFFFFFFF04FFFFFFFF0CFFFFFFFF1394DBD52F0140424072C5411915AE344000000000000000001400000000000000000000000000000000000000000000F03F1407569B20666606400000000000000000000000000000008006000000000000F03F0B0B110D046564
310
67650CFFFFFFFF04FFFFFFFF0CFFFFFFFF0C020000000600000000000000000C0200000006182D4454FB2119400C050000000C030000000B0707756E6B6E6F776E110D06636F656467650CFFFFFFFF04FFFFFFFF0CFFFFFFFF0C050000000C050000000CFFFFFFFF0C040000000B0C0600000004000000000CFFFFFFFF110D
310
046C6F6F700CFFFFFFFF04FFFFFFFF0CFFFFFFFF0CFFFFFFFF0C050000000C08000000110E05706C616E650D07737572666163650CFFFFFFFF04FFFFFFFF0CFFFFFFFF13E400D1FECD8C414072C5411915AE344000000000000000001400000000000000800000000000000000000000000000F03F14000000000000F0BF00
310
0000000000000000000000000000800B0B0B0B0B110D04666163650CFFFFFFFF04FFFFFFFF0CFFFFFFFF0CFFFFFFFF0C060000000C090000000CFFFFFFFF0C070000000B0A0B110D057368656C6C0CFFFFFFFF04FFFFFFFF0CFFFFFFFF0CFFFFFFFF0CFFFFFFFF0C080000000CFFFFFFFF0C0A000000110D046C756D700CFF
310
FFFFFF04FFFFFFFF0CFFFFFFFF0CFFFFFFFF0C090000000C00000000110E03456E640E026F660E0341534D0D0464617461
  0
ACDSRECORD
 90
        1
  2
AcDbDs::ID
280
    10
320
E9
  2
ASM_Data
280
    15
 94
      811
310
414349532042696E61727946696C652855000000000000010000000C00000007214F70656E2044657369676E20416C6C69616E63652041434953204275696C646572070E41434953203231382E3030204E540718546875204A756E2032372031363A32383A3231203230323406000000000000F03F0648AFBC9AF2D77A3E06
310
BBBDD7D9DF7CDB3D0D04626F64790CFFFFFFFF04FFFFFFFF0CFFFFFFFF0C0A0000000CFFFFFFFF0CFFFFFFFF110D05706F696E740CFFFFFFFF04FFFFFFFF0CFFFFFFFF138A5119F7CD0C434072C5411915AE34400000000000000000110D067665727465780CFFFFFFFF04FFFFFFFF0CFFFFFFFF0C0400000004020000000C
310
01000000110E07656C6C697073650D0563757276650CFFFFFFFF04FFFFFFFF0CFFFFFFFF1394DBD52F0140424072C5411915AE344000000000000000001400000000000000000000000000000000000000000000F03F14CFBE6EE89899F93F0000000000000000000000000000008006000000000000F03F0B0B110D046564
310
67650CFFFFFFFF04FFFFFFFF0CFFFFFFFF0C020000000600000000000000000C0200000006182D4454FB2119400C050000000C030000000B0707756E6B6E6F776E110D06636F656467650CFFFFFFFF04FFFFFFFF0CFFFFFFFF0C050000000C050000000CFFFFFFFF0C040000000B0C0600000004000000000CFFFFFFFF110D
310
046C6F6F700CFFFFFFFF04FFFFFFFF0CFFFFFFFF0CFFFFFFFF0C050000000C08000000110E05706C616E650D07737572666163650CFFFFFFFF04FFFFFFFF0CFFFFFFFF13992034CC9AD9414072C5411915AE344000000000000000001400000000000000800000000000000000000000000000F03F14000000000000F0BF00
310
0000000000000000000000000000800B0B0B0B0B110D04666163650CFFFFFFFF04FFFFFFFF0CFFFFFFFF0CFFFFFFFF0C060000000C090000000CFFFFFFFF0C070000000B0A0B110D057368656C6C0CFFFFFFFF04FFFFFFFF0CFFFFFFFF0CFFFFFFFF0CFFFFFFFF0C080000000CFFFFFFFF0C0A000000110D046C756D700CFF
310
FFFFFF04FFFFFFFF0CFFFFFFFF0CFFFFFFFF0C090000000C00000000110E03456E640E026F660E0341534D0D0464617461
  0
ACDSRECORD
 90
        1
  2
AcDbDs::ID
280
    10
320
EB
  2
ASM_Data
280
    15
 94
      811
310
414349532042696E61727946696C652855000000000000010000000C00000007214F70656E2044657369676E20416C6C69616E63652041434953204275696C646572070E41434953203231382E3030204E540718546875204A756E2032372031363A32383A3231203230323406000000000000F03F0648AFBC9AF2D77A3E06
310
BBBDD7D9DF7CDB3D0D04626F64790CFFFFFFFF04FFFFFFFF0CFFFFFFFF0C0A0000000CFFFFFFFF0CFFFFFFFF110D05706F696E740CFFFFFFFF04FFFFFFFF0CFFFFFFFF13A8A76EB236331D4072C5411915AE34400000000000000000110D067665727465780CFFFFFFFF04FFFFFFFF0CFFFFFFFF0C0400000004020000000C
310
01000000110E07656C6C697073650D0563757276650CFFFFFFFF04FFFFFFFF0CFFFFFFFF13A4FC20A20300124072C5411915AE344000000000000000001400000000000000000000000000000000000000000000F03F1407569B20666606400000000000000000000000000000008006000000000000F03F0B0B110D046564
310
67650CFFFFFFFF04FFFFFFFF0CFFFFFFFF0C020000000600000000000000000C0200000006182D4454FB2119400C050000000C030000000B0707756E6B6E6F776E110D06636F656467650CFFFFFFFF04FFFFFFFF0CFFFFFFFF0C050000000C050000000CFFFFFFFF0C040000000B0C0600000004000000000CFFFFFFFF110D
310
046C6F6F700CFFFFFFFF04FFFFFFFF0CFFFFFFFF0CFFFFFFFF0C050000000C08000000110E05706C616E650D07737572666163650CFFFFFFFF04FFFFFFFF0CFFFFFFFF13444EF433D4CC084072C5411915AE344000000000000000001400000000000000800000000000000000000000000000F03F14000000000000F0BF00
310
0000000000000000000000000000800B0B0B0B0B110D04666163650CFFFFFFFF04FFFFFFFF0CFFFFFFFF0CFFFFFFFF0C060000000C090000000CFFFFFFFF0C070000000B0A0B110D057368656C6C0CFFFFFFFF04FFFFFFFF0CFFFFFFFF0CFFFFFFFF0CFFFFFFFF0C080000000CFFFFFFFF0C0A000000110D046C756D700CFF
310
FFFFFF04FFFFFFFF0CFFFFFFFF0CFFFFFFFF0C090000000C00000000110E03456E640E026F660E0341534D0D0464617461
  0
ACDSRECORD
 90
        1
  2
AcDbDs::ID
280
    10
320
ED
  2
ASM_Data
280
    15
 94
      811
310
414349532042696E61727946696C652855000000000000010000000C00000007214F70656E2044657369676E20416C6C69616E63652041434953204275696C646572070E41434953203231382E3030204E540718546875204A756E2032372031363A32383A3231203230323406000000000000F03F0648AFBC9AF2D77A3E06
310
BBBDD7D9DF7CDB3D0D04626F64790CFFFFFFFF04FFFFFFFF0CFFFFFFFF0C0A0000000CFFFFFFFF0CFFFFFFFF110D05706F696E740CFFFFFFFF04FFFFFFFF0CFFFFFFFF1358AC3CDC6966184072C5411915AE34400000000000000000110D067665727465780CFFFFFFFF04FFFFFFFF0CFFFFFFFF0C0400000004020000000C
310
01000000110E07656C6C697073650D0563757276650CFFFFFFFF04FFFFFFFF0CFFFFFFFF13A4FC20A20300124072C5411915AE344000000000000000001400000000000000000000000000000000000000000000F03F14CFBE6EE89899F93F0000000000000000000000000000008006000000000000F03F0B0B110D046564
310
67650CFFFFFFFF04FFFFFFFF0CFFFFFFFF0C020000000600000000000000000C0200000006182D4454FB2119400C050000000C030000000B0707756E6B6E6F776E110D06636F656467650CFFFFFFFF04FFFFFFFF0CFFFFFFFF0C050000000C050000000CFFFFFFFF0C040000000B0C0600000004000000000CFFFFFFFF110D
310
046C6F6F700CFFFFFFFF04FFFFFFFF0CFFFFFFFF0CFFFFFFFF0C050000000C08000000110E05706C616E650D07737572666163650CFFFFFFFF04FFFFFFFF0CFFFFFFFF139449260AA1990D4072C5411915AE344000000000000000001400000000000000800000000000000000000000000000F03F14000000000000F0BF00
310
0000000000000000000000000000800B0B0B0B0B110D04666163650CFFFFFFFF04FFFFFFFF0CFFFFFFFF0CFFFFFFFF0C060000000C090000000CFFFFFFFF0C070000000B0A0B110D057368656C6C0CFFFFFFFF04FFFFFFFF0CFFFFFFFF0CFFFFFFFF0CFFFFFFFF0C080000000CFFFFFFFF0C0A000000110D046C756D700CFF
310
FFFFFF04FFFFFFFF0CFFFFFFFF0CFFFFFFFF0C090000000C00000000110E03456E640E026F660E0341534D0D0464617461
  0
ACDSRECORD
 90
        1
  2
AcDbDs::ID
280
    10
320
EF
  2
ASM_Data
280
    15
 94
      811
310
414349532042696E61727946696C652855000000000000010000000C00000007214F70656E2044657369676E20416C6C69616E63652041434953204275696C646572070E41434953203231382E3030204E540718546875204A756E2032372031363A32383A3231203230323406000000000000F03F0648AFBC9AF2D77A3E06
310
BBBDD7D9DF7CDB3D0D04626F64790CFFFFFFFF04FFFFFFFF0CFFFFFFFF0C0A0000000CFFFFFFFF0CFFFFFFFF110D05706F696E740CFFFFFFFF04FFFFFFFF0CFFFFFFFF13A8A76EB236331D407B7C08CB54B812400000000000000000110D067665727465780CFFFFFFFF04FFFFFFFF0CFFFFFFFF0C0400000004020000000C
310
01000000110E07656C6C697073650D0563757276650CFFFFFFFF04FFFFFFFF0CFFFFFFFF13A4FC20A2030012407B7C08CB54B8124000000000000000001400000000000000000000000000000000000000000000F03F1407569B20666606400000000000000000000000000000008006000000000000F03F0B0B110D046564
310
67650CFFFFFFFF04FFFFFFFF0CFFFFFFFF0C020000000600000000000000000C0200000006182D4454FB2119400C050000000C030000000B0707756E6B6E6F776E110D06636F656467650CFFFFFFFF04FFFFFFFF0CFFFFFFFF0C050000000C050000000CFFFFFFFF0C040000000B0C0600000004000000000CFFFFFFFF110D
310
046C6F6F700CFFFFFFFF04FFFFFFFF0CFFFFFFFF0CFFFFFFFF0C050000000C08000000110E05706C616E650D07737572666163650CFFFFFFFF04FFFFFFFF0CFFFFFFFF13444EF433D4CC08407C7C08CB54B8124000000000000000001400000000000000800000000000000000000000000000F03F14000000000000F0BF00
310
0000000000000000000000000000800B0B0B0B0B110D04666163650CFFFFFFFF04FFFFFFFF0CFFFFFFFF0CFFFFFFFF0C060000000C090000000CFFFFFFFF0C070000000B0A0B110D057368656C6C0CFFFFFFFF04FFFFFFFF0CFFFFFFFF0CFFFFFFFF0CFFFFFFFF0C080000000CFFFFFFFF0C0A000000110D046C756D700CFF
310
FFFFFF04FFFFFFFF0CFFFFFFFF0CFFFFFFFF0C090000000C00000000110E03456E640E026F660E0341534D0D0464617461
  0
ACDSRECORD
 90
        1
  2
AcDbDs::ID
280
    10
320
F1
  2
ASM_Data
280
    15
 94
      811
310
414349532042696E61727946696C652855000000000000010000000C00000007214F70656E2044657369676E20416C6C69616E63652041434953204275696C646572070E41434953203231382E3030204E540718546875204A756E2032372031363A32383A3231203230323406000000000000F03F0648AFBC9AF2D77A3E06
310
BBBDD7D9DF7CDB3D0D04626F64790CFFFFFFFF04FFFFFFFF0CFFFFFFFF0C0A0000000CFFFFFFFF0CFFFFFFFF110D05706F696E740CFFFFFFFF04FFFFFFFF0CFFFFFFFF1358AC3CDC696618407B7C08CB54B812400000000000000000110D067665727465780CFFFFFFFF04FFFFFFFF0CFFFFFFFF0C0400000004020000000C
310
01000000110E07656C6C697073650D0563757276650CFFFFFFFF04FFFFFFFF0CFFFFFFFF13A4FC20A2030012407B7C08CB54B8124000000000000000001400000000000000000000000000000000000000000000F03F14CFBE6EE89899F93F0000000000000000000000000000008006000000000000F03F0B0B110D046564
310
67650CFFFFFFFF04FFFFFFFF0CFFFFFFFF0C020000000600000000000000000C0200000006182D4454FB2119400C050000000C030000000B0707756E6B6E6F776E110D06636F656467650CFFFFFFFF04FFFFFFFF0CFFFFFFFF0C050000000C050000000CFFFFFFFF0C040000000B0C0600000004000000000CFFFFFFFF110D
310
046C6F6F700CFFFFFFFF04FFFFFFFF0CFFFFFFFF0CFFFFFFFF0C050000000C08000000110E05706C616E650D07737572666163650CFFFFFFFF04FFFFFFFF0CFFFFFFFF139449260AA1990D407B7C08CB54B8124000000000000000001400000000000000800000000000000000000000000000F03F14000000000000F0BF00
310
0000000000000000000000000000800B0B0B0B0B110D04666163650CFFFFFFFF04FFFFFFFF0CFFFFFFFF0CFFFFFFFF0C060000000C090000000CFFFFFFFF0C070000000B0A0B110D057368656C6C0CFFFFFFFF04FFFFFFFF0CFFFFFFFF0CFFFFFFFF0CFFFFFFFF0C080000000CFFFFFFFF0C0A000000110D046C756D700CFF
310
FFFFFF04FFFFFFFF0CFFFFFFFF0CFFFFFFFF0C090000000C00000000110E03456E640E026F660E0341534D0D0464617461
  0
ACDSRECORD
 90
        1
  2
AcDbDs::ID
280
    10
320
FA
  2
ASM_Data
280
    15
 94
      811
310
414349532042696E61727946696C652855000000000000010000000C00000007214F70656E2044657369676E20416C6C69616E63652041434953204275696C646572070E41434953203231382E3030204E540718546875204A756E2032372031363A32383A3231203230323406000000000000F03F0648AFBC9AF2D77A3E06
310
BBBDD7D9DF7CDB3D0D04626F64790CFFFFFFFF04FFFFFFFF0CFFFFFFFF0C0A0000000CFFFFFFFF0CFFFFFFFF110D05706F696E740CFFFFFFFF04FFFFFFFF0CFFFFFFFF134DC00A4B9799E13F00000000000000000000000000000000110D067665727465780CFFFFFFFF04FFFFFFFF0CFFFFFFFF0C0400000004020000000C
310
01000000110E07656C6C697073650D0563757276650CFFFFFFFF04FFFFFFFF0CFFFFFFFF130000000000000000000000000000000000000000000000001400000000000000000000000000000000000000000000F03F144DC00A4B9799E13F0000000000000000000000000000008006000000000000F03F0B0B110D046564
310
67650CFFFFFFFF04FFFFFFFF0CFFFFFFFF0C020000000600000000000000000C0200000006182D4454FB2119400C050000000C030000000B0707756E6B6E6F776E110D06636F656467650CFFFFFFFF04FFFFFFFF0CFFFFFFFF0C050000000C050000000CFFFFFFFF0C040000000B0C0600000004000000000CFFFFFFFF110D
310
046C6F6F700CFFFFFFFF04FFFFFFFF0CFFFFFFFF0CFFFFFFFF0C050000000C08000000110E05706C616E650D07737572666163650CFFFFFFFF04FFFFFFFF0CFFFFFFFF134EC00A4B9799D1BF000000000000903C00000000000000001400000000000000800000000000000000000000000000F03F14000000000000F0BF00
310
0000000000000000000000000000800B0B0B0B0B110D04666163650CFFFFFFFF04FFFFFFFF0CFFFFFFFF0CFFFFFFFF0C060000000C090000000CFFFFFFFF0C070000000B0A0B110D057368656C6C0CFFFFFFFF04FFFFFFFF0CFFFFFFFF0CFFFFFFFF0CFFFFFFFF0C080000000CFFFFFFFF0C0A000000110D046C756D700CFF
310
FFFFFF04FFFFFFFF0CFFFFFFFF0CFFFFFFFF0C090000000C00000000110E03456E640E026F660E0341534D0D0464617461
  0
ACDSRECORD
 90
        1
  2
AcDbDs::ID
280
    10
320
FE
  2
ASM_Data
280
    15
 94
      811
310
414349532042696E61727946696C652855000000000000010000000C00000007214F70656E2044657369676E20416C6C69616E63652041434953204275696C646572070E41434953203231382E3030204E540718546875204A756E2032372031363A32383A3231203230323406000000000000F03F0648AFBC9AF2D77A3E06
310
BBBDD7D9DF7CDB3D0D04626F64790CFFFFFFFF04FFFFFFFF0CFFFFFFFF0C0A0000000CFFFFFFFF0CFFFFFFFF110D05706F696E740CFFFFFFFF04FFFFFFFF0CFFFFFFFF134DC00A4B9799E13F00000000000000000000000000000000110D067665727465780CFFFFFFFF04FFFFFFFF0CFFFFFFFF0C0400000004020000000C
310
01000000110E07656C6C697073650D0563757276650CFFFFFFFF04FFFFFFFF0CFFFFFFFF130000000000000000000000000000000000000000000000001400000000000000000000000000000000000000000000F03F144DC00A4B9799E13F0000000000000000000000000000008006000000000000F03F0B0B110D046564
310
67650CFFFFFFFF04FFFFFFFF0CFFFFFFFF0C020000000600000000000000000C0200000006182D4454FB2119400C050000000C030000000B0707756E6B6E6F776E110D06636F656467650CFFFFFFFF04FFFFFFFF0CFFFFFFFF0C050000000C050000000CFFFFFFFF0C040000000B0C0600000004000000000CFFFFFFFF110D
310
046C6F6F700CFFFFFFFF04FFFFFFFF0CFFFFFFFF0CFFFFFFFF0C050000000C08000000110E05706C616E650D07737572666163650CFFFFFFFF04FFFFFFFF0CFFFFFFFF134EC00A4B9799D1BF000000000000903C00000000000000001400000000000000800000000000000000000000000000F03F14000000000000F0BF00
310
0000000000000000000000000000800B0B0B0B0B110D04666163650CFFFFFFFF04FFFFFFFF0CFFFFFFFF0CFFFFFFFF0C060000000C090000000CFFFFFFFF0C070000000B0A0B110D057368656C6C0CFFFFFFFF04FFFFFFFF0CFFFFFFFF0CFFFFFFFF0CFFFFFFFF0C080000000CFFFFFFFF0C0A000000110D046C756D700CFF
310
FFFFFF04FFFFFFFF0CFFFFFFFF0CFFFFFFFF0C090000000C00000000110E03456E640E026F660E0341534D0D0464617461
  0
ACDSRECORD
 90
        1
  2
AcDbDs::ID
280
    10
320
102
  2
ASM_Data
280
    15
 94
      811
310
414349532042696E61727946696C652855000000000000010000000C00000007214F70656E2044657369676E20416C6C69616E63652041434953204275696C646572070E41434953203231382E3030204E540718546875204A756E2032372031363A32383A3231203230323406000000000000F03F0648AFBC9AF2D77A3E06
310
BBBDD7D9DF7CDB3D0D04626F64790CFFFFFFFF04FFFFFFFF0CFFFFFFFF0C0A0000000CFFFFFFFF0CFFFFFFFF110D05706F696E740CFFFFFFFF04FFFFFFFF0CFFFFFFFF134DC00A4B9799E13F00000000000000000000000000000000110D067665727465780CFFFFFFFF04FFFFFFFF0CFFFFFFFF0C0400000004020000000C
310
01000000110E07656C6C697073650D0563757276650CFFFFFFFF04FFFFFFFF0CFFFFFFFF130000000000000000000000000000000000000000000000001400000000000000000000000000000000000000000000F03F144DC00A4B9799E13F0000000000000000000000000000008006000000000000F03F0B0B110D046564
310
67650CFFFFFFFF04FFFFFFFF0CFFFFFFFF0C020000000600000000000000000C0200000006182D4454FB2119400C050000000C030000000B0707756E6B6E6F776E110D06636F656467650CFFFFFFFF04FFFFFFFF0CFFFFFFFF0C050000000C050000000CFFFFFFFF0C040000000B0C0600000004000000000CFFFFFFFF110D
310
046C6F6F700CFFFFFFFF04FFFFFFFF0CFFFFFFFF0CFFFFFFFF0C050000000C08000000110E05706C616E650D07737572666163650CFFFFFFFF04FFFFFFFF0CFFFFFFFF134EC00A4B9799D1BF000000000000903C00000000000000001400000000000000800000000000000000000000000000F03F14000000000000F0BF00
310
0000000000000000000000000000800B0B0B0B0B110D04666163650CFFFFFFFF04FFFFFFFF0CFFFFFFFF0CFFFFFFFF0C060000000C090000000CFFFFFFFF0C070000000B0A0B110D057368656C6C0CFFFFFFFF04FFFFFFFF0CFFFFFFFF0CFFFFFFFF0CFFFFFFFF0C080000000CFFFFFFFF0C0A000000110D046C756D700CFF
310
FFFFFF04FFFFFFFF0CFFFFFFFF0CFFFFFFFF0C090000000C00000000110E03456E640E026F660E0341534D0D0464617461
  0
ACDSRECORD
 90
        1
  2
AcDbDs::ID
280
    10
320
106
  2
ASM_Data
280
    15
 94
      811
310
414349532042696E61727946696C652855000000000000010000000C00000007214F70656E2044657369676E20416C6C69616E63652041434953204275696C646572070E41434953203231382E3030204E540718546875204A756E2032372031363A32383A3231203230323406000000000000F03F0648AFBC9AF2D77A3E06
310
BBBDD7D9DF7CDB3D0D04626F64790CFFFFFFFF04FFFFFFFF0CFFFFFFFF0C0A0000000CFFFFFFFF0CFFFFFFFF110D05706F696E740CFFFFFFFF04FFFFFFFF0CFFFFFFFF134DC00A4B9799E13F00000000000000000000000000000000110D067665727465780CFFFFFFFF04FFFFFFFF0CFFFFFFFF0C0400000004020000000C
310
01000000110E07656C6C697073650D0563757276650CFFFFFFFF04FFFFFFFF0CFFFFFFFF130000000000000000000000000000000000000000000000001400000000000000000000000000000000000000000000F03F144DC00A4B9799E13F0000000000000000000000000000008006000000000000F03F0B0B110D046564
310
67650CFFFFFFFF04FFFFFFFF0CFFFFFFFF0C020000000600000000000000000C0200000006182D4454FB2119400C050000000C030000000B0707756E6B6E6F776E110D06636F656467650CFFFFFFFF04FFFFFFFF0CFFFFFFFF0C050000000C050000000CFFFFFFFF0C040000000B0C0600000004000000000CFFFFFFFF110D
310
046C6F6F700CFFFFFFFF04FFFFFFFF0CFFFFFFFF0CFFFFFFFF0C050000000C08000000110E05706C616E650D07737572666163650CFFFFFFFF04FFFFFFFF0CFFFFFFFF134EC00A4B9799D1BF000000000000903C00000000000000001400000000000000800000000000000000000000000000F03F14000000000000F0BF00
310
0000000000000000000000000000800B0B0B0B0B110D04666163650CFFFFFFFF04FFFFFFFF0CFFFFFFFF0CFFFFFFFF0C060000000C090000000CFFFFFFFF0C070000000B0A0B110D057368656C6C0CFFFFFFFF04FFFFFFFF0CFFFFFFFF0CFFFFFFFF0CFFFFFFFF0C080000000CFFFFFFFF0C0A000000110D046C756D700CFF
310
FFFFFF04FFFFFFFF0CFFFFFFFF0CFFFFFFFF0C090000000C00000000110E03456E640E026F660E0341534D0D0464617461
  0
ACDSRECORD
 90
        1
  2
AcDbDs::ID
280
    10
320
10A
  2
ASM_Data
280
    15
 94
      811
310
414349532042696E61727946696C652855000000000000010000000C00000007214F70656E2044657369676E20416C6C69616E63652041434953204275696C646572070E41434953203231382E3030204E540718546875204A756E2032372031363A32383A3231203230323406000000000000F03F0648AFBC9AF2D77A3E06
310
BBBDD7D9DF7CDB3D0D04626F64790CFFFFFFFF04FFFFFFFF0CFFFFFFFF0C0A0000000CFFFFFFFF0CFFFFFFFF110D05706F696E740CFFFFFFFF04FFFFFFFF0CFFFFFFFF134DC00A4B9799E13F00000000000000000000000000000000110D067665727465780CFFFFFFFF04FFFFFFFF0CFFFFFFFF0C0400000004020000000C
310
01000000110E07656C6C697073650D0563757276650CFFFFFFFF04FFFFFFFF0CFFFFFFFF130000000000000000000000000000000000000000000000001400000000000000000000000000000000000000000000F03F144DC00A4B9799E13F0000000000000000000000000000008006000000000000F03F0B0B110D046564
310
67650CFFFFFFFF04FFFFFFFF0CFFFFFFFF0C020000000600000000000000000C0200000006182D4454FB2119400C050000000C030000000B0707756E6B6E6F776E110D06636F656467650CFFFFFFFF04FFFFFFFF0CFFFFFFFF0C050000000C050000000CFFFFFFFF0C040000000B0C0600000004000000000CFFFFFFFF110D
310
046C6F6F700CFFFFFFFF04FFFFFFFF0CFFFFFFFF0CFFFFFFFF0C050000000C08000000110E05706C616E650D07737572666163650CFFFFFFFF04FFFFFFFF0CFFFFFFFF134EC00A4B9799D1BF000000000000903C00000000000000001400000000000000800000000000000000000000000000F03F14000000000000F0BF00
310
0000000000000000000000000000800B0B0B0B0B110D04666163650CFFFFFFFF04FFFFFFFF0CFFFFFFFF0CFFFFFFFF0C060000000C090000000CFFFFFFFF0C070000000B0A0B110D057368656C6C0CFFFFFFFF04FFFFFFFF0CFFFFFFFF0CFFFFFFFF0CFFFFFFFF0C080000000CFFFFFFFF0C0A000000110D046C756D700CFF
310
FFFFFF04FFFFFFFF0CFFFFFFFF0CFFFFFFFF0C090000000C00000000110E03456E640E026F660E0341534D0D0464617461
  0
ACDSRECORD
 90
        1
  2
AcDbDs::ID
280
    10
320
10E
  2
ASM_Data
280
    15
 94
      811
310
414349532042696E61727946696C652855000000000000010000000C00000007214F70656E2044657369676E20416C6C69616E63652041434953204275696C646572070E41434953203231382E3030204E540718546875204A756E2032372031363A32383A3231203230323406000000000000F03F0648AFBC9AF2D77A3E06
310
BBBDD7D9DF7CDB3D0D04626F64790CFFFFFFFF04FFFFFFFF0CFFFFFFFF0C0A0000000CFFFFFFFF0CFFFFFFFF110D05706F696E740CFFFFFFFF04FFFFFFFF0CFFFFFFFF134DC00A4B9799E13F00000000000000000000000000000000110D067665727465780CFFFFFFFF04FFFFFFFF0CFFFFFFFF0C0400000004020000000C
310
01000000110E07656C6C697073650D0563757276650CFFFFFFFF04FFFFFFFF0CFFFFFFFF130000000000000000000000000000000000000000000000001400000000000000000000000000000000000000000000F03F144DC00A4B9799E13F0000000000000000000000000000008006000000000000F03F0B0B110D046564
310
67650CFFFFFFFF04FFFFFFFF0CFFFFFFFF0C020000000600000000000000000C0200000006182D4454FB2119400C050000000C030000000B0707756E6B6E6F776E110D06636F656467650CFFFFFFFF04FFFFFFFF0CFFFFFFFF0C050000000C050000000CFFFFFFFF0C040000000B0C0600000004000000000CFFFFFFFF110D
310
046C6F6F700CFFFFFFFF04FFFFFFFF0CFFFFFFFF0CFFFFFFFF0C050000000C08000000110E05706C616E650D07737572666163650CFFFFFFFF04FFFFFFFF0CFFFFFFFF134EC00A4B9799D1BF000000000000903C00000000000000001400000000000000800000000000000000000000000000F03F14000000000000F0BF00
310
0000000000000000000000000000800B0B0B0B0B110D04666163650CFFFFFFFF04FFFFFFFF0CFFFFFFFF0CFFFFFFFF0C060000000C090000000CFFFFFFFF0C070000000B0A0B110D057368656C6C0CFFFFFFFF04FFFFFFFF0CFFFFFFFF0CFFFFFFFF0CFFFFFFFF0C080000000CFFFFFFFF0C0A000000110D046C756D700CFF
310
FFFFFF04FFFFFFFF0CFFFFFFFF0CFFFFFFFF0C090000000C00000000110E03456E640E026F660E0341534D0D0464617461
  0
ACDSRECORD
 90
        1
  2
AcDbDs::ID
280
    10
320
112
  2
ASM_Data
280
    15
 94
      811
310
414349532042696E61727946696C652855000000000000010000000C00000007214F70656E2044657369676E20416C6C69616E63652041434953204275696C646572070E41434953203231382E3030204E540718546875204A756E2032372031363A32383A3231203230323406000000000000F03F0648AFBC9AF2D77A3E06
310
BBBDD7D9DF7CDB3D0D04626F64790CFFFFFFFF04FFFFFFFF0CFFFFFFFF0C0A0000000CFFFFFFFF0CFFFFFFFF110D05706F696E740CFFFFFFFF04FFFFFFFF0CFFFFFFFF134DC00A4B9799E13F00000000000000000000000000000000110D067665727465780CFFFFFFFF04FFFFFFFF0CFFFFFFFF0C0400000004020000000C
310
01000000110E07656C6C697073650D0563757276650CFFFFFFFF04FFFFFFFF0CFFFFFFFF130000000000000000000000000000000000000000000000001400000000000000000000000000000000000000000000F03F144DC00A4B9799E13F0000000000000000000000000000008006000000000000F03F0B0B110D046564
310
67650CFFFFFFFF04FFFFFFFF0CFFFFFFFF0C020000000600000000000000000C0200000006182D4454FB2119400C050000000C030000000B0707756E6B6E6F776E110D06636F656467650CFFFFFFFF04FFFFFFFF0CFFFFFFFF0C050000000C050000000CFFFFFFFF0C040000000B0C0600000004000000000CFFFFFFFF110D
310
046C6F6F700CFFFFFFFF04FFFFFFFF0CFFFFFFFF0CFFFFFFFF0C050000000C08000000110E05706C616E650D07737572666163650CFFFFFFFF04FFFFFFFF0CFFFFFFFF134EC00A4B9799D1BF000000000000903C00000000000000001400000000000000800000000000000000000000000000F03F14000000000000F0BF00
310
0000000000000000000000000000800B0B0B0B0B110D04666163650CFFFFFFFF04FFFFFFFF0CFFFFFFFF0CFFFFFFFF0C060000000C090000000CFFFFFFFF0C070000000B0A0B110D057368656C6C0CFFFFFFFF04FFFFFFFF0CFFFFFFFF0CFFFFFFFF0CFFFFFFFF0C080000000CFFFFFFFF0C0A000000110D046C756D700CFF
310
FFFFFF04FFFFFFFF0CFFFFFFFF0CFFFFFFFF0C090000000C00000000110E03456E640E026F660E0341534D0D0464617461
  0
ACDSRECORD
 90
        1
  2
AcDbDs::ID
280
    10
320
116
  2
ASM_Data
280
    15
 94
      811
310
414349532042696E61727946696C652855000000000000010000000C00000007214F70656E2044657369676E20416C6C69616E63652041434953204275696C646572070E41434953203231382E3030204E540718546875204A756E2032372031363A32383A3231203230323406000000000000F03F0648AFBC9AF2D77A3E06
310
BBBDD7D9DF7CDB3D0D04626F64790CFFFFFFFF04FFFFFFFF0CFFFFFFFF0C0A0000000CFFFFFFFF0CFFFFFFFF110D05706F696E740CFFFFFFFF04FFFFFFFF0CFFFFFFFF134DC00A4B9799E13F00000000000000000000000000000000110D067665727465780CFFFFFFFF04FFFFFFFF0CFFFFFFFF0C0400000004020000000C
310
01000000110E07656C6C697073650D0563757276650CFFFFFFFF04FFFFFFFF0CFFFFFFFF130000000000000000000000000000000000000000000000001400000000000000000000000000000000000000000000F03F144DC00A4B9799E13F0000000000000000000000000000008006000000000000F03F0B0B110D046564
310
67650CFFFFFFFF04FFFFFFFF0CFFFFFFFF0C020000000600000000000000000C0200000006182D4454FB2119400C050000000C030000000B0707756E6B6E6F776E110D06636F656467650CFFFFFFFF04FFFFFFFF0CFFFFFFFF0C050000000C050000000CFFFFFFFF0C040000000B0C0600000004000000000CFFFFFFFF110D
310
046C6F6F700CFFFFFFFF04FFFFFFFF0CFFFFFFFF0CFFFFFFFF0C050000000C08000000110E05706C616E650D07737572666163650CFFFFFFFF04FFFFFFFF0CFFFFFFFF134EC00A4B9799D1BF000000000000903C00000000000000001400000000000000800000000000000000000000000000F03F14000000000000F0BF00
310
0000000000000000000000000000800B0B0B0B0B110D04666163650CFFFFFFFF04FFFFFFFF0CFFFFFFFF0CFFFFFFFF0C060000000C090000000CFFFFFFFF0C070000000B0A0B110D057368656C6C0CFFFFFFFF04FFFFFFFF0CFFFFFFFF0CFFFFFFFF0CFFFFFFFF0C080000000CFFFFFFFF0C0A000000110D046C756D700CFF
310
FFFFFF04FFFFFFFF0CFFFFFFFF0CFFFFFFFF0C090000000C00000000110E03456E640E026F660E0341534D0D0464617461
  0
ACDSRECORD
 90
        1
  2
AcDbDs::ID
280
    10
320
11A
  2
ASM_Data
280
    15
 94
      811
310
414349532042696E61727946696C652855000000000000010000000C00000007214F70656E2044657369676E20416C6C69616E63652041434953204275696C646572070E41434953203231382E3030204E540718546875204A756E2032372031363A32383A3231203230323406000000000000F03F0648AFBC9AF2D77A3E06
310
BBBDD7D9DF7CDB3D0D04626F64790CFFFFFFFF04FFFFFFFF0CFFFFFFFF0C0A0000000CFFFFFFFF0CFFFFFFFF110D05706F696E740CFFFFFFFF04FFFFFFFF0CFFFFFFFF134DC00A4B9799E13F00000000000000000000000000000000110D067665727465780CFFFFFFFF04FFFFFFFF0CFFFFFFFF0C0400000004020000000C
310
01000000110E07656C6C697073650D0563757276650CFFFFFFFF04FFFFFFFF0CFFFFFFFF130000000000000000000000000000000000000000000000001400000000000000000000000000000000000000000000F03F144DC00A4B9799E13F0000000000000000000000000000008006000000000000F03F0B0B110D046564
310
67650CFFFFFFFF04FFFFFFFF0CFFFFFFFF0C020000000600000000000000000C0200000006182D4454FB2119400C050000000C030000000B0707756E6B6E6F776E110D06636F656467650CFFFFFFFF04FFFFFFFF0CFFFFFFFF0C050000000C050000000CFFFFFFFF0C040000000B0C0600000004000000000CFFFFFFFF110D
310
046C6F6F700CFFFFFFFF04FFFFFFFF0CFFFFFFFF0CFFFFFFFF0C050000000C08000000110E05706C616E650D07737572666163650CFFFFFFFF04FFFFFFFF0CFFFFFFFF134EC00A4B9799D1BF000000000000903C00000000000000001400000000000000800000000000000000000000000000F03F14000000000000F0BF00
310
0000000000000000000000000000800B0B0B0B0B110D04666163650CFFFFFFFF04FFFFFFFF0CFFFFFFFF0CFFFFFFFF0C060000000C090000000CFFFFFFFF0C070000000B0A0B110D057368656C6C0CFFFFFFFF04FFFFFFFF0CFFFFFFFF0CFFFFFFFF0CFFFFFFFF0C080000000CFFFFFFFF0C0A000000110D046C756D700CFF
310
FFFFFF04FFFFFFFF0CFFFFFFFF0CFFFFFFFF0C090000000C00000000110E03456E640E026F660E0341534D0D0464617461
  0
ACDSRECORD
 90
        1
  2
AcDbDs::ID
280
    10
320
11E
  2
ASM_Data
280
    15
 94
      811
310
414349532042696E61727946696C652855000000000000010000000C00000007214F70656E2044657369676E20416C6C69616E63652041434953204275696C646572070E41434953203231382E3030204E540718546875204A756E2032372031363A32383A3231203230323406000000000000F03F0648AFBC9AF2D77A3E06
310
BBBDD7D9DF7CDB3D0D04626F64790CFFFFFFFF04FFFFFFFF0CFFFFFFFF0C0A0000000CFFFFFFFF0CFFFFFFFF110D05706F696E740CFFFFFFFF04FFFFFFFF0CFFFFFFFF134DC00A4B9799E13F00000000000000000000000000000000110D067665727465780CFFFFFFFF04FFFFFFFF0CFFFFFFFF0C0400000004020000000C
310
01000000110E07656C6C697073650D0563757276650CFFFFFFFF04FFFFFFFF0CFFFFFFFF130000000000000000000000000000000000000000000000001400000000000000000000000000000000000000000000F03F144DC00A4B9799E13F0000000000000000000000000000008006000000000000F03F0B0B110D046564
310
67650CFFFFFFFF04FFFFFFFF0CFFFFFFFF0C020000000600000000000000000C0200000006182D4454FB2119400C050000000C030000000B0707756E6B6E6F776E110D06636F656467650CFFFFFFFF04FFFFFFFF0CFFFFFFFF0C050000000C050000000CFFFFFFFF0C040000000B0C0600000004000000000CFFFFFFFF110D
310
046C6F6F700CFFFFFFFF04FFFFFFFF0CFFFFFFFF0CFFFFFFFF0C050000000C08000000110E05706C616E650D07737572666163650CFFFFFFFF04FFFFFFFF0CFFFFFFFF134EC00A4B9799D1BF000000000000903C00000000000000001400000000000000800000000000000000000000000000F03F14000000000000F0BF00
310
0000000000000000000000000000800B0B0B0B0B110D04666163650CFFFFFFFF04FFFFFFFF0CFFFFFFFF0CFFFFFFFF0C060000000C090000000CFFFFFFFF0C070000000B0A0B110D057368656C6C0CFFFFFFFF04FFFFFFFF0CFFFFFFFF0CFFFFFFFF0CFFFFFFFF0C080000000CFFFFFFFF0C0A000000110D046C756D700CFF
310
FFFFFF04FFFFFFFF0CFFFFFFFF0CFFFFFFFF0C090000000C00000000110E03456E640E026F660E0341534D0D0464617461
  0
ACDSRECORD
 90
        1
  2
AcDbDs::ID
280
    10
320
122
  2
ASM_Data
280
    15
 94
      811
310
414349532042696E61727946696C652855000000000000010000000C00000007214F70656E2044657369676E20416C6C69616E63652041434953204275696C646572070E41434953203231382E3030204E540718546875204A756E2032372031363A32383A3231203230323406000000000000F03F0648AFBC9AF2D77A3E06
310
BBBDD7D9DF7CDB3D0D04626F64790CFFFFFFFF04FFFFFFFF0CFFFFFFFF0C0A0000000CFFFFFFFF0CFFFFFFFF110D05706F696E740CFFFFFFFF04FFFFFFFF0CFFFFFFFF134DC00A4B9799E13F00000000000000000000000000000000110D067665727465780CFFFFFFFF04FFFFFFFF0CFFFFFFFF0C0400000004020000000C
310
01000000110E07656C6C697073650D0563757276650CFFFFFFFF04FFFFFFFF0CFFFFFFFF130000000000000000000000000000000000000000000000001400000000000000000000000000000000000000000000F03F144DC00A4B9799E13F0000000000000000000000000000008006000000000000F03F0B0B110D046564
310
67650CFFFFFFFF04FFFFFFFF0CFFFFFFFF0C020000000600000000000000000C0200000006182D4454FB2119400C050000000C030000000B0707756E6B6E6F776E110D06636F656467650CFFFFFFFF04FFFFFFFF0CFFFFFFFF0C050000000C050000000CFFFFFFFF0C040000000B0C0600000004000000000CFFFFFFFF110D
310
046C6F6F700CFFFFFFFF04FFFFFFFF0CFFFFFFFF0CFFFFFFFF0C050000000C08000000110E05706C616E650D07737572666163650CFFFFFFFF04FFFFFFFF0CFFFFFFFF134EC00A4B9799D1BF000000000000903C00000000000000001400000000000000800000000000000000000000000000F03F14000000000000F0BF00
310
0000000000000000000000000000800B0B0B0B0B110D04666163650CFFFFFFFF04FFFFFFFF0CFFFFFFFF0CFFFFFFFF0C060000000C090000000CFFFFFFFF0C070000000B0A0B110D057368656C6C0CFFFFFFFF04FFFFFFFF0CFFFFFFFF0CFFFFFFFF0CFFFFFFFF0C080000000CFFFFFFFF0C0A000000110D046C756D700CFF
310
FFFFFF04FFFFFFFF0CFFFFFFFF0CFFFFFFFF0C090000000C00000000110E03456E640E026F660E0341534D0D0464617461
  0
ACDSRECORD
 90
        1
  2
AcDbDs::ID
280
    10
320
126
  2
ASM_Data
280
    15
 94
      811
310
414349532042696E61727946696C652855000000000000010000000C00000007214F70656E2044657369676E20416C6C69616E63652041434953204275696C646572070E41434953203231382E3030204E540718546875204A756E2032372031363A32383A3231203230323406000000000000F03F0648AFBC9AF2D77A3E06
310
BBBDD7D9DF7CDB3D0D04626F64790CFFFFFFFF04FFFFFFFF0CFFFFFFFF0C0A0000000CFFFFFFFF0CFFFFFFFF110D05706F696E740CFFFFFFFF04FFFFFFFF0CFFFFFFFF134DC00A4B9799E13F00000000000000000000000000000000110D067665727465780CFFFFFFFF04FFFFFFFF0CFFFFFFFF0C0400000004020000000C
310
01000000110E07656C6C697073650D0563757276650CFFFFFFFF04FFFFFFFF0CFFFFFFFF130000000000000000000000000000000000000000000000001400000000000000000000000000000000000000000000F03F144DC00A4B9799E13F0000000000000000000000000000008006000000000000F03F0B0B110D046564
310
67650CFFFFFFFF04FFFFFFFF0CFFFFFFFF0C020000000600000000000000000C0200000006182D4454FB2119400C050000000C030000000B0707756E6B6E6F776E110D06636F656467650CFFFFFFFF04FFFFFFFF0CFFFFFFFF0C050000000C050000000CFFFFFFFF0C040000000B0C0600000004000000000CFFFFFFFF110D
310
046C6F6F700CFFFFFFFF04FFFFFFFF0CFFFFFFFF0CFFFFFFFF0C050000000C08000000110E05706C616E650D07737572666163650CFFFFFFFF04FFFFFFFF0CFFFFFFFF134EC00A4B9799D1BF000000000000903C00000000000000001400000000000000800000000000000000000000000000F03F14000000000000F0BF00
310
0000000000000000000000000000800B0B0B0B0B110D04666163650CFFFFFFFF04FFFFFFFF0CFFFFFFFF0CFFFFFFFF0C060000000C090000000CFFFFFFFF0C070000000B0A0B110D057368656C6C0CFFFFFFFF04FFFFFFFF0CFFFFFFFF0CFFFFFFFF0CFFFFFFFF0C080000000CFFFFFFFF0C0A000000110D046C756D700CFF
310
FFFFFF04FFFFFFFF0CFFFFFFFF0CFFFFFFFF0C090000000C00000000110E03456E640E026F660E0341534D0D0464617461
  0
ACDSRECORD
 90
        1
  2
AcDbDs::ID
280
    10
320
12A
  2
ASM_Data
280
    15
 94
      811
310
414349532042696E61727946696C652855000000000000010000000C00000007214F70656E2044657369676E20416C6C69616E63652041434953204275696C646572070E41434953203231382E3030204E540718546875204A756E2032372031363A32383A3231203230323406000000000000F03F0648AFBC9AF2D77A3E06
310
BBBDD7D9DF7CDB3D0D04626F64790CFFFFFFFF04FFFFFFFF0CFFFFFFFF0C0A0000000CFFFFFFFF0CFFFFFFFF110D05706F696E740CFFFFFFFF04FFFFFFFF0CFFFFFFFF134DC00A4B9799E13F00000000000000000000000000000000110D067665727465780CFFFFFFFF04FFFFFFFF0CFFFFFFFF0C0400000004020000000C
310
01000000110E07656C6C697073650D0563757276650CFFFFFFFF04FFFFFFFF0CFFFFFFFF130000000000000000000000000000000000000000000000001400000000000000000000000000000000000000000000F03F144DC00A4B9799E13F0000000000000000000000000000008006000000000000F03F0B0B110D046564
310
67650CFFFFFFFF04FFFFFFFF0CFFFFFFFF0C020000000600000000000000000C0200000006182D4454FB2119400C050000000C030000000B0707756E6B6E6F776E110D06636F656467650CFFFFFFFF04FFFFFFFF0CFFFFFFFF0C050000000C050000000CFFFFFFFF0C040000000B0C0600000004000000000CFFFFFFFF110D
310
046C6F6F700CFFFFFFFF04FFFFFFFF0CFFFFFFFF0CFFFFFFFF0C050000000C08000000110E05706C616E650D07737572666163650CFFFFFFFF04FFFFFFFF0CFFFFFFFF134EC00A4B9799D1BF000000000000903C00000000000000001400000000000000800000000000000000000000000000F03F14000000000000F0BF00
310
0000000000000000000000000000800B0B0B0B0B110D04666163650CFFFFFFFF04FFFFFFFF0CFFFFFFFF0CFFFFFFFF0C060000000C090000000CFFFFFFFF0C070000000B0A0B110D057368656C6C0CFFFFFFFF04FFFFFFFF0CFFFFFFFF0CFFFFFFFF0CFFFFFFFF0C080000000CFFFFFFFF0C0A000000110D046C756D700CFF
310
FFFFFF04FFFFFFFF0CFFFFFFFF0CFFFFFFFF0C090000000C00000000110E03456E640E026F660E0341534D0D0464617461
  0
ACDSRECORD
 90
        1
  2
AcDbDs::ID
280
    10
320
12E
  2
ASM_Data
280
    15
 94
      811
310
414349532042696E61727946696C652855000000000000010000000C00000007214F70656E2044657369676E20416C6C69616E63652041434953204275696C646572070E41434953203231382E3030204E540718546875204A756E2032372031363A32383A3231203230323406000000000000F03F0648AFBC9AF2D77A3E06
310
BBBDD7D9DF7CDB3D0D04626F64790CFFFFFFFF04FFFFFFFF0CFFFFFFFF0C0A0000000CFFFFFFFF0CFFFFFFFF110D05706F696E740CFFFFFFFF04FFFFFFFF0CFFFFFFFF134DC00A4B9799E13F00000000000000000000000000000000110D067665727465780CFFFFFFFF04FFFFFFFF0CFFFFFFFF0C0400000004020000000C
310
01000000110E07656C6C697073650D0563757276650CFFFFFFFF04FFFFFFFF0CFFFFFFFF130000000000000000000000000000000000000000000000001400000000000000000000000000000000000000000000F03F144DC00A4B9799E13F0000000000000000000000000000008006000000000000F03F0B0B110D046564
310
67650CFFFFFFFF04FFFFFFFF0CFFFFFFFF0C020000000600000000000000000C0200000006182D4454FB2119400C050000000C030000000B0707756E6B6E6F776E110D06636F656467650CFFFFFFFF04FFFFFFFF0CFFFFFFFF0C050000000C050000000CFFFFFFFF0C040000000B0C0600000004000000000CFFFFFFFF110D
310
046C6F6F700CFFFFFFFF04FFFFFFFF0CFFFFFFFF0CFFFFFFFF0C050000000C08000000110E05706C616E650D07737572666163650CFFFFFFFF04FFFFFFFF0CFFFFFFFF134EC00A4B9799D1BF000000000000903C00000000000000001400000000000000800000000000000000000000000000F03F14000000000000F0BF00
310
0000000000000000000000000000800B0B0B0B0B110D04666163650CFFFFFFFF04FFFFFFFF0CFFFFFFFF0CFFFFFFFF0C060000000C090000000CFFFFFFFF0C070000000B0A0B110D057368656C6C0CFFFFFFFF04FFFFFFFF0CFFFFFFFF0CFFFFFFFF0CFFFFFFFF0C080000000CFFFFFFFF0C0A000000110D046C756D700CFF
310
FFFFFF04FFFFFFFF0CFFFFFFFF0CFFFFFFFF0C090000000C00000000110E03456E640E026F660E0341534D0D0464617461
  0
ACDSRECORD
 90
        1
  2
AcDbDs::ID
280
    10
320
156
  2
ASM_Data
280
    15
 94
      811
310
414349532042696E61727946696C652855000000000000010000000C00000007214F70656E2044657369676E20416C6C69616E63652041434953204275696C646572070E41434953203231382E3030204E540718546875204A756E2032372031363A32383A3231203230323406000000000000F03F0648AFBC9AF2D77A3E06
310
BBBDD7D9DF7CDB3D0D04626F64790CFFFFFFFF04FFFFFFFF0CFFFFFFFF0C0A0000000CFFFFFFFF0CFFFFFFFF110D05706F696E740CFFFFFFFF04FFFFFFFF0CFFFFFFFF134DC00A4B9799E13F00000000000000000000000000000000110D067665727465780CFFFFFFFF04FFFFFFFF0CFFFFFFFF0C0400000004020000000C
310
01000000110E07656C6C697073650D0563757276650CFFFFFFFF04FFFFFFFF0CFFFFFFFF130000000000000000000000000000000000000000000000001400000000000000000000000000000000000000000000F03F144DC00A4B9799E13F0000000000000000000000000000008006000000000000F03F0B0B110D046564
310
67650CFFFFFFFF04FFFFFFFF0CFFFFFFFF0C020000000600000000000000000C0200000006182D4454FB2119400C050000000C030000000B0707756E6B6E6F776E110D06636F656467650CFFFFFFFF04FFFFFFFF0CFFFFFFFF0C050000000C050000000CFFFFFFFF0C040000000B0C0600000004000000000CFFFFFFFF110D
310
046C6F6F700CFFFFFFFF04FFFFFFFF0CFFFFFFFF0CFFFFFFFF0C050000000C08000000110E05706C616E650D07737572666163650CFFFFFFFF04FFFFFFFF0CFFFFFFFF134EC00A4B9799D1BF000000000000903C00000000000000001400000000000000800000000000000000000000000000F03F14000000000000F0BF00
310
0000000000000000000000000000800B0B0B0B0B110D04666163650CFFFFFFFF04FFFFFFFF0CFFFFFFFF0CFFFFFFFF0C060000000C090000000CFFFFFFFF0C070000000B0A0B110D057368656C6C0CFFFFFFFF04FFFFFFFF0CFFFFFFFF0CFFFFFFFF0CFFFFFFFF0C080000000CFFFFFFFF0C0A000000110D046C756D700CFF
310
FFFFFF04FFFFFFFF0CFFFFFFFF0CFFFFFFFF0C090000000C00000000110E03456E640E026F660E0341534D0D0464617461
  0
ACDSRECORD
 90
        1
  2
AcDbDs::ID
280
    10
320
15E
  2
ASM_Data
280
    15
 94
      811
310
414349532042696E61727946696C652855000000000000010000000C00000007214F70656E2044657369676E20416C6C69616E63652041434953204275696C646572070E41434953203231382E3030204E540718546875204A756E2032372031363A32383A3231203230323406000000000000F03F0648AFBC9AF2D77A3E06
310
BBBDD7D9DF7CDB3D0D04626F64790CFFFFFFFF04FFFFFFFF0CFFFFFFFF0C0A0000000CFFFFFFFF0CFFFFFFFF110D05706F696E740CFFFFFFFF04FFFFFFFF0CFFFFFFFF139FFB17AD48E106C000000000000000000000000000000000110D067665727465780CFFFFFFFF04FFFFFFFF0CFFFFFFFF0C0400000004020000000C
310
01000000110E07656C6C697073650D0563757276650CFFFFFFFF04FFFFFFFF0CFFFFFFFF137A14AE47E17A0EC0000000000000000000000000000000001400000000000000000000000000000000000000000000F03F146D63586A6266EE3F0000000000000000000000000000008006000000000000F03F0B0B110D046564
310
67650CFFFFFFFF04FFFFFFFF0CFFFFFFFF0C020000000600000000000000000C0200000006182D4454FB2119400C050000000C030000000B0707756E6B6E6F776E110D06636F656467650CFFFFFFFF04FFFFFFFF0CFFFFFFFF0C050000000C050000000CFFFFFFFF0C040000000B0C0600000004000000000CFFFFFFFF110D
310
046C6F6F700CFFFFFFFF04FFFFFFFF0CFFFFFFFF0CFFFFFFFF0C050000000C08000000110E05706C616E650D07737572666163650CFFFFFFFF04FFFFFFFF0CFFFFFFFF1374907CCAD62311C0000000000000A03C00000000000000001400000000000000800000000000000000000000000000F03F14000000000000F0BF00
310
0000000000000000000000000000800B0B0B0B0B110D04666163650CFFFFFFFF04FFFFFFFF0CFFFFFFFF0CFFFFFFFF0C060000000C090000000CFFFFFFFF0C070000000B0A0B110D057368656C6C0CFFFFFFFF04FFFFFFFF0CFFFFFFFF0CFFFFFFFF0CFFFFFFFF0C080000000CFFFFFFFF0C0A000000110D046C756D700CFF
310
FFFFFF04FFFFFFFF0CFFFFFFFF0CFFFFFFFF0C090000000C00000000110E03456E640E026F660E0341534D0D0464617461
  0
ACDSRECORD
 90
        1
  2
AcDbDs::ID
280
    10
320
160
  2
ASM_Data
280
    15
 94
      811
310
414349532042696E61727946696C652855000000000000010000000C00000007214F70656E2044657369676E20416C6C69616E63652041434953204275696C646572070E41434953203231382E3030204E540718546875204A756E2032372031363A32383A3231203230323406000000000000F03F0648AFBC9AF2D77A3E06
310
BBBDD7D9DF7CDB3D0D04626F64790CFFFFFFFF04FFFFFFFF0CFFFFFFFF0C0A0000000CFFFFFFFF0CFFFFFFFF110D05706F696E740CFFFFFFFF04FFFFFFFF0CFFFFFFFF1380D1E5CDE17A0AC000000000000000000000000000000000110D067665727465780CFFFFFFFF04FFFFFFFF0CFFFFFFFF0C0400000004020000000C
310
01000000110E07656C6C697073650D0563757276650CFFFFFFFF04FFFFFFFF0CFFFFFFFF137A14AE47E17A0EC0000000000000000000000000000000001400000000000000000000000000000000000000000000F03F14D31742CEFBFFDF3F0000000000000000000000000000008006000000000000F03F0B0B110D046564
310
67650CFFFFFFFF04FFFFFFFF0CFFFFFFFF0C020000000600000000000000000C0200000006182D4454FB2119400C050000000C030000000B0707756E6B6E6F776E110D06636F656467650CFFFFFFFF04FFFFFFFF0CFFFFFFFF0C050000000C050000000CFFFFFFFF0C040000000B0C0600000004000000000CFFFFFFFF110D
310
046C6F6F700CFFFFFFFF04FFFFFFFF0CFFFFFFFF0CFFFFFFFF0C050000000C08000000110E05706C616E650D07737572666163650CFFFFFFFF04FFFFFFFF0CFFFFFFFF13FC1A4982703D10C0000000000000903C00000000000000001400000000000000800000000000000000000000000000F03F14000000000000F0BF00
310
0000000000000000000000000000800B0B0B0B0B110D04666163650CFFFFFFFF04FFFFFFFF0CFFFFFFFF0CFFFFFFFF0C060000000C090000000CFFFFFFFF0C070000000B0A0B110D057368656C6C0CFFFFFFFF04FFFFFFFF0CFFFFFFFF0CFFFFFFFF0CFFFFFFFF0C080000000CFFFFFFFF0C0A000000110D046C756D700CFF
310
FFFFFF04FFFFFFFF0CFFFFFFFF0CFFFFFFFF0C090000000C00000000110E03456E640E026F660E0341534D0D0464617461
  0
ACDSRECORD
 90
        1
  2
AcDbDs::ID
280
    10
320
162
  2
ASM_Data
280
    15
 94
      811
310
414349532042696E61727946696C652855000000000000010000000C00000007214F70656E2044657369676E20416C6C69616E63652041434953204275696C646572070E41434953203231382E3030204E540718546875204A756E2032372031363A32383A3231203230323406000000000000F03F0648AFBC9AF2D77A3E06
310
BBBDD7D9DF7CDB3D0D04626F64790CFFFFFFFF04FFFFFFFF0CFFFFFFFF0C0A0000000CFFFFFFFF0CFFFFFFFF110D05706F696E740CFFFFFFFF04FFFFFFFF0CFFFFFFFF136E1ACA3FE97AD4BF00000000000000000000000000000000110D067665727465780CFFFFFFFF04FFFFFFFF0CFFFFFFFF0C0400000004020000000C
310
01000000110E07656C6C697073650D0563757276650CFFFFFFFF04FFFFFFFF0CFFFFFFFF1352B81E85EB51F4BF000000000000000000000000000000001400000000000000000000000000000000000000000000F03F146D63586A6266EE3F0000000000000000000000000000008006000000000000F03F0B0B110D046564
310
67650CFFFFFFFF04FFFFFFFF0CFFFFFFFF0C020000000600000000000000000C0200000006182D4454FB2119400C050000000C030000000B0707756E6B6E6F776E110D06636F656467650CFFFFFFFF04FFFFFFFF0CFFFFFFFF0C050000000C050000000CFFFFFFFF0C040000000B0C0600000004000000000CFFFFFFFF110D
310
046C6F6F700CFFFFFFFF04FFFFFFFF0CFFFFFFFF0CFFFFFFFF0C050000000C08000000110E05706C616E650D07737572666163650CFFFFFFFF04FFFFFFFF0CFFFFFFFF132ED1B41F84EBFBBF000000000000A03C00000000000000001400000000000000800000000000000000000000000000F03F14000000000000F0BF00
310
0000000000000000000000000000800B0B0B0B0B110D04666163650CFFFFFFFF04FFFFFFFF0CFFFFFFFF0CFFFFFFFF0C060000000C090000000CFFFFFFFF0C070000000B0A0B110D057368656C6C0CFFFFFFFF04FFFFFFFF0CFFFFFFFF0CFFFFFFFF0CFFFFFFFF0C080000000CFFFFFFFF0C0A000000110D046C756D700CFF
310
FFFFFF04FFFFFFFF0CFFFFFFFF0CFFFFFFFF0C090000000C00000000110E03456E640E026F660E0341534D0D0464617461
  0
ACDSRECORD
 90
        1
  2
AcDbDs::ID
280
    10
320
164
  2
ASM_Data
280
    15
 94
      811
310
414349532042696E61727946696C652855000000000000010000000C00000007214F70656E2044657369676E20416C6C69616E63652041434953204275696C646572070E41434953203231382E3030204E540718546875204A756E2032372031363A32383A3231203230323406000000000000F03F0648AFBC9AF2D77A3E06
310
BBBDD7D9DF7CDB3D0D04626F64790CFFFFFFFF04FFFFFFFF0CFFFFFFFF0C0A0000000CFFFFFFFF0CFFFFFFFF110D05706F696E740CFFFFFFFF04FFFFFFFF0CFFFFFFFF13BA641C23D9A3E8BF00000000000000000000000000000000110D067665727465780CFFFFFFFF04FFFFFFFF0CFFFFFFFF0C0400000004020000000C
310
01000000110E07656C6C697073650D0563757276650CFFFFFFFF04FFFFFFFF0CFFFFFFFF1352B81E85EB51F4BF000000000000000000000000000000001400000000000000000000000000000000000000000000F03F14D31742CEFBFFDF3F0000000000000000000000000000008006000000000000F03F0B0B110D046564
310
67650CFFFFFFFF04FFFFFFFF0CFFFFFFFF0C020000000600000000000000000C0200000006182D4454FB2119400C050000000C030000000B0707756E6B6E6F776E110D06636F656467650CFFFFFFFF04FFFFFFFF0CFFFFFFFF0C050000000C050000000CFFFFFFFF0C040000000B0C0600000004000000000CFFFFFFFF110D
310
046C6F6F700CFFFFFFFF04FFFFFFFF0CFFFFFFFF0CFFFFFFFF0C050000000C08000000110E05706C616E650D07737572666163650CFFFFFFFF04FFFFFFFF0CFFFFFFFF134CFBE6FEEA51F8BF000000000000903C00000000000000001400000000000000800000000000000000000000000000F03F14000000000000F0BF00
310
0000000000000000000000000000800B0B0B0B0B110D04666163650CFFFFFFFF04FFFFFFFF0CFFFFFFFF0CFFFFFFFF0C060000000C090000000CFFFFFFFF0C070000000B0A0B110D057368656C6C0CFFFFFFFF04FFFFFFFF0CFFFFFFFF0CFFFFFFFF0CFFFFFFFF0C080000000CFFFFFFFF0C0A000000110D046C756D700CFF
310
FFFFFF04FFFFFFFF0CFFFFFFFF0CFFFFFFFF0C090000000C00000000110E03456E640E026F660E0341534D0D0464617461
  0
ACDSRECORD
 90
        1
  2
AcDbDs::ID
280
    10
320
166
  2
ASM_Data
280
    15
 94
      811
310
414349532042696E61727946696C652855000000000000010000000C00000007214F70656E2044657369676E20416C6C69616E63652041434953204275696C646572070E41434953203231382E3030204E540718546875204A756E2032372031363A32383A3231203230323406000000000000F03F0648AFBC9AF2D77A3E06
310
BBBDD7D9DF7CDB3D0D04626F64790CFFFFFFFF04FFFFFFFF0CFFFFFFFF0C0A0000000CFFFFFFFF0CFFFFFFFF110D05706F696E740CFFFFFFFF04FFFFFFFF0CFFFFFFFF130475255D8EC2014000000000000000000000000000000000110D067665727465780CFFFFFFFF04FFFFFFFF0CFFFFFFFF0C0400000004020000000C
310
01000000110E07656C6C697073650D0563757276650CFFFFFFFF04FFFFFFFF0CFFFFFFFF1352B81E85EB51F43F000000000000000000000000000000001400000000000000000000000000000000000000000000F03F146D63586A6266EE3F0000000000000000000000000000008006000000000000F03F0B0B110D046564
310
67650CFFFFFFFF04FFFFFFFF0CFFFFFFFF0C020000000600000000000000000C0200000006182D4454FB2119400C050000000C030000000B0707756E6B6E6F776E110D06636F656467650CFFFFFFFF04FFFFFFFF0CFFFFFFFF0C050000000C050000000CFFFFFFFF0C040000000B0C0600000004000000000CFFFFFFFF110D
310
046C6F6F700CFFFFFFFF04FFFFFFFF0CFFFFFFFF0CFFFFFFFF0C050000000C08000000110E05706C616E650D07737572666163650CFFFFFFFF04FFFFFFFF0CFFFFFFFF13ED3E11D5A570E93F000000000000A03C00000000000000001400000000000000800000000000000000000000000000F03F14000000000000F0BF00
310
0000000000000000000000000000800B0B0B0B0B110D04666163650CFFFFFFFF04FFFFFFFF0CFFFFFFFF0CFFFFFFFF0C060000000C090000000CFFFFFFFF0C070000000B0A0B110D057368656C6C0CFFFFFFFF04FFFFFFFF0CFFFFFFFF0CFFFFFFFF0CFFFFFFFF0C080000000CFFFFFFFF0C0A000000110D046C756D700CFF
310
FFFFFF04FFFFFFFF0CFFFFFFFF0CFFFFFFFF0C090000000C00000000110E03456E640E026F660E0341534D0D0464617461
  0
ACDSRECORD
 90
        1
  2
AcDbDs::ID
280
    10
320
168
  2
ASM_Data
280
    15
 94
      811
310
414349532042696E61727946696C652855000000000000010000000C00000007214F70656E2044657369676E20416C6C69616E63652041434953204275696C646572070E41434953203231382E3030204E540718546875204A756E2032372031363A32383A3231203230323406000000000000F03F0648AFBC9AF2D77A3E06
310
BBBDD7D9DF7CDB3D0D04626F64790CFFFFFFFF04FFFFFFFF0CFFFFFFFF0C0A0000000CFFFFFFFF0CFFFFFFFF110D05706F696E740CFFFFFFFF04FFFFFFFF0CFFFFFFFF13473EAF78EA51FC3F00000000000000000000000000000000110D067665727465780CFFFFFFFF04FFFFFFFF0CFFFFFFFF0C0400000004020000000C
310
01000000110E07656C6C697073650D0563757276650CFFFFFFFF04FFFFFFFF0CFFFFFFFF1352B81E85EB51F43F000000000000000000000000000000001400000000000000000000000000000000000000000000F03F14D31742CEFBFFDF3F0000000000000000000000000000008006000000000000F03F0B0B110D046564
310
67650CFFFFFFFF04FFFFFFFF0CFFFFFFFF0C020000000600000000000000000C0200000006182D4454FB2119400C050000000C030000000B0707756E6B6E6F776E110D06636F656467650CFFFFFFFF04FFFFFFFF0CFFFFFFFF0C050000000C050000000CFFFFFFFF0C040000000B0C0600000004000000000CFFFFFFFF110D
310
046C6F6F700CFFFFFFFF04FFFFFFFF0CFFFFFFFF0CFFFFFFFF0C050000000C08000000110E05706C616E650D07737572666163650CFFFFFFFF04FFFFFFFF0CFFFFFFFF135875560BEC51F03F000000000000903C00000000000000001400000000000000800000000000000000000000000000F03F14000000000000F0BF00
310
0000000000000000000000000000800B0B0B0B0B110D04666163650CFFFFFFFF04FFFFFFFF0CFFFFFFFF0CFFFFFFFF0C060000000C090000000CFFFFFFFF0C070000000B0A0B110D057368656C6C0CFFFFFFFF04FFFFFFFF0CFFFFFFFF0CFFFFFFFF0CFFFFFFFF0C080000000CFFFFFFFF0C0A000000110D046C756D700CFF
310
FFFFFF04FFFFFFFF0CFFFFFFFF0CFFFFFFFF0C090000000C00000000110E03456E640E026F660E0341534D0D0464617461
  0
ACDSRECORD
 90
        1
  2
AcDbDs::ID
280
    10
320
16A
  2
ASM_Data
280
    15
 94
      811
310
414349532042696E61727946696C652855000000000000010000000C00000007214F70656E2044657369676E20416C6C69616E63652041434953204275696C646572070E41434953203231382E3030204E540718546875204A756E2032372031363A32383A3231203230323406000000000000F03F0648AFBC9AF2D77A3E06
310
BBBDD7D9DF7CDB3D0D04626F64790CFFFFFFFF04FFFFFFFF0CFFFFFFFF0C0A0000000CFFFFFFFF0CFFFFFFFF110D05706F696E740CFFFFFFFF04FFFFFFFF0CFFFFFFFF13AB1622F13C0A134000000000000000000000000000000000110D067665727465780CFFFFFFFF04FFFFFFFF0CFFFFFFFF0C0400000004020000000C
310
01000000110E07656C6C697073650D0563757276650CFFFFFFFF04FFFFFFFF0CFFFFFFFF137A14AE47E17A0E40000000000000000000000000000000001400000000000000000000000000000000000000000000F03F146D63586A6266EE3F0000000000000000000000000000008006000000000000F03F0B0B110D046564
310
67650CFFFFFFFF04FFFFFFFF0CFFFFFFFF0C020000000600000000000000000C0200000006182D4454FB2119400C050000000C030000000B0707756E6B6E6F776E110D06636F656467650CFFFFFFFF04FFFFFFFF0CFFFFFFFF0C050000000C050000000CFFFFFFFF0C040000000B0C0600000004000000000CFFFFFFFF110D
310
046C6F6F700CFFFFFFFF04FFFFFFFF0CFFFFFFFF0CFFFFFFFF0C050000000C08000000110E05706C616E650D07737572666163650CFFFFFFFF04FFFFFFFF0CFFFFFFFF130C0863FA14AE0A40000000000000A03C00000000000000001400000000000000800000000000000000000000000000F03F14000000000000F0BF00
310
0000000000000000000000000000800B0B0B0B0B110D04666163650CFFFFFFFF04FFFFFFFF0CFFFFFFFF0CFFFFFFFF0C060000000C090000000CFFFFFFFF0C070000000B0A0B110D057368656C6C0CFFFFFFFF04FFFFFFFF0CFFFFFFFF0CFFFFFFFF0CFFFFFFFF0C080000000CFFFFFFFF0C0A000000110D046C756D700CFF
310
FFFFFF04FFFFFFFF0CFFFFFFFF0CFFFFFFFF0C090000000C00000000110E03456E640E026F660E0341534D0D0464617461
  0
ACDSRECORD
 90
        1
  2
AcDbDs::ID
280
    10
320
16C
  2
ASM_Data
280
    15
 94
      811
310
414349532042696E61727946696C652855000000000000010000000C00000007214F70656E2044657369676E20416C6C69616E63652041434953204275696C646572070E41434953203231382E3030204E540718546875204A756E2032372031363A32383A3231203230323406000000000000F03F0648AFBC9AF2D77A3E06
310
BBBDD7D9DF7CDB3D0D04626F64790CFFFFFFFF04FFFFFFFF0CFFFFFFFF0C0A0000000CFFFFFFFF0CFFFFFFFF110D05706F696E740CFFFFFFFF04FFFFFFFF0CFFFFFFFF13BA2BBB60703D114000000000000000000000000000000000110D067665727465780CFFFFFFFF04FFFFFFFF0CFFFFFFFF0C0400000004020000000C
310
01000000110E07656C6C697073650D0563757276650CFFFFFFFF04FFFFFFFF0CFFFFFFFF137A14AE47E17A0E40000000000000000000000000000000001400000000000000000000000000000000000000000000F03F14D31742CEFBFFDF3F0000000000000000000000000000008006000000000000F03F0B0B110D046564
310
67650CFFFFFFFF04FFFFFFFF0CFFFFFFFF0C020000000600000000000000000C0200000006182D4454FB2119400C050000000C030000000B0707756E6B6E6F776E110D06636F656467650CFFFFFFFF04FFFFFFFF0CFFFFFFFF0C050000000C050000000CFFFFFFFF0C040000000B0C0600000004000000000CFFFFFFFF110D
310
046C6F6F700CFFFFFFFF04FFFFFFFF0CFFFFFFFF0CFFFFFFFF0C050000000C08000000110E05706C616E650D07737572666163650CFFFFFFFF04FFFFFFFF0CFFFFFFFF13FCF2C98AE17A0C40000000000000903C00000000000000001400000000000000800000000000000000000000000000F03F14000000000000F0BF00
310
0000000000000000000000000000800B0B0B0B0B110D04666163650CFFFFFFFF04FFFFFFFF0CFFFFFFFF0CFFFFFFFF0C060000000C090000000CFFFFFFFF0C070000000B0A0B110D057368656C6C0CFFFFFFFF04FFFFFFFF0CFFFFFFFF0CFFFFFFFF0CFFFFFFFF0C080000000CFFFFFFFF0C0A000000110D046C756D700CFF
310
FFFFFF04FFFFFFFF0CFFFFFFFF0CFFFFFFFF0C090000000C00000000110E03456E640E026F660E0341534D0D0464617461
  0
ACDSRECORD
 90
        1
  2
AcDbDs::ID
280
    10
320
172
  2
ASM_Data
280
    15
 94
      811
310
414349532042696E61727946696C652855000000000000010000000C00000007214F70656E2044657369676E20416C6C69616E63652041434953204275696C646572070E41434953203231382E3030204E540718546875204A756E2032372031363A32383A3231203230323406000000000000F03F0648AFBC9AF2D77A3E06
310
BBBDD7D9DF7CDB3D0D04626F64790CFFFFFFFF04FFFFFFFF0CFFFFFFFF0C0A0000000CFFFFFFFF0CFFFFFFFF110D05706F696E740CFFFFFFFF04FFFFFFFF0CFFFFFFFF136E1ACA3FE97AD4BF00000000000000000000000000000000110D067665727465780CFFFFFFFF04FFFFFFFF0CFFFFFFFF0C0400000004020000000C
310
01000000110E07656C6C697073650D0563757276650CFFFFFFFF04FFFFFFFF0CFFFFFFFF1352B81E85EB51F4BF000000000000000000000000000000001400000000000000000000000000000000000000000000F03F146D63586A6266EE3F0000000000000000000000000000008006000000000000F03F0B0B110D046564
310
67650CFFFFFFFF04FFFFFFFF0CFFFFFFFF0C020000000600000000000000000C0200000006182D4454FB2119400C050000000C030000000B0707756E6B6E6F776E110D06636F656467650CFFFFFFFF04FFFFFFFF0CFFFFFFFF0C050000000C050000000CFFFFFFFF0C040000000B0C0600000004000000000CFFFFFFFF110D
310
046C6F6F700CFFFFFFFF04FFFFFFFF0CFFFFFFFF0CFFFFFFFF0C050000000C08000000110E05706C616E650D07737572666163650CFFFFFFFF04FFFFFFFF0CFFFFFFFF132ED1B41F84EBFBBF000000000000A03C00000000000000001400000000000000800000000000000000000000000000F03F14000000000000F0BF00
310
0000000000000000000000000000800B0B0B0B0B110D04666163650CFFFFFFFF04FFFFFFFF0CFFFFFFFF0CFFFFFFFF0C060000000C090000000CFFFFFFFF0C070000000B0A0B110D057368656C6C0CFFFFFFFF04FFFFFFFF0CFFFFFFFF0CFFFFFFFF0CFFFFFFFF0C080000000CFFFFFFFF0C0A000000110D046C756D700CFF
310
FFFFFF04FFFFFFFF0CFFFFFFFF0CFFFFFFFF0C090000000C00000000110E03456E640E026F660E0341534D0D0464617461
  0
ACDSRECORD
 90
        1
  2
AcDbDs::ID
280
    10
320
174
  2
ASM_Data
280
    15
 94
      811
310
414349532042696E61727946696C652855000000000000010000000C00000007214F70656E2044657369676E20416C6C69616E63652041434953204275696C646572070E41434953203231382E3030204E540718546875204A756E2032372031363A32383A3231203230323406000000000000F03F0648AFBC9AF2D77A3E06
310
BBBDD7D9DF7CDB3D0D04626F64790CFFFFFFFF04FFFFFFFF0CFFFFFFFF0C0A0000000CFFFFFFFF0CFFFFFFFF110D05706F696E740CFFFFFFFF04FFFFFFFF0CFFFFFFFF13BA641C23D9A3E8BF00000000000000000000000000000000110D067665727465780CFFFFFFFF04FFFFFFFF0CFFFFFFFF0C0400000004020000000C
310
01000000110E07656C6C697073650D0563757276650CFFFFFFFF04FFFFFFFF0CFFFFFFFF1352B81E85EB51F4BF000000000000000000000000000000001400000000000000000000000000000000000000000000F03F14D31742CEFBFFDF3F0000000000000000000000000000008006000000000000F03F0B0B110D046564
310
67650CFFFFFFFF04FFFFFFFF0CFFFFFFFF0C020000000600000000000000000C0200000006182D4454FB2119400C050000000C030000000B0707756E6B6E6F776E110D06636F656467650CFFFFFFFF04FFFFFFFF0CFFFFFFFF0C050000000C050000000CFFFFFFFF0C040000000B0C0600000004000000000CFFFFFFFF110D
310
046C6F6F700CFFFFFFFF04FFFFFFFF0CFFFFFFFF0CFFFFFFFF0C050000000C08000000110E05706C616E650D07737572666163650CFFFFFFFF04FFFFFFFF0CFFFFFFFF134CFBE6FEEA51F8BF000000000000903C00000000000000001400000000000000800000000000000000000000000000F03F14000000000000F0BF00
310
0000000000000000000000000000800B0B0B0B0B110D04666163650CFFFFFFFF04FFFFFFFF0CFFFFFFFF0CFFFFFFFF0C060000000C090000000CFFFFFFFF0C070000000B0A0B110D057368656C6C0CFFFFFFFF04FFFFFFFF0CFFFFFFFF0CFFFFFFFF0CFFFFFFFF0C080000000CFFFFFFFF0C0A000000110D046C756D700CFF
310
FFFFFF04FFFFFFFF0CFFFFFFFF0CFFFFFFFF0C090000000C00000000110E03456E640E026F660E0341534D0D0464617461
  0
ACDSRECORD
 90
        1
  2
AcDbDs::ID
280
    10
320
176
  2
ASM_Data
280
    15
 94
      811
310
414349532042696E61727946696C652855000000000000010000000C00000007214F70656E2044657369676E20416C6C69616E63652041434953204275696C646572070E41434953203231382E3030204E540718546875204A756E2032372031363A32383A3231203230323406000000000000F03F0648AFBC9AF2D77A3E06
310
BBBDD7D9DF7CDB3D0D04626F64790CFFFFFFFF04FFFFFFFF0CFFFFFFFF0C0A0000000CFFFFFFFF0CFFFFFFFF110D05706F696E740CFFFFFFFF04FFFFFFFF0CFFFFFFFF139FFB17AD48E106C000000000000000000000000000000000110D067665727465780CFFFFFFFF04FFFFFFFF0CFFFFFFFF0C0400000004020000000C
310
01000000110E07656C6C697073650D0563757276650CFFFFFFFF04FFFFFFFF0CFFFFFFFF137A14AE47E17A0EC0000000000000000000000000000000001400000000000000000000000000000000000000000000F03F146D63586A6266EE3F0000000000000000000000000000008006000000000000F03F0B0B110D046564
310
67650CFFFFFFFF04FFFFFFFF0CFFFFFFFF0C020000000600000000000000000C0200000006182D4454FB2119400C050000000C030000000B0707756E6B6E6F776E110D06636F656467650CFFFFFFFF04FFFFFFFF0CFFFFFFFF0C050000000C050000000CFFFFFFFF0C040000000B0C0600000004000000000CFFFFFFFF110D
310
046C6F6F700CFFFFFFFF04FFFFFFFF0CFFFFFFFF0CFFFFFFFF0C050000000C08000000110E05706C616E650D07737572666163650CFFFFFFFF04FFFFFFFF0CFFFFFFFF1374907CCAD62311C0000000000000A03C00000000000000001400000000000000800000000000000000000000000000F03F14000000000000F0BF00
310
0000000000000000000000000000800B0B0B0B0B110D04666163650CFFFFFFFF04FFFFFFFF0CFFFFFFFF0CFFFFFFFF0C060000000C090000000CFFFFFFFF0C070000000B0A0B110D057368656C6C0CFFFFFFFF04FFFFFFFF0CFFFFFFFF0CFFFFFFFF0CFFFFFFFF0C080000000CFFFFFFFF0C0A000000110D046C756D700CFF
310
FFFFFF04FFFFFFFF0CFFFFFFFF0CFFFFFFFF0C090000000C00000000110E03456E640E026F660E0341534D0D0464617461
  0
ACDSRECORD
 90
        1
  2
AcDbDs::ID
280
    10
320
178
  2
ASM_Data
280
    15
 94
      811
310
414349532042696E61727946696C652855000000000000010000000C00000007214F70656E2044657369676E20416C6C69616E63652041434953204275696C646572070E41434953203231382E3030204E540718546875204A756E2032372031363A32383A3231203230323406000000000000F03F0648AFBC9AF2D77A3E06
310
BBBDD7D9DF7CDB3D0D04626F64790CFFFFFFFF04FFFFFFFF0CFFFFFFFF0C0A0000000CFFFFFFFF0CFFFFFFFF110D05706F696E740CFFFFFFFF04FFFFFFFF0CFFFFFFFF1380D1E5CDE17A0AC000000000000000000000000000000000110D067665727465780CFFFFFFFF04FFFFFFFF0CFFFFFFFF0C0400000004020000000C
310
01000000110E07656C6C697073650D0563757276650CFFFFFFFF04FFFFFFFF0CFFFFFFFF137A14AE47E17A0EC0000000000000000000000000000000001400000000000000000000000000000000000000000000F03F14D31742CEFBFFDF3F0000000000000000000000000000008006000000000000F03F0B0B110D046564
310
67650CFFFFFFFF04FFFFFFFF0CFFFFFFFF0C020000000600000000000000000C0200000006182D4454FB2119400C050000000C030000000B0707756E6B6E6F776E110D06636F656467650CFFFFFFFF04FFFFFFFF0CFFFFFFFF0C050000000C050000000CFFFFFFFF0C040000000B0C0600000004000000000CFFFFFFFF110D
310
046C6F6F700CFFFFFFFF04FFFFFFFF0CFFFFFFFF0CFFFFFFFF0C050000000C08000000110E05706C616E650D07737572666163650CFFFFFFFF04FFFFFFFF0CFFFFFFFF13FC1A4982703D10C0000000000000903C00000000000000001400000000000000800000000000000000000000000000F03F14000000000000F0BF00
310
0000000000000000000000000000800B0B0B0B0B110D04666163650CFFFFFFFF04FFFFFFFF0CFFFFFFFF0CFFFFFFFF0C060000000C090000000CFFFFFFFF0C070000000B0A0B110D057368656C6C0CFFFFFFFF04FFFFFFFF0CFFFFFFFF0CFFFFFFFF0CFFFFFFFF0C080000000CFFFFFFFF0C0A000000110D046C756D700CFF
310
FFFFFF04FFFFFFFF0CFFFFFFFF0CFFFFFFFF0C090000000C00000000110E03456E640E026F660E0341534D0D0464617461
  0
ACDSRECORD
 90
        1
  2
AcDbDs::ID
280
    10
320
17A
  2
ASM_Data
280
    15
 94
      811
310
414349532042696E61727946696C652855000000000000010000000C00000007214F70656E2044657369676E20416C6C69616E63652041434953204275696C646572070E41434953203231382E3030204E540718546875204A756E2032372031363A32383A3231203230323406000000000000F03F0648AFBC9AF2D77A3E06
310
BBBDD7D9DF7CDB3D0D04626F64790CFFFFFFFF04FFFFFFFF0CFFFFFFFF0C0A0000000CFFFFFFFF0CFFFFFFFF110D05706F696E740CFFFFFFFF04FFFFFFFF0CFFFFFFFF13F8591B199A9915C000000000000000000000000000000000110D067665727465780CFFFFFFFF04FFFFFFFF0CFFFFFFFF0C0400000004020000000C
310
01000000110E07656C6C697073650D0563757276650CFFFFFFFF04FFFFFFFF0CFFFFFFFF1366666666666619C0000000000000000000000000000000001400000000000000000000000000000000000000000000F03F146D63586A6266EE3F0000000000000000000000000000008006000000000000F03F0B0B110D046564
310
67650CFFFFFFFF04FFFFFFFF0CFFFFFFFF0C020000000600000000000000000C0200000006182D4454FB2119400C050000000C030000000B0707756E6B6E6F776E110D06636F656467650CFFFFFFFF04FFFFFFFF0CFFFFFFFF0C050000000C050000000CFFFFFFFF0C040000000B0C0600000004000000000CFFFFFFFF110D
310
046C6F6F700CFFFFFFFF04FFFFFFFF0CFFFFFFFF0CFFFFFFFF0C050000000C08000000110E05706C616E650D07737572666163650CFFFFFFFF04FFFFFFFF0CFFFFFFFF139DEC0B8DCC4C1BC0000000000000A03C00000000000000001400000000000000800000000000000000000000000000F03F14000000000000F0BF00
310
0000000000000000000000000000800B0B0B0B0B110D04666163650CFFFFFFFF04FFFFFFFF0CFFFFFFFF0CFFFFFFFF0C060000000C090000000CFFFFFFFF0C070000000B0A0B110D057368656C6C0CFFFFFFFF04FFFFFFFF0CFFFFFFFF0CFFFFFFFF0CFFFFFFFF0C080000000CFFFFFFFF0C0A000000110D046C756D700CFF
310
FFFFFF04FFFFFFFF0CFFFFFFFF0CFFFFFFFF0C090000000C00000000110E03456E640E026F660E0341534D0D0464617461
  0
ACDSRECORD
 90
        1
  2
AcDbDs::ID
280
    10
320
17C
  2
ASM_Data
280
    15
 94
      811
310
414349532042696E61727946696C652855000000000000010000000C00000007214F70656E2044657369676E20416C6C69616E63652041434953204275696C646572070E41434953203231382E3030204E540718546875204A756E2032372031363A32383A3231203230323406000000000000F03F0648AFBC9AF2D77A3E06
310
BBBDD7D9DF7CDB3D0D04626F64790CFFFFFFFF04FFFFFFFF0CFFFFFFFF0C0A0000000CFFFFFFFF0CFFFFFFFF110D05706F696E740CFFFFFFFF04FFFFFFFF0CFFFFFFFF13E94482A9666617C000000000000000000000000000000000110D067665727465780CFFFFFFFF04FFFFFFFF0CFFFFFFFF0C0400000004020000000C
310
01000000110E07656C6C697073650D0563757276650CFFFFFFFF04FFFFFFFF0CFFFFFFFF1366666666666619C0000000000000000000000000000000001400000000000000000000000000000000000000000000F03F14D31742CEFBFFDF3F0000000000000000000000000000008006000000000000F03F0B0B110D046564
310
67650CFFFFFFFF04FFFFFFFF0CFFFFFFFF0C020000000600000000000000000C0200000006182D4454FB2119400C050000000C030000000B0707756E6B6E6F776E110D06636F656467650CFFFFFFFF04FFFFFFFF0CFFFFFFFF0C050000000C050000000CFFFFFFFF0C040000000B0C0600000004000000000CFFFFFFFF110D
310
046C6F6F700CFFFFFFFF04FFFFFFFF0CFFFFFFFF0CFFFFFFFF0C050000000C08000000110E05706C616E650D07737572666163650CFFFFFFFF04FFFFFFFF0CFFFFFFFF132477D84466661AC0000000000000903C00000000000000001400000000000000800000000000000000000000000000F03F14000000000000F0BF00
310
0000000000000000000000000000800B0B0B0B0B110D04666163650CFFFFFFFF04FFFFFFFF0CFFFFFFFF0CFFFFFFFF0C060000000C090000000CFFFFFFFF0C070000000B0A0B110D057368656C6C0CFFFFFFFF04FFFFFFFF0CFFFFFFFF0CFFFFFFFF0CFFFFFFFF0C080000000CFFFFFFFF0C0A000000110D046C756D700CFF
310
FFFFFF04FFFFFFFF0CFFFFFFFF0CFFFFFFFF0C090000000C00000000110E03456E640E026F660E0341534D0D0464617461
  0
ACDSRECORD
 90
        1
  2
AcDbDs::ID
280
    10
320
17E
  2
ASM_Data
280
    15
 94
      811
310
414349532042696E61727946696C652855000000000000010000000C00000007214F70656E2044657369676E20416C6C69616E63652041434953204275696C646572070E41434953203231382E3030204E540718546875204A756E2032372031363A32383A3231203230323406000000000000F03F0648AFBC9AF2D77A3E06
310
BBBDD7D9DF7CDB3D0D04626F64790CFFFFFFFF04FFFFFFFF0CFFFFFFFF0C0A0000000CFFFFFFFF0CFFFFFFFF110D05706F696E740CFFFFFFFF04FFFFFFFF0CFFFFFFFF1320B6AADB8FC21FC000000000000000000000000000000000110D067665727465780CFFFFFFFF04FFFFFFFF0CFFFFFFFF0C0400000004020000000C
310
01000000110E07656C6C697073650D0563757276650CFFFFFFFF04FFFFFFFF0CFFFFFFFF1347E17A14AEC721C0000000000000000000000000000000001400000000000000000000000000000000000000000000F03F146D63586A6266EE3F0000000000000000000000000000008006000000000000F03F0B0B110D046564
310
67650CFFFFFFFF04FFFFFFFF0CFFFFFFFF0C020000000600000000000000000C0200000006182D4454FB2119400C050000000C030000000B0707756E6B6E6F776E110D06636F656467650CFFFFFFFF04FFFFFFFF0CFFFFFFFF0C050000000C050000000CFFFFFFFF0C040000000B0C0600000004000000000CFFFFFFFF110D
310
046C6F6F700CFFFFFFFF04FFFFFFFF0CFFFFFFFF0CFFFFFFFF0C050000000C08000000110E05706C616E650D07737572666163650CFFFFFFFF04FFFFFFFF0CFFFFFFFF1362A4CD27E1BA22C0000000000000A03C00000000000000001400000000000000800000000000000000000000000000F03F14000000000000F0BF00
310
0000000000000000000000000000800B0B0B0B0B110D04666163650CFFFFFFFF04FFFFFFFF0CFFFFFFFF0CFFFFFFFF0C060000000C090000000CFFFFFFFF0C070000000B0A0B110D057368656C6C0CFFFFFFFF04FFFFFFFF0CFFFFFFFF0CFFFFFFFF0CFFFFFFFF0C080000000CFFFFFFFF0C0A000000110D046C756D700CFF
310
FFFFFF04FFFFFFFF0CFFFFFFFF0CFFFFFFFF0C090000000C00000000110E03456E640E026F660E0341534D0D0464617461
  0
ACDSRECORD
 90
        1
  2
AcDbDs::ID
280
    10
320
180
  2
ASM_Data
280
    15
 94
      811
310
414349532042696E61727946696C652855000000000000010000000C00000007214F70656E2044657369676E20416C6C69616E63652041434953204275696C646572070E41434953203231382E3030204E540718546875204A756E2032372031363A32383A3231203230323406000000000000F03F0648AFBC9AF2D77A3E06
310
BBBDD7D9DF7CDB3D0D04626F64790CFFFFFFFF04FFFFFFFF0CFFFFFFFF0C0A0000000CFFFFFFFF0CFFFFFFFF110D05706F696E740CFFFFFFFF04FFFFFFFF0CFFFFFFFF1388D00836AEC720C000000000000000000000000000000000110D067665727465780CFFFFFFFF04FFFFFFFF0CFFFFFFFF0C0400000004020000000C
310
01000000110E07656C6C697073650D0563757276650CFFFFFFFF04FFFFFFFF0CFFFFFFFF1347E17A14AEC721C0000000000000000000000000000000001400000000000000000000000000000000000000000000F03F14D31742CEFBFFDF3F0000000000000000000000000000008006000000000000F03F0B0B110D046564
310
67650CFFFFFFFF04FFFFFFFF0CFFFFFFFF0C020000000600000000000000000C0200000006182D4454FB2119400C050000000C030000000B0707756E6B6E6F776E110D06636F656467650CFFFFFFFF04FFFFFFFF0CFFFFFFFF0C050000000C050000000CFFFFFFFF0C040000000B0C0600000004000000000CFFFFFFFF110D
310
046C6F6F700CFFFFFFFF04FFFFFFFF0CFFFFFFFF0CFFFFFFFF0C050000000C08000000110E05706C616E650D07737572666163650CFFFFFFFF04FFFFFFFF0CFFFFFFFF13A6E9B303AE4722C0000000000000903C00000000000000001400000000000000800000000000000000000000000000F03F14000000000000F0BF00
310
0000000000000000000000000000800B0B0B0B0B110D04666163650CFFFFFFFF04FFFFFFFF0CFFFFFFFF0CFFFFFFFF0C060000000C090000000CFFFFFFFF0C070000000B0A0B110D057368656C6C0CFFFFFFFF04FFFFFFFF0CFFFFFFFF0CFFFFFFFF0CFFFFFFFF0C080000000CFFFFFFFF0C0A000000110D046C756D700CFF
310
FFFFFF04FFFFFFFF0CFFFFFFFF0CFFFFFFFF0C090000000C00000000110E03456E640E026F660E0341534D0D0464617461
  0
ACDSRECORD
 90
        1
  2
AcDbDs::ID
280
    10
320
182
  2
ASM_Data
280
    15
 94
      811
310
414349532042696E61727946696C652855000000000000010000000C00000007214F70656E2044657369676E20416C6C69616E63652041434953204275696C646572070E41434953203231382E3030204E540718546875204A756E2032372031363A32383A3231203230323406000000000000F03F0648AFBC9AF2D77A3E06
310
BBBDD7D9DF7CDB3D0D04626F64790CFFFFFFFF04FFFFFFFF0CFFFFFFFF0C0A0000000CFFFFFFFF0CFFFFFFFF110D05706F696E740CFFFFFFFF04FFFFFFFF0CFFFFFFFF1325091DCFC2F524C000000000000000000000000000000000110D067665727465780CFFFFFFFF04FFFFFFFF0CFFFFFFFF0C0400000004020000000C
310
01000000110E07656C6C697073650D0563757276650CFFFFFFFF04FFFFFFFF0CFFFFFFFF135C8FC2F528DC26C0000000000000000000000000000000001400000000000000000000000000000000000000000000F03F146D63586A6266EE3F0000000000000000000000000000008006000000000000F03F0B0B110D046564
310
67650CFFFFFFFF04FFFFFFFF0CFFFFFFFF0C020000000600000000000000000C0200000006182D4454FB2119400C050000000C030000000B0707756E6B6E6F776E110D06636F656467650CFFFFFFFF04FFFFFFFF0CFFFFFFFF0C050000000C050000000CFFFFFFFF0C040000000B0C0600000004000000000CFFFFFFFF110D
310
046C6F6F700CFFFFFFFF04FFFFFFFF0CFFFFFFFF0CFFFFFFFF0C050000000C08000000110E05706C616E650D07737572666163650CFFFFFFFF04FFFFFFFF0CFFFFFFFF13785215095CCF27C0000000000000A03C00000000000000001400000000000000800000000000000000000000000000F03F14000000000000F0BF00
310
0000000000000000000000000000800B0B0B0B0B110D04666163650CFFFFFFFF04FFFFFFFF0CFFFFFFFF0CFFFFFFFF0C060000000C090000000CFFFFFFFF0C070000000B0A0B110D057368656C6C0CFFFFFFFF04FFFFFFFF0CFFFFFFFF0CFFFFFFFF0CFFFFFFFF0C080000000CFFFFFFFF0C0A000000110D046C756D700CFF
310
FFFFFF04FFFFFFFF0CFFFFFFFF0CFFFFFFFF0C090000000C00000000110E03456E640E026F660E0341534D0D0464617461
  0
ACDSRECORD
 90
        1
  2
AcDbDs::ID
280
    10
320
184
  2
ASM_Data
280
    15
 94
      811
310
414349532042696E61727946696C652855000000000000010000000C00000007214F70656E2044657369676E20416C6C69616E63652041434953204275696C646572070E41434953203231382E3030204E540718546875204A756E2032372031363A32383A3231203230323406000000000000F03F0648AFBC9AF2D77A3E06
310
BBBDD7D9DF7CDB3D0D04626F64790CFFFFFFFF04FFFFFFFF0CFFFFFFFF0C0A0000000CFFFFFFFF0CFFFFFFFF110D05706F696E740CFFFFFFFF04FFFFFFFF0CFFFFFFFF139D7E501729DC25C000000000000000000000000000000000110D067665727465780CFFFFFFFF04FFFFFFFF0CFFFFFFFF0C0400000004020000000C
310
01000000110E07656C6C697073650D0563757276650CFFFFFFFF04FFFFFFFF0CFFFFFFFF135C8FC2F528DC26C0000000000000000000000000000000001400000000000000000000000000000000000000000000F03F14D31742CEFBFFDF3F0000000000000000000000000000008006000000000000F03F0B0B110D046564
310
67650CFFFFFFFF04FFFFFFFF0CFFFFFFFF0C020000000600000000000000000C0200000006182D4454FB2119400C050000000C030000000B0707756E6B6E6F776E110D06636F656467650CFFFFFFFF04FFFFFFFF0CFFFFFFFF0C050000000C050000000CFFFFFFFF0C040000000B0C0600000004000000000CFFFFFFFF110D
310
046C6F6F700CFFFFFFFF04FFFFFFFF0CFFFFFFFF0CFFFFFFFF0C050000000C08000000110E05706C616E650D07737572666163650CFFFFFFFF04FFFFFFFF0CFFFFFFFF13BB97FBE4285C27C0000000000000903C00000000000000001400000000000000800000000000000000000000000000F03F14000000000000F0BF00
310
0000000000000000000000000000800B0B0B0B0B110D04666163650CFFFFFFFF04FFFFFFFF0CFFFFFFFF0CFFFFFFFF0C060000000C090000000CFFFFFFFF0C070000000B0A0B110D057368656C6C0CFFFFFFFF04FFFFFFFF0CFFFFFFFF0CFFFFFFFF0CFFFFFFFF0C080000000CFFFFFFFF0C0A000000110D046C756D700CFF
310
FFFFFF04FFFFFFFF0CFFFFFFFF0CFFFFFFFF0C090000000C00000000110E03456E640E026F660E0341534D0D0464617461
  0
ACDSRECORD
 90
        1
  2
AcDbDs::ID
280
    10
320
186
  2
ASM_Data
280
    15
 94
      811
310
414349532042696E61727946696C652855000000000000010000000C00000007214F70656E2044657369676E20416C6C69616E63652041434953204275696C646572070E41434953203231382E3030204E540718546875204A756E2032372031363A32383A3231203230323406000000000000F03F0648AFBC9AF2D77A3E06
310
BBBDD7D9DF7CDB3D0D04626F64790CFFFFFFFF04FFFFFFFF0CFFFFFFFF0C0A0000000CFFFFFFFF0CFFFFFFFF110D05706F696E740CFFFFFFFF04FFFFFFFF0CFFFFFFFF130475255D8EC2014000000000000000000000000000000000110D067665727465780CFFFFFFFF04FFFFFFFF0CFFFFFFFF0C0400000004020000000C
310
01000000110E07656C6C697073650D0563757276650CFFFFFFFF04FFFFFFFF0CFFFFFFFF1352B81E85EB51F43F000000000000000000000000000000001400000000000000000000000000000000000000000000F03F146D63586A6266EE3F0000000000000000000000000000008006000000000000F03F0B0B110D046564
310
67650CFFFFFFFF04FFFFFFFF0CFFFFFFFF0C020000000600000000000000000C0200000006182D4454FB2119400C050000000C030000000B0707756E6B6E6F776E110D06636F656467650CFFFFFFFF04FFFFFFFF0CFFFFFFFF0C050000000C050000000CFFFFFFFF0C040000000B0C0600000004000000000CFFFFFFFF110D
310
046C6F6F700CFFFFFFFF04FFFFFFFF0CFFFFFFFF0CFFFFFFFF0C050000000C08000000110E05706C616E650D07737572666163650CFFFFFFFF04FFFFFFFF0CFFFFFFFF13ED3E11D5A570E93F000000000000A03C00000000000000001400000000000000800000000000000000000000000000F03F14000000000000F0BF00
310
0000000000000000000000000000800B0B0B0B0B110D04666163650CFFFFFFFF04FFFFFFFF0CFFFFFFFF0CFFFFFFFF0C060000000C090000000CFFFFFFFF0C070000000B0A0B110D057368656C6C0CFFFFFFFF04FFFFFFFF0CFFFFFFFF0CFFFFFFFF0CFFFFFFFF0C080000000CFFFFFFFF0C0A000000110D046C756D700CFF
310
FFFFFF04FFFFFFFF0CFFFFFFFF0CFFFFFFFF0C090000000C00000000110E03456E640E026F660E0341534D0D0464617461
  0
ACDSRECORD
 90
        1
  2
AcDbDs::ID
280
    10
320
188
  2
ASM_Data
280
    15
 94
      811
310
414349532042696E61727946696C652855000000000000010000000C00000007214F70656E2044657369676E20416C6C69616E63652041434953204275696C646572070E41434953203231382E3030204E540718546875204A756E2032372031363A32383A3231203230323406000000000000F03F0648AFBC9AF2D77A3E06
310
BBBDD7D9DF7CDB3D0D04626F64790CFFFFFFFF04FFFFFFFF0CFFFFFFFF0C0A0000000CFFFFFFFF0CFFFFFFFF110D05706F696E740CFFFFFFFF04FFFFFFFF0CFFFFFFFF13473EAF78EA51FC3F00000000000000000000000000000000110D067665727465780CFFFFFFFF04FFFFFFFF0CFFFFFFFF0C0400000004020000000C
310
01000000110E07656C6C697073650D0563757276650CFFFFFFFF04FFFFFFFF0CFFFFFFFF1352B81E85EB51F43F000000000000000000000000000000001400000000000000000000000000000000000000000000F03F14D31742CEFBFFDF3F0000000000000000000000000000008006000000000000F03F0B0B110D046564
310
67650CFFFFFFFF04FFFFFFFF0CFFFFFFFF0C020000000600000000000000000C0200000006182D4454FB2119400C050000000C030000000B0707756E6B6E6F776E110D06636F656467650CFFFFFFFF04FFFFFFFF0CFFFFFFFF0C050000000C050000000CFFFFFFFF0C040000000B0C0600000004000000000CFFFFFFFF110D
310
046C6F6F700CFFFFFFFF04FFFFFFFF0CFFFFFFFF0CFFFFFFFF0C050000000C08000000110E05706C616E650D07737572666163650CFFFFFFFF04FFFFFFFF0CFFFFFFFF135875560BEC51F03F000000000000903C00000000000000001400000000000000800000000000000000000000000000F03F14000000000000F0BF00
310
0000000000000000000000000000800B0B0B0B0B110D04666163650CFFFFFFFF04FFFFFFFF0CFFFFFFFF0CFFFFFFFF0C060000000C090000000CFFFFFFFF0C070000000B0A0B110D057368656C6C0CFFFFFFFF04FFFFFFFF0CFFFFFFFF0CFFFFFFFF0CFFFFFFFF0C080000000CFFFFFFFF0C0A000000110D046C756D700CFF
310
FFFFFF04FFFFFFFF0CFFFFFFFF0CFFFFFFFF0C090000000C00000000110E03456E640E026F660E0341534D0D0464617461
  0
ACDSRECORD
 90
        1
  2
AcDbDs::ID
280
    10
320
18A
  2
ASM_Data
280
    15
 94
      811
310
414349532042696E61727946696C652855000000000000010000000C00000007214F70656E2044657369676E20416C6C69616E63652041434953204275696C646572070E41434953203231382E3030204E540718546875204A756E2032372031363A32383A3231203230323406000000000000F03F0648AFBC9AF2D77A3E06
310
BBBDD7D9DF7CDB3D0D04626F64790CFFFFFFFF04FFFFFFFF0CFFFFFFFF0C0A0000000CFFFFFFFF0CFFFFFFFF110D05706F696E740CFFFFFFFF04FFFFFFFF0CFFFFFFFF13AB1622F13C0A134000000000000000000000000000000000110D067665727465780CFFFFFFFF04FFFFFFFF0CFFFFFFFF0C0400000004020000000C
310
01000000110E07656C6C697073650D0563757276650CFFFFFFFF04FFFFFFFF0CFFFFFFFF137A14AE47E17A0E40000000000000000000000000000000001400000000000000000000000000000000000000000000F03F146D63586A6266EE3F0000000000000000000000000000008006000000000000F03F0B0B110D046564
310
67650CFFFFFFFF04FFFFFFFF0CFFFFFFFF0C020000000600000000000000000C0200000006182D4454FB2119400C050000000C030000000B0707756E6B6E6F776E110D06636F656467650CFFFFFFFF04FFFFFFFF0CFFFFFFFF0C050000000C050000000CFFFFFFFF0C040000000B0C0600000004000000000CFFFFFFFF110D
310
046C6F6F700CFFFFFFFF04FFFFFFFF0CFFFFFFFF0CFFFFFFFF0C050000000C08000000110E05706C616E650D07737572666163650CFFFFFFFF04FFFFFFFF0CFFFFFFFF130C0863FA14AE0A40000000000000A03C00000000000000001400000000000000800000000000000000000000000000F03F14000000000000F0BF00
310
0000000000000000000000000000800B0B0B0B0B110D04666163650CFFFFFFFF04FFFFFFFF0CFFFFFFFF0CFFFFFFFF0C060000000C090000000CFFFFFFFF0C070000000B0A0B110D057368656C6C0CFFFFFFFF04FFFFFFFF0CFFFFFFFF0CFFFFFFFF0CFFFFFFFF0C080000000CFFFFFFFF0C0A000000110D046C756D700CFF
310
FFFFFF04FFFFFFFF0CFFFFFFFF0CFFFFFFFF0C090000000C00000000110E03456E640E026F660E0341534D0D0464617461
  0
ACDSRECORD
 90
        1
  2
AcDbDs::ID
280
    10
320
18C
  2
ASM_Data
280
    15
 94
      811
310
414349532042696E61727946696C652855000000000000010000000C00000007214F70656E2044657369676E20416C6C69616E63652041434953204275696C646572070E41434953203231382E3030204E540718546875204A756E2032372031363A32383A3231203230323406000000000000F03F0648AFBC9AF2D77A3E06
310
BBBDD7D9DF7CDB3D0D04626F64790CFFFFFFFF04FFFFFFFF0CFFFFFFFF0C0A0000000CFFFFFFFF0CFFFFFFFF110D05706F696E740CFFFFFFFF04FFFFFFFF0CFFFFFFFF13BA2BBB60703D114000000000000000000000000000000000110D067665727465780CFFFFFFFF04FFFFFFFF0CFFFFFFFF0C0400000004020000000C
310
01000000110E07656C6C697073650D0563757276650CFFFFFFFF04FFFFFFFF0CFFFFFFFF137A14AE47E17A0E40000000000000000000000000000000001400000000000000000000000000000000000000000000F03F14D31742CEFBFFDF3F0000000000000000000000000000008006000000000000F03F0B0B110D046564
310
67650CFFFFFFFF04FFFFFFFF0CFFFFFFFF0C020000000600000000000000000C0200000006182D4454FB2119400C050000000C030000000B0707756E6B6E6F776E110D06636F656467650CFFFFFFFF04FFFFFFFF0CFFFFFFFF0C050000000C050000000CFFFFFFFF0C040000000B0C0600000004000000000CFFFFFFFF110D
310
046C6F6F700CFFFFFFFF04FFFFFFFF0CFFFFFFFF0CFFFFFFFF0C050000000C08000000110E05706C616E650D07737572666163650CFFFFFFFF04FFFFFFFF0CFFFFFFFF13FCF2C98AE17A0C40000000000000903C00000000000000001400000000000000800000000000000000000000000000F03F14000000000000F0BF00
310
0000000000000000000000000000800B0B0B0B0B110D04666163650CFFFFFFFF04FFFFFFFF0CFFFFFFFF0CFFFFFFFF0C060000000C090000000CFFFFFFFF0C070000000B0A0B110D057368656C6C0CFFFFFFFF04FFFFFFFF0CFFFFFFFF0CFFFFFFFF0CFFFFFFFF0C080000000CFFFFFFFF0C0A000000110D046C756D700CFF
310
FFFFFF04FFFFFFFF0CFFFFFFFF0CFFFFFFFF0C090000000C00000000110E03456E640E026F660E0341534D0D0464617461
  0
ACDSRECORD
 90
        1
  2
AcDbDs::ID
280
    10
320
18E
  2
ASM_Data
280
    15
 94
      811
310
414349532042696E61727946696C652855000000000000010000000C00000007214F70656E2044657369676E20416C6C69616E63652041434953204275696C646572070E41434953203231382E3030204E540718546875204A756E2032372031363A32383A3231203230323406000000000000F03F0648AFBC9AF2D77A3E06
310
BBBDD7D9DF7CDB3D0D04626F64790CFFFFFFFF04FFFFFFFF0CFFFFFFFF0C0A0000000CFFFFFFFF0CFFFFFFFF110D05706F696E740CFFFFFFFF04FFFFFFFF0CFFFFFFFF13D472B1B332331D4000000000000000000000000000000000110D067665727465780CFFFFFFFF04FFFFFFFF0CFFFFFFFF0C0400000004020000000C
310
01000000110E07656C6C697073650D0563757276650CFFFFFFFF04FFFFFFFF0CFFFFFFFF136666666666661940000000000000000000000000000000001400000000000000000000000000000000000000000000F03F146D63586A6266EE3F0000000000000000000000000000008006000000000000F03F0B0B110D046564
310
67650CFFFFFFFF04FFFFFFFF0CFFFFFFFF0C020000000600000000000000000C0200000006182D4454FB2119400C050000000C030000000B0707756E6B6E6F776E110D06636F656467650CFFFFFFFF04FFFFFFFF0CFFFFFFFF0C050000000C050000000CFFFFFFFF0C040000000B0C0600000004000000000CFFFFFFFF110D
310
046C6F6F700CFFFFFFFF04FFFFFFFF0CFFFFFFFF0CFFFFFFFF0C050000000C08000000110E05706C616E650D07737572666163650CFFFFFFFF04FFFFFFFF0CFFFFFFFF132FE0C03F00801740000000000000A03C00000000000000001400000000000000800000000000000000000000000000F03F14000000000000F0BF00
310
0000000000000000000000000000800B0B0B0B0B110D04666163650CFFFFFFFF04FFFFFFFF0CFFFFFFFF0CFFFFFFFF0C060000000C090000000CFFFFFFFF0C070000000B0A0B110D057368656C6C0CFFFFFFFF04FFFFFFFF0CFFFFFFFF0CFFFFFFFF0CFFFFFFFF0C080000000CFFFFFFFF0C0A000000110D046C756D700CFF
310
FFFFFF04FFFFFFFF0CFFFFFFFF0CFFFFFFFF0C090000000C00000000110E03456E640E026F660E0341534D0D0464617461
  0
ACDSRECORD
 90
        1
  2
AcDbDs::ID
280
    10
320
190
  2
ASM_Data
280
    15
 94
      811
310
414349532042696E61727946696C652855000000000000010000000C00000007214F70656E2044657369676E20416C6C69616E63652041434953204275696C646572070E41434953203231382E3030204E540718546875204A756E2032372031363A32383A3231203230323406000000000000F03F0648AFBC9AF2D77A3E06
310
BBBDD7D9DF7CDB3D0D04626F64790CFFFFFFFF04FFFFFFFF0CFFFFFFFF0C0A0000000CFFFFFFFF0CFFFFFFFF110D05706F696E740CFFFFFFFF04FFFFFFFF0CFFFFFFFF13E3874A2366661B4000000000000000000000000000000000110D067665727465780CFFFFFFFF04FFFFFFFF0CFFFFFFFF0C0400000004020000000C
310
01000000110E07656C6C697073650D0563757276650CFFFFFFFF04FFFFFFFF0CFFFFFFFF136666666666661940000000000000000000000000000000001400000000000000000000000000000000000000000000F03F14D31742CEFBFFDF3F0000000000000000000000000000008006000000000000F03F0B0B110D046564
310
67650CFFFFFFFF04FFFFFFFF0CFFFFFFFF0C020000000600000000000000000C0200000006182D4454FB2119400C050000000C030000000B0707756E6B6E6F776E110D06636F656467650CFFFFFFFF04FFFFFFFF0CFFFFFFFF0C050000000C050000000CFFFFFFFF0C040000000B0C0600000004000000000CFFFFFFFF110D
310
046C6F6F700CFFFFFFFF04FFFFFFFF0CFFFFFFFF0CFFFFFFFF0C050000000C08000000110E05706C616E650D07737572666163650CFFFFFFFF04FFFFFFFF0CFFFFFFFF13A855F48766661840000000000000903C00000000000000001400000000000000800000000000000000000000000000F03F14000000000000F0BF00
310
0000000000000000000000000000800B0B0B0B0B110D04666163650CFFFFFFFF04FFFFFFFF0CFFFFFFFF0CFFFFFFFF0C060000000C090000000CFFFFFFFF0C070000000B0A0B110D057368656C6C0CFFFFFFFF04FFFFFFFF0CFFFFFFFF0CFFFFFFFF0CFFFFFFFF0C080000000CFFFFFFFF0C0A000000110D046C756D700CFF
310
FFFFFF04FFFFFFFF0CFFFFFFFF0CFFFFFFFF0C090000000C00000000110E03456E640E026F660E0341534D0D0464617461
  0
ACDSRECORD
 90
        1
  2
AcDbDs::ID
280
    10
320
192
  2
ASM_Data
280
    15
 94
      811
310
414349532042696E61727946696C652855000000000000010000000C00000007214F70656E2044657369676E20416C6C69616E63652041434953204275696C646572070E41434953203231382E3030204E540718546875204A756E2032372031363A32383A3231203230323406000000000000F03F0648AFBC9AF2D77A3E06
310
BBBDD7D9DF7CDB3D0D04626F64790CFFFFFFFF04FFFFFFFF0CFFFFFFFF0C0A0000000CFFFFFFFF0CFFFFFFFF110D05706F696E740CFFFFFFFF04FFFFFFFF0CFFFFFFFF137E67203B14AE234000000000000000000000000000000000110D067665727465780CFFFFFFFF04FFFFFFFF0CFFFFFFFF0C0400000004020000000C
310
01000000110E07656C6C697073650D0563757276650CFFFFFFFF04FFFFFFFF0CFFFFFFFF1347E17A14AEC72140000000000000000000000000000000001400000000000000000000000000000000000000000000F03F146D63586A6266EE3F0000000000000000000000000000008006000000000000F03F0B0B110D046564
310
67650CFFFFFFFF04FFFFFFFF0CFFFFFFFF0C020000000600000000000000000C0200000006182D4454FB2119400C050000000C030000000B0707756E6B6E6F776E110D06636F656467650CFFFFFFFF04FFFFFFFF0CFFFFFFFF0C050000000C050000000CFFFFFFFF0C040000000B0C0600000004000000000CFFFFFFFF110D
310
046C6F6F700CFFFFFFFF04FFFFFFFF0CFFFFFFFF0CFFFFFFFF0C050000000C08000000110E05706C616E650D07737572666163650CFFFFFFFF04FFFFFFFF0CFFFFFFFF132C1E28017BD42040000000000000A03C00000000000000001400000000000000800000000000000000000000000000F03F14000000000000F0BF00
310
0000000000000000000000000000800B0B0B0B0B110D04666163650CFFFFFFFF04FFFFFFFF0CFFFFFFFF0CFFFFFFFF0C060000000C090000000CFFFFFFFF0C070000000B0A0B110D057368656C6C0CFFFFFFFF04FFFFFFFF0CFFFFFFFF0CFFFFFFFF0CFFFFFFFF0C080000000CFFFFFFFF0C0A000000110D046C756D700CFF
310
FFFFFF04FFFFFFFF0CFFFFFFFF0CFFFFFFFF0C090000000C00000000110E03456E640E026F660E0341534D0D0464617461
  0
ACDSRECORD
 90
        1
  2
AcDbDs::ID
280
    10
320
194
  2
ASM_Data
280
    15
 94
      811
310
414349532042696E61727946696C652855000000000000010000000C00000007214F70656E2044657369676E20416C6C69616E63652041434953204275696C646572070E41434953203231382E3030204E540718546875204A756E2032372031363A32383A3231203230323406000000000000F03F0648AFBC9AF2D77A3E06
310
BBBDD7D9DF7CDB3D0D04626F64790CFFFFFFFF04FFFFFFFF0CFFFFFFFF0C0A0000000CFFFFFFFF0CFFFFFFFF110D05706F696E740CFFFFFFFF04FFFFFFFF0CFFFFFFFF1306F2ECF2ADC7224000000000000000000000000000000000110D067665727465780CFFFFFFFF04FFFFFFFF0CFFFFFFFF0C0400000004020000000C
310
01000000110E07656C6C697073650D0563757276650CFFFFFFFF04FFFFFFFF0CFFFFFFFF1347E17A14AEC72140000000000000000000000000000000001400000000000000000000000000000000000000000000F03F14D31742CEFBFFDF3F0000000000000000000000000000008006000000000000F03F0B0B110D046564
310
67650CFFFFFFFF04FFFFFFFF0CFFFFFFFF0C020000000600000000000000000C0200000006182D4454FB2119400C050000000C030000000B0707756E6B6E6F776E110D06636F656467650CFFFFFFFF04FFFFFFFF0CFFFFFFFF0C050000000C050000000CFFFFFFFF0C040000000B0C0600000004000000000CFFFFFFFF110D
310
046C6F6F700CFFFFFFFF04FFFFFFFF0CFFFFFFFF0CFFFFFFFF0C050000000C08000000110E05706C616E650D07737572666163650CFFFFFFFF04FFFFFFFF0CFFFFFFFF13E8D84125AE472140000000000000903C00000000000000001400000000000000800000000000000000000000000000F03F14000000000000F0BF00
310
0000000000000000000000000000800B0B0B0B0B110D04666163650CFFFFFFFF04FFFFFFFF0CFFFFFFFF0CFFFFFFFF0C060000000C090000000CFFFFFFFF0C070000000B0A0B110D057368656C6C0CFFFFFFFF04FFFFFFFF0CFFFFFFFF0CFFFFFFFF0CFFFFFFFF0C080000000CFFFFFFFF0C0A000000110D046C756D700CFF
310
FFFFFF04FFFFFFFF0CFFFFFFFF0CFFFFFFFF0C090000000C00000000110E03456E640E026F660E0341534D0D0464617461
  0
ACDSRECORD
 90
        1
  2
AcDbDs::ID
280
    10
320
196
  2
ASM_Data
280
    15
 94
      811
310
414349532042696E61727946696C652855000000000000010000000C00000007214F70656E2044657369676E20416C6C69616E63652041434953204275696C646572070E41434953203231382E3030204E540718546875204A756E2032372031363A32383A3231203230323406000000000000F03F0648AFBC9AF2D77A3E06
310
BBBDD7D9DF7CDB3D0D04626F64790CFFFFFFFF04FFFFFFFF0CFFFFFFFF0C0A0000000CFFFFFFFF0CFFFFFFFF110D05706F696E740CFFFFFFFF04FFFFFFFF0CFFFFFFFF139315681C8FC2284000000000000000000000000000000000110D067665727465780CFFFFFFFF04FFFFFFFF0CFFFFFFFF0C0400000004020000000C
310
01000000110E07656C6C697073650D0563757276650CFFFFFFFF04FFFFFFFF0CFFFFFFFF135C8FC2F528DC2640000000000000000000000000000000001400000000000000000000000000000000000000000000F03F146D63586A6266EE3F0000000000000000000000000000008006000000000000F03F0B0B110D046564
310
67650CFFFFFFFF04FFFFFFFF0CFFFFFFFF0C020000000600000000000000000C0200000006182D4454FB2119400C050000000C030000000B0707756E6B6E6F776E110D06636F656467650CFFFFFFFF04FFFFFFFF0CFFFFFFFF0C050000000C050000000CFFFFFFFF0C040000000B0C0600000004000000000CFFFFFFFF110D
310
046C6F6F700CFFFFFFFF04FFFFFFFF0CFFFFFFFF0CFFFFFFFF0C050000000C08000000110E05706C616E650D07737572666163650CFFFFFFFF04FFFFFFFF0CFFFFFFFF1340CC6FE2F5E82540000000000000A03C00000000000000001400000000000000800000000000000000000000000000F03F14000000000000F0BF00
310
0000000000000000000000000000800B0B0B0B0B110D04666163650CFFFFFFFF04FFFFFFFF0CFFFFFFFF0CFFFFFFFF0C060000000C090000000CFFFFFFFF0C070000000B0A0B110D057368656C6C0CFFFFFFFF04FFFFFFFF0CFFFFFFFF0CFFFFFFFF0CFFFFFFFF0C080000000CFFFFFFFF0C0A000000110D046C756D700CFF
310
FFFFFF04FFFFFFFF0CFFFFFFFF0CFFFFFFFF0C090000000C00000000110E03456E640E026F660E0341534D0D0464617461
  0
ACDSRECORD
 90
        1
  2
AcDbDs::ID
280
    10
320
198
  2
ASM_Data
280
    15
 94
      811
310
414349532042696E61727946696C652855000000000000010000000C00000007214F70656E2044657369676E20416C6C69616E63652041434953204275696C646572070E41434953203231382E3030204E540718546875204A756E2032372031363A32383A3231203230323406000000000000F03F0648AFBC9AF2D77A3E06
310
BBBDD7D9DF7CDB3D0D04626F64790CFFFFFFFF04FFFFFFFF0CFFFFFFFF0C0A0000000CFFFFFFFF0CFFFFFFFF110D05706F696E740CFFFFFFFF04FFFFFFFF0CFFFFFFFF131BA034D428DC274000000000000000000000000000000000110D067665727465780CFFFFFFFF04FFFFFFFF0CFFFFFFFF0C0400000004020000000C
310
01000000110E07656C6C697073650D0563757276650CFFFFFFFF04FFFFFFFF0CFFFFFFFF135C8FC2F528DC2640000000000000000000000000000000001400000000000000000000000000000000000000000000F03F14D31742CEFBFFDF3F0000000000000000000000000000008006000000000000F03F0B0B110D046564
310
67650CFFFFFFFF04FFFFFFFF0CFFFFFFFF0C020000000600000000000000000C0200000006182D4454FB2119400C050000000C030000000B0707756E6B6E6F776E110D06636F656467650CFFFFFFFF04FFFFFFFF0CFFFFFFFF0C050000000C050000000CFFFFFFFF0C040000000B0C0600000004000000000CFFFFFFFF110D
310
046C6F6F700CFFFFFFFF04FFFFFFFF0CFFFFFFFF0CFFFFFFFF0C050000000C08000000110E05706C616E650D07737572666163650CFFFFFFFF04FFFFFFFF0CFFFFFFFF13FD868906295C2640000000000000903C00000000000000001400000000000000800000000000000000000000000000F03F14000000000000F0BF00
310
0000000000000000000000000000800B0B0B0B0B110D04666163650CFFFFFFFF04FFFFFFFF0CFFFFFFFF0CFFFFFFFF0C060000000C090000000CFFFFFFFF0C070000000B0A0B110D057368656C6C0CFFFFFFFF04FFFFFFFF0CFFFFFFFF0CFFFFFFFF0CFFFFFFFF0C080000000CFFFFFFFF0C0A000000110D046C756D700CFF
310
FFFFFF04FFFFFFFF0CFFFFFFFF0CFFFFFFFF0C090000000C00000000110E03456E640E026F660E0341534D0D0464617461
  0
ENDSEC
  0
EOF
